0.000000000000000000e+00,-1.515940409683426333e+04
2.083333333333333218e-02,4.854763569715608173e+04
4.166666666666666435e-02,4.531001420552257332e+04
6.250000000000000000e-02,4.006850080932419223e+04
8.333333333333332871e-02,3.525279851199549739e+04
1.041666666666666574e-01,3.840218468247183773e+04
1.250000000000000000e-01,4.068060359264678118e+04
1.458333333333333148e-01,3.855966238851262460e+04
1.666666666666666574e-01,3.631400466874187987e+04
1.875000000000000000e-01,3.909660715976591746e+04
2.083333333333333148e-01,4.128434484605203761e+04
2.291666666666666574e-01,3.831501348834824603e+04
2.500000000000000000e-01,3.554715934103083418e+04
2.708333333333333148e-01,3.878178377172336332e+04
2.916666666666666297e-01,4.145911626781530504e+04
3.125000000000000000e-01,3.861363903125165962e+04
3.333333333333333148e-01,3.589762473053694703e+04
3.541666666666666297e-01,3.811898814130076062e+04
3.750000000000000000e-01,4.166015185920325894e+04
3.958333333333333148e-01,3.937910833289040602e+04
4.166666666666666297e-01,3.531981022811795265e+04
4.375000000000000000e-01,3.800563964927509369e+04
4.583333333333333148e-01,4.322090234053468885e+04
4.791666666666666297e-01,3.819565782510028657e+04
5.000000000000000000e-01,3.385960663151899644e+04
5.208333333333332593e-01,4.056708763197065127e+04
5.416666666666666297e-01,4.235497438970814255e+04
5.625000000000000000e-01,3.543228134255997429e+04
5.833333333333332593e-01,3.751850569653278944e+04
6.041666666666666297e-01,4.110763260350750352e+04
6.250000000000000000e-01,3.859701397963053751e+04
6.458333333333332593e-01,3.460244654771484784e+04
6.666666666666666297e-01,3.858050681235382945e+04
6.875000000000000000e-01,4.196838747571963177e+04
7.083333333333332593e-01,3.857074058496965881e+04
7.291666666666666297e-01,3.575929068675610324e+04
7.500000000000000000e-01,3.990087196939554269e+04
7.708333333333332593e-01,4.177379252559784072e+04
7.916666666666666297e-01,3.769093892894394958e+04
8.125000000000000000e-01,3.537541441416965972e+04
8.333333333333332593e-01,3.938195101480774611e+04
8.541666666666666297e-01,4.237637341942774947e+04
8.750000000000000000e-01,3.857399786241233960e+04
8.958333333333332593e-01,3.537235311830668070e+04
9.166666666666666297e-01,3.857562644270505552e+04
9.375000000000000000e-01,4.177424631190051150e+04
9.583333333333332593e-01,3.856948682823761919e+04
9.791666666666666297e-01,3.536969278524207039e+04
1.000000000000000000e+00,3.905229414431327314e+04
1.020833333333333259e+00,4.177443048696510959e+04
1.041666666666666519e+00,3.857185300832390931e+04
1.062500000000000000e+00,3.472721351024398609e+04
1.083333333333333259e+00,3.904405352662695077e+04
1.104166666666666519e+00,4.177803520482449676e+04
1.125000000000000000e+00,3.857794786505390221e+04
1.145833333333333259e+00,3.538270257968961232e+04
1.166666666666666519e+00,3.914461244914203417e+04
1.187500000000000000e+00,4.177937973154587235e+04
1.208333333333333259e+00,3.857873425590898114e+04
1.229166666666666519e+00,3.538465726654793252e+04
1.250000000000000000e+00,3.858416889872623869e+04
1.270833333333333259e+00,4.177607512508098444e+04
1.291666666666666519e+00,3.857270805550143996e+04
1.312500000000000000e+00,3.614282634806883289e+04
1.333333333333333259e+00,3.891447151886919892e+04
1.354166666666666519e+00,4.178730081800743937e+04
1.375000000000000000e+00,3.858249962508546741e+04
1.395833333333333259e+00,3.538704403549205017e+04
1.416666666666666519e+00,3.859121592171223165e+04
1.437500000000000000e+00,4.227426020651993895e+04
1.458333333333333259e+00,3.858392630058048235e+04
1.479166666666666519e+00,3.538444304579035816e+04
1.500000000000000000e+00,3.859088886818898754e+04
1.520833333333333259e+00,4.178885491228568571e+04
1.541666666666666519e+00,3.858129511858402839e+04
1.562500000000000000e+00,3.538178143560942408e+04
1.583333333333333259e+00,4.002616481849394040e+04
1.604166666666666519e+00,4.161725857142368477e+04
1.625000000000000000e+00,3.723004469405225973e+04
1.645833333333333259e+00,3.457169436385711742e+04
1.666666666666666519e+00,4.070357525986920518e+04
1.687500000000000000e+00,4.180087095073037199e+04
1.708333333333333259e+00,3.539788079102322081e+04
1.729166666666666519e+00,3.624986248625216103e+04
1.750000000000000000e+00,4.179489900784764905e+04
1.770833333333333259e+00,4.178731782055002259e+04
1.791666666666666519e+00,3.539001698203404521e+04
1.812500000000000000e+00,3.443605200957672787e+04
1.833333333333333259e+00,4.179211412810887850e+04
1.854166666666666519e+00,4.178803584113954275e+04
1.875000000000000000e+00,3.539365990099115152e+04
1.895833333333333259e+00,3.637097375799161091e+04
1.916666666666666519e+00,4.180427688334957929e+04
1.937500000000000000e+00,4.179294252748910367e+04
1.958333333333333259e+00,3.539515520750552241e+04
1.979166666666666519e+00,3.697390324203320051e+04
2.000000000000000000e+00,4.179496093584124901e+04
2.020833333333333037e+00,4.013267145232903567e+04
2.041666666666666519e+00,3.540203185620077420e+04
2.062500000000000000e+00,3.846490042184296908e+04
2.083333333333333037e+00,4.149285106486310542e+04
2.104166666666666519e+00,3.859017476647516742e+04
2.125000000000000000e+00,3.539187490661404445e+04
2.145833333333333037e+00,3.859029147799579368e+04
2.166666666666666519e+00,4.178340083504475479e+04
2.187500000000000000e+00,3.858144073584886064e+04
2.208333333333333037e+00,3.576102497796252283e+04
2.229166666666666519e+00,3.867614140617768135e+04
2.250000000000000000e+00,4.178399144614826946e+04
2.270833333333333037e+00,3.858375811930720374e+04
2.291666666666666519e+00,3.654356706917483825e+04
2.312500000000000000e+00,3.859506874765642715e+04
2.333333333333333037e+00,4.166367840037328278e+04
2.354166666666666519e+00,3.859113345458966069e+04
2.375000000000000000e+00,3.539279205899000226e+04
2.395833333333333037e+00,3.858998423068650300e+04
2.416666666666666519e+00,4.178610857438972016e+04
2.437500000000000000e+00,3.858514275524632831e+04
2.458333333333333037e+00,3.538524419689590286e+04
2.479166666666666519e+00,3.858426422077372990e+04
2.500000000000000000e+00,4.178439816654069728e+04
2.520833333333333037e+00,3.858583920302164188e+04
2.541666666666666519e+00,3.667504674929306202e+04
2.562500000000000000e+00,3.858667578413421143e+04
2.583333333333333037e+00,4.180304756780076423e+04
2.604166666666666519e+00,3.912138642249995610e+04
2.625000000000000000e+00,3.539885836163549538e+04
2.645833333333333037e+00,3.859437554056433873e+04
2.666666666666666519e+00,4.180038060264452361e+04
2.687500000000000000e+00,3.860136186382340384e+04
2.708333333333333037e+00,3.617637868829326908e+04
2.729166666666666519e+00,3.809407799127556063e+04
2.750000000000000000e+00,4.179807196081813163e+04
2.770833333333333037e+00,3.859664581290937349e+04
2.791666666666666519e+00,3.539358423828319792e+04
2.812500000000000000e+00,3.864733350844503730e+04
2.833333333333333037e+00,4.178540794057493622e+04
2.854166666666666519e+00,3.858616924416214897e+04
2.875000000000000000e+00,3.668130082722381485e+04
2.895833333333333037e+00,3.859590468030250486e+04
2.916666666666666519e+00,4.090598663478221715e+04
2.937500000000000000e+00,3.859555646779233939e+04
2.958333333333333037e+00,3.630160276169800636e+04
2.979166666666666519e+00,3.860271406104291236e+04
3.000000000000000000e+00,4.179050285284072015e+04
3.020833333333333037e+00,3.858741971994225605e+04
3.041666666666666519e+00,3.539557506382663996e+04
3.062500000000000000e+00,3.810947332429765811e+04
3.083333333333333037e+00,4.179191470580972236e+04
3.104166666666666519e+00,3.858951401160528621e+04
3.125000000000000000e+00,3.539899180849367986e+04
3.145833333333333037e+00,3.859938335027602443e+04
3.166666666666666519e+00,4.178999785616649024e+04
3.187500000000000000e+00,3.933718565400100488e+04
3.208333333333333037e+00,3.603747481702049117e+04
3.229166666666666519e+00,3.859749667077031336e+04
3.250000000000000000e+00,4.179356749196129385e+04
3.270833333333333037e+00,3.976407683600314340e+04
3.291666666666666519e+00,3.539934641431362979e+04
3.312500000000000000e+00,3.795667640440629475e+04
3.333333333333333037e+00,4.180147214926547895e+04
3.354166666666666519e+00,3.859911459499596094e+04
3.375000000000000000e+00,3.539057313845375757e+04
3.395833333333333037e+00,3.858457416150439531e+04
3.416666666666666519e+00,4.178816747301709984e+04
3.437500000000000000e+00,3.879452056928050297e+04
3.458333333333333037e+00,3.658243882754634251e+04
3.479166666666666519e+00,3.858817727551839198e+04
3.500000000000000000e+00,4.118249320191794686e+04
3.520833333333333037e+00,3.962061147282037564e+04
3.541666666666666519e+00,3.540304547791251389e+04
3.562500000000000000e+00,3.807663209690864460e+04
3.583333333333333037e+00,4.180949722890344856e+04
3.604166666666666519e+00,3.860678304833162838e+04
3.625000000000000000e+00,3.691389596844329208e+04
3.645833333333333037e+00,3.859732592914826819e+04
3.666666666666666519e+00,4.009797384566735855e+04
3.687500000000000000e+00,3.860573578992030525e+04
3.708333333333333037e+00,3.859619736223234941e+04
3.729166666666666519e+00,3.843646711004390818e+04
3.750000000000000000e+00,3.859265926171770843e+04
3.770833333333333037e+00,3.858914389327720710e+04
3.791666666666666519e+00,3.858827766871511994e+04
3.812500000000000000e+00,3.858423221881222707e+04
3.833333333333333037e+00,3.874349751576806739e+04
3.854166666666666519e+00,3.959264132272039569e+04
3.875000000000000000e+00,3.860068083844506327e+04
3.895833333333333037e+00,3.736508887213566777e+04
3.916666666666666519e+00,3.860093299202596972e+04
3.937500000000000000e+00,4.071793739491781162e+04
3.958333333333333037e+00,3.861597307675268530e+04
3.979166666666666519e+00,3.540377853296865942e+04
4.000000000000000000e+00,3.987160287484122819e+04
4.020833333333333037e+00,4.180174011493410944e+04
4.041666666666666075e+00,3.794538193178729853e+04
4.062500000000000000e+00,3.539697574905601505e+04
4.083333333333333037e+00,3.859111863240465027e+04
4.104166666666666075e+00,4.178681710579166975e+04
4.125000000000000000e+00,3.858618027917093423e+04
4.145833333333333037e+00,3.549258127100658021e+04
4.166666666666666075e+00,3.868189333864567016e+04
4.187500000000000000e+00,4.180601629749232961e+04
4.208333333333333037e+00,3.859378189023355662e+04
4.229166666666666075e+00,3.539599525746411382e+04
4.250000000000000000e+00,3.859310902918624924e+04
4.270833333333333037e+00,4.317236778392772248e+04
4.291666666666666075e+00,3.859006983185785066e+04
4.312500000000000000e+00,3.411376979139275500e+04
4.333333333333333037e+00,3.940334667362762411e+04
4.354166666666666075e+00,4.500430309156818839e+04
4.375000000000000000e+00,3.709929258067232877e+04
4.395833333333333037e+00,3.221222597742926519e+04
4.416666666666666075e+00,4.049490042247852398e+04
4.437500000000000000e+00,4.429271460880164523e+04
4.458333333333333037e+00,3.491492275995646196e+04
4.479166666666666075e+00,3.328548680708419852e+04
4.500000000000000000e+00,4.180142413434558694e+04
4.520833333333333037e+00,4.410970872250329558e+04
4.541666666666666075e+00,3.540385815645456751e+04
4.562500000000000000e+00,3.225579494062637241e+04
4.583333333333333037e+00,4.178686952216711506e+04
4.604166666666666075e+00,4.498767267242682283e+04
4.625000000000000000e+00,3.415626919420988270e+04
4.645833333333333037e+00,3.265961246319929342e+04
4.666666666666666075e+00,4.221049804989873519e+04
4.687500000000000000e+00,4.500159337735848385e+04
4.708333333333333037e+00,3.540374857694721140e+04
4.729166666666666075e+00,3.219555428576964914e+04
4.750000000000000000e+00,4.178695832375163445e+04
4.770833333333333037e+00,4.498917099080326443e+04
4.791666666666666075e+00,3.490153719366107543e+04
4.812500000000000000e+00,3.218854227893987627e+04
4.833333333333333037e+00,4.178539057624036650e+04
4.854166666666666075e+00,4.386959487816949695e+04
4.875000000000000000e+00,3.540359258798638621e+04
4.895833333333333037e+00,3.219208477107363797e+04
4.916666666666666075e+00,4.178990909971969086e+04
4.937500000000000000e+00,4.481347384796701954e+04
4.958333333333333037e+00,3.416562075778801227e+04
4.979166666666666075e+00,3.219570678916416000e+04
5.000000000000000000e+00,4.296306800279037998e+04
5.020833333333333037e+00,4.500283262683279463e+04
5.041666666666666075e+00,3.399121643572526227e+04
5.062500000000000000e+00,3.229607193569850642e+04
5.083333333333333037e+00,4.315750736835593125e+04
5.104166666666666075e+00,4.499855129171282169e+04
5.125000000000000000e+00,3.329851493722169835e+04
5.145833333333333037e+00,3.220323188570763523e+04
5.166666666666666075e+00,4.499313478526676772e+04
5.187500000000000000e+00,4.420506058326629864e+04
5.208333333333333037e+00,3.220080555291763812e+04
5.229166666666666075e+00,3.219749747496473356e+04
5.250000000000000000e+00,4.499066574152931571e+04
5.270833333333333037e+00,4.452835105272124929e+04
5.291666666666666075e+00,3.220133079672930762e+04
5.312500000000000000e+00,3.219418684912052777e+04
5.333333333333333037e+00,4.323238481221279653e+04
5.354166666666666075e+00,4.481546413365190529e+04
5.375000000000000000e+00,3.219571548442924905e+04
5.395833333333333037e+00,3.295640739824619959e+04
5.416666666666666075e+00,4.483503535112981626e+04
5.437500000000000000e+00,4.287160342529825721e+04
5.458333333333333037e+00,3.220782874684038325e+04
5.479166666666666075e+00,3.348305785921827919e+04
5.500000000000000000e+00,4.500987247947855940e+04
5.520833333333333037e+00,4.284126097237050271e+04
5.541666666666666075e+00,3.219950693890373077e+04
5.562500000000000000e+00,3.539205506910548866e+04
5.583333333333333037e+00,4.436089025665227382e+04
5.604166666666666075e+00,4.156955966964786057e+04
5.625000000000000000e+00,3.218866041126376149e+04
5.645833333333333037e+00,3.538766994369906752e+04
5.666666666666666075e+00,4.499463488481659442e+04
5.687500000000000000e+00,4.179141316916090727e+04
5.708333333333333037e+00,3.218121185483616136e+04
5.729166666666666075e+00,3.495951059679107857e+04
5.750000000000000000e+00,4.413373809838137095e+04
5.770833333333333037e+00,4.179869059119801386e+04
5.791666666666666075e+00,3.237886987616866099e+04
5.812500000000000000e+00,3.539519164266539156e+04
5.833333333333333037e+00,4.499615759604353661e+04
5.854166666666666075e+00,4.179145777051019104e+04
5.875000000000000000e+00,3.218773046037786480e+04
5.895833333333333037e+00,3.538741755051303335e+04
5.916666666666666075e+00,4.498516029861935385e+04
5.937500000000000000e+00,4.178287534222449176e+04
5.958333333333333037e+00,3.218603362294380713e+04
5.979166666666666075e+00,3.630521205334074330e+04
6.000000000000000000e+00,4.429830747282400262e+04
6.020833333333333037e+00,4.179532798635168729e+04
6.041666666666666075e+00,3.219996839429707688e+04
6.062500000000000000e+00,3.540064225719966635e+04
6.083333333333333037e+00,4.499381825491975178e+04
6.104166666666666075e+00,4.085011757501291140e+04
6.125000000000000000e+00,3.219543247160275132e+04
6.145833333333333037e+00,3.539331537656359433e+04
6.166666666666666075e+00,4.425687651994334010e+04
6.187500000000000000e+00,4.178893161564083130e+04
6.208333333333333037e+00,3.218779429911066836e+04
6.229166666666666075e+00,3.619200294465565821e+04
6.250000000000000000e+00,4.499413747910868551e+04
6.270833333333333037e+00,4.178788326702504128e+04
6.291666666666666075e+00,3.218802019223783645e+04
6.312500000000000000e+00,3.539022413152042282e+04
6.333333333333333037e+00,4.397985733708314365e+04
6.354166666666666075e+00,4.058992216119368095e+04
6.375000000000000000e+00,3.219752044673254932e+04
6.395833333333333037e+00,3.665496113760920707e+04
6.416666666666666075e+00,4.500658880588437023e+04
6.437500000000000000e+00,4.031237825898926530e+04
6.458333333333333037e+00,3.220072502872804762e+04
6.479166666666666075e+00,3.749229248234461556e+04
6.500000000000000000e+00,4.499985619259390660e+04
6.520833333333333037e+00,3.859580725589236681e+04
6.541666666666666075e+00,3.275282244626133615e+04
6.562500000000000000e+00,3.859527685934608598e+04
6.583333333333333037e+00,4.498985779493417067e+04
6.604166666666666075e+00,3.859569408761239174e+04
6.625000000000000000e+00,3.337314974903959956e+04
6.645833333333333037e+00,3.859601075106350618e+04
6.666666666666666075e+00,4.404333188179269200e+04
6.687500000000000000e+00,3.835998312656016060e+04
6.708333333333333037e+00,3.230503310548288937e+04
6.729166666666666075e+00,3.859430861451938108e+04
6.750000000000000000e+00,4.498571839315180841e+04
6.770833333333333037e+00,3.797596622135087091e+04
6.791666666666666075e+00,3.257847259277359262e+04
6.812500000000000000e+00,3.859768961619967013e+04
6.833333333333333037e+00,4.498952409993190668e+04
6.854166666666666075e+00,3.859608867929795815e+04
6.875000000000000000e+00,3.219454528288985603e+04
6.895833333333333037e+00,3.858947444901395647e+04
6.916666666666666075e+00,4.498572254981576407e+04
6.937500000000000000e+00,3.858835031542181241e+04
6.958333333333333037e+00,3.218583346385428740e+04
6.979166666666666075e+00,3.858871725885444903e+04
7.000000000000000000e+00,4.436205981105828687e+04
7.020833333333333037e+00,3.849210323526142747e+04
7.041666666666666075e+00,3.218884563325347699e+04
7.062500000000000000e+00,3.859857259074528702e+04
7.083333333333333037e+00,4.435170139097535139e+04
7.104166666666666075e+00,3.777943386579530488e+04
7.125000000000000000e+00,3.220653814414135923e+04
7.145833333333333037e+00,3.861007379817399487e+04
7.166666666666666075e+00,4.500462749631334736e+04
7.187500000000000000e+00,3.859545468224435172e+04
7.208333333333333037e+00,3.334968637933411082e+04
7.229166666666666075e+00,3.860054766184941400e+04
7.250000000000000000e+00,4.427242657235635852e+04
7.270833333333333037e+00,3.860049666310512839e+04
7.291666666666666075e+00,3.224467569977125095e+04
7.312500000000000000e+00,3.859031671809934051e+04
7.333333333333333037e+00,4.498376368903509137e+04
7.354166666666666075e+00,3.858997792645798472e+04
7.375000000000000000e+00,3.380641179594468122e+04
7.395833333333333037e+00,3.859611170301033417e+04
7.416666666666666075e+00,4.449494686613946396e+04
7.437500000000000000e+00,3.860639930934520817e+04
7.458333333333333037e+00,3.220327274928942643e+04
7.479166666666666075e+00,3.859212316840649873e+04
7.500000000000000000e+00,4.498568640190707811e+04
7.520833333333333037e+00,3.859358972359404288e+04
7.541666666666666075e+00,3.219252248158031216e+04
7.562500000000000000e+00,3.858751271211321728e+04
7.583333333333333037e+00,4.498396479198189627e+04
7.604166666666666075e+00,3.733302985749588697e+04
7.625000000000000000e+00,3.220774203906575713e+04
7.645833333333333037e+00,3.860232932810927741e+04
7.666666666666666075e+00,4.386765005048983585e+04
7.687500000000000000e+00,3.859740001469014533e+04
7.708333333333333037e+00,3.318152987999985635e+04
7.729166666666666075e+00,3.937766882990534941e+04
7.750000000000000000e+00,4.383855770565973944e+04
7.770833333333333037e+00,3.861057495479995850e+04
7.791666666666666075e+00,3.219964718614637968e+04
7.812500000000000000e+00,3.860845731907987647e+04
7.833333333333333037e+00,4.500584113006910047e+04
7.854166666666666075e+00,3.810730432081954496e+04
7.875000000000000000e+00,3.220009517706550469e+04
7.895833333333333037e+00,3.860010127489377919e+04
7.916666666666666075e+00,4.499374316464910953e+04
7.937500000000000000e+00,3.856448933317318733e+04
7.958333333333333037e+00,3.421615714931840193e+04
7.979166666666666075e+00,3.860133446406380244e+04
8.000000000000000000e+00,4.468427083135100838e+04
8.020833333333332149e+00,3.763507795725030883e+04
8.041666666666666075e+00,3.221791235397884520e+04
8.062500000000000000e+00,3.860504098645080376e+04
8.083333333333332149e+00,4.415257982479780912e+04
8.104166666666666075e+00,3.860057859053283028e+04
8.125000000000000000e+00,3.219318877935581986e+04
8.145833333333332149e+00,3.859083081041905825e+04
8.166666666666666075e+00,4.498624134482558293e+04
8.187500000000000000e+00,3.858612779009914084e+04
8.208333333333332149e+00,3.228307229217031272e+04
8.229166666666666075e+00,3.874852837848382478e+04
8.250000000000000000e+00,4.498548277623367903e+04
8.270833333333332149e+00,3.858623907139206858e+04
8.291666666666666075e+00,3.242525288167348481e+04
8.312500000000000000e+00,3.858667181695646286e+04
8.333333333333332149e+00,4.485490608011927543e+04
8.354166666666666075e+00,3.858770637426806934e+04
8.375000000000000000e+00,3.218572915152887072e+04
8.395833333333332149e+00,3.858782579630138935e+04
8.416666666666666075e+00,4.498668623442737589e+04
8.437500000000000000e+00,3.857477661010906013e+04
8.458333333333332149e+00,3.218437764474519281e+04
8.479166666666666075e+00,3.858865322747984465e+04
8.500000000000000000e+00,4.470596221484956914e+04
8.520833333333332149e+00,3.718008492257549369e+04
8.541666666666666075e+00,3.221290250079751422e+04
8.562500000000000000e+00,3.900589748784018593e+04
8.583333333333332149e+00,4.501233315707589645e+04
8.604166666666666075e+00,3.859974768921265058e+04
8.625000000000000000e+00,3.219046564525715075e+04
8.645833333333332149e+00,3.859628331803301990e+04
8.666666666666666075e+00,4.494155219475382910e+04
8.687500000000000000e+00,3.858632923719909013e+04
8.708333333333332149e+00,3.217966778092020104e+04
8.729166666666666075e+00,3.843141101567528676e+04
8.750000000000000000e+00,4.413753910213679774e+04
8.770833333333332149e+00,3.859507168586671469e+04
8.791666666666666075e+00,3.220524375653219249e+04
8.812500000000000000e+00,3.860131314024759922e+04
8.833333333333332149e+00,4.499853414448093827e+04
8.854166666666666075e+00,3.871934455195983901e+04
8.875000000000000000e+00,3.438912272654515982e+04
8.895833333333332149e+00,3.860685766815273382e+04
8.916666666666666075e+00,4.444655243821776821e+04
8.937500000000000000e+00,3.860816670968601829e+04
8.958333333333332149e+00,3.220043308045133017e+04
8.979166666666666075e+00,3.859324462571673212e+04
9.000000000000000000e+00,4.450745858244952251e+04
9.020833333333332149e+00,3.750940653965998354e+04
9.041666666666666075e+00,3.221331901282374020e+04
9.062500000000000000e+00,3.860385577858325269e+04
9.083333333333332149e+00,4.499557589640100923e+04
9.104166666666666075e+00,3.859514420208828233e+04
9.125000000000000000e+00,3.219146203958460319e+04
9.145833333333332149e+00,3.858920266593087581e+04
9.166666666666666075e+00,4.498565005728974211e+04
9.187500000000000000e+00,3.858780553132188652e+04
9.208333333333332149e+00,3.218599446368598728e+04
9.229166666666666075e+00,3.858590536214705207e+04
9.250000000000000000e+00,4.498360486318274343e+04
9.270833333333332149e+00,3.858511172790740238e+04
9.291666666666666075e+00,3.228221753970758073e+04
9.312500000000000000e+00,3.858642669499995827e+04
9.333333333333332149e+00,4.386473024505879584e+04
9.354166666666666075e+00,3.859715516167168971e+04
9.375000000000000000e+00,3.394431874676608277e+04
9.395833333333332149e+00,3.861227646045548317e+04
9.416666666666666075e+00,4.476592767561071378e+04
9.437500000000000000e+00,3.860516304403692629e+04
9.458333333333332149e+00,3.219908095361153391e+04
9.479166666666666075e+00,3.860015469942295749e+04
9.500000000000000000e+00,4.442124263493966282e+04
9.520833333333332149e+00,3.817158161106309126e+04
9.541666666666666075e+00,3.219871560639832751e+04
9.562500000000000000e+00,3.860135164604674355e+04
9.583333333333332149e+00,4.499812064732937870e+04
9.604166666666666075e+00,3.848181889726436930e+04
9.625000000000000000e+00,3.218641585659104385e+04
9.645833333333332149e+00,3.859313658710770687e+04
9.666666666666666075e+00,4.499248129357642756e+04
9.687500000000000000e+00,3.775005166972384177e+04
9.708333333333332149e+00,3.219751382852070674e+04
9.729166666666666075e+00,3.837858854817452084e+04
9.750000000000000000e+00,4.439043907296783436e+04
9.770833333333332149e+00,3.859970254880458378e+04
9.791666666666666075e+00,3.351404814562475076e+04
9.812500000000000000e+00,3.861233485010456934e+04
9.833333333333332149e+00,4.361516937186102587e+04
9.854166666666666075e+00,3.866935054366638360e+04
9.875000000000000000e+00,3.561882467694640218e+04
9.895833333333332149e+00,3.861749913522147835e+04
9.916666666666666075e+00,4.055040582225103572e+04
9.937500000000000000e+00,3.931466832751004404e+04
9.958333333333332149e+00,3.793353671877629677e+04
9.979166666666666075e+00,3.860120992202461639e+04
1.000000000000000000e+01,3.860210834116797196e+04
1.002083333333333215e+01,3.859779563283825701e+04
1.004166666666666607e+01,3.858848522520833649e+04
1.006250000000000000e+01,3.857988740446865995e+04
1.008333333333333215e+01,4.008697738119256246e+04
1.010416666666666607e+01,3.860243511909076187e+04
1.012500000000000000e+01,3.859160444258149801e+04
1.014583333333333215e+01,3.858470929563555546e+04
1.016666666666666607e+01,3.899002959815860231e+04
1.018750000000000000e+01,3.948377145330412895e+04
1.020833333333333215e+01,3.859803783547197963e+04
1.022916666666666607e+01,3.838079649187832547e+04
1.025000000000000000e+01,3.859952971885447914e+04
1.027083333333333215e+01,3.841711283745873516e+04
1.029166666666666607e+01,3.859488507917209790e+04
1.031250000000000000e+01,3.858853534709371888e+04
1.033333333333333215e+01,3.858845813101172098e+04
1.035416666666666607e+01,3.750089358668005298e+04
1.037500000000000000e+01,3.860756203188366635e+04
1.039583333333333215e+01,3.859575521008091891e+04
1.041666666666666607e+01,3.935503300365647010e+04
1.043750000000000000e+01,3.895470328324209549e+04
1.045833333333333215e+01,3.859518922082590871e+04
1.047916666666666607e+01,3.874038781352247315e+04
1.050000000000000000e+01,3.941962640157308488e+04
1.052083333333333215e+01,3.887487541722632886e+04
1.054166666666666607e+01,3.859407892791638733e+04
1.056250000000000000e+01,3.858635637397627579e+04
1.058333333333333215e+01,3.859212898303970724e+04
1.060416666666666607e+01,3.892031780896331475e+04
1.062500000000000000e+01,3.858660038528736186e+04
1.064583333333333215e+01,3.857917932326113078e+04
1.066666666666666607e+01,3.858788374683272559e+04
1.068750000000000000e+01,4.093021233898362698e+04
1.070833333333333215e+01,3.859935603899201669e+04
1.072916666666666607e+01,3.713368361020584416e+04
1.075000000000000000e+01,3.861149693493932136e+04
1.077083333333333215e+01,3.997637197582281078e+04
1.079166666666666607e+01,3.860320778331011388e+04
1.081250000000000000e+01,3.737916019182981836e+04
1.083333333333333215e+01,3.860271768195664481e+04
1.085416666666666607e+01,3.989832586873743276e+04
1.087500000000000000e+01,3.861393053296840662e+04
1.089583333333333215e+01,3.540351589505268930e+04
1.091666666666666607e+01,4.009435991925383132e+04
1.093750000000000000e+01,4.179903994074974617e+04
1.095833333333333215e+01,3.694222261006217013e+04
1.097916666666666607e+01,3.540139025868282624e+04
1.100000000000000000e+01,4.179310133784180653e+04
1.102083333333333215e+01,4.142129815027879522e+04
1.104166666666666607e+01,3.539196085471521656e+04
1.106250000000000000e+01,3.431269252384563151e+04
1.108333333333333215e+01,4.180800299369731511e+04
1.110416666666666607e+01,4.352155838348353427e+04
1.112500000000000000e+01,3.540852147858158423e+04
1.114583333333333215e+01,3.219785476013366861e+04
1.116666666666666607e+01,4.189978273018528853e+04
1.118750000000000000e+01,4.499533076865120529e+04
1.120833333333333215e+01,3.539366878066758363e+04
1.122916666666666607e+01,3.257264633445505751e+04
1.125000000000000000e+01,4.178909598859859398e+04
1.127083333333333215e+01,4.498627157581846404e+04
1.129166666666666607e+01,3.538898687593421346e+04
1.131250000000000000e+01,3.219005363496773862e+04
1.133333333333333215e+01,4.178538028730361111e+04
1.135416666666666607e+01,4.498307320613379852e+04
1.137500000000000000e+01,3.477759822491677187e+04
1.139583333333333215e+01,3.219274588544268772e+04
1.141666666666666607e+01,4.178652134118368122e+04
1.143750000000000000e+01,4.498543105042045499e+04
1.145833333333333215e+01,3.538811514851100947e+04
1.147916666666666607e+01,3.218511830323813774e+04
1.150000000000000000e+01,4.177993933059086703e+04
1.152083333333333215e+01,4.373860807297570864e+04
1.154166666666666607e+01,3.539658613791643438e+04
1.156250000000000000e+01,3.259342968435191870e+04
1.158333333333333215e+01,4.179664206926056067e+04
1.160416666666666607e+01,4.499814373443300428e+04
1.162500000000000000e+01,3.539387088902333926e+04
1.164583333333333215e+01,3.218608554460671803e+04
1.166666666666666607e+01,4.178649810286546563e+04
1.168750000000000000e+01,4.471073555325645430e+04
1.170833333333333215e+01,3.538803095570939331e+04
1.172916666666666607e+01,3.218095670676269583e+04
1.175000000000000000e+01,4.178430492801513901e+04
1.177083333333333215e+01,4.396540285354980006e+04
1.179166666666666607e+01,3.539554499556053634e+04
1.181250000000000000e+01,3.218583619225442817e+04
1.183333333333333215e+01,4.179093826509143400e+04
1.185416666666666607e+01,4.499839939329801564e+04
1.187500000000000000e+01,3.539116653140814014e+04
1.189583333333333215e+01,3.218210673325438256e+04
1.191666666666666607e+01,4.178618003002906335e+04
1.193750000000000000e+01,4.499295732840844721e+04
1.195833333333333215e+01,3.395837885296250170e+04
1.197916666666666607e+01,3.218949406227943473e+04
1.200000000000000000e+01,4.325627325372039195e+04
1.202083333333333215e+01,4.453259755133603176e+04
1.204166666666666607e+01,3.269443254540741691e+04
1.206250000000000000e+01,3.242650271210597930e+04
1.208333333333333215e+01,4.494233590540367732e+04
1.210416666666666607e+01,4.368825028855285200e+04
1.212500000000000000e+01,3.220042898743485421e+04
1.214583333333333215e+01,3.359049180238274130e+04
1.216666666666666607e+01,4.500421646758731367e+04
1.218750000000000000e+01,4.247896382632487075e+04
1.220833333333333215e+01,3.220084616965736132e+04
1.222916666666666607e+01,3.539410710217595624e+04
1.225000000000000000e+01,4.499207390670936002e+04
1.227083333333333215e+01,4.161112616273376625e+04
1.229166666666666607e+01,3.218754013586531437e+04
1.231250000000000000e+01,3.538407961298514419e+04
1.233333333333333215e+01,4.402372128251301910e+04
1.235416666666666607e+01,4.179517547722438758e+04
1.237500000000000000e+01,3.218754070618508922e+04
1.239583333333333215e+01,3.538389419355444261e+04
1.241666666666666607e+01,4.498779558313921734e+04
1.243750000000000000e+01,4.169877807406997454e+04
1.245833333333333215e+01,3.218554767695955525e+04
1.247916666666666607e+01,3.538082533002263517e+04
1.250000000000000000e+01,4.498747779468828958e+04
1.252083333333333215e+01,4.173673630360626703e+04
1.254166666666666607e+01,3.218469211697431820e+04
1.256250000000000000e+01,3.519922822445751081e+04
1.258333333333333215e+01,4.368269820069835259e+04
1.260416666666666607e+01,4.180070377083784115e+04
1.262500000000000000e+01,3.318547952727368101e+04
1.264583333333333215e+01,3.539525765771629813e+04
1.266666666666666607e+01,4.378519838351880753e+04
1.268750000000000000e+01,4.180460428161106393e+04
1.270833333333333215e+01,3.254232386987941209e+04
1.272916666666666607e+01,3.539459293652441556e+04
1.275000000000000000e+01,4.499523046951857395e+04
1.277083333333333215e+01,4.179214925547869643e+04
1.279166666666666607e+01,3.218731417656728445e+04
1.281250000000000000e+01,3.578580636788218544e+04
1.283333333333333215e+01,4.406130137038583780e+04
1.285416666666666607e+01,4.179433375094304211e+04
1.287500000000000000e+01,3.245053606478348956e+04
1.289583333333333215e+01,3.621428338671518577e+04
1.291666666666666607e+01,4.499905082793369365e+04
1.293750000000000000e+01,4.163837069987964060e+04
1.295833333333333215e+01,3.220148603579921109e+04
1.297916666666666607e+01,3.540085690216687362e+04
1.300000000000000000e+01,4.499340115662440803e+04
1.302083333333333215e+01,4.127253770523098501e+04
1.304166666666666607e+01,3.219380931482725282e+04
1.306250000000000000e+01,3.539218001131938945e+04
1.308333333333333215e+01,4.393609464084589126e+04
1.310416666666666607e+01,4.179318363116866385e+04
1.312500000000000000e+01,3.218994660890774685e+04
1.314583333333333215e+01,3.539081050608148507e+04
1.316666666666666607e+01,4.499044998732297972e+04
1.318750000000000000e+01,4.178824827587656182e+04
1.320833333333333215e+01,3.218476699621769876e+04
1.322916666666666607e+01,3.538313960262344335e+04
1.325000000000000000e+01,4.498672856809018413e+04
1.327083333333333215e+01,4.172019354360130092e+04
1.329166666666666607e+01,3.218273863036266630e+04
1.331250000000000000e+01,3.538072522061592463e+04
1.333333333333333215e+01,4.402967874084642244e+04
1.335416666666666607e+01,4.123286682270684105e+04
1.337500000000000000e+01,3.219372233777873043e+04
1.339583333333333215e+01,3.539324225996468158e+04
1.341666666666666607e+01,4.500043136566600879e+04
1.343750000000000000e+01,4.179895700661055162e+04
1.345833333333333215e+01,3.219104476109430470e+04
1.347916666666666607e+01,3.554476520002871985e+04
1.350000000000000000e+01,4.499191576837705361e+04
1.352083333333333215e+01,4.178733261994582426e+04
1.354166666666666607e+01,3.218456025956647500e+04
1.356250000000000000e+01,3.584775932362266758e+04
1.358333333333333215e+01,4.440859650312476879e+04
1.360416666666666607e+01,4.118832545357728668e+04
1.362500000000000000e+01,3.220462810864094354e+04
1.364583333333333215e+01,3.540460754304048169e+04
1.366666666666666607e+01,4.499592877223948744e+04
1.368750000000000000e+01,4.178862252895019628e+04
1.370833333333333215e+01,3.219144153709059538e+04
1.372916666666666607e+01,3.539217832080076914e+04
1.375000000000000000e+01,4.498471015607014124e+04
1.377083333333333215e+01,4.178266847001334099e+04
1.379166666666666607e+01,3.218930314716324574e+04
1.381250000000000000e+01,3.539071045328777836e+04
1.383333333333333215e+01,4.498341661416864372e+04
1.385416666666666607e+01,4.178039254423868988e+04
1.387500000000000000e+01,3.218619341776845249e+04
1.389583333333333215e+01,3.429011288157247327e+04
1.391666666666666607e+01,4.499407286033753917e+04
1.393750000000000000e+01,4.178548581123715849e+04
1.395833333333333215e+01,3.219035969603652484e+04
1.397916666666666607e+01,3.539642869005523244e+04
1.400000000000000000e+01,4.499052179166693531e+04
1.402083333333333215e+01,4.178260243420488405e+04
1.404166666666666607e+01,3.218422670867438501e+04
1.406250000000000000e+01,3.516860610270417965e+04
1.408333333333333215e+01,4.390906284129113919e+04
1.410416666666666607e+01,4.179369464906318899e+04
1.412500000000000000e+01,3.256890102119297080e+04
1.414583333333333215e+01,3.539973845187013649e+04
1.416666666666666607e+01,4.499833430810514983e+04
1.418750000000000000e+01,4.179243622877298912e+04
1.420833333333333215e+01,3.218454495453436539e+04
1.422916666666666607e+01,3.538320980203060026e+04
1.425000000000000000e+01,4.482405142522544338e+04
1.427083333333333215e+01,4.064816890986456565e+04
1.429166666666666607e+01,3.219311097207350031e+04
1.431250000000000000e+01,3.645574723742022616e+04
1.433333333333333215e+01,4.415825869926342421e+04
1.435416666666666607e+01,4.070280212014207063e+04
1.437500000000000000e+01,3.220701277447793473e+04
1.439583333333333215e+01,3.668812258244670375e+04
1.441666666666666607e+01,4.501539745140263403e+04
1.443750000000000000e+01,4.108699667697637778e+04
1.445833333333333215e+01,3.251475222145385851e+04
1.447916666666666607e+01,3.539659718693827017e+04
1.450000000000000000e+01,4.499525856586580630e+04
1.452083333333333215e+01,4.179663838675891020e+04
1.454166666666666607e+01,3.227964825268360073e+04
1.456250000000000000e+01,3.658310649805868161e+04
1.458333333333333215e+01,4.490982743572955951e+04
1.460416666666666607e+01,4.086630101991543052e+04
1.462500000000000000e+01,3.220442407570884825e+04
1.464583333333333215e+01,3.533010605661359295e+04
1.466666666666666607e+01,4.376390643326727150e+04
1.468750000000000000e+01,4.179765835559512198e+04
1.470833333333333215e+01,3.346426860519383627e+04
1.472916666666666607e+01,3.573080386616661417e+04
1.475000000000000000e+01,4.258299004761187825e+04
1.477083333333333215e+01,4.179660266736131598e+04
1.479166666666666607e+01,3.540262197863307665e+04
1.481250000000000000e+01,3.605329755630112777e+04
1.483333333333333215e+01,4.179464589924008760e+04
1.485416666666666607e+01,4.178641992078768089e+04
1.487500000000000000e+01,3.501711127534062689e+04
1.489583333333333215e+01,3.515172952455522318e+04
1.491666666666666607e+01,4.181456160402396199e+04
1.493750000000000000e+01,4.239672661140628770e+04
1.495833333333333215e+01,3.541212033665621129e+04
1.497916666666666607e+01,3.546594631581057183e+04
1.500000000000000000e+01,4.179089213766431931e+04
1.502083333333333215e+01,4.177909368454675132e+04
1.504166666666666607e+01,3.548098588830520021e+04
1.506250000000000000e+01,3.511845501550896006e+04
1.508333333333333215e+01,4.180304409287242015e+04
1.510416666666666607e+01,4.232431429857378680e+04
1.512500000000000000e+01,3.541244734054193395e+04
1.514583333333333215e+01,3.519270677386235184e+04
1.516666666666666607e+01,4.179667844980090013e+04
1.518750000000000000e+01,4.178794556566292886e+04
1.520833333333333215e+01,3.538945925221812649e+04
1.522916666666666607e+01,3.402152643731172429e+04
1.525000000000000000e+01,4.179660739071906573e+04
1.527083333333333215e+01,4.315271849095403013e+04
1.529166666666666607e+01,3.540090870111420372e+04
1.531250000000000000e+01,3.297035469913220004e+04
1.533333333333333215e+01,4.180073605529079941e+04
1.535416666666666607e+01,4.499708976245457598e+04
1.537500000000000000e+01,3.539108496313077194e+04
1.539583333333333215e+01,3.240156096966384575e+04
1.541666666666666607e+01,4.179227812773569894e+04
1.543750000000000000e+01,4.498930781271298474e+04
1.545833333333333215e+01,3.436331705073236662e+04
1.547916666666666607e+01,3.281400542011795187e+04
1.550000000000000000e+01,4.179406117792365694e+04
1.552083333333333215e+01,4.499122662873705121e+04
1.554166666666666607e+01,3.539129282995424728e+04
1.556250000000000000e+01,3.219048324159495678e+04
1.558333333333333215e+01,4.178774049955894588e+04
1.560416666666666607e+01,4.693579306031689339e+04
1.562500000000000000e+01,3.847972205686173402e+04
1.564583333333333215e+01,3.592480794661504478e+04
1.566666666666666607e+01,4.585297936341458990e+04
1.568750000000000000e+01,4.917904640721726173e+04
1.570833333333333215e+01,3.869687154239349911e+04
1.572916666666666607e+01,3.630106050952453370e+04
1.575000000000000000e+01,4.577931786210834980e+04
1.577083333333333215e+01,4.770266712242791255e+04
1.579166666666666607e+01,3.906629238642661221e+04
1.581250000000000000e+01,3.664656395401792543e+04
1.583333333333333215e+01,4.513068574496750080e+04
1.585416666666666607e+01,4.815984794232213608e+04
1.587500000000000000e+01,3.838639399932242668e+04
1.589583333333333215e+01,3.501905670902940619e+04
1.591666666666666607e+01,4.447061729878155893e+04
1.593750000000000000e+01,4.613336784501318471e+04
1.595833333333333215e+01,3.780800287752260920e+04
1.597916666666666607e+01,3.446889506689227710e+04
1.600000000000000000e+01,4.395215879083817708e+04
1.602083333333333215e+01,4.704594510776548850e+04
1.604166666666666430e+01,3.733164398110457842e+04
1.606250000000000000e+01,3.401939882194464008e+04
1.608333333333333215e+01,4.352253215969144367e+04
1.610416666666666430e+01,4.663569335317608056e+04
1.612500000000000000e+01,3.694883181269334455e+04
1.614583333333333215e+01,3.366945120568041602e+04
1.616666666666666430e+01,4.317725294240842777e+04
1.618750000000000000e+01,4.560848072279962798e+04
1.620833333333333215e+01,3.706999346944098215e+04
1.622916666666666430e+01,3.408688401709569735e+04
1.625000000000000000e+01,4.292916774131887360e+04
1.627083333333333215e+01,4.591337431071033643e+04
1.629166666666666430e+01,3.643504471473288868e+04
1.631250000000000000e+01,3.317549264849563770e+04
1.633333333333333215e+01,4.271516681151715602e+04
1.635416666666666430e+01,4.534370967220808961e+04
1.637500000000000000e+01,3.488349869292128278e+04
1.639583333333333215e+01,3.299869923151514377e+04
1.641666666666666430e+01,4.408925357750420517e+04
1.643750000000000000e+01,4.572402061342927482e+04
1.645833333333333215e+01,3.309737089505603944e+04
1.647916666666666430e+01,3.348270914422284113e+04
1.650000000000000000e+01,4.462292695259824541e+04
1.652083333333333215e+01,4.542178265740429197e+04
1.654166666666666430e+01,3.270897291499007406e+04
1.656250000000000000e+01,3.267591450667726167e+04
1.658333333333333215e+01,4.514733593441414996e+04
1.660416666666666430e+01,4.349523340886482038e+04
1.662500000000000000e+01,3.263905177786213608e+04
1.664583333333333215e+01,3.332977382032159221e+04
1.666666666666666430e+01,4.509258948719027103e+04
1.668750000000000000e+01,4.442581593896161939e+04
1.670833333333333215e+01,3.256951761986300698e+04
1.672916666666666430e+01,3.282116582733586984e+04
1.675000000000000000e+01,4.495438761390629952e+04
1.677083333333333215e+01,4.441221293758933462e+04
1.679166666666666430e+01,3.252059595912674558e+04
1.681250000000000000e+01,3.273032926105198931e+04
1.683333333333333215e+01,4.529646565859801194e+04
1.685416666666666430e+01,4.528208251609573927e+04
1.687500000000000000e+01,3.247016292220591276e+04
1.689583333333333215e+01,3.245782841016763632e+04
1.691666666666666430e+01,4.323712050979830383e+04
1.693750000000000000e+01,3.879180978279245028e+04
1.695833333333333215e+01,2.849009060265821972e+04
1.697916666666666430e+01,2.821595157295146782e+04
1.700000000000000000e+01,3.787384962480156537e+04
1.702083333333333215e+01,3.917363250220256305e+04
1.704166666666666430e+01,3.223608670610253102e+04
1.706250000000000000e+01,2.944338355714820864e+04
1.708333333333333215e+01,4.024221482885401929e+04
1.710416666666666430e+01,4.317357439750792400e+04
1.712500000000000000e+01,3.398196259882894810e+04
1.714583333333333215e+01,3.105775288894386904e+04
1.716666666666666430e+01,4.188637712012325937e+04
1.718750000000000000e+01,4.445660584834538895e+04
1.720833333333333215e+01,3.510472494806172472e+04
1.722916666666666430e+01,3.459977848342770449e+04
1.725000000000000000e+01,4.179359634436858323e+04
1.727083333333333215e+01,4.510817603770300047e+04
1.729166666666666430e+01,3.562068105649311474e+04
1.731250000000000000e+01,3.353765032239731954e+04
1.733333333333333215e+01,4.393942170144696138e+04
1.735416666666666430e+01,4.548423417264949239e+04
1.737500000000000000e+01,3.430341689232968929e+04
1.739583333333333215e+01,3.284642854942550184e+04
1.741666666666666430e+01,4.564451654543477343e+04
1.743750000000000000e+01,4.565843446150520322e+04
1.745833333333333215e+01,3.293324087581662025e+04
1.747916666666666430e+01,3.292818923538368836e+04
1.750000000000000000e+01,4.562529376712443627e+04
1.752083333333333215e+01,4.427497430364161119e+04
1.754166666666666430e+01,3.278916192704804416e+04
1.756250000000000000e+01,3.273473444129240670e+04
1.758333333333333215e+01,4.540022916252240248e+04
1.760416666666666430e+01,4.385115208494723629e+04
1.762500000000000000e+01,3.250825175065682924e+04
1.764583333333333215e+01,3.330784150940041582e+04
1.766666666666666430e+01,4.189523016733522672e+04
1.768750000000000000e+01,4.442413486566150095e+04
1.770833333333333215e+01,3.523698665654841898e+04
1.772916666666666430e+01,3.200452853855870489e+04
1.775000000000000000e+01,4.156588297221708490e+04
1.777083333333333215e+01,4.149846257617896481e+04
1.779166666666666430e+01,3.503183343375640834e+04
1.781250000000000000e+01,3.383775268613869412e+04
1.783333333333333215e+01,4.141019592813446798e+04
1.785416666666666430e+01,4.139970549569027935e+04
1.787500000000000000e+01,3.690375213171290670e+04
1.789583333333333215e+01,3.441103057936915138e+04
1.791666666666666430e+01,4.120882805349736736e+04
1.793750000000000000e+01,4.106777606309597468e+04
1.795833333333333215e+01,3.507674357519752084e+04
1.797916666666666430e+01,3.359974935755591287e+04
1.800000000000000000e+01,4.151553875118231372e+04
1.802083333333333215e+01,4.266455948395551968e+04
1.804166666666666430e+01,3.560871645526339125e+04
1.806250000000000000e+01,3.611644655418951152e+04
1.808333333333333215e+01,4.164488460382402991e+04
1.810416666666666430e+01,4.244954064427761477e+04
1.812500000000000000e+01,3.528590311050487799e+04
1.814583333333333215e+01,3.334776634153533087e+04
1.816666666666666430e+01,4.168903638606805180e+04
1.818750000000000000e+01,4.356038315914823033e+04
1.820833333333333215e+01,3.486566562774917838e+04
1.822916666666666430e+01,3.221369790534411368e+04
1.825000000000000000e+01,4.477247819452929252e+04
1.827083333333333215e+01,4.267086284472508123e+04
1.829166666666666430e+01,3.186635508074781683e+04
1.831250000000000000e+01,2.984065519319146915e+04
1.833333333333333215e+01,3.956540171194473078e+04
1.835416666666666430e+01,4.089483757732401136e+04
1.837500000000000000e+01,2.841448429731443321e+04
1.839583333333333215e+01,2.929279854478934067e+04
1.841666666666666430e+01,4.127564470863661700e+04
1.843750000000000000e+01,4.127316853622335475e+04
1.845833333333333215e+01,2.992105215308059269e+04
1.847916666666666430e+01,3.029231523529441620e+04
1.850000000000000000e+01,4.015885434759107011e+04
1.852083333333333215e+01,4.354525129764935264e+04
1.854166666666666430e+01,3.094478526777544903e+04
1.856250000000000000e+01,3.113002112767587823e+04
1.858333333333333215e+01,4.074862500350470509e+04
1.860416666666666430e+01,4.216987353972112760e+04
1.862500000000000000e+01,3.475723476650933299e+04
1.864583333333333215e+01,3.180158009071040578e+04
1.866666666666666430e+01,4.136073010860421346e+04
1.868750000000000000e+01,3.985825046112344717e+04
1.870833333333333215e+01,3.513156738318401040e+04
1.872916666666666430e+01,3.697118842856548144e+04
1.875000000000000000e+01,4.170613482415011822e+04
1.877083333333333215e+01,3.851325216352083226e+04
1.879166666666666430e+01,3.533875228302198957e+04
1.881250000000000000e+01,3.861560240383493510e+04
1.883333333333333215e+01,4.182800136744393967e+04
1.885416666666666430e+01,3.954965177311278239e+04
1.887500000000000000e+01,3.530127059627840208e+04
1.889583333333333215e+01,3.852542096998900524e+04
1.891666666666666430e+01,4.170159324492256565e+04
1.893750000000000000e+01,3.923110019570796430e+04
1.895833333333333215e+01,3.610494791400276154e+04
1.897916666666666430e+01,3.826191356437545619e+04
1.900000000000000000e+01,4.139813690601017151e+04
1.902083333333333215e+01,3.810202084688001923e+04
1.904166666666666430e+01,3.485168764544992882e+04
1.906250000000000000e+01,3.788690236270309833e+04
1.908333333333333215e+01,4.124535465511657094e+04
1.910416666666666430e+01,4.120009107191800285e+04
1.912500000000000000e+01,3.427841241549105325e+04
1.914583333333333215e+01,3.381401425918295718e+04
1.916666666666666430e+01,4.117094533878460788e+04
1.918750000000000000e+01,4.147740791978861671e+04
1.920833333333333215e+01,3.793228931387823104e+04
1.922916666666666430e+01,3.480314799740086164e+04
1.925000000000000000e+01,3.801745115730140242e+04
1.927083333333333215e+01,4.122802752175826754e+04
1.929166666666666430e+01,3.804703578834499785e+04
1.931250000000000000e+01,3.573020322743785800e+04
1.933333333333333215e+01,3.851478628288720211e+04
1.935416666666666430e+01,4.132646626503631705e+04
1.937500000000000000e+01,3.814453120484933606e+04
1.939583333333333215e+01,3.497815261606228160e+04
1.941666666666666430e+01,3.820176579081953241e+04
1.943750000000000000e+01,4.218559855971521029e+04
1.945833333333333215e+01,3.821914757902857673e+04
1.947916666666666430e+01,3.504145727963130048e+04
1.950000000000000000e+01,3.826162338577947958e+04
1.952083333333333215e+01,4.146488183997227316e+04
1.954166666666666430e+01,3.826821159157291549e+04
1.956250000000000000e+01,3.521776272615089692e+04
1.958333333333333215e+01,4.027452745396875980e+04
1.960416666666666430e+01,4.464747567733198957e+04
1.962500000000000000e+01,4.211165453213996079e+04
1.964583333333333215e+01,3.879143032470063190e+04
1.966666666666666430e+01,4.259254209423936118e+04
1.968750000000000000e+01,4.580179081933638372e+04
1.970833333333333215e+01,4.253521917367547576e+04
1.972916666666666430e+01,3.921350572058189573e+04
1.975000000000000000e+01,4.296329639217958174e+04
1.977083333333333215e+01,4.529890136070633889e+04
1.979166666666666430e+01,4.193216608752522006e+04
1.981250000000000000e+01,3.855995793968520593e+04
1.983333333333333215e+01,4.158462160623745876e+04
1.985416666666666430e+01,4.462161304012028995e+04
1.987500000000000000e+01,4.127027358190291852e+04
1.989583333333333215e+01,3.791968742988339363e+04
1.991666666666666430e+01,4.171594220012870210e+04
1.993750000000000000e+01,4.403857567643266520e+04
1.995833333333333215e+01,4.071147923316030938e+04
1.997916666666666430e+01,3.738977410427126597e+04
2.000000000000000000e+01,4.046985828385338391e+04
2.002083333333333215e+01,4.355835745084650262e+04
2.004166666666666430e+01,4.025644155965925893e+04
2.006250000000000000e+01,3.711970796643281210e+04
2.008333333333333215e+01,4.154656165157997748e+04
2.010416666666666430e+01,4.319090627634221892e+04
2.012500000000000000e+01,3.863548804430657037e+04
2.014583333333333215e+01,3.663798098161313101e+04
2.016666666666666430e+01,4.172422834781421989e+04
2.018750000000000000e+01,4.289887511909488239e+04
2.020833333333333215e+01,3.642864884851619718e+04
2.022916666666666430e+01,3.859546620313152380e+04
2.025000000000000000e+01,4.272985122403583227e+04
2.027083333333333215e+01,4.055611149433203536e+04
2.029166666666666430e+01,3.621806302227701235e+04
2.031250000000000000e+01,3.936114702787763963e+04
2.033333333333333215e+01,4.251171612762624864e+04
2.035416666666666430e+01,3.926762780618610122e+04
2.037500000000000000e+01,3.602770219182065193e+04
2.039583333333333215e+01,3.816365335640891863e+04
2.041666666666666430e+01,4.235481278667091101e+04
2.043750000000000000e+01,3.912899647691368591e+04
2.045833333333333215e+01,3.695898250294075115e+04
2.047916666666666430e+01,3.907505538751002314e+04
2.050000000000000000e+01,4.223954427211409347e+04
2.052083333333333215e+01,3.901271639000487630e+04
2.054166666666666430e+01,3.578495407238266489e+04
2.056250000000000000e+01,3.895743278825590096e+04
2.058333333333333215e+01,4.213582694688053743e+04
2.060416666666666430e+01,3.935037236749135627e+04
2.062500000000000000e+01,3.569413241139887396e+04
2.064583333333333215e+01,3.887637480228434288e+04
2.066666666666666430e+01,4.206502241671337833e+04
2.068750000000000000e+01,3.882787257844392298e+04
2.070833333333333215e+01,3.562686022465710266e+04
2.072916666666666430e+01,3.881300755366090016e+04
2.075000000000000000e+01,4.200385560649773106e+04
2.077083333333333215e+01,3.914082878473825986e+04
2.079166666666666430e+01,3.643124376270354696e+04
2.081250000000000000e+01,3.877339871373254573e+04
2.083333333333333215e+01,4.196221313937144441e+04
2.085416666666666430e+01,3.875242744805788243e+04
2.087500000000000000e+01,3.553852185305739840e+04
2.089583333333333215e+01,3.872693025867216784e+04
2.091666666666666430e+01,4.191796197402526741e+04
2.093750000000000000e+01,3.870863793405998877e+04
2.095833333333333215e+01,3.550230926722668664e+04
2.097916666666666430e+01,3.840281956640807766e+04
2.100000000000000000e+01,4.188843941226046445e+04
2.102083333333333215e+01,3.868074362960826693e+04
2.104166666666666430e+01,3.643040099633208592e+04
2.106250000000000000e+01,3.868327320711923676e+04
2.108333333333333215e+01,4.186864310677765752e+04
2.110416666666666430e+01,3.866302500220532966e+04
2.112500000000000000e+01,3.546668335138988914e+04
2.114583333333333215e+01,3.837198634487154777e+04
2.116666666666666430e+01,4.185106349887897522e+04
2.118750000000000000e+01,3.864663309650406154e+04
2.120833333333333215e+01,3.564620338730028016e+04
2.122916666666666430e+01,3.865030359153227619e+04
2.125000000000000000e+01,4.183547532574881916e+04
2.127083333333333215e+01,3.883380342072556232e+04
2.129166666666666430e+01,3.650012620464736392e+04
2.131250000000000000e+01,3.864615720317071100e+04
2.133333333333333215e+01,4.112560701271443395e+04
2.135416666666666430e+01,3.864118535284338577e+04
2.137500000000000000e+01,3.549973323581332079e+04
2.139583333333333215e+01,3.862314236407417047e+04
2.141666666666666430e+01,4.230780741276536719e+04
2.143750000000000000e+01,3.922932451461054006e+04
2.145833333333333215e+01,3.664879687987103534e+04
2.147916666666666430e+01,3.862878299638784665e+04
2.150000000000000000e+01,4.033368801130339853e+04
2.152083333333333215e+01,3.863971681738232292e+04
2.154166666666666430e+01,3.838200422598273144e+04
2.156250000000000000e+01,3.799411545778052823e+04
2.158333333333333215e+01,3.862526425363413728e+04
2.160416666666666430e+01,3.821558965732427168e+04
2.162500000000000000e+01,3.861653643972091959e+04
2.164583333333333215e+01,3.860271822831629834e+04
2.166666666666666430e+01,3.932794398352233111e+04
2.168750000000000000e+01,4.043585233395925752e+04
2.170833333333333215e+01,3.861793592975270440e+04
2.172916666666666430e+01,3.743577769914589589e+04
2.175000000000000000e+01,3.862257888582405576e+04
2.177083333333333215e+01,4.019605442034060979e+04
2.179166666666666430e+01,3.861407059208503051e+04
2.181250000000000000e+01,3.646283077262916049e+04
2.183333333333333215e+01,3.861264149560296937e+04
2.185416666666666430e+01,4.173974832883961790e+04
2.187500000000000000e+01,3.860324033817464806e+04
2.189583333333333215e+01,3.527911790792762622e+04
2.191666666666666430e+01,3.859511994252910517e+04
2.193750000000000000e+01,4.110694926443268923e+04
2.195833333333333215e+01,3.857694331923298887e+04
2.197916666666666430e+01,3.538608602433147462e+04
2.200000000000000000e+01,3.912291911121683370e+04
2.202083333333333215e+01,4.178762170171120670e+04
2.204166666666666430e+01,3.859527981061737228e+04
2.206250000000000000e+01,3.539847585315429751e+04
2.208333333333333215e+01,3.891219679158299550e+04
2.210416666666666430e+01,4.178820019159713411e+04
2.212500000000000000e+01,3.859330269791953469e+04
2.214583333333333215e+01,3.597897942521743244e+04
2.216666666666666430e+01,4.002130301702497673e+04
2.218750000000000000e+01,4.180138229869661882e+04
2.220833333333333215e+01,3.735423674464174837e+04
2.222916666666666430e+01,3.541253844611272507e+04
2.225000000000000000e+01,4.078187240924124490e+04
2.227083333333333215e+01,4.179749584736826364e+04
2.229166666666666430e+01,3.539972444834604539e+04
2.231250000000000000e+01,3.476952457220024371e+04
2.233333333333333215e+01,4.180235945050477312e+04
2.235416666666666430e+01,4.247922900064433634e+04
2.237500000000000000e+01,3.540490471173764672e+04
2.239583333333333215e+01,3.539967832016867760e+04
2.241666666666666430e+01,4.179126775082901440e+04
2.243750000000000000e+01,4.178256772155345971e+04
2.245833333333333215e+01,3.609980438380049600e+04
2.247916666666666430e+01,3.510940573458545259e+04
2.250000000000000000e+01,4.181258725681222131e+04
2.252083333333333215e+01,4.268145879914585385e+04
2.254166666666666430e+01,3.541107512711347226e+04
2.256250000000000000e+01,3.495624955499263160e+04
2.258333333333333215e+01,4.180076641356654727e+04
2.260416666666666430e+01,4.179246155095612630e+04
2.262500000000000000e+01,3.539214684487164777e+04
2.264583333333333215e+01,3.501396091920299659e+04
2.266666666666666430e+01,4.179095283264071622e+04
2.268750000000000000e+01,4.178555807547489530e+04
2.270833333333333215e+01,3.538790118415190227e+04
2.272916666666666430e+01,3.551182705389141483e+04
2.275000000000000000e+01,4.180655495530214830e+04
2.277083333333333215e+01,4.179608622445633227e+04
2.279166666666666430e+01,3.539766986038233881e+04
2.281250000000000000e+01,3.601464081103807257e+04
2.283333333333333215e+01,4.179347758027253440e+04
2.285416666666666430e+01,4.178687273095602723e+04
2.287500000000000000e+01,3.539126070676987729e+04
2.289583333333333215e+01,3.538997658818726632e+04
2.291666666666666430e+01,4.178331420226942282e+04
2.293750000000000000e+01,4.177598523145669606e+04
2.295833333333333215e+01,3.613722336733218253e+04
2.297916666666666430e+01,3.479571842687208118e+04
2.300000000000000000e+01,4.180671936523821205e+04
2.302083333333333215e+01,4.200559484431405872e+04
2.304166666666666430e+01,3.540701209268736420e+04
2.306250000000000000e+01,3.540238927618660819e+04
2.308333333333333215e+01,4.179292267795671069e+04
2.310416666666666430e+01,4.178595089237688808e+04
2.312500000000000000e+01,3.538982109987744479e+04
2.314583333333333215e+01,3.596417296581857954e+04
2.316666666666666430e+01,4.179543530336728145e+04
2.318750000000000000e+01,4.178505258052797581e+04
2.320833333333333215e+01,3.598712096872684924e+04
2.322916666666666430e+01,3.459285931628062826e+04
2.325000000000000000e+01,4.180170206129588041e+04
2.327083333333333215e+01,4.286063066195896681e+04
2.329166666666666430e+01,3.540713528748091630e+04
2.331250000000000000e+01,3.402783337127888080e+04
2.333333333333333215e+01,4.180242706203690614e+04
2.335416666666666430e+01,4.287696165089371789e+04
2.337500000000000000e+01,3.540025480928431352e+04
2.339583333333333215e+01,3.373530111104084790e+04
2.341666666666666430e+01,4.180235209030988335e+04
2.343750000000000000e+01,4.384893859560188139e+04
2.345833333333333215e+01,3.521346622082714748e+04
2.347916666666666430e+01,3.236831994717059206e+04
2.350000000000000000e+01,4.180158209317794535e+04
2.352083333333333215e+01,4.500243682644877117e+04
2.354166666666666430e+01,3.539047803842199937e+04
2.356250000000000000e+01,3.218390916709373050e+04
2.358333333333333215e+01,4.179221855186653556e+04
2.360416666666666430e+01,4.491219188770864275e+04
2.362500000000000000e+01,3.399544229086912674e+04
2.364583333333333215e+01,3.219053385986410649e+04
2.366666666666666430e+01,4.295349911481880554e+04
2.368750000000000000e+01,4.477916357709691511e+04
2.370833333333333215e+01,3.372813252126308362e+04
2.372916666666666430e+01,3.219864666861133082e+04
2.375000000000000000e+01,4.398100926310493378e+04
2.377083333333333215e+01,4.501085149574445677e+04
2.379166666666666430e+01,3.219495875473717024e+04
2.381250000000000000e+01,3.218466159727619015e+04
2.383333333333333215e+01,4.499308758450571622e+04
2.385416666666666430e+01,4.345895774089281622e+04
2.387500000000000000e+01,3.220456831466313452e+04
2.389583333333333215e+01,3.219357392596597856e+04
2.391666666666666430e+01,4.485397140699009469e+04
2.393750000000000000e+01,4.363713514955213759e+04
2.395833333333333215e+01,3.216370279887742436e+04
2.397916666666666430e+01,3.350779646539095120e+04
2.400000000000000000e+01,4.498794627622421103e+04
2.402083333333333215e+01,4.252564578852120030e+04
2.404166666666666430e+01,3.219622811449808069e+04
2.406250000000000000e+01,3.539616287567873223e+04
2.408333333333333215e+01,4.498922332850557723e+04
2.410416666666666430e+01,4.165837032348469074e+04
2.412500000000000000e+01,3.219374502290006058e+04
2.414583333333333215e+01,3.539547154339598637e+04
2.416666666666666430e+01,4.403274737879820896e+04
2.418750000000000000e+01,4.178955249054336309e+04
2.420833333333333215e+01,3.219537335305673696e+04
2.422916666666666430e+01,3.549829547778952838e+04
2.425000000000000000e+01,4.498854385421378538e+04
2.427083333333333215e+01,4.178449944595812849e+04
2.429166666666666430e+01,3.219428845491116954e+04
2.431250000000000000e+01,3.539653829770507582e+04
2.433333333333333215e+01,4.498620766247525171e+04
2.435416666666666430e+01,4.178366593098049634e+04
2.437500000000000000e+01,3.219239995016249304e+04
2.439583333333333215e+01,3.539559238938539056e+04
2.441666666666666430e+01,4.352659833770838304e+04
2.443750000000000000e+01,4.179139321797682351e+04
2.445833333333333215e+01,3.335697011466781260e+04
2.447916666666666430e+01,3.540538998133340647e+04
2.450000000000000000e+01,4.330839362079878629e+04
2.452083333333333215e+01,4.179653505812420917e+04
2.454166666666666430e+01,3.419060540139096702e+04
2.456250000000000000e+01,3.543310311721449398e+04
2.458333333333333215e+01,4.179402023952663876e+04
2.460416666666666430e+01,4.178599223964094563e+04
2.462500000000000000e+01,3.539002596908560372e+04
2.464583333333333215e+01,3.816544209407482413e+04
2.466666666666666430e+01,4.181955903266520909e+04
2.468750000000000000e+01,3.993419451308096177e+04
2.470833333333333215e+01,3.541749738333949063e+04
2.472916666666666430e+01,3.848273015385350300e+04
2.475000000000000000e+01,4.102647241317960288e+04
2.477083333333333215e+01,3.798750508643272042e+04
2.479166666666666430e+01,3.582091063433964155e+04
2.481250000000000000e+01,3.850423538383797859e+04
2.483333333333333215e+01,4.179690414612513268e+04
2.485416666666666430e+01,3.858927579721029178e+04
2.487500000000000000e+01,3.609044661929940048e+04
2.489583333333333215e+01,3.859793417626008886e+04
2.491666666666666430e+01,4.178817259042926889e+04
2.493750000000000000e+01,3.858453756567706296e+04
2.495833333333333215e+01,3.539017865981738578e+04
2.497916666666666430e+01,3.858984778330412519e+04
2.500000000000000000e+01,4.178082853616039938e+04
2.502083333333333215e+01,3.916824866366959759e+04
2.504166666666666430e+01,3.613190797548263799e+04
2.506250000000000000e+01,3.859867506720083475e+04
2.508333333333333215e+01,4.178934369983322540e+04
2.510416666666666430e+01,3.858933391612740525e+04
2.512500000000000000e+01,3.539475910730108444e+04
2.514583333333333215e+01,3.859300574059058999e+04
2.516666666666666430e+01,4.178521889360961359e+04
2.518750000000000000e+01,3.858283339112318936e+04
2.520833333333333215e+01,3.538790763470652746e+04
2.522916666666666430e+01,3.858900344811579271e+04
2.525000000000000000e+01,4.178363234984040173e+04
2.527083333333333215e+01,3.858248322970792651e+04
2.529166666666666430e+01,3.628250014598387497e+04
2.531250000000000000e+01,3.859230963936295302e+04
2.533333333333333215e+01,4.178821856772507454e+04
2.535416666666666430e+01,3.858884014739736449e+04
2.537500000000000000e+01,3.538730785162749089e+04
2.539583333333333215e+01,3.885136710694699286e+04
2.541666666666666430e+01,4.179108475903763610e+04
2.543750000000000000e+01,3.924317100929678418e+04
2.545833333333333215e+01,3.590050727713000379e+04
2.547916666666666430e+01,3.859141197873521742e+04
2.550000000000000000e+01,4.179486135410556017e+04
2.552083333333333215e+01,3.859949424741791881e+04
2.554166666666666430e+01,3.591614860796363791e+04
2.556250000000000000e+01,3.858995422272315773e+04
2.558333333333333215e+01,4.179158591532985156e+04
2.560416666666666430e+01,3.859744924592448660e+04
2.562500000000000000e+01,3.571228288689756300e+04
2.564583333333333215e+01,3.858816889967269526e+04
2.566666666666666430e+01,4.178605037194240867e+04
2.568750000000000000e+01,3.859181429111420584e+04
2.570833333333333215e+01,3.646921084808850719e+04
2.572916666666666430e+01,3.844916820344336156e+04
2.575000000000000000e+01,4.149353566975460126e+04
2.577083333333333215e+01,3.859741525426840235e+04
2.579166666666666430e+01,3.540017726391488395e+04
2.581250000000000000e+01,3.814547543981342460e+04
2.583333333333333215e+01,4.179097002362322382e+04
2.585416666666666430e+01,3.858957122084681760e+04
2.587500000000000000e+01,3.539744100454787258e+04
2.589583333333333215e+01,3.859685851285896206e+04
2.591666666666666430e+01,4.178711593485730555e+04
2.593750000000000000e+01,3.858588272359377879e+04
2.595833333333333215e+01,3.698856714275394188e+04
2.597916666666666430e+01,3.860028325775117992e+04
2.600000000000000000e+01,3.987035506601533416e+04
2.602083333333333215e+01,3.906335329184239527e+04
2.604166666666666430e+01,3.859944226956758212e+04
2.606250000000000000e+01,3.859215647453274869e+04
2.608333333333333215e+01,3.859241168437528540e+04
2.610416666666666430e+01,3.982394117035091767e+04
2.612500000000000000e+01,3.859955125412339839e+04
2.614583333333333215e+01,3.775680107878021226e+04
2.616666666666666430e+01,3.860246466249189689e+04
2.618750000000000000e+01,3.888851452373492066e+04
2.620833333333333215e+01,3.860987892269957229e+04
2.622916666666666430e+01,3.860023276753762912e+04
2.625000000000000000e+01,3.860046487147875450e+04
2.627083333333333215e+01,3.919853875965986663e+04
2.629166666666666430e+01,3.859528897087663790e+04
2.631250000000000000e+01,3.858712375260277622e+04
2.633333333333333215e+01,3.859227671910518256e+04
2.635416666666666430e+01,3.947457233104798070e+04
2.637500000000000000e+01,3.859149648314933438e+04
2.639583333333333215e+01,3.858365385257153685e+04
2.641666666666666430e+01,3.859400240334333648e+04
2.643750000000000000e+01,3.913434389084736904e+04
2.645833333333333215e+01,3.860452756445996783e+04
2.647916666666666430e+01,3.851047364113311050e+04
2.650000000000000000e+01,3.880695738576696749e+04
2.652083333333333215e+01,3.976967482836055569e+04
2.654166666666666430e+01,3.860139217302334873e+04
2.656250000000000000e+01,3.761803344186129834e+04
2.658333333333333215e+01,3.860669334328320838e+04
2.660416666666666430e+01,3.934044791379186063e+04
2.662500000000000000e+01,3.859867578763812344e+04
2.664583333333333215e+01,3.859147134030060261e+04
2.666666666666666430e+01,3.859172928767822305e+04
2.668750000000000000e+01,3.858870332958964718e+04
2.670833333333333215e+01,3.858871643470374693e+04
2.672916666666666430e+01,3.858500981427244551e+04
2.675000000000000000e+01,3.860697848332495050e+04
2.677083333333333215e+01,3.992473226734330819e+04
2.679166666666666430e+01,3.860114982132357545e+04
2.681250000000000000e+01,3.660461237071174401e+04
2.683333333333333215e+01,3.860102960554642777e+04
2.685416666666666430e+01,4.220113314451176120e+04
2.687500000000000000e+01,3.859239483720664430e+04
2.689583333333333215e+01,3.539084439174508589e+04
2.691666666666666430e+01,3.859054648577599437e+04
2.693750000000000000e+01,4.178668049069173867e+04
2.695833333333333215e+01,3.858316021999708755e+04
2.697916666666666430e+01,3.538494718221432413e+04
2.700000000000000000e+01,3.977876680005513481e+04
2.702083333333333215e+01,4.175870213807167602e+04
2.704166666666666430e+01,3.834099275536323694e+04
2.706250000000000000e+01,3.539499229943895625e+04
2.708333333333333215e+01,3.859020286790638784e+04
2.710416666666666430e+01,4.178448077805522189e+04
2.712500000000000000e+01,3.858616504907873605e+04
2.714583333333333215e+01,3.480054463357802888e+04
2.716666666666666430e+01,3.858925227367065963e+04
2.718750000000000000e+01,4.170894885269318911e+04
2.720833333333333215e+01,3.858998247624158830e+04
2.722916666666666430e+01,3.617794111945465556e+04
2.725000000000000000e+01,3.892241213404654991e+04
2.727083333333333215e+01,4.179263290156207950e+04
2.729166666666666430e+01,3.859146040892006567e+04
2.731250000000000000e+01,3.539430702139171626e+04
2.733333333333333215e+01,3.859374953058671235e+04
2.735416666666666430e+01,4.268162330907598516e+04
2.737500000000000000e+01,3.859007356116538722e+04
2.739583333333333215e+01,3.539165283067746350e+04
2.741666666666666430e+01,3.926255878627336642e+04
2.743750000000000000e+01,4.159627129435358802e+04
2.745833333333333215e+01,3.859369249506861524e+04
2.747916666666666430e+01,3.446908463834137365e+04
2.750000000000000000e+01,3.860007851297055458e+04
2.752083333333333215e+01,4.186224779701914667e+04
2.754166666666666430e+01,3.858759166724559327e+04
2.756250000000000000e+01,3.538744874158327730e+04
2.758333333333333215e+01,3.938437110748597479e+04
2.760416666666666430e+01,4.233308068983261910e+04
2.762500000000000000e+01,3.859093754895381426e+04
2.764583333333333215e+01,3.539112026891899586e+04
2.766666666666666430e+01,3.859435007467281685e+04
2.768750000000000000e+01,4.179150413476701215e+04
2.770833333333333215e+01,3.858612757360843534e+04
2.772916666666666430e+01,3.538569924093084410e+04
2.775000000000000000e+01,3.858730092847920605e+04
2.777083333333333215e+01,4.178433289984360454e+04
2.779166666666666430e+01,3.858169990308632987e+04
2.781250000000000000e+01,3.594893137616435706e+04
2.783333333333333215e+01,3.859668358145634556e+04
2.785416666666666430e+01,4.178833133967555477e+04
2.787500000000000000e+01,3.858913820970981033e+04
2.789583333333333215e+01,3.539384074233876891e+04
2.791666666666666430e+01,3.858962412691116333e+04
2.793750000000000000e+01,4.178165185748389194e+04
2.795833333333333215e+01,3.858285810685810429e+04
2.797916666666666430e+01,3.613773477250718133e+04
2.800000000000000000e+01,3.887005981223213166e+04
2.802083333333333215e+01,4.178838030962967605e+04
2.804166666666666430e+01,3.859082464638361125e+04
2.806250000000000000e+01,3.539816233709196968e+04
2.808333333333333215e+01,3.859286103796912357e+04
2.810416666666666430e+01,4.178370630429883022e+04
2.812500000000000000e+01,3.858569680794484157e+04
2.814583333333333215e+01,3.539156337319518207e+04
2.816666666666666430e+01,3.935881359990619967e+04
2.818750000000000000e+01,4.178676720210175699e+04
2.820833333333333215e+01,3.858905628555679141e+04
2.822916666666666430e+01,3.539410676912320923e+04
2.825000000000000000e+01,3.858869936372510710e+04
2.827083333333333215e+01,4.178283114187724277e+04
2.829166666666666430e+01,3.858580217758795334e+04
2.831250000000000000e+01,3.538876446153761935e+04
2.833333333333333215e+01,3.858431409789611644e+04
2.835416666666666430e+01,4.177980384851089912e+04
2.837500000000000000e+01,3.858188642305488611e+04
2.839583333333333215e+01,3.628759714045938017e+04
2.841666666666666430e+01,3.872329097895458835e+04
2.843750000000000000e+01,4.149712360328823706e+04
2.845833333333333215e+01,3.859382503776400699e+04
2.847916666666666430e+01,3.539635758749860543e+04
2.850000000000000000e+01,3.859167218041222077e+04
2.852083333333333215e+01,4.178421629632517579e+04
2.854166666666666430e+01,3.858347432707770349e+04
2.856250000000000000e+01,3.539883187042132340e+04
2.858333333333333215e+01,4.020844348698748217e+04
2.860416666666666430e+01,4.179171411125399027e+04
2.862500000000000000e+01,3.642433524912576831e+04
2.864583333333333215e+01,3.540000571810673864e+04
2.866666666666666430e+01,4.179128572572291159e+04
2.868750000000000000e+01,4.178414896204129764e+04
2.870833333333333215e+01,3.528354137570618332e+04
2.872916666666666430e+01,3.398534597811147978e+04
2.875000000000000000e+01,4.179375357623894524e+04
2.877083333333333215e+01,4.326280632028364926e+04
2.879166666666666430e+01,3.540121379586930561e+04
2.881250000000000000e+01,3.437003503374345019e+04
2.883333333333333215e+01,4.233639396199410112e+04
2.885416666666666430e+01,4.478403242192009202e+04
2.887500000000000000e+01,3.541205023758616881e+04
2.889583333333333215e+01,3.220335520757750783e+04
2.891666666666666430e+01,4.179374149071288412e+04
2.893750000000000000e+01,4.306321483236786298e+04
2.895833333333333215e+01,3.515209480405398790e+04
2.897916666666666430e+01,3.220515342118022090e+04
2.900000000000000000e+01,4.179897823320534371e+04
2.902083333333333215e+01,4.433236877868461306e+04
2.904166666666666430e+01,3.539750692243344383e+04
2.906250000000000000e+01,3.334643652403386659e+04
2.908333333333333215e+01,4.181546081831194169e+04
2.910416666666666430e+01,4.501089158953943115e+04
2.912500000000000000e+01,3.478799611130652193e+04
2.914583333333333215e+01,3.219666706310404697e+04
2.916666666666666430e+01,4.169731820391957444e+04
2.918750000000000000e+01,4.374898835889436305e+04
2.920833333333333215e+01,3.541859843754353642e+04
2.922916666666666430e+01,3.355030585641017387e+04
2.925000000000000000e+01,4.180117587674592505e+04
2.927083333333333215e+01,4.347006808218287188e+04
2.929166666666666430e+01,3.496204998394302675e+04
2.931250000000000000e+01,3.560760375407456013e+04
2.933333333333333215e+01,4.182875795164066221e+04
2.935416666666666430e+01,4.182107628529445356e+04
2.937500000000000000e+01,3.540906759637773939e+04
2.939583333333333215e+01,3.539946550805809966e+04
2.941666666666666430e+01,4.324771183503598149e+04
2.943750000000000000e+01,4.108918928037816659e+04
2.945833333333333215e+01,3.358583771915955731e+04
2.947916666666666430e+01,3.541062179938081681e+04
2.950000000000000000e+01,4.499945259054790949e+04
2.952083333333333215e+01,4.106309107267035870e+04
2.954166666666666430e+01,3.219668993969979056e+04
2.956250000000000000e+01,3.477201456181977846e+04
2.958333333333333215e+01,4.433680552801267186e+04
2.960416666666666430e+01,4.179191766337279114e+04
2.962500000000000000e+01,3.219173597561846327e+04
2.964583333333333215e+01,3.558368972396793833e+04
2.966666666666666430e+01,4.499150340332762426e+04
2.968750000000000000e+01,4.178345233101132908e+04
2.970833333333333215e+01,3.218768215014575617e+04
2.972916666666666430e+01,3.584085257325024577e+04
2.975000000000000000e+01,4.499473687754561979e+04
2.977083333333333215e+01,4.178386798362740228e+04
2.979166666666666430e+01,3.218710093537159264e+04
2.981250000000000000e+01,3.508527804158609797e+04
2.983333333333333215e+01,4.458180929016631853e+04
2.985416666666666430e+01,4.179212749652237108e+04
2.987500000000000000e+01,3.219693091710191948e+04
2.989583333333333215e+01,3.540312677921422437e+04
2.991666666666666430e+01,4.499658783266740647e+04
2.993750000000000000e+01,4.178848619594842603e+04
2.995833333333333215e+01,3.218786319382444708e+04
2.997916666666666430e+01,3.539008804150061042e+04
3.000000000000000000e+01,4.459470076204329234e+04
3.002083333333333215e+01,4.053340231646038592e+04
3.004166666666666430e+01,3.219892935483747351e+04
3.006250000000000000e+01,3.539794931273085967e+04
3.008333333333333215e+01,4.484544006688577065e+04
3.010416666666666430e+01,4.179595812879192817e+04
3.012500000000000000e+01,3.218697249611564621e+04
3.014583333333333215e+01,3.589178220934554702e+04
3.016666666666666430e+01,4.351411654387677117e+04
3.018750000000000000e+01,4.179846576063074463e+04
3.020833333333333215e+01,3.390932272771856515e+04
3.022916666666666430e+01,3.540219447499137459e+04
3.025000000000000000e+01,4.179534395857485652e+04
3.027083333333333215e+01,4.224726973091941181e+04
3.029166666666666430e+01,3.545553744182617083e+04
3.031250000000000000e+01,3.690606159534111066e+04
3.033333333333333215e+01,4.179784487397550402e+04
3.035416666666666430e+01,4.012891638580825384e+04
3.037500000000000000e+01,3.540178683651219035e+04
3.039583333333333215e+01,3.859414033535043563e+04
3.041666666666666430e+01,4.152602734145925933e+04
3.043750000000000000e+01,3.859249255467071634e+04
3.045833333333333215e+01,3.539059705225129437e+04
3.047916666666666430e+01,3.843468486327133724e+04
3.050000000000000000e+01,4.178524949741329328e+04
3.052083333333333215e+01,3.858369984481740539e+04
3.054166666666666430e+01,3.541232067896438821e+04
3.056250000000000000e+01,3.898184264366271964e+04
3.058333333333333215e+01,4.178817804700776469e+04
3.060416666666666430e+01,3.959780958754856692e+04
3.062500000000000000e+01,3.540090688030268211e+04
3.064583333333333215e+01,3.767485953119762416e+04
3.066666666666666430e+01,4.179385487070126692e+04
3.068750000000000000e+01,3.898751845149407018e+04
3.070833333333333215e+01,3.540536786545305222e+04
3.072916666666666430e+01,3.859586325534353091e+04
3.075000000000000000e+01,4.178725095701248938e+04
3.077083333333333215e+01,3.858994650739438657e+04
3.079166666666666430e+01,3.655514162891123124e+04
3.081250000000000000e+01,3.859143345351384050e+04
3.083333333333333215e+01,4.151030772742078261e+04
3.085416666666666430e+01,3.939544944595896959e+04
3.087500000000000000e+01,3.540350493674726022e+04
3.089583333333333215e+01,3.847648576581063389e+04
3.091666666666666430e+01,4.179730808061998687e+04
3.093750000000000000e+01,3.838281921960373438e+04
3.095833333333333215e+01,3.641589248030308227e+04
3.097916666666666430e+01,3.800800341494994791e+04
3.100000000000000000e+01,4.179954426218870503e+04
3.102083333333333215e+01,3.859718883805792575e+04
3.104166666666666430e+01,3.539285611051474552e+04
3.106250000000000000e+01,3.858976248783604387e+04
3.108333333333333215e+01,4.178847478140798921e+04
3.110416666666666430e+01,3.858446681062069547e+04
3.112500000000000000e+01,3.538275633801322692e+04
3.114583333333333215e+01,3.858778551701341348e+04
3.116666666666666430e+01,4.178971057298780943e+04
3.118750000000000000e+01,3.835645145322898315e+04
3.120833333333333215e+01,3.538895852332172217e+04
3.122916666666666430e+01,3.859415799637824966e+04
3.125000000000000000e+01,4.179397576112457318e+04
3.127083333333333215e+01,3.858847016447682836e+04
3.129166666666666430e+01,3.650585331255144411e+04
3.131250000000000000e+01,3.859707992241891043e+04
3.133333333333333215e+01,4.179199655867920956e+04
3.135416666666666430e+01,3.858795058171283745e+04
3.137500000000000000e+01,3.538735557133296243e+04
3.139583333333333215e+01,3.858768416468914074e+04
3.141666666666666430e+01,4.178527120851771178e+04
3.143750000000000000e+01,3.858421370894139545e+04
3.145833333333333215e+01,3.569648247681376961e+04
3.147916666666666430e+01,3.858773145520829712e+04
3.150000000000000000e+01,4.178273522986775060e+04
3.152083333333333215e+01,3.880178374346459896e+04
3.154166666666666430e+01,3.669104589668627159e+04
3.156250000000000000e+01,3.859692241613385704e+04
3.158333333333333215e+01,4.070742109622674616e+04
3.160416666666666430e+01,3.860386667126468092e+04
3.162500000000000000e+01,3.687868563186740357e+04
3.164583333333333215e+01,3.860150783310162660e+04
3.166666666666666430e+01,4.027838469645481382e+04
3.168750000000000000e+01,3.860534926181472838e+04
3.170833333333333215e+01,3.846265805610837560e+04
3.172916666666666430e+01,3.783869044606472016e+04
3.175000000000000000e+01,3.961587105056694418e+04
3.177083333333333215e+01,3.779243194118965766e+04
3.179166666666666430e+01,3.861242999988231895e+04
3.181250000000000000e+01,3.859709257434952451e+04
3.183333333333333215e+01,3.890991736338660121e+04
3.185416666666666430e+01,3.974683800451431307e+04
3.187500000000000000e+01,3.859792577271320624e+04
3.189583333333333215e+01,3.790669362464012374e+04
3.191666666666666430e+01,3.887011869097883755e+04
3.193750000000000000e+01,3.964103057983703911e+04
3.195833333333333215e+01,3.860139573933160136e+04
3.197916666666666430e+01,3.825477100811438140e+04
3.200000000000000000e+01,3.861047460818323452e+04
3.202083333333332860e+01,4.006486854676976509e+04
3.204166666666666430e+01,3.860211217767488415e+04
3.206250000000000000e+01,3.707649104821787478e+04
3.208333333333332860e+01,3.860549695244742907e+04
3.210416666666666430e+01,4.163155342308655963e+04
3.212500000000000000e+01,3.778371154309082340e+04
3.214583333333332860e+01,3.539614405661205819e+04
3.216666666666666430e+01,3.942328808522789041e+04
3.218750000000000000e+01,4.179682056434477272e+04
3.220833333333332860e+01,3.859280605311066029e+04
3.222916666666666430e+01,3.539033991720969789e+04
3.225000000000000000e+01,3.858499155012097617e+04
3.227083333333332860e+01,4.178300197919979109e+04
3.229166666666666430e+01,3.858821831602521706e+04
3.231250000000000000e+01,3.443334283866412443e+04
3.233333333333332860e+01,3.881420285856806731e+04
3.235416666666666430e+01,4.194188555292643287e+04
3.237500000000000000e+01,3.860064956764230010e+04
3.239583333333332860e+01,3.540172843340863619e+04
3.241666666666666430e+01,4.014366641447988513e+04
3.243750000000000000e+01,4.231436541852494702e+04
3.245833333333332860e+01,3.694152652373094315e+04
3.247916666666666430e+01,3.540780552014768909e+04
3.250000000000000000e+01,4.179844503941719449e+04
3.252083333333332860e+01,4.123373985591709788e+04
3.254166666666666430e+01,3.539738068981288234e+04
3.256250000000000000e+01,3.574420782709285413e+04
3.258333333333332860e+01,4.180465257423944422e+04
3.260416666666666430e+01,4.179188723667323211e+04
3.262500000000000000e+01,3.544749557614496007e+04
3.264583333333332860e+01,3.569885104596138990e+04
3.266666666666666430e+01,4.180312252303009154e+04
3.268750000000000000e+01,4.065391834672353434e+04
3.270833333333332860e+01,3.541349532080828794e+04
3.272916666666666430e+01,3.814100529292559804e+04
3.275000000000000000e+01,4.179685079635788861e+04
3.277083333333332860e+01,3.859396170392598287e+04
3.279166666666666430e+01,3.539337434934976773e+04
3.281250000000000000e+01,3.858886050660626643e+04
3.283333333333332860e+01,4.178500657674315153e+04
3.285416666666666430e+01,3.858590749044138647e+04
3.287500000000000000e+01,3.590266403724581323e+04
3.289583333333332860e+01,3.858597889416466933e+04
3.291666666666666430e+01,4.178556255845027772e+04
3.293750000000000000e+01,3.877478922204002447e+04
3.295833333333332860e+01,3.546130162042113079e+04
3.297916666666666430e+01,3.858069183229619375e+04
3.300000000000000000e+01,4.178398962016687437e+04
3.302083333333332860e+01,3.885528962684266298e+04
3.304166666666666430e+01,3.628231434510599502e+04
3.306250000000000000e+01,3.859805336342547525e+04
3.308333333333332860e+01,4.134548838464965957e+04
3.310416666666666430e+01,3.861194740623075631e+04
3.312500000000000000e+01,3.539841371227251511e+04
3.314583333333332860e+01,3.858762173110203730e+04
3.316666666666666430e+01,4.179273183383400465e+04
3.318750000000000000e+01,3.859749364151366171e+04
3.320833333333332860e+01,3.597324358399760968e+04
3.322916666666666430e+01,3.858583184604193229e+04
3.325000000000000000e+01,4.179133351599764865e+04
3.327083333333332860e+01,3.859688273941691295e+04
3.329166666666666430e+01,3.538870785286326281e+04
3.331250000000000000e+01,3.858112570199171023e+04
3.333333333333332860e+01,4.178538985399391095e+04
3.335416666666666430e+01,3.872471290042851615e+04
3.337500000000000000e+01,3.660275432610348071e+04
3.339583333333332860e+01,3.859092431915342604e+04
3.341666666666666430e+01,4.104555218074348522e+04
3.343750000000000000e+01,3.860161542714090319e+04
3.345833333333332860e+01,3.539538383435962896e+04
3.347916666666666430e+01,3.858807382145443262e+04
3.350000000000000000e+01,4.178362673200664722e+04
3.352083333333332860e+01,3.933383778495735169e+04
3.354166666666666430e+01,3.550818902703608182e+04
3.356250000000000000e+01,3.843858820030636707e+04
3.358333333333332860e+01,4.178486182228443067e+04
3.360416666666666430e+01,3.858662057064234978e+04
3.362500000000000000e+01,3.539471734327761806e+04
3.364583333333332860e+01,3.780693148348188697e+04
3.366666666666666430e+01,4.178775260548264487e+04
3.368750000000000000e+01,3.902685530205912073e+04
3.370833333333332860e+01,3.604105385825072881e+04
3.372916666666666430e+01,3.860939300994877703e+04
3.375000000000000000e+01,4.179901980102557718e+04
3.377083333333332860e+01,3.949484892162886536e+04
3.379166666666666430e+01,3.540751525093267992e+04
3.381250000000000000e+01,3.859879571225465043e+04
3.383333333333332860e+01,4.179178022911967855e+04
3.385416666666666430e+01,3.858792674631178670e+04
3.387500000000000000e+01,3.538770901330282504e+04
3.389583333333332860e+01,3.858858309048610681e+04
3.391666666666666430e+01,4.178523671175179334e+04
3.393750000000000000e+01,3.858109094361252210e+04
3.395833333333332860e+01,3.538412367834947509e+04
3.397916666666666430e+01,3.821238492218904867e+04
3.400000000000000000e+01,4.178658761828490969e+04
3.402083333333332860e+01,3.889733715277608280e+04
3.404166666666666430e+01,3.650368023151330999e+04
3.406250000000000000e+01,3.859815432117018645e+04
3.408333333333332860e+01,4.109244075798647100e+04
3.410416666666666430e+01,3.859602573182336346e+04
3.412500000000000000e+01,3.554335330836995854e+04
3.414583333333332860e+01,3.859040451314046368e+04
3.416666666666666430e+01,4.178686585508284770e+04
3.418750000000000000e+01,3.899176125542651425e+04
3.420833333333332860e+01,3.636472309533548105e+04
3.422916666666666430e+01,3.859845145844723447e+04
3.425000000000000000e+01,4.113416129120578989e+04
3.427083333333332860e+01,3.891856675340627407e+04
3.429166666666666430e+01,3.539943600671405875e+04
3.431250000000000000e+01,3.858865301584712142e+04
3.433333333333332860e+01,4.179196836405253271e+04
3.435416666666666430e+01,3.936038776736173168e+04
3.437500000000000000e+01,3.578619114037623513e+04
3.439583333333332860e+01,3.859245066890887392e+04
3.441666666666666430e+01,4.179779644288615236e+04
3.443750000000000000e+01,3.860498585564828682e+04
3.445833333333332860e+01,3.539632158485551918e+04
3.447916666666666430e+01,3.858748733168885519e+04
3.450000000000000000e+01,4.179119321694334212e+04
3.452083333333332860e+01,3.859489131542211544e+04
3.454166666666666430e+01,3.538965704505520989e+04
3.456250000000000000e+01,3.858433627471177169e+04
3.458333333333332860e+01,4.178418989872690872e+04
3.460416666666666430e+01,3.862028542298389220e+04
3.462500000000000000e+01,3.669550925298560469e+04
3.464583333333332860e+01,3.816300261087956460e+04
3.466666666666666430e+01,4.096723394354680204e+04
3.468750000000000000e+01,3.859912489039198408e+04
3.470833333333332860e+01,3.540203323837645439e+04
3.472916666666666430e+01,3.859620444345631404e+04
3.475000000000000000e+01,4.178489249694425962e+04
3.477083333333332860e+01,3.969587096615900373e+04
3.479166666666666430e+01,3.540272743684273155e+04
3.481250000000000000e+01,3.859792987361445557e+04
3.483333333333332860e+01,4.178671279695910198e+04
3.485416666666666430e+01,3.858625886471195554e+04
3.487500000000000000e+01,3.539541984330135165e+04
3.489583333333332860e+01,3.819556768109760014e+04
3.491666666666666430e+01,4.178844360616213817e+04
3.493750000000000000e+01,3.858775912523666193e+04
3.495833333333332860e+01,3.548795331069346139e+04
3.497916666666666430e+01,3.859707351460563223e+04
3.500000000000000000e+01,4.178657031429465133e+04
3.502083333333332860e+01,3.910158958048604109e+04
3.504166666666666430e+01,3.617960087371067493e+04
3.506250000000000000e+01,3.859874950665052893e+04
3.508333333333332860e+01,4.154365544051478355e+04
3.510416666666666430e+01,3.992092605674357765e+04
3.512500000000000000e+01,3.540295348018845834e+04
3.514583333333332860e+01,3.738658970803364355e+04
3.516666666666666430e+01,4.180499050866873586e+04
3.518750000000000000e+01,3.994101886477173684e+04
3.520833333333332860e+01,3.540049927844011108e+04
3.522916666666666430e+01,3.708893772028147941e+04
3.525000000000000000e+01,4.180684607726966351e+04
3.527083333333332860e+01,4.081726868294365704e+04
3.529166666666666430e+01,3.539939684825966106e+04
3.531250000000000000e+01,3.539998833930637920e+04
3.533333333333332860e+01,4.179576379883417394e+04
3.535416666666666430e+01,4.178872672256052465e+04
3.537500000000000000e+01,3.538339631971311610e+04
3.539583333333332860e+01,3.557751492979650357e+04
3.541666666666666430e+01,4.179274417250169063e+04
3.543750000000000000e+01,4.178777893778367434e+04
3.545833333333332860e+01,3.538350925786108564e+04
3.547916666666666430e+01,3.622407607950863894e+04
3.550000000000000000e+01,4.180340433599108655e+04
3.552083333333332860e+01,4.179714302544884413e+04
3.554166666666666430e+01,3.539133782250181685e+04
3.556250000000000000e+01,3.538887115519360668e+04
3.558333333333332860e+01,4.178440205228822015e+04
3.560416666666666430e+01,4.178893104655058414e+04
3.562500000000000000e+01,3.559614069694995851e+04
3.564583333333332860e+01,3.538421021577999636e+04
3.566666666666666430e+01,4.177886748073157651e+04
3.568750000000000000e+01,4.179161364003974450e+04
3.570833333333332860e+01,3.456220892338274280e+04
3.572916666666666430e+01,3.539069487100787956e+04
3.575000000000000000e+01,4.178579855099754059e+04
3.577083333333332860e+01,4.180175978495189338e+04
3.579166666666666430e+01,3.540319647596175491e+04
3.581250000000000000e+01,3.539075709768543311e+04
3.583333333333332860e+01,4.275423200233083480e+04
3.585416666666666430e+01,4.180152939690242056e+04
3.587500000000000000e+01,3.524658961191010894e+04
3.589583333333332860e+01,3.638726358105840336e+04
3.591666666666666430e+01,4.180367757535291457e+04
3.593750000000000000e+01,4.180530478126738308e+04
3.595833333333332860e+01,3.521238317886573350e+04
3.597916666666666430e+01,3.539189410946029966e+04
3.600000000000000000e+01,4.178389052429895673e+04
3.602083333333332860e+01,4.179198776178065600e+04
3.604166666666666430e+01,3.539203594844705367e+04
3.606250000000000000e+01,3.538475373110268993e+04
3.608333333333332860e+01,4.177971983406243817e+04
3.610416666666666430e+01,4.178667648374599230e+04
3.612500000000000000e+01,3.495997338672871410e+04
3.614583333333332860e+01,3.538885797388541687e+04
3.616666666666666430e+01,4.078574352524273127e+04
3.618750000000000000e+01,4.179895955662123015e+04
3.620833333333332860e+01,3.554942237966853281e+04
3.622916666666666430e+01,3.540153191787043033e+04
3.625000000000000000e+01,4.179750454713933868e+04
3.627083333333332860e+01,4.179469564758754859e+04
3.629166666666666430e+01,3.569517347625857656e+04
3.631250000000000000e+01,3.539527485618390347e+04
3.633333333333332860e+01,4.281876971440795023e+04
3.635416666666666430e+01,4.179628529673320008e+04
3.637500000000000000e+01,3.501999132807349088e+04
3.639583333333332860e+01,3.631684736469240306e+04
3.641666666666666430e+01,4.181170151271414943e+04
3.643750000000000000e+01,4.180366744056154130e+04
3.645833333333332860e+01,3.557781332331063459e+04
3.647916666666666430e+01,3.539441142132296955e+04
3.650000000000000000e+01,4.178851972224366182e+04
3.652083333333332860e+01,4.179298444747548638e+04
3.654166666666666430e+01,3.539455562778252352e+04
3.656250000000000000e+01,3.538471293868743669e+04
3.658333333333332860e+01,4.177871211197111552e+04
3.660416666666666430e+01,4.179132346197466541e+04
3.662500000000000000e+01,3.489717946177838166e+04
3.664583333333332860e+01,3.539848072669491376e+04
3.666666666666666430e+01,4.263110774863151164e+04
3.668750000000000000e+01,4.181402801326299959e+04
3.670833333333332860e+01,3.540978852647622989e+04
3.672916666666666430e+01,3.539689991126306995e+04
3.675000000000000000e+01,4.065124985587748233e+04
3.677083333333332860e+01,4.180146371527518932e+04
3.679166666666666430e+01,3.568477791015528783e+04
3.681250000000000000e+01,3.606973635946693685e+04
3.683333333333332860e+01,4.179903348107743659e+04
3.685416666666666430e+01,4.180071667794405948e+04
3.687500000000000000e+01,3.496490292370576208e+04
3.689583333333332860e+01,3.539399775803351804e+04
3.691666666666666430e+01,4.178858276467883115e+04
3.693750000000000000e+01,4.179509760387196002e+04
3.695833333333332860e+01,3.539385678091781301e+04
3.697916666666666430e+01,3.539064038727700972e+04
3.700000000000000000e+01,4.178754907854604244e+04
3.702083333333332860e+01,4.178825174910094211e+04
3.704166666666666430e+01,3.538475432826118049e+04
3.706250000000000000e+01,3.588548032141158183e+04
3.708333333333332860e+01,4.239996361874691502e+04
3.710416666666666430e+01,4.179499659402034740e+04
3.712500000000000000e+01,3.538637277368870127e+04
3.714583333333332860e+01,3.539704404200091813e+04
3.716666666666666430e+01,4.128287975223449030e+04
3.718750000000000000e+01,4.179178519261047040e+04
3.720833333333332860e+01,3.538587507873190043e+04
3.722916666666666430e+01,3.539965201024911948e+04
3.725000000000000000e+01,4.180059665106978355e+04
3.727083333333332860e+01,4.179058993698288396e+04
3.729166666666666430e+01,3.538519458948847023e+04
3.731250000000000000e+01,3.631770385920093395e+04
3.733333333333332860e+01,4.181050857836024079e+04
3.735416666666666430e+01,4.219044974420712970e+04
3.737500000000000000e+01,3.604586344731834834e+04
3.739583333333332860e+01,3.540217749505183019e+04
3.741666666666666430e+01,4.179763141225532308e+04
3.743750000000000000e+01,4.180045002659996680e+04
3.745833333333332860e+01,3.539710075229677022e+04
3.747916666666666430e+01,3.539195858768414473e+04
3.750000000000000000e+01,4.138268143192477146e+04
3.752083333333332860e+01,4.179547670917525829e+04
3.754166666666666430e+01,3.467655472259454109e+04
3.756250000000000000e+01,3.539356184002409282e+04
3.758333333333332860e+01,4.178943872111310338e+04
3.760416666666666430e+01,4.179476476402242406e+04
3.762500000000000000e+01,3.539219017790895305e+04
3.764583333333332860e+01,3.539010868495525210e+04
3.766666666666666430e+01,4.116674832628299191e+04
3.768750000000000000e+01,4.179396359635309636e+04
3.770833333333332860e+01,3.538998117999441456e+04
3.772916666666666430e+01,3.539399451470383065e+04
3.775000000000000000e+01,4.246928384694028500e+04
3.777083333333332860e+01,4.179344275576903601e+04
3.779166666666666430e+01,3.538803508909509401e+04
3.781250000000000000e+01,3.552103798079616536e+04
3.783333333333332860e+01,4.179244420099186391e+04
3.785416666666666430e+01,4.178944381849430647e+04
3.787500000000000000e+01,3.547904493276240100e+04
3.789583333333332860e+01,3.656628964340987295e+04
3.791666666666666430e+01,4.180436388641774101e+04
3.793750000000000000e+01,4.180206565150907409e+04
3.795833333333332860e+01,3.591234237533632404e+04
3.797916666666666430e+01,3.540106742913260678e+04
3.800000000000000000e+01,4.138184826090587740e+04
3.802083333333332860e+01,4.135513378824456595e+04
3.804166666666666430e+01,3.541174226747141802e+04
3.806250000000000000e+01,3.539937781808568252e+04
3.808333333333332860e+01,4.179164648802644660e+04
3.810416666666666430e+01,4.179354937677252747e+04
3.812500000000000000e+01,3.538951346844654472e+04
3.814583333333332860e+01,3.538879861051459011e+04
3.816666666666666430e+01,4.114338766448741080e+04
3.818750000000000000e+01,4.178930259810324787e+04
3.820833333333332860e+01,3.538376954206702794e+04
3.822916666666666430e+01,3.597182140473520121e+04
3.825000000000000000e+01,4.257392813785318867e+04
3.827083333333332860e+01,4.179955900803161057e+04
3.829166666666666430e+01,3.539257802152165095e+04
3.831250000000000000e+01,3.539975549564470566e+04
3.833333333333332860e+01,4.179694531554562127e+04
3.835416666666666430e+01,4.179107301003904286e+04
3.837500000000000000e+01,3.452934822055593395e+04
3.839583333333332860e+01,3.542408345362496766e+04
3.841666666666666430e+01,4.179090305970840564e+04
3.843750000000000000e+01,4.179018034050074493e+04
3.845833333333332860e+01,3.538642259800145257e+04
3.847916666666666430e+01,3.650576443306771398e+04
3.850000000000000000e+01,4.180510322465367062e+04
3.852083333333332860e+01,4.179914242370772263e+04
3.854166666666666430e+01,3.540095155631861417e+04
3.856250000000000000e+01,3.538856190399408661e+04
3.858333333333332860e+01,4.218629597809178085e+04
3.860416666666666430e+01,4.130502667070813914e+04
3.862500000000000000e+01,3.618777748170693667e+04
3.864583333333332860e+01,3.540240998747290723e+04
3.866666666666666430e+01,4.179792235232474923e+04
3.868750000000000000e+01,4.180026109427932533e+04
3.870833333333332860e+01,3.539620606882007269e+04
3.872916666666666430e+01,3.539430052036928828e+04
3.875000000000000000e+01,4.038577631381211540e+04
3.877083333333332860e+01,4.179755044365139474e+04
3.879166666666666430e+01,3.691588982082124130e+04
3.881250000000000000e+01,3.565542975413770910e+04
3.883333333333332860e+01,3.929067016314044304e+04
3.885416666666666430e+01,4.188173523498036229e+04
3.887500000000000000e+01,3.859650271426537802e+04
3.889583333333332860e+01,3.539136088824931358e+04
3.891666666666666430e+01,3.858805543347100320e+04
3.893750000000000000e+01,4.178583190805502090e+04
3.895833333333332860e+01,3.858436179891339270e+04
3.897916666666666430e+01,3.674433458350212459e+04
3.900000000000000000e+01,3.859936117724650830e+04
3.902083333333332860e+01,4.179021880748288822e+04
3.904166666666666430e+01,3.858916093205133802e+04
3.906250000000000000e+01,3.539266079889722459e+04
3.908333333333332860e+01,3.858917580561077193e+04
3.910416666666666430e+01,4.178166786030658113e+04
3.912500000000000000e+01,3.858189361784713401e+04
3.914583333333332860e+01,3.584396482110506622e+04
3.916666666666666430e+01,3.941619814232033241e+04
3.918750000000000000e+01,4.179027226311551203e+04
3.920833333333332860e+01,3.859285298329610669e+04
3.922916666666666430e+01,3.539924114839656249e+04
3.925000000000000000e+01,3.859226390157296555e+04
3.927083333333332860e+01,4.178485865662502329e+04
3.929166666666666430e+01,3.858927822404264589e+04
3.931250000000000000e+01,3.501493259082176519e+04
3.933333333333332860e+01,3.858724284111927409e+04
3.935416666666666430e+01,4.169586084182251216e+04
3.937500000000000000e+01,3.859615255663450807e+04
3.939583333333332860e+01,3.539386942823163554e+04
3.941666666666666430e+01,3.858727063279230060e+04
3.943750000000000000e+01,4.149473995604648371e+04
3.945833333333332860e+01,3.859879071729866700e+04
3.947916666666666430e+01,3.539368874017464259e+04
3.950000000000000000e+01,3.999791139597491565e+04
3.952083333333332860e+01,4.191372544915199978e+04
3.954166666666666430e+01,3.745228717259364203e+04
3.956250000000000000e+01,3.539612708048648346e+04
3.958333333333332860e+01,4.075175273558016488e+04
3.960416666666666430e+01,4.186108246948308806e+04
3.962500000000000000e+01,3.539350566949125641e+04
3.964583333333332860e+01,3.623198679137403087e+04
3.966666666666666430e+01,4.180360799792002945e+04
3.968750000000000000e+01,4.180195847501597746e+04
3.970833333333332860e+01,3.539463915365272260e+04
3.972916666666666430e+01,3.591173404395151738e+04
3.975000000000000000e+01,4.180826071909238817e+04
3.977083333333332860e+01,4.180167377583279449e+04
3.979166666666666430e+01,3.575128853943129070e+04
3.981250000000000000e+01,3.459795802819028177e+04
3.983333333333332860e+01,4.181054421499540331e+04
3.985416666666666430e+01,4.323445556478865910e+04
3.987500000000000000e+01,3.535878952005477913e+04
3.989583333333332860e+01,3.247010155064837818e+04
3.991666666666666430e+01,4.179965550012107269e+04
3.993750000000000000e+01,4.499468679988278745e+04
3.995833333333332860e+01,3.474525701610808028e+04
3.997916666666666430e+01,3.251841966924613735e+04
4.000000000000000000e+01,4.179065511857868842e+04
4.002083333333332860e+01,4.499459925234858383e+04
4.004166666666666430e+01,3.539934658086125273e+04
4.006250000000000000e+01,3.219135389876205591e+04
4.008333333333332860e+01,4.178107839700883778e+04
4.010416666666666430e+01,4.392214386868419388e+04
4.012500000000000000e+01,3.540724793911757297e+04
4.014583333333332860e+01,3.219704130223926768e+04
4.016666666666666430e+01,4.179249439144710777e+04
4.018750000000000000e+01,4.500168104193709587e+04
4.020833333333332860e+01,3.540102673595504166e+04
4.022916666666666430e+01,3.218898497695307742e+04
4.025000000000000000e+01,4.178762496110943175e+04
4.027083333333332860e+01,4.448936395337820431e+04
4.029166666666666430e+01,3.539500886852981785e+04
4.031250000000000000e+01,3.218583605364591858e+04
4.033333333333332860e+01,4.178922665556165884e+04
4.035416666666666430e+01,4.499568536769200000e+04
4.037500000000000000e+01,3.419809651231796306e+04
4.039583333333332860e+01,3.219204646693538234e+04
4.041666666666666430e+01,4.259734252108536020e+04
4.043750000000000000e+01,4.489739032068265806e+04
4.045833333333332860e+01,3.538943410064734780e+04
4.047916666666666430e+01,3.218992869144728320e+04
4.050000000000000000e+01,4.178921395226861205e+04
4.052083333333332860e+01,4.422094597608239565e+04
4.054166666666666430e+01,3.500674600594233198e+04
4.056250000000000000e+01,3.219383879089854599e+04
4.058333333333332860e+01,4.179005422144694603e+04
4.060416666666666430e+01,4.498979534505827178e+04
4.062500000000000000e+01,3.539044480206444860e+04
4.064583333333332860e+01,3.294728374880684714e+04
4.066666666666666430e+01,4.179002766225779487e+04
4.068750000000000000e+01,4.498890926455122099e+04
4.070833333333332860e+01,3.539428572913247626e+04
4.072916666666666430e+01,3.219213932487621787e+04
4.075000000000000000e+01,4.178434950015212962e+04
4.077083333333332860e+01,4.388575747742939711e+04
4.079166666666666430e+01,3.539905166555646429e+04
4.081250000000000000e+01,3.219194891718693907e+04
4.083333333333332860e+01,4.178778630806993169e+04
4.085416666666666430e+01,4.479045914469580021e+04
4.087500000000000000e+01,3.539107506608128460e+04
4.089583333333332860e+01,3.218453353508756481e+04
4.091666666666666430e+01,4.178490325147502153e+04
4.093750000000000000e+01,4.480683984410441917e+04
4.095833333333332860e+01,3.467011080130491609e+04
4.097916666666666430e+01,3.218660805447015809e+04
4.100000000000000000e+01,4.179065712226216419e+04
4.102083333333332860e+01,4.473026335840542743e+04
4.104166666666666430e+01,3.539137512762468396e+04
4.106250000000000000e+01,3.218490605228700224e+04
4.108333333333332860e+01,4.179149923786766158e+04
4.110416666666666430e+01,4.499641507120051392e+04
4.112500000000000000e+01,3.494925049777661479e+04
4.114583333333332860e+01,3.218649442852881475e+04
4.116666666666666430e+01,4.179056647920539399e+04
4.118750000000000000e+01,4.499567411106428335e+04
4.120833333333332860e+01,3.503746408159811836e+04
4.122916666666666430e+01,3.218610290939840706e+04
4.125000000000000000e+01,4.178677328515535919e+04
4.127083333333332860e+01,4.494030143151101947e+04
4.129166666666666430e+01,3.462889879692251270e+04
4.131250000000000000e+01,3.219172518163155473e+04
4.133333333333332860e+01,4.178797110221147886e+04
4.135416666666666430e+01,4.687863324331289186e+04
4.137500000000000000e+01,3.849087308862216742e+04
4.139583333333332860e+01,3.692832598694879562e+04
4.141666666666666430e+01,4.585590463140983775e+04
4.143750000000000000e+01,4.906156789383417345e+04
4.145833333333332860e+01,3.959569337032553449e+04
4.147916666666666430e+01,3.631191293834943644e+04
4.150000000000000000e+01,4.577681520606919366e+04
4.152083333333332860e+01,4.776294382494447927e+04
4.154166666666666430e+01,3.839841795928909414e+04
4.156250000000000000e+01,3.569778831285092019e+04
4.158333333333332860e+01,4.512148933183517511e+04
4.160416666666666430e+01,4.815564417921078712e+04
4.162500000000000000e+01,3.838982574680757534e+04
4.164583333333332860e+01,3.502736744527447445e+04
4.166666666666666430e+01,4.447555481302983389e+04
4.168750000000000000e+01,4.753127206196196494e+04
4.170833333333332860e+01,3.779320470919580112e+04
4.172916666666666430e+01,3.446568943327214220e+04
4.175000000000000000e+01,4.394569120494855451e+04
4.177083333333332860e+01,4.702817258416268305e+04
4.179166666666666430e+01,3.731761820722169796e+04
4.181250000000000000e+01,3.401723531809701672e+04
4.183333333333332860e+01,4.352186772023337835e+04
4.185416666666666430e+01,4.653036321559284988e+04
4.187500000000000000e+01,3.540444102546315844e+04
4.189583333333332860e+01,3.366830375334477139e+04
4.191666666666666430e+01,4.499041647747204115e+04
4.193750000000000000e+01,4.610701671198743861e+04
4.195833333333332860e+01,3.345564687686691468e+04
4.197916666666666430e+01,3.338351486949240643e+04
4.200000000000000000e+01,4.612595279227416177e+04
4.202083333333332860e+01,4.423455218338091072e+04
4.204166666666666430e+01,3.322317094095789071e+04
4.206250000000000000e+01,3.510652651105670520e+04
4.208333333333332860e+01,4.592790126791883085e+04
4.210416666666666430e+01,4.267282745578194590e+04
4.212500000000000000e+01,3.302800541389234422e+04
4.214583333333332860e+01,3.619088230865782680e+04
4.216666666666666430e+01,4.574987768750677060e+04
4.218750000000000000e+01,4.250866418066272308e+04
4.220833333333332860e+01,3.287601140643075632e+04
4.222916666666666430e+01,3.604734217681545852e+04
4.225000000000000000e+01,4.561394906363236078e+04
4.227083333333332860e+01,4.238022103777341545e+04
4.229166666666666430e+01,3.275565788393278490e+04
4.231250000000000000e+01,3.488622133946002577e+04
4.233333333333332860e+01,4.552013522611500957e+04
4.235416666666666430e+01,4.228877428075641365e+04
4.237500000000000000e+01,3.267261971698914931e+04
4.239583333333332860e+01,3.589728861008371314e+04
4.241666666666666430e+01,4.543517837745149882e+04
4.243750000000000000e+01,4.216475360200408613e+04
4.245833333333332860e+01,3.255966438009251578e+04
4.247916666666666430e+01,3.595674602206209238e+04
4.250000000000000000e+01,4.429718863631394197e+04
4.252083333333332860e+01,4.202823112171464891e+04
4.254166666666666430e+01,3.248586811047439187e+04
4.256250000000000000e+01,3.567887017300316074e+04
4.258333333333332860e+01,4.525999314824773319e+04
4.260416666666666430e+01,4.204595235975467222e+04
4.262500000000000000e+01,3.244276144136760558e+04
4.264583333333332860e+01,3.563550999081254849e+04
4.266666666666666430e+01,4.321040001060577924e+04
4.268750000000000000e+01,4.174051751102479466e+04
4.270833333333332860e+01,2.982418160772610281e+04
4.272916666666666430e+01,3.107280006724051054e+04
4.275000000000000000e+01,3.739916051222564420e+04
4.277083333333332860e+01,3.837992999063969910e+04
4.279166666666666430e+01,3.371786452751971228e+04
4.281250000000000000e+01,3.242123791665310637e+04
4.283333333333332860e+01,3.970127331706219411e+04
4.285416666666666430e+01,4.016773011005191802e+04
4.287500000000000000e+01,3.407790657996961818e+04
4.289583333333332860e+01,3.311293960972478089e+04
4.291666666666666430e+01,4.110764611420650181e+04
4.293750000000000000e+01,4.028080459627175151e+04
4.295833333333332860e+01,3.527729033006107056e+04
4.297916666666666430e+01,3.682326436830121384e+04
4.300000000000000000e+01,4.209846077854684700e+04
4.302083333333332860e+01,4.207616023484484322e+04
4.304166666666666430e+01,3.268957857855599286e+04
4.306250000000000000e+01,3.596439056890627398e+04
4.308333333333332860e+01,4.267284779100688320e+04
4.310416666666666430e+01,4.560686936233305460e+04
4.312500000000000000e+01,3.936272652328015829e+04
4.314583333333332860e+01,3.298327863119223184e+04
4.316666666666666430e+01,3.305019626470190997e+04
4.318750000000000000e+01,3.682987648041436478e+04
4.320833333333332860e+01,4.606785952596191783e+04
4.322916666666666430e+01,4.609132201086384157e+04
4.325000000000000000e+01,3.960219625760085910e+04
4.327083333333332860e+01,3.311958758705763466e+04
4.329166666666666430e+01,3.520356101135443168e+04
4.331250000000000000e+01,3.943605334692876932e+04
4.333333333333332860e+01,4.262075198115386593e+04
4.335416666666666430e+01,4.369806207893140527e+04
4.337500000000000000e+01,4.021782823390217527e+04
4.339583333333332860e+01,3.320421571132810641e+04
4.341666666666666430e+01,3.404276242778566666e+04
4.343750000000000000e+01,4.513729048918004264e+04
4.345833333333332860e+01,4.463045496966724750e+04
4.347916666666666430e+01,3.207595114024994109e+04
4.350000000000000000e+01,3.300372535005526152e+04
4.352083333333332860e+01,4.478192132939257135e+04
4.354166666666666430e+01,4.261842562595648633e+04
4.356250000000000000e+01,3.374268791426696407e+04
4.358333333333332860e+01,3.441729957214068418e+04
4.360416666666666430e+01,4.413158509362138284e+04
4.362500000000000000e+01,4.120855004348490911e+04
4.364583333333332860e+01,3.180711723811728007e+04
4.366666666666666430e+01,3.501907852339481906e+04
4.368750000000000000e+01,4.463076376714975777e+04
4.370833333333332860e+01,4.143767495374710415e+04
4.372916666666666430e+01,3.185912816198297151e+04
4.375000000000000000e+01,3.586191781376219296e+04
4.377083333333332860e+01,4.375187628565402701e+04
4.379166666666666430e+01,4.153628789685000811e+04
4.381250000000000000e+01,3.197151751847110791e+04
4.383333333333332860e+01,3.520581094309943728e+04
4.385416666666666430e+01,4.481776579092039174e+04
4.387500000000000000e+01,4.083474115024258936e+04
4.389583333333332860e+01,3.205880235274360530e+04
4.391666666666666430e+01,3.527336154905764852e+04
4.393750000000000000e+01,4.488036590748857270e+04
4.395833333333332860e+01,4.169257259244941088e+04
4.397916666666666430e+01,3.210758504837991131e+04
4.400000000000000000e+01,3.510506122703604342e+04
4.402083333333332860e+01,3.937434536798475892e+04
4.404166666666666430e+01,3.816842427789850626e+04
4.406250000000000000e+01,2.806201895442525347e+04
4.408333333333332860e+01,3.125835205621448404e+04
4.410416666666666430e+01,4.108308785763302876e+04
4.412500000000000000e+01,3.668486730276989692e+04
4.414583333333332860e+01,2.981613498565022746e+04
4.416666666666666430e+01,3.334726052788702509e+04
4.418750000000000000e+01,4.245036232939593174e+04
4.420833333333332860e+01,3.860917111845492036e+04
4.422916666666666430e+01,3.168668804404018738e+04
4.425000000000000000e+01,3.541465842165518552e+04
4.427083333333332860e+01,4.212092508352583536e+04
4.429166666666666430e+01,4.036372845192727254e+04
4.431250000000000000e+01,3.786568451457674382e+04
4.433333333333332860e+01,3.481143240619093558e+04
4.435416666666666430e+01,3.509779247677800595e+04
4.437500000000000000e+01,4.113260628673930478e+04
4.439583333333332860e+01,4.476259875864859350e+04
4.441666666666666430e+01,3.846376927519518358e+04
4.443750000000000000e+01,3.215698759334064744e+04
4.445833333333332860e+01,3.551154336986154522e+04
4.447916666666666430e+01,4.191437541153785423e+04
4.450000000000000000e+01,4.520578335337082535e+04
4.452083333333332860e+01,3.746250314923914993e+04
4.454166666666666430e+01,3.337195003632114822e+04
4.456250000000000000e+01,4.101766840619254799e+04
4.458333333333332860e+01,4.458348384601758153e+04
4.460416666666666430e+01,3.578080951948691654e+04
4.462500000000000000e+01,3.248652479415259950e+04
4.464583333333332860e+01,4.192001926860937965e+04
4.466666666666666430e+01,4.503881039671460167e+04
4.468750000000000000e+01,3.545623325300683064e+04
4.470833333333332860e+01,3.213728402488444044e+04
4.472916666666666430e+01,4.159008157484196272e+04
4.475000000000000000e+01,4.311769531001056748e+04
4.477083333333332860e+01,3.568710295273614611e+04
4.479166666666666430e+01,3.273068339194601867e+04
4.481250000000000000e+01,4.129942186423298699e+04
4.483333333333332860e+01,4.266304054722069122e+04
4.485416666666666430e+01,3.485028896383770916e+04
4.487500000000000000e+01,3.271482839905311266e+04
4.489583333333332860e+01,4.117235660115045903e+04
4.491666666666666430e+01,4.133579896677179931e+04
4.493750000000000000e+01,3.476940123625847627e+04
4.495833333333332860e+01,3.476414709253724141e+04
4.497916666666666430e+01,4.117294032977580355e+04
4.500000000000000000e+01,4.119045889669773169e+04
4.502083333333332860e+01,3.480237632534070872e+04
4.504166666666666430e+01,3.541722934497621463e+04
4.506250000000000000e+01,4.145100338647753233e+04
4.508333333333332860e+01,4.130081964044964843e+04
4.510416666666666430e+01,3.357552411502965697e+04
4.512500000000000000e+01,3.496512448953212152e+04
4.514583333333332860e+01,4.318851307154724054e+04
4.516666666666666430e+01,4.139118796969266259e+04
4.518750000000000000e+01,3.180199375224034884e+04
4.520833333333332860e+01,3.570312414327342412e+04
4.522916666666666430e+01,4.463997227340229438e+04
4.525000000000000000e+01,4.144206114237623115e+04
4.527083333333332860e+01,3.185642198190007912e+04
4.529166666666666430e+01,3.507358204071820364e+04
4.531250000000000000e+01,4.468325853526075662e+04
4.533333333333332860e+01,4.202329866229830805e+04
4.535416666666666430e+01,3.504844905420596479e+04
4.537500000000000000e+01,4.102748412686490337e+04
4.539583333333332860e+01,4.886250223328873835e+04
4.541666666666666430e+01,4.220882012417362421e+04
4.543750000000000000e+01,3.621499439637154865e+04
4.545833333333332860e+01,4.254100252804750198e+04
4.547916666666666430e+01,4.881578359870846180e+04
4.550000000000000000e+01,4.227330566039266705e+04
4.552083333333332860e+01,3.670829030713211250e+04
4.554166666666666430e+01,4.194476039572545415e+04
4.556250000000000000e+01,4.779503236055590969e+04
4.558333333333332860e+01,4.110251593758325907e+04
4.560416666666666430e+01,3.549914146380250895e+04
4.562500000000000000e+01,4.128971740040770965e+04
4.564583333333332860e+01,4.752705258312893420e+04
4.566666666666666430e+01,4.098740456762475515e+04
4.568750000000000000e+01,3.444539747873657325e+04
4.570833333333332860e+01,4.051455283766084176e+04
4.572916666666666430e+01,4.599362986788361013e+04
4.575000000000000000e+01,4.047573778834541008e+04
4.577083333333332860e+01,3.426087293674650573e+04
4.579166666666666430e+01,4.025964716763938486e+04
4.581250000000000000e+01,4.655607542748535343e+04
4.583333333333332860e+01,3.990146796988344431e+04
4.585416666666666430e+01,3.409847945236013766e+04
4.587500000000000000e+01,3.990404324349554372e+04
4.589583333333332860e+01,4.622245651779422042e+04
4.591666666666666430e+01,3.919585627156178816e+04
4.593750000000000000e+01,3.330215756529896316e+04
4.595833333333332860e+01,3.962773271378269419e+04
4.597916666666666430e+01,4.595994417504153535e+04
4.600000000000000000e+01,3.950829956155287800e+04
4.602083333333332860e+01,3.354736871109966887e+04
4.604166666666666430e+01,3.940326063151723065e+04
4.606250000000000000e+01,4.501241644001855457e+04
4.608333333333332860e+01,3.931690813899738714e+04
4.610416666666666430e+01,3.287182430446559010e+04
4.612500000000000000e+01,3.923232259399300528e+04
4.614583333333332860e+01,4.559165521461751632e+04
4.616666666666666430e+01,3.915586619540713582e+04
4.618750000000000000e+01,3.271959626689748620e+04
4.620833333333332860e+01,3.908962135820893309e+04
4.622916666666666430e+01,4.545739030178607209e+04
4.625000000000000000e+01,3.808536728542361379e+04
4.627083333333332860e+01,3.316400399704614392e+04
4.629166666666666430e+01,3.894830875971903879e+04
4.631250000000000000e+01,4.435367816294151271e+04
4.633333333333332860e+01,3.894740875734703877e+04
4.635416666666666430e+01,3.286221892058553203e+04
4.637500000000000000e+01,3.890845253184247849e+04
4.639583333333332860e+01,4.528492992749976111e+04
4.641666666666666430e+01,3.886543897810226917e+04
4.643750000000000000e+01,3.244588125021494852e+04
4.645833333333332860e+01,3.882950091191301181e+04
4.647916666666666430e+01,4.521116608984731283e+04
4.650000000000000000e+01,3.880223268945932796e+04
4.652083333333332860e+01,3.312516778373198758e+04
4.654166666666666430e+01,3.877871031041532842e+04
4.656250000000000000e+01,4.516239447989103792e+04
4.658333333333332860e+01,3.876041743604253134e+04
4.660416666666666430e+01,3.234994620015591863e+04
4.662500000000000000e+01,3.873376471083034994e+04
4.664583333333332860e+01,4.512042641841679870e+04
4.666666666666666430e+01,3.871938946782885614e+04
4.668750000000000000e+01,3.243392672178300927e+04
4.670833333333332860e+01,3.870082133883373172e+04
4.672916666666666430e+01,4.409646079583340907e+04
4.675000000000000000e+01,3.854151815157531382e+04
4.677083333333332860e+01,3.265339935465398230e+04
4.679166666666666430e+01,3.868706725241840468e+04
4.681250000000000000e+01,4.507437857640756556e+04
4.683333333333332860e+01,3.750257397106802091e+04
4.685416666666666430e+01,3.229164408990702213e+04
4.687500000000000000e+01,3.867201691612098512e+04
4.689583333333332860e+01,4.505655786681906466e+04
4.691666666666666430e+01,3.865962603635243431e+04
4.693750000000000000e+01,3.304113273875485902e+04
4.695833333333332860e+01,3.910099038430012297e+04
4.697916666666666430e+01,4.504846629722954822e+04
4.700000000000000000e+01,3.865277384770514618e+04
4.702083333333332860e+01,3.224700436556756540e+04
4.704166666666666430e+01,3.863495670417264773e+04
4.706250000000000000e+01,4.410539315462302329e+04
4.708333333333332860e+01,3.863552254490523774e+04
4.710416666666666430e+01,3.223002187212120771e+04
4.712500000000000000e+01,3.862308114026520343e+04
4.714583333333332860e+01,4.501503774815909856e+04
4.716666666666666430e+01,3.799672701600666187e+04
4.718750000000000000e+01,3.287917000586970244e+04
4.720833333333332860e+01,3.862446490269908827e+04
4.722916666666666430e+01,4.501447943665763160e+04
4.725000000000000000e+01,3.861750817679115426e+04
4.727083333333332860e+01,3.221378575962208197e+04
4.729166666666666430e+01,3.860811049328654190e+04
4.731250000000000000e+01,4.479555332895088213e+04
4.733333333333332860e+01,3.860650606356534263e+04
4.735416666666666430e+01,3.220285809957817037e+04
4.737500000000000000e+01,3.860254241853341227e+04
4.739583333333332860e+01,4.465444653478862892e+04
4.741666666666666430e+01,3.750517764536016330e+04
4.743750000000000000e+01,3.222070109188412243e+04
4.745833333333332860e+01,3.861589418949795800e+04
4.747916666666666430e+01,4.500871940921577334e+04
4.750000000000000000e+01,3.860397742062983161e+04
4.752083333333332860e+01,3.260254360865948547e+04
4.754166666666666430e+01,3.882679303734091809e+04
4.756250000000000000e+01,4.500820550091078621e+04
4.758333333333332860e+01,3.860384163577830623e+04
4.760416666666666430e+01,3.219811581460944581e+04
4.762500000000000000e+01,3.860189864098224643e+04
4.764583333333332860e+01,4.500082326107076369e+04
4.766666666666666430e+01,3.859423133920049440e+04
4.768750000000000000e+01,3.218823301533544509e+04
4.770833333333332860e+01,3.859734965929279133e+04
4.772916666666666430e+01,4.473192692592965614e+04
4.775000000000000000e+01,3.859084625156618858e+04
4.777083333333332860e+01,3.218381343863467191e+04
4.779166666666666430e+01,3.859784662765834946e+04
4.781250000000000000e+01,4.490633447956276359e+04
4.783333333333332860e+01,3.836892219961908995e+04
4.785416666666666430e+01,3.218650517386948559e+04
4.787500000000000000e+01,3.860124954954488931e+04
4.789583333333332860e+01,4.458000840864984639e+04
4.791666666666666430e+01,3.774027743290635408e+04
4.793750000000000000e+01,3.220678509980369927e+04
4.795833333333332860e+01,3.861521180733496294e+04
4.797916666666666430e+01,4.501293253837656812e+04
4.800000000000000000e+01,3.860059376653109939e+04
4.802083333333332860e+01,3.219352682926211855e+04
4.804166666666666430e+01,3.859827058386874705e+04
4.806250000000000000e+01,4.422267357708874624e+04
4.808333333333332860e+01,4.041904434552186285e+04
4.810416666666666430e+01,3.520214445929628710e+04
4.812500000000000000e+01,4.289398244922135200e+04
4.814583333333332860e+01,4.871785248796959058e+04
4.816666666666666430e+01,4.276946849982738786e+04
4.818750000000000000e+01,3.637028226828620973e+04
4.820833333333332860e+01,4.270169710256625694e+04
4.822916666666666430e+01,4.897835714165902027e+04
4.825000000000000000e+01,4.242509054525896499e+04
4.827083333333332860e+01,3.585586758525078039e+04
4.829166666666666430e+01,4.208975605403870577e+04
4.831250000000000000e+01,4.810789402205001534e+04
4.833333333333332860e+01,4.037043563186609390e+04
4.835416666666666430e+01,3.520694726286358491e+04
4.837500000000000000e+01,4.157663031842916098e+04
4.839583333333332860e+01,4.730668711543652171e+04
4.841666666666666430e+01,4.114486858279891021e+04
4.843750000000000000e+01,3.460315739216520888e+04
4.845833333333332860e+01,4.175372082264928031e+04
4.847916666666666430e+01,4.716592827303906233e+04
4.850000000000000000e+01,4.064697386962641031e+04
4.852083333333332860e+01,3.527533631487526873e+04
4.854166666666666430e+01,4.043814040382508392e+04
4.856250000000000000e+01,4.579387274776016420e+04
4.858333333333332860e+01,3.964285549820581218e+04
4.860416666666666430e+01,3.377463957866180863e+04
4.862500000000000000e+01,4.008244541037731688e+04
4.864583333333332860e+01,4.639573798905700096e+04
4.866666666666666430e+01,3.992516882630513282e+04
4.868750000000000000e+01,3.345445531458863843e+04
4.870833333333332860e+01,3.978326994190408732e+04
4.872916666666666430e+01,4.611631495500756864e+04
4.875000000000000000e+01,3.897684605964103685e+04
4.877083333333332860e+01,3.323040074033805286e+04
4.879166666666666430e+01,3.956474001308833977e+04
4.881250000000000000e+01,4.590663499036816938e+04
4.883333333333332860e+01,3.947449174569058960e+04
4.885416666666666430e+01,3.426830332430769340e+04
4.887500000000000000e+01,3.939243691875749209e+04
4.889583333333332860e+01,4.434091548704960587e+04
4.891666666666666430e+01,3.933442692795536277e+04
4.893750000000000000e+01,3.509114626695924380e+04
4.895833333333332860e+01,3.926521787916478206e+04
4.897916666666666430e+01,4.242920342305077065e+04
4.900000000000000000e+01,3.980765096499336505e+04
4.902083333333332860e+01,3.597417449380565813e+04
4.904166666666666430e+01,3.914056487003608345e+04
4.906250000000000000e+01,4.231792111862749152e+04
4.908333333333332860e+01,3.909816877423432015e+04
4.910416666666666430e+01,3.651810988784922665e+04
4.912500000000000000e+01,3.857629994755106600e+04
4.914583333333332860e+01,4.223774231273953046e+04
4.916666666666666430e+01,3.902020278185018833e+04
4.918750000000000000e+01,3.580624701312746038e+04
4.920833333333332860e+01,3.898804354632184550e+04
4.922916666666666430e+01,4.216606557983467792e+04
4.925000000000000000e+01,3.895168380424088537e+04
4.927083333333332860e+01,3.634168953432983108e+04
4.929166666666666430e+01,3.877801728326263401e+04
4.931250000000000000e+01,4.211889365011486370e+04
4.933333333333332860e+01,3.890739541309164633e+04
4.935416666666666430e+01,3.570738966786101810e+04
4.937500000000000000e+01,3.888795781560522300e+04
4.939583333333332860e+01,4.002547558872872469e+04
4.941666666666666430e+01,3.873513173149079375e+04
4.943750000000000000e+01,3.421932233507839555e+04
4.945833333333332860e+01,3.453135498426324921e+04
4.947916666666666430e+01,3.480025124773514108e+04
4.950000000000000000e+01,3.828209272512169991e+04
4.952083333333332860e+01,3.539148737427789456e+04
4.954166666666666430e+01,3.268510714952193666e+04
4.956250000000000000e+01,3.633516573966947180e+04
4.958333333333332860e+01,4.162595417206951242e+04
4.960416666666666430e+01,3.701459913937527017e+04
4.962500000000000000e+01,3.337365369240289147e+04
4.964583333333332860e+01,3.781059563684044406e+04
4.966666666666666430e+01,3.838453358131631830e+04
4.968750000000000000e+01,3.821380866364883695e+04
4.970833333333332860e+01,3.603568807105156156e+04
4.972916666666666430e+01,3.855240465761656378e+04
4.975000000000000000e+01,3.817245775770601176e+04
4.977083333333332860e+01,3.878219087886706984e+04
4.979166666666666430e+01,3.688385063416197954e+04
4.981250000000000000e+01,3.894224938498921256e+04
4.983333333333332860e+01,4.138953095202318218e+04
4.985416666666666430e+01,3.913733114984592976e+04
4.987500000000000000e+01,3.752209569473502052e+04
4.989583333333332860e+01,3.922180579009062058e+04
4.991666666666666430e+01,3.924190981504576484e+04
4.993750000000000000e+01,3.930553041579943238e+04
4.995833333333332860e+01,3.829015455662089516e+04
4.997916666666666430e+01,3.925499662097468536e+04
5.000000000000000000e+01,4.005096278703496500e+04
5.002083333333332860e+01,3.923404186932225275e+04
5.004166666666666430e+01,3.914646834865621349e+04
5.006250000000000000e+01,3.899303627542233153e+04
5.008333333333332860e+01,3.939874608675097988e+04
5.010416666666666430e+01,3.884636201884485490e+04
5.012500000000000000e+01,3.874742066064025857e+04
5.014583333333332860e+01,4.057585004816100991e+04
5.016666666666666430e+01,3.918313523468942731e+04
5.018750000000000000e+01,3.844935936191938526e+04
5.020833333333332860e+01,3.838094478908264136e+04
5.022916666666666430e+01,3.830642921202079015e+04
5.025000000000000000e+01,4.029367318413370231e+04
5.027083333333332860e+01,3.825279253232124756e+04
5.029166666666666430e+01,3.428989228665574046e+04
5.031250000000000000e+01,4.077788417330577067e+04
5.033333333333332860e+01,4.141049288683038321e+04
5.035416666666666430e+01,3.501613204256663448e+04
5.037500000000000000e+01,3.621402458919578930e+04
5.039583333333332860e+01,4.143708151020677178e+04
5.041666666666666430e+01,4.144166042418095458e+04
5.043750000000000000e+01,3.396053305556582200e+04
5.045833333333332860e+01,3.641485840028752864e+04
5.047916666666666430e+01,4.154072446663113806e+04
5.050000000000000000e+01,4.142459209064405150e+04
5.052083333333332860e+01,3.533748659598855738e+04
5.054166666666666430e+01,3.662053057771432213e+04
5.056250000000000000e+01,4.160355743218218413e+04
5.058333333333332860e+01,3.960982019681049860e+04
5.060416666666666430e+01,3.526100476320644520e+04
5.062500000000000000e+01,3.833917342126613221e+04
5.064583333333332860e+01,4.066603274672856787e+04
5.066666666666666430e+01,3.848608004587989853e+04
5.068750000000000000e+01,3.632545918513258948e+04
5.070833333333332860e+01,3.851234107008085266e+04
5.072916666666666430e+01,3.836406195603674132e+04
5.075000000000000000e+01,3.666299556750849297e+04
5.077083333333332860e+01,3.183168566671504959e+04
5.079166666666666430e+01,3.126002017193900610e+04
5.081250000000000000e+01,3.729551032255659811e+04
5.083333333333332860e+01,3.639037888830305747e+04
5.085416666666666430e+01,3.158860191590478280e+04
5.087500000000000000e+01,3.520043309354118537e+04
5.089583333333332860e+01,3.882016380436968757e+04
5.091666666666666430e+01,3.592649563117394428e+04
5.093750000000000000e+01,3.376748419546504010e+04
5.095833333333332860e+01,3.625285235935859237e+04
5.097916666666666430e+01,4.022501473713350424e+04
5.100000000000000000e+01,4.067766015521979716e+04
5.102083333333332860e+01,3.449120611789464601e+04
5.104166666666666430e+01,3.698806453692126524e+04
5.106250000000000000e+01,4.226656184098098311e+04
5.108333333333332860e+01,3.817160688789893902e+04
5.110416666666666430e+01,3.476987274142669776e+04
5.112500000000000000e+01,3.806928153134851891e+04
5.114583333333332860e+01,4.171682068382258149e+04
5.116666666666666430e+01,4.431559382443536742e+04
5.118750000000000000e+01,3.516547171498043463e+04
5.120833333333332860e+01,3.207475657090396999e+04
5.122916666666666430e+01,4.199740182193881628e+04
5.125000000000000000e+01,4.416854657745615987e+04
5.127083333333332860e+01,3.532797827576062264e+04
5.129166666666666430e+01,3.237102327540929400e+04
5.131250000000000000e+01,4.304721967204711837e+04
5.133333333333332860e+01,4.500871092487803980e+04
5.135416666666666430e+01,3.270034595525543409e+04
5.137500000000000000e+01,3.216913630222316351e+04
5.139583333333332860e+01,4.394453017072991497e+04
5.141666666666666430e+01,4.383852801924041705e+04
5.143750000000000000e+01,3.205147883406696565e+04
5.145833333333332860e+01,3.200113518231994749e+04
5.147916666666666430e+01,4.186175523686219094e+04
5.150000000000000000e+01,4.458797430533705483e+04
5.152083333333332860e+01,3.386512769605191716e+04
5.154166666666666430e+01,3.169600867037856369e+04
5.156250000000000000e+01,4.126082245518155105e+04
5.158333333333332860e+01,4.394582651068999985e+04
5.160416666666666430e+01,3.343619411774475884e+04
5.162500000000000000e+01,3.228435556022360106e+04
5.164583333333332860e+01,4.233451690066132869e+04
5.166666666666666430e+01,4.428923507321476791e+04
5.168750000000000000e+01,3.158171304508986577e+04
5.170833333333332860e+01,3.164010298422119013e+04
5.172916666666666430e+01,4.424458644096197531e+04
5.175000000000000000e+01,4.248520766926401120e+04
5.177083333333332860e+01,3.166848084141481377e+04
5.179166666666666430e+01,3.278806394214680768e+04
5.181250000000000000e+01,4.409173882293357019e+04
5.183333333333332860e+01,4.185384513765729207e+04
5.185416666666666430e+01,3.175787417985305365e+04
5.187500000000000000e+01,3.510181315014658321e+04
5.189583333333332860e+01,4.443977477308784000e+04
5.191666666666666430e+01,4.122028844624737394e+04
5.193750000000000000e+01,3.182004174074162438e+04
5.195833333333332860e+01,3.502520321364367555e+04
5.197916666666666430e+01,4.464738429421437468e+04
5.200000000000000000e+01,4.146123887346210540e+04
5.202083333333332860e+01,3.186186778139708986e+04
5.204166666666666430e+01,3.385592818152642576e+04
5.206250000000000000e+01,4.668895051956600946e+04
5.208333333333332860e+01,4.489470415408902045e+04
5.210416666666666430e+01,3.587178220662799140e+04
5.212500000000000000e+01,3.994613391820476681e+04
5.214583333333332860e+01,4.900416910319143062e+04
5.216666666666666430e+01,4.580886850678249903e+04
5.218750000000000000e+01,3.614526337691676599e+04
5.220833333333332860e+01,3.922627717736657360e+04
5.222916666666666430e+01,4.866577351826459198e+04
5.225000000000000000e+01,4.468006775133043993e+04
5.227083333333332860e+01,3.555131954148066143e+04
5.229166666666666430e+01,3.858099018494156917e+04
5.231250000000000000e+01,4.669821470584710914e+04
5.233333333333332860e+01,4.463217575306647632e+04
5.235416666666666430e+01,3.509720263085949409e+04
5.237500000000000000e+01,3.848525278383581463e+04
5.239583333333332860e+01,4.739005542028453056e+04
5.241666666666666430e+01,4.404844783785050095e+04
5.243750000000000000e+01,3.433187849728274159e+04
5.245833333333332860e+01,3.741075466693480848e+04
5.247916666666666430e+01,4.688172522371943342e+04
5.250000000000000000e+01,4.342270146968983317e+04
5.252083333333332860e+01,3.386802974005504075e+04
5.254166666666666430e+01,3.696803262667982926e+04
5.256250000000000000e+01,4.503157256424892694e+04
5.258333333333332860e+01,4.183962915317812440e+04
5.260416666666666430e+01,3.510253788663214800e+04
5.262500000000000000e+01,3.859519470541297778e+04
5.264583333333332860e+01,4.297987906497906806e+04
5.266666666666666430e+01,4.122327234100175701e+04
5.268750000000000000e+01,3.708604771714609524e+04
5.270833333333332860e+01,3.929737302803272905e+04
5.272916666666666430e+01,4.272077322249346616e+04
5.275000000000000000e+01,3.945501833225091832e+04
5.277083333333332860e+01,3.620007761061646306e+04
5.279166666666666430e+01,3.935619486061027419e+04
5.281250000000000000e+01,4.250953585399307485e+04
5.283333333333332860e+01,3.926114514357835287e+04
5.285416666666666430e+01,3.627221719151079742e+04
5.287500000000000000e+01,3.919090959054657287e+04
5.289583333333332860e+01,4.234918433363042277e+04
5.291666666666666430e+01,3.977184467343709548e+04
5.293750000000000000e+01,3.646546693496441731e+04
5.295833333333332860e+01,3.813305062823696790e+04
5.297916666666666430e+01,4.224039015873699100e+04
5.300000000000000000e+01,3.960047651157015935e+04
5.302083333333332860e+01,3.580098611339068157e+04
5.304166666666666430e+01,3.896849329113841668e+04
5.306250000000000000e+01,4.213761081225834641e+04
5.308333333333332860e+01,3.891806398589545279e+04
5.310416666666666430e+01,3.584410571027828701e+04
5.312500000000000000e+01,3.887604337034894706e+04
5.314583333333332860e+01,4.205410906608268851e+04
5.316666666666666430e+01,3.922028610784158082e+04
5.318750000000000000e+01,3.667383020805743581e+04
5.320833333333332860e+01,3.882025842966633354e+04
5.322916666666666430e+01,4.112032287966636795e+04
5.325000000000000000e+01,3.982064746492611448e+04
5.327083333333332860e+01,3.611200973516480008e+04
5.329166666666666430e+01,3.855810784698292991e+04
5.331250000000000000e+01,4.197035179148086172e+04
5.333333333333332860e+01,3.876216266055381129e+04
5.335416666666666430e+01,3.554618689133118460e+04
5.337500000000000000e+01,3.852316745367947442e+04
5.339583333333332860e+01,4.191927672170653386e+04
5.341666666666666430e+01,3.871266920392173051e+04
5.343750000000000000e+01,3.632043929416215542e+04
5.345833333333332860e+01,3.825755502982472535e+04
5.347916666666666430e+01,4.189317190126181231e+04
5.350000000000000000e+01,3.868780481409953063e+04
5.352083333333332860e+01,3.548588221961773525e+04
5.354166666666666430e+01,3.867840737007451389e+04
5.356250000000000000e+01,4.186648912064628530e+04
5.358333333333332860e+01,3.865972001565044775e+04
5.360416666666666430e+01,3.546073788910437725e+04
5.362500000000000000e+01,3.865797247673859965e+04
5.364583333333332860e+01,4.184717042192021472e+04
5.366666666666666430e+01,3.864152368839718110e+04
5.368750000000000000e+01,3.666375375935885677e+04
5.370833333333332860e+01,3.865023150772623922e+04
5.372916666666666430e+01,4.141343958518312866e+04
5.375000000000000000e+01,3.825403179911326879e+04
5.377083333333332860e+01,3.544602153459544934e+04
5.379166666666666430e+01,3.863983519882072142e+04
5.381250000000000000e+01,4.182920345571560028e+04
5.383333333333332860e+01,3.862391682398780540e+04
5.385416666666666430e+01,3.639643931739649270e+04
5.387500000000000000e+01,3.862716371484509000e+04
5.389583333333332860e+01,4.182088697301950742e+04
5.391666666666666430e+01,3.861906695368849614e+04
5.393750000000000000e+01,3.541470721090745792e+04
5.395833333333332860e+01,3.860987267340409744e+04
5.397916666666666430e+01,4.181081554229007452e+04
5.400000000000000000e+01,3.940999911642803636e+04
5.402083333333332860e+01,3.541200627512230858e+04
5.404166666666666430e+01,3.860845204288799141e+04
5.406250000000000000e+01,4.181215430999859382e+04
5.408333333333332860e+01,3.874739305919223989e+04
5.410416666666666430e+01,3.686154497072818049e+04
5.412500000000000000e+01,3.821775208363407728e+04
5.414583333333332860e+01,4.020516431913637643e+04
5.416666666666666430e+01,3.862012306159801665e+04
5.418750000000000000e+01,3.861126098733468098e+04
5.420833333333332860e+01,3.785415547240727028e+04
5.422916666666666430e+01,3.861015974540979369e+04
5.425000000000000000e+01,3.881200254604245129e+04
5.427083333333332860e+01,3.860084995483433886e+04
5.429166666666666430e+01,3.859200122037394613e+04
5.431250000000000000e+01,3.953801135822265496e+04
5.433333333333332860e+01,3.967422000183101773e+04
5.435416666666666430e+01,3.861718465027862840e+04
5.437500000000000000e+01,3.726636517083161743e+04
5.439583333333332860e+01,3.861820638412681001e+04
5.441666666666666430e+01,4.093249437398309965e+04
5.443750000000000000e+01,3.860756161879241699e+04
5.445833333333332860e+01,3.540066424499143614e+04
5.447916666666666430e+01,3.859929914613818255e+04
5.450000000000000000e+01,4.179470839047284244e+04
5.452083333333332860e+01,3.858885081747912773e+04
5.454166666666666430e+01,3.610761615780126886e+04
5.456250000000000000e+01,3.904871507283741812e+04
5.458333333333332860e+01,4.179536216966350185e+04
5.460416666666666430e+01,3.859334397678192909e+04
5.462500000000000000e+01,3.539636202140857495e+04
5.464583333333332860e+01,3.859223658225948020e+04
5.466666666666666430e+01,4.178646330756947282e+04
5.468750000000000000e+01,3.858943972465115803e+04
5.470833333333332860e+01,3.498332114072215336e+04
5.472916666666666430e+01,3.859095230081649061e+04
5.475000000000000000e+01,4.178631840357220062e+04
5.477083333333332860e+01,3.859190262006348348e+04
5.479166666666666430e+01,3.558129704641630087e+04
5.481250000000000000e+01,3.991895329224300076e+04
5.483333333333332860e+01,4.179523497902529198e+04
5.485416666666666430e+01,3.723476388388467603e+04
5.487500000000000000e+01,3.540907857792190043e+04
5.489583333333332860e+01,4.099904601075414394e+04
5.491666666666666430e+01,4.179682870014311629e+04
5.493750000000000000e+01,3.539818379310749151e+04
5.495833333333332860e+01,3.571824199016598141e+04
5.497916666666666430e+01,4.179463822027460265e+04
5.500000000000000000e+01,4.178388933750252181e+04
5.502083333333332860e+01,3.480091059324632079e+04
5.504166666666666430e+01,3.661017050590543658e+04
5.506250000000000000e+01,4.180632672083633224e+04
5.508333333333332860e+01,4.089565347552917956e+04
5.510416666666666430e+01,3.540904630960186478e+04
5.512500000000000000e+01,3.611919482426354807e+04
5.514583333333332860e+01,4.179991663127329957e+04
5.516666666666666430e+01,4.179124270503304433e+04
5.518750000000000000e+01,3.539332548986677284e+04
5.520833333333332860e+01,3.608924534488632344e+04
5.522916666666666430e+01,4.180166738033856382e+04
5.525000000000000000e+01,4.179106249318833579e+04
5.527083333333332860e+01,3.539205080574430758e+04
5.529166666666666430e+01,3.522989814919650235e+04
5.531250000000000000e+01,4.180210729541804176e+04
5.533333333333332860e+01,4.236424891927653516e+04
5.535416666666666430e+01,3.540983771047628397e+04
5.537500000000000000e+01,3.395759656869540777e+04
5.539583333333332860e+01,4.180306995358669519e+04
5.541666666666666430e+01,4.305496161277811188e+04
5.543750000000000000e+01,3.540146675202792539e+04
5.545833333333332860e+01,3.345592844824628264e+04
5.547916666666666430e+01,4.180010941533733421e+04
5.550000000000000000e+01,4.499137026724232419e+04
5.552083333333332860e+01,3.455605112857935455e+04
5.554166666666666430e+01,3.219824915248857724e+04
5.556250000000000000e+01,4.178970389677766070e+04
5.558333333333332860e+01,4.498515667778456555e+04
5.560416666666666430e+01,3.538865650156744960e+04
5.562500000000000000e+01,3.218934901381078453e+04
5.564583333333332860e+01,4.178228362257477420e+04
5.566666666666666430e+01,4.498075005713995779e+04
5.568750000000000000e+01,3.377980456683564262e+04
5.570833333333332860e+01,3.219695750814811254e+04
5.572916666666666430e+01,4.358301876347610960e+04
5.575000000000000000e+01,4.499582598706617136e+04
5.577083333333332860e+01,3.219687762430746079e+04
5.579166666666666430e+01,3.219456124645713862e+04
5.581250000000000000e+01,4.499230756414015195e+04
5.583333333333332860e+01,4.483398317103223962e+04
5.585416666666666430e+01,3.219296101187001113e+04
5.587500000000000000e+01,3.218691511648059168e+04
5.589583333333332860e+01,4.308956555035968631e+04
5.591666666666666430e+01,4.435227956342726247e+04
5.593750000000000000e+01,3.278958315270929597e+04
5.595833333333332860e+01,3.220310948170516713e+04
5.597916666666666430e+01,4.500263289235730917e+04
5.600000000000000000e+01,4.394964012146905588e+04
5.602083333333332860e+01,3.219648385893071099e+04
5.604166666666666430e+01,3.218812599811988548e+04
5.606250000000000000e+01,4.499476764836816437e+04
5.608333333333332860e+01,4.388888324852213555e+04
5.610416666666666430e+01,3.219498119876742203e+04
5.612500000000000000e+01,3.224464443124756872e+04
5.614583333333332860e+01,4.499737463603204378e+04
5.616666666666666430e+01,4.499479789939483453e+04
5.618750000000000000e+01,3.219098321456462145e+04
5.620833333333332860e+01,3.218645204536036545e+04
5.622916666666666430e+01,4.498805115215117257e+04
5.625000000000000000e+01,4.360188143648870027e+04
5.627083333333332860e+01,3.220201767873151402e+04
5.629166666666666430e+01,3.219501226375742408e+04
5.631250000000000000e+01,4.499313394438754040e+04
5.633333333333332860e+01,4.498905867491469689e+04
5.635416666666666430e+01,3.219042863545561704e+04
5.637500000000000000e+01,3.218740096806583824e+04
5.639583333333332860e+01,4.498699372691880853e+04
5.641666666666666430e+01,4.325379830687763024e+04
5.643750000000000000e+01,3.220893984747600916e+04
5.645833333333332860e+01,3.219620373126056802e+04
5.647916666666666430e+01,4.423098548492295231e+04
5.650000000000000000e+01,4.462264391703443835e+04
5.652083333333332860e+01,3.219596992977667469e+04
5.654166666666666430e+01,3.218967527011631319e+04
5.656250000000000000e+01,4.499445258378681319e+04
5.658333333333332860e+01,4.488102214556261606e+04
5.660416666666666430e+01,3.218683455872495324e+04
5.662500000000000000e+01,3.217921705965181900e+04
5.664583333333332860e+01,4.419373522434188635e+04
5.666666666666666430e+01,4.384520956934138667e+04
5.668750000000000000e+01,3.219748119625285472e+04
5.670833333333332860e+01,3.219083922621644160e+04
5.672916666666666430e+01,4.500066815427870461e+04
5.675000000000000000e+01,4.499901594447945536e+04
5.677083333333332860e+01,3.218987874301715419e+04
5.679166666666666430e+01,3.218335842642646094e+04
5.681250000000000000e+01,4.498933801746008976e+04
5.683333333333332860e+01,4.487925073068945494e+04
5.685416666666666430e+01,3.218345220546339988e+04
5.687500000000000000e+01,3.217617862296649764e+04
5.689583333333332860e+01,4.427431091180505609e+04
5.691666666666666430e+01,4.291487117247001879e+04
5.693750000000000000e+01,3.220803821795133626e+04
5.695833333333332860e+01,3.323471362727382802e+04
5.697916666666666430e+01,4.501326366973794211e+04
5.700000000000000000e+01,4.461483517924178886e+04
5.702083333333332860e+01,3.220354176674924383e+04
5.704166666666666430e+01,3.219196926107565741e+04
5.706250000000000000e+01,4.499286877215751883e+04
5.708333333333332860e+01,4.344544496495404019e+04
5.710416666666666430e+01,3.219777810012880582e+04
5.712500000000000000e+01,3.219028550686275412e+04
5.714583333333332860e+01,4.499372016923109913e+04
5.716666666666666430e+01,4.425552901062551246e+04
5.718750000000000000e+01,3.220305304906423407e+04
5.720833333333332860e+01,3.219357840280743039e+04
5.722916666666666430e+01,4.499230511750273581e+04
5.725000000000000000e+01,4.489240490799249528e+04
5.727083333333332860e+01,3.218616301338345511e+04
5.729166666666666430e+01,3.217896534605324632e+04
5.731250000000000000e+01,4.352854586411944183e+04
5.733333333333332860e+01,4.442691827594504139e+04
5.735416666666666430e+01,3.219576372495125906e+04
5.737500000000000000e+01,3.218854481309625407e+04
5.739583333333332860e+01,4.499688120042645460e+04
5.741666666666666430e+01,4.499545594639973569e+04
5.743750000000000000e+01,3.218605474307209806e+04
5.745833333333332860e+01,3.217874845167995227e+04
5.747916666666666430e+01,4.431366356211833045e+04
5.750000000000000000e+01,4.456786669901839196e+04
5.752083333333332860e+01,3.219198915299627333e+04
5.754166666666666430e+01,3.218539025987499190e+04
5.756250000000000000e+01,4.474664936646373098e+04
5.758333333333332860e+01,4.311642231128879939e+04
5.760416666666666430e+01,3.221257254347170965e+04
5.762500000000000000e+01,3.322624414222376072e+04
5.764583333333332860e+01,4.500969034955953248e+04
5.766666666666666430e+01,4.380838940034674306e+04
5.768750000000000000e+01,3.220190442227401218e+04
5.770833333333332860e+01,3.272754232079455687e+04
5.772916666666666430e+01,4.499826994485338946e+04
5.775000000000000000e+01,4.499272736532537238e+04
5.777083333333332860e+01,3.218946479199490204e+04
5.779166666666666430e+01,3.218317531382114976e+04
5.781250000000000000e+01,4.463206521226246696e+04
5.783333333333332860e+01,4.249245248087579967e+04
5.785416666666666430e+01,3.220179196517642777e+04
5.787500000000000000e+01,3.490760093044600944e+04
5.789583333333332860e+01,4.501130628720147797e+04
5.791666666666666430e+01,4.165034210257565428e+04
5.793750000000000000e+01,3.229661503853074464e+04
5.795833333333332860e+01,3.539150136001869396e+04
5.797916666666666430e+01,4.498977953945034824e+04
5.800000000000000000e+01,4.166883340193087497e+04
5.802083333333332860e+01,3.218831629506358877e+04
5.804166666666666430e+01,3.538263723694723012e+04
5.806250000000000000e+01,4.498546449162025237e+04
5.808333333333332860e+01,4.121771813550058869e+04
5.810416666666666430e+01,3.219013475396666036e+04
5.812500000000000000e+01,3.538672596977002831e+04
5.814583333333332860e+01,4.408795879113891715e+04
5.816666666666666430e+01,4.179799294835007458e+04
5.818750000000000000e+01,3.219145861335696100e+04
5.820833333333332860e+01,3.550382062457265420e+04
5.822916666666666430e+01,4.498961563236147049e+04
5.825000000000000000e+01,4.178518517049809452e+04
5.827083333333332860e+01,3.218535597888869233e+04
5.829166666666666430e+01,3.637319400610875164e+04
5.831250000000000000e+01,4.412127943336116732e+04
5.833333333333332860e+01,4.163275055383799190e+04
5.835416666666666430e+01,3.219929777560661023e+04
5.837500000000000000e+01,3.540106846231098461e+04
5.839583333333332860e+01,4.499526327964389930e+04
5.841666666666666430e+01,4.156358315466480417e+04
5.843750000000000000e+01,3.218987372820492965e+04
5.845833333333332860e+01,3.538970458459887595e+04
5.847916666666666430e+01,4.498960452026500570e+04
5.850000000000000000e+01,4.148097773073383723e+04
5.852083333333332860e+01,3.218239203004229057e+04
5.854166666666666430e+01,3.470811517318338156e+04
5.856250000000000000e+01,4.468414962911007024e+04
5.858333333333332860e+01,4.179519406196461932e+04
5.860416666666666430e+01,3.218580478430472795e+04
5.862500000000000000e+01,3.538840074584012473e+04
5.864583333333332860e+01,4.499667489665016910e+04
5.866666666666666430e+01,4.105551605342599942e+04
5.868750000000000000e+01,3.218921857143297893e+04
5.870833333333332860e+01,3.539282847387559741e+04
5.872916666666666430e+01,4.418469685642886907e+04
5.875000000000000000e+01,4.180354107117535023e+04
5.877083333333332860e+01,3.230061091757411486e+04
5.879166666666666430e+01,3.655174256744405284e+04
5.881250000000000000e+01,4.500427613332772307e+04
5.883333333333332860e+01,4.094948695473076077e+04
5.885416666666666430e+01,3.219856215667205470e+04
5.887500000000000000e+01,3.539451460577364196e+04
5.889583333333332860e+01,4.498903329170909274e+04
5.891666666666666430e+01,4.178537596029719862e+04
5.893750000000000000e+01,3.240222360847472009e+04
5.895833333333332860e+01,3.625870048151573428e+04
5.897916666666666430e+01,4.499302515955738636e+04
5.900000000000000000e+01,4.153126563329830242e+04
5.902083333333332860e+01,3.220051499768820577e+04
5.904166666666666430e+01,3.523087671032991784e+04
5.906250000000000000e+01,4.363100334458373254e+04
5.908333333333332860e+01,4.172557388481195812e+04
5.910416666666666430e+01,3.347831852545539732e+04
5.912500000000000000e+01,3.540239809207637154e+04
5.914583333333332860e+01,4.290540316295502998e+04
5.916666666666666430e+01,4.162489902406230249e+04
5.918750000000000000e+01,3.539527364818079513e+04
5.920833333333332860e+01,3.434721826403647719e+04
5.922916666666666430e+01,4.180321651195327286e+04
5.925000000000000000e+01,4.213634987965616892e+04
5.927083333333332860e+01,3.539610447508408106e+04
5.929166666666666430e+01,3.608680185370136314e+04
5.931250000000000000e+01,4.180870857134325342e+04
5.933333333333332860e+01,4.180033102738270827e+04
5.935416666666666430e+01,3.556403209572583728e+04
5.937500000000000000e+01,3.622752802758552571e+04
5.939583333333332860e+01,4.180305357352799911e+04
5.941666666666666430e+01,4.015482811981438135e+04
5.943750000000000000e+01,3.540374598708537815e+04
5.945833333333332860e+01,3.859660566518615087e+04
5.947916666666666430e+01,4.179039186602679547e+04
5.950000000000000000e+01,3.858781366841390263e+04
5.952083333333332860e+01,3.538768599173202529e+04
5.954166666666666430e+01,3.858709806088764162e+04
5.956250000000000000e+01,4.178495355800973630e+04
5.958333333333332860e+01,4.053503586916825589e+04
5.960416666666666430e+01,3.848007512781961850e+04
5.962500000000000000e+01,4.232198193257259845e+04
5.964583333333332860e+01,4.584722046422812127e+04
5.966666666666666430e+01,4.345079425737184647e+04
5.968750000000000000e+01,4.012509245529129112e+04
5.970833333333332860e+01,4.270383115754753817e+04
5.972916666666666430e+01,4.577951546137480182e+04
5.975000000000000000e+01,4.243448135561840900e+04
5.977083333333332860e+01,3.906350844566453452e+04
5.979166666666666430e+01,4.208209575311915978e+04
5.981250000000000000e+01,4.511343551805650350e+04
5.983333333333332860e+01,4.236635813354913262e+04
5.985416666666666430e+01,3.849453979893442011e+04
5.987500000000000000e+01,4.142282207964429836e+04
5.989583333333332860e+01,4.447661286180436582e+04
5.991666666666666430e+01,4.175754002583592955e+04
5.993750000000000000e+01,3.835248415317235776e+04
5.995833333333332860e+01,4.087559502045213594e+04
5.997916666666666430e+01,4.395312598986461671e+04
6.000000000000000000e+01,4.064320861351343774e+04
6.002083333333332860e+01,3.733429906848809333e+04
6.004166666666666430e+01,3.899837705486951745e+04
6.006250000000000000e+01,4.353124363720939436e+04
6.008333333333332860e+01,4.211132219562422688e+04
6.010416666666666430e+01,3.696217770774821111e+04
6.012500000000000000e+01,3.687408947855287261e+04
6.014583333333332860e+01,4.389283983851962694e+04
6.016666666666666430e+01,4.312716437047177169e+04
6.018750000000000000e+01,3.665176505211526819e+04
6.020833333333332860e+01,3.730762937854204938e+04
6.022916666666666430e+01,4.192734655740809831e+04
6.025000000000000000e+01,4.288444651675085333e+04
6.027083333333332860e+01,3.690390691883464024e+04
6.029166666666666430e+01,3.638076323396698717e+04
6.031250000000000000e+01,4.272560895605137921e+04
6.033333333333332860e+01,4.267784818321390048e+04
6.035416666666666430e+01,3.623156331901672820e+04
6.037500000000000000e+01,3.618988651213907724e+04
6.039583333333332860e+01,4.254781348670175794e+04
6.041666666666666430e+01,4.251594108346589928e+04
6.043750000000000000e+01,3.631143787363005686e+04
6.045833333333332860e+01,3.604719526723278250e+04
6.047916666666666430e+01,4.241192480112861813e+04
6.050000000000000000e+01,4.239254624622820120e+04
6.052083333333332860e+01,3.655258141671094199e+04
6.054166666666666430e+01,3.651328791655544046e+04
6.056250000000000000e+01,4.232467686552312080e+04
6.058333333333332860e+01,4.230862807120652724e+04
6.060416666666666430e+01,3.588510288424082682e+04
6.062500000000000000e+01,3.585747894653776893e+04
6.064583333333332860e+01,4.223406573163856956e+04
6.066666666666666430e+01,4.222068033342016133e+04
6.068750000000000000e+01,3.580160988574736257e+04
6.070833333333332860e+01,3.582909743017949950e+04
6.072916666666666430e+01,4.329010776483923109e+04
6.075000000000000000e+01,4.216617090384971380e+04
6.077083333333332860e+01,3.493708453951151023e+04
6.079166666666666430e+01,3.657283421961321437e+04
6.081250000000000000e+01,4.172330526419373200e+04
6.083333333333332860e+01,4.208478323392799211e+04
6.085416666666666430e+01,3.564828928874270787e+04
6.087500000000000000e+01,3.563839293601361715e+04
6.089583333333332860e+01,4.018936040729396336e+04
6.091666666666666430e+01,3.870083939184036717e+04
6.093750000000000000e+01,3.150562849457734410e+04
6.095833333333332860e+01,3.148300056444411530e+04
6.097916666666666430e+01,3.448032305612084747e+04
6.100000000000000000e+01,3.483952913046328467e+04
6.102083333333332860e+01,3.318268507847244473e+04
6.104166666666666430e+01,3.643014681878197734e+04
6.106250000000000000e+01,3.992275395998248860e+04
6.108333333333332860e+01,3.607869955633498466e+04
6.110416666666666430e+01,3.610443760862751515e+04
6.112500000000000000e+01,3.855486931217589881e+04
6.114583333333332860e+01,4.141159260435207398e+04
6.116666666666666430e+01,3.738628675088513410e+04
6.118750000000000000e+01,3.983924736740107619e+04
6.120833333333332860e+01,3.832623532519034052e+04
6.122916666666666430e+01,4.036008983786829776e+04
6.125000000000000000e+01,3.975013409409093583e+04
6.127083333333332860e+01,4.232754185627401603e+04
6.129166666666666430e+01,3.950119384671675652e+04
6.131250000000000000e+01,3.635038129311447119e+04
6.133333333333332860e+01,3.878778600911385001e+04
6.135416666666666430e+01,4.267550254898038111e+04
6.137500000000000000e+01,4.619419047597627650e+04
6.139583333333332860e+01,3.881387188997020712e+04
6.141666666666666430e+01,3.431128406676775921e+04
6.143750000000000000e+01,3.644283591285783041e+04
6.145833333333332860e+01,4.159172752823588962e+04
6.147916666666666430e+01,4.315348581193170685e+04
6.150000000000000000e+01,4.309753299000862171e+04
6.152083333333332860e+01,3.971268378189438226e+04
6.154166666666666430e+01,3.322415995755870972e+04
6.156250000000000000e+01,3.947800630172631645e+04
6.158333333333332860e+01,4.526138630507865309e+04
6.160416666666666430e+01,3.838929421225450642e+04
6.162500000000000000e+01,3.256662691993404951e+04
6.164583333333332860e+01,3.880412064011406619e+04
6.166666666666666430e+01,4.502875720092974370e+04
6.168750000000000000e+01,3.851172198483762622e+04
6.170833333333332860e+01,3.310338855309684004e+04
6.172916666666666430e+01,3.846022320024653891e+04
6.175000000000000000e+01,4.162742938962362678e+04
6.177083333333332860e+01,3.822658155570054078e+04
6.179166666666666430e+01,3.557213833980572235e+04
6.181250000000000000e+01,3.896855713308816485e+04
6.183333333333332860e+01,4.138048946978591994e+04
6.185416666666666430e+01,3.559430499484078609e+04
6.187500000000000000e+01,3.502273252596728707e+04
6.189583333333332860e+01,4.093752804564219696e+04
6.191666666666666430e+01,4.142719196177267440e+04
6.193750000000000000e+01,3.482433238275064650e+04
6.195833333333332860e+01,3.624640410044114833e+04
6.197916666666666430e+01,4.106808241995648859e+04
6.200000000000000000e+01,4.153910959771217313e+04
6.202083333333332860e+01,3.445328203756753646e+04
6.204166666666666430e+01,3.519349228170894639e+04
6.206250000000000000e+01,4.161820638009835966e+04
6.208333333333332860e+01,4.125331320807832526e+04
6.210416666666666430e+01,3.524622272035350761e+04
6.212500000000000000e+01,3.526791517518922774e+04
6.214583333333332860e+01,4.168501407004083012e+04
6.216666666666666430e+01,4.189868116777536488e+04
6.218750000000000000e+01,3.689290528984839329e+04
6.220833333333332860e+01,3.532597719627921470e+04
6.222916666666666430e+01,4.151885680505452183e+04
6.225000000000000000e+01,4.074299485178771283e+04
6.227083333333332860e+01,3.416793403346739797e+04
6.229166666666666430e+01,3.012653680860786335e+04
6.231250000000000000e+01,3.722511908964582108e+04
6.233333333333332860e+01,3.931864652753651899e+04
6.235416666666666430e+01,3.276729385146361165e+04
6.237500000000000000e+01,3.396265847300877067e+04
6.239583333333332860e+01,3.785426699614681274e+04
6.241666666666666430e+01,3.529970431569912762e+04
6.243750000000000000e+01,3.357236237477591931e+04
6.245833333333332860e+01,4.100681667442940670e+04
6.247916666666666430e+01,3.991728811133358977e+04
6.250000000000000000e+01,3.317285368312479113e+04
6.252083333333332860e+01,3.449771302547147206e+04
6.254166666666666430e+01,4.032572855233922019e+04
6.256250000000000000e+01,4.033143440440401173e+04
6.258333333333332860e+01,3.171461134746561584e+04
6.260416666666666430e+01,3.500978967696038308e+04
6.262500000000000000e+01,4.249550192247330415e+04
6.264583333333332860e+01,4.355410971816100209e+04
6.266666666666666430e+01,3.850651538910021191e+04
6.268750000000000000e+01,3.217221324128645938e+04
6.270833333333332860e+01,3.226829134630822955e+04
6.272916666666666430e+01,3.878125612905510934e+04
6.275000000000000000e+01,4.521667450165293849e+04
6.277083333333332860e+01,4.198737288995271956e+04
6.279166666666666430e+01,3.595972430311244534e+04
6.281250000000000000e+01,3.249564143905724268e+04
6.283333333333332860e+01,3.744900570839786087e+04
6.285416666666666430e+01,4.532684623297217331e+04
6.287500000000000000e+01,4.079625053763997857e+04
6.289583333333332860e+01,3.358835010946910916e+04
6.291666666666666430e+01,3.544881781478183257e+04
6.293750000000000000e+01,4.492338734155454586e+04
6.295833333333332860e+01,4.155275410028097394e+04
6.297916666666666430e+01,3.221614009353806614e+04
6.300000000000000000e+01,3.502100449448591098e+04
6.302083333333332860e+01,4.454575828383756016e+04
6.304166666666666430e+01,4.196857602910367132e+04
6.306250000000000000e+01,3.213849106612162359e+04
6.308333333333332860e+01,3.478386249730874988e+04
6.310416666666666430e+01,4.435201388603771193e+04
6.312500000000000000e+01,4.112494517939494835e+04
6.314583333333332860e+01,3.152430080405469926e+04
6.316666666666666430e+01,3.473452739785724407e+04
6.318750000000000000e+01,4.434450426354526280e+04
6.320833333333332860e+01,4.066768043496974860e+04
6.322916666666666430e+01,3.294094143524907122e+04
6.325000000000000000e+01,3.505441992995425971e+04
6.327083333333332860e+01,4.259922519424712664e+04
6.329166666666666430e+01,4.128934015502984403e+04
6.331250000000000000e+01,3.472428291619092488e+04
6.333333333333332860e+01,3.431695237430557609e+04
6.335416666666666430e+01,4.136948568299951148e+04
6.337500000000000000e+01,4.244538649111659470e+04
6.339583333333332860e+01,3.499418329744494258e+04
6.341666666666666430e+01,3.297842258252848842e+04
6.343750000000000000e+01,4.143227699145951919e+04
6.345833333333332860e+01,4.453861631720450532e+04
6.347916666666666430e+01,3.298816116833055275e+04
6.350000000000000000e+01,3.290696024911070708e+04
6.352083333333332860e+01,4.468482295857965801e+04
