0.000000000000000000e+00,0.000000000000000000e+00
2.083333333333333218e-02,0.000000000000000000e+00
4.166666666666666435e-02,3.369453812234934379e-07
6.250000000000000000e-02,-2.829141818856108838e-05
8.333333333333332871e-02,-1.606791948724603698e-04
1.041666666666666574e-01,7.918001791047664742e-05
1.250000000000000000e-01,7.760569187953887682e-05
1.458333333333333148e-01,-1.047569595319469921e-04
1.666666666666666574e-01,4.534634964724580393e-05
1.875000000000000000e-01,2.358166557547482927e-04
2.083333333333333148e-01,-2.129912099434383606e-04
2.291666666666666574e-01,2.625958653931395159e-05
2.500000000000000000e-01,2.734952458275940763e-04
2.708333333333333148e-01,-2.616629717486309605e-04
2.916666666666666297e-01,-2.037265310684915854e-04
3.125000000000000000e-01,5.223315015829803473e-04
3.333333333333333148e-01,-2.820934285843006151e-04
3.541666666666666297e-01,-4.408356502071640332e-04
3.750000000000000000e-01,7.387027043201147523e-04
3.958333333333333148e-01,-1.071619058102567706e-04
4.166666666666666297e-01,-9.748087245008418833e-04
4.375000000000000000e-01,1.214750235664900689e-03
4.583333333333333148e-01,3.951015035217309533e-04
4.791666666666666297e-01,-1.926469287615387117e-03
5.000000000000000000e-01,1.211009156107109748e-03
5.208333333333332593e-01,1.788595129237213841e-03
5.416666666666666297e-01,-3.118982171033889052e-03
5.625000000000000000e-01,4.876731289480533979e-04
5.833333333333332593e-01,4.038776375579484178e-03
6.041666666666666297e-01,-4.044139516226535024e-03
6.250000000000000000e-01,-7.662414831804286244e-03
6.458333333333332593e-01,3.946606139018352458e-03
6.666666666666666297e-01,1.185043751567813400e-02
6.875000000000000000e-01,4.026077685085991710e-03
7.083333333333332593e-01,-7.150932276909968948e-04
7.291666666666666297e-01,9.146241716019857387e-03
7.500000000000000000e-01,1.512445094939592234e-02
7.708333333333332593e-01,5.508094788411172990e-03
7.916666666666666297e-01,-9.786630710011806882e-04
8.125000000000000000e-01,8.410580750541575903e-03
8.333333333333332593e-01,1.461797139544309190e-02
8.541666666666666297e-01,5.104107037035150209e-03
8.750000000000000000e-01,-1.360560482093507934e-03
8.958333333333332593e-01,8.054954995680258314e-03
9.166666666666666297e-01,1.418721004438649319e-02
9.375000000000000000e-01,4.522302824806742616e-03
9.583333333333332593e-01,-2.043617200238032061e-03
9.791666666666666297e-01,7.220520385038459686e-03
1.000000000000000000e+00,1.324690405499414324e-02
1.020833333333333259e+00,3.593298606812628335e-03
1.041666666666666519e+00,-2.977685379504946012e-03
1.062500000000000000e+00,6.155163895472600538e-03
1.083333333333333259e+00,1.205562088884916221e-02
1.104166666666666519e+00,2.369094824867520616e-03
1.125000000000000000e+00,-4.257036820316831456e-03
1.145833333333333259e+00,4.811438011870318443e-03
1.166666666666666519e+00,1.069881323068392481e-02
1.187500000000000000e+00,1.003158584921440147e-03
1.208333333333333259e+00,-5.638099747052302546e-03
1.229166666666666519e+00,3.453140352828833800e-03
1.250000000000000000e+00,9.299761656834069912e-03
1.270833333333333259e+00,-4.966124828997762726e-04
1.291666666666666519e+00,-7.219691860718620811e-03
1.312500000000000000e+00,1.685123174411234546e-03
1.333333333333333259e+00,7.353929102064781474e-03
1.354166666666666519e+00,-2.626662378204191149e-03
1.375000000000000000e+00,-9.553628520856416798e-03
1.395833333333333259e+00,-6.288692333796454693e-04
1.416666666666666519e+00,5.026380029338195499e-03
1.437500000000000000e+00,-5.176788335925746297e-03
1.458333333333333259e+00,-1.228411300625184208e-02
1.479166666666666519e+00,-3.414771025771825251e-03
1.500000000000000000e+00,2.146827411090790772e-03
1.520833333333333259e+00,-8.162043149607112191e-03
1.541666666666666519e+00,-1.535789493757819084e-02
1.562500000000000000e+00,-6.680810094752576145e-03
1.583333333333333259e+00,-1.148107261994243782e-03
1.604166666666666519e+00,-1.078880499823673712e-02
1.625000000000000000e+00,-1.684597237112903795e-02
1.645833333333333259e+00,-7.008718378608225219e-03
1.666666666666666519e+00,-3.242596807142720866e-04
1.687500000000000000e+00,-9.339543103441887498e-03
1.708333333333333259e+00,-1.495013520479232007e-02
1.729166666666666519e+00,-4.514734634776172012e-03
1.750000000000000000e+00,2.891898879413964344e-03
1.770833333333333259e+00,-5.245086405321524974e-03
1.791666666666666519e+00,-9.992034454697582002e-03
1.812500000000000000e+00,1.240220955178875659e-03
1.833333333333333259e+00,9.430642785114483340e-03
1.854166666666666519e+00,2.098745232877049626e-03
1.875000000000000000e+00,-1.880015419435344818e-03
1.895833333333333259e+00,8.119386135903921067e-03
1.916666666666666519e+00,1.380377844493114320e-02
1.937500000000000000e+00,4.105559208755503280e-03
1.958333333333333259e+00,-2.257093112157694970e-03
1.979166666666666519e+00,7.109209656908943922e-03
2.000000000000000000e+00,1.347197333238352515e-02
2.020833333333333037e+00,4.299082614727122581e-03
2.041666666666666519e+00,-1.584965983691015174e-03
2.062500000000000000e+00,8.193324068738313745e-03
2.083333333333333037e+00,1.489476045131950255e-02
2.104166666666666519e+00,5.745197462379343645e-03
2.125000000000000000e+00,-1.363778283368993966e-04
2.145833333333333037e+00,9.741312111434578813e-03
2.166666666666666519e+00,1.652555619758257210e-02
2.187500000000000000e+00,7.506029976551553164e-03
2.208333333333333037e+00,1.717503383082569571e-03
2.229166666666666519e+00,1.132013187333660159e-02
2.250000000000000000e+00,1.767716095210999233e-02
2.270833333333333037e+00,8.332373229582999002e-03
2.291666666666666519e+00,2.121529376710198228e-03
2.312500000000000000e+00,1.146791342094967414e-02
2.333333333333333037e+00,1.774447913516723208e-02
2.354166666666666519e+00,8.185684609728951719e-03
2.375000000000000000e+00,1.888809860981543413e-03
2.395833333333333037e+00,1.139158290085163019e-02
2.416666666666666519e+00,1.779499084486847391e-02
2.437500000000000000e+00,8.303254698506760609e-03
2.458333333333333037e+00,2.097942694041634703e-03
2.479166666666666519e+00,1.167545523854522996e-02
2.500000000000000000e+00,1.815288433633375706e-02
2.520833333333333037e+00,8.853778201721104746e-03
2.541666666666666519e+00,2.693094151890544023e-03
2.562500000000000000e+00,1.212894644339356648e-02
2.583333333333333037e+00,1.841552783062676626e-02
2.604166666666666519e+00,8.893690213464278474e-03
2.625000000000000000e+00,2.661068511328105665e-03
2.645833333333333037e+00,1.211656127887777296e-02
2.666666666666666519e+00,1.848232574768732608e-02
2.687500000000000000e+00,9.104162347934683513e-03
2.708333333333333037e+00,2.880547122247892160e-03
2.729166666666666519e+00,1.229345445828508750e-02
2.750000000000000000e+00,1.869056462698156368e-02
2.770833333333333037e+00,9.319405272319126673e-03
2.791666666666666519e+00,3.201949262099809245e-03
2.812500000000000000e+00,1.258966808447121305e-02
2.833333333333333037e+00,1.878378697601902972e-02
2.854166666666666519e+00,9.257335578337669638e-03
2.875000000000000000e+00,2.853272883953953884e-03
2.895833333333333037e+00,1.202116595293242947e-02
2.916666666666666519e+00,1.805067689633026162e-02
2.937500000000000000e+00,8.211190421372773635e-03
2.958333333333333037e+00,1.557123911813688673e-03
2.979166666666666519e+00,1.057135684565446015e-02
3.000000000000000000e+00,1.651064118629865657e-02
3.020833333333333037e+00,6.576455494834046282e-03
3.041666666666666519e+00,-7.900865170215663584e-05
3.062500000000000000e+00,9.115413087042537402e-03
3.083333333333333037e+00,1.522321721288713917e-02
3.104166666666666519e+00,5.418515780594422918e-03
3.125000000000000000e+00,-1.073079350760553202e-03
3.145833333333333037e+00,8.233010677171944194e-03
3.166666666666666519e+00,1.445114669069443025e-02
3.187500000000000000e+00,4.975107399867859624e-03
3.208333333333333037e+00,-1.280322615795656408e-03
3.229166666666666519e+00,8.083264636213435828e-03
3.250000000000000000e+00,1.436796193924874676e-02
3.270833333333333037e+00,4.953417548079746408e-03
3.291666666666666519e+00,-1.133129302165723946e-03
3.312500000000000000e+00,8.545043140346899463e-03
3.333333333333333037e+00,1.517395652082923971e-02
3.354166666666666519e+00,5.964350263567579427e-03
3.375000000000000000e+00,2.086764494509793966e-05
3.395833333333333037e+00,9.794143337067195282e-03
3.416666666666666519e+00,1.647390511010270869e-02
3.437500000000000000e+00,7.444949131485865783e-03
3.458333333333333037e+00,1.551890183255360970e-03
3.479166666666666519e+00,1.123470330096166224e-02
3.500000000000000000e+00,1.780012248983530235e-02
3.520833333333333037e+00,8.623119273412098787e-03
3.541666666666666519e+00,2.760426056840266720e-03
3.562500000000000000e+00,1.214839070940920002e-02
3.583333333333333037e+00,1.818898165083812288e-02
3.604166666666666519e+00,8.494451886622128231e-03
3.625000000000000000e+00,1.895857825858691904e-03
3.645833333333333037e+00,1.087984328523424957e-02
3.666666666666666519e+00,1.664928819427628076e-02
3.687500000000000000e+00,6.500702586471838670e-03
3.708333333333333037e+00,-6.890035615670388452e-04
3.729166666666666519e+00,7.689746223371604107e-03
3.750000000000000000e+00,1.268623931281781872e-02
3.770833333333333037e+00,1.500009690282058791e-03
3.791666666666666519e+00,-6.658684945209874563e-03
3.812500000000000000e+00,7.923846140097777361e-04
3.833333333333333037e+00,4.843335699927486457e-03
3.854166666666666519e+00,-6.249993465514974353e-03
3.875000000000000000e+00,-1.374495265655933593e-02
3.895833333333333037e+00,-5.604836751283715987e-03
3.916666666666666519e+00,-7.710725317322284856e-04
3.937500000000000000e+00,-1.030293546051608278e-02
3.958333333333333037e+00,-1.586111590481513456e-02
3.979166666666666519e+00,-5.570495533142533554e-03
4.000000000000000000e+00,1.616604148162739674e-03
4.020833333333333037e+00,-6.800208490571661712e-03
4.041666666666666075e+00,-1.203989254488554463e-02
4.062500000000000000e+00,-1.404982626123752170e-03
4.083333333333333037e+00,5.899997133588155002e-03
4.104166666666666075e+00,-2.453268413772143920e-03
4.125000000000000000e+00,-7.522493193397677969e-03
4.145833333333333037e+00,3.122050979799060808e-03
4.166666666666666075e+00,1.037898424753125326e-02
4.187500000000000000e+00,1.995488445111342872e-03
4.208333333333333037e+00,-3.274281522711983920e-03
4.229166666666666075e+00,7.292340351706720625e-03
4.250000000000000000e+00,1.479046045323061283e-02
4.270833333333333037e+00,6.476589192422196710e-03
4.291666666666666075e+00,1.046440758003291472e-03
4.312500000000000000e+00,1.073159900689828888e-02
4.333333333333333037e+00,1.687834511070239116e-02
4.354166666666666075e+00,7.035245404662408483e-03
4.375000000000000000e+00,1.708603014216803135e-04
4.395833333333333037e+00,8.958569104568861810e-03
4.416666666666666075e+00,1.453571523360595343e-02
4.437500000000000000e+00,4.287201519220514706e-03
4.458333333333333037e+00,-2.787348476329378540e-03
4.479166666666666075e+00,5.905942324503253224e-03
4.500000000000000000e+00,1.162551220028179740e-02
4.520833333333333037e+00,1.548891966513969492e-03
4.541666666666666075e+00,-5.284468091805862022e-03
4.562500000000000000e+00,3.554168363411350402e-03
4.583333333333333037e+00,9.322524080092143423e-03
4.604166666666666075e+00,-7.646200086089030134e-04
4.625000000000000000e+00,-7.819927561031350671e-03
4.645833333333333037e+00,8.250619584193860439e-04
4.666666666666666075e+00,6.456415027602748283e-03
4.687500000000000000e+00,-3.847737649106645116e-03
4.708333333333333037e+00,-1.099618020785585529e-02
4.729166666666666075e+00,-2.460938144736302558e-03
4.750000000000000000e+00,2.911231425236615253e-03
4.770833333333333037e+00,-7.547961498418888360e-03
4.791666666666666075e+00,-1.473007582762204774e-02
4.812500000000000000e+00,-6.305871775466365819e-03
4.833333333333333037e+00,-1.186910973259878510e-03
4.854166666666666075e+00,-1.067161193340204935e-02
4.875000000000000000e+00,-1.591916385939629724e-02
4.895833333333333037e+00,-5.550863599090531154e-03
4.916666666666666075e+00,1.544026389783980692e-03
4.937500000000000000e+00,-7.154129229437167573e-03
4.958333333333333037e+00,-1.272506309800562965e-02
4.979166666666666075e+00,-2.690360238181848957e-03
5.000000000000000000e+00,4.190374187857101584e-03
5.020833333333333037e+00,-4.887275042614827418e-03
5.041666666666666075e+00,-1.093901746404083754e-02
5.062500000000000000e+00,-1.323565193479768519e-03
5.083333333333333037e+00,5.152008964869206689e-03
5.104166666666666075e+00,-4.403197626096725867e-03
5.125000000000000000e+00,-1.096699816033203274e-02
5.145833333333333037e+00,-1.865125836818674280e-03
5.166666666666666075e+00,3.804047659573129691e-03
5.187500000000000000e+00,-6.566105020133451362e-03
5.208333333333333037e+00,-1.384535317812412777e-02
5.229166666666666075e+00,-5.580936478101223425e-03
5.250000000000000000e+00,-6.977387104204566676e-04
5.270833333333333037e+00,-1.048379495448688997e-02
5.291666666666666075e+00,-1.637857714147450058e-02
5.312500000000000000e+00,-6.977753455897736830e-03
5.333333333333333037e+00,-7.440559802867399968e-04
5.354166666666666075e+00,-1.017187078169747017e-02
5.375000000000000000e+00,-1.666860953538126799e-02
5.395833333333333037e+00,-7.770123741996681418e-03
5.416666666666666075e+00,-2.187422909036352767e-03
5.437500000000000000e+00,-1.172021264861560289e-02
5.458333333333333037e+00,-1.782953408073435428e-02
5.479166666666666075e+00,-8.358312734858949419e-03
5.500000000000000000e+00,-2.116858562115494450e-03
5.520833333333333037e+00,-1.165185084421068058e-02
5.541666666666666075e+00,-1.820403851397681128e-02
5.562500000000000000e+00,-8.891399699048166058e-03
5.583333333333333037e+00,-2.657923100954365063e-03
5.604166666666666075e+00,-1.210644659799650288e-02
5.625000000000000000e+00,-1.853398538859806627e-02
5.645833333333333037e+00,-9.091597263089662775e-03
5.666666666666666075e+00,-2.827012661034761926e-03
5.687500000000000000e+00,-1.223869584353514707e-02
5.708333333333333037e+00,-1.849920772078670478e-02
5.729166666666666075e+00,-8.968293230915570097e-03
5.750000000000000000e+00,-2.628314984743499502e-03
5.770833333333333037e+00,-1.188533501626672442e-02
5.791666666666666075e+00,-1.793771246103445863e-02
5.812500000000000000e+00,-8.146802878323131103e-03
5.833333333333333037e+00,-1.717588035519353011e-03
5.854166666666666075e+00,-1.093779184602410373e-02
5.875000000000000000e+00,-1.683381198348490870e-02
5.895833333333333037e+00,-6.941147469083585285e-03
5.916666666666666075e+00,-5.530561695801396562e-04
5.937500000000000000e+00,-9.789659223186839704e-03
5.958333333333333037e+00,-1.558593176902368406e-02
5.979166666666666075e+00,-5.716257674470707345e-03
6.000000000000000000e+00,7.115380527617782939e-04
6.020833333333333037e+00,-8.378461048081662157e-03
6.041666666666666075e+00,-1.421600259854812094e-02
6.062500000000000000e+00,-4.253140197305978719e-03
6.083333333333333037e+00,2.508906717266408577e-03
6.104166666666666075e+00,-6.468467063376981060e-03
6.125000000000000000e+00,-1.245485890317163911e-02
6.145833333333333037e+00,-2.579351076412419053e-03
6.166666666666666075e+00,4.173604165818460554e-03
6.187500000000000000e+00,-4.711056877621851852e-03
6.208333333333333037e+00,-1.046671649608122388e-02
6.229166666666666075e+00,-4.574732912294308322e-04
6.250000000000000000e+00,6.276139932213417594e-03
6.270833333333333037e+00,-2.636047632605443593e-03
6.291666666666666075e+00,-8.497572900444665123e-03
6.312500000000000000e+00,1.505072520486199373e-03
6.333333333333333037e+00,8.535719383431658591e-03
6.354166666666666075e+00,-2.534045052158414809e-04
6.375000000000000000e+00,-6.224505501693633654e-03
6.395833333333333037e+00,3.613106444464836940e-03
6.416666666666666075e+00,1.035068622184130011e-02
6.437500000000000000e+00,1.242828510955575668e-03
6.458333333333333037e+00,-4.976113202408610596e-03
6.479166666666666075e+00,4.503393629586432099e-03
6.500000000000000000e+00,1.074826035978614612e-02
6.520833333333333037e+00,9.978138050266802551e-04
6.541666666666666075e+00,-5.834542008559406509e-03
6.562500000000000000e+00,2.932475015341250331e-03
6.583333333333333037e+00,8.176639688491044861e-03
6.604166666666666075e+00,-2.501264436658820218e-03
6.625000000000000000e+00,-1.003305380257546280e-02
6.645833333333333037e+00,-1.996862951331417578e-03
6.666666666666666075e+00,2.590529792729637844e-03
6.687500000000000000e+00,-7.972555410301162063e-03
6.708333333333333037e+00,-1.507146083948012957e-02
6.729166666666666075e+00,-6.631096516631086388e-03
6.750000000000000000e+00,-1.764545942868521282e-03
6.770833333333333037e+00,-1.097836921967165758e-02
6.791666666666666075e+00,-1.590805005265929009e-02
6.812500000000000000e+00,-5.301346400327372130e-03
6.833333333333333037e+00,1.749419489052952319e-03
6.854166666666666075e+00,-7.100434899265615184e-03
6.875000000000000000e+00,-1.301066291424763516e-02
6.895833333333333037e+00,-3.380917196930613954e-03
6.916666666666666075e+00,2.824918146621287641e-03
6.937500000000000000e+00,-6.897858029984745357e-03
6.958333333333333037e+00,-1.381116910238161175e-02
6.979166666666666075e+00,-5.157615773328121968e-03
7.000000000000000000e+00,2.331265990308080340e-04
7.020833333333333037e+00,-1.007511736351649444e-02
7.041666666666666075e+00,-1.750384154670820563e-02
7.062500000000000000e+00,-9.307682478217293304e-03
7.083333333333333037e+00,-4.254259614712695495e-03
7.104166666666666075e+00,-1.279366392554778104e-02
7.125000000000000000e+00,-1.703359045575678771e-02
7.145833333333333037e+00,-5.610452169356576653e-03
7.166666666666666075e+00,2.508968043749068913e-03
7.187500000000000000e+00,-5.383939936595625621e-03
7.208333333333333037e+00,-1.029584718146280692e-02
7.229166666666666075e+00,4.310891359724909220e-04
7.250000000000000000e+00,7.775166287372303926e-03
7.270833333333333037e+00,-7.728007387523747312e-04
7.291666666666666075e+00,-6.316450870712807773e-03
7.312500000000000000e+00,3.703703418110174551e-03
7.333333333333333037e+00,1.007803070834818390e-02
7.354166666666666075e+00,5.418327039230025821e-04
7.375000000000000000e+00,-5.774437499128835805e-03
7.395833333333333037e+00,3.439660775136958726e-03
7.416666666666666075e+00,9.099852889409058843e-03
7.437500000000000000e+00,-1.094846339885042867e-03
7.458333333333333037e+00,-8.319914879438403479e-03
7.479166666666666075e+00,-1.329572029633581337e-05
7.500000000000000000e+00,4.838070332898678980e-03
7.520833333333333037e+00,-6.218420578805335802e-03
7.541666666666666075e+00,-1.442042664188514581e-02
7.562500000000000000e+00,-7.068543796165340301e-03
7.583333333333333037e+00,-3.048710626500815250e-03
7.604166666666666075e+00,-1.125663063875367333e-02
7.625000000000000000e+00,-1.426867858184174311e-02
7.645833333333333037e+00,-1.708068180900493239e-03
7.666666666666666075e+00,7.719418862737070612e-03
7.687500000000000000e+00,1.185997890114767750e-03
7.708333333333333037e+00,-2.519032943223435163e-03
7.729166666666666075e+00,7.112546763181702703e-03
7.750000000000000000e+00,1.194429513491713883e-02
7.770833333333333037e+00,8.176938510040937785e-04
7.791666666666666075e+00,-7.435472353547500565e-03
7.812500000000000000e+00,-4.994456345300149567e-05
7.833333333333333037e+00,3.852723252727478440e-03
7.854166666666666075e+00,-6.769006534583391597e-03
7.875000000000000000e+00,-1.339400625824471724e-02
7.895833333333333037e+00,-4.419588547569634936e-03
7.916666666666666075e+00,9.081826881645756709e-04
7.937500000000000000e+00,-9.611262653754714183e-03
7.958333333333333037e+00,-1.688234829343087176e-02
7.979166666666666075e+00,-8.643034151574765719e-03
8.000000000000000000e+00,-3.952827064490824042e-03
8.020833333333332149e+00,-1.223601713001305595e-02
8.041666666666666075e+00,-1.566662508805719348e-02
8.062500000000000000e+00,-3.559652567239930329e-03
8.083333333333332149e+00,5.245726699259078626e-03
8.104166666666666075e+00,-1.872113049529672149e-03
8.125000000000000000e+00,-6.178578426077288577e-03
8.145833333333332149e+00,5.080289726027292958e-03
8.166666666666666075e+00,1.290263010402636391e-02
8.187500000000000000e+00,4.781768841760463025e-03
8.208333333333332149e+00,-4.099187803271368380e-04
8.229166666666666075e+00,9.463313345928148212e-03
8.250000000000000000e+00,1.549323509104821514e-02
8.270833333333332149e+00,5.603156154903330376e-03
8.291666666666666075e+00,-1.284154890642770280e-03
8.312500000000000000e+00,7.375242755832392937e-03
8.333333333333332149e+00,1.252867281074411185e-02
8.354166666666666075e+00,1.770084444462510743e-03
8.375000000000000000e+00,-6.047165087906931046e-03
8.395833333333332149e+00,1.691670698316070486e-03
8.416666666666666075e+00,5.969230311658453234e-03
8.437500000000000000e+00,-5.657612847264901698e-03
8.458333333333332149e+00,-1.438563492490995549e-02
8.479166666666666075e+00,-7.543035881860686055e-03
8.500000000000000000e+00,-3.685598407395969823e-03
8.520833333333332149e+00,-1.135619277908088767e-02
8.541666666666666075e+00,-1.345061506333037650e-02
8.562500000000000000e+00,-1.128219162942983508e-03
8.583333333333332149e+00,7.096879436360893981e-03
8.604166666666666075e+00,-6.710096417715489614e-04
8.625000000000000000e+00,-5.743310467299326573e-03
8.645833333333332149e+00,4.787968185616357439e-03
8.666666666666666075e+00,1.211448551403538493e-02
8.687500000000000000e+00,3.433731444339723198e-03
8.708333333333332149e+00,-2.647363357782220750e-03
8.729166666666666075e+00,6.912041893558941094e-03
8.750000000000000000e+00,1.341119463651994220e-02
8.770833333333332149e+00,3.916452427364229896e-03
8.791666666666666075e+00,-2.844822432790356827e-03
8.812500000000000000e+00,6.047822517286813651e-03
8.833333333333332149e+00,1.149496330648934646e-02
8.854166666666666075e+00,9.899088481677873700e-04
8.875000000000000000e+00,-6.382168113342551186e-03
8.895833333333332149e+00,1.781597494656169973e-03
8.916666666666666075e+00,6.469446454120267656e-03
8.937500000000000000e+00,-4.661680016440838785e-03
8.958333333333332149e+00,-1.282322538222760260e-02
8.979166666666666075e+00,-5.450528437334023653e-03
9.000000000000000000e+00,-1.489696936146056713e-03
9.020833333333332149e+00,-1.022520902461196944e-02
9.041666666666666075e+00,-1.391569236039189375e-02
9.062500000000000000e+00,-2.064388339595659219e-03
9.083333333333332149e+00,6.280097134437175911e-03
9.104166666666666075e+00,-1.297661184805090585e-03
9.125000000000000000e+00,-5.908408568359828361e-03
9.145833333333332149e+00,5.008280711275928283e-03
9.166666666666666075e+00,1.236049554257855412e-02
9.187500000000000000e+00,3.805647496369359787e-03
9.208333333333332149e+00,-1.724098424770731473e-03
9.229166666666666075e+00,8.265315284046720681e-03
9.250000000000000000e+00,1.463929987609298086e-02
9.270833333333332149e+00,5.117269142370307194e-03
9.291666666666666075e+00,-1.320848008051131927e-03
9.312500000000000000e+00,7.759475551914502868e-03
9.333333333333332149e+00,1.339574408452124527e-02
9.354166666666666075e+00,3.211313613277620455e-03
9.375000000000000000e+00,-3.813411920231565919e-03
9.395833333333332149e+00,4.717040696762301102e-03
9.416666666666666075e+00,9.732270613532404899e-03
9.437500000000000000e+00,-1.166621679269247685e-03
9.458333333333332149e+00,-9.211333263270516866e-03
9.479166666666666075e+00,-1.686701341325094576e-03
9.500000000000000000e+00,2.595340191219768118e-03
9.520833333333332149e+00,-7.838559503203380158e-03
9.541666666666666075e+00,-1.474810173047693372e-02
9.562500000000000000e+00,-6.036242355368605893e-03
9.583333333333332149e+00,-5.520613365655986995e-04
9.604166666666666075e+00,-1.075690426097316438e-02
9.625000000000000000e+00,-1.808963831187300822e-02
9.645833333333332149e+00,-9.797832573288672853e-03
9.666666666666666075e+00,-4.703204088194226119e-03
9.687500000000000000e+00,-1.315306539121502763e-02
9.708333333333332149e+00,-1.733587439023075161e-02
9.729166666666666075e+00,-5.864915075731408182e-03
9.750000000000000000e+00,2.488432800149257672e-03
9.770833333333332149e+00,-5.161419859174362287e-03
9.791666666666666075e+00,-9.864098399948771981e-03
9.812500000000000000e+00,1.066166577862973303e-03
9.833333333333332149e+00,8.661881918971702302e-03
9.854166666666666075e+00,4.300013782165563320e-04
9.875000000000000000e+00,-4.688421934583262250e-03
9.895833333333332149e+00,5.662575133269304867e-03
9.916666666666666075e+00,1.285778714816441896e-02
9.937500000000000000e+00,4.398971044468257853e-03
9.958333333333332149e+00,-1.078004614402690428e-03
9.979166666666666075e+00,8.811531599706833723e-03
1.000000000000000000e+01,1.539608740481885826e-02
1.002083333333333215e+01,6.147725346822991051e-03
1.004166666666666607e+01,-1.518567705666056585e-04
1.006250000000000000e+01,8.745988483666781652e-03
1.008333333333333215e+01,1.449101371024435689e-02
1.010416666666666607e+01,4.610403659652330052e-03
1.012500000000000000e+01,-2.351027909269639941e-03
1.014583333333333215e+01,5.995525879877649719e-03
1.016666666666666607e+01,1.102370441657392515e-02
1.018750000000000000e+01,1.602002399430834593e-04
1.020833333333333215e+01,-7.703243629718873643e-03
1.022916666666666607e+01,1.212059003649347749e-05
1.025000000000000000e+01,4.400655555600604431e-03
1.027083333333333215e+01,-6.835217326286121588e-03
1.029166666666666607e+01,-1.473283096076720249e-02
1.031250000000000000e+01,-7.047220973542201589e-03
1.033333333333333215e+01,-2.749069384212121572e-03
1.035416666666666607e+01,-1.134538682628022203e-02
1.037500000000000000e+01,-1.478617933313450782e-02
1.039583333333333215e+01,-2.760685329089580375e-03
1.041666666666666607e+01,5.957250281158958834e-03
1.043750000000000000e+01,-1.209513716333230314e-03
1.045833333333333215e+01,-5.380226833894751100e-03
1.047916666666666607e+01,5.434761679491244279e-03
1.050000000000000000e+01,1.263330641886157950e-02
1.052083333333333215e+01,3.851363729352727961e-03
1.054166666666666607e+01,-1.943313148902934585e-03
1.056250000000000000e+01,7.789046400389471568e-03
1.058333333333333215e+01,1.414994666134423637e-02
1.060416666666666607e+01,4.479681848530413582e-03
1.062500000000000000e+01,-2.185437497216731039e-03
1.064583333333333215e+01,6.623572131465670261e-03
1.066666666666666607e+01,1.205481680423382655e-02
1.068750000000000000e+01,1.622793704974620542e-03
1.070833333333333215e+01,-5.785035570866656901e-03
1.072916666666666607e+01,2.481303239168561065e-03
1.075000000000000000e+01,7.409089730770188932e-03
1.077083333333333215e+01,-3.623360366670505973e-03
1.079166666666666607e+01,-1.154878327929212585e-02
1.081250000000000000e+01,-3.768802796794769837e-03
1.083333333333333215e+01,6.198073724053536218e-04
1.085416666666666607e+01,-9.081498872225243768e-03
1.087500000000000000e+01,-1.444396451337294149e-02
1.089583333333333215e+01,-4.007699948383505392e-03
1.091666666666666607e+01,3.274313526139709975e-03
1.093750000000000000e+01,-4.962905417530299491e-03
1.095833333333333215e+01,-9.911273053591533946e-03
1.097916666666666607e+01,1.000177768336374656e-03
1.100000000000000000e+01,8.982055345017229270e-03
1.102083333333333215e+01,1.560755301756343045e-03
1.104166666666666607e+01,-2.578101316293946073e-03
1.106250000000000000e+01,7.478627721693430555e-03
1.108333333333333215e+01,1.352977669161182714e-02
1.110416666666666607e+01,4.038565260225953669e-03
1.112500000000000000e+01,-2.161013762775241664e-03
1.114583333333333215e+01,7.313700706062686852e-03
1.116666666666666607e+01,1.373412776507374269e-02
1.118750000000000000e+01,4.283104654501899977e-03
1.120833333333333215e+01,-1.894415114668081008e-03
1.122916666666666607e+01,7.799435958158289217e-03
1.125000000000000000e+01,1.439242875386510627e-02
1.127083333333333215e+01,4.992612937472256512e-03
1.129166666666666607e+01,-1.101325321200554439e-03
1.131250000000000000e+01,8.689371525082723383e-03
1.133333333333333215e+01,1.536174576169620047e-02
1.135416666666666607e+01,6.132704701903987296e-03
1.137500000000000000e+01,1.371679940552297556e-04
1.139583333333333215e+01,9.862803296819166315e-03
1.141666666666666607e+01,1.649787346826746270e-02
1.143750000000000000e+01,7.315752918331576600e-03
1.145833333333333215e+01,1.409249688529027851e-03
1.147916666666666607e+01,1.118199845078388273e-02
1.150000000000000000e+01,1.787572139148764852e-02
1.152083333333333215e+01,9.007587816249735396e-03
1.154166666666666607e+01,3.412256060926055230e-03
1.156250000000000000e+01,1.225604479408811710e-02
1.158333333333333215e+01,1.724130546838024622e-02
1.160416666666666607e+01,6.415860497431074422e-03
1.162500000000000000e+01,-1.148598994479294077e-03
1.164583333333333215e+01,7.059799290304804784e-03
1.166666666666666607e+01,1.217565778192108983e-02
1.168750000000000000e+01,1.475158435743717435e-03
1.170833333333333215e+01,-5.933816609882690968e-03
1.172916666666666607e+01,2.362870297278622279e-03
1.175000000000000000e+01,7.569334154670074970e-03
1.177083333333333215e+01,-2.855876075728953304e-03
1.179166666666666607e+01,-9.997278548250169289e-03
1.181250000000000000e+01,-1.465855841419995160e-03
1.183333333333333215e+01,4.003056124052466712e-03
1.185416666666666607e+01,-6.333456011541686338e-03
1.187500000000000000e+01,-1.340942787467115996e-02
1.189583333333333215e+01,-4.752938907458277747e-03
1.191666666666666607e+01,8.157309904939925686e-04
1.193750000000000000e+01,-9.400265094245525976e-03
1.195833333333333215e+01,-1.649932362310083112e-02
1.197916666666666607e+01,-7.947498227433784368e-03
1.200000000000000000e+01,-2.607483195476576615e-03
1.202083333333333215e+01,-1.185978325449059227e-02
1.204166666666666607e+01,-1.716350690218209490e-02
1.206250000000000000e+01,-6.767096271606633240e-03
1.208333333333333215e+01,2.233767893085355886e-04
1.210416666666666607e+01,-8.785741042142896501e-03
1.212500000000000000e+01,-1.470341960043072480e-02
1.214583333333333215e+01,-4.927197967056526351e-03
1.216666666666666607e+01,1.489263277747722393e-03
1.218750000000000000e+01,-7.897056669674724916e-03
1.220833333333333215e+01,-1.421351413990416465e-02
1.222916666666666607e+01,-4.691152590876983275e-03
1.225000000000000000e+01,1.636793381903055072e-03
1.227083333333333215e+01,-7.706906316446004296e-03
1.229166666666666607e+01,-1.397137199030422036e-02
1.231250000000000000e+01,-4.384476475291020948e-03
1.233333333333333215e+01,2.118752992219478243e-03
1.235416666666666607e+01,-7.017842203244269335e-03
1.237500000000000000e+01,-1.313788383222530380e-02
1.239583333333333215e+01,-3.387284484872984166e-03
1.241666666666666607e+01,3.263984556493384516e-03
1.243750000000000000e+01,-5.773137131898235623e-03
1.245833333333333215e+01,-1.177952562692820976e-02
1.247916666666666607e+01,-1.923510961515820543e-03
1.250000000000000000e+01,4.795171501666127892e-03
1.252083333333333215e+01,-4.163483842128590760e-03
1.254166666666666607e+01,-1.004319668600796821e-02
1.256250000000000000e+01,-1.015254614391108810e-04
1.258333333333333215e+01,6.751011867866076217e-03
1.260416666666666607e+01,-2.015202782477830152e-03
1.262500000000000000e+01,-7.608499934227248851e-03
1.264583333333333215e+01,2.713171543523509519e-03
1.266666666666666607e+01,9.903733383769611209e-03
1.268750000000000000e+01,1.507565271328584373e-03
1.270833333333333215e+01,-3.695434537493632113e-03
1.272916666666666607e+01,6.950128041084112536e-03
1.275000000000000000e+01,1.423046685202661830e-02
1.277083333333333215e+01,5.857789375972606745e-03
1.279166666666666607e+01,8.127417241431655328e-04
1.281250000000000000e+01,1.036786726084078236e-02
1.283333333333333215e+01,1.580991287450908209e-02
1.285416666666666607e+01,5.749444513374995548e-03
1.287500000000000000e+01,-8.687932747148261652e-04
1.289583333333333215e+01,8.209547118633189408e-03
1.291666666666666607e+01,1.372356078494564070e-02
1.293750000000000000e+01,3.611293976376592652e-03
1.295833333333333215e+01,-3.255795197781593750e-03
1.297916666666666607e+01,5.683475720331189994e-03
1.300000000000000000e+01,1.141791132846113610e-02
1.302083333333333215e+01,1.461497092555142773e-03
1.304166666666666607e+01,-5.479879979730216226e-03
1.306250000000000000e+01,3.446162619042593238e-03
1.308333333333333215e+01,9.342428508724642117e-03
1.310416666666666607e+01,-4.246668693774980816e-04
1.312500000000000000e+01,-7.249202801277467717e-03
1.314583333333333215e+01,1.817676259841092710e-03
1.316666666666666607e+01,7.878646716191149355e-03
1.318750000000000000e+01,-1.752700765235880786e-03
1.320833333333333215e+01,-8.444498103328928681e-03
1.322916666666666607e+01,7.528883760982029881e-04
1.325000000000000000e+01,6.956546796882356193e-03
1.327083333333333215e+01,-2.531591459089742053e-03
1.329166666666666607e+01,-9.089475197134461171e-03
1.331250000000000000e+01,2.406227265714766365e-04
1.333333333333333215e+01,6.593559037762965203e-03
1.335416666666666607e+01,-2.805755588077655203e-03
1.337500000000000000e+01,-9.303061136953387489e-03
1.339583333333333215e+01,1.159199836506932460e-04
1.341666666666666607e+01,6.401960828288632936e-03
1.343750000000000000e+01,-3.003179874966678889e-03
1.345833333333333215e+01,-9.215244560920645908e-03
1.347916666666666607e+01,3.803035077255611054e-04
1.350000000000000000e+01,6.531965552308999570e-03
1.352083333333333215e+01,-2.962491361888270041e-03
1.354166666666666607e+01,-9.048769324536831346e-03
1.356250000000000000e+01,5.666772769197197081e-04
1.358333333333333215e+01,6.756339648527094968e-03
1.360416666666666607e+01,-2.672486619582067902e-03
1.362500000000000000e+01,-8.878180395405636458e-03
1.364583333333333215e+01,7.262105972691077892e-04
1.366666666666666607e+01,6.978660280672796014e-03
1.368750000000000000e+01,-2.417830965260766435e-03
1.370833333333333215e+01,-8.574808692258264337e-03
1.372916666666666607e+01,1.079138431887909219e-03
1.375000000000000000e+01,7.404448921871565302e-03
1.377083333333333215e+01,-1.911271126857659554e-03
1.379166666666666607e+01,-8.003071436864532887e-03
1.381250000000000000e+01,1.720929639045499842e-03
1.383333333333333215e+01,8.147805412782347517e-03
1.385416666666666607e+01,-1.060338253059584651e-03
1.387500000000000000e+01,-7.066756779764360279e-03
1.389583333333333215e+01,2.642086792025495623e-03
1.391666666666666607e+01,9.079391143951722962e-03
1.393750000000000000e+01,-1.564372353280142841e-04
1.395833333333333215e+01,-6.328848856157942050e-03
1.397916666666666607e+01,3.355327147845961564e-03
1.400000000000000000e+01,9.936046808158058297e-03
1.402083333333333215e+01,8.470556795627171747e-04
1.404166666666666607e+01,-5.240623098440549792e-03
1.406250000000000000e+01,4.508740988115411338e-03
1.408333333333333215e+01,1.125684822666807132e-02
1.410416666666666607e+01,2.302196520755478079e-03
1.412500000000000000e+01,-3.746146725207279322e-03
1.414583333333333215e+01,6.165287239249888328e-03
1.416666666666666607e+01,1.318089505747849222e-02
1.418750000000000000e+01,4.490686385236174367e-03
1.420833333333333215e+01,-1.381732411195419827e-03
1.422916666666666607e+01,8.662698747630386345e-03
1.425000000000000000e+01,1.588024476366064683e-02
1.427083333333333215e+01,7.266356057612223876e-03
1.429166666666666607e+01,1.430889021797959564e-03
1.431250000000000000e+01,1.135033620774012625e-02
1.433333333333333215e+01,1.814536741092456773e-02
1.435416666666666607e+01,9.165257300809281568e-03
1.437500000000000000e+01,3.177363716779901381e-03
1.439583333333333215e+01,1.268464599748208438e-02
1.441666666666666607e+01,1.866955697385169061e-02
1.443750000000000000e+01,8.917211621880130265e-03
1.445833333333333215e+01,2.338889172124972507e-03
1.447916666666666607e+01,1.160480143535052786e-02
1.450000000000000000e+01,1.742357047244261908e-02
1.452083333333333215e+01,7.590037931591743850e-03
1.454166666666666607e+01,1.205277670746710819e-03
1.456250000000000000e+01,1.046247372143865872e-02
1.458333333333333215e+01,1.609700449905823033e-02
1.460416666666666607e+01,6.092476966302854020e-03
1.462500000000000000e+01,-5.715474973224448849e-04
1.464583333333333215e+01,8.510489492744561721e-03
1.466666666666666607e+01,1.432601925601177141e-02
1.468750000000000000e+01,4.654792328777424167e-03
1.470833333333333215e+01,-1.692184758878542477e-03
1.472916666666666607e+01,7.721647412312480051e-03
1.475000000000000000e+01,1.408731552559230188e-02
1.477083333333333215e+01,5.058984252446896597e-03
1.479166666666666607e+01,-6.506946268267559206e-04
1.481250000000000000e+01,9.454122240243409067e-03
1.483333333333333215e+01,1.657565549417312420e-02
1.485416666666666607e+01,8.306011648605086603e-03
1.487500000000000000e+01,3.375947043760558347e-03
1.489583333333333215e+01,1.208528875746089394e-02
1.491666666666666607e+01,1.626358055980774153e-02
1.493750000000000000e+01,4.828632392541693831e-03
1.495833333333333215e+01,-3.263234337307661242e-03
1.497916666666666607e+01,4.771721815283064619e-03
1.500000000000000000e+01,9.802213783843445605e-03
1.502083333333333215e+01,-7.050625438096338321e-04
1.504166666666666607e+01,-7.874780114905418141e-03
1.506250000000000000e+01,8.534059997958224177e-04
1.508333333333333215e+01,6.531093713451760312e-03
1.510416666666666607e+01,-3.515621061930493309e-03
1.512500000000000000e+01,-1.017857467450572831e-02
1.514583333333333215e+01,-5.701816893224867944e-04
1.516666666666666607e+01,5.988626428106994665e-03
1.518750000000000000e+01,-3.203167879099130984e-03
1.520833333333333215e+01,-8.940528262654916583e-03
1.522916666666666607e+01,1.359531284309105099e-03
1.525000000000000000e+01,8.504399367659728343e-03
1.527083333333333215e+01,-8.736494137323599462e-05
1.529166666666666607e+01,-5.254890824180639443e-03
1.531250000000000000e+01,5.373151571673541460e-03
1.533333333333333215e+01,1.284586339453447357e-02
1.535416666666666607e+01,4.507015653030436650e-03
1.537500000000000000e+01,-5.672386769904561726e-04
1.539583333333333215e+01,9.362389801177449511e-03
1.541666666666666607e+01,1.574885444788836145e-02
1.543750000000000000e+01,6.283743054364119597e-03
1.545833333333333215e+01,-1.401224532070761541e-04
1.547916666666666607e+01,9.155387236996818945e-03
1.550000000000000000e+01,1.553834667246633584e-02
1.552083333333333215e+01,6.017287153232103725e-03
1.554166666666666607e+01,-4.223089974146908613e-04
1.556250000000000000e+01,8.827466130105513994e-03
1.558333333333333215e+01,1.499343270755867236e-02
1.560416666666666607e+01,4.961745979161067376e-03
1.562500000000000000e+01,-1.496507563421089083e-03
1.564583333333333215e+01,8.721882860389218450e-03
1.566666666666666607e+01,1.543871958192557722e-02
1.568750000000000000e+01,5.130080374551463165e-03
1.570833333333333215e+01,-1.674525370886254926e-03
1.572916666666666607e+01,8.288446754294950813e-03
1.575000000000000000e+01,1.473107610722145834e-02
1.577083333333333215e+01,4.336751785275452103e-03
1.579166666666666607e+01,-2.421700666407767231e-03
1.581250000000000000e+01,7.572265354747463942e-03
1.583333333333333215e+01,1.429455735418535579e-02
1.585416666666666607e+01,4.223741042413238327e-03
1.587500000000000000e+01,-2.443764352441229592e-03
1.589583333333333215e+01,7.390603202322881468e-03
1.591666666666666607e+01,1.389935429783214355e-02
1.593750000000000000e+01,3.934497768830376441e-03
1.595833333333333215e+01,-2.625471421092432939e-03
1.597916666666666607e+01,7.179646724033866313e-03
1.600000000000000000e+01,1.383739999301126719e-02
1.602083333333333215e+01,4.020263895841070211e-03
1.604166666666666430e+01,-2.632162979567286617e-03
1.606250000000000000e+01,6.946125724039270422e-03
1.608333333333333215e+01,1.349705175792171273e-02
1.610416666666666430e+01,3.665550784431427858e-03
1.612500000000000000e+01,-3.150069998443427895e-03
1.614583333333333215e+01,6.158672149043050922e-03
1.616666666666666430e+01,1.255979116203781616e-02
1.618750000000000000e+01,2.820702411823496764e-03
1.620833333333333215e+01,-3.991374596452402015e-03
1.622916666666666430e+01,5.338881199298553537e-03
1.625000000000000000e+01,1.185812194852800712e-02
1.627083333333333215e+01,2.116169061383860010e-03
1.629166666666666430e+01,-4.526556532861724519e-03
1.631250000000000000e+01,4.832403741913646709e-03
1.633333333333333215e+01,1.101664726882841880e-02
1.635416666666666430e+01,1.148324191376356431e-03
1.637500000000000000e+01,-5.503536910562082177e-03
1.639583333333333215e+01,3.609035051721306512e-03
1.641666666666666430e+01,9.387329942726970952e-03
1.643750000000000000e+01,-8.676279814535208228e-04
1.645833333333333215e+01,-8.163105767315884803e-03
1.647916666666666430e+01,1.051263451905629515e-04
1.650000000000000000e+01,5.240433924725656362e-03
1.652083333333333215e+01,-5.398955395097194097e-03
1.654166666666666430e+01,-1.305991422329195496e-02
1.656250000000000000e+01,-5.381522963064861061e-03
1.658333333333333215e+01,-1.055633053105226428e-03
1.660416666666666430e+01,-1.013545338357416982e-02
1.662500000000000000e+01,-1.460653447847540774e-02
1.664583333333333215e+01,-3.535301850952451974e-03
1.666666666666666430e+01,4.315591568869288179e-03
1.668750000000000000e+01,-3.695468706925736629e-03
1.670833333333333215e+01,-8.715168601719777003e-03
1.672916666666666430e+01,1.809751276630902064e-03
1.675000000000000000e+01,8.971596912055011461e-03
1.677083333333333215e+01,4.399309386386738641e-05
1.679166666666666430e+01,-5.799980679528179972e-03
1.681250000000000000e+01,4.163847640427231246e-03
1.683333333333333215e+01,1.071769909135182608e-02
1.685416666666666430e+01,8.540686405676335864e-04
1.687500000000000000e+01,-5.976981178946116739e-03
1.689583333333333215e+01,3.019091769345243984e-03
1.691666666666666430e+01,8.917350082344342385e-03
1.693750000000000000e+01,-1.284192798076875229e-04
1.695833333333333215e+01,-6.228008891868074340e-03
1.697916666666666430e+01,2.255522905618567372e-03
1.700000000000000000e+01,8.225908435410928324e-03
1.702083333333333215e+01,-5.097526020503473278e-04
1.704166666666666430e+01,-6.559764492238748940e-03
1.706250000000000000e+01,2.658158125334244594e-03
1.708333333333333215e+01,9.263966540240616346e-03
1.710416666666666430e+01,-3.801644239582258945e-04
1.712500000000000000e+01,-7.373042356243344510e-03
1.714583333333333215e+01,2.144239220403825006e-03
1.716666666666666430e+01,8.757014756242199535e-03
1.718750000000000000e+01,-2.238114736303036586e-03
1.720833333333333215e+01,-1.020279210611629156e-02
1.722916666666666430e+01,-7.556555247171598466e-05
1.725000000000000000e+01,6.859113894874877340e-03
1.727083333333333215e+01,-4.439354890759989597e-03
1.729166666666666430e+01,-1.203178878160689365e-02
1.731250000000000000e+01,-1.386448241213582722e-03
1.733333333333333215e+01,5.379348922222409492e-03
1.735416666666666430e+01,-6.074510722151101917e-03
1.737500000000000000e+01,-1.359476054653130893e-02
1.739583333333333215e+01,-3.624490579592626240e-03
1.741666666666666430e+01,2.287309421341464713e-03
1.743750000000000000e+01,-9.276153542348754971e-03
1.745833333333333215e+01,-1.695422206121919087e-02
1.747916666666666430e+01,-8.045688082245965739e-03
1.750000000000000000e+01,-2.876296994667757855e-03
1.752083333333333215e+01,-1.387532440848609529e-02
1.754166666666666430e+01,-2.122715818320963441e-02
1.756250000000000000e+01,-1.292535199405291622e-02
1.758333333333333215e+01,-8.371705523945132191e-03
1.760416666666666430e+01,-1.551237753362903239e-02
1.762500000000000000e+01,-1.642184901472432818e-02
1.764583333333333215e+01,-4.694547607283806011e-03
1.766666666666666430e+01,1.688398383743129963e-03
1.768750000000000000e+01,-7.712504989439275538e-03
1.770833333333333215e+01,-1.353579606780038955e-02
1.772916666666666430e+01,-3.905466789917858353e-03
1.775000000000000000e+01,2.239024001538804289e-03
1.777083333333333215e+01,-7.077143874371367126e-03
1.779166666666666430e+01,-1.302108728092502346e-02
1.781250000000000000e+01,-3.288896638375463088e-03
1.783333333333333215e+01,3.421622076209442434e-03
1.785416666666666430e+01,-4.951746746811766867e-03
1.787500000000000000e+01,-1.022742814713571702e-02
1.789583333333333215e+01,-6.892920924539435758e-05
1.791666666666666430e+01,7.201225977847703318e-03
1.793750000000000000e+01,-7.129342993449621496e-04
1.795833333333333215e+01,-5.379836695806802620e-03
1.797916666666666430e+01,5.637643066552044599e-03
1.800000000000000000e+01,1.382261208775124005e-02
1.802083333333333215e+01,6.617471723917798740e-03
1.804166666666666430e+01,2.456199800129627107e-03
1.806250000000000000e+01,1.034174729423222722e-02
1.808333333333333215e+01,1.294166138922236628e-02
1.810416666666666430e+01,-8.349622197068812886e-05
1.812500000000000000e+01,-9.932816250403495376e-03
1.814583333333333215e+01,-3.955377804825278842e-03
1.816666666666666430e+01,-9.717530130018970898e-04
1.818750000000000000e+01,-9.927477521326381893e-03
1.820833333333333215e+01,-1.308601143877361102e-02
1.822916666666666430e+01,-8.192440447964273150e-04
1.825000000000000000e+01,7.842979169002638196e-03
1.827083333333333215e+01,9.582038583453404701e-04
1.829166666666666430e+01,-2.699897308093766792e-03
1.831250000000000000e+01,6.711623123219823128e-03
1.833333333333333215e+01,1.187081398864182728e-02
1.835416666666666430e+01,2.598582505567726027e-03
1.837500000000000000e+01,-3.455239429240386864e-03
1.839583333333333215e+01,5.086648054748764587e-03
1.841666666666666430e+01,1.042145728019532730e-02
1.843750000000000000e+01,6.072205536763927150e-04
1.845833333333333215e+01,-6.155092658835827069e-03
1.847916666666666430e+01,2.425112355721004836e-03
1.850000000000000000e+01,7.273782764126174999e-03
1.852083333333333215e+01,-4.513430344471424174e-03
1.854166666666666430e+01,-1.317867125626800626e-02
1.856250000000000000e+01,-5.312853420352935813e-03
1.858333333333333215e+01,-1.227752732836376575e-03
1.860416666666666430e+01,-1.321700207166428068e-02
1.862500000000000000e+01,-2.055844659765728583e-02
1.864583333333333215e+01,-1.051694741789389181e-02
1.866666666666666430e+01,-3.981670857762012114e-03
1.868750000000000000e+01,-1.463838958219382952e-02
1.870833333333333215e+01,-2.127285593439072128e-02
1.872916666666666430e+01,-1.050229977530991315e-02
1.875000000000000000e+01,-3.430331249536341248e-03
1.877083333333333215e+01,-1.318739867604413335e-02
1.879166666666666430e+01,-1.864445809281556690e-02
1.881250000000000000e+01,-7.606594216330289995e-03
1.883333333333333215e+01,-5.335486042714956967e-04
1.885416666666666430e+01,-9.609569456927249606e-03
1.887500000000000000e+01,-1.460426766048214878e-02
1.889583333333333215e+01,-3.925089619051582226e-03
1.891666666666666430e+01,2.781459633176399781e-03
1.893750000000000000e+01,-6.471762218978640603e-03
1.895833333333333215e+01,-1.231984476922558594e-02
1.897916666666666430e+01,-2.775422306977693310e-03
1.900000000000000000e+01,3.367980552449313311e-03
1.902083333333333215e+01,-6.268491884080169482e-03
1.904166666666666430e+01,-1.271917929720188002e-02
1.906250000000000000e+01,-3.770075259721782177e-03
1.908333333333333215e+01,2.036776371386547508e-03
1.910416666666666430e+01,-7.238067563949259625e-03
1.912500000000000000e+01,-1.326056790521517280e-02
1.914583333333333215e+01,-3.897724905067091999e-03
1.916666666666666430e+01,2.519898507076261639e-03
1.918750000000000000e+01,-6.103981514091356801e-03
1.920833333333333215e+01,-1.152765769177969968e-02
1.922916666666666430e+01,-1.327133475681060168e-03
1.925000000000000000e+01,5.593108112251039474e-03
1.927083333333333215e+01,-2.973447826713458697e-03
1.929166666666666430e+01,-8.411039541168443753e-03
1.931250000000000000e+01,1.735752127240580830e-03
1.933333333333333215e+01,8.729475424694889060e-03
1.935416666666666430e+01,1.700751254622953114e-04
1.937500000000000000e+01,-5.480759645653987717e-03
1.939583333333333215e+01,4.614362247929488896e-03
1.941666666666666430e+01,1.175312821277845789e-02
1.943750000000000000e+01,3.209444954328443192e-03
1.945833333333333215e+01,-2.502620027866066764e-03
1.947916666666666430e+01,7.623740988531193044e-03
1.950000000000000000e+01,1.472060869707952566e-02
1.952083333333333215e+01,6.205093586801147670e-03
1.954166666666666430e+01,7.637341969367924654e-04
1.956250000000000000e+01,1.071544070897193814e-02
1.958333333333333215e+01,1.678194472846991636e-02
1.960416666666666430e+01,6.474880719144806770e-03
1.962500000000000000e+01,-2.691093827462560906e-04
1.964583333333333215e+01,9.860625882404898748e-03
1.966666666666666430e+01,1.626706283548767437e-02
1.968750000000000000e+01,5.878885015447859498e-03
1.970833333333333215e+01,-9.609019755052037497e-04
1.972916666666666430e+01,9.145317683129912043e-03
1.975000000000000000e+01,1.578264962991820369e-02
1.977083333333333215e+01,5.799488598348998165e-03
1.979166666666666430e+01,-8.001845942413806116e-04
1.981250000000000000e+01,9.382177195042603821e-03
1.983333333333333215e+01,1.613746906884186774e-02
1.985416666666666430e+01,6.401942378009436128e-03
1.987500000000000000e+01,-2.571228100254622083e-05
1.989583333333333215e+01,1.014609394738075557e-02
1.991666666666666430e+01,1.705358653820342532e-02
1.993750000000000000e+01,7.664996178025407225e-03
1.995833333333333215e+01,1.447098481343538990e-03
1.997916666666666430e+01,1.169177400507395020e-02
2.000000000000000000e+01,1.872395362224222454e-02
2.002083333333333215e+01,9.560286618830356187e-03
2.004166666666666430e+01,3.513953463059341087e-03
2.006250000000000000e+01,1.332734848735413549e-02
2.008333333333333215e+01,1.974149194297088530e-02
2.010416666666666430e+01,1.006508454214231907e-02
2.012500000000000000e+01,3.574027523950697519e-03
2.014583333333333215e+01,1.348801199482938667e-02
2.016666666666666430e+01,2.035774698336833763e-02
2.018750000000000000e+01,1.122606037468374361e-02
2.020833333333333215e+01,5.582453377687131811e-03
2.022916666666666430e+01,1.424048683376767654e-02
2.025000000000000000e+01,1.847501234169665260e-02
2.027083333333333215e+01,6.726412910870647327e-03
2.029166666666666430e+01,-1.675697141854374898e-03
2.031250000000000000e+01,5.817654946306796172e-03
2.033333333333333215e+01,1.021651987794740431e-02
2.035416666666666430e+01,-1.441923022932093843e-03
2.037500000000000000e+01,-1.001061664336139363e-02
2.039583333333333215e+01,-2.618242632854519449e-03
2.041666666666666430e+01,1.832715877142103910e-03
2.043750000000000000e+01,-8.560444571785107495e-03
2.045833333333333215e+01,-1.505018254967913603e-02
2.047916666666666430e+01,-5.772780076697697597e-03
2.050000000000000000e+01,3.767014347651833923e-04
2.052083333333333215e+01,-9.466203644584203145e-03
2.054166666666666430e+01,-1.603225861461129303e-02
2.056250000000000000e+01,-6.823379978410135972e-03
2.058333333333333215e+01,-8.745259181913734312e-04
2.060416666666666430e+01,-1.079665315776147903e-02
2.062500000000000000e+01,-1.729718280966996424e-02
2.064583333333333215e+01,-8.079690325802458412e-03
2.066666666666666430e+01,-2.132759549072554047e-03
2.068750000000000000e+01,-1.201402472235461004e-02
2.070833333333333215e+01,-1.853405042283400722e-02
2.072916666666666430e+01,-9.357259715581460122e-03
2.075000000000000000e+01,-3.392096811556695370e-03
2.077083333333333215e+01,-1.283283794846501458e-02
2.079166666666666430e+01,-1.881933483667199911e-02
2.081250000000000000e+01,-9.119437355336582410e-03
2.083333333333333215e+01,-2.448423183096052995e-03
2.085416666666666430e+01,-1.169139308193198508e-02
2.087500000000000000e+01,-1.786214130474642753e-02
2.089583333333333215e+01,-8.308356641634305831e-03
2.091666666666666430e+01,-1.721371656287095601e-03
2.093750000000000000e+01,-1.105441673903966547e-02
2.095833333333333215e+01,-1.740074261656940000e-02
2.097916666666666430e+01,-8.001844163550821468e-03
2.100000000000000000e+01,-1.498727671598202660e-03
2.102083333333333215e+01,-1.091906925420887964e-02
2.104166666666666430e+01,-1.736193698152480036e-02
2.106250000000000000e+01,-8.079678894732376590e-03
2.108333333333333215e+01,-1.701863519956707755e-03
2.110416666666666430e+01,-1.125214609160644745e-02
2.112500000000000000e+01,-1.780189680255353860e-02
2.114583333333333215e+01,-8.603533349632092389e-03
2.116666666666666430e+01,-2.376938289424522423e-03
2.118750000000000000e+01,-1.204609799741657335e-02
2.120833333333333215e+01,-1.856260249297031137e-02
2.122916666666666430e+01,-9.386492021945641237e-03
2.125000000000000000e+01,-3.368149823525118294e-03
2.127083333333333215e+01,-1.281648901989684321e-02
2.129166666666666430e+01,-1.884018359777286239e-02
2.131250000000000000e+01,-9.295791196510767157e-03
2.133333333333333215e+01,-3.049290977605119760e-03
2.135416666666666430e+01,-1.262759584712924189e-02
2.137500000000000000e+01,-1.868084345737095961e-02
2.139583333333333215e+01,-9.103761750971137851e-03
2.141666666666666430e+01,-3.076941143430126854e-03
2.143750000000000000e+01,-1.246599604853588367e-02
2.145833333333333215e+01,-1.830498033947984896e-02
2.147916666666666430e+01,-8.675837706882837466e-03
2.150000000000000000e+01,-2.357075194011207415e-03
2.152083333333333215e+01,-1.184231762607503534e-02
2.154166666666666430e+01,-1.838930314940103589e-02
2.156250000000000000e+01,-9.435370086339546838e-03
2.158333333333333215e+01,-3.754680229520291051e-03
2.160416666666666430e+01,-1.282900312104833136e-02
2.162500000000000000e+01,-1.810965565170993483e-02
2.164583333333333215e+01,-7.998359252448031254e-03
2.166666666666666430e+01,-1.214805208776961439e-03
2.168750000000000000e+01,-1.023768555955619289e-02
2.170833333333333215e+01,-1.626098376440834187e-02
2.172916666666666430e+01,-6.627897011008666850e-03
2.175000000000000000e+01,-3.057301915184602588e-04
2.177083333333333215e+01,-9.981947331299291515e-03
2.179166666666666430e+01,-1.661601898446696951e-02
2.181250000000000000e+01,-7.420819862545570064e-03
2.183333333333333215e+01,-1.570614887847851786e-03
2.185416666666666430e+01,-1.142579724794210230e-02
2.187500000000000000e+01,-1.804803078917366008e-02
2.189583333333333215e+01,-8.650834945547133253e-03
2.191666666666666430e+01,-3.416633832165939973e-03
2.193750000000000000e+01,-1.224221953063562261e-02
2.195833333333333215e+01,-1.669325089087989739e-02
2.197916666666666430e+01,-5.201013119451756636e-03
2.200000000000000000e+01,3.056147013100412625e-03
2.202083333333333215e+01,-4.431569231432700914e-03
2.204166666666666430e+01,-8.823314057942149846e-03
2.206250000000000000e+01,2.604858145275904847e-03
2.208333333333333215e+01,1.079926657166218468e-02
2.210416666666666430e+01,3.341161867610008621e-03
2.212500000000000000e+01,-1.040026082099457325e-03
2.214583333333333215e+01,8.559395717202832737e-03
2.216666666666666430e+01,1.391239470790434085e-02
2.218750000000000000e+01,3.718486073478756079e-03
2.220833333333333215e+01,-3.306173973966149409e-03
2.222916666666666430e+01,5.534510605738366014e-03
2.225000000000000000e+01,1.132664503021342702e-02
2.227083333333333215e+01,1.522115471768673923e-03
2.229166666666666430e+01,-4.891590924276391882e-03
2.231250000000000000e+01,4.612522597144916824e-03
2.233333333333333215e+01,1.109663640761837135e-02
2.235416666666666430e+01,2.009119115200065381e-03
2.237500000000000000e+01,-3.769509721348931856e-03
2.239583333333333215e+01,6.474209991850624936e-03
2.241666666666666430e+01,1.370810426779468100e-02
2.243750000000000000e+01,5.533340854562493125e-03
2.245833333333333215e+01,6.539289775011034077e-04
2.247916666666666430e+01,1.007998082312499752e-02
2.250000000000000000e+01,1.553370295039445750e-02
2.252083333333333215e+01,5.405524858590262348e-03
2.254166666666666430e+01,-1.409863633065309291e-03
2.256250000000000000e+01,7.827647117711692901e-03
2.258333333333333215e+01,1.402957651246525099e-02
2.260416666666666430e+01,4.643107752284266615e-03
2.262500000000000000e+01,-1.331190756132014964e-03
2.264583333333333215e+01,8.802063843725328046e-03
2.266666666666666430e+01,1.588057857539659432e-02
2.268750000000000000e+01,7.385834092447812402e-03
2.270833333333333215e+01,2.292547217082289458e-03
2.272916666666666430e+01,1.152355145601355844e-02
2.275000000000000000e+01,1.663957998061113899e-02
2.277083333333333215e+01,6.282901803158774320e-03
2.279166666666666430e+01,-7.228689874650373560e-04
2.281250000000000000e+01,8.197580293616746686e-03
2.283333333333333215e+01,1.412766827613803726e-02
2.285416666666666430e+01,4.644962618756672511e-03
2.287500000000000000e+01,-1.487131793025326222e-03
2.289583333333333215e+01,8.327564545552021066e-03
2.291666666666666430e+01,1.514078066818836873e-02
2.293750000000000000e+01,6.603728991542988890e-03
2.295833333333333215e+01,1.324794285807691331e-03
2.297916666666666430e+01,1.082152052070881922e-02
2.300000000000000000e+01,1.669417068083943814e-02
2.302083333333333215e+01,7.074149248125796013e-03
2.304166666666666430e+01,7.561663427934246784e-04
2.306250000000000000e+01,1.051172611896637049e-02
2.308333333333333215e+01,1.729358341285278100e-02
2.310416666666666430e+01,8.542674792632140579e-03
2.312500000000000000e+01,3.172094655739323386e-03
2.314583333333333215e+01,1.233099269664759273e-02
2.316666666666666430e+01,1.744809270236769710e-02
2.318750000000000000e+01,7.098393487840923624e-03
2.320833333333333215e+01,7.643476821548689064e-05
2.322916666666666430e+01,8.879630081757598423e-03
2.325000000000000000e+01,1.466305797365910317e-02
2.327083333333333215e+01,4.799794752373604846e-03
2.329166666666666430e+01,-1.714186054315137812e-03
2.331250000000000000e+01,7.744957952307192535e-03
2.333333333333333215e+01,1.407596180181073901e-02
2.335416666666666430e+01,4.668215632742491079e-03
2.337500000000000000e+01,-1.295675188094398602e-03
2.339583333333333215e+01,8.710313539535097932e-03
2.341666666666666430e+01,1.550513408580831212e-02
2.343750000000000000e+01,6.549703264392772901e-03
2.345833333333333215e+01,1.071881545652259926e-03
2.347916666666666430e+01,1.067144676023391164e-02
2.350000000000000000e+01,1.657974429402603658e-02
2.352083333333333215e+01,6.706301221462147681e-03
2.354166666666666430e+01,2.479288157617336240e-04
2.356250000000000000e+01,9.412102270540725554e-03
2.358333333333333215e+01,1.529428754954224867e-02
2.360416666666666430e+01,5.380796743622448530e-03
2.362500000000000000e+01,-1.395436199733146804e-03
2.364583333333333215e+01,7.388838091410481618e-03
2.366666666666666430e+01,1.296989964608897053e-02
2.368750000000000000e+01,2.658577256317309033e-03
2.370833333333333215e+01,-4.587640372530300478e-03
2.372916666666666430e+01,3.780648328769006979e-03
2.375000000000000000e+01,8.870715150085757561e-03
2.377083333333333215e+01,-2.117248701057320662e-03
2.379166666666666430e+01,-1.011965922685381485e-02
2.381250000000000000e+01,-2.492416175283828587e-03
2.383333333333333215e+01,1.732833153125734778e-03
2.385416666666666430e+01,-8.450277653192846128e-03
2.387500000000000000e+01,-1.446100569494999585e-02
2.389583333333333215e+01,-4.774837960230811189e-03
2.391666666666666430e+01,1.523659740359202888e-03
2.393750000000000000e+01,-8.105240214653627873e-03
2.395833333333333215e+01,-1.454868874005606390e-02
2.397916666666666430e+01,-5.209348194396091168e-03
2.400000000000000000e+01,6.278076480676221104e-04
2.402083333333333215e+01,-9.340657767358057778e-03
2.404166666666666430e+01,-1.601203822539916735e-02
2.406250000000000000e+01,-6.923212370771363901e-03
2.408333333333333215e+01,-1.345061984269464370e-03
2.410416666666666430e+01,-1.099913745989785155e-02
2.412500000000000000e+01,-1.702755431125934499e-02
2.414583333333333215e+01,-7.279931098426548931e-03
2.416666666666666430e+01,-8.050917221616830672e-04
2.418750000000000000e+01,-9.863319188879482100e-03
2.420833333333333215e+01,-1.567131676664872478e-02
2.422916666666666430e+01,-5.683133006329711863e-03
2.425000000000000000e+01,9.713151044943598269e-04
2.427083333333333215e+01,-8.017345597118722897e-03
2.429166666666666430e+01,-1.381621867936697057e-02
2.431250000000000000e+01,-3.789234611526202771e-03
2.433333333333333215e+01,3.012218380642027547e-03
2.435416666666666430e+01,-5.829518286216691519e-03
2.437500000000000000e+01,-1.156073444590632882e-02
2.439583333333333215e+01,-1.439088886271527130e-03
2.441666666666666430e+01,5.652916486032975169e-03
2.443750000000000000e+01,-2.906520908994020790e-03
2.445833333333333215e+01,-8.351833379089465895e-03
2.447916666666666430e+01,2.213832030093736310e-03
2.450000000000000000e+01,9.790413915593548441e-03
2.452083333333333215e+01,1.681156162014355330e-03
2.454166666666666430e+01,-3.188599173868789452e-03
2.456250000000000000e+01,7.959805265643989797e-03
2.458333333333333215e+01,1.605974561741784629e-02
2.460416666666666430e+01,8.526337899644126708e-03
2.462500000000000000e+01,4.392378186720388884e-03
2.464583333333333215e+01,1.221138366652657452e-02
2.466666666666666430e+01,1.427677447972788491e-02
2.468750000000000000e+01,1.420417633088014078e-03
2.470833333333333215e+01,-7.496545996459796912e-03
2.472916666666666430e+01,-4.952772427521064157e-04
2.475000000000000000e+01,3.330416264915615158e-03
2.477083333333333215e+01,-7.120212666405330119e-03
2.479166666666666430e+01,-1.309701332481571535e-02
2.481250000000000000e+01,-3.238793868197358417e-03
2.483333333333333215e+01,3.508484631500978328e-03
2.485416666666666430e+01,-5.613391897904785807e-03
2.487500000000000000e+01,-1.152116607064055179e-02
2.489583333333333215e+01,-1.750900696068894043e-03
2.491666666666666430e+01,4.938229228138678664e-03
2.493750000000000000e+01,-4.163441073158377290e-03
2.495833333333333215e+01,-9.998976030813006358e-03
2.497916666666666430e+01,-1.745851064464310387e-04
2.500000000000000000e+01,6.573300486844070936e-03
2.502083333333333215e+01,-2.279403557869103935e-03
2.504166666666666430e+01,-7.948546850532431721e-03
2.506250000000000000e+01,1.921848578857686700e-03
2.508333333333333215e+01,8.742690323823434223e-03
2.510416666666666430e+01,-2.190051414383552579e-04
2.512500000000000000e+01,-5.929798863770959286e-03
2.514583333333333215e+01,4.125860890235993721e-03
2.516666666666666430e+01,1.108955116193181129e-02
2.518750000000000000e+01,2.175354037647445928e-03
2.520833333333333215e+01,-3.458200595070277591e-03
2.522916666666666430e+01,6.684520153563366235e-03
2.525000000000000000e+01,1.372852003179973572e-02
2.527083333333333215e+01,4.984353961551468183e-03
2.529166666666666430e+01,-5.799519665702880999e-04
2.531250000000000000e+01,9.472556073886428257e-03
2.533333333333333215e+01,1.645096282406579430e-02
2.535416666666666430e+01,7.630636305354977951e-03
2.537500000000000000e+01,2.070394046586309170e-03
2.539583333333333215e+01,1.144078268012070805e-02
2.541666666666666430e+01,1.719628256851449613e-02
2.543750000000000000e+01,7.248236159620649946e-03
2.545833333333333215e+01,5.245998702756531334e-04
2.547916666666666430e+01,9.371952549182785419e-03
2.550000000000000000e+01,1.516217703901803424e-02
2.552083333333333215e+01,5.279819245748736296e-03
2.554166666666666430e+01,-1.424889926330153572e-03
2.556250000000000000e+01,7.423950709197621976e-03
2.558333333333333215e+01,1.322692887261583093e-02
2.560416666666666430e+01,3.348120582399164054e-03
2.562500000000000000e+01,-3.328668922566191749e-03
2.564583333333333215e+01,5.582302962476257471e-03
2.566666666666666430e+01,1.144025226768201516e-02
2.568750000000000000e+01,1.604283439298727788e-03
2.570833333333333215e+01,-5.097567637510974463e-03
2.572916666666666430e+01,3.823641347258149338e-03
2.575000000000000000e+01,9.678129649724106706e-03
2.577083333333333215e+01,-3.733586002360226273e-04
2.579166666666666430e+01,-7.144470285348526045e-03
2.581250000000000000e+01,1.962887788189658471e-03
2.583333333333333215e+01,7.969698992546226518e-03
2.585416666666666430e+01,-2.004778297734115169e-03
2.587500000000000000e+01,-8.663068598779808185e-03
2.589583333333333215e+01,5.466874661910540957e-04
2.591666666666666430e+01,6.648113727805578591e-03
2.593750000000000000e+01,-3.099002041395983436e-03
2.595833333333333215e+01,-9.715913438030705090e-03
2.597916666666666430e+01,-6.747097205829290538e-04
2.600000000000000000e+01,5.080507736066452312e-03
2.602083333333333215e+01,-5.090105471671759960e-03
2.604166666666666430e+01,-1.223894067938546132e-02
2.606250000000000000e+01,-3.833865615707059225e-03
2.608333333333333215e+01,1.159138639153053495e-03
2.610416666666666430e+01,-9.353626950411883176e-03
2.612500000000000000e+01,-1.647328556823089360e-02
2.614583333333333215e+01,-7.924000797818747319e-03
2.616666666666666430e+01,-2.741486901829732863e-03
2.618750000000000000e+01,-1.204904079780563624e-02
2.620833333333333215e+01,-1.728549755575734329e-02
2.622916666666666430e+01,-6.997620431273981340e-03
2.625000000000000000e+01,-7.972261519289569642e-05
2.627083333333333215e+01,-9.108453759108191966e-03
2.629166666666666430e+01,-1.514503112945535766e-02
2.631250000000000000e+01,-5.796097305157192972e-03
2.633333333333333215e+01,2.112641813491172979e-04
2.635416666666666430e+01,-9.612971548388780235e-03
2.637500000000000000e+01,-1.646582236444452119e-02
2.639583333333333215e+01,-8.005788443972662247e-03
2.641666666666666430e+01,-2.857754739361928129e-03
2.643750000000000000e+01,-1.171225128265438245e-02
2.645833333333333215e+01,-1.643392130644012392e-02
2.647916666666666430e+01,-5.786416492635237246e-03
2.650000000000000000e+01,1.532023149798104238e-03
2.652083333333333215e+01,-7.048669288760707648e-03
2.654166666666666430e+01,-1.261079619881319211e-02
2.656250000000000000e+01,-2.517806170952536018e-03
2.658333333333333215e+01,4.240300030406295335e-03
2.660416666666666430e+01,-5.051605074065088075e-03
2.662500000000000000e+01,-1.129075276468098285e-02
2.664583333333333215e+01,-1.926929576120014294e-03
2.666666666666666430e+01,4.054892047340797126e-03
2.668750000000000000e+01,-6.099633481315751282e-03
2.670833333333333215e+01,-1.324990316834994547e-02
2.672916666666666430e+01,-4.915130849204819505e-03
2.675000000000000000e+01,5.141852014659642971e-05
2.677083333333333215e+01,-9.805865530177634848e-03
2.679166666666666430e+01,-1.599119003069259318e-02
2.681250000000000000e+01,-6.563526230032820999e-03
2.683333333333333215e+01,-4.241243414297921066e-04
2.685416666666666430e+01,-9.965682971781710670e-03
2.687500000000000000e+01,-1.647582947408872053e-02
2.689583333333333215e+01,-7.210165712306178601e-03
2.691666666666666430e+01,-1.201213361593827600e-03
2.693750000000000000e+01,-1.088172095533940752e-02
2.695833333333333215e+01,-1.748151383456053934e-02
2.697916666666666430e+01,-8.361530034442760106e-03
2.700000000000000000e+01,-2.374615804592335091e-03
2.702083333333333215e+01,-1.186035191335895259e-02
2.704166666666666430e+01,-1.819725929134717243e-02
2.706250000000000000e+01,-8.684245504753681719e-03
2.708333333333333215e+01,-2.436872441806770505e-03
2.710416666666666430e+01,-1.197195085439257956e-02
2.712500000000000000e+01,-1.840900780792356292e-02
2.714583333333333215e+01,-9.066787361429302916e-03
2.716666666666666430e+01,-3.026953256986869047e-03
2.718750000000000000e+01,-1.242650850149085856e-02
2.720833333333333215e+01,-1.858442223959581169e-02
2.722916666666666430e+01,-9.126548371795337525e-03
2.725000000000000000e+01,-2.901595768442089777e-03
2.727083333333333215e+01,-1.226949948657087876e-02
2.729166666666666430e+01,-1.859811572582098851e-02
2.731250000000000000e+01,-9.179390126491479562e-03
2.733333333333333215e+01,-3.007909337070555078e-03
2.735416666666666430e+01,-1.262164620659112120e-02
2.737500000000000000e+01,-1.920598699049103075e-02
2.739583333333333215e+01,-9.969290433538965587e-03
2.741666666666666430e+01,-3.946882904316651591e-03
2.743750000000000000e+01,-1.302481817927581866e-02
2.745833333333333215e+01,-1.861864879722944718e-02
2.747916666666666430e+01,-8.455343481143453785e-03
2.750000000000000000e+01,-1.625161901095985555e-03
2.752083333333333215e+01,-1.053317204122733962e-02
2.754166666666666430e+01,-1.635944281951379892e-02
2.756250000000000000e+01,-6.386720556726118575e-03
2.758333333333333215e+01,4.062421576583987240e-04
2.760416666666666430e+01,-8.517006306504568830e-03
2.762500000000000000e+01,-1.439058742630850742e-02
2.764583333333333215e+01,-4.366501238893234250e-03
2.766666666666666430e+01,2.374699534511008018e-03
2.768750000000000000e+01,-6.719757914080464779e-03
2.770833333333333215e+01,-1.270807247331737222e-02
2.772916666666666430e+01,-2.800109381870405801e-03
2.775000000000000000e+01,3.809325777806255291e-03
2.777083333333333215e+01,-5.345968631772968563e-03
2.779166666666666430e+01,-1.141065369588950898e-02
2.781250000000000000e+01,-1.828920825545733491e-03
2.783333333333333215e+01,4.468719450766579782e-03
2.785416666666666430e+01,-4.876940091927698707e-03
2.787500000000000000e+01,-1.115849415890764022e-02
2.789583333333333215e+01,-1.690538015832281343e-03
2.791666666666666430e+01,4.528773153016561921e-03
2.793750000000000000e+01,-4.899675054493088031e-03
2.795833333333333215e+01,-1.125142167570433206e-02
2.797916666666666430e+01,-1.985742806967362266e-03
2.800000000000000000e+01,4.043958997748195970e-03
2.802083333333333215e+01,-5.545441851665457687e-03
2.804166666666666430e+01,-1.207946109563148678e-02
2.806250000000000000e+01,-2.820833235624004703e-03
2.808333333333333215e+01,3.181879318343324228e-03
2.810416666666666430e+01,-6.558210431268630264e-03
2.812500000000000000e+01,-1.320981457439818034e-02
2.814583333333333215e+01,-4.042740694319021076e-03
2.816666666666666430e+01,1.937131655876228251e-03
2.818750000000000000e+01,-7.773945578783599160e-03
2.820833333333333215e+01,-1.440758447417938085e-02
2.822916666666666430e+01,-5.149231495085808928e-03
2.825000000000000000e+01,8.321727953552858102e-04
2.827083333333333215e+01,-9.018124205295990903e-03
2.829166666666666430e+01,-1.576166207463658084e-02
2.831250000000000000e+01,-6.600224187500876825e-03
2.833333333333333215e+01,-7.245715183507440808e-04
2.835416666666666430e+01,-1.060246698464238808e-02
2.837500000000000000e+01,-1.738029222238396398e-02
2.839583333333333215e+01,-8.486051783953039301e-03
2.841666666666666430e+01,-2.863172339425888637e-03
2.843750000000000000e+01,-1.204635793018475100e-02
2.845833333333333215e+01,-1.759339786405713854e-02
2.847916666666666430e+01,-7.349637687050779994e-03
2.850000000000000000e+01,-3.663942246078520952e-04
2.852083333333333215e+01,-9.084428090208885795e-03
2.854166666666666430e+01,-1.472074388441282043e-02
2.856250000000000000e+01,-4.624695584288816830e-03
2.858333333333333215e+01,2.378403697027072633e-03
2.860416666666666430e+01,-6.204994574371821073e-03
2.862500000000000000e+01,-1.151308969516262777e-02
2.864583333333333215e+01,-8.737550334629801477e-04
2.866666666666666430e+01,6.780961469129410946e-03
2.868750000000000000e+01,-1.051364463454355132e-03
2.870833333333333215e+01,-5.501198178478884995e-03
2.872916666666666430e+01,5.937380696441773090e-03
2.875000000000000000e+01,1.432900847225283825e-02
2.877083333333333215e+01,7.064904571838445842e-03
2.879166666666666430e+01,3.093378891958515654e-03
2.881250000000000000e+01,1.107386293351518558e-02
2.883333333333333215e+01,1.341346699823756268e-02
2.885416666666666430e+01,5.478373253053571076e-04
2.887500000000000000e+01,-8.561345023108677885e-03
2.889583333333333215e+01,-1.998615018209732360e-03
2.891666666666666430e+01,1.305852481064511284e-03
2.893750000000000000e+01,-7.766100314211914907e-03
2.895833333333333215e+01,-1.121025841868119981e-02
2.897916666666666430e+01,9.639084939011706953e-04
2.900000000000000000e+01,9.805149879038733279e-03
2.902083333333333215e+01,2.914454752996382177e-03
2.904166666666666430e+01,-4.963122373552446721e-04
2.906250000000000000e+01,8.289277761362521049e-03
2.908333333333333215e+01,1.154086615792367446e-02
2.910416666666666430e+01,-1.018075428739920098e-03
2.912500000000000000e+01,-1.040498398038924507e-02
2.914583333333333215e+01,-4.161448081598627911e-03
2.916666666666666430e+01,-6.434361416967086713e-04
2.918750000000000000e+01,-9.108256700751151888e-03
2.920833333333333215e+01,-1.213065937221102959e-02
2.922916666666666430e+01,6.470976882456676120e-04
2.925000000000000000e+01,1.057526068728485528e-02
2.927083333333333215e+01,4.750482415378669276e-03
2.929166666666666430e+01,7.900654914408106319e-04
2.931250000000000000e+01,8.901729303670004659e-03
2.933333333333333215e+01,1.212219566487816522e-02
2.935416666666666430e+01,-2.875789482662420354e-04
2.937500000000000000e+01,-9.292965328052219323e-03
2.939583333333333215e+01,-2.291304684150435606e-03
2.941666666666666430e+01,1.681226843403185473e-03
2.943750000000000000e+01,-7.890543171694228142e-03
2.945833333333333215e+01,-1.282521278431862817e-02
2.947916666666666430e+01,-1.894013222421259308e-03
2.950000000000000000e+01,5.804100586182870877e-03
2.952083333333333215e+01,-2.185755477120596667e-03
2.954166666666666430e+01,-7.168209665631653134e-03
2.956250000000000000e+01,3.431675516200000196e-03
2.958333333333333215e+01,1.084180832397488477e-02
2.960416666666666430e+01,2.725811572192867599e-03
2.962500000000000000e+01,-2.344948995691593756e-03
2.964583333333333215e+01,8.307104010088240190e-03
2.966666666666666430e+01,1.570081958585303403e-02
2.968750000000000000e+01,7.384046748405878949e-03
2.970833333333333215e+01,2.144913067781064209e-03
2.972916666666666430e+01,1.138640222667215880e-02
2.975000000000000000e+01,1.648322252987918096e-02
2.977083333333333215e+01,5.889589770646748434e-03
2.979166666666666430e+01,-1.615908784739282554e-03
2.981250000000000000e+01,6.525047353363774838e-03
2.983333333333333215e+01,1.143717093848280707e-02
2.985416666666666430e+01,7.327113011053143325e-04
2.987500000000000000e+01,-6.927569014270369349e-03
2.989583333333333215e+01,1.208335075128720787e-03
2.991666666666666430e+01,6.089111825014732228e-03
2.993750000000000000e+01,-4.785654742702608912e-03
2.995833333333333215e+01,-1.257373797868787876e-02
2.997916666666666430e+01,-4.512338312919918562e-03
3.000000000000000000e+01,3.261045199972316009e-04
3.002083333333333215e+01,-9.653427957436025442e-03
3.004166666666666430e+01,-1.592979110734858011e-02
3.006250000000000000e+01,-6.310324285586214367e-03
3.008333333333333215e+01,2.420375380496470188e-05
3.010416666666666430e+01,-9.421773297540065109e-03
3.012500000000000000e+01,-1.577350435879673260e-02
3.014583333333333215e+01,-6.370449320054793682e-03
3.016666666666666430e+01,-1.166226877929635428e-04
3.018750000000000000e+01,-9.500006253735775522e-03
3.020833333333333215e+01,-1.563764197853776197e-02
3.022916666666666430e+01,-5.787020671626513443e-03
3.025000000000000000e+01,1.088723086408574297e-03
3.027083333333333215e+01,-7.682213065510559019e-03
3.029166666666666430e+01,-1.305004035576134633e-02
3.031250000000000000e+01,-2.469972178087169110e-03
3.033333333333333215e+01,4.986338673944758389e-03
3.035416666666666430e+01,-3.271834376250156405e-03
3.037500000000000000e+01,-8.160928130410090298e-03
3.039583333333333215e+01,2.620159309030410579e-03
3.041666666666666430e+01,1.024094215505052564e-02
3.043750000000000000e+01,2.015470610326439236e-03
3.045833333333333215e+01,-3.009804043939119742e-03
3.047916666666666430e+01,7.636919185003859280e-03
3.050000000000000000e+01,1.520564924560061787e-02
3.052083333333333215e+01,6.921128929368117536e-03
3.054166666666666430e+01,1.774440197052426851e-03
3.056250000000000000e+01,1.097651877762053155e-02
3.058333333333333215e+01,1.624704450450657409e-02
3.060416666666666430e+01,5.809734167998868715e-03
3.062500000000000000e+01,-1.468798709724757588e-03
3.064583333333333215e+01,7.039851705760471513e-03
3.066666666666666430e+01,1.258410689791116671e-02
3.068750000000000000e+01,2.272830769269644936e-03
3.070833333333333215e+01,-4.781022553422608311e-03
3.072916666666666430e+01,3.838810162014288496e-03
3.075000000000000000e+01,9.226323332553966819e-03
3.077083333333333215e+01,-1.194679684356825256e-03
3.079166666666666430e+01,-8.396830856858349124e-03
3.081250000000000000e+01,-9.464145520918420737e-05
3.083333333333333215e+01,4.845994563642506969e-03
3.085416666666666430e+01,-5.920584714147299026e-03
3.087500000000000000e+01,-1.315971997394255535e-02
3.089583333333333215e+01,-4.782964306817595428e-03
3.091666666666666430e+01,3.489725526431800983e-04
3.093750000000000000e+01,-9.698036963941432040e-03
3.095833333333333215e+01,-1.621503254200920563e-02
3.097916666666666430e+01,-7.045353347520190435e-03
3.100000000000000000e+01,-8.271137615934938707e-04
3.102083333333333215e+01,-1.049869698637062587e-02
3.104166666666666430e+01,-1.709507604481657825e-02
3.106250000000000000e+01,-8.001936787158702227e-03
3.108333333333333215e+01,-1.934346298699021012e-03
3.110416666666666430e+01,-1.173861235076408688e-02
3.112500000000000000e+01,-1.842076365559129625e-02
3.114583333333333215e+01,-9.426274256707950147e-03
3.116666666666666430e+01,-3.496795620357851485e-03
3.118750000000000000e+01,-1.275148081381558690e-02
3.120833333333333215e+01,-1.840005177481858489e-02
3.122916666666666430e+01,-8.385098624849976132e-03
3.125000000000000000e+01,-1.466924679498376061e-03
3.127083333333333215e+01,-1.039665621177992584e-02
3.129166666666666430e+01,-1.623437821048356530e-02
3.131250000000000000e+01,-6.444203865923858569e-03
3.133333333333333215e+01,2.974474355086224918e-04
3.135416666666666430e+01,-8.826573501888625162e-03
3.137500000000000000e+01,-1.480354660081121924e-02
3.139583333333333215e+01,-5.107863877846848845e-03
3.141666666666666430e+01,1.494773030299946818e-03
3.143750000000000000e+01,-7.751168437564120474e-03
3.145833333333333215e+01,-1.383319296254052061e-02
3.147916666666666430e+01,-4.263485475347488819e-03
3.150000000000000000e+01,2.193739686843354866e-03
3.152083333333333215e+01,-7.169418120751976445e-03
3.154166666666666430e+01,-1.344376144957350368e-02
3.156250000000000000e+01,-4.107520691055820128e-03
3.158333333333333215e+01,2.047526868539591410e-03
3.160416666666666430e+01,-7.718167677199788169e-03
3.162500000000000000e+01,-1.439563612990431979e-02
3.164583333333333215e+01,-5.508948394107389575e-03
3.166666666666666430e+01,1.171675717222207385e-04
3.168750000000000000e+01,-1.013166358667795877e-02
3.170833333333333215e+01,-1.746806806331547071e-02
3.172916666666666430e+01,-9.367004913965529950e-03
3.175000000000000000e+01,-4.389865067607062049e-03
3.177083333333333215e+01,-1.253444979248255660e-02
3.179166666666666430e+01,-1.600290947645486780e-02
3.181250000000000000e+01,-4.190050467735049328e-03
3.183333333333333215e+01,4.286055039501401702e-03
3.185416666666666430e+01,-3.047415022427873293e-03
3.187500000000000000e+01,-7.436081198416998744e-03
3.189583333333333215e+01,3.631093660074160429e-03
3.191666666666666430e+01,1.147290116722465836e-02
3.193750000000000000e+01,3.520033218698770134e-03
3.195833333333333215e+01,-1.450757687125718304e-03
3.197916666666666430e+01,8.690804974044768344e-03
3.200000000000000000e+01,1.518863007044354667e-02
3.202083333333332860e+01,5.744823244051210261e-03
3.204166666666666430e+01,-5.946620414030215612e-04
3.206250000000000000e+01,8.788082819804301712e-03
3.208333333333332860e+01,1.476387642041549625e-02
3.210416666666666430e+01,5.051899853388324736e-03
3.212500000000000000e+01,-1.373185160381026676e-03
3.214583333333332860e+01,7.999947801351390067e-03
3.216666666666666430e+01,1.404408627681080421e-02
3.218750000000000000e+01,4.556324365120495087e-03
3.220833333333332860e+01,-1.571506430748559942e-03
3.222916666666666430e+01,8.079689173759443607e-03
3.225000000000000000e+01,1.420608349360394720e-02
3.227083333333332860e+01,4.714364493103733594e-03
3.229166666666666430e+01,-1.330497901455499803e-03
3.231250000000000000e+01,8.287599810906034689e-03
3.233333333333332860e+01,1.438057488406369044e-02
3.235416666666666430e+01,4.908910132502728244e-03
3.237500000000000000e+01,-1.294593473188706016e-03
3.239583333333332860e+01,8.322034942069232374e-03
3.241666666666666430e+01,1.488272336386415109e-02
3.243750000000000000e+01,5.763581418956921498e-03
3.245833333333332860e+01,-1.883110981928495830e-04
3.247916666666666430e+01,9.903406057132484522e-03
3.250000000000000000e+01,1.704606344274704754e-02
3.252083333333332860e+01,8.551846764608088750e-03
3.254166666666666430e+01,3.427166743180023751e-03
3.256250000000000000e+01,1.240206489732900014e-02
3.258333333333332860e+01,1.703169236500075290e-02
3.260416666666666430e+01,6.166498675498123007e-03
3.262500000000000000e+01,-1.311635022353506864e-03
3.264583333333332860e+01,7.062720699997931777e-03
3.266666666666666430e+01,1.241354154540200670e-02
3.268750000000000000e+01,2.057774226070136631e-03
3.270833333333332860e+01,-4.935211663686079296e-03
3.272916666666666430e+01,3.779970219379790927e-03
3.275000000000000000e+01,9.353112897931845429e-03
3.277083333333332860e+01,-9.109868799557775372e-04
3.279166666666666430e+01,-7.866196259506455166e-03
3.281250000000000000e+01,8.344164758075766491e-04
3.283333333333332860e+01,6.279443329992290442e-03
3.285416666666666430e+01,-4.076356762086545509e-03
3.287500000000000000e+01,-1.110905637884144169e-02
3.289583333333332860e+01,-2.554967963505135487e-03
3.291666666666666430e+01,2.685130419203263230e-03
3.293750000000000000e+01,-7.844581378495753612e-03
3.295833333333332860e+01,-1.491498596568772983e-02
3.297916666666666430e+01,-6.370702743396832596e-03
3.300000000000000000e+01,-1.180305026062871679e-03
3.302083333333332860e+01,-1.063519278934326774e-02
3.304166666666666430e+01,-1.606958735545641753e-02
3.306250000000000000e+01,-5.943886573499848960e-03
3.308333333333332860e+01,9.511085365242436408e-04
3.310416666666666430e+01,-7.983660275055672745e-03
3.312500000000000000e+01,-1.361014896436121314e-02
3.314583333333332860e+01,-3.591937775742251593e-03
3.316666666666666430e+01,3.239902417777057973e-03
3.318750000000000000e+01,-5.757313600635876986e-03
3.320833333333332860e+01,-1.158823171733271325e-02
3.322916666666666430e+01,-1.794043477240761606e-03
3.325000000000000000e+01,4.920549484458329979e-03
3.327083333333332860e+01,-4.219652733753472863e-03
3.329166666666666430e+01,-1.023670397738974183e-02
3.331250000000000000e+01,-5.898993156272858748e-04
3.333333333333332860e+01,6.029179161560851465e-03
3.335416666666666430e+01,-3.200035348397348243e-03
3.337500000000000000e+01,-9.420335775345685392e-03
3.339583333333332860e+01,4.359346370910841835e-05
3.341666666666666430e+01,6.497538983543616961e-03
3.343750000000000000e+01,-3.039566147345252375e-03
3.345833333333332860e+01,-9.605963122035954607e-03
3.347916666666666430e+01,-4.865197818841889943e-04
3.350000000000000000e+01,5.723847876144594164e-03
3.352083333333332860e+01,-3.806928008112300983e-03
3.354166666666666430e+01,-1.033364306130005877e-02
3.356250000000000000e+01,-1.134658098727867005e-03
3.358333333333332860e+01,5.256710537172385074e-03
3.360416666666666430e+01,-4.272344651320965012e-03
3.362500000000000000e+01,-1.092695020641150198e-02
3.364583333333332860e+01,-1.788901067079355384e-03
3.366666666666666430e+01,4.520926981898105990e-03
3.368750000000000000e+01,-4.999715454398138102e-03
3.370833333333332860e+01,-1.142208471094160495e-02
3.372916666666666430e+01,-2.187291606380998427e-03
3.375000000000000000e+01,3.866022506571348445e-03
3.377083333333332860e+01,-5.855969192860639716e-03
3.379166666666666430e+01,-1.215250492337494048e-02
3.381250000000000000e+01,-2.800515289862425677e-03
3.383333333333332860e+01,3.302612428219404723e-03
3.385416666666666430e+01,-6.401182248807838968e-03
3.387500000000000000e+01,-1.277647423307927584e-02
3.389583333333332860e+01,-3.509780560470230661e-03
3.391666666666666430e+01,2.548555401027705492e-03
3.393750000000000000e+01,-7.212209979228656302e-03
3.395833333333332860e+01,-1.370701571424376257e-02
3.397916666666666430e+01,-4.522438722694911879e-03
3.400000000000000000e+01,1.510586052996766441e-03
3.402083333333332860e+01,-8.247375553078660493e-03
3.404166666666666430e+01,-1.482889415804525789e-02
3.406250000000000000e+01,-5.833925642793133179e-03
3.408333333333332860e+01,-7.500206050467772253e-05
3.410416666666666430e+01,-1.015800841225336995e-02
3.412500000000000000e+01,-1.685449135089107930e-02
3.414583333333332860e+01,-7.920974574106320540e-03
3.416666666666666430e+01,-2.339377031347770856e-03
3.418750000000000000e+01,-1.164846017864873233e-02
3.420833333333332860e+01,-1.707511745115166540e-02
3.422916666666666430e+01,-6.985856412281129732e-03
3.425000000000000000e+01,-2.292824888889269863e-04
3.427083333333332860e+01,-9.226428897298091791e-03
3.429166666666666430e+01,-1.472695711921137053e-02
3.431250000000000000e+01,-4.617897371277370107e-03
3.433333333333332860e+01,2.153533345621412142e-03
3.435416666666666430e+01,-6.829910734292727985e-03
3.437500000000000000e+01,-1.250918833784359259e-02
3.439583333333332860e+01,-2.560355051144027651e-03
3.441666666666666430e+01,4.251047424590173769e-03
3.443750000000000000e+01,-4.770296886610094628e-03
3.445833333333332860e+01,-1.061402139999187422e-02
3.447916666666666430e+01,-7.891337767034854039e-04
3.450000000000000000e+01,5.998847639092677077e-03
3.452083333333332860e+01,-3.077706282730081899e-03
3.454166666666666430e+01,-9.111641113404199410e-03
3.456250000000000000e+01,5.230855402819529218e-04
3.458333333333332860e+01,7.226315021517164434e-03
3.460416666666666430e+01,-1.959325064314480867e-03
3.462500000000000000e+01,-8.221155623549971161e-03
3.464583333333332860e+01,1.303822380792673923e-03
3.466666666666666430e+01,7.904114435545383024e-03
3.468750000000000000e+01,-1.552347324167695003e-03
3.470833333333332860e+01,-8.089968442365052040e-03
3.472916666666666430e+01,1.082443424732619942e-03
3.475000000000000000e+01,7.340016676907658820e-03
3.477083333333332860e+01,-2.083818326058799620e-03
3.479166666666666430e+01,-8.401735985112530197e-03
3.481250000000000000e+01,9.879940664293555743e-04
3.483333333333332860e+01,7.439807893887822807e-03
3.485416666666666430e+01,-2.004304325606103866e-03
3.487500000000000000e+01,-8.404976647871955503e-03
3.489583333333332860e+01,9.276597691684174921e-04
3.491666666666666430e+01,7.246826931049226046e-03
3.493750000000000000e+01,-2.299045897037869761e-03
3.495833333333332860e+01,-8.598574858352203004e-03
3.497916666666666430e+01,7.747971916195278913e-04
3.500000000000000000e+01,6.887807979381260250e-03
3.502083333333332860e+01,-2.776743565123918935e-03
3.504166666666666430e+01,-9.120021627566662556e-03
3.506250000000000000e+01,6.709686217656876867e-05
3.508333333333332860e+01,5.827522771515917903e-03
3.510416666666666430e+01,-4.049345210170658856e-03
3.512500000000000000e+01,-1.025741274417038724e-02
3.514583333333332860e+01,-7.533701852018673565e-04
3.516666666666666430e+01,5.427432453693525720e-03
3.518750000000000000e+01,-4.045857600216795462e-03
3.520833333333332860e+01,-9.960837075307612740e-03
3.522916666666666430e+01,-1.293865139636579805e-04
3.525000000000000000e+01,6.501995267674164081e-03
3.527083333333332860e+01,-2.464309274350908775e-03
3.529166666666666430e+01,-7.990510074258846615e-03
3.531250000000000000e+01,2.403421396353651058e-03
3.533333333333332860e+01,9.885206386275460083e-03
3.535416666666666430e+01,1.818154645895369518e-03
3.537500000000000000e+01,-2.808983773827291013e-03
3.539583333333332860e+01,7.932857615404159679e-03
3.541666666666666430e+01,1.543744293828805229e-02
3.543750000000000000e+01,7.384375331682303464e-03
3.545833333333332860e+01,2.718310412106000624e-03
3.547916666666666430e+01,1.151790079048828006e-02
3.550000000000000000e+01,1.586366145253425772e-02
3.552083333333332860e+01,4.643778366612752624e-03
3.554166666666666430e+01,-3.252812314724730976e-03
3.556250000000000000e+01,4.807084265132765231e-03
3.558333333333332860e+01,1.013841932316145687e-02
3.560416666666666430e+01,-1.083947997227054766e-04
3.562500000000000000e+01,-7.117302226453294314e-03
3.564583333333332860e+01,1.856655096725292730e-03
3.566666666666666430e+01,8.176372868052048104e-03
3.568750000000000000e+01,-1.110206146423143875e-03
3.570833333333332860e+01,-7.280257203630630634e-03
3.572916666666666430e+01,2.530019958234850513e-03
3.575000000000000000e+01,9.607005052759069741e-03
3.577083333333332860e+01,1.056326758481699983e-03
3.579166666666666430e+01,-4.070205597499810396e-03
3.581250000000000000e+01,6.765705068528917246e-03
3.583333333333332860e+01,1.451078233996774998e-02
3.585416666666666430e+01,6.661640651995870410e-03
3.587500000000000000e+01,2.350881633130149848e-03
3.589583333333332860e+01,1.103018293966274641e-02
3.591666666666666430e+01,1.482142066238357515e-02
3.593750000000000000e+01,3.048995460611989613e-03
3.595833333333332860e+01,-5.294627183012399173e-03
3.597916666666666430e+01,2.321344427480932088e-03
3.600000000000000000e+01,7.087645923131141897e-03
3.602083333333332860e+01,-3.729973442248045619e-03
3.604166666666666430e+01,-1.114635376017729211e-02
3.606250000000000000e+01,-2.588122845855130721e-03
3.608333333333332860e+01,3.150630094791006825e-03
3.610416666666666430e+01,-6.702857942905655030e-03
3.612500000000000000e+01,-1.322267077204366224e-02
3.614583333333332860e+01,-3.777016326667809350e-03
3.616666666666666430e+01,2.693147249290512180e-03
3.618750000000000000e+01,-6.437871408439663559e-03
3.620833333333332860e+01,-1.208427264623507420e-02
3.622916666666666430e+01,-1.830630553640491282e-03
3.625000000000000000e+01,5.421792359807857051e-03
3.627083333333332860e+01,-2.817101243429771806e-03
3.629166666666666430e+01,-7.438646905100291737e-03
3.631250000000000000e+01,3.781980929211099449e-03
3.633333333333332860e+01,1.172653752215318222e-02
3.635416666666666430e+01,4.132624622591839735e-03
3.637500000000000000e+01,1.675335144606315493e-04
3.639583333333332860e+01,9.346680523013007474e-03
3.641666666666666430e+01,1.369018438886425784e-02
3.643750000000000000e+01,2.508299856683981425e-03
3.645833333333332860e+01,-5.187936114681704868e-03
3.647916666666666430e+01,3.031248163885816218e-03
3.650000000000000000e+01,8.368585669395373766e-03
3.652083333333332860e+01,-1.853932750926068048e-03
3.654166666666666430e+01,-8.706842697366485098e-03
3.656250000000000000e+01,4.014373491343223494e-04
3.658333333333332860e+01,6.772741423415444724e-03
3.660416666666666430e+01,-2.442453422597382247e-03
3.662500000000000000e+01,-8.487404992911520840e-03
3.664583333333332860e+01,1.452279286677685176e-03
3.666666666666666430e+01,8.513863373205319066e-03
3.668750000000000000e+01,-1.007737357172185848e-04
3.670833333333332860e+01,-5.336172703003479352e-03
3.672916666666666430e+01,5.450573904285118364e-03
3.675000000000000000e+01,1.327914029233880945e-02
3.677083333333332860e+01,5.417417770385094151e-03
3.679166666666666430e+01,8.402821222448016592e-04
3.681250000000000000e+01,1.020914122382006288e-02
3.683333333333332860e+01,1.548514553208434411e-02
3.685416666666666430e+01,5.177017131296400738e-03
3.687500000000000000e+01,-1.842576699278194660e-03
3.689583333333332860e+01,7.096488477986842569e-03
3.691666666666666430e+01,1.320445801983169236e-02
3.693750000000000000e+01,3.732869487039034307e-03
3.695833333333332860e+01,-2.249820856431951430e-03
3.697916666666666430e+01,7.707290050136766588e-03
3.700000000000000000e+01,1.464510222936993289e-02
3.702083333333332860e+01,6.038531436036244197e-03
3.704166666666666430e+01,1.102096121548768771e-03
3.706250000000000000e+01,1.059749124493323744e-02
3.708333333333332860e+01,1.587771673541046868e-02
3.710416666666666430e+01,5.628398900779845414e-03
3.712500000000000000e+01,-8.869326921635957515e-04
3.714583333333332860e+01,8.476025784452207931e-03
3.716666666666666430e+01,1.471267381769951303e-02
3.718750000000000000e+01,5.446317823375584725e-03
3.720833333333332860e+01,-2.194930821853281441e-04
3.722916666666666430e+01,9.973213709689102494e-03
3.725000000000000000e+01,1.715877172921518104e-02
3.727083333333332860e+01,8.831727236957978566e-03
3.729166666666666430e+01,3.995161997903633536e-03
3.731250000000000000e+01,1.231128323324346720e-02
3.733333333333332860e+01,1.591082549154780590e-02
3.735416666666666430e+01,3.938301561730146727e-03
3.737500000000000000e+01,-4.718034280761162005e-03
3.739583333333332860e+01,2.599303632917713321e-03
3.741666666666666430e+01,7.145464426524617517e-03
3.743750000000000000e+01,-3.919383574598365658e-03
3.745833333333332860e+01,-1.169540747743075086e-02
3.747916666666666430e+01,-3.436343272759522123e-03
3.750000000000000000e+01,2.098921974976333728e-03
3.752083333333332860e+01,-8.036622952632474851e-03
3.754166666666666430e+01,-1.507987150336011217e-02
3.756250000000000000e+01,-6.127882442249349415e-03
3.758333333333332860e+01,1.671452597415342702e-04
3.760416666666666430e+01,-9.180237657210703339e-03
3.762500000000000000e+01,-1.522736821833273017e-02
3.764583333333332860e+01,-5.282885778958306897e-03
3.766666666666666430e+01,1.735803968320485382e-03
3.768750000000000000e+01,-6.847668350954625067e-03
3.770833333333332860e+01,-1.192366608304620997e-02
3.772916666666666430e+01,-1.078372611325549612e-03
3.775000000000000000e+01,6.683993913508250000e-03
3.777083333333332860e+01,-1.098579084948442513e-03
3.779166666666666430e+01,-5.310736891466094449e-03
3.781250000000000000e+01,5.974269108820940040e-03
3.783333333333332860e+01,1.403259662659730490e-02
3.785416666666666430e+01,6.561963174734148675e-03
3.787500000000000000e+01,2.535477046061827919e-03
3.789583333333332860e+01,1.092768037249106441e-02
3.791666666666666430e+01,1.414491323228294663e-02
3.793750000000000000e+01,1.809201924071023558e-03
3.795833333333332860e+01,-7.256817090097713620e-03
3.797916666666666430e+01,-3.538047433633319250e-04
3.800000000000000000e+01,3.659294864934520709e-03
3.802083333333332860e+01,-6.654116491436704549e-03
3.804166666666666430e+01,-1.265696069595724678e-02
3.806250000000000000e+01,-2.681255079353421847e-03
3.808333333333332860e+01,4.371053561213309943e-03
3.810416666666666430e+01,-4.176197429950611120e-03
3.812500000000000000e+01,-9.206610295137416730e-03
3.814583333333332860e+01,1.716169756038229011e-03
3.816666666666666430e+01,9.585448093644503495e-03
3.818750000000000000e+01,1.892180454417026177e-03
3.820833333333332860e+01,-2.194748561795430326e-03
3.822916666666666430e+01,7.897198426769612076e-03
3.825000000000000000e+01,1.369603366652505025e-02
3.827083333333332860e+01,3.950289623079450071e-03
3.829166666666666430e+01,-2.242307692397552295e-03
3.831250000000000000e+01,7.450765004108505021e-03
3.833333333333332860e+01,1.426367192664885694e-02
3.835416666666666430e+01,5.527230674014125926e-03
3.837500000000000000e+01,2.029387635534132600e-05
3.839583333333332860e+01,1.035829911948095948e-02
3.841666666666666430e+01,1.788294381949435269e-02
3.843750000000000000e+01,9.825596383797905592e-03
3.845833333333332860e+01,5.141566751862443156e-03
3.847916666666666430e+01,1.310131551242677168e-02
3.850000000000000000e+01,1.598711728757730779e-02
3.852083333333332860e+01,3.317996761838874244e-03
3.854166666666666430e+01,-5.867434000681095302e-03
3.856250000000000000e+01,8.832800026340224082e-04
3.858333333333332860e+01,4.647077011453130437e-03
3.860416666666666430e+01,-5.707671320873519694e-03
3.862500000000000000e+01,-1.170206780597239822e-02
3.864583333333332860e+01,-1.777570364116387016e-03
3.866666666666666430e+01,5.239513128991118464e-03
3.868750000000000000e+01,-3.346668837365446205e-03
3.870833333333332860e+01,-8.497153553694961753e-03
3.872916666666666430e+01,2.361303511580454574e-03
3.875000000000000000e+01,1.020796973837306658e-02
3.877083333333332860e+01,2.370974600862179541e-03
3.879166666666666430e+01,-2.245832842553166248e-03
3.881250000000000000e+01,8.328687098611875159e-03
3.883333333333332860e+01,1.523786820880037272e-02
3.885416666666666430e+01,6.396723614717976167e-03
3.887500000000000000e+01,6.581543542292250413e-04
3.889583333333332860e+01,1.079096996858485910e-02
3.891666666666666430e+01,1.764109652021346106e-02
3.893750000000000000e+01,8.786607187040731959e-03
3.895833333333332860e+01,3.022038149441648620e-03
3.897916666666666430e+01,1.212944798836159375e-02
3.900000000000000000e+01,1.749118775454431077e-02
3.902083333333332860e+01,7.254084218900079539e-03
3.904166666666666430e+01,7.399060946759496431e-05
3.906250000000000000e+01,8.612542854093616085e-03
3.908333333333332860e+01,1.390924950624273550e-02
3.910416666666666430e+01,3.579892731093987316e-03
3.912500000000000000e+01,-3.677689998640080397e-03
3.914583333333332860e+01,4.690526098377768155e-03
3.916666666666666430e+01,9.891440912673571742e-03
3.918750000000000000e+01,-4.813297220601674749e-04
3.920833333333332860e+01,-7.801212267254662054e-03
3.922916666666666430e+01,7.323071844912468990e-04
3.925000000000000000e+01,6.004763145015251311e-03
3.927083333333332860e+01,-4.587402938285091089e-03
3.929166666666666430e+01,-1.206964538328096984e-02
3.931250000000000000e+01,-3.609091012122062937e-03
3.933333333333332860e+01,1.511269379960499459e-03
3.935416666666666430e+01,-9.008916967112421889e-03
3.937500000000000000e+01,-1.622475203184794296e-02
3.939583333333332860e+01,-7.456949415194135192e-03
3.941666666666666430e+01,-1.977845493343529000e-03
3.943750000000000000e+01,-1.143220862615597876e-02
3.945833333333332860e+01,-1.718661406853761592e-02
3.947916666666666430e+01,-7.139234200227908417e-03
3.950000000000000000e+01,-2.107610572056227362e-04
3.952083333333332860e+01,-8.874688365661170114e-03
3.954166666666666430e+01,-1.438155571391644405e-02
3.956250000000000000e+01,-4.049457497740784583e-03
3.958333333333332860e+01,3.224704071438213530e-03
3.960416666666666430e+01,-5.054192887695698085e-03
3.962500000000000000e+01,-9.966360935585744790e-03
3.964583333333332860e+01,9.887010777555329481e-04
3.966666666666666430e+01,8.909701084663089812e-03
3.968750000000000000e+01,1.452660531837807883e-03
3.970833333333332860e+01,-2.638920742237650576e-03
3.972916666666666430e+01,7.634532837558590489e-03
3.975000000000000000e+01,1.384646647424865942e-02
3.977083333333332860e+01,4.720888413031518183e-03
3.979166666666666430e+01,-1.077501106959965430e-03
3.981250000000000000e+01,8.879812840098748328e-03
3.983333333333332860e+01,1.588837624886266231e-02
3.985416666666666430e+01,7.203339753029047547e-03
3.987500000000000000e+01,1.791711656016850519e-03
3.989583333333332860e+01,1.127509258930758755e-02
3.991666666666666430e+01,1.714507237506689846e-02
3.993750000000000000e+01,7.160194669224130906e-03
3.995833333333332860e+01,2.865685945540937950e-04
3.997916666666666430e+01,9.096505101836167492e-03
4.000000000000000000e+01,1.485324104772960986e-02
4.002083333333332860e+01,4.741498219691992269e-03
4.004166666666666430e+01,-2.145138392343566916e-03
4.006250000000000000e+01,6.643407779046745128e-03
4.008333333333332860e+01,1.222729743960595909e-02
4.010416666666666430e+01,2.052872328890874894e-03
4.012500000000000000e+01,-4.774184744943231994e-03
4.014583333333332860e+01,4.063363929062257206e-03
4.016666666666666430e+01,9.644252215991612476e-03
4.018750000000000000e+01,-5.950332673976761787e-04
4.020833333333332860e+01,-7.425478225211285498e-03
4.022916666666666430e+01,1.386661568720235589e-03
4.025000000000000000e+01,6.846458537582198085e-03
4.027083333333332860e+01,-3.427248032572491505e-03
4.029166666666666430e+01,-1.019240998533360761e-02
4.031250000000000000e+01,-1.341378929803879565e-03
4.033333333333332860e+01,4.202754783510021137e-03
4.035416666666666430e+01,-6.047074908448254495e-03
4.037500000000000000e+01,-1.313261923199164627e-02
4.039583333333332860e+01,-4.646717373804497633e-03
4.041666666666666430e+01,6.700845521554228820e-04
4.043750000000000000e+01,-9.587706708186151741e-03
4.045833333333332860e+01,-1.644062012939997638e-02
4.047916666666666430e+01,-7.643615203764331234e-03
4.050000000000000000e+01,-1.928437870216430892e-03
4.052083333333332860e+01,-1.150279834045793946e-02
4.054166666666666430e+01,-1.765825165748349107e-02
4.056250000000000000e+01,-8.131976474219150888e-03
4.058333333333332860e+01,-1.506859680046686648e-03
4.060416666666666430e+01,-1.077781208339454420e-02
4.062500000000000000e+01,-1.714356084041927797e-02
4.064583333333332860e+01,-7.733091761725021697e-03
4.066666666666666430e+01,-1.126355102921780364e-03
4.068750000000000000e+01,-1.043133682686665786e-02
4.070833333333332860e+01,-1.670297966991087998e-02
4.072916666666666430e+01,-7.266515865734642261e-03
4.075000000000000000e+01,-8.841691197234238537e-04
4.077083333333332860e+01,-1.022112438640394687e-02
4.079166666666666430e+01,-1.628859008619748527e-02
4.081250000000000000e+01,-6.679201093470556877e-03
4.083333333333332860e+01,-2.618762974054263744e-04
4.085416666666666430e+01,-9.658625159694948781e-03
4.087500000000000000e+01,-1.568131524364176771e-02
4.089583333333332860e+01,-6.059326307868409013e-03
4.091666666666666430e+01,2.565234448877948812e-04
4.093750000000000000e+01,-9.199904863812311678e-03
4.095833333333332860e+01,-1.533472560790989127e-02
4.097916666666666430e+01,-5.915181490604035953e-03
4.100000000000000000e+01,2.090434409803829715e-04
4.102083333333332860e+01,-9.436666635035423356e-03
4.104166666666666430e+01,-1.567629344634122179e-02
4.106250000000000000e+01,-6.285736172163432917e-03
4.108333333333332860e+01,-1.365979030915921428e-04
4.110416666666666430e+01,-9.799831644906109585e-03
4.112500000000000000e+01,-1.624568533492765088e-02
4.114583333333332860e+01,-7.072253022224329715e-03
4.116666666666666430e+01,-1.007480213752380430e-03
4.118750000000000000e+01,-1.078914580457246593e-02
4.120833333333332860e+01,-1.746695549542259113e-02
4.122916666666666430e+01,-8.488348757631450359e-03
4.125000000000000000e+01,-2.498785205195135951e-03
4.127083333333332860e+01,-1.223269014606428833e-02
4.129166666666666430e+01,-1.888572324127377883e-02
4.131250000000000000e+01,-9.842701658230744791e-03
4.133333333333332860e+01,-3.640154111936559026e-03
4.135416666666666430e+01,-1.350392878051101531e-02
4.137500000000000000e+01,-2.007500260802270314e-02
4.139583333333332860e+01,-9.812619536400295564e-03
4.141666666666666430e+01,-2.580858905443142882e-03
4.143750000000000000e+01,-1.248853883053873542e-02
4.145833333333332860e+01,-1.907187437564296720e-02
4.147916666666666430e+01,-8.734218552298823185e-03
4.150000000000000000e+01,-1.759871350202719346e-03
4.152083333333332860e+01,-1.168389785014464777e-02
4.154166666666666430e+01,-1.813886133038493387e-02
4.156250000000000000e+01,-7.952740187526887924e-03
4.158333333333332860e+01,-1.130342405543040014e-03
4.160416666666666430e+01,-1.108991621135715575e-02
4.162500000000000000e+01,-1.760020633619134925e-02
4.164583333333332860e+01,-7.606271997770841162e-03
4.166666666666666430e+01,-9.584933363643812669e-04
4.168750000000000000e+01,-1.090018044626347472e-02
4.170833333333332860e+01,-1.741045043265761205e-02
4.172916666666666430e+01,-7.593056157386466644e-03
4.175000000000000000e+01,-1.106219509456698915e-03
4.177083333333332860e+01,-1.105205407630967425e-02
4.179166666666666430e+01,-1.758770521815674823e-02
4.181250000000000000e+01,-7.939036836912261724e-03
4.183333333333332860e+01,-1.603647203910329305e-03
4.185416666666666430e+01,-1.156932594379005835e-02
4.187500000000000000e+01,-1.834141168682721854e-02
4.189583333333332860e+01,-9.115658250113838068e-03
4.191666666666666430e+01,-3.239736221712079256e-03
4.193750000000000000e+01,-1.301173720628821806e-02
4.195833333333332860e+01,-1.933187831876212112e-02
4.197916666666666430e+01,-9.903188629730382692e-03
4.200000000000000000e+01,-3.863662568927235096e-03
4.202083333333332860e+01,-1.328163989317737367e-02
4.204166666666666430e+01,-1.923047722721272015e-02
4.206250000000000000e+01,-9.284138035073491793e-03
4.208333333333332860e+01,-2.674402387480933393e-03
4.210416666666666430e+01,-1.199734868526082694e-02
4.212500000000000000e+01,-1.821144697290917255e-02
4.214583333333332860e+01,-8.352461047163842536e-03
4.216666666666666430e+01,-1.800729930406154726e-03
4.218750000000000000e+01,-1.125165051000469665e-02
4.220833333333332860e+01,-1.756992688336794436e-02
4.222916666666666430e+01,-7.831610022120225056e-03
4.225000000000000000e+01,-1.406499401360381419e-03
4.227083333333332860e+01,-1.088212258577254433e-02
4.229166666666666430e+01,-1.723644232295643702e-02
4.231250000000000000e+01,-7.801246342007741100e-03
4.233333333333332860e+01,-1.677528166492713458e-03
4.235416666666666430e+01,-1.137175622523481019e-02
4.237500000000000000e+01,-1.797335975389572488e-02
4.239583333333332860e+01,-8.627554573029546509e-03
4.241666666666666430e+01,-2.569520822018413024e-03
4.243750000000000000e+01,-1.229004880132367888e-02
4.245833333333332860e+01,-1.884424013095765613e-02
4.247916666666666430e+01,-9.518374824808668866e-03
4.250000000000000000e+01,-3.379341580144706696e-03
4.252083333333332860e+01,-1.279419215422572358e-02
4.254166666666666430e+01,-1.900744467397191828e-02
4.256250000000000000e+01,-9.239510324190293791e-03
4.258333333333332860e+01,-2.765199528480131487e-03
4.260416666666666430e+01,-1.225517516799551343e-02
4.262500000000000000e+01,-1.862293149077915572e-02
4.264583333333332860e+01,-8.915597924157381629e-03
4.266666666666666430e+01,-2.162692674026428768e-03
4.268750000000000000e+01,-1.074812226939905573e-02
4.270833333333332860e+01,-1.642962417809636783e-02
4.272916666666666430e+01,-7.873072690651673061e-03
4.275000000000000000e+01,-3.461895846297850365e-03
4.277083333333332860e+01,-1.387204725163875517e-02
4.279166666666666430e+01,-2.126888096657489693e-02
4.281250000000000000e+01,-1.811004119136094825e-02
4.283333333333332860e+01,-1.930110619022689517e-02
4.285416666666666430e+01,-3.196486305338250289e-02
4.287500000000000000e+01,-4.288587382630434236e-02
4.289583333333332860e+01,-4.575458706463030045e-02
4.291666666666666430e+01,-5.163126183316627676e-02
4.293750000000000000e+01,-6.288894474484803265e-02
4.295833333333332860e+01,-7.301836111328549594e-02
4.297916666666666430e+01,-7.229070646465121652e-02
4.300000000000000000e+01,-6.979090728898966478e-02
4.302083333333332860e+01,-8.086552867796509281e-02
4.304166666666666430e+01,-9.454453064531871676e-02
4.306250000000000000e+01,-9.234488291794028247e-02
4.308333333333332860e+01,-7.820322432053494754e-02
4.310416666666666430e+01,-6.641566630567673213e-02
4.312500000000000000e+01,-7.043546061401104175e-02
4.314583333333332860e+01,-7.840449532057917892e-02
4.316666666666666430e+01,-7.839383265908987652e-02
4.318750000000000000e+01,-6.219864538615496596e-02
4.320833333333332860e+01,-4.307834314634996498e-02
4.322916666666666430e+01,-3.397952432984413518e-02
4.325000000000000000e+01,-4.160434786659926443e-02
4.327083333333332860e+01,-5.143602179995497570e-02
4.329166666666666430e+01,-5.031516494637201797e-02
4.331250000000000000e+01,-3.319577332001606013e-02
4.333333333333332860e+01,-1.604213589090688202e-02
4.335416666666666430e+01,-1.224851431400329933e-02
4.337500000000000000e+01,-1.893526016324046865e-02
4.339583333333332860e+01,-2.072121892491776002e-02
4.341666666666666430e+01,-8.358689401410325862e-03
4.343750000000000000e+01,1.280557778261123608e-03
4.345833333333332860e+01,-3.809721286252693278e-03
4.347916666666666430e+01,-6.205874267307521716e-03
4.350000000000000000e+01,2.963828180860063419e-03
4.352083333333332860e+01,6.874013534186397371e-03
4.354166666666666430e+01,-4.247589564130609813e-03
4.356250000000000000e+01,-1.188786912754234357e-02
4.358333333333332860e+01,-3.760938984655201253e-03
4.360416666666666430e+01,1.240982568181710297e-03
4.362500000000000000e+01,-8.722233689459247749e-03
4.364583333333332860e+01,-1.531978031508116414e-02
4.366666666666666430e+01,-6.151912100644993039e-03
4.368750000000000000e+01,-1.444358349580205553e-05
4.370833333333332860e+01,-9.454898714885844740e-03
4.372916666666666430e+01,-1.594560545022106340e-02
4.375000000000000000e+01,-6.770364409810075701e-03
4.377083333333332860e+01,-5.841447208755696152e-04
4.379166666666666430e+01,-1.008434670967925037e-02
4.381250000000000000e+01,-1.707829982575211417e-02
4.383333333333332860e+01,-8.204464395288883077e-03
4.385416666666666430e+01,-1.695886166278251766e-03
4.387500000000000000e+01,-1.100417633065612147e-02
4.389583333333332860e+01,-1.821221903900238290e-02
4.391666666666666430e+01,-9.391288959871294667e-03
4.393750000000000000e+01,-2.638574824927800416e-03
4.395833333333332860e+01,-1.163863693750996631e-02
4.397916666666666430e+01,-1.858501978054207318e-02
4.400000000000000000e+01,-9.506190990641809335e-03
4.402083333333332860e+01,-1.877976525871534637e-03
4.404166666666666430e+01,-8.386168939532239602e-03
4.406250000000000000e+01,-1.283836277076415115e-02
4.408333333333332860e+01,-7.070630903043563162e-03
4.410416666666666430e+01,-7.823105943322273062e-03
4.412500000000000000e+01,-2.366881601796393120e-02
4.414583333333332860e+01,-3.601284834713791572e-02
4.416666666666666430e+01,-3.247322958232669310e-02
4.418750000000000000e+01,-3.367383491635667775e-02
4.420833333333332860e+01,-5.211260885220227873e-02
4.422916666666666430e+01,-6.618799100561649495e-02
4.425000000000000000e+01,-6.382051168537786201e-02
4.427083333333332860e+01,-6.383958105348859491e-02
4.429166666666666430e+01,-7.906455180110373571e-02
4.431250000000000000e+01,-9.594364359058286940e-02
4.433333333333332860e+01,-9.729171539052884621e-02
4.435416666666666430e+01,-8.653098011355503383e-02
4.437500000000000000e+01,-7.780089000319480308e-02
4.439583333333332860e+01,-8.478607225263966318e-02
4.441666666666666430e+01,-9.564759645034906499e-02
4.443750000000000000e+01,-9.141557872696587372e-02
4.445833333333332860e+01,-7.338270842424582385e-02
4.447916666666666430e+01,-5.678814394650087000e-02
4.450000000000000000e+01,-5.668145506573599168e-02
4.452083333333332860e+01,-6.090049818410666477e-02
4.454166666666666430e+01,-5.149245319529616866e-02
4.456250000000000000e+01,-3.818527406645616518e-02
4.458333333333332860e+01,-3.890777571035037435e-02
4.460416666666666430e+01,-4.070268002795991713e-02
4.462500000000000000e+01,-2.687000534147764366e-02
4.464583333333332860e+01,-1.329915371564924058e-02
4.466666666666666430e+01,-1.638468163197743035e-02
4.468750000000000000e+01,-1.920896686732595504e-02
4.470833333333332860e+01,-6.355290301893989392e-03
4.472916666666666430e+01,4.820731279096062208e-03
4.475000000000000000e+01,-1.046128370592348269e-04
4.477083333333332860e+01,-4.683933529483337750e-03
4.479166666666666430e+01,4.665505073845914105e-03
4.481250000000000000e+01,1.101451776847396993e-02
4.483333333333332860e+01,1.632348907049781033e-03
4.485416666666666430e+01,-4.640309053999158023e-03
4.487500000000000000e+01,4.715128014553142399e-03
4.489583333333332860e+01,1.092756065196019526e-02
4.491666666666666430e+01,1.753079770771570753e-03
4.493750000000000000e+01,-3.798395262700488082e-03
4.495833333333332860e+01,6.381040416434069669e-03
4.497916666666666430e+01,1.341830542057683220e-02
4.500000000000000000e+01,5.092106549195776419e-03
4.502083333333332860e+01,5.175145864046611088e-04
4.504166666666666430e+01,9.777271203633178601e-03
4.506250000000000000e+01,1.457106963294760998e-02
4.508333333333332860e+01,4.043500194661379249e-03
4.510416666666666430e+01,-3.183897958045764452e-03
4.512500000000000000e+01,5.221096800921399238e-03
4.514583333333332860e+01,1.055999820272868206e-02
4.516666666666666430e+01,3.055601579118558142e-04
4.518750000000000000e+01,-6.873547346287838498e-03
4.520833333333332860e+01,1.793409847935549398e-03
4.522916666666666430e+01,7.050933822317879268e-03
4.525000000000000000e+01,-3.717249250998060171e-03
4.527083333333332860e+01,-1.137759825877392161e-02
4.529166666666666430e+01,-2.840325095255833918e-03
4.531250000000000000e+01,2.353949966241739543e-03
4.533333333333332860e+01,-8.795057943716079463e-03
4.535416666666666430e+01,-1.628248629701611536e-02
4.537500000000000000e+01,-7.046258424845999215e-03
4.539583333333332860e+01,-1.966363351463730133e-03
4.541666666666666430e+01,-1.261224845436642074e-02
4.543750000000000000e+01,-1.860316429083531953e-02
4.545833333333332860e+01,-7.975182169425415468e-03
4.547916666666666430e+01,-1.727152789587282303e-03
4.550000000000000000e+01,-1.237693606363737646e-02
4.552083333333332860e+01,-1.918318766579039589e-02
4.554166666666666430e+01,-9.528659592848664345e-03
4.556250000000000000e+01,-4.000507829823972926e-03
4.558333333333332860e+01,-1.362873184262934981e-02
4.560416666666666430e+01,-1.886179979842420723e-02
4.562500000000000000e+01,-7.782250469344800976e-03
4.564583333333332860e+01,-4.231674455606023117e-04
4.566666666666666430e+01,-9.685309187142993395e-03
4.568750000000000000e+01,-1.597502241227770348e-02
4.570833333333332860e+01,-6.048992400830049271e-03
4.572916666666666430e+01,5.747756934483429355e-04
4.575000000000000000e+01,-9.312412687403440539e-03
4.577083333333332860e+01,-1.629896632643525883e-02
4.579166666666666430e+01,-7.170006114205352242e-03
4.581250000000000000e+01,-1.539202043721800417e-03
4.583333333333332860e+01,-1.180032222621944793e-02
4.585416666666666430e+01,-1.869321911829156455e-02
4.587500000000000000e+01,-9.620140172909179277e-03
4.589583333333332860e+01,-4.126796014466565382e-03
4.591666666666666430e+01,-1.319000194870182871e-02
4.593750000000000000e+01,-1.807270537053792467e-02
4.595833333333332860e+01,-7.135456296577937646e-03
4.597916666666666430e+01,1.364344720021632676e-04
4.600000000000000000e+01,-8.753145631125693743e-03
4.602083333333332860e+01,-1.447666558319861060e-02
4.604166666666666430e+01,-4.432747970512786358e-03
4.606250000000000000e+01,2.092060971940326586e-03
4.608333333333332860e+01,-7.453999432038681087e-03
4.610416666666666430e+01,-1.397631889989899706e-02
4.612500000000000000e+01,-4.742293746173340853e-03
4.614583333333332860e+01,9.646873586491607052e-04
4.616666666666666430e+01,-9.468719832412179557e-03
4.618750000000000000e+01,-1.701986553687933820e-02
4.620833333333332860e+01,-8.832281069781511285e-03
4.622916666666666430e+01,-4.024792875868657242e-03
4.625000000000000000e+01,-1.253819809540317361e-02
4.627083333333332860e+01,-1.635064275430015909e-02
4.629166666666666430e+01,-4.386000335837441332e-03
4.631250000000000000e+01,4.429687035240891663e-03
4.633333333333332860e+01,-2.825432342022208849e-03
4.635416666666666430e+01,-7.288056619818919502e-03
4.637500000000000000e+01,3.946501137971387616e-03
4.639583333333332860e+01,1.172997942763256453e-02
4.641666666666666430e+01,3.478183285706015846e-03
4.643750000000000000e+01,-1.801428300925750781e-03
4.645833333333332860e+01,8.542267948073401992e-03
4.647916666666666430e+01,1.525931363875627882e-02
4.650000000000000000e+01,6.002259560812356863e-03
4.652083333333332860e+01,-5.572284586878637722e-05
4.654166666666666430e+01,9.487181297406768396e-03
4.656250000000000000e+01,1.537070503386174167e-02
4.658333333333332860e+01,5.310290886262264594e-03
4.660416666666666430e+01,-1.739098357098091885e-03
4.662500000000000000e+01,6.792494721870267170e-03
4.664583333333332860e+01,1.184688293008441702e-02
4.666666666666666430e+01,9.299581013908235147e-04
4.668750000000000000e+01,-7.138938460697468076e-03
4.670833333333332860e+01,4.054700820499863856e-04
4.672916666666666430e+01,4.728660829770060803e-03
4.675000000000000000e+01,-6.455381703056447748e-03
4.677083333333332860e+01,-1.447832249486614986e-02
4.679166666666666430e+01,-6.874299213261975301e-03
4.681250000000000000e+01,-2.735579706001663516e-03
4.683333333333332860e+01,-1.109291552400378661e-02
4.685416666666666430e+01,-1.416450445944109245e-02
4.687500000000000000e+01,-1.673216862531273991e-03
4.689583333333332860e+01,7.210752036842204594e-03
4.691666666666666430e+01,1.626116884183568579e-04
4.693750000000000000e+01,-3.733194651918461931e-03
4.695833333333332860e+01,6.595370124519152506e-03
4.697916666666666430e+01,1.245501345335140071e-02
4.700000000000000000e+01,2.397006967168513816e-03
4.702083333333332860e+01,-4.764140003700692572e-03
4.704166666666666430e+01,3.640629249505769605e-03
4.706250000000000000e+01,8.788717631915882178e-03
4.708333333333332860e+01,-2.008454857707076165e-03
4.710416666666666430e+01,-9.998079001600046478e-03
4.712500000000000000e+01,-2.385374330244472395e-03
4.714583333333332860e+01,1.788594863412208387e-03
4.716666666666666430e+01,-8.157776212850248107e-03
4.718750000000000000e+01,-1.387036643609365627e-02
4.720833333333332860e+01,-3.996316766109669384e-03
4.722916666666666430e+01,2.399025340155963235e-03
4.725000000000000000e+01,-7.151406814918298549e-03
4.727083333333332860e+01,-1.386043198345804014e-02
4.729166666666666430e+01,-4.994211392873009435e-03
4.731250000000000000e+01,5.678983214029469572e-04
4.733333333333332860e+01,-9.839160548835972769e-03
4.735416666666666430e+01,-1.752567396207531727e-02
4.737500000000000000e+01,-9.609180897996560944e-03
4.739583333333332860e+01,-4.906761529798109832e-03
4.741666666666666430e+01,-1.294347140206763593e-02
4.743750000000000000e+01,-1.610981431590980534e-02
4.745833333333332860e+01,-3.664553440772045246e-03
4.747916666666666430e+01,5.479343253604206446e-03
4.750000000000000000e+01,-1.369832954951494047e-03
4.752083333333332860e+01,-5.391200387399812388e-03
4.754166666666666430e+01,5.543768517067461897e-03
4.756250000000000000e+01,1.268347628931525313e-02
4.758333333333332860e+01,3.871792036857206291e-03
4.760416666666666430e+01,-2.115688092242721391e-03
4.762500000000000000e+01,7.452635581354681397e-03
4.764583333333332860e+01,1.360243342631035912e-02
4.766666666666666430e+01,3.816211369814934661e-03
4.768750000000000000e+01,-3.085368841265903952e-03
4.770833333333332860e+01,5.559968619401093118e-03
4.772916666666666430e+01,1.076363381455325632e-02
4.775000000000000000e+01,4.924253883250608710e-05
4.777083333333332860e+01,-7.714100868614550723e-03
4.779166666666666430e+01,8.359042010350947922e-05
4.781250000000000000e+01,4.361621918710721635e-03
4.783333333333332860e+01,-6.637188143156762948e-03
4.785416666666666430e+01,-1.419561139699375939e-02
4.787500000000000000e+01,-6.195629581670393515e-03
4.789583333333332860e+01,-1.714510828446459906e-03
4.791666666666666430e+01,-1.061235703531256298e-02
4.793750000000000000e+01,-1.476214062838744449e-02
4.795833333333332860e+01,-3.332958502392015590e-03
4.797916666666666430e+01,4.454207855744763203e-03
4.800000000000000000e+01,-3.707582140581978849e-03
4.802083333333332860e+01,-8.773778168779668499e-03
4.804166666666666430e+01,2.840942078023200260e-03
4.806250000000000000e+01,1.140415629939773266e-02
4.808333333333332860e+01,3.810713517277052216e-03
4.810416666666666430e+01,-4.929103409687339826e-04
4.812500000000000000e+01,9.786575391100711327e-03
4.814583333333332860e+01,1.501526947613649951e-02
4.816666666666666430e+01,3.144568568646634484e-03
4.818750000000000000e+01,-5.556925865905872064e-03
4.820833333333332860e+01,2.525363762313108992e-03
4.822916666666666430e+01,6.931656128909712347e-03
4.825000000000000000e+01,-5.742553946691489157e-03
4.827083333333332860e+01,-1.536701367523700228e-02
4.829166666666666430e+01,-8.360667204680243686e-03
4.831250000000000000e+01,-4.250185341940865454e-03
4.833333333333332860e+01,-1.228559455782802373e-02
4.835416666666666430e+01,-1.451653393395850068e-02
4.837500000000000000e+01,-7.159877764698904063e-04
4.839583333333332860e+01,9.397518637149483017e-03
4.841666666666666430e+01,2.771314921060285315e-03
4.843750000000000000e+01,-9.838737852096402729e-04
4.845833333333332860e+01,8.845962542475086302e-03
4.847916666666666430e+01,1.340354330375500419e-02
4.850000000000000000e+01,1.376059902737520593e-03
4.852083333333332860e+01,-7.579533627473534346e-03
4.854166666666666430e+01,-3.739071489414737747e-04
4.856250000000000000e+01,3.421390180606632362e-03
4.858333333333332860e+01,-7.277217491593010110e-03
4.860416666666666430e+01,-1.373107317384517773e-02
4.862500000000000000e+01,-4.180739600851315907e-03
4.864583333333332860e+01,1.761964376260804392e-03
4.866666666666666430e+01,-8.614866088306008876e-03
4.868750000000000000e+01,-1.590462718152469909e-02
4.870833333333332860e+01,-7.298605048671438951e-03
4.872916666666666430e+01,-2.384602066435350266e-03
4.875000000000000000e+01,-1.160734728347652747e-02
4.877083333333332860e+01,-1.627396482410806144e-02
4.879166666666666430e+01,-5.134121236651119878e-03
4.881250000000000000e+01,2.236042449741175442e-03
4.883333333333332860e+01,-6.537464638595096716e-03
4.885416666666666430e+01,-1.198651408245322673e-02
4.887500000000000000e+01,-1.652382807865236496e-03
4.889583333333332860e+01,5.175868403500327904e-03
4.891666666666666430e+01,-4.076857543393155696e-03
4.893750000000000000e+01,-1.017753633639018572e-02
4.895833333333332860e+01,-4.802301371540868631e-04
4.897916666666666430e+01,6.092975038129417632e-03
4.900000000000000000e+01,-3.312343317374246386e-03
4.902083333333332860e+01,-9.478432974761060240e-03
4.904166666666666430e+01,1.745544998671487273e-04
4.906250000000000000e+01,6.783104985399743443e-03
4.908333333333332860e+01,-2.635013326835717196e-03
4.910416666666666430e+01,-9.067220883361358855e-03
4.912500000000000000e+01,3.831491664395180385e-04
4.914583333333332860e+01,7.015926064474217218e-03
4.916666666666666430e+01,-2.403815734754656975e-03
4.918750000000000000e+01,-8.909320245358400350e-03
4.920833333333332860e+01,4.083666311358267196e-04
4.922916666666666430e+01,6.841828470637099056e-03
4.925000000000000000e+01,-2.740367536294012300e-03
4.927083333333332860e+01,-9.366751406217864451e-03
4.929166666666666430e+01,-1.655016901958028541e-04
4.931250000000000000e+01,6.150990505009256044e-03
4.933333333333332860e+01,-3.536158873522395659e-03
4.935416666666666430e+01,-1.020586854271626938e-02
4.937500000000000000e+01,-1.088174616852044399e-03
4.939583333333332860e+01,5.380152752262061695e-03
4.941666666666666430e+01,-2.787908686315169592e-03
4.943750000000000000e+01,-8.171155308755012267e-03
4.945833333333332860e+01,8.571005877502992391e-04
4.947916666666666430e+01,6.758505388071300510e-03
4.950000000000000000e+01,-2.494956332347358398e-03
4.952083333333332860e+01,-9.639979436647350131e-03
4.954166666666666430e+01,-1.570293220647336506e-03
4.956250000000000000e+01,3.840127785717806393e-03
4.958333333333332860e+01,-6.978899741991342713e-03
4.960416666666666430e+01,-1.541497423408295410e-02
4.962500000000000000e+01,-6.881502069251150232e-03
4.964583333333332860e+01,-9.290879643546130816e-04
4.966666666666666430e+01,-1.230288967615790832e-02
4.968750000000000000e+01,-2.087151657504097979e-02
4.970833333333332860e+01,-1.177410918402302907e-02
4.972916666666666430e+01,-5.783220151493497808e-03
4.975000000000000000e+01,-1.565205759950266673e-02
4.977083333333332860e+01,-2.080243552586351699e-02
4.979166666666666430e+01,-8.049838596387692835e-03
4.981250000000000000e+01,1.293745071418864103e-03
4.983333333333332860e+01,-6.930034363368273685e-03
4.985416666666666430e+01,-1.170359467617120702e-02
4.987500000000000000e+01,5.627329946694873243e-04
4.989583333333332860e+01,8.763458200617081986e-03
4.991666666666666430e+01,-8.996143217957184050e-04
4.993750000000000000e+01,-6.958729410728777681e-03
4.995833333333332860e+01,3.770093550991746121e-03
4.997916666666666430e+01,1.035582055500009618e-02
5.000000000000000000e+01,-1.378387604264902399e-04
5.002083333333332860e+01,-6.947944937698961182e-03
5.004166666666666430e+01,2.487862884743341062e-03
5.006250000000000000e+01,8.074826270165981826e-03
5.008333333333332860e+01,-2.808863818685384661e-03
5.010416666666666430e+01,-1.015904470742763285e-02
5.012500000000000000e+01,-1.676885087976268335e-03
5.014583333333332860e+01,3.450658989765447663e-03
5.016666666666666430e+01,-6.840992963854266966e-03
5.018750000000000000e+01,-1.367123587967092151e-02
5.020833333333332860e+01,-4.955883497579918577e-03
5.022916666666666430e+01,1.661112769440471044e-04
5.025000000000000000e+01,-9.139801120573347662e-03
5.027083333333332860e+01,-1.418727044262063294e-02
5.029166666666666430e+01,-3.702989904483754667e-03
5.031250000000000000e+01,3.709362150031432926e-03
5.033333333333332860e+01,-3.960604967136995870e-03
5.035416666666666430e+01,-8.361966690045897349e-03
5.037500000000000000e+01,2.797447457149300400e-03
5.039583333333332860e+01,1.109728380154015315e-02
5.041666666666666430e+01,4.370062626490597325e-03
5.043750000000000000e+01,7.546356999267332449e-04
5.045833333333332860e+01,8.848652735772320060e-03
5.047916666666666430e+01,1.150560430072349212e-02
5.050000000000000000e+01,-7.514666563867316478e-04
5.052083333333332860e+01,-9.501279073216066517e-03
5.054166666666666430e+01,-2.447888156692206579e-03
5.056250000000000000e+01,1.610566938848319741e-03
5.058333333333332860e+01,-8.884147046656024754e-03
5.060416666666666430e+01,-1.532042132977995061e-02
5.062500000000000000e+01,-6.078562092636309241e-03
5.064583333333332860e+01,-9.541799790019494273e-05
5.066666666666666430e+01,-9.946989615877298643e-03
5.068750000000000000e+01,-1.650122155687627074e-02
5.070833333333332860e+01,-7.548011259126727324e-03
5.072916666666666430e+01,-1.892417118646264442e-03
5.075000000000000000e+01,-1.134424457189629060e-02
5.077083333333332860e+01,-1.719166005024835159e-02
5.079166666666666430e+01,-7.715323237972844181e-03
5.081250000000000000e+01,-1.262623636899862537e-03
5.083333333333332860e+01,-9.326291717346578414e-03
5.085416666666666430e+01,-1.385432939739950596e-02
5.087500000000000000e+01,-3.996109381197534768e-03
5.089583333333332860e+01,1.997690937191915535e-03
5.091666666666666430e+01,-7.566332660957884176e-03
5.093750000000000000e+01,-1.388088669332934386e-02
5.095833333333332860e+01,-4.587944410961439408e-03
5.097916666666666430e+01,1.127394630442254487e-03
5.100000000000000000e+01,-9.708280513352490412e-03
5.102083333333332860e+01,-1.700369348551696719e-02
5.104166666666666430e+01,-7.210060848232812021e-03
5.106250000000000000e+01,-9.146163385063467996e-04
5.108333333333332860e+01,-1.230644628363445313e-02
5.110416666666666430e+01,-2.000513345376237970e-02
5.112500000000000000e+01,-1.007453685028904082e-02
5.114583333333332860e+01,-3.780044910328745310e-03
5.116666666666666430e+01,-1.488549166795388561e-02
5.118750000000000000e+01,-2.179150243385876567e-02
5.120833333333332860e+01,-1.151485900274500269e-02
5.122916666666666430e+01,-5.110022271918981777e-03
5.125000000000000000e+01,-1.545302834237829992e-02
5.127083333333332860e+01,-2.145657115812565907e-02
5.129166666666666430e+01,-1.098473502013679742e-02
5.131250000000000000e+01,-4.500270887131055907e-03
5.133333333333332860e+01,-1.423415849997097977e-02
5.135416666666666430e+01,-2.042336395649910902e-02
5.137500000000000000e+01,-1.114830016909626291e-02
5.139583333333332860e+01,-5.395233978667130122e-03
5.141666666666666430e+01,-1.403349510672306094e-02
5.143750000000000000e+01,-1.874591854380980652e-02
5.145833333333332860e+01,-8.532699473655418199e-03
5.147916666666666430e+01,-1.916465693779567658e-03
5.150000000000000000e+01,-1.112927352765646222e-02
5.152083333333332860e+01,-1.721415471092780161e-02
5.154166666666666430e+01,-7.981062911668199839e-03
5.156250000000000000e+01,-1.875629152989074068e-03
5.158333333333332860e+01,-1.143940945987190379e-02
5.160416666666666430e+01,-1.802847898121712894e-02
5.162500000000000000e+01,-8.945600809579139570e-03
5.164583333333332860e+01,-2.804359633166736247e-03
5.166666666666666430e+01,-1.251319278109875970e-02
5.168750000000000000e+01,-1.922088940621940675e-02
5.170833333333332860e+01,-1.038833519673112299e-02
5.172916666666666430e+01,-4.936026889848834850e-03
5.175000000000000000e+01,-1.335439285934147784e-02
5.177083333333332860e+01,-1.740930586498705065e-02
5.179166666666666430e+01,-5.888644877538084903e-03
5.181250000000000000e+01,2.349820656222263455e-03
5.183333333333332860e+01,-5.199026539816975663e-03
5.185416666666666430e+01,-9.720088171859106799e-03
5.187500000000000000e+01,1.393288758731071582e-03
5.189583333333332860e+01,9.165797521439346396e-03
5.191666666666666430e+01,1.292353718143460705e-03
5.193750000000000000e+01,-3.528198078147137817e-03
5.195833333333332860e+01,7.326813205010788456e-03
5.197916666666666430e+01,1.491469399635622813e-02
5.200000000000000000e+01,6.938351757394679679e-03
5.202083333333332860e+01,2.004565906474914047e-03
5.204166666666666430e+01,1.097857310970465697e-02
5.206250000000000000e+01,1.538927472668523248e-02
5.208333333333332860e+01,3.461052308810639005e-03
5.210416666666666430e+01,-5.101011090116695269e-03
5.212500000000000000e+01,3.223821005647330672e-03
5.214583333333332860e+01,7.984787088327005566e-03
5.216666666666666430e+01,-4.205080378068287543e-03
5.218750000000000000e+01,-1.307286827947731593e-02
5.220833333333332860e+01,-4.952349497408060908e-03
5.222916666666666430e+01,-2.956632024443809660e-04
5.225000000000000000e+01,-1.045410259683895483e-02
5.227083333333332860e+01,-1.603872021551326285e-02
5.229166666666666430e+01,-4.957500846077717536e-03
5.231250000000000000e+01,2.851621755607238167e-03
5.233333333333332860e+01,-5.738131226964746957e-03
5.235416666666666430e+01,-1.113331830341213018e-02
5.237500000000000000e+01,-2.278347993219005397e-05
5.239583333333332860e+01,7.662686350853794084e-03
5.241666666666666430e+01,-1.074328879541045726e-03
5.243750000000000000e+01,-6.625285079956359964e-03
5.245833333333332860e+01,4.257220529537115473e-03
5.247916666666666430e+01,1.178924723794540219e-02
5.250000000000000000e+01,3.085081145048499188e-03
5.252083333333332860e+01,-2.448094688371900765e-03
5.254166666666666430e+01,8.227175455073948776e-03
5.256250000000000000e+01,1.572526332563252416e-02
5.258333333333332860e+01,7.077659632661058124e-03
5.260416666666666430e+01,1.633417356612369481e-03
5.262500000000000000e+01,1.162226377961998389e-02
5.264583333333332860e+01,1.804333085333058653e-02
5.266666666666666430e+01,8.435439724159356917e-03
5.268750000000000000e+01,2.184421740537256709e-03
5.270833333333332860e+01,1.184459404317133799e-02
5.272916666666666430e+01,1.833396901710882335e-02
5.275000000000000000e+01,8.721179509804770358e-03
5.277083333333332860e+01,2.352812203921148329e-03
5.279166666666666430e+01,1.186689521230134721e-02
5.281250000000000000e+01,1.822957260155652626e-02
5.283333333333332860e+01,8.542066803758612686e-03
5.285416666666666430e+01,2.031478183142252855e-03
5.287500000000000000e+01,1.134783471469215030e-02
5.289583333333332860e+01,1.756925340472704350e-02
5.291666666666666430e+01,7.869080591810361652e-03
5.293750000000000000e+01,1.302972198432137373e-03
5.295833333333332860e+01,1.065212201240344631e-02
5.297916666666666430e+01,1.701421462226285902e-02
5.300000000000000000e+01,7.400662690496666481e-03
5.302083333333332860e+01,1.058926707535349718e-03
5.304166666666666430e+01,1.050134513298273814e-02
5.306250000000000000e+01,1.673249004827907435e-02
5.308333333333332860e+01,7.038626428524622988e-03
5.310416666666666430e+01,6.851486864329915097e-04
5.312500000000000000e+01,1.005621208236628927e-02
5.314583333333332860e+01,1.612570794474636054e-02
5.316666666666666430e+01,6.335105874324164013e-03
5.318750000000000000e+01,-2.043877803973246092e-04
5.320833333333332860e+01,8.848814961394470963e-03
5.322916666666666430e+01,1.457258093323958795e-02
5.325000000000000000e+01,4.541433741335576361e-03
5.327083333333332860e+01,-2.060412097797763992e-03
5.329166666666666430e+01,6.985504007051161757e-03
5.331250000000000000e+01,1.285276784278547094e-02
5.333333333333332860e+01,2.853384581270518305e-03
5.335416666666666430e+01,-3.965966558472841345e-03
5.337500000000000000e+01,4.934571243287498230e-03
5.339583333333332860e+01,1.083311128215851821e-02
5.341666666666666430e+01,8.209186090170852599e-04
5.343750000000000000e+01,-6.203098715002086823e-03
5.345833333333332860e+01,2.543725221788385119e-03
5.347916666666666430e+01,8.441175350200866984e-03
5.350000000000000000e+01,-1.608733590085205736e-03
5.352083333333332860e+01,-8.679530966161811550e-03
5.354166666666666430e+01,-2.158544637065206746e-05
5.356250000000000000e+01,5.671820592095650447e-03
5.358333333333332860e+01,-4.542212322559257415e-03
5.360416666666666430e+01,-1.167062856439329138e-02
5.362500000000000000e+01,-3.093061519970362154e-03
5.364583333333332860e+01,2.434076091907981954e-03
5.366666666666666430e+01,-7.909678922434239950e-03
5.368750000000000000e+01,-1.517417987452183807e-02
5.370833333333332860e+01,-6.797534701544779775e-03
5.372916666666666430e+01,-1.536923869824393654e-03
5.375000000000000000e+01,-1.104298706307433285e-02
5.377083333333332860e+01,-1.655155763603266897e-02
5.379166666666666430e+01,-6.380157155541819891e-03
5.381250000000000000e+01,5.870175590059606690e-04
5.383333333333332860e+01,-8.272234313316592993e-03
5.385416666666666430e+01,-1.391495082476434074e-02
5.387500000000000000e+01,-3.985569356612079714e-03
5.389583333333332860e+01,2.682812703233305052e-03
5.391666666666666430e+01,-6.472507149440832712e-03
5.393750000000000000e+01,-1.220127719233511307e-02
5.395833333333332860e+01,-2.286287514816735811e-03
5.397916666666666430e+01,4.246545461853216269e-03
5.400000000000000000e+01,-4.923065759350727169e-03
5.402083333333332860e+01,-1.055801440647851849e-02
5.404166666666666430e+01,-5.970290839027031504e-04
5.406250000000000000e+01,6.068630179797538174e-03
5.408333333333332860e+01,-3.072569636953977664e-03
5.410416666666666430e+01,-9.124848404060196400e-03
5.412500000000000000e+01,4.795152048476175122e-04
5.414583333333332860e+01,6.902444294331433125e-03
5.416666666666666430e+01,-2.693615692473847259e-03
5.418750000000000000e+01,-9.347095762022715471e-03
5.420833333333332860e+01,-3.616982007202411875e-04
5.422916666666666430e+01,5.263766497208320107e-03
5.425000000000000000e+01,-5.169868062266843797e-03
5.427083333333332860e+01,-1.256053014244318776e-02
5.429166666666666430e+01,-4.493697523595532005e-03
5.431250000000000000e+01,2.838867563127145085e-04
5.433333333333332860e+01,-9.355420482356196360e-03
5.435416666666666430e+01,-1.508811620201545162e-02
5.437500000000000000e+01,-5.183958353472505401e-03
5.439583333333332860e+01,1.430207196302604993e-03
5.441666666666666430e+01,-7.747542180072466110e-03
5.443750000000000000e+01,-1.383075154715009483e-02
5.445833333333332860e+01,-4.082182928564807682e-03
5.447916666666666430e+01,2.345051739509700778e-03
5.450000000000000000e+01,-6.881156612208192379e-03
5.452083333333332860e+01,-1.284508191663427494e-02
5.454166666666666430e+01,-3.047969934462722678e-03
5.456250000000000000e+01,3.431581044567420455e-03
5.458333333333332860e+01,-5.697054011648153803e-03
5.460416666666666430e+01,-1.156375460454186870e-02
5.462500000000000000e+01,-1.619472683372989111e-03
5.464583333333332860e+01,4.922011471600265357e-03
5.466666666666666430e+01,-4.176396582189562806e-03
5.468750000000000000e+01,-9.944337184674412189e-03
5.470833333333332860e+01,3.377227750222271303e-05
5.472916666666666430e+01,6.548874362739954061e-03
5.475000000000000000e+01,-2.548452237704936126e-03
5.477083333333332860e+01,-8.356935810016580951e-03
5.479166666666666430e+01,1.626040081518698513e-03
5.481250000000000000e+01,8.472662488776790471e-03
5.483333333333332860e+01,-2.616842415033108766e-04
5.485416666666666430e+01,-5.788854779320532981e-03
5.487500000000000000e+01,4.626605097500920312e-03
5.489583333333332860e+01,1.204810831646467746e-02
5.491666666666666430e+01,3.884724448742203975e-03
5.493750000000000000e+01,-8.958373912047528590e-04
5.495833333333332860e+01,9.458064230896880142e-03
5.497916666666666430e+01,1.615312764003743601e-02
5.500000000000000000e+01,7.361505347115430975e-03
5.502083333333332860e+01,1.876491332868256492e-03
5.504166666666666430e+01,1.155059302516599565e-02
5.506250000000000000e+01,1.774596497536095122e-02
5.508333333333332860e+01,8.302615710577460756e-03
5.510416666666666430e+01,2.206930097320219768e-03
5.512500000000000000e+01,1.217485929885445996e-02
5.514583333333332860e+01,1.907644688363000982e-02
5.516666666666666430e+01,1.033655475650831039e-02
5.518750000000000000e+01,4.998150051927733629e-03
5.520833333333332860e+01,1.379536731141758725e-02
5.522916666666666430e+01,1.819661886685819407e-02
5.525000000000000000e+01,7.020315012693426233e-03
5.527083333333332860e+01,-7.472254633442165263e-04
5.529166666666666430e+01,7.388114882386187868e-03
5.531250000000000000e+01,1.247658787639294338e-02
5.533333333333332860e+01,1.870190635952487810e-03
5.535416666666666430e+01,-5.391514560495816455e-03
5.537500000000000000e+01,3.332524250666325707e-03
5.539583333333332860e+01,9.011729370721810461e-03
5.541666666666666430e+01,-9.938339491724116313e-04
5.543750000000000000e+01,-7.648198380131064796e-03
5.545833333333332860e+01,1.595813035942650945e-03
5.547916666666666430e+01,7.777936509030257232e-03
5.550000000000000000e+01,-1.916350025160408954e-03
5.552083333333332860e+01,-8.411550794653700758e-03
5.554166666666666430e+01,7.612069323804279133e-04
5.556250000000000000e+01,6.856193145336524943e-03
5.558333333333332860e+01,-2.849333223656495568e-03
5.560416666666666430e+01,-9.289526723678382183e-03
5.562500000000000000e+01,-4.871468892719099219e-05
5.564583333333332860e+01,6.111533139712964878e-03
5.566666666666666430e+01,-3.405576426554691744e-03
5.568750000000000000e+01,-9.834532877733705158e-03
5.570833333333332860e+01,-7.618061672592524184e-04
5.572916666666666430e+01,5.090817249313691305e-03
5.575000000000000000e+01,-4.880865153451131866e-03
5.577083333333332860e+01,-1.189150821932216315e-02
5.579166666666666430e+01,-3.469059768719318267e-03
5.581250000000000000e+01,1.565465120716157382e-03
5.583333333333332860e+01,-8.999795205100021706e-03
5.585416666666666430e+01,-1.623349806686236879e-02
5.587500000000000000e+01,-7.955162418987230324e-03
5.589583333333332860e+01,-2.871218260716300145e-03
5.591666666666666430e+01,-1.182008330805105895e-02
5.593750000000000000e+01,-1.652417914005856886e-02
5.595833333333332860e+01,-5.720308625562965481e-03
5.597916666666666430e+01,1.726947049535875129e-03
5.600000000000000000e+01,-6.694794034743679727e-03
5.602083333333332860e+01,-1.211632089062361119e-02
5.604166666666666430e+01,-2.095795664819636098e-03
5.606250000000000000e+01,4.560517542153083755e-03
5.608333333333332860e+01,-4.722457663243381440e-03
5.610416666666666430e+01,-1.097231166627620630e-02
5.612500000000000000e+01,-1.651226504955857289e-03
5.614583333333332860e+01,4.330230878066194423e-03
5.616666666666666430e+01,-5.811571473475637788e-03
5.618750000000000000e+01,-1.299007794311611563e-02
5.620833333333332860e+01,-4.677016967994724293e-03
5.622916666666666430e+01,2.778135173390469453e-04
5.625000000000000000e+01,-9.572420159451653157e-03
5.627083333333332860e+01,-1.569354649605028684e-02
5.629166666666666430e+01,-6.374694861200314380e-03
5.631250000000000000e+01,-4.131665510277636412e-04
5.633333333333332860e+01,-1.049474789384153423e-02
5.635416666666666430e+01,-1.756900241518053601e-02
5.637500000000000000e+01,-9.161391132824221739e-03
5.639583333333332860e+01,-4.144848464080063896e-03
5.641666666666666430e+01,-1.249237968809830193e-02
5.643750000000000000e+01,-1.612173584226662265e-02
5.645833333333332860e+01,-4.375375362357224011e-03
5.647916666666666430e+01,4.105912709190540251e-03
5.650000000000000000e+01,-3.208377324124507286e-03
5.652083333333332860e+01,-7.560480030836449344e-03
5.654166666666666430e+01,3.465615700578178818e-03
5.656250000000000000e+01,1.113182917219331970e-02
5.658333333333332860e+01,2.819159763761724773e-03
5.660416666666666430e+01,-2.491515629432001014e-03
5.662500000000000000e+01,7.634916104593023750e-03
5.664583333333332860e+01,1.444516632274338991e-02
5.666666666666666430e+01,5.397230823465190390e-03
5.668750000000000000e+01,-6.632511577205324992e-04
5.670833333333332860e+01,8.789464819881543170e-03
5.672916666666666430e+01,1.490841621991014984e-02
5.675000000000000000e+01,4.897122372882177672e-03
5.677083333333332860e+01,-2.134832526434532821e-03
5.679166666666666430e+01,6.416958554219841411e-03
5.681250000000000000e+01,1.157614253764601732e-02
5.683333333333332860e+01,6.249002606640454262e-04
5.685416666666666430e+01,-7.301205672504015864e-03
5.687500000000000000e+01,2.778964282067894411e-04
5.689583333333332860e+01,4.535778971172241443e-03
5.691666666666666430e+01,-6.276310591164764932e-03
5.693750000000000000e+01,-1.356288715974912282e-02
5.695833333333332860e+01,-5.210365661030199116e-03
5.697916666666666430e+01,-1.754897147578317513e-04
5.700000000000000000e+01,-1.012376692244249671e-02
5.702083333333332860e+01,-1.630220145821508967e-02
5.704166666666666430e+01,-6.949842823013635887e-03
5.706250000000000000e+01,-9.861661890368247311e-04
5.708333333333332860e+01,-1.093253555153400440e-02
5.710416666666666430e+01,-1.785410141086637981e-02
5.712500000000000000e+01,-9.271924535795231931e-03
5.714583333333332860e+01,-4.037980949398672567e-03
5.716666666666666430e+01,-1.272169439570708729e-02
5.718750000000000000e+01,-1.696925099670168469e-02
5.720833333333332860e+01,-5.702631409649966399e-03
5.722916666666666430e+01,2.178014087655711934e-03
5.725000000000000000e+01,-5.948004723335694952e-03
5.727083333333332860e+01,-1.104825318646369958e-02
5.729166666666666430e+01,-7.581323589091212931e-04
5.731250000000000000e+01,6.249889399638694325e-03
5.733333333333332860e+01,-2.547694585688306101e-03
5.735416666666666430e+01,-8.393701384089536158e-03
5.737500000000000000e+01,1.163790093766210992e-03
5.739583333333332860e+01,7.402104217135647632e-03
5.741666666666666430e+01,-2.323642441678366519e-03
5.743750000000000000e+01,-9.082228868273365882e-03
5.745833333333332860e+01,-4.620277459498013314e-04
5.747916666666666430e+01,4.880629983162731826e-03
5.750000000000000000e+01,-5.612153714147896134e-03
5.752083333333332860e+01,-1.312742846193611090e-02
5.754166666666666430e+01,-5.200884565753778263e-03
5.756250000000000000e+01,-6.349778514106752545e-04
5.758333333333332860e+01,-9.933544549313553726e-03
5.760416666666666430e+01,-1.479685569912119782e-02
5.762500000000000000e+01,-3.976161411013166835e-03
5.764583333333332860e+01,3.466714580201566993e-03
5.766666666666666430e+01,-5.096193449313494127e-03
5.768750000000000000e+01,-1.055794491056377161e-02
5.770833333333332860e+01,-3.548199557484885223e-04
5.772916666666666430e+01,6.460877631681035023e-03
5.775000000000000000e+01,-2.884751634409341101e-03
5.777083333333332860e+01,-9.197446448108151026e-03
5.779166666666666430e+01,9.723713782851263861e-06
5.781250000000000000e+01,5.858886223657454317e-03
5.783333333333332860e+01,-4.119370232947291467e-03
5.785416666666666430e+01,-1.107744232779947317e-02
5.787500000000000000e+01,-2.344461672572210106e-03
5.789583333333332860e+01,3.056541987534551388e-03
5.791666666666666430e+01,-7.232525089576309109e-03
5.793750000000000000e+01,-1.442321770417615522e-02
5.795833333333332860e+01,-5.758154999221497782e-03
5.797916666666666430e+01,-2.580290411723011428e-04
5.800000000000000000e+01,-1.006826002328032113e-02
5.802083333333332860e+01,-1.657616678580199968e-02
5.804166666666666430e+01,-7.226438055171506211e-03
5.806250000000000000e+01,-9.850082189910252910e-04
5.808333333333332860e+01,-1.047039394654770625e-02
5.810416666666666430e+01,-1.694647026104388610e-02
5.812500000000000000e+01,-7.571424583115308853e-03
5.814583333333332860e+01,-1.341656520119851800e-03
5.816666666666666430e+01,-1.073105745325409269e-02
5.818750000000000000e+01,-1.693215094244302985e-02
5.820833333333332860e+01,-7.311274605713663673e-03
5.822916666666666430e+01,-1.083398707301665327e-03
5.825000000000000000e+01,-1.050228501691405185e-02
5.827083333333332860e+01,-1.656426413375993584e-02
5.829166666666666430e+01,-6.943844122164391681e-03
5.831250000000000000e+01,-6.810312452813416977e-04
5.833333333333332860e+01,-9.970033594771027241e-03
5.835416666666666430e+01,-1.608595503035741350e-02
5.837500000000000000e+01,-6.388156168808875601e-03
5.839583333333332860e+01,1.221416007573957699e-04
5.841666666666666430e+01,-9.052574096759528205e-03
5.843750000000000000e+01,-1.521942714139184680e-02
5.845833333333332860e+01,-5.518187668691327923e-03
5.847916666666666430e+01,1.149918064620024816e-03
5.850000000000000000e+01,-7.886737506329928940e-03
5.852083333333332860e+01,-1.399673914392139500e-02
5.854166666666666430e+01,-4.345173879547547559e-03
5.856250000000000000e+01,2.253872135904013384e-03
5.858333333333332860e+01,-6.850550811911215732e-03
5.860416666666666430e+01,-1.306073256655373820e-02
5.862500000000000000e+01,-3.368503764108420756e-03
5.864583333333332860e+01,3.359515517604410272e-03
5.866666666666666430e+01,-5.689067748194611210e-03
5.868750000000000000e+01,-1.182322086671029095e-02
5.870833333333332860e+01,-2.068290688691271518e-03
5.872916666666666430e+01,4.564883578110885166e-03
5.875000000000000000e+01,-4.421712232063525032e-03
5.877083333333332860e+01,-1.014704882467488446e-02
5.879166666666666430e+01,-1.483126413838072022e-04
5.881250000000000000e+01,6.361974850651306614e-03
5.883333333333332860e+01,-2.843523488165086190e-03
5.885416666666666430e+01,-8.826393343338057723e-03
5.887500000000000000e+01,1.005259448397813121e-03
5.889583333333332860e+01,7.386084264895557971e-03
5.891666666666666430e+01,-1.870230867177909411e-03
5.893750000000000000e+01,-7.698427628283243014e-03
5.895833333333332860e+01,2.165023581937975967e-03
5.897916666666666430e+01,8.491377539777397732e-03
5.900000000000000000e+01,-7.830442887272820928e-04
5.902083333333332860e+01,-6.795820407465420071e-03
5.904166666666666430e+01,2.997343305441012729e-03
5.906250000000000000e+01,9.699189890994695112e-03
5.908333333333332860e+01,7.702803216182719766e-04
5.910416666666666430e+01,-5.019177192006607328e-03
5.912500000000000000e+01,5.206896285689858843e-03
5.914583333333332860e+01,1.245716696483557817e-02
5.916666666666666430e+01,3.981121949509607016e-03
5.918750000000000000e+01,-1.051421626560350344e-03
5.920833333333332860e+01,9.618834743322616718e-03
5.922916666666666430e+01,1.691605213196602578e-02
5.925000000000000000e+01,8.524662216240342164e-03
5.927083333333332860e+01,3.536535880756987681e-03
5.929166666666666430e+01,1.265506835668659368e-02
5.931250000000000000e+01,1.737202919774322868e-02
5.933333333333332860e+01,6.596319200880006867e-03
5.935416666666666430e+01,-8.164580909846925940e-04
5.937500000000000000e+01,7.555954261789765355e-03
5.939583333333332860e+01,1.293078468124225430e-02
5.941666666666666430e+01,2.747843701278388038e-03
5.943750000000000000e+01,-4.140289723648066071e-03
5.945833333333332860e+01,4.597439624608144759e-03
5.947916666666666430e+01,1.027634314102138062e-02
5.950000000000000000e+01,1.671672478407494904e-04
5.952083333333332860e+01,-6.684065206599579777e-03
5.954166666666666430e+01,2.202268275414930292e-03
5.956250000000000000e+01,8.002073230245267468e-03
5.958333333333332860e+01,-2.345748648090226381e-03
5.960416666666666430e+01,-9.100046731557334331e-03
5.962500000000000000e+01,8.139853744590895297e-04
5.964583333333332860e+01,7.380216853986073036e-03
5.966666666666666430e+01,-2.823620886530493323e-03
5.968750000000000000e+01,-9.578216741122519765e-03
5.970833333333332860e+01,3.917920159630270348e-04
5.972916666666666430e+01,7.103756870136525466e-03
5.975000000000000000e+01,-3.049380674453625300e-03
5.977083333333332860e+01,-9.758937600490149439e-03
5.979166666666666430e+01,2.721461776467706318e-04
5.981250000000000000e+01,7.051756902800330323e-03
5.983333333333332860e+01,-2.831333110483883007e-03
5.985416666666666430e+01,-9.284492983216778919e-03
5.987500000000000000e+01,7.214326702434583228e-04
5.989583333333332860e+01,7.516678438009207625e-03
5.991666666666666430e+01,-2.061627941212455534e-03
5.993750000000000000e+01,-8.306892583301250799e-03
5.995833333333332860e+01,1.749420551618846749e-03
5.997916666666666430e+01,8.670505067156164536e-03
6.000000000000000000e+01,-8.564021626055049385e-04
6.002083333333332860e+01,-7.007112291467547383e-03
6.004166666666666430e+01,3.308491637239788924e-03
6.006250000000000000e+01,1.042093358047450381e-02
6.008333333333332860e+01,1.292856252432542314e-03
6.010416666666666430e+01,-4.211758464688261303e-03
6.012500000000000000e+01,6.664641769720094748e-03
6.014583333333332860e+01,1.427019935978206776e-02
6.016666666666666430e+01,5.951276516643964724e-03
6.018750000000000000e+01,1.472654468224654034e-03
6.020833333333332860e+01,1.104998120162620917e-02
6.022916666666666430e+01,1.579801044044870997e-02
6.025000000000000000e+01,4.693734512016136708e-03
6.027083333333332860e+01,-2.727373142966561283e-03
6.029166666666666430e+01,6.026883456280090340e-03
6.031250000000000000e+01,1.176457115825774342e-02
6.033333333333332860e+01,1.691774129959467072e-03
6.035416666666666430e+01,-4.898479150451829668e-03
6.037500000000000000e+01,4.701898556681183283e-03
6.039583333333332860e+01,1.149050980286049281e-02
6.041666666666666430e+01,2.480091216510968248e-03
6.043750000000000000e+01,-3.274868306189467233e-03
6.045833333333332860e+01,7.151881832998404319e-03
6.047916666666666430e+01,1.493120436183536029e-02
6.050000000000000000e+01,6.911760266558293966e-03
6.052083333333332860e+01,2.005139771617708497e-03
6.054166666666666430e+01,1.154952029285240961e-02
6.056250000000000000e+01,1.729892987802810617e-02
6.058333333333332860e+01,7.255295550087578066e-03
6.060416666666666430e+01,4.929375024694304707e-04
6.062500000000000000e+01,9.870598945290220624e-03
6.064583333333332860e+01,1.644147792578781048e-02
6.066666666666666430e+01,7.269297191030345273e-03
6.068750000000000000e+01,1.528249214559974142e-03
6.070833333333332860e+01,1.174721486631007117e-02
6.072916666666666430e+01,1.883564401462953231e-02
6.075000000000000000e+01,1.025227788562458990e-02
6.077083333333332860e+01,5.130508191249655639e-03
6.079166666666666430e+01,1.349453497296694907e-02
6.081250000000000000e+01,1.709414832116312039e-02
6.083333333333332860e+01,5.068320710601574401e-03
6.085416666666666430e+01,-3.269756596737237713e-03
6.087500000000000000e+01,4.356255138650933466e-03
6.089583333333332860e+01,9.224771654945786506e-03
6.091666666666666430e+01,-6.667375316598034589e-04
6.093750000000000000e+01,-7.241623712551156951e-03
6.095833333333332860e+01,8.624206125094326049e-05
6.097916666666666430e+01,3.333321180422706056e-03
6.100000000000000000e+01,-8.295517215140671419e-03
6.102083333333332860e+01,-2.039779447955310590e-02
6.104166666666666430e+01,-2.329653763206112130e-02
6.106250000000000000e+01,-3.026789433452992811e-02
6.108333333333332860e+01,-4.635318747619367186e-02
6.110416666666666430e+01,-5.867548995565299158e-02
6.112500000000000000e+01,-6.300961009738877128e-02
6.114583333333332860e+01,-7.008534168682381549e-02
6.116666666666666430e+01,-8.196459884002443852e-02
6.118750000000000000e+01,-9.248725411327261836e-02
6.120833333333332860e+01,-9.540911742868955769e-02
6.122916666666666430e+01,-9.458131744349489167e-02
6.125000000000000000e+01,-9.772161849229105135e-02
6.127083333333332860e+01,-1.070594202504867726e-01
6.129166666666666430e+01,-1.152564469706509193e-01
6.131250000000000000e+01,-1.077342188871230344e-01
6.133333333333332860e+01,-9.296795914849212417e-02
6.135416666666666430e+01,-8.366969377456653922e-02
6.137500000000000000e+01,-9.063115881720440470e-02
6.139583333333332860e+01,-1.019977972010769479e-01
6.141666666666666430e+01,-9.980009339606608909e-02
6.143750000000000000e+01,-7.814987877198505128e-02
6.145833333333332860e+01,-5.448223769341634798e-02
6.147916666666666430e+01,-4.738282742636525796e-02
6.150000000000000000e+01,-5.173444159866533165e-02
6.152083333333332860e+01,-5.166679663601622674e-02
6.154166666666666430e+01,-3.575595435168182901e-02
6.156250000000000000e+01,-2.016912339654360758e-02
6.158333333333332860e+01,-2.126966832099179416e-02
6.160416666666666430e+01,-2.312207577397538613e-02
6.162500000000000000e+01,-9.906790157781527814e-03
6.164583333333332860e+01,1.475592994547719316e-03
6.166666666666666430e+01,-3.512985283082618697e-03
6.168750000000000000e+01,-6.900459624310537575e-03
6.170833333333332860e+01,3.943758837820371572e-03
6.172916666666666430e+01,1.097359113127586820e-02
6.175000000000000000e+01,2.304989823241461889e-03
6.177083333333332860e+01,-3.522377413748854769e-03
6.179166666666666430e+01,6.348966895999127481e-03
6.181250000000000000e+01,1.312823704545226788e-02
6.183333333333332860e+01,4.414058546348932459e-03
6.185416666666666430e+01,-9.107311104880318284e-04
6.187500000000000000e+01,9.424106321172458223e-03
6.189583333333332860e+01,1.680195957680504296e-02
6.191666666666666430e+01,8.739466548586281858e-03
6.193750000000000000e+01,3.965440656281971239e-03
6.195833333333332860e+01,1.155671950212774912e-02
6.197916666666666430e+01,1.413865728710067028e-02
6.200000000000000000e+01,1.193277602513307225e-03
6.202083333333332860e+01,-8.726933615350323734e-03
6.204166666666666430e+01,-2.637436008364477027e-03
6.206250000000000000e+01,1.215869293533092645e-03
6.208333333333332860e+01,-9.431505707730712326e-03
6.210416666666666430e+01,-1.676985040206523461e-02
6.212500000000000000e+01,-8.032032682728265996e-03
6.214583333333332860e+01,-1.076424411429163829e-03
6.216666666666666430e+01,-9.818093829270534145e-03
6.218750000000000000e+01,-1.652631651639087373e-02
6.220833333333332860e+01,-7.117231450649443882e-03
6.222916666666666430e+01,6.330767568860817991e-04
6.225000000000000000e+01,-6.557171278840013239e-03
6.227083333333332860e+01,-1.174257472803520372e-02
6.229166666666666430e+01,-3.271533930786959740e-03
6.231250000000000000e+01,1.109803337636439558e-03
6.233333333333332860e+01,-9.809593214131259731e-03
6.235416666666666430e+01,-1.826743159341573733e-02
6.237500000000000000e+01,-1.870800134069282306e-02
6.239583333333332860e+01,-2.861418430418038311e-02
6.241666666666666430e+01,-4.185154721298137148e-02
6.243750000000000000e+01,-4.137009612395358554e-02
6.245833333333332860e+01,-4.321757842311964998e-02
6.247916666666666430e+01,-6.302435843287314265e-02
6.250000000000000000e+01,-8.102591417437161880e-02
6.252083333333332860e+01,-8.038835902442358072e-02
6.254166666666666430e+01,-7.431666649047705131e-02
6.256250000000000000e+01,-8.200448325657223869e-02
6.258333333333332860e+01,-9.307244587723254026e-02
6.260416666666666430e+01,-8.849134119356528994e-02
6.262500000000000000e+01,-7.432193003289316868e-02
6.264583333333332860e+01,-6.444362031393281731e-02
6.266666666666666430e+01,-7.051666232348083319e-02
6.268750000000000000e+01,-8.026034916632558691e-02
6.270833333333332860e+01,-8.170171960672942268e-02
6.272916666666666430e+01,-6.769844293588266060e-02
6.275000000000000000e+01,-5.143851078726950632e-02
6.277083333333332860e+01,-4.506105905333605832e-02
6.279166666666666430e+01,-4.723862024506317314e-02
6.281250000000000000e+01,-4.613663870580306942e-02
6.283333333333332860e+01,-3.163380620565272444e-02
6.285416666666666430e+01,-1.832245932265973501e-02
6.287500000000000000e+01,-1.910604939144372807e-02
6.289583333333332860e+01,-2.078836347951153532e-02
6.291666666666666430e+01,-1.067551256717899286e-02
6.293750000000000000e+01,-3.348588442258794689e-03
6.295833333333332860e+01,-1.020644542078196805e-02
6.297916666666666430e+01,-1.441094601508894485e-02
6.300000000000000000e+01,-3.855203992399271890e-03
6.302083333333332860e+01,3.634260335834868429e-03
6.304166666666666430e+01,-4.240692085886488792e-03
6.306250000000000000e+01,-9.174455924709706139e-03
6.308333333333332860e+01,1.545480184049268348e-03
6.310416666666666430e+01,9.038853908390062294e-03
6.312500000000000000e+01,8.133325069728488451e-04
6.314583333333332860e+01,-4.359160301979807424e-03
6.316666666666666430e+01,6.360323713422851369e-03
6.318750000000000000e+01,1.379612242468908866e-02
6.320833333333332860e+01,5.365269396930022472e-03
6.322916666666666430e+01,2.131457282799764522e-04
6.325000000000000000e+01,1.037126456751063901e-02
6.327083333333332860e+01,1.690487247445488991e-02
6.329166666666666430e+01,7.843792579650591887e-03
6.331250000000000000e+01,2.147974714075134069e-03
6.333333333333332860e+01,1.150867433556402794e-02
6.335416666666666430e+01,1.747726945539151283e-02
6.337500000000000000e+01,8.222794142210620300e-03
6.339583333333332860e+01,2.219960636687535582e-03
6.341666666666666430e+01,1.128294599286982711e-02
6.343750000000000000e+01,1.722950231121824979e-02
6.345833333333332860e+01,8.056071968462918953e-03
6.347916666666666430e+01,1.830858820337936347e-03
6.350000000000000000e+01,1.079995596660124867e-02
6.352083333333332860e+01,1.681854601205650876e-02
