0.000000000000000000e+00,0.000000000000000000e+00
2.083333333333333218e-02,0.000000000000000000e+00
4.166666666666666435e-02,-3.221650371519545626e-07
6.250000000000000000e-02,2.544965115433498384e-05
8.333333333333332871e-02,1.540452500395094219e-04
1.041666666666666574e-01,-7.948280493869288460e-05
1.250000000000000000e-01,-8.910168528397306752e-05
1.458333333333333148e-01,9.146510614967796144e-05
1.666666666666666574e-01,-8.461916468979120720e-05
1.875000000000000000e-01,-2.635558124091761799e-04
2.083333333333333148e-01,5.355065812581721743e-05
2.291666666666666574e-01,-9.911718047607666262e-05
2.500000000000000000e-01,-5.381489787495741294e-04
2.708333333333333148e-01,-2.065099253108426886e-04
2.916666666666666297e-01,5.783379288592564401e-05
3.125000000000000000e-01,-6.860607244319336584e-04
3.333333333333333148e-01,-4.429504777025815992e-04
3.541666666666666297e-01,1.558522824392735186e-04
3.750000000000000000e-01,-7.142439533727567560e-04
3.958333333333333148e-01,-7.765172684105707936e-04
4.166666666666666297e-01,4.608472274106125452e-04
4.375000000000000000e-01,-7.689032188469272682e-04
4.583333333333333148e-01,-1.403682405368992126e-03
4.791666666666666297e-01,8.788318784976449118e-04
5.000000000000000000e-01,-2.729538556162394128e-04
5.208333333333332593e-01,-2.589066961403466496e-03
5.416666666666666297e-01,1.036285217207938772e-03
5.625000000000000000e-01,1.057540476104804061e-03
5.833333333333332593e-01,-3.983687822246742560e-03
6.041666666666666297e-01,-2.326707593705567851e-04
6.250000000000000000e-01,3.168143383011009628e-03
6.458333333333332593e-01,-4.855204244112411825e-03
6.666666666666666297e-01,-8.236421395925237754e-03
6.875000000000000000e-01,2.951488353350006748e-03
7.083333333333332593e-01,1.018205312736686699e-02
7.291666666666666297e-01,1.358359212555344375e-03
7.500000000000000000e-01,-4.489122007391233363e-03
7.708333333333332593e-01,5.126899624141350448e-03
7.916666666666666297e-01,1.142184791486807773e-02
8.125000000000000000e-01,1.827148576430131718e-03
8.333333333333332593e-01,-4.765329825440076106e-03
8.541666666666666297e-01,4.196136252751328163e-03
8.750000000000000000e-01,9.776942275620951681e-03
8.958333333333332593e-01,-7.119463631603212359e-04
9.166666666666666297e-01,-8.121503000133319106e-03
9.375000000000000000e-01,2.138551690366383563e-04
9.583333333333332593e-01,5.162155094769621706e-03
9.791666666666666297e-01,-6.233901034530313530e-03
1.000000000000000000e+00,-1.463038075927412633e-02
1.020833333333333259e+00,-7.292113263206639016e-03
1.041666666666666519e+00,-3.376800504198990398e-03
1.062500000000000000e+00,-1.176860183390804337e-02
1.083333333333333259e+00,-1.450554368159272939e-02
1.104166666666666519e+00,-1.661376805591393939e-03
1.125000000000000000e+00,7.776522543894977789e-03
1.145833333333333259e+00,1.320821351125317424e-03
1.166666666666666519e+00,-2.134403064862117842e-03
1.187500000000000000e+00,7.054305270264654704e-03
1.208333333333333259e+00,1.106186478275405193e-02
1.229166666666666519e+00,-8.694651016727499016e-04
1.250000000000000000e+00,-9.823656951747968685e-03
1.270833333333333259e+00,-3.466957547383504954e-03
1.291666666666666519e+00,-3.920862774254533644e-04
1.312500000000000000e+00,-8.641705819114874412e-03
1.333333333333333259e+00,-1.103087940872523286e-02
1.354166666666666519e+00,5.051519377695806463e-04
1.375000000000000000e+00,7.755125606254930672e-03
1.395833333333333259e+00,-8.181164447739005694e-04
1.416666666666666519e+00,-6.390208710986449922e-03
1.437500000000000000e+00,3.394511075583379629e-03
1.458333333333333259e+00,9.818920531214882924e-03
1.479166666666666519e+00,4.008004684902063031e-04
1.500000000000000000e+00,-6.028385104898384937e-03
1.520833333333333259e+00,2.991820771901089557e-03
1.541666666666666519e+00,8.724944154423389109e-03
1.562500000000000000e+00,-1.319363987843030295e-03
1.583333333333333259e+00,-8.358117504344590373e-03
1.604166666666666519e+00,2.224130358104275398e-04
1.625000000000000000e+00,5.497282261476574804e-03
1.645833333333333259e+00,-4.983654566786769116e-03
1.666666666666666519e+00,-1.234562419651297552e-02
1.687500000000000000e+00,-3.731822615100472383e-03
1.708333333333333259e+00,1.592188473698594479e-03
1.729166666666666519e+00,-8.945357021013683116e-03
1.750000000000000000e+00,-1.637471776011150196e-02
1.770833333333333259e+00,-7.904533125477572822e-03
1.791666666666666519e+00,-2.642846148945386317e-03
1.812500000000000000e+00,-1.163570466394332065e-02
1.833333333333333259e+00,-1.655291715648104026e-02
1.854166666666666519e+00,-5.565599215553907256e-03
1.875000000000000000e+00,2.133403267536584328e-03
1.895833333333333259e+00,-5.990697237593052560e-03
1.916666666666666519e+00,-1.101261586100227632e-02
1.937500000000000000e+00,-1.835833776372115074e-04
1.958333333333333259e+00,7.394460037498517581e-03
1.979166666666666519e+00,-7.235725940246322350e-04
2.000000000000000000e+00,-5.759996790731566896e-03
2.020833333333333037e+00,4.933173118450452470e-03
2.041666666666666519e+00,1.248457597619239377e-02
2.062500000000000000e+00,4.459211853377306571e-03
2.083333333333333037e+00,-4.855895993463841837e-04
2.104166666666666519e+00,9.484283205242013959e-03
2.125000000000000000e+00,1.556932041180190962e-02
2.145833333333333037e+00,5.883545961950197890e-03
2.166666666666666519e+00,-7.208712990355527119e-04
2.187500000000000000e+00,8.545640461421066467e-03
2.208333333333333037e+00,1.454995424483584467e-02
2.229166666666666519e+00,4.715721761640570033e-03
2.250000000000000000e+00,-2.066941135075771405e-03
2.270833333333333037e+00,6.911376356799040291e-03
2.291666666666666519e+00,1.256679805170852170e-02
2.312500000000000000e+00,2.599256769160131295e-03
2.333333333333333037e+00,-4.280899636683799768e-03
2.354166666666666519e+00,4.363038128938776829e-03
2.375000000000000000e+00,9.743077130409342340e-03
2.395833333333333037e+00,-6.443294587547382076e-04
2.416666666666666519e+00,-8.093002314855310408e-03
2.437500000000000000e+00,1.051017743591956303e-04
2.458333333333333037e+00,4.987788520940992544e-03
2.479166666666666519e+00,-6.141756414480845430e-03
2.500000000000000000e+00,-1.428474561677530071e-02
2.520833333333333037e+00,-6.773227914934222722e-03
2.541666666666666519e+00,-2.689045241655751116e-03
2.562500000000000000e+00,-1.106644528266055409e-02
2.583333333333333037e+00,-1.421789952938883918e-02
2.604166666666666519e+00,-1.824462000180640444e-03
2.625000000000000000e+00,7.131863208247552453e-03
2.645833333333333037e+00,1.819604013551287644e-04
2.666666666666666519e+00,-3.769232896412509290e-03
2.687500000000000000e+00,6.478881183192375035e-03
2.708333333333333037e+00,1.221513384741680121e-02
2.729166666666666519e+00,2.007046379976354378e-03
2.750000000000000000e+00,-5.123699303516267463e-03
2.770833333333333037e+00,3.308699093663418182e-03
2.791666666666666519e+00,8.094418410890291335e-03
2.812500000000000000e+00,-3.032577024912252225e-03
2.833333333333333037e+00,-1.099833301800578512e-02
2.854166666666666519e+00,-3.427051570323285095e-03
2.875000000000000000e+00,5.769984764769584820e-04
2.895833333333333037e+00,-8.852695206797817420e-03
2.916666666666666519e+00,-1.374167730558249062e-02
2.937500000000000000e+00,-3.087823817930669332e-03
2.958333333333333037e+00,4.243366645028908909e-03
2.979166666666666519e+00,-4.350846321571578620e-03
3.000000000000000000e+00,-1.028220955274408363e-02
3.020833333333333037e+00,-5.821369753510082087e-04
3.041666666666666519e+00,6.065577807660450620e-03
3.062500000000000000e+00,-3.271166210863817991e-03
3.083333333333333037e+00,-9.987991952556396491e-03
3.104166666666666519e+00,-1.113179794112433962e-03
3.125000000000000000e+00,4.475884978176108975e-03
3.145833333333333037e+00,-5.908520818237882402e-03
3.166666666666666519e+00,-1.348201513474609099e-02
3.187500000000000000e+00,-5.494110791430350041e-03
3.208333333333333037e+00,-8.479389557438238301e-04
3.229166666666666519e+00,-1.025866043681986431e-02
3.250000000000000000e+00,-1.533673791676032176e-02
3.270833333333333037e+00,-4.815760831111253262e-03
3.291666666666666519e+00,2.169271826339512401e-03
3.312500000000000000e+00,-6.793639883105119168e-03
3.333333333333333037e+00,-1.288685859210672233e-02
3.354166666666666519e+00,-3.411820803084845890e-03
3.375000000000000000e+00,2.776356637534179318e-03
3.395833333333333037e+00,-6.985358548258512046e-03
3.416666666666666519e+00,-1.390279980781275633e-02
3.437500000000000000e+00,-5.207069811918825508e-03
3.458333333333333037e+00,1.213966170771412512e-05
3.479166666666666519e+00,-1.013074889879734229e-02
3.500000000000000000e+00,-1.682429340055895811e-02
3.520833333333333037e+00,-7.931129289266649132e-03
3.541666666666666519e+00,-2.612824336471107622e-03
3.562500000000000000e+00,-1.186783662474280923e-02
3.583333333333333037e+00,-1.714682365766220795e-02
3.604166666666666519e+00,-6.870618663321463940e-03
3.625000000000000000e+00,9.092531178561955366e-05
3.645833333333333037e+00,-8.774363058270779128e-03
3.666666666666666519e+00,-1.453907040139979651e-02
3.687500000000000000e+00,-4.738062553380930839e-03
3.708333333333333037e+00,1.989701697253650620e-03
3.729166666666666519e+00,-6.940363768877640116e-03
3.750000000000000000e+00,-1.274087530097917781e-02
3.770833333333333037e+00,-2.997936247724036687e-03
3.791666666666666519e+00,3.641870635797780486e-03
3.812500000000000000e+00,-5.562410468084838522e-03
3.833333333333333037e+00,-1.153564222560057514e-02
3.854166666666666519e+00,-1.832162701001401484e-03
3.875000000000000000e+00,4.793075709956322837e-03
3.895833333333333037e+00,-4.333093711690195159e-03
3.916666666666666519e+00,-1.035062985970606683e-02
3.937500000000000000e+00,-7.257644951732420899e-04
3.958333333333333037e+00,5.687489219487527545e-03
3.979166666666666519e+00,-3.875333566820958562e-03
4.000000000000000000e+00,-1.046831820407471796e-02
4.020833333333333037e+00,-1.379556409753303218e-03
4.041666666666666075e+00,4.317630709680495178e-03
4.062500000000000000e+00,-6.177175650048691985e-03
4.083333333333333037e+00,-1.360506283152989986e-02
4.104166666666666075e+00,-5.475512299950103037e-03
4.125000000000000000e+00,-6.905611154727834796e-04
4.145833333333333037e+00,-1.022784410046950233e-02
4.166666666666666075e+00,-1.568476105260309394e-02
4.187500000000000000e+00,-5.615071977904226470e-03
4.208333333333333037e+00,1.062211122386720304e-03
4.229166666666666075e+00,-8.398154958655590363e-03
4.250000000000000000e+00,-1.483770857883024048e-02
4.270833333333333037e+00,-5.706312543173316064e-03
4.291666666666666075e+00,1.862083218121695944e-04
4.312500000000000000e+00,-9.931641046308423842e-03
4.333333333333333037e+00,-1.710838747249246450e-02
4.354166666666666075e+00,-8.806977276147232372e-03
4.375000000000000000e+00,-3.840943571412127559e-03
4.395833333333333037e+00,-1.230432881673565980e-02
4.416666666666666075e+00,-1.615879308095385589e-02
4.437500000000000000e+00,-4.407864911533589114e-03
4.458333333333333037e+00,4.028567416010741739e-03
4.479166666666666075e+00,-3.311418482935249517e-03
4.500000000000000000e+00,-7.576724092467220471e-03
4.520833333333333037e+00,4.052952322730713972e-03
4.541666666666666075e+00,1.239356447853996561e-02
4.562500000000000000e+00,4.948028044311262273e-03
4.583333333333333037e+00,5.974679727433847200e-04
4.604166666666666075e+00,9.810007797570279714e-03
4.625000000000000000e+00,1.436820640753873161e-02
4.645833333333333037e+00,3.315489056300188059e-03
4.666666666666666075e+00,-4.662211419919215158e-03
4.687500000000000000e+00,3.169224552728685737e-03
4.708333333333333037e+00,7.742452227221524944e-03
4.729166666666666075e+00,-3.420835858577078031e-03
4.750000000000000000e+00,-1.149039669270495584e-02
4.770833333333333037e+00,-3.864317676339512533e-03
4.791666666666666075e+00,4.808159828695042601e-04
4.812500000000000000e+00,-8.863731970136005944e-03
4.833333333333333037e+00,-1.388668684007950994e-02
4.854166666666666075e+00,-3.387805278739274527e-03
4.875000000000000000e+00,3.858016495916394457e-03
4.895833333333333037e+00,-4.538090523757008950e-03
4.916666666666666075e+00,-9.952337757096595822e-03
4.937500000000000000e+00,3.481887076915749185e-04
4.958333333333333037e+00,7.402796951411697371e-03
4.979166666666666075e+00,-1.185514442703416603e-03
5.000000000000000000e+00,-6.706518449643441258e-03
5.020833333333333037e+00,3.430574432566476598e-03
5.041666666666666075e+00,1.040403672984533366e-02
5.062500000000000000e+00,1.763198005603639189e-03
5.083333333333333037e+00,-3.761774712948979214e-03
5.104166666666666075e+00,6.644734919464872526e-03
5.125000000000000000e+00,1.376621193339981966e-02
5.145833333333333037e+00,5.057139943862446960e-03
5.166666666666666075e+00,-5.477292328746437766e-04
5.187500000000000000e+00,9.723820455704834317e-03
5.208333333333333037e+00,1.681104280254318989e-02
5.229166666666666075e+00,8.167455769839839994e-03
5.250000000000000000e+00,2.618499400468455966e-03
5.270833333333333037e+00,1.211255887009140240e-02
5.291666666666666075e+00,1.768820102807294042e-02
5.312500000000000000e+00,7.320429726885110955e-03
5.333333333333333037e+00,8.141381205213778748e-05
5.354166666666666075e+00,8.840611607214513001e-03
5.375000000000000000e+00,1.425907081354253932e-02
5.395833333333333037e+00,3.763501517591274787e-03
5.416666666666666075e+00,-3.598257776835545648e-03
5.437500000000000000e+00,4.985587653770832267e-03
5.458333333333333037e+00,1.028224636601858359e-02
5.479166666666666075e+00,-1.503893181783522495e-04
5.500000000000000000e+00,-7.472921541129837544e-03
5.520833333333333037e+00,8.248000986767785444e-04
5.541666666666666075e+00,5.911992484160332080e-03
5.562500000000000000e+00,-4.521034773252146505e-03
5.583333333333333037e+00,-1.191087112235879840e-02
5.604166666666666075e+00,-3.628834225207907063e-03
5.625000000000000000e+00,1.423075411568606010e-03
5.645833333333333037e+00,-8.748589936302673606e-03
5.666666666666666075e+00,-1.561897344565326556e-02
5.687500000000000000e+00,-6.865262164444912128e-03
5.708333333333333037e+00,-1.216967183478123759e-03
5.729166666666666075e+00,-1.077429722431800380e-02
5.750000000000000000e+00,-1.706782700401593758e-02
5.770833333333333037e+00,-7.598420903161101289e-03
5.791666666666666075e+00,-1.379458240217519994e-03
5.812500000000000000e+00,-1.079480063733763429e-02
5.833333333333333037e+00,-1.714092049155300362e-02
5.854166666666666075e+00,-7.864423401305675049e-03
5.875000000000000000e+00,-1.738496704536285180e-03
5.895833333333333037e+00,-1.117306103068292991e-02
5.916666666666666075e+00,-1.747514136774276985e-02
5.937500000000000000e+00,-7.907683271772738415e-03
5.958333333333333037e+00,-1.544594765595170205e-03
5.979166666666666075e+00,-1.089751385083190423e-02
6.000000000000000000e+00,-1.717538001317833046e-02
6.020833333333333037e+00,-7.563890231127298920e-03
6.041666666666666075e+00,-1.237306734152078406e-03
6.062500000000000000e+00,-1.072538323114022654e-02
6.083333333333333037e+00,-1.711214369317604414e-02
6.104166666666666075e+00,-7.647520653989803817e-03
6.125000000000000000e+00,-1.390385814839092743e-03
6.145833333333333037e+00,-1.084029071089069249e-02
6.166666666666666075e+00,-1.719498474111604350e-02
6.187500000000000000e+00,-7.653746180279168664e-03
6.208333333333333037e+00,-1.394707141412641601e-03
6.229166666666666075e+00,-1.096150205814841287e-02
6.250000000000000000e+00,-1.739609456987976574e-02
6.270833333333333037e+00,-8.060755505713715005e-03
6.291666666666666075e+00,-2.011951543134393467e-03
6.312500000000000000e+00,-1.160376731534686935e-02
6.333333333333333037e+00,-1.811449170025515240e-02
6.354166666666666075e+00,-8.951023577433053421e-03
6.375000000000000000e+00,-2.918720181727838155e-03
6.395833333333333037e+00,-1.223984497485227155e-02
6.416666666666666075e+00,-1.830831488714233096e-02
6.437500000000000000e+00,-8.506366672743397028e-03
6.458333333333333037e+00,-1.970960249848320751e-03
6.479166666666666075e+00,-1.115884053167233957e-02
6.500000000000000000e+00,-1.725599717263300720e-02
6.520833333333333037e+00,-7.632977764661871140e-03
6.541666666666666075e+00,-1.161499200893658778e-03
6.562500000000000000e+00,-1.031548185479676423e-02
6.583333333333333037e+00,-1.631188695314979634e-02
6.604166666666666075e+00,-6.385067962926743897e-03
6.625000000000000000e+00,3.962603168851322336e-04
6.645833333333333037e+00,-8.532520829370693685e-03
6.666666666666666075e+00,-1.426035113104544456e-02
6.687500000000000000e+00,-3.995191778503504217e-03
6.708333333333333037e+00,3.169847948162481197e-03
6.729166666666666075e+00,-5.358496112648835491e-03
6.750000000000000000e+00,-1.046685041861491680e-02
6.770833333333333037e+00,4.178484319428544917e-04
6.791666666666666075e+00,8.234296724461128564e-03
6.812500000000000000e+00,5.320755309632849671e-04
6.833333333333333037e+00,-3.807582916162992586e-03
6.854166666666666075e+00,7.131720471394167003e-03
6.875000000000000000e+00,1.458194302516450935e-02
6.895833333333333037e+00,6.438777504065681251e-03
6.916666666666666075e+00,1.648172894096164992e-03
6.937500000000000000e+00,1.107492050494647724e-02
6.958333333333333037e+00,1.626720895764930536e-02
6.979166666666666075e+00,6.041620406713480752e-03
7.000000000000000000e+00,-8.748665255852718873e-04
7.020833333333333037e+00,7.984589211714304344e-03
7.041666666666666075e+00,1.389005535595788481e-02
7.062500000000000000e+00,4.279057506413392296e-03
7.083333333333333037e+00,-2.064513281597044319e-03
7.104166666666666075e+00,7.606229851860796254e-03
7.125000000000000000e+00,1.430753015089694831e-02
7.145833333333333037e+00,5.560646670460510713e-03
7.166666666666666075e+00,1.738041845273539054e-04
7.187500000000000000e+00,1.035213768101247121e-02
7.208333333333333037e+00,1.733759456165969576e-02
7.229166666666666075e+00,8.948767294259692834e-03
7.250000000000000000e+00,3.874328028231954334e-03
7.270833333333333037e+00,1.234635285935417950e-02
7.291666666666666075e+00,1.634623362737769661e-02
7.312500000000000000e+00,4.801095820707709273e-03
7.333333333333333037e+00,-3.442279565531084981e-03
7.354166666666666075e+00,4.146178354627698230e-03
7.375000000000000000e+00,8.700298127691024827e-03
7.395833333333333037e+00,-2.565735974369542059e-03
7.416666666666666075e+00,-1.069187774410160739e-02
7.437500000000000000e+00,-3.162347284210715974e-03
7.458333333333333037e+00,1.218671792378101665e-03
7.479166666666666075e+00,-8.742714875157292509e-03
7.500000000000000000e+00,-1.435621819216140529e-02
7.520833333333333037e+00,-4.226221372784805252e-03
7.541666666666666075e+00,2.799062220211214879e-03
7.562500000000000000e+00,-5.851489786314257278e-03
7.583333333333333037e+00,-1.123750021754997205e-02
7.604166666666666075e+00,-9.767244341496474341e-04
7.625000000000000000e+00,6.216909073151768994e-03
7.645833333333333037e+00,-2.350786518310285858e-03
7.666666666666666075e+00,-7.671419391682613061e-03
7.687500000000000000e+00,2.658679192156860466e-03
7.708333333333333037e+00,9.907944836792951029e-03
7.729166666666666075e+00,1.534956862240107736e-03
7.750000000000000000e+00,-3.593748199836170956e-03
7.770833333333333037e+00,6.909025848757221686e-03
7.791666666666666075e+00,1.435659183819703796e-02
7.812500000000000000e+00,6.001781209853901053e-03
7.833333333333333037e+00,9.032983125412254004e-04
7.854166666666666075e+00,1.061139834446436780e-02
7.875000000000000000e+00,1.660378228612703622e-02
7.895833333333333037e+00,6.767179956529660069e-03
7.916666666666666075e+00,1.150628260976806086e-04
7.937500000000000000e+00,9.166068112578144161e-03
7.958333333333333037e+00,1.514543875936526750e-02
7.979166666666666075e+00,5.210676478231892478e-03
8.000000000000000000e+00,-1.439851301300215701e-03
8.020833333333332149e+00,7.776926151980004080e-03
8.041666666666666075e+00,1.388615601498472199e-02
8.062500000000000000e+00,4.041641168392742789e-03
8.083333333333332149e+00,-2.506681245030990476e-03
8.104166666666666075e+00,6.812438355152375911e-03
8.125000000000000000e+00,1.305885638741630453e-02
8.145833333333332149e+00,3.461325170510998455e-03
8.166666666666666075e+00,-2.978745017195466929e-03
8.187500000000000000e+00,6.228212504227254899e-03
8.208333333333332149e+00,1.220172104779502359e-02
8.229166666666666075e+00,2.358230069302140637e-03
8.250000000000000000e+00,-4.358405817583935540e-03
8.270833333333332149e+00,4.542456168680266207e-03
8.291666666666666075e+00,1.006164074111642708e-02
8.312500000000000000e+00,-4.744933067674602148e-04
8.333333333333332149e+00,-8.002693342250864761e-03
8.354166666666666075e+00,-1.302214617053478081e-04
8.375000000000000000e+00,4.502296221666733829e-03
8.395833333333332149e+00,-6.671379865151584772e-03
8.416666666666666075e+00,-1.487539321173955015e-02
8.437500000000000000e+00,-7.698058946981701199e-03
8.458333333333332149e+00,-3.830257636679061575e-03
8.479166666666666075e+00,-1.163285131162441685e-02
8.500000000000000000e+00,-1.365400532307102857e-02
8.520833333333332149e+00,-1.358049123287111051e-03
8.541666666666666075e+00,6.851649162807845785e-03
8.562500000000000000e+00,-8.511824003671979687e-04
8.583333333333332149e+00,-5.577712078940142912e-03
8.604166666666666075e+00,5.127854456433657629e-03
8.625000000000000000e+00,1.248520677209182840e-02
8.645833333333332149e+00,3.838574643179432002e-03
8.666666666666666075e+00,-1.820828111523459117e-03
8.687500000000000000e+00,7.947838834006397402e-03
8.708333333333332149e+00,1.441161178355643800e-02
8.729166666666666075e+00,5.060379892582757104e-03
8.750000000000000000e+00,-1.296735411854902644e-03
8.770833333333332149e+00,7.975679958012812584e-03
8.791666666666666075e+00,1.394137077792521363e-02
8.812500000000000000e+00,3.891189803954182500e-03
8.833333333333332149e+00,-3.149334169993176381e-03
8.854166666666666075e+00,5.410117360150347790e-03
8.875000000000000000e+00,1.060836436176953480e-02
8.895833333333332149e+00,-4.342516836596743094e-04
8.916666666666666075e+00,-8.471667776772861744e-03
8.937500000000000000e+00,-8.159018840084311880e-04
8.958333333333332149e+00,3.414469726544811130e-03
8.979166666666666075e+00,-7.454517294085329787e-03
9.000000000000000000e+00,-1.449953428902793842e-02
9.020833333333332149e+00,-5.905529204834934244e-03
9.041666666666666075e+00,-7.378284690579973559e-04
9.062500000000000000e+00,-1.058691014897820970e-02
9.083333333333332149e+00,-1.672227937861105532e-02
9.104166666666666075e+00,-7.432400080468077111e-03
9.125000000000000000e+00,-1.435281786066311925e-03
9.145833333333332149e+00,-1.119433835891960050e-02
9.166666666666666075e+00,-1.796715583651337100e-02
9.187500000000000000e+00,-9.401748917412577899e-03
9.208333333333332149e+00,-4.186200365488969982e-03
9.229166666666666075e+00,-1.275263145950369069e-02
9.250000000000000000e+00,-1.692256564809564712e-02
9.270833333333332149e+00,-5.695782619087904133e-03
9.291666666666666075e+00,2.182477035597765996e-03
9.312500000000000000e+00,-5.833813855537469187e-03
9.333333333333332149e+00,-1.085697258025474128e-02
9.354166666666666075e+00,-5.884158830398620536e-04
9.375000000000000000e+00,6.402538338731749400e-03
9.395833333333332149e+00,-2.381878524752566086e-03
9.416666666666666075e+00,-8.254003602416720015e-03
9.437500000000000000e+00,1.282687361783566016e-03
9.458333333333332149e+00,7.515015146961436833e-03
9.479166666666666075e+00,-2.275882450601768477e-03
9.500000000000000000e+00,-9.103278892669253858e-03
9.520833333333332149e+00,-4.357373498488539940e-04
9.541666666666666075e+00,4.863098780497905615e-03
9.562500000000000000e+00,-5.817077097155027438e-03
9.583333333333332149e+00,-1.349148732501935163e-02
9.604166666666666075e+00,-5.724106482167648328e-03
9.625000000000000000e+00,-1.237009176416224146e-03
9.645833333333332149e+00,-1.021013386285304393e-02
9.666666666666666075e+00,-1.459127038220063045e-02
9.687500000000000000e+00,-3.475401815464297141e-03
9.708333333333332149e+00,4.260368872691091754e-03
9.729166666666666075e+00,-4.078538487352981363e-03
9.750000000000000000e+00,-9.381851846782494897e-03
9.770833333333332149e+00,9.449937766713154604e-04
9.791666666666666075e+00,7.871908600973247239e-03
9.812500000000000000e+00,-1.407023668072484787e-03
9.833333333333332149e+00,-7.666573734777952336e-03
9.854166666666666075e+00,1.661027400039141386e-03
9.875000000000000000e+00,7.579617148717221128e-03
9.895833333333332149e+00,-2.398798766339078729e-03
9.916666666666666075e+00,-9.330066370538941251e-03
9.937500000000000000e+00,-5.648143886285477084e-04
9.958333333333332149e+00,4.863957070986059394e-03
9.979166666666666075e+00,-5.376215438009506430e-03
1.000000000000000000e+01,-1.236929756994945527e-02
1.002083333333333215e+01,-3.523014990559202898e-03
1.004166666666666607e+01,1.914403665781264389e-03
1.006250000000000000e+01,-8.285890454122528392e-03
1.008333333333333215e+01,-1.513775626818252354e-02
1.010416666666666607e+01,-6.272768770670363210e-03
1.012500000000000000e+01,-8.017178540017055833e-04
1.014583333333333215e+01,-1.049956416084492361e-02
1.016666666666666607e+01,-1.676849499256924739e-02
1.018750000000000000e+01,-7.206664758257889415e-03
1.020833333333333215e+01,-7.148534446723571988e-04
1.022916666666666607e+01,-1.003951147559199730e-02
1.025000000000000000e+01,-1.649365314624666110e-02
1.027083333333333215e+01,-7.242560609229089369e-03
1.029166666666666607e+01,-1.142875554661275470e-03
1.031250000000000000e+01,-1.103510955704562965e-02
1.033333333333333215e+01,-1.810005040848591817e-02
1.035416666666666607e+01,-9.558300702205341226e-03
1.037500000000000000e+01,-4.331150912967505172e-03
1.039583333333333215e+01,-1.287337881717671474e-02
1.041666666666666607e+01,-1.721805502718200265e-02
1.043750000000000000e+01,-5.966839514771415422e-03
1.045833333333333215e+01,2.071019851420610128e-03
1.047916666666666607e+01,-5.874192495814166068e-03
1.050000000000000000e+01,-1.109107996965848220e-02
1.052083333333333215e+01,-6.913214415781927975e-04
1.054166666666666607e+01,6.363366453583394443e-03
1.056250000000000000e+01,-2.564393588512865058e-03
1.058333333333333215e+01,-8.639191737584301853e-03
1.060416666666666607e+01,8.817006380267091749e-04
1.062500000000000000e+01,6.938222559156581246e-03
1.064583333333333215e+01,-2.961095917819951510e-03
1.066666666666666607e+01,-9.891158725473993968e-03
1.068750000000000000e+01,-1.244844649021455878e-03
1.070833333333333215e+01,3.826719945809131228e-03
1.072916666666666607e+01,-7.032661997543824400e-03
1.075000000000000000e+01,-1.478816023613311291e-02
1.077083333333333215e+01,-7.030998743228392134e-03
1.079166666666666607e+01,-2.954699154275630332e-03
1.081250000000000000e+01,-1.106034636052798115e-02
1.083333333333333215e+01,-1.346392046429019905e-02
1.085416666666666607e+01,-8.155826265565021280e-04
1.087500000000000000e+01,8.120535506490791922e-03
1.089583333333333215e+01,1.218789938427639052e-03
1.091666666666666607e+01,-2.579969890262023488e-03
1.093750000000000000e+01,7.229214823248377754e-03
1.095833333333333215e+01,1.239659608636114844e-02
1.097916666666666607e+01,1.662200405762603167e-03
1.100000000000000000e+01,-6.070301051185223763e-03
1.102083333333333215e+01,1.817005609276732157e-03
1.104166666666666607e+01,6.629894815652613051e-03
1.106250000000000000e+01,-4.360528342782486223e-03
1.108333333333333215e+01,-1.222704278554435052e-02
1.110416666666666607e+01,-4.449874415335992525e-03
1.112500000000000000e+01,3.844755929145458103e-04
1.114583333333333215e+01,-9.487638320031244188e-03
1.116666666666666607e+01,-1.563085370847448058e-02
1.118750000000000000e+01,-5.975350353657027207e-03
1.120833333333333215e+01,8.572417449082082646e-04
1.122916666666666607e+01,-8.230007797290366661e-03
1.125000000000000000e+01,-1.423835778477470018e-02
1.127083333333333215e+01,-4.545206153119828001e-03
1.129166666666666607e+01,2.018611468248468228e-03
1.131250000000000000e+01,-7.160601369012278145e-03
1.133333333333333215e+01,-1.307304892722604972e-02
1.135416666666666607e+01,-3.380833178230164323e-03
1.137500000000000000e+01,3.209401409150278509e-03
1.139583333333333215e+01,-6.046161640611887739e-03
1.141666666666666607e+01,-1.219798907447052286e-02
1.143750000000000000e+01,-2.576656158634992814e-03
1.145833333333333215e+01,4.078288409389898075e-03
1.147916666666666607e+01,-5.031891356111598684e-03
1.150000000000000000e+01,-1.095588524573827029e-02
1.152083333333333215e+01,-1.245307716863783363e-03
1.154166666666666607e+01,5.368881632856935086e-03
1.156250000000000000e+01,-3.875694610479353108e-03
1.158333333333333215e+01,-9.914599967437482189e-03
1.160416666666666607e+01,-2.828354743819131442e-04
1.162500000000000000e+01,6.203366547551012432e-03
1.164583333333333215e+01,-3.149185697661826405e-03
1.166666666666666607e+01,-9.242538571314929188e-03
1.168750000000000000e+01,3.207612005107751121e-04
1.170833333333333215e+01,6.693876877492651971e-03
1.172916666666666607e+01,-2.754640546953258766e-03
1.175000000000000000e+01,-8.907969881295597220e-03
1.177083333333333215e+01,5.786439871065788719e-04
1.179166666666666607e+01,6.841399541160401825e-03
1.181250000000000000e+01,-2.645184082757501449e-03
1.183333333333333215e+01,-8.848144816920746822e-03
1.185416666666666607e+01,5.866530162158779468e-04
1.187500000000000000e+01,6.855104243740365449e-03
1.189583333333333215e+01,-2.707840425677225660e-03
1.191666666666666607e+01,-9.005169035862993498e-03
1.193750000000000000e+01,3.523876781727405252e-04
1.195833333333333215e+01,6.528966049179536942e-03
1.197916666666666607e+01,-3.119046686677999936e-03
1.200000000000000000e+01,-9.598537700439769421e-03
1.202083333333333215e+01,-4.760793561629358614e-04
1.204166666666666607e+01,5.511068373765978280e-03
1.206250000000000000e+01,-4.343094463255552443e-03
1.208333333333333215e+01,-1.095898506288663608e-02
1.210416666666666607e+01,-1.912831092443781182e-03
1.212500000000000000e+01,3.973548693414096465e-03
1.214583333333333215e+01,-5.971253892324119260e-03
1.216666666666666607e+01,-1.265680166632411272e-02
1.218750000000000000e+01,-3.691263376760986741e-03
1.220833333333333215e+01,2.095554187239813838e-03
1.222916666666666607e+01,-7.906452152731816355e-03
1.225000000000000000e+01,-1.474602081106646603e-02
1.227083333333333215e+01,-5.975790479747484715e-03
1.229166666666666607e+01,-3.372588063354342970e-04
1.231250000000000000e+01,-1.047730141361200712e-02
1.233333333333333215e+01,-1.733272993471452611e-02
1.235416666666666607e+01,-8.524835809287388544e-03
1.237500000000000000e+01,-2.867687584964664221e-03
1.239583333333333215e+01,-1.208406126615809047e-02
1.241666666666666607e+01,-1.741440032762959708e-02
1.243750000000000000e+01,-7.095655485972423952e-03
1.245833333333333215e+01,5.010211813499115141e-05
1.247916666666666607e+01,-8.546625525370554755e-03
1.250000000000000000e+01,-1.389140870417181900e-02
1.252083333333333215e+01,-3.573110313312235532e-03
1.254166666666666607e+01,3.646385130709789597e-03
1.256250000000000000e+01,-4.985199426802466686e-03
1.258333333333333215e+01,-1.044695601630602454e-02
1.260416666666666607e+01,-2.453743552796642754e-04
1.262500000000000000e+01,6.868325174889769978e-03
1.264583333333333215e+01,-1.849099550280815154e-03
1.266666666666666607e+01,-7.506420987447439547e-03
1.268750000000000000e+01,2.478466685307323392e-03
1.270833333333333215e+01,9.360853834957716391e-03
1.272916666666666607e+01,2.908234262919264586e-04
1.275000000000000000e+01,-5.678584798417650979e-03
1.277083333333333215e+01,4.017021062646932740e-03
1.279166666666666607e+01,1.066772852631245674e-02
1.281250000000000000e+01,1.455468831365887717e-03
1.283333333333333215e+01,-4.681071612343368042e-03
1.285416666666666607e+01,4.832904757763589569e-03
1.287500000000000000e+01,1.131924635510870095e-02
1.289583333333333215e+01,1.933282510440211726e-03
1.291666666666666607e+01,-4.327235657561814483e-03
1.293750000000000000e+01,5.089395558644616707e-03
1.295833333333333215e+01,1.143513531971447443e-02
1.297916666666666607e+01,1.925593016377210318e-03
1.300000000000000000e+01,-4.414023503002328583e-03
1.302083333333333215e+01,4.910745505157072636e-03
1.304166666666666607e+01,1.112743442685833022e-02
1.306250000000000000e+01,1.581074262748421999e-03
1.308333333333333215e+01,-4.787825038380367354e-03
1.310416666666666607e+01,4.502073541157104904e-03
1.312500000000000000e+01,1.073813693425030268e-02
1.314583333333333215e+01,1.112138233654575651e-03
1.316666666666666607e+01,-5.370695540830098570e-03
1.318750000000000000e+01,3.820312188743331481e-03
1.320833333333333215e+01,9.938687301139847302e-03
1.322916666666666607e+01,2.038794566656112952e-04
1.325000000000000000e+01,-6.382572614121394781e-03
1.327083333333333215e+01,2.692554951591277779e-03
1.329166666666666607e+01,8.689386180933945242e-03
1.331250000000000000e+01,-1.092079792572439242e-03
1.333333333333333215e+01,-7.744480389651920739e-03
1.335416666666666607e+01,1.304052157490860186e-03
1.337500000000000000e+01,7.338293343716276868e-03
1.339583333333333215e+01,-2.512988290633091232e-03
1.341666666666666607e+01,-9.173978281473652713e-03
1.343750000000000000e+01,-1.582712257885111277e-04
1.345833333333333215e+01,5.664026909653303160e-03
1.347916666666666607e+01,-4.340350397946217409e-03
1.350000000000000000e+01,-1.096277535977158157e-02
1.352083333333333215e+01,-1.935893990785511089e-03
1.354166666666666607e+01,3.743479944009810070e-03
1.356250000000000000e+01,-6.344049681724617772e-03
1.358333333333333215e+01,-1.307398894358968375e-02
1.360416666666666607e+01,-4.308493113982792867e-03
1.362500000000000000e+01,9.712515736547125064e-04
1.364583333333333215e+01,-9.273893314813916322e-03
1.366666666666666607e+01,-1.582056346484750353e-02
1.368750000000000000e+01,-6.759812093816690119e-03
1.370833333333333215e+01,-1.006491859200942147e-03
1.372916666666666607e+01,-1.092153739921284186e-02
1.375000000000000000e+01,-1.747755226117832933e-02
1.377083333333333215e+01,-8.410968909430932908e-03
1.379166666666666607e+01,-2.444978300715875807e-03
1.381250000000000000e+01,-1.211905846952033954e-02
1.383333333333333215e+01,-1.866476364331231055e-02
1.385416666666666607e+01,-9.391341465768343263e-03
1.387500000000000000e+01,-3.186975194158244481e-03
1.389583333333333215e+01,-1.280872056301676429e-02
1.391666666666666607e+01,-1.930429160857383142e-02
1.393750000000000000e+01,-9.992709343439104205e-03
1.395833333333333215e+01,-4.048063375254600145e-03
1.397916666666666607e+01,-1.316231951598375791e-02
1.400000000000000000e+01,-1.861706805613569382e-02
1.402083333333333215e+01,-8.152067891536178904e-03
1.404166666666666607e+01,-9.675758851263871474e-04
1.406250000000000000e+01,-9.591255074265140831e-03
1.408333333333333215e+01,-1.521033471538073452e-02
1.410416666666666607e+01,-5.224770550881464685e-03
1.412500000000000000e+01,1.487463796675846236e-03
1.414583333333333215e+01,-7.378801794949482913e-03
1.416666666666666607e+01,-1.319132923492253966e-02
1.418750000000000000e+01,-3.333957485793495948e-03
1.420833333333333215e+01,3.282625860225826288e-03
1.422916666666666607e+01,-5.665924897335835111e-03
1.425000000000000000e+01,-1.155924174225908541e-02
1.427083333333333215e+01,-1.971705205240460290e-03
1.429166666666666607e+01,4.363648947552020707e-03
1.431250000000000000e+01,-4.882938118325438719e-03
1.433333333333333215e+01,-1.107804646161157300e-02
1.435416666666666607e+01,-1.486305148720372870e-03
1.437500000000000000e+01,4.854720392022941755e-03
1.439583333333333215e+01,-4.575300483378267995e-03
1.441666666666666607e+01,-1.091134378666409194e-02
1.443750000000000000e+01,-1.492640758048940615e-03
1.445833333333333215e+01,4.590242768312050720e-03
1.447916666666666607e+01,-5.058170938898332199e-03
1.450000000000000000e+01,-1.162392864046375360e-02
1.452083333333333215e+01,-2.414520644002611082e-03
1.454166666666666607e+01,3.672233251959069935e-03
1.456250000000000000e+01,-5.930910695151134747e-03
1.458333333333333215e+01,-1.232583045083686553e-02
1.460416666666666607e+01,-2.708263454685551613e-03
1.462500000000000000e+01,3.940241826737863641e-03
1.464583333333333215e+01,-5.144019592649427472e-03
1.466666666666666607e+01,-1.084640122109658406e-02
1.468750000000000000e+01,-3.482687658688992174e-04
1.470833333333333215e+01,7.097263955889943077e-03
1.472916666666666607e+01,-1.013280691466125977e-03
1.475000000000000000e+01,-5.767024126247415235e-03
1.477083333333333215e+01,5.386965735516218746e-03
1.479166666666666607e+01,1.350671620635732033e-02
1.481250000000000000e+01,6.119138821538351765e-03
1.483333333333333215e+01,2.061075690781703860e-03
1.485416666666666607e+01,1.084049951140308998e-02
1.487500000000000000e+01,1.447535392604066065e-02
1.489583333333333215e+01,2.484636318528596864e-03
1.491666666666666607e+01,-6.117838649292182962e-03
1.493750000000000000e+01,1.460044771648975805e-03
1.495833333333333215e+01,6.041848369439524816e-03
1.497916666666666607e+01,-4.915630201626477493e-03
1.500000000000000000e+01,-1.248317068502614521e-02
1.502083333333333215e+01,-4.105806693180655276e-03
1.504166666666666607e+01,1.244821670148631805e-03
1.506250000000000000e+01,-8.791119195399177758e-03
1.508333333333333215e+01,-1.549908197224162537e-02
1.510416666666666607e+01,-6.404044261117626015e-03
1.512500000000000000e+01,-2.595175196190715279e-04
1.514583333333333215e+01,-9.468203952078025482e-03
1.516666666666666607e+01,-1.538524596568989142e-02
1.518750000000000000e+01,-5.416998657544716718e-03
1.520833333333333215e+01,1.613342348635841148e-03
1.522916666666666607e+01,-6.633546605529931466e-03
1.525000000000000000e+01,-1.169353499982564784e-02
1.527083333333333215e+01,-1.015543735340851839e-03
1.529166666666666607e+01,6.726487934111295003e-03
1.531250000000000000e+01,-9.115521365113127142e-04
1.533333333333333215e+01,-5.200200970017399178e-03
1.535416666666666607e+01,6.245193191054057569e-03
1.537500000000000000e+01,1.449771824267873099e-02
1.539583333333333215e+01,7.258479265797283461e-03
1.541666666666666607e+01,3.337586745341319071e-03
1.543750000000000000e+01,1.149120586512730920e-02
1.545833333333333215e+01,1.406698345549358027e-02
1.547916666666666607e+01,1.302651135424523314e-03
1.550000000000000000e+01,-7.992074697808340678e-03
1.552083333333333215e+01,-1.340340793371260159e-03
1.554166666666666607e+01,2.303290838637667929e-03
1.556250000000000000e+01,-7.154972625880544335e-03
1.558333333333333215e+01,-1.157302496540798045e-02
1.560416666666666607e+01,5.617067970838789679e-04
1.562500000000000000e+01,9.352664998146294900e-03
1.564583333333333215e+01,1.499676885864901750e-03
1.566666666666666607e+01,-2.660336264209167689e-03
1.568750000000000000e+01,8.987575236522094696e-03
1.570833333333333215e+01,1.635606861745641030e-02
1.572916666666666607e+01,7.023559848230834929e-03
1.575000000000000000e+01,1.228240271010676158e-03
1.577083333333333215e+01,1.244475181173821179e-02
1.579166666666666607e+01,2.046213062935579863e-02
1.581250000000000000e+01,1.195589497890860858e-02
1.583333333333333215e+01,7.004021306316584976e-03
1.585416666666666607e+01,1.541559091458802669e-02
1.587500000000000000e+01,1.819925275502554118e-02
1.589583333333333215e+01,4.458836135929552212e-03
1.591666666666666607e+01,-5.763963382451012252e-03
1.593750000000000000e+01,1.058249232673292347e-03
1.595833333333333215e+01,4.762231310829402597e-03
1.597916666666666607e+01,-6.226877994922322065e-03
1.600000000000000000e+01,-1.260085072161658444e-02
1.602083333333333215e+01,-2.192877544617441183e-03
1.604166666666666430e+01,5.083550255858922638e-03
1.606250000000000000e+01,-3.677004076539928685e-03
1.608333333333333215e+01,-8.975195193530424373e-03
1.610416666666666430e+01,1.993455467127046993e-03
1.612500000000000000e+01,9.844570458431166696e-03
1.614583333333333215e+01,1.895798592725486068e-03
1.616666666666666430e+01,-2.648740008885803673e-03
1.618750000000000000e+01,8.353611693202965885e-03
1.620833333333333215e+01,1.584479157878454156e-02
1.622916666666666430e+01,7.542901649335809373e-03
1.625000000000000000e+01,2.589323089353945395e-03
1.627083333333333215e+01,1.196575300098157678e-02
1.629166666666666430e+01,1.707543485721994131e-02
1.631250000000000000e+01,6.664207800256735127e-03
1.633333333333333215e+01,-5.294220033445220207e-04
1.635416666666666430e+01,8.200033587293790657e-03
1.637500000000000000e+01,1.396026599693185946e-02
1.639583333333333215e+01,4.157782198485522780e-03
1.641666666666666430e+01,-2.278877209395423209e-03
1.643750000000000000e+01,7.409867275680715772e-03
1.645833333333333215e+01,1.406188761186009245e-02
1.647916666666666430e+01,4.949684698683677955e-03
1.650000000000000000e+01,-7.978722648883892522e-04
1.652083333333333215e+01,9.790951308112008991e-03
1.654166666666666430e+01,1.737741320663991132e-02
1.656250000000000000e+01,9.224952615188099919e-03
1.658333333333333215e+01,4.478622125066331235e-03
1.660416666666666430e+01,1.301959614046828244e-02
1.662500000000000000e+01,1.656223141383368624e-02
1.664583333333333215e+01,4.523266513188232973e-03
1.666666666666666430e+01,-4.162457426812313406e-03
1.668750000000000000e+01,3.083139282369032601e-03
1.670833333333333215e+01,7.304418239246977286e-03
1.672916666666666430e+01,-4.029750947963804154e-03
1.675000000000000000e+01,-1.196211284971690492e-02
1.677083333333333215e+01,-3.797732473145132726e-03
1.679166666666666430e+01,1.309499033662622379e-03
1.681250000000000000e+01,-8.767698727893158059e-03
1.683333333333333215e+01,-1.516960711182690179e-02
1.685416666666666430e+01,-5.564141197160158737e-03
1.687500000000000000e+01,1.007242445974435756e-03
1.689583333333333215e+01,-7.914094115472234195e-03
1.691666666666666430e+01,-1.385813400903668918e-02
1.693750000000000000e+01,-4.731868444106778447e-03
1.695833333333333215e+01,1.702089993950172330e-03
1.697916666666666430e+01,-6.530377934738107633e-03
1.700000000000000000e+01,-1.209422256936364126e-02
1.702083333333333215e+01,-2.972808532010905776e-03
1.704166666666666430e+01,2.854588588122706702e-03
1.706250000000000000e+01,-7.253815255666350333e-03
1.708333333333333215e+01,-1.415210598204849277e-02
1.710416666666666430e+01,-4.700683035591758478e-03
1.712500000000000000e+01,1.566448735288915924e-03
1.714583333333333215e+01,-9.227733556321308581e-03
1.716666666666666430e+01,-1.653340144023701316e-02
1.718750000000000000e+01,-5.801113127679199781e-03
1.720833333333333215e+01,1.380410353105501319e-03
1.722916666666666430e+01,-9.448090135371716575e-03
1.725000000000000000e+01,-1.682932080018514562e-02
1.727083333333333215e+01,-6.101902747074050386e-03
1.729166666666666430e+01,7.520981370610942260e-04
1.731250000000000000e+01,-1.069940937570397488e-02
1.733333333333333215e+01,-1.818356861222737708e-02
1.735416666666666430e+01,-7.374457211110890982e-03
1.737500000000000000e+01,-5.085502567949982174e-04
1.739583333333333215e+01,-1.115860387707790988e-02
1.741666666666666430e+01,-1.811364776715281705e-02
1.743750000000000000e+01,-7.808773190416960601e-03
1.745833333333333215e+01,-1.086036397063813979e-03
1.747916666666666430e+01,-1.085211696853983533e-02
1.750000000000000000e+01,-1.661607774545176622e-02
1.752083333333333215e+01,-5.437251907419110922e-03
1.754166666666666430e+01,2.174694923368129373e-03
1.756250000000000000e+01,-6.141733205611345572e-03
1.758333333333333215e+01,-1.079391650783736827e-02
1.760416666666666430e+01,7.968099527000216224e-04
1.762500000000000000e+01,9.073979976767112751e-03
1.764583333333333215e+01,1.737748585790717913e-03
1.766666666666666430e+01,-2.055843114669169466e-03
1.768750000000000000e+01,7.345355928507900367e-03
1.770833333333333215e+01,1.189959006784332800e-02
1.772916666666666430e+01,9.417009221643655526e-04
1.775000000000000000e+01,-6.576878331578759652e-03
1.777083333333333215e+01,1.930771029100145650e-03
1.779166666666666430e+01,7.286858188068046603e-03
1.781250000000000000e+01,-2.802264459127300905e-03
1.783333333333333215e+01,-9.759009035494215986e-03
1.785416666666666430e+01,-9.414889203174672903e-04
1.787500000000000000e+01,4.770562613188083535e-03
1.789583333333333215e+01,-5.056708811480441906e-03
1.791666666666666430e+01,-1.190940837545468103e-02
1.793750000000000000e+01,-3.469593983980669063e-03
1.795833333333333215e+01,1.797327922316924263e-03
1.797916666666666430e+01,-8.501972916716102335e-03
1.800000000000000000e+01,-1.589674417363978048e-02
1.802083333333333215e+01,-7.880702372479213985e-03
1.804166666666666430e+01,-3.090247096551400948e-03
1.806250000000000000e+01,-1.110433616505627011e-02
1.808333333333333215e+01,-1.431269593735770562e-02
1.810416666666666430e+01,-1.941412926735342978e-03
1.812500000000000000e+01,7.245163551584054250e-03
1.814583333333333215e+01,8.942944181306256230e-04
1.816666666666666430e+01,-2.258364550219649474e-03
1.818750000000000000e+01,7.896208230292387636e-03
1.820833333333333215e+01,1.325320939065836867e-02
1.822916666666666430e+01,3.011796466390059563e-03
1.825000000000000000e+01,-3.824909450030801721e-03
1.827083333333333215e+01,4.531175867981924316e-03
1.829166666666666430e+01,9.841524198185090666e-03
1.831250000000000000e+01,6.898036598448810007e-04
1.833333333333333215e+01,-5.803559480148217861e-03
1.835416666666666430e+01,1.720036988225691040e-03
1.837500000000000000e+01,5.972843051125855535e-03
1.839583333333333215e+01,-4.970097850552267216e-03
1.841666666666666430e+01,-1.291875659530056057e-02
1.843750000000000000e+01,-5.365762093874974249e-03
1.845833333333333215e+01,-9.820418080937055698e-04
1.847916666666666430e+01,-1.318403383161940480e-02
1.850000000000000000e+01,-2.222017219748573247e-02
1.852083333333333215e+01,-1.350731668051717918e-02
1.854166666666666430e+01,-7.711974632779753855e-03
1.856250000000000000e+01,-1.919770995009114495e-02
1.858333333333333215e+01,-2.667284322122746854e-02
1.860416666666666430e+01,-1.680611063913537567e-02
1.862500000000000000e+01,-1.054944619267758447e-02
1.864583333333333215e+01,-1.918918012390962921e-02
1.866666666666666430e+01,-2.290870204554650708e-02
1.868750000000000000e+01,-9.196409744802579861e-03
1.870833333333333215e+01,1.194764273753786419e-03
1.872916666666666430e+01,-5.952089699025566415e-03
1.875000000000000000e+01,-9.756934494426066154e-03
1.877083333333333215e+01,3.258377054074795224e-03
1.879166666666666430e+01,1.233499816767477837e-02
1.881250000000000000e+01,4.807664616769868372e-03
1.883333333333333215e+01,9.249245068881758926e-04
1.885416666666666430e+01,1.312991130227778545e-02
1.887500000000000000e+01,2.161090642029826064e-02
1.889583333333333215e+01,1.446529642521859720e-02
1.891666666666666430e+01,1.066752035578243107e-02
1.893750000000000000e+01,1.791199913922178477e-02
1.895833333333333215e+01,1.934652818395915519e-02
1.897916666666666430e+01,7.413158334981356443e-03
1.900000000000000000e+01,-1.321175355272824947e-04
1.902083333333333215e+01,7.436323124398987530e-03
1.904166666666666430e+01,1.214492246632910624e-02
1.906250000000000000e+01,1.859169799582243874e-03
1.908333333333333215e+01,-5.331325493091807442e-03
1.910416666666666430e+01,2.471557713659223391e-03
1.912500000000000000e+01,7.351271645115334784e-03
1.914583333333333215e+01,-2.760628862585783397e-03
1.916666666666666430e+01,-9.573309507786663744e-03
1.918750000000000000e+01,-1.090829252268233187e-03
1.920833333333333215e+01,3.851266814033962958e-03
1.922916666666666430e+01,-6.881726145414047459e-03
1.925000000000000000e+01,-1.476327695960511464e-02
1.927083333333333215e+01,-7.190473935164868463e-03
1.929166666666666430e+01,-2.782668302403177446e-03
1.931250000000000000e+01,-1.120907680011907874e-02
1.933333333333333215e+01,-1.486276863458812006e-02
1.935416666666666430e+01,-2.924546898023769152e-03
1.937500000000000000e+01,5.794191984874812532e-03
1.939583333333333215e+01,-1.415090958635003768e-03
1.941666666666666430e+01,-5.940541836581970936e-03
1.943750000000000000e+01,5.089482175393016290e-03
1.945833333333333215e+01,1.286353056292990557e-02
1.947916666666666430e+01,4.685472329660445197e-03
1.950000000000000000e+01,-5.859877670841822511e-04
1.952083333333333215e+01,9.346838536245329065e-03
1.954166666666666430e+01,1.571683196300697333e-02
1.956250000000000000e+01,6.200316437354870189e-03
1.958333333333333215e+01,-2.295215166498802944e-04
1.960416666666666430e+01,9.635260879516488811e-03
1.962500000000000000e+01,1.587503759558336544e-02
1.964583333333333215e+01,5.063829305486830003e-03
1.966666666666666430e+01,-2.715438061947714025e-03
1.968750000000000000e+01,6.268130359566546905e-03
1.970833333333333215e+01,1.166303482973242607e-02
1.972916666666666430e+01,-2.173767367857627788e-05
1.975000000000000000e+01,-8.701154875535703839e-03
1.977083333333333215e+01,-7.522042553331804039e-04
1.979166666666666430e+01,3.639926672704265915e-03
1.981250000000000000e+01,-8.021546135453945861e-03
1.983333333333333215e+01,-1.614771601009254778e-02
1.985416666666666430e+01,-7.847641240751466324e-03
1.987500000000000000e+01,-3.073699484329826294e-03
1.989583333333333215e+01,-1.236935228228901520e-02
1.991666666666666430e+01,-1.696167241267524176e-02
1.993750000000000000e+01,-5.307998333764936232e-03
1.995833333333333215e+01,2.851934375546418161e-03
1.997916666666666430e+01,-5.529677266769941410e-03
2.000000000000000000e+01,-1.098342897976632183e-02
2.002083333333333215e+01,-3.346942548403513676e-04
2.004166666666666430e+01,6.872918464911971330e-03
2.006250000000000000e+01,-2.321550349418863551e-03
2.008333333333333215e+01,-8.628536960426423305e-03
2.010416666666666430e+01,1.034986676629703114e-03
2.012500000000000000e+01,7.234730782330101723e-03
2.014583333333333215e+01,-2.865377274551898258e-03
2.016666666666666430e+01,-1.005232119207404365e-02
2.018750000000000000e+01,-1.363224021548710202e-03
2.020833333333333215e+01,3.850832426829504246e-03
2.022916666666666430e+01,-7.149253639773646765e-03
2.025000000000000000e+01,-1.517185999112772264e-02
2.027083333333333215e+01,-7.398323092618507534e-03
2.029166666666666430e+01,-3.109884132618336711e-03
2.031250000000000000e+01,-1.171585657920315264e-02
2.033333333333333215e+01,-1.504583976849540108e-02
2.035416666666666430e+01,-2.592173450757438019e-03
2.037500000000000000e+01,6.102243476531810790e-03
2.039583333333333215e+01,-1.305149959991296982e-03
2.041666666666666430e+01,-5.443189737108207124e-03
2.043750000000000000e+01,5.733457973896170269e-03
2.045833333333333215e+01,1.277907405548462001e-02
2.047916666666666430e+01,3.795127565702786400e-03
2.050000000000000000e+01,-1.840854154860057561e-03
2.052083333333333215e+01,8.119468264935467139e-03
2.054166666666666430e+01,1.448709770863663114e-02
2.056250000000000000e+01,4.916059780151500226e-03
2.058333333333333215e+01,-1.462514080773498829e-03
2.060416666666666430e+01,7.827258014428153249e-03
2.062500000000000000e+01,1.374485701585615414e-02
2.064583333333333215e+01,3.689808318116531097e-03
2.066666666666666430e+01,-3.338504028361700959e-03
2.068750000000000000e+01,5.324359661488074248e-03
2.070833333333333215e+01,1.091650634943999894e-02
2.072916666666666430e+01,6.320388584681300471e-04
2.075000000000000000e+01,-6.540863135239089084e-03
2.077083333333333215e+01,2.007440268094930029e-03
2.079166666666666430e+01,7.653869753429104472e-03
2.081250000000000000e+01,-2.642265085995284656e-03
2.083333333333333215e+01,-1.006653883032243915e-02
2.085416666666666430e+01,-1.590035183654521771e-03
2.087500000000000000e+01,4.152388599045224796e-03
2.089583333333333215e+01,-5.908937142965117566e-03
2.091666666666666430e+01,-1.291631817734078744e-02
2.093750000000000000e+01,-3.873110321215600480e-03
2.095833333333333215e+01,2.327415912331412019e-03
2.097916666666666430e+01,-7.137238317206463095e-03
2.100000000000000000e+01,-1.340041244521012267e-02
2.102083333333333215e+01,-3.686428933577158996e-03
2.104166666666666430e+01,2.951946955579706940e-03
2.106250000000000000e+01,-6.080963089064190044e-03
2.108333333333333215e+01,-1.202710314348923865e-02
2.110416666666666430e+01,-2.223648965612474906e-03
2.112500000000000000e+01,4.337090291730623208e-03
2.114583333333333215e+01,-4.788396112635075197e-03
2.116666666666666430e+01,-1.077223449829792928e-02
2.118750000000000000e+01,-8.949285501936727607e-04
2.120833333333333215e+01,5.687529689561581642e-03
2.122916666666666430e+01,-3.409388645341611054e-03
2.125000000000000000e+01,-9.254392157366630317e-03
2.127083333333333215e+01,6.501745711465249308e-04
2.129166666666666430e+01,7.185558237225761480e-03
2.131250000000000000e+01,-1.959634671001577247e-03
2.133333333333333215e+01,-7.861611399996056362e-03
2.135416666666666430e+01,2.071601628821339355e-03
2.137500000000000000e+01,8.630651717494688263e-03
2.139583333333333215e+01,-4.696577698424206121e-04
2.141666666666666430e+01,-6.267522463138367264e-03
2.143750000000000000e+01,3.708439721457081582e-03
2.145833333333333215e+01,1.024586748402949582e-02
2.147916666666666430e+01,1.140782184601218767e-03
2.150000000000000000e+01,-4.701997038346413145e-03
2.152083333333333215e+01,5.268348189724329951e-03
2.154166666666666430e+01,1.193087924950820937e-02
2.156250000000000000e+01,2.951123078425988734e-03
2.158333333333333215e+01,-2.854315736766074862e-03
2.160416666666666430e+01,7.181276027642006198e-03
2.162500000000000000e+01,1.406969988350267181e-02
2.164583333333333215e+01,5.319784020611423303e-03
2.166666666666666430e+01,-3.897309979392987126e-04
2.168750000000000000e+01,9.771688341807771919e-03
2.170833333333333215e+01,1.691169166988953226e-02
2.172916666666666430e+01,8.373624673260601434e-03
2.175000000000000000e+01,2.734071015848070496e-03
2.177083333333333215e+01,1.230270978981449527e-02
2.179166666666666430e+01,1.850469651805446494e-02
2.181250000000000000e+01,8.937255045096076031e-03
2.183333333333333215e+01,2.179699684247659187e-03
2.185416666666666430e+01,1.120390808481999505e-02
2.187500000000000000e+01,1.718173748264223075e-02
2.189583333333333215e+01,7.453558790056309322e-03
2.191666666666666430e+01,7.138848519200622971e-04
2.193750000000000000e+01,9.870904000756101568e-03
2.195833333333333215e+01,1.587672214892127745e-02
2.197916666666666430e+01,6.198144334120240205e-03
2.200000000000000000e+01,-3.161112089656065876e-04
2.202083333333333215e+01,9.001035482583010991e-03
2.204166666666666430e+01,1.514955374751949038e-02
2.206250000000000000e+01,5.765403883452847010e-03
2.208333333333333215e+01,-3.108342377059974222e-04
2.210416666666666430e+01,9.302085428180657464e-03
2.212500000000000000e+01,1.539577052098840479e-02
2.214583333333333215e+01,5.779596175765225850e-03
2.216666666666666430e+01,-6.311792189838831601e-04
2.218750000000000000e+01,8.709427429821069849e-03
2.220833333333333215e+01,1.480902511649277026e-02
2.222916666666666430e+01,5.357166424965947860e-03
2.225000000000000000e+01,-9.046355354597427224e-04
2.227083333333333215e+01,8.680714694171490220e-03
2.229166666666666430e+01,1.502162446320117438e-02
2.231250000000000000e+01,5.711071482853462798e-03
2.233333333333333215e+01,-4.771940496870207319e-04
2.235416666666666430e+01,9.180469269326516080e-03
2.237500000000000000e+01,1.571232741973570962e-02
2.239583333333333215e+01,6.596014293999248428e-03
2.241666666666666430e+01,5.031279853560636931e-04
2.243750000000000000e+01,1.028075512732172861e-02
2.245833333333333215e+01,1.706800279092827999e-02
2.247916666666666430e+01,8.136069114779207953e-03
2.250000000000000000e+01,2.222080380060274026e-03
2.252083333333333215e+01,1.223750174013056927e-02
2.254166666666666430e+01,1.915896204712055212e-02
2.256250000000000000e+01,1.039109017465272670e-02
2.258333333333333215e+01,4.648346471028098718e-03
2.260416666666666430e+01,1.354955561397455481e-02
2.262500000000000000e+01,1.858614194785810844e-02
2.264583333333333215e+01,7.998973853688539498e-03
2.266666666666666430e+01,5.886688035875020783e-04
2.268750000000000000e+01,9.095081336894284690e-03
2.270833333333333215e+01,1.442795530299416026e-02
2.272916666666666430e+01,4.173367604288741317e-03
2.275000000000000000e+01,-2.847488876194416083e-03
2.277083333333333215e+01,5.961977222273899188e-03
2.279166666666666430e+01,1.135172285383512746e-02
2.281250000000000000e+01,1.102400662707940081e-03
2.283333333333333215e+01,-5.735266477152473064e-03
2.285416666666666430e+01,3.095350331303814428e-03
2.287500000000000000e+01,8.361804709797773100e-03
2.289583333333333215e+01,-2.035031433993629742e-03
2.291666666666666430e+01,-9.182449632005568185e-03
2.293750000000000000e+01,-5.268834004275817348e-04
2.295833333333333215e+01,4.796866875068043524e-03
2.297916666666666430e+01,-5.485428836290572041e-03
2.300000000000000000e+01,-1.250133780250495610e-02
2.302083333333333215e+01,-3.712713911459005790e-03
2.304166666666666430e+01,1.957564948217113947e-03
2.306250000000000000e+01,-7.887701199986800124e-03
2.308333333333333215e+01,-1.443457691853405542e-02
2.310416666666666430e+01,-5.206784386154127663e-03
2.312500000000000000e+01,1.028808606325475484e-03
2.314583333333333215e+01,-8.357449763218519068e-03
2.316666666666666430e+01,-1.443011458125976164e-02
2.318750000000000000e+01,-4.437181179902736049e-03
2.320833333333333215e+01,2.544327472377813388e-03
2.322916666666666430e+01,-6.091986004643455514e-03
2.325000000000000000e+01,-1.133661830640761252e-02
2.327083333333333215e+01,-3.314189518175288097e-04
2.329166666666666430e+01,7.652418884866269908e-03
2.331250000000000000e+01,-4.649220196652674935e-05
2.333333333333333215e+01,-4.307224078556411498e-03
2.335416666666666430e+01,6.921019255449051277e-03
2.337500000000000000e+01,1.464568486289162183e-02
2.339583333333333215e+01,6.764875363791045954e-03
2.341666666666666430e+01,2.283035065429226372e-03
2.343750000000000000e+01,1.120470478132590438e-02
2.345833333333333215e+01,1.537727804195067674e-02
2.347916666666666430e+01,3.943058303546567375e-03
2.350000000000000000e+01,-4.109762813411917994e-03
2.352083333333333215e+01,3.765477417139889618e-03
2.354166666666666430e+01,8.598028537861689830e-03
2.356250000000000000e+01,-2.173439166074547010e-03
2.358333333333333215e+01,-9.692250712729562345e-03
2.360416666666666430e+01,-1.399303457490063372e-03
2.362500000000000000e+01,3.906106723857053625e-03
2.364583333333333215e+01,-6.537512499045922305e-03
2.366666666666666430e+01,-1.379493076550827348e-02
2.368750000000000000e+01,-5.438696891821491464e-03
2.370833333333333215e+01,-1.881835417486880349e-04
2.372916666666666430e+01,-1.019165849754321423e-02
2.375000000000000000e+01,-1.660006982022598637e-02
2.377083333333333215e+01,-7.342324673912575816e-03
2.379166666666666430e+01,-1.172277144041522631e-03
2.381250000000000000e+01,-1.085250430694467000e-02
2.383333333333333215e+01,-1.744509468211106681e-02
2.385416666666666430e+01,-8.387644819839879667e-03
2.387500000000000000e+01,-2.347600121325035556e-03
2.389583333333333215e+01,-1.212811408861760691e-02
2.391666666666666430e+01,-1.876266018839201077e-02
2.393750000000000000e+01,-9.712859187628923585e-03
2.395833333333333215e+01,-3.714130783285822870e-03
2.397916666666666430e+01,-1.296516684277448407e-02
2.400000000000000000e+01,-1.867139922004455721e-02
2.402083333333333215e+01,-8.706744290320480098e-03
2.404166666666666430e+01,-1.829929074402459341e-03
2.406250000000000000e+01,-1.078627775496138370e-02
2.408333333333333215e+01,-1.665874913135763705e-02
2.410416666666666430e+01,-6.935140134714324125e-03
2.412500000000000000e+01,-4.309301610548057181e-04
2.414583333333333215e+01,-9.830225899187037056e-03
2.416666666666666430e+01,-1.617479958681258129e-02
2.418750000000000000e+01,-7.047881838074829784e-03
2.420833333333333215e+01,-1.264048054788256652e-03
2.422916666666666430e+01,-1.114127641313122398e-02
2.425000000000000000e+01,-1.801887772333280249e-02
2.427083333333333215e+01,-9.708508296583821112e-03
2.429166666666666430e+01,-4.650527957295398120e-03
2.431250000000000000e+01,-1.257679138048739889e-02
2.433333333333333215e+01,-1.584554917277782374e-02
2.435416666666666430e+01,-3.716614353806884426e-03
2.437500000000000000e+01,5.164603625739008601e-03
2.439583333333333215e+01,-1.482955571878714083e-03
2.441666666666666430e+01,-5.097397894944062473e-03
2.443750000000000000e+01,5.647450524419055963e-03
2.445833333333333215e+01,1.222343540117905476e-02
2.447916666666666430e+01,3.036478978235719432e-03
2.450000000000000000e+01,-3.061021531138710845e-03
2.452083333333333215e+01,6.590737907692711083e-03
2.454166666666666430e+01,1.288684856209485786e-02
2.456250000000000000e+01,3.386074264405203663e-03
2.458333333333333215e+01,-3.042000957845887674e-03
2.460416666666666430e+01,6.404445566975947024e-03
2.462500000000000000e+01,1.261059091921468665e-02
2.464583333333333215e+01,3.095699229256052443e-03
2.466666666666666430e+01,-3.329139874904062449e-03
2.468750000000000000e+01,6.036586300494736768e-03
2.470833333333333215e+01,1.227681536254417866e-02
2.472916666666666430e+01,2.868101243300300984e-03
2.475000000000000000e+01,-3.371751116913623402e-03
2.477083333333333215e+01,6.350524682250768653e-03
2.479166666666666430e+01,1.294524847936404967e-02
2.481250000000000000e+01,3.816257350685412549e-03
2.483333333333333215e+01,-2.015582800203886363e-03
2.485416666666666430e+01,8.207379727498218674e-03
2.487500000000000000e+01,1.542979907126757443e-02
2.489583333333333215e+01,7.081686220874607897e-03
2.491666666666666430e+01,2.142045760562167039e-03
2.493750000000000000e+01,1.152135743376988576e-02
2.495833333333333215e+01,1.665280748877219844e-02
2.497916666666666430e+01,6.266795690971943208e-03
2.500000000000000000e+01,-7.224311870562272198e-04
2.502083333333333215e+01,8.130470865181260720e-03
2.504166666666666430e+01,1.395415274822278326e-02
2.506250000000000000e+01,4.117273278498349669e-03
2.508333333333333215e+01,-2.360582162308861188e-03
2.510416666666666430e+01,7.125143537633197958e-03
2.512500000000000000e+01,1.359001863864689116e-02
2.514583333333333215e+01,4.477604126328505428e-03
2.516666666666666430e+01,-1.038181374122462610e-03
2.518750000000000000e+01,9.367701036966555664e-03
2.520833333333333215e+01,1.670612519504707100e-02
2.522916666666666430e+01,8.499820041846467208e-03
2.525000000000000000e+01,3.938986184975654808e-03
2.527083333333333215e+01,1.229714380195069158e-02
2.529166666666666430e+01,1.552809599887655483e-02
2.531250000000000000e+01,3.217817003951941191e-03
2.533333333333333215e+01,-5.471701271677512773e-03
2.535416666666666430e+01,1.763296705883248688e-03
2.537500000000000000e+01,6.030224765577976709e-03
2.539583333333333215e+01,-5.085556115903899083e-03
2.541666666666666430e+01,-1.263046720047123449e-02
2.543750000000000000e+01,-4.218392605864234278e-03
2.545833333333333215e+01,1.345248956646764036e-03
2.547916666666666430e+01,-8.686775355419914732e-03
2.550000000000000000e+01,-1.543566368136414096e-02
2.552083333333333215e+01,-6.221802469052976382e-03
2.554166666666666430e+01,3.402023781523472786e-04
2.556250000000000000e+01,-8.692882530478346012e-03
2.558333333333333215e+01,-1.465592235082415450e-02
2.560416666666666430e+01,-4.639188649482676660e-03
2.562500000000000000e+01,2.701928954604336259e-03
2.564583333333333215e+01,-5.588563806163679600e-03
2.566666666666666430e+01,-1.059689978884336033e-02
2.568750000000000000e+01,3.674464626095140692e-04
2.570833333333333215e+01,8.517653463055590429e-03
2.572916666666666430e+01,1.104875299029093325e-03
2.575000000000000000e+01,-2.832754482759232157e-03
2.577083333333333215e+01,7.509724259831812056e-03
2.579166666666666430e+01,1.371141712816482776e-02
2.581250000000000000e+01,4.360793062597520010e-03
2.583333333333333215e+01,-1.436260636589229648e-03
2.585416666666666430e+01,8.667274523517884410e-03
2.587500000000000000e+01,1.580443154842729389e-02
2.589583333333333215e+01,7.405345729346530896e-03
2.591666666666666430e+01,2.484013061480930349e-03
2.593750000000000000e+01,1.158444597728119918e-02
2.595833333333333215e+01,1.653379412338010918e-02
2.597916666666666430e+01,5.932119777511955447e-03
2.600000000000000000e+01,-1.338701032462790786e-03
2.602083333333333215e+01,7.344689421806319639e-03
2.604166666666666430e+01,1.321380711039334653e-02
2.606250000000000000e+01,3.468702891816210880e-03
2.608333333333333215e+01,-2.929913550741846361e-03
2.610416666666666430e+01,6.691759454808782898e-03
2.612500000000000000e+01,1.352779377390852557e-02
2.614583333333333215e+01,4.715759756071215107e-03
2.616666666666666430e+01,-9.016857364364016039e-04
2.618750000000000000e+01,9.451502831624339351e-03
2.620833333333333215e+01,1.693114250188029746e-02
2.622916666666666430e+01,8.772032046577029479e-03
2.625000000000000000e+01,4.128046891525277880e-03
2.627083333333333215e+01,1.240896335883280924e-02
2.629166666666666430e+01,1.548848357705059908e-02
2.631250000000000000e+01,2.991987603061900102e-03
2.633333333333333215e+01,-5.968889283864044042e-03
2.635416666666666430e+01,9.603387160753794729e-04
2.637500000000000000e+01,4.801641533959097145e-03
2.639583333333333215e+01,-5.645817523574713989e-03
2.641666666666666430e+01,-1.180498210211894036e-02
2.643750000000000000e+01,-2.240235327825028985e-03
2.645833333333333215e+01,4.084030530400864500e-03
2.647916666666666430e+01,-5.118617668274910888e-03
2.650000000000000000e+01,-1.077203908373191785e-02
2.652083333333333215e+01,-5.553725683116193844e-04
2.654166666666666430e+01,6.743205848893943366e-03
2.656250000000000000e+01,-1.504464687220618581e-03
2.658333333333333215e+01,-6.396252126448014226e-03
2.660416666666666430e+01,4.644174537782770618e-03
2.662500000000000000e+01,1.296921600990592199e-02
2.664583333333333215e+01,5.712148608331726364e-03
2.666666666666666430e+01,1.522169730536534994e-03
2.668750000000000000e+01,1.048077310933841211e-02
2.670833333333333215e+01,1.474249629313271505e-02
2.672916666666666430e+01,3.357260655967659029e-03
2.675000000000000000e+01,-4.960295546433068047e-03
2.677083333333333215e+01,2.637322053375980389e-03
2.679166666666666430e+01,7.058038839163061073e-03
2.681250000000000000e+01,-4.191997924156846793e-03
2.683333333333333215e+01,-1.229859867772848878e-02
2.685416666666666430e+01,-4.571552611145725600e-03
2.687500000000000000e+01,-3.382332324489327273e-05
2.689583333333333215e+01,-9.298126117681063119e-03
2.691666666666666430e+01,-1.417495602454125515e-02
2.693750000000000000e+01,-3.224224853516627961e-03
2.695833333333333215e+01,4.395573713847044685e-03
2.697916666666666430e+01,-3.637008944856718207e-03
2.700000000000000000e+01,-8.399497888997995571e-03
2.702083333333333215e+01,2.626864988342732764e-03
2.704166666666666430e+01,1.049987280784204537e-02
2.706250000000000000e+01,2.892594871651021395e-03
2.708333333333333215e+01,-1.402253978349939480e-03
2.710416666666666430e+01,8.393198850832787189e-03
2.712500000000000000e+01,1.414619377492670402e-02
2.714583333333333215e+01,4.415859772326926648e-03
2.716666666666666430e+01,-2.023036179904751011e-03
2.718750000000000000e+01,7.502554782644158503e-03
2.720833333333333215e+01,1.404594623737479703e-02
2.722916666666666430e+01,5.140083893807691207e-03
2.725000000000000000e+01,-4.086069987221916961e-04
2.727083333333333215e+01,1.000392553672797835e-02
2.729166666666666430e+01,1.740959989080297435e-02
2.731250000000000000e+01,9.347537107374202792e-03
2.733333333333333215e+01,4.644365261053848802e-03
2.735416666666666430e+01,1.278681303208111138e-02
2.737500000000000000e+01,1.587198799088055182e-02
2.739583333333333215e+01,3.351694378081472494e-03
2.741666666666666430e+01,-5.854365938575141481e-03
2.743750000000000000e+01,8.367059770320636313e-04
2.745833333333333215e+01,4.491516771138161224e-03
2.747916666666666430e+01,-5.909676489061166556e-03
2.750000000000000000e+01,-1.186820870477991660e-02
2.752083333333333215e+01,-1.703134347367932623e-03
2.754166666666666430e+01,5.433326400743636667e-03
2.756250000000000000e+01,-3.089829830835626092e-03
2.758333333333333215e+01,-8.209979166319597912e-03
2.760416666666666430e+01,2.954927320860940669e-03
2.762500000000000000e+01,1.108839935923510399e-02
2.764583333333333215e+01,3.515139009697627274e-03
2.766666666666666430e+01,-6.149274671754491805e-04
2.768750000000000000e+01,9.265790032821984157e-03
2.770833333333333215e+01,1.459118625634736252e-02
2.772916666666666430e+01,4.306442806572417098e-03
2.775000000000000000e+01,-2.617281996140190681e-03
2.777083333333333215e+01,6.344937302007791317e-03
2.779166666666666430e+01,1.228052708442451020e-02
2.781250000000000000e+01,2.694717777306994931e-03
2.783333333333333215e+01,-3.560796827928668952e-03
2.785416666666666430e+01,6.182750053555287686e-03
2.787500000000000000e+01,1.292921612278882630e-02
2.789583333333333215e+01,4.293558699518934367e-03
2.791666666666666430e+01,-1.012460067200144070e-03
2.793750000000000000e+01,9.423101950342365266e-03
2.795833333333333215e+01,1.688841050468714577e-02
2.797916666666666430e+01,8.777274835863203145e-03
2.800000000000000000e+01,3.934210032864995064e-03
2.802083333333333215e+01,1.218511045632206073e-02
2.804166666666666430e+01,1.557810247386287074e-02
2.806250000000000000e+01,3.103180620815014935e-03
2.808333333333333215e+01,-6.169254443850922046e-03
2.810416666666666430e+01,2.150555432361011968e-04
2.812500000000000000e+01,3.526059582398763555e-03
2.814583333333333215e+01,-6.349616338621608819e-03
2.816666666666666430e+01,-1.121120202747816555e-02
2.818750000000000000e+01,-3.510691006912405789e-04
2.820833333333333215e+01,7.420475251961074561e-03
2.822916666666666430e+01,-5.274460070749441374e-04
2.825000000000000000e+01,-5.313793234975258684e-03
2.827083333333333215e+01,5.471564689053565883e-03
2.829166666666666430e+01,1.319875720030462725e-02
2.831250000000000000e+01,5.123380240073270586e-03
2.833333333333333215e+01,3.013068667711103353e-04
2.835416666666666430e+01,9.922297657689755149e-03
2.837500000000000000e+01,1.556787169810177306e-02
2.839583333333333215e+01,5.429906934268083872e-03
2.841666666666666430e+01,-1.403437254299613702e-03
2.843750000000000000e+01,7.455559599178887553e-03
2.845833333333333215e+01,1.321967388700157758e-02
2.847916666666666430e+01,3.251340337408696601e-03
2.850000000000000000e+01,-3.628046467623476622e-03
2.852083333333333215e+01,5.085034173938473429e-03
2.854166666666666430e+01,1.061134684431109566e-02
2.856250000000000000e+01,2.428638194730129481e-04
2.858333333333333215e+01,-7.171524166283934840e-03
2.860416666666666430e+01,9.737395866720448701e-04
2.862500000000000000e+01,5.757125568553537673e-03
2.864583333333333215e+01,-5.603995488958447152e-03
2.866666666666666430e+01,-1.394482592722145163e-02
2.868750000000000000e+01,-6.725986680967095850e-03
2.870833333333333215e+01,-2.906376777359597277e-03
2.872916666666666430e+01,-1.102960441577961921e-02
2.875000000000000000e+01,-1.337291884890914016e-02
2.877083333333333215e+01,-1.004433500643437185e-03
2.879166666666666430e+01,7.593505694854222297e-03
2.881250000000000000e+01,4.068497592607458893e-04
2.883333333333333215e+01,-3.790373476363522072e-03
2.885416666666666430e+01,6.439800109325489498e-03
2.887500000000000000e+01,1.267147188391120997e-02
2.889583333333333215e+01,2.971065067655209290e-03
2.891666666666666430e+01,-3.722146030645034215e-03
2.893750000000000000e+01,4.997130050322985163e-03
2.895833333333333215e+01,1.035263223878219938e-02
2.897916666666666430e+01,-1.171468927350228481e-04
2.900000000000000000e+01,-7.592788006697340220e-03
2.902083333333333215e+01,6.411362898429052602e-04
2.904166666666666430e+01,5.593956234391739279e-03
2.906250000000000000e+01,-5.287451870935670241e-03
2.908333333333333215e+01,-1.307225203111754032e-02
2.910416666666666430e+01,-5.281306346416315273e-03
2.912500000000000000e+01,-1.058806514579163595e-03
2.914583333333333215e+01,-1.007568625446667726e-02
2.916666666666666430e+01,-1.431024487216847607e-02
2.918750000000000000e+01,-2.964942266591826230e-03
2.920833333333333215e+01,4.877830319814025622e-03
2.922916666666666430e+01,-3.246445377245479793e-03
2.925000000000000000e+01,-8.341089220484147748e-03
2.927083333333333215e+01,2.180954874329337802e-03
2.929166666666666430e+01,9.438753652664390661e-03
2.931250000000000000e+01,8.017326899811063083e-04
2.933333333333333215e+01,-4.747295396383882649e-03
2.935416666666666430e+01,5.357722593958007436e-03
2.937500000000000000e+01,1.236570652150253968e-02
2.939583333333333215e+01,3.583651568083436392e-03
2.941666666666666430e+01,-1.916925204875577320e-03
2.943750000000000000e+01,8.223210566400619009e-03
2.945833333333333215e+01,1.527890361843498718e-02
2.947916666666666430e+01,6.733345648513495464e-03
2.950000000000000000e+01,1.267456170778848883e-03
2.952083333333333215e+01,1.075806117444460218e-02
2.954166666666666430e+01,1.675910525779844215e-02
2.956250000000000000e+01,7.040851660465666413e-03
2.958333333333333215e+01,2.603260417637281781e-04
2.960416666666666430e+01,8.944725040952533623e-03
2.962500000000000000e+01,1.431508420765690952e-02
2.964583333333333215e+01,3.698959648243495702e-03
2.966666666666666430e+01,-3.933290608862186240e-03
2.968750000000000000e+01,3.808451551275245529e-03
2.970833333333333215e+01,8.282886535451233420e-03
2.972916666666666430e+01,-3.030270931354605689e-03
2.975000000000000000e+01,-1.139037533379302740e-02
2.977083333333333215e+01,-4.295533706091434270e-03
2.979166666666666430e+01,-4.890405660839911451e-04
2.981250000000000000e+01,-9.355278627991963844e-03
2.983333333333333215e+01,-1.301870012678405138e-02
2.985416666666666430e+01,-1.165901427718669730e-03
2.987500000000000000e+01,7.330022814820163005e-03
2.989583333333333215e+01,-2.138281588110096715e-04
2.991666666666666430e+01,-4.762616861650681259e-03
2.993750000000000000e+01,6.183997203032013182e-03
2.995833333333333215e+01,1.375486714739257085e-02
2.997916666666666430e+01,5.338640820591952427e-03
3.000000000000000000e+01,-5.528484672851735984e-05
3.002083333333333215e+01,9.871673548925251687e-03
3.004166666666666430e+01,1.625235409413507831e-02
3.006250000000000000e+01,6.484169991070269819e-03
3.008333333333333215e+01,-2.383078432665841585e-04
3.010416666666666430e+01,8.619427787095833640e-03
3.012500000000000000e+01,1.403730842278501888e-02
3.014583333333333215e+01,3.523792775418036621e-03
3.016666666666666430e+01,-3.889661116892176914e-03
3.018750000000000000e+01,4.288584610336667290e-03
3.020833333333333215e+01,9.082641444997430202e-03
3.022916666666666430e+01,-2.280402230237457521e-03
3.025000000000000000e+01,-1.062886790482201090e-02
3.027083333333333215e+01,-3.417466566294765935e-03
3.029166666666666430e+01,3.961267440554062176e-04
3.031250000000000000e+01,-8.916936940850734433e-03
3.033333333333333215e+01,-1.332651870804275364e-02
3.035416666666666430e+01,-2.049224160612395443e-03
3.037500000000000000e+01,5.874400550106300897e-03
3.039583333333333215e+01,-2.122297396218794305e-03
3.041666666666666430e+01,-7.044332694348232927e-03
3.043750000000000000e+01,4.011377327333961150e-03
3.045833333333333215e+01,1.173362475325359297e-02
3.047916666666666430e+01,3.618472024032705261e-03
3.050000000000000000e+01,-1.405455401543523808e-03
3.052083333333333215e+01,8.921331069697479785e-03
3.054166666666666430e+01,1.574814464645883302e-02
3.056250000000000000e+01,6.920633029208251956e-03
3.058333333333333215e+01,1.166670085136239715e-03
3.060416666666666430e+01,1.118711479353431612e-02
3.062500000000000000e+01,1.794353014227201282e-02
3.064583333333333215e+01,9.012331084225198158e-03
3.066666666666666430e+01,3.170589982010081891e-03
3.068750000000000000e+01,1.237449819909926772e-02
3.070833333333333215e+01,1.798854918673311112e-02
3.072916666666666430e+01,7.938120497871148720e-03
3.075000000000000000e+01,8.649090657089262245e-04
3.077083333333333215e+01,9.602785294723137355e-03
3.079166666666666430e+01,1.508554119732832821e-02
3.081250000000000000e+01,4.780880306788461327e-03
3.083333333333333215e+01,-2.427152412279664963e-03
3.085416666666666430e+01,6.225387669419484016e-03
3.087500000000000000e+01,1.158424133780383385e-02
3.089583333333333215e+01,1.181823398642415984e-03
3.091666666666666430e+01,-6.116897104397117299e-03
3.093750000000000000e+01,2.376991632624259575e-03
3.095833333333333215e+01,7.744140943943459907e-03
3.097916666666666430e+01,-2.506752562640273893e-03
3.100000000000000000e+01,-9.619218757217563517e-03
3.102083333333333215e+01,-8.318290877356782813e-04
3.104166666666666430e+01,4.717119188881548943e-03
3.106250000000000000e+01,-5.424991056757248742e-03
3.108333333333333215e+01,-1.248073912291052315e-02
3.110416666666666430e+01,-3.788711028245038415e-03
3.112500000000000000e+01,1.766341082721852853e-03
3.114583333333333215e+01,-8.267043319646831534e-03
3.116666666666666430e+01,-1.520941077852544510e-02
3.118750000000000000e+01,-6.292248996948419069e-03
3.120833333333333215e+01,-6.439693999251962448e-04
3.122916666666666430e+01,-1.066557636593446629e-02
3.125000000000000000e+01,-1.753082253368076077e-02
3.127083333333333215e+01,-8.584716754138332559e-03
3.129166666666666430e+01,-2.857964013062695621e-03
3.131250000000000000e+01,-1.204351913498609254e-02
3.133333333333333215e+01,-1.765891687900494889e-02
3.135416666666666430e+01,-7.522665256733039769e-03
3.137500000000000000e+01,-6.102338778448349738e-04
3.139583333333333215e+01,-9.320627061635711891e-03
3.141666666666666430e+01,-1.496363864900189695e-02
3.143750000000000000e+01,-4.909552396225310561e-03
3.145833333333333215e+01,2.006259256181789578e-03
3.147916666666666430e+01,-6.647698263742733010e-03
3.150000000000000000e+01,-1.223679112129125862e-02
3.152083333333333215e+01,-1.986344746424938482e-03
3.154166666666666430e+01,4.985808299007040041e-03
3.156250000000000000e+01,-3.890643563705956532e-03
3.158333333333333215e+01,-9.662716647377170981e-03
3.160416666666666430e+01,5.459966913335036632e-04
3.162500000000000000e+01,7.455868456370155252e-03
3.164583333333333215e+01,-1.528457203801163438e-03
3.166666666666666430e+01,-7.391724104612797282e-03
3.168750000000000000e+01,2.611893840752316839e-03
3.170833333333333215e+01,9.295308592092658279e-03
3.172916666666666430e+01,2.579380847385358863e-04
3.175000000000000000e+01,-5.669964031045596209e-03
3.177083333333333215e+01,4.078988590071015892e-03
3.179166666666666430e+01,1.068354605959435238e-02
3.181250000000000000e+01,1.752167959931037874e-03
3.183333333333333215e+01,-4.074554934483673799e-03
3.185416666666666430e+01,5.879690444038594872e-03
3.187500000000000000e+01,1.263097254485888964e-02
3.189583333333333215e+01,3.767721973488410894e-03
3.191666666666666430e+01,-2.059430136765568603e-03
3.193750000000000000e+01,7.782397773239487122e-03
3.195833333333333215e+01,1.446838089799665217e-02
3.197916666666666430e+01,5.622810351352136408e-03
3.200000000000000000e+01,-1.756681044854876712e-04
3.202083333333332860e+01,9.771357088588825124e-03
3.204166666666666430e+01,1.646688697610253563e-02
3.206250000000000000e+01,7.397980412141344671e-03
3.208333333333332860e+01,1.378046183122658705e-03
3.210416666666666430e+01,1.117488122463744689e-02
3.212500000000000000e+01,1.769411769636576245e-02
3.214583333333332860e+01,8.502157238181711971e-03
3.216666666666666430e+01,2.386711717066376456e-03
3.218750000000000000e+01,1.193345820583027739e-02
3.220833333333332860e+01,1.826066113492630372e-02
3.222916666666666430e+01,8.967996382710903547e-03
3.225000000000000000e+01,2.749431492475670150e-03
3.227083333333332860e+01,1.232376776451188025e-02
3.229166666666666430e+01,1.861305796595093265e-02
3.231250000000000000e+01,9.123372520579688116e-03
3.233333333333332860e+01,2.729090911922059121e-03
3.235416666666666430e+01,1.220413033845417321e-02
3.237500000000000000e+01,1.840564143321418017e-02
3.239583333333332860e+01,8.857362296807756025e-03
3.241666666666666430e+01,2.415705315487447560e-03
3.243750000000000000e+01,1.162214403514118255e-02
3.245833333333332860e+01,1.752131066452456212e-02
3.247916666666666430e+01,7.658432794719246747e-03
3.250000000000000000e+01,7.965670763262009801e-04
3.252083333333332860e+01,9.749617062968042591e-03
3.254166666666666430e+01,1.542367200724324185e-02
3.256250000000000000e+01,5.351100801475604761e-03
3.258333333333332860e+01,-1.628364241767577946e-03
3.260416666666666430e+01,7.201016798812003711e-03
3.262500000000000000e+01,1.288267802331369977e-02
3.264583333333332860e+01,2.897781747827825154e-03
3.266666666666666430e+01,-4.000323713127661163e-03
3.268750000000000000e+01,5.029603636867608675e-03
3.270833333333332860e+01,1.077825177096101462e-02
3.272916666666666430e+01,6.799575975858277409e-04
3.275000000000000000e+01,-6.310414672014118265e-03
3.277083333333332860e+01,2.620668638312496652e-03
3.279166666666666430e+01,8.267786313826819625e-03
3.281250000000000000e+01,-1.876101184239082134e-03
3.283333333333332860e+01,-8.943058581437549406e-03
3.285416666666666430e+01,-2.739268711524649094e-04
3.287500000000000000e+01,5.241617870136300317e-03
3.289583333333332860e+01,-4.846292426364325230e-03
3.291666666666666430e+01,-1.170952293999619719e-02
3.293750000000000000e+01,-2.673984832825157705e-03
3.295833333333332860e+01,3.389853406991898913e-03
3.297916666666666430e+01,-6.112660428885469469e-03
3.300000000000000000e+01,-1.222753805864568340e-02
3.302083333333332860e+01,-2.278486209915999653e-03
3.304166666666666430e+01,4.594366946947080546e-03
3.306250000000000000e+01,-3.991969321372019000e-03
3.308333333333332860e+01,-9.285420239128528569e-03
3.310416666666666430e+01,1.264703344804652112e-03
3.312500000000000000e+01,8.852474592717247612e-03
3.314583333333332860e+01,1.029830616202639503e-03
3.316666666666666430e+01,-3.447113405887061721e-03
3.318750000000000000e+01,7.470488259874751014e-03
3.320833333333332860e+01,1.503115791623563582e-02
3.322916666666666430e+01,7.210763282882132023e-03
3.325000000000000000e+01,2.674238494050676894e-03
3.327083333333332860e+01,1.128565069381890808e-02
3.329166666666666430e+01,1.517384440688979846e-02
3.331250000000000000e+01,3.572378954509998136e-03
3.333333333333332860e+01,-4.732665908743314588e-03
3.335416666666666430e+01,3.072273168210227796e-03
3.337500000000000000e+01,7.923780304742137834e-03
3.339583333333332860e+01,-2.815348383995247561e-03
3.341666666666666430e+01,-1.017886778673620859e-02
3.343750000000000000e+01,-1.378206302214121442e-03
3.345833333333332860e+01,4.426835872226296889e-03
3.347916666666666430e+01,-5.313004644467420913e-03
3.350000000000000000e+01,-1.166246106030467342e-02
3.352083333333332860e+01,-2.093616122577413464e-03
3.354166666666666430e+01,4.450793354529499271e-03
3.356250000000000000e+01,-4.527966966387746324e-03
3.358333333333332860e+01,-1.016189430823138604e-02
3.360416666666666430e+01,3.243311036680834717e-04
3.362500000000000000e+01,7.821816630610389093e-03
3.364583333333332860e+01,-2.272131596293739634e-04
3.366666666666666430e+01,-4.891381017854696221e-03
3.368750000000000000e+01,6.493418428494928708e-03
3.370833333333332860e+01,1.484698839608280564e-02
3.372916666666666430e+01,7.783372176418688893e-03
3.375000000000000000e+01,3.820876484180133446e-03
3.377083333333332860e+01,1.143881776893508270e-02
3.379166666666666430e+01,1.338375727136136527e-02
3.381250000000000000e+01,1.114921016716199876e-03
3.383333333333332860e+01,-6.947140595440293512e-03
3.385416666666666430e+01,7.812508947557690858e-04
3.387500000000000000e+01,5.432419523171320465e-03
3.389583333333332860e+01,-5.747703421753175626e-03
3.391666666666666430e+01,-1.361891820963193923e-02
3.393750000000000000e+01,-5.837639579976563672e-03
3.395833333333332860e+01,-1.314760292866065921e-03
3.397916666666666430e+01,-1.028959237416357531e-02
3.400000000000000000e+01,-1.441208746287169287e-02
3.402083333333332860e+01,-2.917006705376753301e-03
3.404166666666666430e+01,5.286696573438288624e-03
3.406250000000000000e+01,-2.261595788240554350e-03
3.408333333333332860e+01,-6.386411624767585581e-03
3.410416666666666430e+01,5.018239737367664183e-03
3.412500000000000000e+01,1.313489475465291940e-02
3.414583333333332860e+01,5.430457354573575875e-03
3.416666666666666430e+01,8.789840419042064222e-04
3.418750000000000000e+01,9.985157386361310713e-03
3.420833333333332860e+01,1.476064720827716462e-02
3.422916666666666430e+01,3.670870691375365934e-03
3.425000000000000000e+01,-4.414048163852437971e-03
3.427083333333332860e+01,3.247857470874454273e-03
3.429166666666666430e+01,8.047172698446968669e-03
3.431250000000000000e+01,-3.019132052014475952e-03
3.433333333333332860e+01,-1.109319385035726149e-02
3.435416666666666430e+01,-3.476640453174432467e-03
3.437500000000000000e+01,1.140485037952915660e-03
3.439583333333332860e+01,-8.999869639995557169e-03
3.441666666666666430e+01,-1.525652041934564239e-02
3.443750000000000000e+01,-5.822827760647867647e-03
3.445833333333332860e+01,5.255156812749242233e-04
3.447916666666666430e+01,-8.979641374392688738e-03
3.450000000000000000e+01,-1.524416556295361998e-02
3.452083333333332860e+01,-5.843066232026256773e-03
3.454166666666666430e+01,3.528149906377862802e-04
3.456250000000000000e+01,-9.225892478241121478e-03
3.458333333333332860e+01,-1.555052720022681578e-02
3.460416666666666430e+01,-6.283879477741998766e-03
3.462500000000000000e+01,-2.628935903491211421e-04
3.464583333333332860e+01,-1.000901417399283240e-02
3.466666666666666430e+01,-1.635598902575016028e-02
3.468750000000000000e+01,-7.059324398325588293e-03
3.470833333333332860e+01,-9.683230396379690057e-04
3.472916666666666430e+01,-1.069522370602173610e-02
3.475000000000000000e+01,-1.718554687390325131e-02
3.477083333333332860e+01,-8.029113291002918859e-03
3.479166666666666430e+01,-1.971705027336497027e-03
3.481250000000000000e+01,-1.176776978191920210e-02
3.483333333333332860e+01,-1.847284751637816302e-02
3.485416666666666430e+01,-9.516831922071304628e-03
3.487500000000000000e+01,-3.542547620548037925e-03
3.489583333333332860e+01,-1.279767440172351403e-02
3.491666666666666430e+01,-1.866825467160751137e-02
3.493750000000000000e+01,-8.713600456703241362e-03
3.495833333333332860e+01,-1.588715402173570147e-03
3.497916666666666430e+01,-1.029140738308514241e-02
3.500000000000000000e+01,-1.585915873359807979e-02
3.502083333333332860e+01,-5.684886438160599922e-03
3.504166666666666430e+01,1.497290586140310629e-03
3.506250000000000000e+01,-7.197248460377498984e-03
3.508333333333332860e+01,-1.269012818412994931e-02
3.510416666666666430e+01,-2.504103683802533405e-03
3.512500000000000000e+01,4.477748506851421222e-03
3.514583333333332860e+01,-4.350141328194721477e-03
3.516666666666666430e+01,-1.005163572691704713e-02
3.518750000000000000e+01,-2.959792863199065113e-04
3.520833333333332860e+01,6.136420353415426333e-03
3.522916666666666430e+01,-3.072149271573087516e-03
3.525000000000000000e+01,-9.321583587945370813e-03
3.527083333333332860e+01,-1.877304180474950789e-04
3.529166666666666430e+01,5.677035048931459126e-03
3.531250000000000000e+01,-4.201823421330077961e-03
3.533333333333332860e+01,-1.109097922941024335e-02
3.535416666666666430e+01,-2.553441881550712247e-03
3.537500000000000000e+01,2.666057101676265820e-03
3.539583333333332860e+01,-8.092083049727400931e-03
3.541666666666666430e+01,-1.585458274134208048e-02
3.543750000000000000e+01,-8.220658429305456247e-03
3.545833333333332860e+01,-3.879553390158842728e-03
3.547916666666666430e+01,-1.179123128500648120e-02
3.550000000000000000e+01,-1.436384661854869620e-02
3.552083333333332860e+01,-1.407122456064299407e-03
3.554166666666666430e+01,8.224840985140190533e-03
3.556250000000000000e+01,1.715538457242533291e-03
3.558333333333332860e+01,-1.819775093460694517e-03
3.560416666666666430e+01,7.540685945610172726e-03
3.562500000000000000e+01,1.172034298996995315e-02
3.564583333333332860e+01,-2.275895095332273706e-04
3.566666666666666430e+01,-9.151990249180695647e-03
3.568750000000000000e+01,-2.571346629277910557e-03
3.570833333333332860e+01,6.928575920860169986e-04
3.572916666666666430e+01,-8.123132918138733366e-03
3.575000000000000000e+01,-1.141706446349057859e-02
3.577083333333332860e+01,9.474036856545298797e-04
3.579166666666666430e+01,9.960650421803862384e-03
3.581250000000000000e+01,2.990674363226046052e-03
3.583333333333332860e+01,-8.587907608806122145e-04
3.585416666666666430e+01,8.501597615380133630e-03
3.587500000000000000e+01,1.273521170492737491e-02
3.589583333333332860e+01,1.001324212746109842e-03
3.591666666666666430e+01,-7.517414351303481138e-03
3.593750000000000000e+01,-2.873456871667795813e-04
3.595833333333332860e+01,3.488642520893767921e-03
3.597916666666666430e+01,-6.494105668043984730e-03
3.600000000000000000e+01,-1.193350093946934747e-02
3.602083333333332860e+01,-1.584210134478527448e-03
3.604166666666666430e+01,5.383041342016899045e-03
3.606250000000000000e+01,-3.276458494845699895e-03
3.608333333333332860e+01,-8.694782896002088354e-03
3.610416666666666430e+01,1.702612792537605470e-03
3.612500000000000000e+01,8.925428868025678253e-03
3.614583333333332860e+01,5.426912815707808906e-04
3.616666666666666430e+01,-4.755496683294841397e-03
3.618750000000000000e+01,5.796065864416215241e-03
3.620833333333332860e+01,1.322806008965984881e-02
3.622916666666666430e+01,4.994005086619953543e-03
3.625000000000000000e+01,-2.320148112600980582e-04
3.627083333333332860e+01,1.004901301943050308e-02
3.629166666666666430e+01,1.710698395492554411e-02
3.631250000000000000e+01,8.464209360963825118e-03
3.633333333333332860e+01,2.806010802899439483e-03
3.635416666666666430e+01,1.239252287585794997e-02
3.637500000000000000e+01,1.855302002400956163e-02
3.639583333333332860e+01,9.019909623743545962e-03
3.641666666666666430e+01,2.333133486233930978e-03
3.643750000000000000e+01,1.132743900435449931e-02
3.645833333333332860e+01,1.736036167220543838e-02
3.647916666666666430e+01,7.516698731395577392e-03
3.650000000000000000e+01,4.189996650784821733e-04
3.652083333333332860e+01,9.059595539320510274e-03
3.654166666666666430e+01,1.457203651829811798e-02
3.656250000000000000e+01,4.066953415258752619e-03
3.658333333333332860e+01,-3.623995690782453021e-03
3.660416666666666430e+01,4.319973213332546462e-03
3.662500000000000000e+01,8.764827557255973345e-03
3.664583333333332860e+01,-2.738604592857017770e-03
3.666666666666666430e+01,-1.105711440934664842e-02
3.668750000000000000e+01,-3.789467530859465250e-03
3.670833333333332860e+01,-1.645211467827976601e-04
3.672916666666666430e+01,-8.983158991940685609e-03
3.675000000000000000e+01,-1.240044094298595710e-02
3.677083333333332860e+01,-2.562465599694586731e-04
3.679166666666666430e+01,8.610696771284093165e-03
3.681250000000000000e+01,1.630153009419989816e-03
3.683333333333332860e+01,-2.198855859858333834e-03
3.685416666666666430e+01,7.459306196575087554e-03
3.687500000000000000e+01,1.265312674641494266e-02
3.689583333333332860e+01,2.180689851342932327e-03
3.691666666666666430e+01,-5.104761267902069646e-03
3.693750000000000000e+01,3.090008578569652681e-03
3.695833333333332860e+01,8.243128899908759230e-03
3.697916666666666430e+01,-2.143659649146304001e-03
3.700000000000000000e+01,-9.445282207027722379e-03
3.702083333333332860e+01,-1.339233801110440141e-03
3.704166666666666430e+01,3.682219268480966222e-03
3.706250000000000000e+01,-7.010180621565611885e-03
3.708333333333332860e+01,-1.449247339152602738e-02
3.710416666666666430e+01,-6.402861510050023193e-03
3.712500000000000000e+01,-1.367085995294467808e-03
3.714583333333332860e+01,-1.051305076686562950e-02
3.716666666666666430e+01,-1.556560900019658515e-02
3.718750000000000000e+01,-5.066909722867348961e-03
3.720833333333332860e+01,2.289710320009838429e-03
3.722916666666666430e+01,-6.253529973392752545e-03
3.725000000000000000e+01,-1.158158817491970749e-02
3.727083333333332860e+01,-1.178987226018861226e-03
3.729166666666666430e+01,6.130416003683305040e-03
3.731250000000000000e+01,-2.459982973863421643e-03
3.733333333333332860e+01,-7.768207448728103350e-03
3.735416666666666430e+01,2.735536610337763186e-03
3.737500000000000000e+01,1.013383196543216069e-02
3.739583333333332860e+01,1.754233548361353295e-03
3.741666666666666430e+01,-3.451924191864784355e-03
3.743750000000000000e+01,7.024961910879872970e-03
3.745833333333332860e+01,1.432556762038426391e-02
3.747916666666666430e+01,5.624739997269596024e-03
3.750000000000000000e+01,7.362980244211181802e-05
3.752083333333332860e+01,1.028206879106292881e-02
3.754166666666666430e+01,1.728678084572850271e-02
3.756250000000000000e+01,8.241007414582718696e-03
3.758333333333332860e+01,2.346671056403391332e-03
3.760416666666666430e+01,1.200791131034710697e-02
3.762500000000000000e+01,1.826252388804196214e-02
3.764583333333332860e+01,8.463714090866943096e-03
3.766666666666666430e+01,1.655368993910592010e-03
3.768750000000000000e+01,1.052849375457985334e-02
3.770833333333332860e+01,1.600111548501638448e-02
3.772916666666666430e+01,5.452545876055841199e-03
3.775000000000000000e+01,-2.024352433992876888e-03
3.777083333333332860e+01,5.987221899356897151e-03
3.779166666666666430e+01,1.067027790605037767e-02
3.781250000000000000e+01,-4.664573291985872096e-04
3.783333333333332860e+01,-8.600583502332587171e-03
3.785416666666666430e+01,-1.250857823945782012e-03
3.787500000000000000e+01,2.774933196950118367e-03
3.789583333333332860e+01,-7.506262313891584256e-03
3.791666666666666430e+01,-1.368015845955095934e-02
3.793750000000000000e+01,-4.524314931941131671e-03
3.795833333333332860e+01,1.406594408023139958e-03
3.797916666666666430e+01,-8.388077922216472318e-03
3.800000000000000000e+01,-1.523304540766747851e-02
3.802083333333332860e+01,-6.695286235875720811e-03
3.804166666666666430e+01,-1.480315831532236573e-03
3.806250000000000000e+01,-1.108842031890788782e-02
3.808333333333332860e+01,-1.694306822678086008e-02
3.810416666666666430e+01,-7.349846875256990306e-03
3.812500000000000000e+01,-1.130599812607371510e-03
3.814583333333332860e+01,-1.077853989217449245e-02
3.816666666666666430e+01,-1.742281222870461013e-02
3.818750000000000000e+01,-8.527820732294024222e-03
3.820833333333332860e+01,-2.926824465662065510e-03
3.822916666666666430e+01,-1.224290115664100273e-02
3.825000000000000000e+01,-1.785307156331296038e-02
3.827083333333332860e+01,-8.053036709988463382e-03
3.829166666666666430e+01,-1.568665203477616170e-03
3.831250000000000000e+01,-1.090186036396973042e-02
3.833333333333332860e+01,-1.724032722378374821e-02
3.835416666666666430e+01,-7.959453050681504147e-03
3.837500000000000000e+01,-1.989759085393712299e-03
3.839583333333332860e+01,-1.201334339727478523e-02
3.841666666666666430e+01,-1.894011276685750658e-02
3.843750000000000000e+01,-1.029954207603943871e-02
3.845833333333332860e+01,-5.046168761516671951e-03
3.847916666666666430e+01,-1.334508181408168397e-02
3.850000000000000000e+01,-1.698014973261035773e-02
3.852083333333332860e+01,-5.061363501739104404e-03
3.854166666666666430e+01,3.440453965667251458e-03
3.856250000000000000e+01,-4.174824815618254081e-03
3.858333333333332860e+01,-8.732154453721189744e-03
3.860416666666666430e+01,2.345928593558153745e-03
3.862500000000000000e+01,1.000066738086351908e-02
3.864583333333332860e+01,1.548558399727271041e-03
3.866666666666666430e+01,-3.847754330029023746e-03
3.868750000000000000e+01,6.309927930188584042e-03
3.870833333333332860e+01,1.307448108866419642e-02
3.872916666666666430e+01,3.926707432311605551e-03
3.875000000000000000e+01,-2.199315292774530611e-03
3.877083333333332860e+01,7.162100014415224460e-03
3.879166666666666430e+01,1.316507347979527405e-02
3.881250000000000000e+01,3.091419310131971084e-03
3.883333333333332860e+01,-3.984446119390175692e-03
3.885416666666666430e+01,4.444021438395446937e-03
3.887500000000000000e+01,9.575866208419988451e-03
3.889583333333332860e+01,-1.252487247742660632e-03
3.891666666666666430e+01,-9.129755710424677234e-03
3.893750000000000000e+01,-1.630706817651038885e-03
3.895833333333332860e+01,2.592808815918563447e-03
3.897916666666666430e+01,-7.509489248046782167e-03
3.900000000000000000e+01,-1.369227987179085643e-02
3.902083333333332860e+01,-4.486115619854180725e-03
3.904166666666666430e+01,1.391413748888633162e-03
3.906250000000000000e+01,-8.744177836773127030e-03
3.908333333333332860e+01,-1.589321671482151616e-02
3.910416666666666430e+01,-7.549190036251823485e-03
3.912500000000000000e+01,-2.556474161742104938e-03
3.914583333333332860e+01,-1.157328163052425904e-02
3.916666666666666430e+01,-1.631084547645437685e-02
3.918750000000000000e+01,-5.502140274764154987e-03
3.920833333333332860e+01,2.000452322143189080e-03
3.922916666666666430e+01,-6.405845839105610805e-03
3.925000000000000000e+01,-1.180565574764328579e-02
3.927083333333332860e+01,-1.819037603093312180e-03
3.929166666666666430e+01,4.805552084588183941e-03
3.931250000000000000e+01,-4.410069541255356475e-03
3.933333333333332860e+01,-1.064405126713282440e-02
3.935416666666666430e+01,-1.470698802945750354e-03
3.937500000000000000e+01,4.415664867429988649e-03
3.939583333333332860e+01,-5.444356090250519753e-03
3.941666666666666430e+01,-1.230157833251082321e-02
3.943750000000000000e+01,-3.558352461038565701e-03
3.945833333333332860e+01,1.890062459602285562e-03
3.947916666666666430e+01,-8.389807174139731274e-03
3.950000000000000000e+01,-1.557747372112314524e-02
3.952083333333332860e+01,-6.819511670102612610e-03
3.954166666666666430e+01,-1.344539422377317430e-03
3.956250000000000000e+01,-1.101492635695840508e-02
3.958333333333332860e+01,-1.707258991353968053e-02
3.960416666666666430e+01,-7.152711858816758125e-03
3.962500000000000000e+01,-5.314483274192739965e-04
3.964583333333332860e+01,-9.752970626028817022e-03
3.966666666666666430e+01,-1.585772822161748280e-02
3.968750000000000000e+01,-6.122255896904446604e-03
3.970833333333332860e+01,4.566541561502310059e-04
3.972916666666666430e+01,-8.606209314185063464e-03
3.975000000000000000e+01,-1.457983126695529610e-02
3.977083333333332860e+01,-4.765060000742889906e-03
3.979166666666666430e+01,1.733170360123959973e-03
3.981250000000000000e+01,-7.516783604661280219e-03
3.983333333333332860e+01,-1.367529913906107356e-02
3.985416666666666430e+01,-4.012980376164328178e-03
3.987500000000000000e+01,2.402380990172388060e-03
3.989583333333332860e+01,-6.919543556644717520e-03
3.991666666666666430e+01,-1.322422560418646219e-02
3.993750000000000000e+01,-3.874833510725167723e-03
3.995833333333332860e+01,2.351102997100686619e-03
3.997916666666666430e+01,-6.932641839817811451e-03
4.000000000000000000e+01,-1.298799173214977565e-02
4.002083333333332860e+01,-3.225905140929472351e-03
4.004166666666666430e+01,3.566384141513544506e-03
4.006250000000000000e+01,-5.049998329007831382e-03
4.008333333333332860e+01,-1.036244670813495604e-02
4.010416666666666430e+01,3.023035872055117768e-04
4.012500000000000000e+01,7.987030101422994133e-03
4.014583333333332860e+01,1.453529349834816289e-04
4.016666666666666430e+01,-4.325211358023087552e-03
4.018750000000000000e+01,7.019697878641052366e-03
4.020833333333332860e+01,1.519108672319895506e-02
4.022916666666666430e+01,7.914715081609060773e-03
4.025000000000000000e+01,3.971696364683080863e-03
4.027083333333332860e+01,1.172228385980302046e-02
4.029166666666666430e+01,1.375036681000675609e-02
4.031250000000000000e+01,1.284891352779762245e-03
4.033333333333332860e+01,-7.108721835225856496e-03
4.035416666666666430e+01,2.110630254242091197e-04
4.037500000000000000e+01,4.429157502670809897e-03
4.039583333333332860e+01,-6.459106718534539208e-03
4.041666666666666430e+01,-1.354573308513731290e-02
4.043750000000000000e+01,-4.860003557641658437e-03
4.045833333333332860e+01,7.349294751693948762e-04
4.047916666666666430e+01,-9.451951604969284840e-03
4.050000000000000000e+01,-1.648183170496271208e-02
4.052083333333332860e+01,-7.900415564975405910e-03
4.054166666666666430e+01,-2.384024485107189006e-03
4.056250000000000000e+01,-1.172996391557694362e-02
4.058333333333332860e+01,-1.715259173607808912e-02
4.060416666666666430e+01,-6.763198980408825084e-03
4.062500000000000000e+01,5.239178179536201378e-04
4.064583333333332860e+01,-8.092736642134694056e-03
4.066666666666666430e+01,-1.342297036805372400e-02
4.068750000000000000e+01,-2.972112074667610914e-03
4.070833333333332860e+01,4.376544525747641176e-03
4.072916666666666430e+01,-4.049492480515867569e-03
4.075000000000000000e+01,-9.310898092345972626e-03
4.077083333333332860e+01,1.012808713850006691e-03
4.079166666666666430e+01,8.267355129064679620e-03
4.081250000000000000e+01,-2.627118740328961881e-04
4.083333333333332860e+01,-5.538041584602704411e-03
4.085416666666666430e+01,4.901157882189168674e-03
4.087500000000000000e+01,1.225227596378984478e-02
4.089583333333332860e+01,3.922184078061156064e-03
4.091666666666666430e+01,-1.135728638549942651e-03
4.093750000000000000e+01,9.025976483860977118e-03
4.095833333333332860e+01,1.590302870080053874e-02
4.097916666666666430e+01,7.312940872659616856e-03
4.100000000000000000e+01,1.986876511981469206e-03
4.102083333333332860e+01,1.141298340509665568e-02
4.104166666666666430e+01,1.724180784017038948e-02
4.106250000000000000e+01,7.316678341225009256e-03
4.108333333333332860e+01,6.734502973368782343e-04
4.110416666666666430e+01,9.765297012343311309e-03
4.112500000000000000e+01,1.577639213781433306e-02
4.114583333333332860e+01,5.951746649444538892e-03
4.116666666666666430e+01,-6.019174080844828627e-04
4.118750000000000000e+01,8.565689137136118028e-03
4.120833333333332860e+01,1.464538269641525552e-02
4.122916666666666430e+01,5.028913800613683295e-03
4.125000000000000000e+01,-1.393235133508154882e-03
4.127083333333332860e+01,7.828349959189675675e-03
4.129166666666666430e+01,1.397003987752146008e-02
4.131250000000000000e+01,4.204966107789098913e-03
4.133333333333332860e+01,-2.280452041110917708e-03
4.135416666666666430e+01,7.440511289120444946e-03
4.137500000000000000e+01,1.373955405739670475e-02
4.139583333333332860e+01,3.037801834535527618e-03
4.141666666666666430e+01,-4.072371152771033648e-03
4.143750000000000000e+01,5.894545460351499275e-03
4.145833333333332860e+01,1.250600109320778967e-02
4.147916666666666430e+01,2.040886060314580589e-03
4.150000000000000000e+01,-4.964888156439046379e-03
4.152083333333332860e+01,4.843455105382058097e-03
4.154166666666666430e+01,1.138204777319233758e-02
4.156250000000000000e+01,1.131727109971065581e-03
4.158333333333332860e+01,-5.697222372225537769e-03
4.160416666666666430e+01,4.031509458261047993e-03
4.162500000000000000e+01,1.055232036743697019e-02
4.164583333333332860e+01,6.181066838479747690e-04
4.166666666666666430e+01,-6.070239141022487801e-03
4.168750000000000000e+01,3.501604331666567649e-03
4.170833333333332860e+01,9.744856111445428931e-03
4.172916666666666430e+01,-5.556209995034245208e-04
4.175000000000000000e+01,-7.781930420069338959e-03
4.177083333333332860e+01,1.206079974290085767e-03
4.179166666666666430e+01,6.712988267650168983e-03
4.181250000000000000e+01,-4.286491358394494550e-03
4.183333333333332860e+01,-1.211960566602042488e-02
4.185416666666666430e+01,-3.891017117326714403e-03
4.187500000000000000e+01,8.812191351399838732e-04
4.189583333333332860e+01,-9.884552979283391799e-03
4.191666666666666430e+01,-1.688246054999347975e-02
4.193750000000000000e+01,-7.962710623018518299e-03
4.195833333333332860e+01,-2.440938854172277749e-03
4.197916666666666430e+01,-1.217349375226944169e-02
4.200000000000000000e+01,-1.819456119975547750e-02
4.202083333333332860e+01,-8.220293129364644041e-03
4.204166666666666430e+01,-1.610814617290839013e-03
4.206250000000000000e+01,-1.128464453039442449e-02
4.208333333333332860e+01,-1.789586434691507397e-02
4.210416666666666430e+01,-8.609243577823551957e-03
4.212500000000000000e+01,-2.705106350783301802e-03
4.214583333333332860e+01,-1.268483906814708156e-02
4.216666666666666430e+01,-1.931725560308344622e-02
4.218750000000000000e+01,-1.029859945799441352e-02
4.220833333333332860e+01,-4.565558187655002591e-03
4.222916666666666430e+01,-1.341990606232702603e-02
4.225000000000000000e+01,-1.829907665362614719e-02
4.227083333333332860e+01,-7.598531281872564734e-03
4.229166666666666430e+01,-2.964418243555435066e-04
4.231250000000000000e+01,-9.030768516631815235e-03
4.233333333333332860e+01,-1.473849947587555637e-02
4.235416666666666430e+01,-4.840175719043603685e-03
4.237500000000000000e+01,1.734455537237206092e-03
4.239583333333332860e+01,-7.619168470072155627e-03
4.241666666666666430e+01,-1.393994931623518049e-02
4.243750000000000000e+01,-4.522222935781070041e-03
4.245833333333332860e+01,1.571104753346202077e-03
4.247916666666666430e+01,-8.199663980903024868e-03
4.250000000000000000e+01,-1.480427037073373149e-02
4.252083333333332860e+01,-5.335122674434703699e-03
4.254166666666666430e+01,8.262323265578914999e-04
4.256250000000000000e+01,-8.883811075806491431e-03
4.258333333333332860e+01,-1.547077617854870392e-02
4.260416666666666430e+01,-6.282303013374688008e-03
4.262500000000000000e+01,-3.989751665400617783e-04
4.264583333333332860e+01,-1.027248380023265857e-02
4.266666666666666430e+01,-1.740995063489933145e-02
4.268750000000000000e+01,-9.742255164452991167e-03
4.270833333333332860e+01,-4.938228909966519906e-03
4.272916666666666430e+01,-1.553919595819690594e-02
4.275000000000000000e+01,-2.464183848232996688e-02
4.277083333333332860e+01,-1.958703963591867936e-02
4.279166666666666430e+01,-1.609373456725646592e-02
4.281250000000000000e+01,-2.818876411284355551e-02
4.283333333333332860e+01,-4.114447718380695451e-02
4.285416666666666430e+01,-3.929883190066360554e-02
4.287500000000000000e+01,-3.639258065953773769e-02
4.289583333333332860e+01,-4.694018461264076736e-02
4.291666666666666430e+01,-6.501051610868850694e-02
4.293750000000000000e+01,-7.568928969818081165e-02
4.295833333333332860e+01,-6.964905934961108935e-02
4.297916666666666430e+01,-6.072372150385960121e-02
4.300000000000000000e+01,-6.438114538653465224e-02
4.302083333333332860e+01,-8.194617669056340759e-02
4.304166666666666430e+01,-1.003857431729899413e-01
4.306250000000000000e+01,-1.030005288141242759e-01
4.308333333333332860e+01,-8.444937199424801255e-02
4.310416666666666430e+01,-6.200267257547769501e-02
4.312500000000000000e+01,-4.731925161610515962e-02
4.314583333333332860e+01,-4.907649992653113913e-02
4.316666666666666430e+01,-5.846556916720686836e-02
4.318750000000000000e+01,-6.182551783580608057e-02
4.320833333333332860e+01,-4.952822260533721460e-02
4.322916666666666430e+01,-3.538262492351021415e-02
4.325000000000000000e+01,-3.228642099019699702e-02
4.327083333333332860e+01,-3.636736186796708098e-02
4.329166666666666430e+01,-3.497172122575865211e-02
4.331250000000000000e+01,-2.138858374814092342e-02
4.333333333333332860e+01,-1.053224300127303566e-02
4.335416666666666430e+01,-1.557714301662009408e-02
4.337500000000000000e+01,-1.936638368484617026e-02
4.339583333333332860e+01,-7.024554998091674975e-03
4.341666666666666430e+01,3.621050315405206083e-03
4.343750000000000000e+01,-1.716639143331720246e-03
4.345833333333332860e+01,-4.760582060519986773e-03
4.347916666666666430e+01,5.339256376169512763e-03
4.350000000000000000e+01,1.130985622799183035e-02
4.352083333333332860e+01,1.674450581423718052e-03
4.354166666666666430e+01,-4.887562962164874493e-03
4.356250000000000000e+01,4.298452158991685618e-03
4.358333333333332860e+01,1.065924450781295663e-02
4.360416666666666430e+01,1.568134703370328452e-03
4.362500000000000000e+01,-4.292541461376391497e-03
4.364583333333332860e+01,5.692450083387459205e-03
4.366666666666666430e+01,1.293423810318248754e-02
4.368750000000000000e+01,4.639322568908117207e-03
4.370833333333332860e+01,-5.544200528780401840e-04
4.372916666666666430e+01,9.070958565738010751e-03
4.375000000000000000e+01,1.541116204396469729e-02
4.377083333333332860e+01,6.179635871224001958e-03
4.379166666666666430e+01,-2.918584026784856993e-04
4.381250000000000000e+01,9.134584215494234716e-03
4.383333333333332860e+01,1.642369016461707812e-02
4.385416666666666430e+01,8.128175083443699503e-03
4.387500000000000000e+01,2.490720858537507666e-03
4.389583333333332860e+01,1.045020502509212690e-02
4.391666666666666430e+01,1.487681997429437727e-02
4.393750000000000000e+01,3.613217504471513339e-03
4.395833333333332860e+01,-5.530125829674502162e-03
4.397916666666666430e+01,1.454231946356078845e-03
4.400000000000000000e+01,6.728031421403501272e-03
4.402083333333332860e+01,-3.017501487477726278e-03
4.404166666666666430e+01,-1.082066060601575251e-02
4.406250000000000000e+01,-4.600725123569994468e-03
4.408333333333332860e+01,-2.148212637290615717e-03
4.410416666666666430e+01,-1.505428798931078734e-02
4.412500000000000000e+01,-2.415697863350547633e-02
4.414583333333332860e+01,-2.046894429300693055e-02
4.416666666666666430e+01,-2.332937906670953104e-02
4.418750000000000000e+01,-4.080522770467039095e-02
4.420833333333332860e+01,-5.476371551498585705e-02
4.422916666666666430e+01,-5.763593243125075122e-02
4.425000000000000000e+01,-6.048256813928012954e-02
4.427083333333332860e+01,-7.040035838074504282e-02
4.429166666666666430e+01,-8.049785122719795016e-02
4.431250000000000000e+01,-8.155871802513299518e-02
4.433333333333332860e+01,-7.842541905833740057e-02
4.435416666666666430e+01,-8.030199446757246839e-02
4.437500000000000000e+01,-8.929386216810097920e-02
4.439583333333332860e+01,-9.485797019074689029e-02
4.441666666666666430e+01,-8.429243313645293223e-02
4.443750000000000000e+01,-7.055716840208439700e-02
4.445833333333332860e+01,-6.504371327356042731e-02
4.447916666666666430e+01,-7.127497734170178123e-02
4.450000000000000000e+01,-7.806988635215214578e-02
4.452083333333332860e+01,-7.183951687252308760e-02
4.454166666666666430e+01,-5.200368489712416803e-02
4.456250000000000000e+01,-3.398348544570239244e-02
4.458333333333332860e+01,-3.266016363120595456e-02
4.460416666666666430e+01,-3.661624066181509013e-02
4.462500000000000000e+01,-3.151140076978352356e-02
4.464583333333332860e+01,-1.945774333700678316e-02
4.466666666666666430e+01,-1.380799743589427968e-02
4.468750000000000000e+01,-2.145407096131619548e-02
4.470833333333332860e+01,-2.599504603127939309e-02
4.472916666666666430e+01,-1.468944979038575016e-02
4.475000000000000000e+01,-5.576548268171945336e-03
4.477083333333332860e+01,-1.259718500558252609e-02
4.479166666666666430e+01,-1.720253612398510781e-02
4.481250000000000000e+01,-6.194329062862566002e-03
4.483333333333332860e+01,1.792633394660095693e-03
4.485416666666666430e+01,-5.930487104279061859e-03
4.487500000000000000e+01,-1.027102872848482083e-02
4.489583333333332860e+01,8.592965900199862721e-04
4.491666666666666430e+01,8.604837086297405582e-03
4.493750000000000000e+01,7.850902138372427329e-04
4.495833333333332860e+01,-3.733187690076153562e-03
4.497916666666666430e+01,6.649138639488345708e-03
4.500000000000000000e+01,1.346306264077835879e-02
4.502083333333332860e+01,4.882181616147798775e-03
4.504166666666666430e+01,-5.729174239871538069e-04
4.506250000000000000e+01,9.327466814652511651e-03
4.508333333333332860e+01,1.635539054463519548e-02
4.510416666666666430e+01,7.998825012681058666e-03
4.512500000000000000e+01,2.726325396078570478e-03
4.514583333333332860e+01,1.143301135161966554e-02
4.516666666666666430e+01,1.602406148092613142e-02
4.518750000000000000e+01,4.725127283420026136e-03
4.520833333333332860e+01,-3.198894236214116713e-03
4.522916666666666430e+01,4.919301171209257764e-03
4.525000000000000000e+01,9.916153540262912999e-03
4.527083333333332860e+01,-1.354953358694703817e-03
4.529166666666666430e+01,-9.266655773962505574e-03
4.531250000000000000e+01,-8.960579127370781006e-04
4.533333333333332860e+01,3.932295395392623738e-03
4.535416666666666430e+01,-8.499343901698501805e-03
4.537500000000000000e+01,-1.721049128969963024e-02
4.539583333333332860e+01,-8.345720696983511752e-03
4.541666666666666430e+01,-2.960995213196213408e-03
4.543750000000000000e+01,-1.364485948832506665e-02
4.545833333333332860e+01,-1.957707543611061571e-02
4.547916666666666430e+01,-8.017465612364674254e-03
4.550000000000000000e+01,1.265703639128794072e-04
4.552083333333332860e+01,-9.099530953372301015e-03
4.554166666666666430e+01,-1.488522271015927691e-02
4.556250000000000000e+01,-3.673216493429406690e-03
4.558333333333332860e+01,4.201083530093110453e-03
4.560416666666666430e+01,-5.073815319443129683e-03
4.562500000000000000e+01,-1.083766599971744578e-02
4.564583333333332860e+01,3.651192952446388621e-04
4.566666666666666430e+01,8.266024206371390751e-03
4.568750000000000000e+01,-7.508934273941141133e-04
4.570833333333332860e+01,-6.279611229832563618e-03
4.572916666666666430e+01,4.880991192199157953e-03
4.575000000000000000e+01,1.279189749583894281e-02
4.577083333333332860e+01,4.333569929160040364e-03
4.579166666666666430e+01,-6.569021498666322402e-04
4.581250000000000000e+01,9.919758935537032266e-03
4.583333333333332860e+01,1.691888109964114276e-02
4.585416666666666430e+01,8.019274867660460687e-03
4.587500000000000000e+01,2.467614790972294525e-03
4.589583333333332860e+01,1.208483293537840342e-02
4.591666666666666430e+01,1.811699504173073724e-02
4.593750000000000000e+01,8.114449245765023924e-03
4.595833333333332860e+01,1.405999683588505904e-03
4.597916666666666430e+01,1.065560040825008596e-02
4.600000000000000000e+01,1.678902645748404920e-02
4.602083333333332860e+01,6.923461536811615670e-03
4.604166666666666430e+01,3.488354246416759110e-04
4.606250000000000000e+01,9.607243008092283473e-03
4.608333333333332860e+01,1.576339520915278139e-02
4.610416666666666430e+01,6.178361735250371273e-03
4.612500000000000000e+01,-1.760181100515752282e-04
4.614583333333332860e+01,9.290591988352307068e-03
4.616666666666666430e+01,1.573415150837667240e-02
4.618750000000000000e+01,6.188815311490489940e-03
4.620833333333332860e+01,-7.763396656725664617e-05
4.622916666666666430e+01,9.596161811142030901e-03
4.625000000000000000e+01,1.613854100980428863e-02
4.627083333333332860e+01,6.801909173887966606e-03
4.629166666666666430e+01,8.639859398244898814e-04
4.631250000000000000e+01,1.087184021305407158e-02
4.633333333333332860e+01,1.780629996369810508e-02
4.635416666666666430e+01,8.863650607624520839e-03
4.637500000000000000e+01,3.249739570411960040e-03
4.639583333333332860e+01,1.234608190056361333e-02
4.641666666666666430e+01,1.763517872539833303e-02
4.643750000000000000e+01,7.136493905018351756e-03
4.645833333333332860e+01,-2.147317694334425120e-04
4.647916666666666430e+01,8.118204709939272692e-03
4.650000000000000000e+01,1.330309397646883829e-02
4.652083333333332860e+01,2.511066465146700837e-03
4.654166666666666430e+01,-5.092728051721773924e-03
4.656250000000000000e+01,3.096443277216782020e-03
4.658333333333332860e+01,8.205945011475229700e-03
4.660416666666666430e+01,-2.694337597917012984e-03
4.662500000000000000e+01,-1.029170563473119637e-02
4.664583333333332860e+01,-1.925183407167247633e-03
4.666666666666666430e+01,3.315602245483456872e-03
4.668750000000000000e+01,-7.489977153531557352e-03
4.670833333333332860e+01,-1.497409856319279614e-02
4.672916666666666430e+01,-6.538545397562093263e-03
4.675000000000000000e+01,-1.225221576318816317e-03
4.677083333333332860e+01,-1.089589789692373654e-02
4.679166666666666430e+01,-1.671673061501578739e-02
4.681250000000000000e+01,-6.830818869986939046e-03
4.683333333333332860e+01,-3.224906648248365102e-05
4.685416666666666430e+01,-9.009805872974159177e-03
4.687500000000000000e+01,-1.473872944358424995e-02
4.689583333333332860e+01,-4.844319461166265474e-03
4.691666666666666430e+01,1.981371765461257747e-03
4.693750000000000000e+01,-6.769706631817594238e-03
4.695833333333332860e+01,-1.233173835048703183e-02
4.697916666666666430e+01,-2.361830156158438703e-03
4.700000000000000000e+01,4.554153009996239967e-03
4.702083333333332860e+01,-4.292158176862260859e-03
4.704166666666666430e+01,-9.895452946642093600e-03
4.706250000000000000e+01,2.357575836021562788e-04
4.708333333333332860e+01,7.263684946153799692e-03
4.710416666666666430e+01,-1.434872447300238312e-03
4.712500000000000000e+01,-6.824529132065121177e-03
4.714583333333332860e+01,3.498047002404403288e-03
4.716666666666666430e+01,1.077711056488362198e-02
4.718750000000000000e+01,2.330781163332535950e-03
4.720833333333332860e+01,-2.997061198472106888e-03
4.722916666666666430e+01,7.284961937432378638e-03
4.725000000000000000e+01,1.439241731116133564e-02
4.727083333333332860e+01,5.563120455696925030e-03
4.729166666666666430e+01,-1.857002411908556321e-04
4.731250000000000000e+01,9.749099623670551620e-03
4.733333333333332860e+01,1.627831989476648950e-02
4.735416666666666430e+01,6.824976899345521625e-03
4.737500000000000000e+01,4.159247752047898162e-04
4.739583333333332860e+01,9.696667772473743785e-03
4.741666666666666430e+01,1.561735018565359699e-02
4.743750000000000000e+01,5.589200017728434070e-03
4.745833333333332860e+01,-1.368924740697139569e-03
4.747916666666666430e+01,7.460036893259185120e-03
4.750000000000000000e+01,1.294146115045304891e-02
4.752083333333332860e+01,2.606964416224561570e-03
4.754166666666666430e+01,-4.620989157112681198e-03
4.756250000000000000e+01,4.079603645556865131e-03
4.758333333333332860e+01,9.487934361522506327e-03
4.760416666666666430e+01,-9.365324667103713157e-04
4.762500000000000000e+01,-8.215350588871255313e-03
4.764583333333332860e+01,2.956382321192774438e-04
4.766666666666666430e+01,5.530133996320963675e-03
4.768750000000000000e+01,-4.809643522000796485e-03
4.770833333333332860e+01,-1.204847283150099410e-02
4.772916666666666430e+01,-3.818974142127968836e-03
4.775000000000000000e+01,1.141235344421497391e-03
4.777083333333332860e+01,-8.959096484451435291e-03
4.779166666666666430e+01,-1.569000781536875055e-02
4.781250000000000000e+01,-6.661299026451414709e-03
4.783333333333332860e+01,-8.797151635906404806e-04
4.785416666666666430e+01,-1.081440309397809114e-02
4.787500000000000000e+01,-1.766535350552384670e-02
4.789583333333332860e+01,-8.712426215699772825e-03
4.791666666666666430e+01,-3.027160172981746642e-03
4.793750000000000000e+01,-1.214771664206266109e-02
4.795833333333332860e+01,-1.760641010814684160e-02
4.797916666666666430e+01,-7.445360131610335302e-03
4.800000000000000000e+01,-4.880066783418221424e-04
4.802083333333332860e+01,-9.094783503559702997e-03
4.804166666666666430e+01,-1.466533747786437011e-02
4.806250000000000000e+01,-4.475353668398959935e-03
4.808333333333332860e+01,2.117716727020741742e-03
4.810416666666666430e+01,-7.792723745315401074e-03
4.812500000000000000e+01,-1.433544978558507106e-02
4.814583333333332860e+01,-3.889860589025690828e-03
4.816666666666666430e+01,3.020278498817260873e-03
4.818750000000000000e+01,-7.027478847689478704e-03
4.820833333333332860e+01,-1.377167069036065727e-02
4.822916666666666430e+01,-3.599640810725081557e-03
4.825000000000000000e+01,3.278361074534587305e-03
4.827083333333332860e+01,-6.522663942647456345e-03
4.829166666666666430e+01,-1.280260735239363568e-02
4.831250000000000000e+01,-2.217036190725277939e-03
4.833333333333332860e+01,5.177955492674029755e-03
4.835416666666666430e+01,-3.860019669178013039e-03
4.837500000000000000e+01,-9.367659314266042411e-03
4.839583333333332860e+01,2.045719669713559879e-03
4.841666666666666430e+01,1.026029788833635395e-02
4.843750000000000000e+01,2.231897038555905478e-03
4.845833333333332860e+01,-2.268163703750473818e-03
4.847916666666666430e+01,8.826800435987866567e-03
4.850000000000000000e+01,1.617289724266114323e-02
4.852083333333332860e+01,7.252714494926985195e-03
4.854166666666666430e+01,1.792331545069202536e-03
4.856250000000000000e+01,1.183781341226982850e-02
4.858333333333332860e+01,1.817087536303005346e-02
4.860416666666666430e+01,8.200416499255446315e-03
4.862500000000000000e+01,1.555734908747659394e-03
4.864583333333332860e+01,1.098810105422232293e-02
4.866666666666666430e+01,1.720398525814272397e-02
4.868750000000000000e+01,7.206165204181830784e-03
4.870833333333332860e+01,4.835695671754499888e-04
4.872916666666666430e+01,9.753085757071618817e-03
4.875000000000000000e+01,1.584648129205034131e-02
4.877083333333332860e+01,5.944289286857419065e-03
4.879166666666666430e+01,-6.973945821869986404e-04
4.881250000000000000e+01,8.697166848426472405e-03
4.883333333333332860e+01,1.505695629754676482e-02
4.885416666666666430e+01,5.266369359847406992e-03
4.887500000000000000e+01,-1.290721152954204740e-03
4.889583333333332860e+01,8.054261651470613625e-03
4.891666666666666430e+01,1.413612883905067050e-02
4.893750000000000000e+01,4.224841440002782486e-03
4.895833333333332860e+01,-2.226068631802814810e-03
4.897916666666666430e+01,7.145250691276970254e-03
4.900000000000000000e+01,1.316634610887393829e-02
4.902083333333332860e+01,3.234569146350932747e-03
4.904166666666666430e+01,-3.471878194264962914e-03
4.906250000000000000e+01,5.480584434489455849e-03
4.908333333333332860e+01,1.110167293668335754e-02
4.910416666666666430e+01,8.574251437427197510e-04
4.912500000000000000e+01,-6.393181316667074891e-03
4.914583333333332860e+01,2.062726149510059250e-03
4.916666666666666430e+01,7.217876717673518509e-03
4.918750000000000000e+01,-3.714995379293253071e-03
4.920833333333332860e+01,-1.156223358357837995e-02
4.922916666666666430e+01,-3.648392316030209248e-03
4.925000000000000000e+01,8.691219017381211732e-04
4.927083333333332860e+01,-9.298958172106205552e-03
4.929166666666666430e+01,-1.530291516713263265e-02
4.931250000000000000e+01,-5.492408357754124774e-03
4.933333333333332860e+01,8.658529210057124134e-04
4.935416666666666430e+01,-9.140177583253344257e-03
4.937500000000000000e+01,-1.607239650810174045e-02
4.939583333333332860e+01,-7.643811304783431487e-03
4.941666666666666430e+01,-1.864650102989070645e-03
4.943750000000000000e+01,-1.053672828022297718e-02
4.945833333333332860e+01,-1.640184287906994859e-02
4.947916666666666430e+01,-7.729860714458162627e-03
4.950000000000000000e+01,-1.848087174461457427e-03
4.952083333333332860e+01,-1.122375922291411580e-02
4.954166666666666430e+01,-1.829406503037261586e-02
4.956250000000000000e+01,-1.036355320998431744e-02
4.958333333333332860e+01,-4.832680289120577961e-03
4.960416666666666430e+01,-1.167313996466269599e-02
4.962500000000000000e+01,-1.316874066785680107e-02
4.964583333333332860e+01,2.002661212845513548e-03
4.966666666666666430e+01,1.363678848483077487e-02
4.968750000000000000e+01,7.698889602310822304e-03
4.970833333333332860e+01,5.322254679289211039e-03
4.972916666666666430e+01,1.718311277222606820e-02
4.975000000000000000e+01,2.289835304191442308e-02
4.977083333333332860e+01,1.053063324220823022e-02
4.979166666666666430e+01,1.877954450892518239e-03
4.981250000000000000e+01,1.116053016314013518e-02
4.983333333333332860e+01,1.654332268602052430e-02
4.985416666666666430e+01,4.303754806922108038e-03
4.987500000000000000e+01,-4.109432495432408308e-03
4.989583333333332860e+01,4.777224885858845534e-03
4.991666666666666430e+01,9.820459934630586599e-03
4.993750000000000000e+01,-8.794574759459434024e-04
4.995833333333332860e+01,-7.340567188175348666e-03
4.997916666666666430e+01,2.602227733882092175e-03
5.000000000000000000e+01,9.151091352011293464e-03
5.002083333333332860e+01,6.525206994545283614e-05
5.004166666666666430e+01,-5.164984335067826851e-03
5.006250000000000000e+01,6.013503914176401149e-03
5.008333333333332860e+01,1.388059221165383050e-02
5.010416666666666430e+01,6.225177906596992064e-03
5.012500000000000000e+01,2.165726197799546903e-03
5.014583333333332860e+01,1.035694817330605651e-02
5.016666666666666430e+01,1.288917522826376477e-02
5.018750000000000000e+01,5.137458405699818053e-04
5.020833333333332860e+01,-7.978653249106485920e-03
5.022916666666666430e+01,-7.883989556180980495e-04
5.025000000000000000e+01,3.224615323802675765e-03
5.027083333333332860e+01,-7.038071228493004809e-03
5.029166666666666430e+01,-1.326821150275628129e-02
5.031250000000000000e+01,-4.086557905300880478e-03
5.033333333333332860e+01,1.768572285039088192e-03
5.035416666666666430e+01,-8.101054387217424685e-03
5.037500000000000000e+01,-1.498744348398793787e-02
5.039583333333332860e+01,-6.539117070938784033e-03
5.041666666666666430e+01,-1.367116351195808580e-03
5.043750000000000000e+01,-1.104951790339585294e-02
5.045833333333332860e+01,-1.717350859744058364e-02
5.047916666666666430e+01,-8.210879715889849925e-03
5.050000000000000000e+01,-2.560121036251181582e-03
5.052083333333332860e+01,-1.172538480544647529e-02
5.054166666666666430e+01,-1.749952853299104744e-02
5.056250000000000000e+01,-7.933646106435845308e-03
5.058333333333332860e+01,-1.571245350886358791e-03
5.060416666666666430e+01,-1.108440164986988948e-02
5.062500000000000000e+01,-1.770577760039207180e-02
5.064583333333332860e+01,-9.028253446168855306e-03
5.066666666666666430e+01,-3.513856099806273153e-03
5.068750000000000000e+01,-1.185985306546996979e-02
5.070833333333332860e+01,-1.601488193577361302e-02
5.072916666666666430e+01,-4.364095539580540098e-03
5.075000000000000000e+01,4.312591764120542182e-03
5.077083333333332860e+01,-2.250896966109399572e-03
5.079166666666666430e+01,-5.830644175342486468e-03
5.081250000000000000e+01,2.111588782033913068e-03
5.083333333333332860e+01,4.832988800364518452e-03
5.085416666666666430e+01,-5.733757582805668225e-03
5.087500000000000000e+01,-1.219126822388863496e-02
5.089583333333332860e+01,-3.565564829536726002e-03
5.091666666666666430e+01,2.157998389169568914e-03
5.093750000000000000e+01,-7.550306224198487584e-03
5.095833333333332860e+01,-1.386281862882600066e-02
5.097916666666666430e+01,-3.758271488463433858e-03
5.100000000000000000e+01,3.276517572846211063e-03
5.102083333333332860e+01,-6.144572101450060213e-03
5.104166666666666430e+01,-1.188323704940641434e-02
5.106250000000000000e+01,-2.200986172692518858e-04
5.108333333333332860e+01,8.006473478179858619e-03
5.110416666666666430e+01,-1.217095713592943919e-03
5.112500000000000000e+01,-6.982630707782166296e-03
5.114583333333332860e+01,4.521680326463297511e-03
5.116666666666666430e+01,1.187895274220358149e-02
5.118750000000000000e+01,2.046541278819110840e-03
5.120833333333332860e+01,-3.934761994616098844e-03
5.122916666666666430e+01,7.285227914441026395e-03
5.125000000000000000e+01,1.450723099984737446e-02
5.127083333333332860e+01,5.148459231537027593e-03
5.129166666666666430e+01,-4.813720771496343763e-04
5.131250000000000000e+01,1.032129759550231424e-02
5.133333333333332860e+01,1.722877522710379236e-02
5.135416666666666430e+01,8.105516648239694671e-03
5.137500000000000000e+01,2.636127581204237777e-03
5.139583333333332860e+01,1.249324292494987700e-02
5.141666666666666430e+01,1.853283117951871201e-02
5.143750000000000000e+01,9.125769737114640748e-03
5.145833333333332860e+01,3.213081871146406324e-03
5.147916666666666430e+01,1.270419859324315413e-02
5.150000000000000000e+01,1.896807847322977414e-02
5.152083333333332860e+01,1.016373010207641432e-02
5.154166666666666430e+01,4.694328334537826476e-03
5.156250000000000000e+01,1.321421912495134195e-02
5.158333333333332860e+01,1.783354551287155351e-02
5.160416666666666430e+01,7.312576021519506114e-03
5.162500000000000000e+01,-5.367108389912617349e-05
5.164583333333332860e+01,8.141882904189039205e-03
5.166666666666666430e+01,1.315729700221060505e-02
5.168750000000000000e+01,2.693476652203911741e-03
5.170833333333332860e+01,-4.811834520444372570e-03
5.172916666666666430e+01,3.386160898473329628e-03
5.175000000000000000e+01,8.585364893639708950e-03
5.177083333333332860e+01,-1.720728047432852929e-03
5.179166666666666430e+01,-9.093143617708691201e-03
5.181250000000000000e+01,-7.204343866382991162e-04
5.183333333333332860e+01,4.643147086727355578e-03
5.185416666666666430e+01,-5.553455238306919013e-03
5.187500000000000000e+01,-1.280258191329849277e-02
5.189583333333332860e+01,-4.379166883009487019e-03
5.191666666666666430e+01,1.019406718835448025e-03
5.193750000000000000e+01,-9.177319927804510058e-03
5.195833333333332860e+01,-1.649984351540264432e-02
5.197916666666666430e+01,-8.006381911678083635e-03
5.200000000000000000e+01,-2.459018636101989973e-03
5.202083333333332860e+01,-1.167910693653883593e-02
5.204166666666666430e+01,-1.744749278980854343e-02
5.206250000000000000e+01,-7.016851567113295725e-03
5.208333333333332860e+01,1.537318225505816523e-04
5.210416666666666430e+01,-9.387835986889759773e-03
5.212500000000000000e+01,-1.572681808281828353e-02
5.214583333333332860e+01,-4.924650119207897060e-03
5.216666666666666430e+01,2.610018042328341326e-03
5.218750000000000000e+01,-6.736333375391386109e-03
5.220833333333332860e+01,-1.287276450358722409e-02
5.222916666666666430e+01,-2.019140440277859740e-03
5.225000000000000000e+01,5.519907473452407599e-03
5.227083333333332860e+01,-3.672731408767723922e-03
5.229166666666666430e+01,-9.636700646788421212e-03
5.231250000000000000e+01,1.124280687253832907e-03
5.233333333333332860e+01,8.515316689890290933e-03
5.235416666666666430e+01,-4.881946885672573113e-04
5.237500000000000000e+01,-6.083546379007605254e-03
5.239583333333332860e+01,4.840024472275752422e-03
5.241666666666666430e+01,1.209663036258932893e-02
5.243750000000000000e+01,3.080364855835607610e-03
5.245833333333332860e+01,-2.298913680126133882e-03
5.247916666666666430e+01,8.499260143821152705e-03
5.250000000000000000e+01,1.569411263355841718e-02
5.252083333333332860e+01,6.928883801417479518e-03
5.254166666666666430e+01,1.644003659550990429e-03
5.256250000000000000e+01,1.153466969358211622e-02
5.258333333333332860e+01,1.718531218246017664e-02
5.260416666666666430e+01,6.825471715739094350e-03
5.262500000000000000e+01,-1.495468779573114193e-04
5.264583333333332860e+01,9.019751406218953771e-03
5.266666666666666430e+01,1.489074946110006264e-02
5.268750000000000000e+01,4.869887162879685261e-03
5.270833333333332860e+01,-1.943289699564613006e-03
5.272916666666666430e+01,7.349753947192333783e-03
5.275000000000000000e+01,1.339992895573150627e-02
5.277083333333332860e+01,3.548813322890898968e-03
5.279166666666666430e+01,-3.191592688484649540e-03
5.281250000000000000e+01,6.135968128035330059e-03
5.283333333333332860e+01,1.242104582965886453e-02
5.285416666666666430e+01,2.842077346432303996e-03
5.287500000000000000e+01,-3.585688842520235939e-03
5.289583333333332860e+01,6.209665274278695739e-03
5.291666666666666430e+01,1.301855255244687738e-02
5.293750000000000000e+01,3.974957533252916966e-03
5.295833333333332860e+01,-1.624461500631795355e-03
5.297916666666666430e+01,9.148667646772603440e-03
5.300000000000000000e+01,1.685399335291711334e-02
5.302083333333332860e+01,8.835173283723969651e-03
5.304166666666666430e+01,4.180856154015887005e-03
5.306250000000000000e+01,1.264922058216206777e-02
5.308333333333332860e+01,1.615382694096747021e-02
5.310416666666666430e+01,4.194702050855204402e-03
5.312500000000000000e+01,-4.522877610944629756e-03
5.314583333333332860e+01,2.627171188990794562e-03
5.316666666666666430e+01,6.835081197619442307e-03
5.318750000000000000e+01,-4.345092064691411134e-03
5.320833333333332860e+01,-1.220135321213816279e-02
5.322916666666666430e+01,-4.174295303567104355e-03
5.325000000000000000e+01,8.659791429579340215e-04
5.327083333333332860e+01,-8.808056553890334511e-03
5.329166666666666430e+01,-1.471122443259231111e-02
5.331250000000000000e+01,-4.812345853148906547e-03
5.333333333333332860e+01,2.081210469827733580e-03
5.335416666666666430e+01,-6.495585532106630360e-03
5.337500000000000000e+01,-1.167498777058714916e-02
5.339583333333332860e+01,-6.959960991264912446e-04
5.341666666666666430e+01,7.247080322990212195e-03
5.343750000000000000e+01,-4.276032109636306033e-04
5.345833333333332860e+01,-4.883333579944852676e-03
5.347916666666666430e+01,6.737700138322850682e-03
5.350000000000000000e+01,1.538090137870869872e-02
5.352083333333332860e+01,8.375803305170017102e-03
5.354166666666666430e+01,4.369707890920807199e-03
5.356250000000000000e+01,1.209830159148163158e-02
5.358333333333332860e+01,1.406784501404490309e-02
5.360416666666666430e+01,1.673124947068523440e-03
5.362500000000000000e+01,-6.510087832081602743e-03
5.364583333333332860e+01,1.440707955446806363e-03
5.366666666666666430e+01,6.372267172250012032e-03
5.368750000000000000e+01,-4.208850968198342771e-03
5.370833333333332860e+01,-1.149356644632860101e-02
5.372916666666666430e+01,-2.893928901976109292e-03
5.375000000000000000e+01,2.720659815589784349e-03
5.377083333333332860e+01,-7.217962274981709787e-03
5.379166666666666430e+01,-1.381290525664439182e-02
5.381250000000000000e+01,-4.224301938469323704e-03
5.383333333333332860e+01,2.378547246235009766e-03
5.385416666666666430e+01,-6.661609922849249035e-03
5.387500000000000000e+01,-1.229239982196586763e-02
5.389583333333332860e+01,-1.859021701994074830e-03
5.391666666666666430e+01,5.512391175358643571e-03
5.393750000000000000e+01,-2.716137248926920288e-03
5.395833333333332860e+01,-7.570630684525304563e-03
5.397916666666666430e+01,3.670385105174129789e-03
5.400000000000000000e+01,1.193670451979276723e-02
5.402083333333332860e+01,4.811767616917535934e-03
5.404166666666666430e+01,8.997648243306300688e-04
5.406250000000000000e+01,9.713784321075086270e-03
5.408333333333332860e+01,1.353762636692591552e-02
5.410416666666666430e+01,1.978583666567747083e-03
5.412500000000000000e+01,-6.230225067791847482e-03
5.414583333333332860e+01,1.532431273534317273e-03
5.416666666666666430e+01,6.295366688340662403e-03
5.418750000000000000e+01,-4.343345927728065568e-03
5.420833333333332860e+01,-1.160728268848939225e-02
5.422916666666666430e+01,-3.054568611138416042e-03
5.425000000000000000e+01,2.500871061077393140e-03
5.427083333333332860e+01,-7.401559651450321901e-03
5.429166666666666430e+01,-1.396089919305407677e-02
5.431250000000000000e+01,-4.410610501161944114e-03
5.433333333333332860e+01,2.149192988727080100e-03
5.435416666666666430e+01,-6.877882750072850278e-03
5.437500000000000000e+01,-1.249137754913124537e-02
5.439583333333332860e+01,-1.985979301469619797e-03
5.441666666666666430e+01,5.465796743178637750e-03
5.443750000000000000e+01,-2.654269249089002795e-03
5.445833333333332860e+01,-7.385480777112074166e-03
5.447916666666666430e+01,3.763802558569673273e-03
5.450000000000000000e+01,1.189072842608376694e-02
5.452083333333332860e+01,4.368881177553194176e-03
5.454166666666666430e+01,8.081752323786959907e-05
5.456250000000000000e+01,9.446840471172314457e-03
5.458333333333332860e+01,1.432648605918978787e-02
5.460416666666666430e+01,3.288316506586411603e-03
5.462500000000000000e+01,-4.484262227074071495e-03
5.464583333333332860e+01,3.420016783793423509e-03
5.466666666666666430e+01,8.101922261858724925e-03
5.468750000000000000e+01,-2.968633437010199765e-03
5.470833333333332860e+01,-1.067612873463235496e-02
5.472916666666666430e+01,-2.741835944958189147e-03
5.475000000000000000e+01,1.913750731311202654e-03
5.477083333333332860e+01,-8.234236112926909823e-03
5.479166666666666430e+01,-1.432557810727213762e-02
5.481250000000000000e+01,-4.785469516421462545e-03
5.483333333333332860e+01,1.532227152604790288e-03
5.485416666666666430e+01,-7.968152539593679681e-03
5.487500000000000000e+01,-1.432995949123990094e-02
5.489583333333332860e+01,-5.067457353399586542e-03
5.491666666666666430e+01,1.184170015442670377e-03
5.493750000000000000e+01,-8.426691253554727604e-03
5.495833333333332860e+01,-1.501075354634210518e-02
5.497916666666666430e+01,-5.891763003063868118e-03
5.500000000000000000e+01,3.361858940756690443e-04
5.502083333333332860e+01,-9.334658643939865857e-03
5.504166666666666430e+01,-1.608884710718700220e-02
5.506250000000000000e+01,-7.059988886000765490e-03
5.508333333333332860e+01,-8.565441094834319678e-04
5.510416666666666430e+01,-1.054854983309992840e-02
5.512500000000000000e+01,-1.718049862305074532e-02
5.514583333333332860e+01,-8.143890027795417860e-03
5.516666666666666430e+01,-2.230297534028362338e-03
5.518750000000000000e+01,-1.186524218504678325e-02
5.520833333333332860e+01,-1.800088082568544051e-02
5.522916666666666430e+01,-8.491337503670594658e-03
5.525000000000000000e+01,-2.162906116870839425e-03
5.527083333333332860e+01,-1.166179186265901835e-02
5.529166666666666430e+01,-1.797735060424690556e-02
5.531250000000000000e+01,-8.642025916754938683e-03
5.533333333333332860e+01,-2.391127869807417768e-03
5.535416666666666430e+01,-1.198884496123848141e-02
5.537500000000000000e+01,-1.849227185270855764e-02
5.539583333333332860e+01,-9.358909905647699520e-03
5.541666666666666430e+01,-3.265188409981239961e-03
5.543750000000000000e+01,-1.277910730970091384e-02
5.545833333333332860e+01,-1.899046799946814065e-02
5.547916666666666430e+01,-9.521183585370102120e-03
5.550000000000000000e+01,-3.112950424117751514e-03
5.552083333333332860e+01,-1.256177068882706992e-02
5.554166666666666430e+01,-1.885740235149521715e-02
5.556250000000000000e+01,-9.447449383252254709e-03
5.558333333333332860e+01,-3.119041416227247461e-03
5.560416666666666430e+01,-1.260930246025212566e-02
5.562500000000000000e+01,-1.896539834550706877e-02
5.564583333333332860e+01,-9.746912681318406144e-03
5.566666666666666430e+01,-3.783917406783735525e-03
5.568750000000000000e+01,-1.299678050593323052e-02
5.570833333333332860e+01,-1.848163776372294467e-02
5.572916666666666430e+01,-8.449667217504243030e-03
5.575000000000000000e+01,-1.846055133019605188e-03
5.577083333333332860e+01,-1.094077167230716498e-02
5.579166666666666430e+01,-1.642560073218611236e-02
5.581250000000000000e+01,-6.266239594038730369e-03
5.583333333333332860e+01,6.110991621988865223e-04
5.585416666666666430e+01,-8.307175858017858128e-03
5.587500000000000000e+01,-1.390427257364525160e-02
5.589583333333332860e+01,-3.870454178114916214e-03
5.591666666666666430e+01,2.994388248983422159e-03
5.593750000000000000e+01,-5.979102370152054001e-03
5.595833333333332860e+01,-1.180274044217754885e-02
5.597916666666666430e+01,-1.962991612238624683e-03
5.600000000000000000e+01,4.849895951418106525e-03
5.602083333333332860e+01,-4.123909036219994273e-03
5.604166666666666430e+01,-1.003589812720265956e-02
5.606250000000000000e+01,-2.371677449269532804e-04
5.608333333333332860e+01,6.667025099496102364e-03
5.610416666666666430e+01,-2.334768360042712744e-03
5.612500000000000000e+01,-8.341149647029186265e-03
5.614583333333332860e+01,1.348852212445907431e-03
5.616666666666666430e+01,8.074916150784025581e-03
5.618750000000000000e+01,-1.081991759652659816e-03
5.620833333333332860e+01,-7.180270912079566269e-03
5.622916666666666430e+01,2.430164922542644990e-03
5.625000000000000000e+01,9.029306246794972443e-03
5.627083333333332860e+01,-9.178979481620166308e-05
5.629166666666666430e+01,-6.008303641837842851e-03
5.631250000000000000e+01,3.765680456233536609e-03
5.633333333333332860e+01,1.045420061392272372e-02
5.635416666666666430e+01,1.281506545441897776e-03
5.637500000000000000e+01,-4.667959768077393524e-03
5.639583333333332860e+01,5.051907154059842586e-03
5.641666666666666430e+01,1.158328249793672167e-02
5.643750000000000000e+01,2.304140008875962126e-03
5.645833333333332860e+01,-3.825574675668864163e-03
5.647916666666666430e+01,5.591158808912073327e-03
5.650000000000000000e+01,1.173317005028840648e-02
5.652083333333332860e+01,2.041146171520649873e-03
5.654166666666666430e+01,-4.554614252375712574e-03
5.656250000000000000e+01,4.234903360787663565e-03
5.658333333333332860e+01,9.720650274581457348e-03
5.660416666666666430e+01,-4.117821169703082991e-04
5.662500000000000000e+01,-7.628353653642628782e-03
5.664583333333332860e+01,6.335223526875318183e-04
5.666666666666666430e+01,5.728375111395283582e-03
5.668750000000000000e+01,-4.544242251605924016e-03
5.670833333333332860e+01,-1.175497647864713613e-02
5.672916666666666430e+01,-3.340458469348796949e-03
5.675000000000000000e+01,1.806992767109596217e-03
5.677083333333332860e+01,-8.527907248201347865e-03
5.679166666666666430e+01,-1.570645696599792807e-02
5.681250000000000000e+01,-7.113817621304031370e-03
5.683333333333332860e+01,-1.768766348047295586e-03
5.685416666666666430e+01,-1.104009492931424218e-02
5.687500000000000000e+01,-1.651333621494699422e-02
5.689583333333332860e+01,-6.245588991272069471e-03
5.691666666666666430e+01,9.104542931874794968e-04
5.693750000000000000e+01,-7.590614911358251754e-03
5.695833333333332860e+01,-1.286721170888258450e-02
5.697916666666666430e+01,-2.136464522544716943e-03
5.700000000000000000e+01,5.622524120760841702e-03
5.702083333333332860e+01,-2.274505489570065493e-03
5.704166666666666430e+01,-6.760867178381945765e-03
5.706250000000000000e+01,5.060595041003615631e-03
5.708333333333332860e+01,1.384004597448617278e-02
5.710416666666666430e+01,6.875010770479040786e-03
5.712500000000000000e+01,3.375306995867692356e-03
5.714583333333332860e+01,1.137935572902055818e-02
5.716666666666666430e+01,1.315424945043459568e-02
5.718750000000000000e+01,1.108966000889714809e-03
5.720833333333332860e+01,-6.251531629568746369e-03
5.722916666666666430e+01,2.568011152745824054e-03
5.725000000000000000e+01,8.340979486323969044e-03
5.727083333333332860e+01,-1.388056280278206819e-03
5.729166666666666430e+01,-7.812421199736544093e-03
5.731250000000000000e+01,1.571859958836166167e-03
5.733333333333332860e+01,7.988162145811723847e-03
5.735416666666666430e+01,-1.028680851719043082e-03
5.737500000000000000e+01,-6.744717141763081208e-03
5.739583333333332860e+01,3.537147854321667697e-03
5.741666666666666430e+01,1.086816621417190792e-02
5.743750000000000000e+01,2.777999331422117361e-03
5.745833333333332860e+01,-1.974658974710750709e-03
5.747916666666666430e+01,8.565844895681387974e-03
5.750000000000000000e+01,1.572889522204508339e-02
5.752083333333332860e+01,7.557519961155815050e-03
5.754166666666666430e+01,2.719081013223012024e-03
5.756250000000000000e+01,1.151279687627817204e-02
5.758333333333332860e+01,1.589542233858185286e-02
5.760416666666666430e+01,4.919177463695809452e-03
5.762500000000000000e+01,-2.723879514045656099e-03
5.764583333333332860e+01,5.560206035643893048e-03
5.766666666666666430e+01,1.083674673256851753e-02
5.768750000000000000e+01,5.342277277371470937e-04
5.770833333333332860e+01,-6.419911020874097089e-03
5.772916666666666430e+01,2.793980818820920083e-03
5.775000000000000000e+01,9.030551911105069371e-03
5.777083333333332860e+01,-3.055592197872244510e-04
5.779166666666666430e+01,-6.257567849510898596e-03
5.781250000000000000e+01,3.858536202710505583e-03
5.783333333333332860e+01,1.096013101920922071e-02
5.785416666666666430e+01,2.631046704528820866e-03
5.787500000000000000e+01,-2.416462933325413346e-03
5.789583333333332860e+01,8.375889596042851437e-03
5.791666666666666430e+01,1.617684300712245171e-02
5.793750000000000000e+01,8.578357489149309595e-03
5.795833333333332860e+01,4.344451018255007790e-03
5.797916666666666430e+01,1.226963303809940238e-02
5.800000000000000000e+01,1.471460251766702060e-02
5.802083333333332860e+01,1.697556311965615905e-03
5.804166666666666430e+01,-7.927241810524447707e-03
5.806250000000000000e+01,-1.750048750943681078e-03
5.808333333333332860e+01,1.403945284618117679e-03
5.810416666666666430e+01,-7.646722931796656221e-03
5.812500000000000000e+01,-1.099569664146957289e-02
5.814583333333332860e+01,1.323262649163603477e-03
5.816666666666666430e+01,1.039607297133361002e-02
5.818750000000000000e+01,3.703192022008303715e-03
5.820833333333332860e+01,3.456551780500391729e-04
5.822916666666666430e+01,8.887708682985988318e-03
5.825000000000000000e+01,1.165665551733273061e-02
5.827083333333332860e+01,-6.856733012225299170e-04
5.829166666666666430e+01,-9.105917526116603239e-03
5.831250000000000000e+01,-1.888109591638683585e-03
5.833333333333332860e+01,1.940471023877760048e-03
5.835416666666666430e+01,-7.523412189176921679e-03
5.837500000000000000e+01,-1.187715619821814138e-02
5.839583333333332860e+01,-5.687519460332335656e-04
5.841666666666666430e+01,7.537108277745141818e-03
5.843750000000000000e+01,-1.614879392013607610e-04
5.845833333333332860e+01,-4.730617690136711996e-03
5.847916666666666430e+01,6.297197656277027551e-03
5.850000000000000000e+01,1.415035194817144265e-02
5.852083333333332860e+01,6.079057080421049718e-03
5.854166666666666430e+01,1.103236675460045162e-03
5.856250000000000000e+01,1.053955535199986755e-02
5.858333333333332860e+01,1.611103319979059756e-02
5.860416666666666430e+01,5.803832293533930757e-03
5.862500000000000000e+01,-1.369379535309772416e-03
5.864583333333332860e+01,7.135907187629114863e-03
5.866666666666666430e+01,1.258595084473300256e-02
5.868750000000000000e+01,2.174484712219779212e-03
5.870833333333332860e+01,-5.106794951569900570e-03
5.872916666666666430e+01,3.280294709248204009e-03
5.875000000000000000e+01,8.612900206146006238e-03
5.877083333333332860e+01,-1.913879180633659347e-03
5.879166666666666430e+01,-9.335374749541899483e-03
5.881250000000000000e+01,-1.097215420698845678e-03
5.883333333333332860e+01,4.108633650858561047e-03
5.885416666666666430e+01,-6.453643380026520895e-03
5.887500000000000000e+01,-1.392451204023962587e-02
5.889583333333332860e+01,-5.710600915216283539e-03
5.891666666666666430e+01,-4.220884872595532231e-04
5.893750000000000000e+01,-1.038593600065280259e-02
5.895833333333332860e+01,-1.694246718344957076e-02
5.897916666666666430e+01,-7.805002148980343807e-03
5.900000000000000000e+01,-1.576427032474425963e-03
5.902083333333332860e+01,-1.124348729507207607e-02
5.904166666666666430e+01,-1.796549230133062322e-02
5.906250000000000000e+01,-8.907647849159176442e-03
5.908333333333332860e+01,-2.711068874607509751e-03
5.910416666666666430e+01,-1.241960734285505949e-02
5.912500000000000000e+01,-1.904845114352074140e-02
5.914583333333332860e+01,-1.002161484987322895e-02
5.916666666666666430e+01,-4.173003216054444950e-03
5.918750000000000000e+01,-1.305730728304077201e-02
5.920833333333332860e+01,-1.784399592727135483e-02
5.922916666666666430e+01,-6.988991565543467045e-03
5.925000000000000000e+01,6.390671048944042507e-04
5.927083333333332860e+01,-7.548461212075438173e-03
5.929166666666666430e+01,-1.254936855335028224e-02
5.931250000000000000e+01,-1.915897418696950330e-03
5.933333333333332860e+01,5.612621723980716452e-03
5.935416666666666430e+01,-2.708391951733981652e-03
5.937500000000000000e+01,-7.813566939462708236e-03
5.939583333333332860e+01,2.744706086544328964e-03
5.941666666666666430e+01,1.015608844991800624e-02
5.943750000000000000e+01,1.731264443075548626e-03
5.945833333333332860e+01,-3.463927538168293675e-03
5.947916666666666430e+01,6.986363526208282451e-03
5.950000000000000000e+01,1.427318767333167135e-02
5.952083333333332860e+01,5.749484055879565750e-03
5.954166666666666430e+01,3.491865881403583287e-04
5.956250000000000000e+01,1.022228739481751726e-02
5.958333333333332860e+01,1.633736103666485681e-02
5.960416666666666430e+01,5.780504869149587915e-03
5.962500000000000000e+01,-1.325097503722845677e-03
5.964583333333332860e+01,8.277582749168805459e-03
5.966666666666666430e+01,1.437618449185329439e-02
5.968750000000000000e+01,3.397980505041457537e-03
5.970833333333332860e+01,-3.912814914505012218e-03
5.972916666666666430e+01,5.595027423582673957e-03
5.975000000000000000e+01,1.151159602602430318e-02
5.977083333333332860e+01,5.873577163335230375e-04
5.979166666666666430e+01,-6.691638691304123941e-03
5.981250000000000000e+01,2.628463143092324601e-03
5.983333333333332860e+01,8.469700799751513423e-03
5.985416666666666430e+01,-2.379959780571338970e-03
5.987500000000000000e+01,-9.697190099267840105e-03
5.989583333333332860e+01,-5.816198895811453082e-04
5.991666666666666430e+01,5.148741138354598693e-03
5.993750000000000000e+01,-5.655408626196841565e-03
5.995833333333332860e+01,-1.321265723094119590e-02
5.997916666666666430e+01,-4.553549870509291005e-03
6.000000000000000000e+01,8.153969737959707509e-04
6.002083333333332860e+01,-1.009176776077158610e-02
6.004166666666666430e+01,-1.761247095628832096e-02
6.006250000000000000e+01,-8.997248900523053053e-03
6.008333333333332860e+01,-3.565328504754067956e-03
6.010416666666666430e+01,-1.270190899585108175e-02
6.012500000000000000e+01,-1.743618586506522072e-02
6.014583333333332860e+01,-6.089861065247522895e-03
6.016666666666666430e+01,2.162469382468645493e-03
6.018750000000000000e+01,-5.838757336112390499e-03
6.020833333333332860e+01,-1.077494991677310776e-02
6.022916666666666430e+01,2.900368221167503539e-04
6.025000000000000000e+01,8.397604490912473352e-03
6.027083333333332860e+01,3.814682807237510897e-04
6.029166666666666430e+01,-4.670361601781556488e-03
6.031250000000000000e+01,6.399778241799878795e-03
6.033333333333332860e+01,1.473212776183797056e-02
6.035416666666666430e+01,6.850106214343405775e-03
6.037500000000000000e+01,1.938424447801795000e-03
6.039583333333332860e+01,1.124129263863229110e-02
6.041666666666666430e+01,1.634765464266978510e-02
6.043750000000000000e+01,5.367400505136492132e-03
6.045833333333332860e+01,-2.354510487900210013e-03
6.047916666666666430e+01,5.793557683957288769e-03
6.050000000000000000e+01,1.067251177974060453e-02
6.052083333333332860e+01,-3.267658327439181671e-04
6.054166666666666430e+01,-7.969170776493684702e-03
6.056250000000000000e+01,1.402979439200115728e-04
6.058333333333332860e+01,5.076782482930909841e-03
6.060416666666666430e+01,-5.960160188146211221e-03
6.062500000000000000e+01,-1.376719924655618078e-02
6.064583333333332860e+01,-5.785791533071553243e-03
6.066666666666666430e+01,-9.076378656931570086e-04
6.068750000000000000e+01,-1.046698722720831518e-02
6.070833333333332860e+01,-1.594752406221918231e-02
6.072916666666666430e+01,-5.579724609648585402e-03
6.075000000000000000e+01,1.796076039337659615e-03
6.077083333333332860e+01,-6.865259166378081743e-03
6.079166666666666430e+01,-1.232434261476848467e-02
6.081250000000000000e+01,-2.009577054435132421e-03
6.083333333333332860e+01,5.046482612184456477e-03
6.085416666666666430e+01,-3.693798613976192243e-03
6.087500000000000000e+01,-8.961716455511649013e-03
6.089583333333332860e+01,1.129856136885089030e-03
6.091666666666666430e+01,8.315978806659417993e-03
6.093750000000000000e+01,9.806707795773097168e-04
6.095833333333332860e+01,-5.420307604662959536e-03
6.097916666666666430e+01,-2.877368492155940507e-03
6.100000000000000000e+01,-6.404553357961005784e-03
6.102083333333332860e+01,-2.204672883650719839e-02
6.104166666666666430e+01,-3.284951830453611971e-02
6.106250000000000000e+01,-2.824538524698734510e-02
6.108333333333332860e+01,-2.868687859245537888e-02
6.110416666666666430e+01,-4.835650683217921492e-02
6.112500000000000000e+01,-6.466512555198014600e-02
6.114583333333332860e+01,-6.130242411511380163e-02
6.116666666666666430e+01,-6.090937214501115915e-02
6.118750000000000000e+01,-8.015086627699652411e-02
6.120833333333332860e+01,-9.616628835405814646e-02
6.122916666666666430e+01,-9.161046333348604742e-02
6.125000000000000000e+01,-8.228347640694770593e-02
6.127083333333332860e+01,-8.798902457375537556e-02
6.129166666666666430e+01,-9.815005450096506157e-02
6.131250000000000000e+01,-9.811056262419645679e-02
6.133333333333332860e+01,-8.027795682258835608e-02
6.135416666666666430e+01,-5.807764551958143062e-02
6.137500000000000000e+01,-4.335770224440355786e-02
6.139583333333332860e+01,-4.518571065391273345e-02
6.141666666666666430e+01,-5.253818452088861168e-02
6.143750000000000000e+01,-5.224968454487641245e-02
6.145833333333332860e+01,-3.559716567293683825e-02
6.147916666666666430e+01,-1.668124838636880075e-02
6.150000000000000000e+01,-8.889864534068876722e-03
6.152083333333332860e+01,-1.798483274728985767e-02
6.154166666666666430e+01,-2.834910379984243931e-02
6.156250000000000000e+01,-2.653476686019042019e-02
6.158333333333332860e+01,-1.276417284558975691e-02
6.160416666666666430e+01,-2.559240011705981189e-03
6.162500000000000000e+01,-8.456640053942202778e-03
6.164583333333332860e+01,-1.277823412105460674e-02
6.166666666666666430e+01,-1.188516108496591190e-03
6.168750000000000000e+01,8.168488754453594874e-03
6.170833333333332860e+01,1.473195194787861248e-03
6.172916666666666430e+01,-2.552314974584109566e-03
6.175000000000000000e+01,7.683610271275797404e-03
6.177083333333332860e+01,1.411001373207986659e-02
6.179166666666666430e+01,4.708017910312897215e-03
6.181250000000000000e+01,-1.577399382611468929e-03
6.183333333333332860e+01,7.718756068463917923e-03
6.185416666666666430e+01,1.375120224635406792e-02
6.187500000000000000e+01,4.038702283441685838e-03
6.189583333333332860e+01,-2.433560512101312287e-03
6.191666666666666430e+01,6.634502503641287983e-03
6.193750000000000000e+01,1.264536359619500977e-02
6.195833333333332860e+01,2.943788502245759438e-03
6.197916666666666430e+01,-3.750556303019896877e-03
6.200000000000000000e+01,5.185776320837416978e-03
6.202083333333332860e+01,1.136639594317929471e-02
6.204166666666666430e+01,1.789889018791981229e-03
6.206250000000000000e+01,-5.094836512281801337e-03
6.208333333333332860e+01,3.726702944004762087e-03
6.210416666666666430e+01,1.015522777072966343e-02
6.212500000000000000e+01,5.288170256094791664e-04
6.214583333333332860e+01,-7.129500671252263395e-03
6.216666666666666430e+01,1.048693332343204453e-03
6.218750000000000000e+01,7.386670951582114883e-03
6.220833333333332860e+01,-2.265618104867399112e-03
6.222916666666666430e+01,-1.011510908291101372e-02
6.225000000000000000e+01,-2.209512379947957926e-03
6.227083333333332860e+01,3.782545471326745432e-03
6.229166666666666430e+01,-4.915295443026723027e-03
6.231250000000000000e+01,-1.137943173891015937e-02
6.233333333333332860e+01,-5.912651288762013971e-03
6.235416666666666430e+01,-6.214902773415784988e-03
6.237500000000000000e+01,-2.371557000505080878e-02
6.239583333333332860e+01,-3.885175196925770569e-02
6.241666666666666430e+01,-3.698171986456931515e-02
6.243750000000000000e+01,-3.763402348710317286e-02
6.245833333333332860e+01,-5.598253864044239886e-02
6.247916666666666430e+01,-7.191252959877379725e-02
6.250000000000000000e+01,-6.923606074717846004e-02
6.252083333333332860e+01,-6.503851107854070890e-02
6.254166666666666430e+01,-7.713443900652687535e-02
6.256250000000000000e+01,-9.250760620000703094e-02
6.258333333333332860e+01,-9.231094241096370057e-02
6.260416666666666430e+01,-7.616850929041618645e-02
6.262500000000000000e+01,-5.953507977093911580e-02
6.264583333333332860e+01,-5.843179641290215109e-02
6.266666666666666430e+01,-6.812904630761393299e-02
6.268750000000000000e+01,-7.439510956781664186e-02
6.270833333333332860e+01,-6.464911371530306095e-02
6.272916666666666430e+01,-5.073737304911486723e-02
6.275000000000000000e+01,-4.549319552750456103e-02
6.277083333333332860e+01,-5.016485119371118934e-02
6.279166666666666430e+01,-5.282397950617070959e-02
6.281250000000000000e+01,-4.006178942740561133e-02
6.283333333333332860e+01,-2.694765717317840203e-02
6.285416666666666430e+01,-3.047571972925319436e-02
6.287500000000000000e+01,-3.467564436942987410e-02
6.289583333333332860e+01,-2.363580269744992857e-02
6.291666666666666430e+01,-1.405288282507141488e-02
6.293750000000000000e+01,-2.096163488131270319e-02
6.295833333333332860e+01,-2.673519237312880006e-02
6.297916666666666430e+01,-1.700707076985533833e-02
6.300000000000000000e+01,-9.809533306415485487e-03
6.302083333333332860e+01,-1.811930895870745781e-02
6.304166666666666430e+01,-2.384487727311240812e-02
6.306250000000000000e+01,-1.413208844295566619e-02
6.308333333333332860e+01,-7.704960732147858246e-03
6.310416666666666430e+01,-1.570232679270156667e-02
6.312500000000000000e+01,-1.970178150747297838e-02
6.314583333333332860e+01,-8.347851233296465362e-03
6.316666666666666430e+01,-7.397129724941694032e-04
6.318750000000000000e+01,-8.830245813556148252e-03
6.320833333333332860e+01,-1.356213642659275138e-02
6.322916666666666430e+01,-2.945443680139225168e-03
6.325000000000000000e+01,3.918343851616031513e-03
6.327083333333332860e+01,-4.945402500122667890e-03
6.329166666666666430e+01,-1.079627853273030028e-02
6.331250000000000000e+01,-1.272802247603012707e-03
6.333333333333332860e+01,4.816138700854541259e-03
6.335416666666666430e+01,-4.921898665137014114e-03
6.337500000000000000e+01,-1.196339572814618217e-02
6.339583333333332860e+01,-3.542700315181520829e-03
6.341666666666666430e+01,1.771407633401856372e-03
6.343750000000000000e+01,-8.830006742497762545e-03
6.345833333333332860e+01,-1.706079461536600533e-02
6.347916666666666430e+01,-9.754259806857713822e-03
6.350000000000000000e+01,-5.188392480996933259e-03
6.352083333333332860e+01,-1.359655708280046657e-02
