0.000000000000000000e+00,1.744854159469744204e-02
2.083333333333333218e-02,1.421392977522396156e-02
4.166666666666666435e-02,1.360968910972068686e-02
6.250000000000000000e-02,1.403081733114170185e-02
8.333333333333332871e-02,1.441533018895886295e-02
1.041666666666666574e-01,1.476839120378142800e-02
1.250000000000000000e-01,1.509565885446188804e-02
1.458333333333333148e-01,1.540188544944471813e-02
1.666666666666666574e-01,1.568706470990174906e-02
1.875000000000000000e-01,1.595407022196717456e-02
2.083333333333333148e-01,1.620502524170304090e-02
2.291666666666666574e-01,1.644133591978340012e-02
2.500000000000000000e-01,1.666408584542386495e-02
2.708333333333333148e-01,1.687407584393347051e-02
2.916666666666666297e-01,1.707214351401882546e-02
3.125000000000000000e-01,1.725860719883844444e-02
3.333333333333333148e-01,1.743337846550992165e-02
3.541666666666666297e-01,1.759747336098433160e-02
3.750000000000000000e-01,1.775046096511681895e-02
3.958333333333333148e-01,1.789446834497212049e-02
4.166666666666666297e-01,1.803042964031144682e-02
4.375000000000000000e-01,1.815939435683723915e-02
4.583333333333333148e-01,1.828418360042995128e-02
4.791666666666666297e-01,1.840338031454080703e-02
5.000000000000000000e-01,1.851605681493365824e-02
5.208333333333332593e-01,1.862375992486654114e-02
5.416666666666666297e-01,1.872635807580702930e-02
5.625000000000000000e-01,1.882415637063029890e-02
5.833333333333332593e-01,1.891746838172062017e-02
6.041666666666666297e-01,1.900587276455295918e-02
6.250000000000000000e-01,1.908905987391906062e-02
6.458333333333332593e-01,1.916752181866380328e-02
6.666666666666666297e-01,1.924152505415044345e-02
6.875000000000000000e-01,1.931159257138748836e-02
7.083333333333332593e-01,1.937703254330205502e-02
7.291666666666666297e-01,1.943851047019486827e-02
7.500000000000000000e-01,1.949641296625103173e-02
7.708333333333332593e-01,1.955037431691702271e-02
7.916666666666666297e-01,1.960087708087051780e-02
8.125000000000000000e-01,1.964842368925424562e-02
8.333333333333332593e-01,1.969373723797582937e-02
8.541666666666666297e-01,1.974103479100699707e-02
8.750000000000000000e-01,1.978654100101691349e-02
8.958333333333332593e-01,1.983651122343832104e-02
9.166666666666666297e-01,1.989290812852172532e-02
9.375000000000000000e-01,1.994681509279073311e-02
9.583333333333332593e-01,2.000183522247488480e-02
9.791666666666666297e-01,2.005738055179848850e-02
1.000000000000000000e+00,2.011239088030442740e-02
1.020833333333333259e+00,2.016851033922384059e-02
1.041666666666666519e+00,2.022388620851321359e-02
1.062500000000000000e+00,2.027712152861830402e-02
1.083333333333333259e+00,2.032687288311701285e-02
1.104166666666666519e+00,2.037389078361762779e-02
1.125000000000000000e+00,2.041920141466499472e-02
1.145833333333333259e+00,2.046166289473601296e-02
1.166666666666666519e+00,2.049962303215439527e-02
1.187500000000000000e+00,2.052958240894909789e-02
1.208333333333333259e+00,2.055494972695154007e-02
1.229166666666666519e+00,2.058045963357932329e-02
1.250000000000000000e+00,2.060636309712984837e-02
1.270833333333333259e+00,2.063336002976139116e-02
1.291666666666666519e+00,2.066134301015437602e-02
1.312500000000000000e+00,2.068898164096377723e-02
1.333333333333333259e+00,2.071448727939904574e-02
1.354166666666666519e+00,2.073864243206396951e-02
1.375000000000000000e+00,2.076025954173783827e-02
1.395833333333333259e+00,2.078028880448467078e-02
1.416666666666666519e+00,2.080062209726013175e-02
1.437500000000000000e+00,2.082013633159658303e-02
1.458333333333333259e+00,2.083676812328801031e-02
1.479166666666666519e+00,2.085171334125861947e-02
1.500000000000000000e+00,2.086540171740262906e-02
1.520833333333333259e+00,2.087713842068881012e-02
1.541666666666666519e+00,2.088589124082479778e-02
1.562500000000000000e+00,2.089382350062929036e-02
1.583333333333333259e+00,2.090324683715510598e-02
1.604166666666666519e+00,2.091264327377123297e-02
1.625000000000000000e+00,2.091977699502087576e-02
1.645833333333333259e+00,2.092670421991644353e-02
1.666666666666666519e+00,2.093540346102595526e-02
1.687500000000000000e+00,2.094003302849376663e-02
1.708333333333333259e+00,2.094200230375140026e-02
1.729166666666666519e+00,2.094665032777622352e-02
1.750000000000000000e+00,2.095381535915863055e-02
1.770833333333333259e+00,2.096269641822151239e-02
1.791666666666666519e+00,2.097250075876427866e-02
1.812500000000000000e+00,2.098386016034340176e-02
1.833333333333333259e+00,2.099684166251811548e-02
1.854166666666666519e+00,2.101067827287673301e-02
1.875000000000000000e+00,2.102453500483545193e-02
1.895833333333333259e+00,2.103689927063931431e-02
1.916666666666666519e+00,2.104522611847874786e-02
1.937500000000000000e+00,2.104843139877113009e-02
1.958333333333333259e+00,2.104677805645208122e-02
1.979166666666666519e+00,2.104190785271888367e-02
2.000000000000000000e+00,2.103227857443537227e-02
2.020833333333333037e+00,2.102200780774305874e-02
2.041666666666666519e+00,2.101265786132091445e-02
2.062500000000000000e+00,2.100355054483140499e-02
2.083333333333333037e+00,2.099482960276289473e-02
2.104166666666666519e+00,2.098274299316594746e-02
2.125000000000000000e+00,2.097136591313558673e-02
2.145833333333333037e+00,2.096426890688668151e-02
2.166666666666666519e+00,2.096066995643873845e-02
2.187500000000000000e+00,2.096123978954008218e-02
2.208333333333333037e+00,2.096633084815277201e-02
2.229166666666666519e+00,2.097315976735624615e-02
2.250000000000000000e+00,2.098066151350982261e-02
2.270833333333333037e+00,2.098866772054989657e-02
2.291666666666666519e+00,2.099686839409914407e-02
2.312500000000000000e+00,2.100238843309690934e-02
2.333333333333333037e+00,2.100654866538596843e-02
2.354166666666666519e+00,2.100936359516020549e-02
2.375000000000000000e+00,2.101271490496110436e-02
2.395833333333333037e+00,2.101451468398529351e-02
2.416666666666666519e+00,2.101615962147082226e-02
2.437500000000000000e+00,2.102028772542383767e-02
2.458333333333333037e+00,2.102313147857622772e-02
2.479166666666666519e+00,2.102589129176851701e-02
2.500000000000000000e+00,2.102920439966762464e-02
2.520833333333333037e+00,2.103327728306383926e-02
2.541666666666666519e+00,2.103765146863704333e-02
2.562500000000000000e+00,2.103862057191689325e-02
2.583333333333333037e+00,2.103649516560423746e-02
2.604166666666666519e+00,2.103429895134344488e-02
2.625000000000000000e+00,2.103041921071742079e-02
2.645833333333333037e+00,2.102698245057902163e-02
2.666666666666666519e+00,2.102388091897761449e-02
2.687500000000000000e+00,2.102059299767108577e-02
2.708333333333333037e+00,2.101473692724444703e-02
2.729166666666666519e+00,2.100776747455140869e-02
2.750000000000000000e+00,2.100038974663524100e-02
2.770833333333333037e+00,2.099396160309355622e-02
2.791666666666666519e+00,2.099030398512782489e-02
2.812500000000000000e+00,2.099017228728545029e-02
2.833333333333333037e+00,2.099349535574205478e-02
2.854166666666666519e+00,2.099890947315109779e-02
2.875000000000000000e+00,2.100533076141876399e-02
2.895833333333333037e+00,2.101243379882552359e-02
2.916666666666666519e+00,2.102003814210262264e-02
2.937500000000000000e+00,2.102597462624107572e-02
2.958333333333333037e+00,2.103108082034385942e-02
2.979166666666666519e+00,2.103645970239635329e-02
3.000000000000000000e+00,2.104033317490415500e-02
3.020833333333333037e+00,2.104397097400787994e-02
3.041666666666666519e+00,2.104815315665293021e-02
3.062500000000000000e+00,2.105187864504479839e-02
3.083333333333333037e+00,2.105505616506865574e-02
3.104166666666666519e+00,2.105835201105922191e-02
3.125000000000000000e+00,2.106146350043906074e-02
3.145833333333333037e+00,2.106316490651803652e-02
3.166666666666666519e+00,2.106371254169291107e-02
3.187500000000000000e+00,2.106405868868378370e-02
3.208333333333333037e+00,2.106432283221378390e-02
3.229166666666666519e+00,2.106394814107090049e-02
3.250000000000000000e+00,2.106150526093327618e-02
3.270833333333333037e+00,2.105951610704434596e-02
3.291666666666666519e+00,2.105698364536847875e-02
3.312500000000000000e+00,2.105441949073972793e-02
3.333333333333333037e+00,2.105365216260091793e-02
3.354166666666666519e+00,2.105312942217311273e-02
3.375000000000000000e+00,2.105339737517681123e-02
3.395833333333333037e+00,2.105253526574376796e-02
3.416666666666666519e+00,2.105158123198837619e-02
3.437500000000000000e+00,2.105131677673723750e-02
3.458333333333333037e+00,2.105158337888836731e-02
3.479166666666666519e+00,2.104371147920575461e-02
3.500000000000000000e+00,2.103279257040142902e-02
3.520833333333333037e+00,2.102175375182876657e-02
3.541666666666666519e+00,2.101223916224434843e-02
3.562500000000000000e+00,2.100288047713883000e-02
3.583333333333333037e+00,2.099428642382092369e-02
3.604166666666666519e+00,2.098510504941914281e-02
3.625000000000000000e+00,2.097832644199421753e-02
3.645833333333333037e+00,2.097657788902652920e-02
3.666666666666666519e+00,2.097816843721014499e-02
3.687500000000000000e+00,2.098141094025014405e-02
3.708333333333333037e+00,2.098588602037666437e-02
3.729166666666666519e+00,2.099003810162576242e-02
3.750000000000000000e+00,2.099409065606037614e-02
3.770833333333333037e+00,2.099817968916915800e-02
3.791666666666666519e+00,2.100218419852902321e-02
3.812500000000000000e+00,2.099793660341758156e-02
3.833333333333333037e+00,2.099125168586753881e-02
3.854166666666666519e+00,2.098541469971410695e-02
3.875000000000000000e+00,2.098169705352113251e-02
3.895833333333333037e+00,2.098087691713282354e-02
3.916666666666666519e+00,2.098218649852528345e-02
3.937500000000000000e+00,2.098480437264473725e-02
3.958333333333333037e+00,2.098837613754447537e-02
3.979166666666666519e+00,2.099075409261537406e-02
4.000000000000000000e+00,2.099267562315821137e-02
4.020833333333333037e+00,2.099398651407833466e-02
4.041666666666666075e+00,2.099434454815618176e-02
4.062500000000000000e+00,2.099398844323481506e-02
4.083333333333333037e+00,2.099439496529004884e-02
4.104166666666666075e+00,2.099599574727191789e-02
4.125000000000000000e+00,2.099880572949548718e-02
4.145833333333333037e+00,2.100249510744538542e-02
4.166666666666666075e+00,2.100664418140688050e-02
4.187500000000000000e+00,2.101048809733866568e-02
4.208333333333333037e+00,2.101207822637564393e-02
4.229166666666666075e+00,2.100616957055802606e-02
4.250000000000000000e+00,2.099900399413470731e-02
4.270833333333333037e+00,2.099541485781750844e-02
4.291666666666666075e+00,2.099439302313768629e-02
4.312500000000000000e+00,2.099510464993605691e-02
4.333333333333333037e+00,2.099709100363718675e-02
4.354166666666666075e+00,2.099473689266128512e-02
4.375000000000000000e+00,2.099011940149525177e-02
4.395833333333333037e+00,2.098581138750965636e-02
4.416666666666666075e+00,2.098304740393759638e-02
4.437500000000000000e+00,2.098203758423902374e-02
4.458333333333333037e+00,2.098270810737892442e-02
4.479166666666666075e+00,2.097775110853582897e-02
4.500000000000000000e+00,2.097161044229768970e-02
4.520833333333333037e+00,2.096787870376438934e-02
4.541666666666666075e+00,2.096648970190098313e-02
4.562500000000000000e+00,2.096736513520773212e-02
4.583333333333333037e+00,2.096949908310525093e-02
4.604166666666666075e+00,2.097114832254017014e-02
4.625000000000000000e+00,2.097183746801967522e-02
4.645833333333333037e+00,2.096918814658391139e-02
4.666666666666666075e+00,2.096619177221881528e-02
4.687500000000000000e+00,2.096184610513272817e-02
4.708333333333333037e+00,2.095881993776260027e-02
4.729166666666666075e+00,2.095752626517394246e-02
4.750000000000000000e+00,2.095773583141172930e-02
4.770833333333333037e+00,2.095858218687536925e-02
4.791666666666666075e+00,2.095835762673233654e-02
4.812500000000000000e+00,2.095727768871356519e-02
4.833333333333333037e+00,2.095696557746090649e-02
4.854166666666666075e+00,2.095778193682248589e-02
4.875000000000000000e+00,2.095955136895328794e-02
4.895833333333333037e+00,2.096181011188942567e-02
4.916666666666666075e+00,2.096472466840118218e-02
4.937500000000000000e+00,2.096818647694126403e-02
4.958333333333333037e+00,2.097206388026797916e-02
4.979166666666666075e+00,2.097391608937474589e-02
5.000000000000000000e+00,2.097514983296381794e-02
5.020833333333333037e+00,2.097680309963457015e-02
5.041666666666666075e+00,2.097755333595174160e-02
5.062500000000000000e+00,2.097118928433806470e-02
5.083333333333333037e+00,2.096373563685637043e-02
5.104166666666666075e+00,2.095972334240535015e-02
5.125000000000000000e+00,2.095858289023580165e-02
5.145833333333333037e+00,2.095922304962606272e-02
5.166666666666666075e+00,2.096085511856918271e-02
5.187500000000000000e+00,2.096019178760453669e-02
5.208333333333333037e+00,2.095747064380275304e-02
5.229166666666666075e+00,2.095318737007283855e-02
5.250000000000000000e+00,2.094915437841031458e-02
5.270833333333333037e+00,2.094601161048486801e-02
5.291666666666666075e+00,2.094414302297689309e-02
5.312500000000000000e+00,2.094354683761764577e-02
5.333333333333333037e+00,2.094423066499415467e-02
5.354166666666666075e+00,2.094596067035538883e-02
5.375000000000000000e+00,2.094858073847271837e-02
5.395833333333333037e+00,2.094641414324167547e-02
5.416666666666666075e+00,2.094294864516973650e-02
5.437500000000000000e+00,2.094174211445738384e-02
5.458333333333333037e+00,2.094230805825945951e-02
5.479166666666666075e+00,2.094295267722424275e-02
5.500000000000000000e+00,2.094389226116028652e-02
5.520833333333333037e+00,2.094539745131766828e-02
5.541666666666666075e+00,2.094773532295431118e-02
5.562500000000000000e+00,2.094901641631746747e-02
5.583333333333333037e+00,2.094994346645355152e-02
5.604166666666666075e+00,2.095050946611147491e-02
5.625000000000000000e+00,2.094866967169209046e-02
5.645833333333333037e+00,2.094498646331013555e-02
5.666666666666666075e+00,2.094187118467630282e-02
5.687500000000000000e+00,2.093952587962689960e-02
5.708333333333333037e+00,2.093879535688857388e-02
5.729166666666666075e+00,2.093814881616446605e-02
5.750000000000000000e+00,2.093788844057463405e-02
5.770833333333333037e+00,2.093827929087295481e-02
5.791666666666666075e+00,2.093870509536570682e-02
5.812500000000000000e+00,2.093649846450191740e-02
5.833333333333333037e+00,2.093328257074618046e-02
5.854166666666666075e+00,2.093118654836257156e-02
5.875000000000000000e+00,2.093000994702685913e-02
5.895833333333333037e+00,2.092634071075257646e-02
5.916666666666666075e+00,2.092277223004749068e-02
5.937500000000000000e+00,2.092214813441113999e-02
5.958333333333333037e+00,2.092304357880575560e-02
5.979166666666666075e+00,2.092381682260894410e-02
6.000000000000000000e+00,2.092530553105598212e-02
6.020833333333333037e+00,2.092793236282415245e-02
6.041666666666666075e+00,2.092874070924350197e-02
6.062500000000000000e+00,2.092852608023108157e-02
6.083333333333333037e+00,2.092911048082883585e-02
6.104166666666666075e+00,2.092993161397864801e-02
6.125000000000000000e+00,2.093114112632800047e-02
6.145833333333333037e+00,2.092769071716854556e-02
6.166666666666666075e+00,2.092238973607439892e-02
6.187500000000000000e+00,2.091777284502862808e-02
6.208333333333333037e+00,2.091173237078257016e-02
6.229166666666666075e+00,2.090594090509208941e-02
6.250000000000000000e+00,2.090157635447969370e-02
6.270833333333333037e+00,2.089773498092450596e-02
6.291666666666666075e+00,2.089540280094978955e-02
6.312500000000000000e+00,2.089538528575365581e-02
6.333333333333333037e+00,2.089657347423201639e-02
6.354166666666666075e+00,2.089701990412185309e-02
6.375000000000000000e+00,2.089579018901821170e-02
6.395833333333333037e+00,2.089215455326614429e-02
6.416666666666666075e+00,2.088887411395715446e-02
6.437500000000000000e+00,2.088609278664594476e-02
6.458333333333333037e+00,2.088549971074112402e-02
6.479166666666666075e+00,2.088791854970883238e-02
6.500000000000000000e+00,2.089218082157601533e-02
6.520833333333333037e+00,2.089702137794241521e-02
6.541666666666666075e+00,2.090232171214935486e-02
6.562500000000000000e+00,2.090152013350479038e-02
6.583333333333333037e+00,2.089881283895164699e-02
6.604166666666666075e+00,2.089831156219118177e-02
6.625000000000000000e+00,2.089762430953433919e-02
6.645833333333333037e+00,2.089646676649082116e-02
6.666666666666666075e+00,2.089630691507279522e-02
6.687500000000000000e+00,2.089408398203261921e-02
6.708333333333333037e+00,2.089211920479525780e-02
6.729166666666666075e+00,2.089263633691389524e-02
6.750000000000000000e+00,2.089496833490944380e-02
6.770833333333333037e+00,2.089835449760913538e-02
6.791666666666666075e+00,2.090242760484226775e-02
6.812500000000000000e+00,2.090471525561379482e-02
6.833333333333333037e+00,2.090650483487655267e-02
6.854166666666666075e+00,2.090795031519467745e-02
6.875000000000000000e+00,2.090953763918145317e-02
6.895833333333333037e+00,2.090357299282816911e-02
6.916666666666666075e+00,2.089583494598018162e-02
6.937500000000000000e+00,2.088871658691683966e-02
6.958333333333333037e+00,2.088366218654509610e-02
6.979166666666666075e+00,2.088270322191153328e-02
7.000000000000000000e+00,2.088401373265672337e-02
7.020833333333333037e+00,2.088404808239995372e-02
7.041666666666666075e+00,2.088341040391361939e-02
7.062500000000000000e+00,2.088228476617280324e-02
7.083333333333333037e+00,2.088146765953173556e-02
7.104166666666666075e+00,2.088086162786335562e-02
7.125000000000000000e+00,2.088000943180845503e-02
7.145833333333333037e+00,2.087991877918386752e-02
7.166666666666666075e+00,2.088120870960251396e-02
7.187500000000000000e+00,2.088125165685635748e-02
7.208333333333333037e+00,2.088048548159732176e-02
7.229166666666666075e+00,2.087964609245897621e-02
7.250000000000000000e+00,2.087989524395792232e-02
7.270833333333333037e+00,2.088097518644168107e-02
7.291666666666666075e+00,2.088068291437155874e-02
7.312500000000000000e+00,2.088023948981755293e-02
7.333333333333333037e+00,2.087947823912188888e-02
7.354166666666666075e+00,2.087953927529341905e-02
7.375000000000000000e+00,2.088039968924035664e-02
7.395833333333333037e+00,2.088097290288216251e-02
7.416666666666666075e+00,2.088099143888173109e-02
7.437500000000000000e+00,2.087982398277790988e-02
7.458333333333333037e+00,2.087645272701645419e-02
7.479166666666666075e+00,2.087191262262719574e-02
7.500000000000000000e+00,2.086733204820875182e-02
7.520833333333333037e+00,2.086334750700203494e-02
7.541666666666666075e+00,2.086122410867070551e-02
7.562500000000000000e+00,2.086072984344748693e-02
7.583333333333333037e+00,2.086168691413710363e-02
7.604166666666666075e+00,2.086445160386116507e-02
7.625000000000000000e+00,2.086869011364389515e-02
7.645833333333333037e+00,2.087332649667983375e-02
7.666666666666666075e+00,2.087706645099181302e-02
7.687500000000000000e+00,2.087777610329792990e-02
7.708333333333333037e+00,2.087551892233601922e-02
7.729166666666666075e+00,2.087098681586296509e-02
7.750000000000000000e+00,2.086518890635636475e-02
7.770833333333333037e+00,2.085842294613125814e-02
7.791666666666666075e+00,2.085360546999534548e-02
7.812500000000000000e+00,2.085000093204205165e-02
7.833333333333333037e+00,2.084757247011654810e-02
7.854166666666666075e+00,2.084760741734386150e-02
7.875000000000000000e+00,2.084943580025481330e-02
7.895833333333333037e+00,2.085190635598762471e-02
7.916666666666666075e+00,2.085429959400433159e-02
7.937500000000000000e+00,2.085688198447326058e-02
7.958333333333333037e+00,2.085950378411531927e-02
7.979166666666666075e+00,2.085608478664104440e-02
8.000000000000000000e+00,2.085072162202859097e-02
8.020833333333332149e+00,2.084682451471691483e-02
8.041666666666666075e+00,2.084407144756393951e-02
8.062500000000000000e+00,2.084308016721016579e-02
8.083333333333332149e+00,2.084319549019513287e-02
8.104166666666666075e+00,2.084341618528065543e-02
8.125000000000000000e+00,2.084337963411739270e-02
8.145833333333332149e+00,2.084372728941074823e-02
8.166666666666666075e+00,2.084349390361054169e-02
8.187500000000000000e+00,2.084337145321255719e-02
8.208333333333332149e+00,2.084414344019318646e-02
8.229166666666666075e+00,2.084627338623528878e-02
8.250000000000000000e+00,2.084965638780368266e-02
8.270833333333332149e+00,2.085422934065375364e-02
8.291666666666666075e+00,2.085980451815933404e-02
8.312500000000000000e+00,2.086572993755392291e-02
8.333333333333332149e+00,2.087063279933783211e-02
8.354166666666666075e+00,2.087393421304145971e-02
8.375000000000000000e+00,2.087490450201289274e-02
8.395833333333332149e+00,2.087459814985190287e-02
8.416666666666666075e+00,2.087368139262913216e-02
8.437500000000000000e+00,2.087318140489377236e-02
8.458333333333332149e+00,2.087347659782949616e-02
8.479166666666666075e+00,2.086810306286698488e-02
8.500000000000000000e+00,2.086061521487816289e-02
8.520833333333332149e+00,2.085477948943931931e-02
8.541666666666666075e+00,2.084977142619792723e-02
8.562500000000000000e+00,2.084626616701730495e-02
8.583333333333332149e+00,2.084246535791714136e-02
8.604166666666666075e+00,2.083692044266735946e-02
8.625000000000000000e+00,2.083107955590030036e-02
8.645833333333332149e+00,2.082755234019625229e-02
8.666666666666666075e+00,2.082638358530105108e-02
8.687500000000000000e+00,2.082670937462609284e-02
8.708333333333332149e+00,2.082560308661665638e-02
8.729166666666666075e+00,2.082456921747896997e-02
8.750000000000000000e+00,2.082444436744616822e-02
8.770833333333332149e+00,2.082488448305479245e-02
8.791666666666666075e+00,2.082520237775563679e-02
8.812500000000000000e+00,2.082578244543586282e-02
8.833333333333332149e+00,2.082572727359480180e-02
8.854166666666666075e+00,2.082566003639583010e-02
8.875000000000000000e+00,2.082629022354110307e-02
8.895833333333332149e+00,2.082379316237556802e-02
8.916666666666666075e+00,2.082123972424370500e-02
8.937500000000000000e+00,2.082162409862676686e-02
8.958333333333332149e+00,2.082171983487665634e-02
8.979166666666666075e+00,2.082194190159765770e-02
9.000000000000000000e+00,2.082094044884935310e-02
9.020833333333332149e+00,2.082030127547427820e-02
9.041666666666666075e+00,2.081933585265784495e-02
9.062500000000000000e+00,2.081852392583908792e-02
9.083333333333332149e+00,2.081900468434274079e-02
9.104166666666666075e+00,2.081957605987468790e-02
9.125000000000000000e+00,2.081949787586153885e-02
9.145833333333332149e+00,2.081711905680038235e-02
9.166666666666666075e+00,2.081395203447794148e-02
9.187500000000000000e+00,2.081211302786633091e-02
9.208333333333332149e+00,2.081066461884250110e-02
9.229166666666666075e+00,2.080910458203937691e-02
9.250000000000000000e+00,2.080869082943722151e-02
9.270833333333332149e+00,2.080849240593770494e-02
9.291666666666666075e+00,2.080775761427232362e-02
9.312500000000000000e+00,2.080689768912911616e-02
9.333333333333332149e+00,2.080501853163321466e-02
9.354166666666666075e+00,2.080414094705753184e-02
9.375000000000000000e+00,2.080352563238802022e-02
9.395833333333332149e+00,2.080364367986060892e-02
9.416666666666666075e+00,2.080586640502716383e-02
9.437500000000000000e+00,2.080998186649499898e-02
9.458333333333332149e+00,2.081494722971285322e-02
9.479166666666666075e+00,2.081969327800978903e-02
9.500000000000000000e+00,2.082255638089759026e-02
9.520833333333332149e+00,2.082484371999133652e-02
9.541666666666666075e+00,2.082585448015872656e-02
9.562500000000000000e+00,2.082607692425955323e-02
9.583333333333332149e+00,2.082505204570176890e-02
9.604166666666666075e+00,2.082271241222606595e-02
9.625000000000000000e+00,2.082021590079718640e-02
9.645833333333332149e+00,2.081515622868147439e-02
9.666666666666666075e+00,2.080882778638280459e-02
9.687500000000000000e+00,2.080158853385043888e-02
9.708333333333332149e+00,2.079535236112950089e-02
9.729166666666666075e+00,2.078703359712423884e-02
9.750000000000000000e+00,2.077837975277077934e-02
9.770833333333332149e+00,2.077343279588968888e-02
9.791666666666666075e+00,2.077217428435003399e-02
9.812500000000000000e+00,2.077292441062588563e-02
9.833333333333332149e+00,2.077416782053180880e-02
9.854166666666666075e+00,2.077608514268285134e-02
9.875000000000000000e+00,2.077714295829473021e-02
9.895833333333332149e+00,2.077843343014642782e-02
9.916666666666666075e+00,2.077937867467360977e-02
9.937500000000000000e+00,2.077829113750255183e-02
9.958333333333332149e+00,2.077744239461461195e-02
9.979166666666666075e+00,2.077908737049610419e-02
1.000000000000000000e+01,2.078239720627963680e-02
1.002083333333333215e+01,2.078600487453702989e-02
1.004166666666666607e+01,2.079000126195901244e-02
1.006250000000000000e+01,2.079466493420992559e-02
1.008333333333333215e+01,2.079887458253209739e-02
1.010416666666666607e+01,2.080057691033361522e-02
1.012500000000000000e+01,2.079989854624230208e-02
1.014583333333333215e+01,2.079868271654317438e-02
1.016666666666666607e+01,2.079732334761563717e-02
1.018750000000000000e+01,2.079641366225371685e-02
1.020833333333333215e+01,2.079684201054330869e-02
1.022916666666666607e+01,2.079894211494657044e-02
1.025000000000000000e+01,2.080231625426259140e-02
1.027083333333333215e+01,2.080588360533346115e-02
1.029166666666666607e+01,2.080903165147869258e-02
1.031250000000000000e+01,2.081131880864526412e-02
1.033333333333333215e+01,2.081240199823933268e-02
1.035416666666666607e+01,2.080888694714919454e-02
1.037500000000000000e+01,2.080368199848680461e-02
1.039583333333333215e+01,2.079535372318236375e-02
1.041666666666666607e+01,2.078728352559552905e-02
1.043750000000000000e+01,2.078134112017748086e-02
1.045833333333333215e+01,2.077707942621048742e-02
1.047916666666666607e+01,2.077445521772837769e-02
1.050000000000000000e+01,2.077378192579742294e-02
1.052083333333333215e+01,2.077516983522318533e-02
1.054166666666666607e+01,2.077785178670236640e-02
1.056250000000000000e+01,2.078007842683851289e-02
1.058333333333333215e+01,2.078166633300901692e-02
1.060416666666666607e+01,2.078157293277278425e-02
1.062500000000000000e+01,2.077992801510125664e-02
1.064583333333333215e+01,2.077896371536962564e-02
1.066666666666666607e+01,2.077885739700272363e-02
1.068750000000000000e+01,2.077906342093607805e-02
1.070833333333333215e+01,2.077996812269916962e-02
1.072916666666666607e+01,2.078184365645874276e-02
1.075000000000000000e+01,2.078390665764666759e-02
1.077083333333333215e+01,2.078511524661243171e-02
1.079166666666666607e+01,2.078584630803775521e-02
1.081250000000000000e+01,2.078709784280124290e-02
1.083333333333333215e+01,2.078832535582282245e-02
1.085416666666666607e+01,2.078856403441736375e-02
1.087500000000000000e+01,2.078682422259793897e-02
1.089583333333333215e+01,2.078524783165125803e-02
1.091666666666666607e+01,2.078444008654808245e-02
1.093750000000000000e+01,2.078337695581211619e-02
1.095833333333333215e+01,2.078281675386712754e-02
1.097916666666666607e+01,2.078334092673102956e-02
1.100000000000000000e+01,2.078414771162691299e-02
1.102083333333333215e+01,2.078458878458077155e-02
1.104166666666666607e+01,2.078410178846106307e-02
1.106250000000000000e+01,2.078416574444102993e-02
1.108333333333333215e+01,2.078500458733022541e-02
1.110416666666666607e+01,2.078617098361166399e-02
1.112500000000000000e+01,2.078830157996616051e-02
1.114583333333333215e+01,2.079096302904611879e-02
1.116666666666666607e+01,2.079284965969797894e-02
1.118750000000000000e+01,2.079216573076661870e-02
1.120833333333333215e+01,2.079108143500742537e-02
1.122916666666666607e+01,2.079028499525239007e-02
1.125000000000000000e+01,2.078898938959698392e-02
1.127083333333333215e+01,2.078822119283070882e-02
1.129166666666666607e+01,2.078777715847416122e-02
1.131250000000000000e+01,2.078546744257024279e-02
1.133333333333333215e+01,2.078018229271099901e-02
1.135416666666666607e+01,2.077071582406550196e-02
1.137500000000000000e+01,2.076080767974402413e-02
1.139583333333333215e+01,2.075161008466185758e-02
1.141666666666666607e+01,2.074443342407995133e-02
1.143750000000000000e+01,2.074141009886323883e-02
1.145833333333333215e+01,2.074176655982012604e-02
1.147916666666666607e+01,2.074377439530010123e-02
1.150000000000000000e+01,2.074675814991283618e-02
1.152083333333333215e+01,2.075091312220257722e-02
1.154166666666666607e+01,2.075402225885679061e-02
1.156250000000000000e+01,2.075701622820828179e-02
1.158333333333333215e+01,2.075906991596722720e-02
1.160416666666666607e+01,2.076057309250327679e-02
1.162500000000000000e+01,2.076089529430578950e-02
1.164583333333333215e+01,2.076131986345133851e-02
1.166666666666666607e+01,2.076105943595502740e-02
1.168750000000000000e+01,2.075890260036727941e-02
1.170833333333333215e+01,2.075592109065587873e-02
1.172916666666666607e+01,2.075169167325180072e-02
1.175000000000000000e+01,2.074712376037040132e-02
1.177083333333333215e+01,2.074287728253340277e-02
1.179166666666666607e+01,2.073821355419634693e-02
1.181250000000000000e+01,2.073550822081460937e-02
1.183333333333333215e+01,2.073507981507704406e-02
1.185416666666666607e+01,2.073422274772467738e-02
1.187500000000000000e+01,2.073348796854515910e-02
1.189583333333333215e+01,2.073216317740622303e-02
1.191666666666666607e+01,2.073163605414254582e-02
1.193750000000000000e+01,2.073249627822668778e-02
1.195833333333333215e+01,2.073346514448048267e-02
1.197916666666666607e+01,2.073481139360867573e-02
1.200000000000000000e+01,2.073716795856704251e-02
1.202083333333333215e+01,2.074020906700955319e-02
1.204166666666666607e+01,2.074304834114226032e-02
1.206250000000000000e+01,2.074561944726083934e-02
1.208333333333333215e+01,2.074783540617916588e-02
1.210416666666666607e+01,2.074760488950199572e-02
1.212500000000000000e+01,2.074663083548936027e-02
1.214583333333333215e+01,2.074571549898750894e-02
1.216666666666666607e+01,2.074424714883574619e-02
1.218750000000000000e+01,2.074331374072582376e-02
1.220833333333333215e+01,2.074318856463209723e-02
1.222916666666666607e+01,2.074228165195117837e-02
1.225000000000000000e+01,2.073970373423390107e-02
1.227083333333333215e+01,2.073496776116945384e-02
1.229166666666666607e+01,2.072961115572421326e-02
1.231250000000000000e+01,2.072329869828435159e-02
1.233333333333333215e+01,2.071692004423307532e-02
1.235416666666666607e+01,2.071286135289045552e-02
1.237500000000000000e+01,2.071128624791513870e-02
1.239583333333333215e+01,2.071035106100604234e-02
1.241666666666666607e+01,2.070950578993607100e-02
1.243750000000000000e+01,2.070942979606608253e-02
1.245833333333333215e+01,2.070852340007585043e-02
1.247916666666666607e+01,2.070750825786818114e-02
1.250000000000000000e+01,2.070725682015023966e-02
1.252083333333333215e+01,2.070925769408850717e-02
1.254166666666666607e+01,2.071350341350724350e-02
1.256250000000000000e+01,2.071862764144038332e-02
1.258333333333333215e+01,2.072440691361068441e-02
1.260416666666666607e+01,2.073076009024262326e-02
1.262500000000000000e+01,2.073658121374647584e-02
1.264583333333333215e+01,2.074196527724584196e-02
1.266666666666666607e+01,2.074716908641986712e-02
1.268750000000000000e+01,2.075195331563464002e-02
1.270833333333333215e+01,2.075438477182241920e-02
1.272916666666666607e+01,2.075598323894587219e-02
1.275000000000000000e+01,2.075639942981856792e-02
1.277083333333333215e+01,2.075582794637210321e-02
1.279166666666666607e+01,2.075530608744090288e-02
1.281250000000000000e+01,2.075540098539180311e-02
1.283333333333333215e+01,2.075534440155296298e-02
1.285416666666666607e+01,2.075355023654038705e-02
1.287500000000000000e+01,2.074903379325113151e-02
1.289583333333333215e+01,2.074460951160801356e-02
1.291666666666666607e+01,2.073902546654040821e-02
1.293750000000000000e+01,2.073240893319252751e-02
1.295833333333333215e+01,2.072729749281253253e-02
1.297916666666666607e+01,2.072429156298318670e-02
1.300000000000000000e+01,2.072267130474269789e-02
1.302083333333333215e+01,2.071914519805720042e-02
1.304166666666666607e+01,2.071623421389651512e-02
1.306250000000000000e+01,2.071609006796851574e-02
1.308333333333333215e+01,2.071790884307094655e-02
1.310416666666666607e+01,2.071727909589845401e-02
1.312500000000000000e+01,2.071595312049283669e-02
1.314583333333333215e+01,2.071399522359599135e-02
1.316666666666666607e+01,2.071271709367370276e-02
1.318750000000000000e+01,2.070947163862172855e-02
1.320833333333333215e+01,2.070595808056502687e-02
1.322916666666666607e+01,2.070489643890059683e-02
1.325000000000000000e+01,2.070565065821175499e-02
1.327083333333333215e+01,2.070678052411082867e-02
1.329166666666666607e+01,2.070643036456170510e-02
1.331250000000000000e+01,2.070237731479254370e-02
1.333333333333333215e+01,2.069779735623309899e-02
1.335416666666666607e+01,2.069462465067951548e-02
1.337500000000000000e+01,2.069144664476591650e-02
1.339583333333333215e+01,2.068948517393636582e-02
1.341666666666666607e+01,2.068980820564953957e-02
1.343750000000000000e+01,2.069154263842480287e-02
1.345833333333333215e+01,2.069358055607850230e-02
1.347916666666666607e+01,2.069576706820744003e-02
1.350000000000000000e+01,2.069819580214790969e-02
1.352083333333333215e+01,2.070078998049998745e-02
1.354166666666666607e+01,2.070269038823736862e-02
1.356250000000000000e+01,2.069977219954623193e-02
1.358333333333333215e+01,2.069422677732365295e-02
1.360416666666666607e+01,2.069063480164430244e-02
1.362500000000000000e+01,2.068888926877844939e-02
1.364583333333333215e+01,2.068816287390148889e-02
1.366666666666666607e+01,2.068863112366442492e-02
1.368750000000000000e+01,2.068962515498079177e-02
1.370833333333333215e+01,2.069088687497046969e-02
1.372916666666666607e+01,2.069156264526774217e-02
1.375000000000000000e+01,2.069132130498875510e-02
1.377083333333333215e+01,2.069137826112017742e-02
1.379166666666666607e+01,2.069220756869656966e-02
1.381250000000000000e+01,2.069251277165968725e-02
1.383333333333333215e+01,2.069164251802833171e-02
1.385416666666666607e+01,2.068771571928763528e-02
1.387500000000000000e+01,2.068423303285294237e-02
1.389583333333333215e+01,2.068316546227572800e-02
1.391666666666666607e+01,2.068310622002044602e-02
1.393750000000000000e+01,2.068371433199620024e-02
1.395833333333333215e+01,2.068503085395148253e-02
1.397916666666666607e+01,2.068448535946493250e-02
1.400000000000000000e+01,2.068299523680528634e-02
1.402083333333333215e+01,2.068102827026953999e-02
1.404166666666666607e+01,2.067843922808588336e-02
1.406250000000000000e+01,2.067274361146049719e-02
1.408333333333333215e+01,2.066632827533511005e-02
1.410416666666666607e+01,2.066043076423633787e-02
1.412500000000000000e+01,2.065439115537298642e-02
1.414583333333333215e+01,2.064812635108092057e-02
1.416666666666666607e+01,2.064147929488144642e-02
1.418750000000000000e+01,2.063510656691819323e-02
1.420833333333333215e+01,2.063035266872161044e-02
1.422916666666666607e+01,2.062899657425038696e-02
1.425000000000000000e+01,2.063078089956475389e-02
1.427083333333333215e+01,2.063404194969413463e-02
1.429166666666666607e+01,2.063853211944019148e-02
1.431250000000000000e+01,2.064459168639247097e-02
1.433333333333333215e+01,2.065156465103170844e-02
1.435416666666666607e+01,2.065738572201797352e-02
1.437500000000000000e+01,2.066287802447869248e-02
1.439583333333333215e+01,2.066880720049251580e-02
1.441666666666666607e+01,2.067482215932299472e-02
1.443750000000000000e+01,2.068074073637974838e-02
1.445833333333333215e+01,2.068523766395926819e-02
1.447916666666666607e+01,2.068520016521973801e-02
1.450000000000000000e+01,2.068254973701756996e-02
1.452083333333333215e+01,2.067771450488778071e-02
1.454166666666666607e+01,2.067155155401257174e-02
1.456250000000000000e+01,2.066409693334861353e-02
1.458333333333333215e+01,2.065795552806472257e-02
1.460416666666666607e+01,2.065445029401332191e-02
1.462500000000000000e+01,2.065059432484232099e-02
1.464583333333333215e+01,2.064812572818248287e-02
1.466666666666666607e+01,2.064824587254286345e-02
1.468750000000000000e+01,2.064733023325165950e-02
1.470833333333333215e+01,2.064577907720881872e-02
1.472916666666666607e+01,2.064525149241778004e-02
1.475000000000000000e+01,2.064348139581464667e-02
1.477083333333333215e+01,2.064126952547084767e-02
1.479166666666666607e+01,2.063778172105408537e-02
1.481250000000000000e+01,2.063464427597738390e-02
1.483333333333333215e+01,2.063135391557046824e-02
1.485416666666666607e+01,2.062908141217714361e-02
1.487500000000000000e+01,2.062536908793008092e-02
1.489583333333333215e+01,2.062191524447743937e-02
1.491666666666666607e+01,2.061951483258861809e-02
1.493750000000000000e+01,2.061696463033586488e-02
1.495833333333333215e+01,2.061424463697545534e-02
1.497916666666666607e+01,2.061235371946047723e-02
1.500000000000000000e+01,2.061185740224571669e-02
1.502083333333333215e+01,2.061304138376612166e-02
1.504166666666666607e+01,2.061582540434554051e-02
1.506250000000000000e+01,2.061884653695136502e-02
1.508333333333333215e+01,2.062158617161131621e-02
1.510416666666666607e+01,2.062458239081927519e-02
1.512500000000000000e+01,2.062733390676992767e-02
1.514583333333333215e+01,2.062923348157928716e-02
1.516666666666666607e+01,2.063036016285429985e-02
1.518750000000000000e+01,2.063183800700627360e-02
1.520833333333333215e+01,2.063180374989679461e-02
1.522916666666666607e+01,2.063085470278974709e-02
1.525000000000000000e+01,2.062934982968397599e-02
1.527083333333333215e+01,2.062802138540808725e-02
1.529166666666666607e+01,2.062855332406393974e-02
1.531250000000000000e+01,2.063051495493048795e-02
1.533333333333333215e+01,2.063416467823768821e-02
1.535416666666666607e+01,2.063945038923089420e-02
1.537500000000000000e+01,2.064567996747931899e-02
1.539583333333333215e+01,2.065193505026509044e-02
1.541666666666666607e+01,2.065809881942163098e-02
1.543750000000000000e+01,2.066297362653573416e-02
1.545833333333333215e+01,2.066725147392010908e-02
1.547916666666666607e+01,2.067118775700429317e-02
1.550000000000000000e+01,2.067495072544623877e-02
1.552083333333333215e+01,2.067489786756519093e-02
1.554166666666666607e+01,2.067364567948158996e-02
1.556250000000000000e+01,2.067190632378518647e-02
1.558333333333333215e+01,2.067073052921288012e-02
1.560416666666666607e+01,2.085413231144589777e-02
1.562500000000000000e+01,2.146213341392562077e-02
1.564583333333333215e+01,2.263579475824575166e-02
1.566666666666666607e+01,2.445020473715249498e-02
1.568750000000000000e+01,2.694069167234571655e-02
1.570833333333333215e+01,3.011644419339345319e-02
1.572916666666666607e+01,3.396926526272855268e-02
1.575000000000000000e+01,3.847753126031520921e-02
1.577083333333333215e+01,4.361588445338424047e-02
1.579166666666666607e+01,4.935738780847728074e-02
1.581250000000000000e+01,5.567439774247737172e-02
1.583333333333333215e+01,6.253790165370452792e-02
1.585416666666666607e+01,6.991784191774100266e-02
1.587500000000000000e+01,7.778503383017000561e-02
1.589583333333333215e+01,8.611110690456541539e-02
1.591666666666666607e+01,9.486900745848339533e-02
1.593750000000000000e+01,1.040349540627328040e-01
1.595833333333333215e+01,1.135866776750091289e-01
1.597916666666666607e+01,1.234982875336324004e-01
1.600000000000000000e+01,1.337517495911920429e-01
1.602083333333333215e+01,1.443301363273694349e-01
1.604166666666666430e+01,1.552145558317305774e-01
1.606250000000000000e+01,1.663869048703297271e-01
1.608333333333333215e+01,1.778293500408991423e-01
1.610416666666666430e+01,1.895257963590863126e-01
1.612500000000000000e+01,2.014614757043075022e-01
1.614583333333333215e+01,2.136213631322809725e-01
1.616666666666666430e+01,2.259921765106408797e-01
1.618750000000000000e+01,2.385588777610639644e-01
1.620833333333333215e+01,2.513118476002429991e-01
1.622916666666666430e+01,2.642407880808186338e-01
1.625000000000000000e+01,2.773354185808606376e-01
1.627083333333333215e+01,2.905857398405269909e-01
1.629166666666666430e+01,3.039838542980217162e-01
1.631250000000000000e+01,3.175246353305674063e-01
1.633333333333333215e+01,3.312004235841756183e-01
1.635416666666666430e+01,3.450007454761258030e-01
1.637500000000000000e+01,3.589169980681495842e-01
1.639583333333333215e+01,3.729436693296376282e-01
1.641666666666666430e+01,3.870735842397197146e-01
1.643750000000000000e+01,4.012983051275272883e-01
1.645833333333333215e+01,4.156106053875109341e-01
1.647916666666666430e+01,4.300044869263630054e-01
1.650000000000000000e+01,4.444733779828483611e-01
1.652083333333333215e+01,4.590104905903223398e-01
1.654166666666666430e+01,4.736083459241084426e-01
1.656250000000000000e+01,4.882634911560515545e-01
1.658333333333333215e+01,5.029730298267544031e-01
1.660416666666666430e+01,5.177310029323276552e-01
1.662500000000000000e+01,5.325355564797232821e-01
1.664583333333333215e+01,5.473856049838912163e-01
1.666666666666666430e+01,5.622778751020263144e-01
1.668750000000000000e+01,5.772097687236071861e-01
1.670833333333333215e+01,5.921786816949548005e-01
1.672916666666666430e+01,6.071823744564746050e-01
1.675000000000000000e+01,6.222185528146688682e-01
1.677083333333333215e+01,6.372855445622107595e-01
1.679166666666666430e+01,6.523815595417213897e-01
1.681250000000000000e+01,6.675048926744300282e-01
1.683333333333333215e+01,6.826536633137082477e-01
1.685416666666666430e+01,6.978228910593414769e-01
1.687500000000000000e+01,7.130141192558074881e-01
1.689583333333333215e+01,7.282289996805860754e-01
1.691666666666666430e+01,7.432778082731301694e-01
1.693750000000000000e+01,7.579222589364112972e-01
1.695833333333333215e+01,7.720210940892088258e-01
1.697916666666666430e+01,7.855005192468712538e-01
1.700000000000000000e+01,7.983436457669615960e-01
1.702083333333333215e+01,8.105756247989193142e-01
1.704166666666666430e+01,8.222469490753413490e-01
1.706250000000000000e+01,8.334172197485617550e-01
1.708333333333333215e+01,8.441348477403415318e-01
1.710416666666666430e+01,8.544282288893281230e-01
1.712500000000000000e+01,8.643066790957800727e-01
1.714583333333333215e+01,8.737661739959203810e-01
1.716666666666666430e+01,8.827863202260439746e-01
1.718750000000000000e+01,8.913367085901651166e-01
1.720833333333333215e+01,8.993889633982018461e-01
1.722916666666666430e+01,9.069108110933381539e-01
1.725000000000000000e+01,9.138705214801364773e-01
1.727083333333333215e+01,9.202509196580267448e-01
1.729166666666666430e+01,9.260537676416312758e-01
1.731250000000000000e+01,9.312826602339594473e-01
1.733333333333333215e+01,9.359461849156399671e-01
1.735416666666666430e+01,9.400819904286835671e-01
1.737500000000000000e+01,9.437427507225844003e-01
1.739583333333333215e+01,9.469738417820979803e-01
1.741666666666666430e+01,9.498288202554800996e-01
1.743750000000000000e+01,9.523867338173409580e-01
1.745833333333333215e+01,9.547223241495441659e-01
1.747916666666666430e+01,9.568717835973019614e-01
1.750000000000000000e+01,9.588647016275294588e-01
1.752083333333333215e+01,9.607513727865784059e-01
1.754166666666666430e+01,9.625805406512580875e-01
1.756250000000000000e+01,9.643673259559042421e-01
1.758333333333333215e+01,9.661168452629403935e-01
1.760416666666666430e+01,9.678508763316620023e-01
1.762500000000000000e+01,9.695829089073928486e-01
1.764583333333333215e+01,9.713040593230587438e-01
1.766666666666666430e+01,9.730028294714830883e-01
1.768750000000000000e+01,9.746763438035144222e-01
1.770833333333333215e+01,9.763187884361048674e-01
1.772916666666666430e+01,9.779158464628704417e-01
1.775000000000000000e+01,9.794609780310071789e-01
1.777083333333333215e+01,9.809527416296045521e-01
1.779166666666666430e+01,9.823857701503355688e-01
1.781250000000000000e+01,9.837558471987215558e-01
1.783333333333333215e+01,9.850649493849381599e-01
1.785416666666666430e+01,9.863114072566032675e-01
1.787500000000000000e+01,9.874975862465257270e-01
1.789583333333333215e+01,9.886268940607009226e-01
1.791666666666666430e+01,9.896990769110928232e-01
1.793750000000000000e+01,9.907128053522445965e-01
1.795833333333333215e+01,9.916691956012387843e-01
1.797916666666666430e+01,9.925732128988473679e-01
1.800000000000000000e+01,9.934272097991013739e-01
1.802083333333333215e+01,9.942317732490136839e-01
1.804166666666666430e+01,9.949912152662754306e-01
1.806250000000000000e+01,9.957110192552790506e-01
1.808333333333333215e+01,9.963940010877667675e-01
1.810416666666666430e+01,9.970413348826800970e-01
1.812500000000000000e+01,9.976533376356291338e-01
1.814583333333333215e+01,9.982310863133486700e-01
1.816666666666666430e+01,9.987766335610299695e-01
1.818750000000000000e+01,9.992901940542160411e-01
1.820833333333333215e+01,9.997707976805367824e-01
1.822916666666666430e+01,1.000220263762183981e+00
1.825000000000000000e+01,1.000628434849034409e+00
1.827083333333333215e+01,1.000796727150251142e+00
1.829166666666666430e+01,1.000493565345923930e+00
1.831250000000000000e+01,9.995956223571350607e-01
1.833333333333333215e+01,9.980646134978022888e-01
1.835416666666666430e+01,9.959043287482909346e-01
1.837500000000000000e+01,9.931379266533272299e-01
1.839583333333333215e+01,9.897964083478226760e-01
1.841666666666666430e+01,9.859064472416432245e-01
1.843750000000000000e+01,9.814863069360089121e-01
1.845833333333333215e+01,9.765484393378934813e-01
1.847916666666666430e+01,9.710946447868603615e-01
1.850000000000000000e+01,9.651153835849158868e-01
1.852083333333333215e+01,9.585995264327976662e-01
1.854166666666666430e+01,9.515386308681690331e-01
1.856250000000000000e+01,9.439191234325837732e-01
1.858333333333333215e+01,9.357328048337953952e-01
1.860416666666666430e+01,9.269815377927657085e-01
1.862500000000000000e+01,9.176734891764961599e-01
1.864583333333333215e+01,9.078256565175475412e-01
1.866666666666666430e+01,8.974674059960455752e-01
1.868750000000000000e+01,8.866273620964133517e-01
1.870833333333333215e+01,8.753372078903578490e-01
1.872916666666666430e+01,8.636473114963075792e-01
1.875000000000000000e+01,8.516104871334465587e-01
1.877083333333333215e+01,8.392569225633690344e-01
1.879166666666666430e+01,8.266092817116850178e-01
1.881250000000000000e+01,8.137118460934629205e-01
1.883333333333333215e+01,8.006220414106807182e-01
1.885416666666666430e+01,7.873728302735967244e-01
1.887500000000000000e+01,7.739901806992880440e-01
1.889583333333333215e+01,7.605161451348002588e-01
1.891666666666666430e+01,7.469864009753816037e-01
1.893750000000000000e+01,7.334074380624813205e-01
1.895833333333333215e+01,7.197723633856489833e-01
1.897916666666666430e+01,7.060774361206914040e-01
1.900000000000000000e+01,6.923261109005320879e-01
1.902083333333333215e+01,6.785135950001398575e-01
1.904166666666666430e+01,6.646323309700464810e-01
1.906250000000000000e+01,6.506857692835203988e-01
1.908333333333333215e+01,6.366744688006445996e-01
1.910416666666666430e+01,6.225890948604926312e-01
1.912500000000000000e+01,6.084254467321674742e-01
1.914583333333333215e+01,5.941823337053806497e-01
1.916666666666666430e+01,5.798602597125359637e-01
1.918750000000000000e+01,5.654591487186179100e-01
1.920833333333333215e+01,5.509796921821615845e-01
1.922916666666666430e+01,5.364218941478136049e-01
1.925000000000000000e+01,5.217900054097197593e-01
1.927083333333333215e+01,5.070938698072094963e-01
1.929166666666666430e+01,4.923368981215743290e-01
1.931250000000000000e+01,4.775221749607658772e-01
1.933333333333333215e+01,4.626519616024727943e-01
1.935416666666666430e+01,4.477284512249731785e-01
1.937500000000000000e+01,4.327567235720565786e-01
1.939583333333333215e+01,4.177384056170880267e-01
1.941666666666666430e+01,4.026774960222437860e-01
1.943750000000000000e+01,3.875731778105769298e-01
1.945833333333333215e+01,3.724296327490324576e-01
1.947916666666666430e+01,3.572518465378922703e-01
1.950000000000000000e+01,3.420389407838376195e-01
1.952083333333333215e+01,3.267928476167840102e-01
1.954166666666666430e+01,3.115152524791067745e-01
1.956250000000000000e+01,2.962066504635990638e-01
1.958333333333333215e+01,2.810554577533088128e-01
1.960416666666666430e+01,2.662952886737927627e-01
1.962500000000000000e+01,2.520742132458800855e-01
1.964583333333333215e+01,2.384753142799888315e-01
1.966666666666666430e+01,2.255324259142106880e-01
1.968750000000000000e+01,2.132575084609554528e-01
1.970833333333333215e+01,2.016455352962879255e-01
1.972916666666666430e+01,1.906766050566801873e-01
1.975000000000000000e+01,1.803271123592352088e-01
1.977083333333333215e+01,1.705727670677386343e-01
1.979166666666666430e+01,1.613858751813545267e-01
1.981250000000000000e+01,1.527357361738648778e-01
1.983333333333333215e+01,1.445912173005897694e-01
1.985416666666666430e+01,1.369258389160748213e-01
1.987500000000000000e+01,1.297141568654523180e-01
1.989583333333333215e+01,1.229282645792927620e-01
1.991666666666666430e+01,1.165405496545658670e-01
1.993750000000000000e+01,1.105296655418275126e-01
1.995833333333333215e+01,1.048737608466834698e-01
1.997916666666666430e+01,9.955165294602057180e-02
2.000000000000000000e+01,9.454158799261551394e-02
2.002083333333333215e+01,8.982667536401615915e-02
2.004166666666666430e+01,8.539153509169269962e-02
2.006250000000000000e+01,8.122084269484131092e-02
2.008333333333333215e+01,7.730007573425064227e-02
2.010416666666666430e+01,7.361505930563370936e-02
2.012500000000000000e+01,7.015126112985334284e-02
2.014583333333333215e+01,6.689403220661692406e-02
2.016666666666666430e+01,6.383042516753563433e-02
2.018750000000000000e+01,6.094909122338956070e-02
2.020833333333333215e+01,5.823801880659543878e-02
2.022916666666666430e+01,5.568735348667021995e-02
2.025000000000000000e+01,5.328799307503100102e-02
2.027083333333333215e+01,5.103056930715930278e-02
2.029166666666666430e+01,4.890672228549328843e-02
2.031250000000000000e+01,4.690872309068053886e-02
2.033333333333333215e+01,4.502828585928055072e-02
2.035416666666666430e+01,4.325597459760420482e-02
2.037500000000000000e+01,4.158512521849414695e-02
2.039583333333333215e+01,4.001083647986157510e-02
2.041666666666666430e+01,3.852943488269149064e-02
2.043750000000000000e+01,3.713484147747058567e-02
2.045833333333333215e+01,3.582333241663194362e-02
2.047916666666666430e+01,3.459176863421725007e-02
2.050000000000000000e+01,3.343458247761035840e-02
2.052083333333333215e+01,3.234542203900313273e-02
2.054166666666666430e+01,3.131969589504057100e-02
2.056250000000000000e+01,3.035487715230481692e-02
2.058333333333333215e+01,2.944798469759630014e-02
2.060416666666666430e+01,2.859444046008313353e-02
2.062500000000000000e+01,2.779113690125559546e-02
2.064583333333333215e+01,2.703681845818495938e-02
2.066666666666666430e+01,2.632868686846360357e-02
2.068750000000000000e+01,2.566288141553494523e-02
2.070833333333333215e+01,2.503502908708463495e-02
2.072916666666666430e+01,2.444475153702286088e-02
2.075000000000000000e+01,2.388940046261495490e-02
2.077083333333333215e+01,2.336703199783931109e-02
2.079166666666666430e+01,2.287675861994186224e-02
2.081250000000000000e+01,2.241642191762541550e-02
2.083333333333333215e+01,2.198285969498785589e-02
2.085416666666666430e+01,2.157210529620067277e-02
2.087500000000000000e+01,2.118468212897736333e-02
2.089583333333333215e+01,2.082033858417076111e-02
2.091666666666666430e+01,2.047685046525362512e-02
2.093750000000000000e+01,2.015400214406070159e-02
2.095833333333333215e+01,1.985133484938064394e-02
2.097916666666666430e+01,1.956603347444091714e-02
2.100000000000000000e+01,1.929581996299415542e-02
2.102083333333333215e+01,1.903982205912503611e-02
2.104166666666666430e+01,1.879694354117796701e-02
2.106250000000000000e+01,1.856716991465780578e-02
2.108333333333333215e+01,1.835021888726645622e-02
2.110416666666666430e+01,1.814599447978799615e-02
2.112500000000000000e+01,1.795560143892021426e-02
2.114583333333333215e+01,1.777802326558454785e-02
2.116666666666666430e+01,1.761308494167381292e-02
2.118750000000000000e+01,1.746107601532183307e-02
2.120833333333333215e+01,1.732023826695562943e-02
2.122916666666666430e+01,1.718784032846749910e-02
2.125000000000000000e+01,1.706368825615541679e-02
2.127083333333333215e+01,1.694801001252892181e-02
2.129166666666666430e+01,1.683859690158500885e-02
2.131250000000000000e+01,1.673599937450473071e-02
2.133333333333333215e+01,1.664057709291279913e-02
2.135416666666666430e+01,1.655127880104067389e-02
2.137500000000000000e+01,1.646757883015207563e-02
2.139583333333333215e+01,1.638938737543305449e-02
2.141666666666666430e+01,1.631609643084068126e-02
2.143750000000000000e+01,1.624618323637871606e-02
2.145833333333333215e+01,1.617909106790352963e-02
2.147916666666666430e+01,1.611589806941658015e-02
2.150000000000000000e+01,1.605673738471420989e-02
2.152083333333333215e+01,1.600015883432916175e-02
2.154166666666666430e+01,1.594613388012411370e-02
2.156250000000000000e+01,1.589595463539575718e-02
2.158333333333333215e+01,1.584928955326537700e-02
2.160416666666666430e+01,1.580414041281884979e-02
2.162500000000000000e+01,1.575949486872013985e-02
2.164583333333333215e+01,1.571680763866463090e-02
2.166666666666666430e+01,1.567663820258808141e-02
2.168750000000000000e+01,1.563913549769562275e-02
2.170833333333333215e+01,1.560610731660981229e-02
2.172916666666666430e+01,1.557790766060931746e-02
2.175000000000000000e+01,1.555308813168122285e-02
2.177083333333333215e+01,1.552948375358403736e-02
2.179166666666666430e+01,1.550526049382573192e-02
2.181250000000000000e+01,1.548187277563220499e-02
2.183333333333333215e+01,1.545878053535808087e-02
2.185416666666666430e+01,1.543611728208476447e-02
2.187500000000000000e+01,1.541565823852166645e-02
2.189583333333333215e+01,1.539504878248349092e-02
2.191666666666666430e+01,1.537389516747740201e-02
2.193750000000000000e+01,1.535394353144014373e-02
2.195833333333333215e+01,1.533606827945289269e-02
2.197916666666666430e+01,1.531950701917681248e-02
2.200000000000000000e+01,1.530464404561417482e-02
2.202083333333333215e+01,1.529118098841375506e-02
2.204166666666666430e+01,1.527994643686443089e-02
2.206250000000000000e+01,1.526948105755523977e-02
2.208333333333333215e+01,1.526142710447632792e-02
2.210416666666666430e+01,1.525377560490027463e-02
2.212500000000000000e+01,1.524745534286502634e-02
2.214583333333333215e+01,1.524316501795040628e-02
2.216666666666666430e+01,1.524008393186423831e-02
2.218750000000000000e+01,1.523471522461632664e-02
2.220833333333333215e+01,1.522979436066838020e-02
2.222916666666666430e+01,1.522381996413722273e-02
2.225000000000000000e+01,1.521957150880538442e-02
2.227083333333333215e+01,1.521783197114751421e-02
2.229166666666666430e+01,1.521624217276187040e-02
2.231250000000000000e+01,1.523270456876843308e-02
2.233333333333333215e+01,1.525326602385153156e-02
2.235416666666666430e+01,1.526623174813807222e-02
2.237500000000000000e+01,1.527412769562848903e-02
2.239583333333333215e+01,1.527882557272224918e-02
2.241666666666666430e+01,1.528229800190516324e-02
2.243750000000000000e+01,1.528530973157838334e-02
2.245833333333333215e+01,1.528668321965486257e-02
2.247916666666666430e+01,1.528623339979848055e-02
2.250000000000000000e+01,1.528480984542875815e-02
2.252083333333333215e+01,1.528367460294050711e-02
2.254166666666666430e+01,1.528163594991614575e-02
2.256250000000000000e+01,1.527787414627387874e-02
2.258333333333333215e+01,1.527340191785501143e-02
2.260416666666666430e+01,1.526573949750035381e-02
2.262500000000000000e+01,1.525845192671293135e-02
2.264583333333333215e+01,1.525378682369224990e-02
2.266666666666666430e+01,1.525087247596418685e-02
2.268750000000000000e+01,1.524927822692827978e-02
2.270833333333333215e+01,1.524869917983824250e-02
2.272916666666666430e+01,1.524795201943046456e-02
2.275000000000000000e+01,1.524861185193674730e-02
2.277083333333333215e+01,1.525025740627947504e-02
2.279166666666666430e+01,1.525391173537279932e-02
2.281250000000000000e+01,1.525730682312039475e-02
2.283333333333333215e+01,1.525754082847634828e-02
2.285416666666666430e+01,1.527685989982447909e-02
2.287500000000000000e+01,1.529414100433858399e-02
2.289583333333333215e+01,1.530574717521094100e-02
2.291666666666666430e+01,1.531256007946799926e-02
2.293750000000000000e+01,1.531660959450928047e-02
2.295833333333333215e+01,1.531826127980040822e-02
2.297916666666666430e+01,1.531863638968066106e-02
2.300000000000000000e+01,1.531962398319106945e-02
2.302083333333333215e+01,1.532060445615206906e-02
2.304166666666666430e+01,1.532257344634061977e-02
2.306250000000000000e+01,1.532619318942426631e-02
2.308333333333333215e+01,1.532870728960246919e-02
2.310416666666666430e+01,1.533095596741989447e-02
2.312500000000000000e+01,1.533248592476284602e-02
2.314583333333333215e+01,1.533471757541544390e-02
2.316666666666666430e+01,1.533889723089045844e-02
2.318750000000000000e+01,1.534392384226073228e-02
2.320833333333333215e+01,1.534974976704454874e-02
2.322916666666666430e+01,1.535212792623927985e-02
2.325000000000000000e+01,1.535362832693230525e-02
2.327083333333333215e+01,1.535668660627080573e-02
2.329166666666666430e+01,1.535978586209539760e-02
2.331250000000000000e+01,1.536162601910994602e-02
2.333333333333333215e+01,1.536393539355346630e-02
2.335416666666666430e+01,1.536649730300318484e-02
2.337500000000000000e+01,1.537021335059639802e-02
2.339583333333333215e+01,1.537375254056973749e-02
2.341666666666666430e+01,1.537766973106507659e-02
2.343750000000000000e+01,1.538264780148010380e-02
2.345833333333333215e+01,1.538869534400397719e-02
2.347916666666666430e+01,1.539505810000708387e-02
2.350000000000000000e+01,1.540171059249960395e-02
2.352083333333333215e+01,1.540842895757070334e-02
2.354166666666666430e+01,1.541516442474123380e-02
2.356250000000000000e+01,1.541970775094205284e-02
2.358333333333333215e+01,1.542367435586337009e-02
2.360416666666666430e+01,1.542658876563506726e-02
2.362500000000000000e+01,1.542990746448849766e-02
2.364583333333333215e+01,1.543389125977857532e-02
2.366666666666666430e+01,1.543747648351551094e-02
2.368750000000000000e+01,1.544127577745112688e-02
2.370833333333333215e+01,1.544568745848852280e-02
2.372916666666666430e+01,1.544874653439436141e-02
2.375000000000000000e+01,1.545145347464186442e-02
2.377083333333333215e+01,1.545446480833969315e-02
2.379166666666666430e+01,1.545608545232628715e-02
2.381250000000000000e+01,1.545842254447280482e-02
2.383333333333333215e+01,1.546056988936745334e-02
2.385416666666666430e+01,1.546285978618423124e-02
2.387500000000000000e+01,1.546503778916358610e-02
2.389583333333333215e+01,1.546829016035061732e-02
2.391666666666666430e+01,1.547346381579983547e-02
2.393750000000000000e+01,1.547966782566144103e-02
2.395833333333333215e+01,1.548614243972071432e-02
2.397916666666666430e+01,1.549246841981010391e-02
2.400000000000000000e+01,1.549889355557617504e-02
2.402083333333333215e+01,1.550472535382850861e-02
2.404166666666666430e+01,1.550945843163565284e-02
2.406250000000000000e+01,1.551299203944347081e-02
2.408333333333333215e+01,1.551605517334748822e-02
2.410416666666666430e+01,1.551945189937381855e-02
2.412500000000000000e+01,1.552027010531655850e-02
2.414583333333333215e+01,1.551870046946860794e-02
2.416666666666666430e+01,1.551585577343232887e-02
2.418750000000000000e+01,1.550794199552065281e-02
2.420833333333333215e+01,1.550003860441849513e-02
2.422916666666666430e+01,1.549394376346426537e-02
2.425000000000000000e+01,1.549152172290348302e-02
2.427083333333333215e+01,1.549194946602163760e-02
2.429166666666666430e+01,1.549496817620030394e-02
2.431250000000000000e+01,1.550128580449907333e-02
2.433333333333333215e+01,1.550863708083013472e-02
2.435416666666666430e+01,1.551593290336214861e-02
2.437500000000000000e+01,1.552322034638906577e-02
2.439583333333333215e+01,1.552899896469970946e-02
2.441666666666666430e+01,1.553372106448554051e-02
2.443750000000000000e+01,1.553733027822736500e-02
2.445833333333333215e+01,1.554165224076760853e-02
2.447916666666666430e+01,1.554826472756542545e-02
2.450000000000000000e+01,1.555496965303880888e-02
2.452083333333333215e+01,1.556134321406167469e-02
2.454166666666666430e+01,1.556831012857913012e-02
2.456250000000000000e+01,1.557572875771134208e-02
2.458333333333333215e+01,1.558344143875323856e-02
2.460416666666666430e+01,1.559102535551144982e-02
2.462500000000000000e+01,1.559864498778402303e-02
2.464583333333333215e+01,1.560692601091960910e-02
2.466666666666666430e+01,1.561345405944529995e-02
2.468750000000000000e+01,1.561903724854258289e-02
2.470833333333333215e+01,1.562369196747779264e-02
2.472916666666666430e+01,1.562885078354610269e-02
2.475000000000000000e+01,1.563338919531323881e-02
2.477083333333333215e+01,1.563780667922508305e-02
2.479166666666666430e+01,1.564276103167632631e-02
2.481250000000000000e+01,1.564799662533094063e-02
2.483333333333333215e+01,1.565345088487780575e-02
2.485416666666666430e+01,1.565908617854410573e-02
2.487500000000000000e+01,1.566537367576520401e-02
2.489583333333333215e+01,1.567228134851405760e-02
2.491666666666666430e+01,1.567810964164067719e-02
2.493750000000000000e+01,1.568341264546535205e-02
2.495833333333333215e+01,1.568915385118724304e-02
2.497916666666666430e+01,1.569534192892143784e-02
2.500000000000000000e+01,1.570060389039253448e-02
2.502083333333333215e+01,1.570521592469452735e-02
2.504166666666666430e+01,1.570974791007817561e-02
2.506250000000000000e+01,1.571447001419448708e-02
2.508333333333333215e+01,1.571864539731974986e-02
2.510416666666666430e+01,1.572224097781982702e-02
2.512500000000000000e+01,1.572537297472924658e-02
2.514583333333333215e+01,1.572856208308109904e-02
2.516666666666666430e+01,1.573065440350234975e-02
2.518750000000000000e+01,1.573214566699602038e-02
2.520833333333333215e+01,1.573406954661333776e-02
2.522916666666666430e+01,1.573712315152252586e-02
2.525000000000000000e+01,1.574151909053364898e-02
2.527083333333333215e+01,1.574635625015539594e-02
2.529166666666666430e+01,1.575123393023159998e-02
2.531250000000000000e+01,1.575656994673670097e-02
2.533333333333333215e+01,1.576216670138119724e-02
2.535416666666666430e+01,1.576700269458853124e-02
2.537500000000000000e+01,1.577080459910447721e-02
2.539583333333333215e+01,1.577129441553286673e-02
2.541666666666666430e+01,1.577116004831770335e-02
2.543750000000000000e+01,1.577118752124356121e-02
2.545833333333333215e+01,1.577187363774014764e-02
2.547916666666666430e+01,1.577458061790628849e-02
2.550000000000000000e+01,1.577914575885870987e-02
2.552083333333333215e+01,1.578325150832837406e-02
2.554166666666666430e+01,1.578641891313034909e-02
2.556250000000000000e+01,1.578910862413480248e-02
2.558333333333333215e+01,1.579022200063043627e-02
2.560416666666666430e+01,1.579181871908768783e-02
2.562500000000000000e+01,1.579296665816289774e-02
2.564583333333333215e+01,1.579456868730814284e-02
2.566666666666666430e+01,1.579832271345877129e-02
2.568750000000000000e+01,1.580346537928080039e-02
2.570833333333333215e+01,1.580902016516908329e-02
2.572916666666666430e+01,1.581211236768480244e-02
2.575000000000000000e+01,1.581442187542627179e-02
2.577083333333333215e+01,1.581560366470069826e-02
2.579166666666666430e+01,1.581621756114492613e-02
2.581250000000000000e+01,1.581356029181393841e-02
2.583333333333333215e+01,1.580866012416869137e-02
2.585416666666666430e+01,1.580404393253143427e-02
2.587500000000000000e+01,1.580065729502710611e-02
2.589583333333333215e+01,1.579873919246532407e-02
2.591666666666666430e+01,1.579874617348970764e-02
2.593750000000000000e+01,1.580014451766730346e-02
2.595833333333333215e+01,1.580185675939650009e-02
2.597916666666666430e+01,1.580273602659768017e-02
2.600000000000000000e+01,1.580463806730017864e-02
2.602083333333333215e+01,1.580702840384161367e-02
2.604166666666666430e+01,1.581091553519789125e-02
2.606250000000000000e+01,1.581529256154422247e-02
2.608333333333333215e+01,1.581953097503508224e-02
2.610416666666666430e+01,1.582502795349430280e-02
2.612500000000000000e+01,1.583130714731985356e-02
2.614583333333333215e+01,1.583787314646971020e-02
2.616666666666666430e+01,1.584408243306919747e-02
2.618750000000000000e+01,1.584960154852031386e-02
2.620833333333333215e+01,1.585239558352471642e-02
2.622916666666666430e+01,1.585361605152321371e-02
2.625000000000000000e+01,1.585373399901439384e-02
2.627083333333333215e+01,1.585409025886427847e-02
2.629166666666666430e+01,1.585575595491181891e-02
2.631250000000000000e+01,1.585826018166432497e-02
2.633333333333333215e+01,1.586241941752090240e-02
2.635416666666666430e+01,1.586850808081093425e-02
2.637500000000000000e+01,1.587530592893311721e-02
2.639583333333333215e+01,1.587756728577163767e-02
2.641666666666666430e+01,1.587688083156962165e-02
2.643750000000000000e+01,1.587830442607636103e-02
2.645833333333333215e+01,1.588012919740189668e-02
2.647916666666666430e+01,1.588288346201907966e-02
2.650000000000000000e+01,1.588464022201680273e-02
2.652083333333333215e+01,1.588231892000475237e-02
2.654166666666666430e+01,1.588033344816170214e-02
2.656250000000000000e+01,1.588036934300350936e-02
2.658333333333333215e+01,1.588092280481492521e-02
2.660416666666666430e+01,1.588238205307663034e-02
2.662500000000000000e+01,1.588596408209939220e-02
2.664583333333333215e+01,1.589146167295754641e-02
2.666666666666666430e+01,1.589711436089116456e-02
2.668750000000000000e+01,1.590267241173177332e-02
2.670833333333333215e+01,1.590892245729866317e-02
2.672916666666666430e+01,1.591052640217365324e-02
2.675000000000000000e+01,1.591018026924319317e-02
2.677083333333333215e+01,1.591182015249263670e-02
2.679166666666666430e+01,1.591528817595767517e-02
2.681250000000000000e+01,1.592102702971627884e-02
2.683333333333333215e+01,1.592871017721341625e-02
2.685416666666666430e+01,1.593686618631905486e-02
2.687500000000000000e+01,1.594420725325588692e-02
2.689583333333333215e+01,1.594994555315903603e-02
2.691666666666666430e+01,1.595369876217581431e-02
2.693750000000000000e+01,1.595656506898535110e-02
2.695833333333333215e+01,1.595932261480292533e-02
2.697916666666666430e+01,1.596225816550338530e-02
2.700000000000000000e+01,1.596626977893750993e-02
2.702083333333333215e+01,1.596836965148345014e-02
2.704166666666666430e+01,1.596949227746514641e-02
2.706250000000000000e+01,1.597082249518579078e-02
2.708333333333333215e+01,1.597251623894162947e-02
2.710416666666666430e+01,1.597583097070907204e-02
2.712500000000000000e+01,1.598016385662011374e-02
2.714583333333333215e+01,1.598368350342875902e-02
2.716666666666666430e+01,1.598663081768316244e-02
2.718750000000000000e+01,1.599089384757251819e-02
2.720833333333333215e+01,1.599655443390752066e-02
2.722916666666666430e+01,1.600225453785144789e-02
2.725000000000000000e+01,1.600835029415291141e-02
2.727083333333333215e+01,1.601596581545867287e-02
2.729166666666666430e+01,1.602431745450167561e-02
2.731250000000000000e+01,1.603020493685359399e-02
2.733333333333333215e+01,1.603588665874359359e-02
2.735416666666666430e+01,1.604326407923747574e-02
2.737500000000000000e+01,1.605122583619253765e-02
2.739583333333333215e+01,1.605807459734757622e-02
2.741666666666666430e+01,1.606509420772337868e-02
2.743750000000000000e+01,1.607318429808821114e-02
2.745833333333333215e+01,1.608154536600476733e-02
2.747916666666666430e+01,1.608993979712543612e-02
2.750000000000000000e+01,1.609805449024794693e-02
2.752083333333333215e+01,1.610544530537900976e-02
2.754166666666666430e+01,1.611168005199202155e-02
2.756250000000000000e+01,1.611600919681749691e-02
2.758333333333333215e+01,1.611792527293808355e-02
2.760416666666666430e+01,1.611882516904908705e-02
2.762500000000000000e+01,1.611915604876650379e-02
2.764583333333333215e+01,1.612061818982476330e-02
2.766666666666666430e+01,1.612328082416630490e-02
2.768750000000000000e+01,1.612511087190088982e-02
2.770833333333333215e+01,1.612610606449406750e-02
2.772916666666666430e+01,1.612553732568227510e-02
2.775000000000000000e+01,1.612287624838444969e-02
2.777083333333333215e+01,1.611947156359763711e-02
2.779166666666666430e+01,1.611829215693473885e-02
2.781250000000000000e+01,1.612067645834323534e-02
2.783333333333333215e+01,1.612550644396300997e-02
2.785416666666666430e+01,1.613175188847015135e-02
2.787500000000000000e+01,1.613911214569617794e-02
2.789583333333333215e+01,1.614632606542856091e-02
2.791666666666666430e+01,1.615309761537984251e-02
2.793750000000000000e+01,1.615822668933397308e-02
2.795833333333333215e+01,1.616246359387642217e-02
2.797916666666666430e+01,1.616663833168805256e-02
2.800000000000000000e+01,1.617037769542181008e-02
2.802083333333333215e+01,1.617474558499103210e-02
2.804166666666666430e+01,1.617972657786865762e-02
2.806250000000000000e+01,1.618420065894534549e-02
2.808333333333333215e+01,1.618684479606261051e-02
2.810416666666666430e+01,1.618922995973015935e-02
2.812500000000000000e+01,1.619198859597804907e-02
2.814583333333333215e+01,1.619534985597009813e-02
2.816666666666666430e+01,1.619966902227112232e-02
2.818750000000000000e+01,1.620423538620566206e-02
2.820833333333333215e+01,1.620894230664830099e-02
2.822916666666666430e+01,1.621298463051703415e-02
2.825000000000000000e+01,1.621672784458917660e-02
2.827083333333333215e+01,1.622040303375419865e-02
2.829166666666666430e+01,1.622395178109572317e-02
2.831250000000000000e+01,1.622624580513219728e-02
2.833333333333333215e+01,1.622833333789205912e-02
2.835416666666666430e+01,1.623131543415520101e-02
2.837500000000000000e+01,1.623466066310262634e-02
2.839583333333333215e+01,1.623828205438129432e-02
2.841666666666666430e+01,1.624265284292350509e-02
2.843750000000000000e+01,1.624545152510669527e-02
2.845833333333333215e+01,1.624670928684360249e-02
2.847916666666666430e+01,1.624713171286309987e-02
2.850000000000000000e+01,1.624679704028767976e-02
2.852083333333333215e+01,1.624772611885630380e-02
2.854166666666666430e+01,1.625033829732692309e-02
2.856250000000000000e+01,1.625426658270408969e-02
2.858333333333333215e+01,1.625953579093479887e-02
2.860416666666666430e+01,1.626575410545935338e-02
2.862500000000000000e+01,1.627251387809613981e-02
2.864583333333333215e+01,1.627938916487770005e-02
2.866666666666666430e+01,1.628570254329188630e-02
2.868750000000000000e+01,1.629119263729159051e-02
2.870833333333333215e+01,1.629641971672973408e-02
2.872916666666666430e+01,1.629978186237041396e-02
2.875000000000000000e+01,1.630143959786586189e-02
2.877083333333333215e+01,1.630277903241428988e-02
2.879166666666666430e+01,1.630461015041740139e-02
2.881250000000000000e+01,1.630754225686111350e-02
2.883333333333333215e+01,1.630890330494396204e-02
2.885416666666666430e+01,1.630929054495957112e-02
2.887500000000000000e+01,1.630906500994359562e-02
2.889583333333333215e+01,1.631003438479451326e-02
2.891666666666666430e+01,1.631264989256596409e-02
2.893750000000000000e+01,1.631488197546086122e-02
2.895833333333333215e+01,1.631600127626396321e-02
2.897916666666666430e+01,1.631484747187395695e-02
2.900000000000000000e+01,1.631404730004320028e-02
2.902083333333333215e+01,1.631473227331923376e-02
2.904166666666666430e+01,1.631713518479328481e-02
2.906250000000000000e+01,1.631934559552291816e-02
2.908333333333333215e+01,1.632218524743615090e-02
2.910416666666666430e+01,1.632466496426330030e-02
2.912500000000000000e+01,1.632778653379594186e-02
2.914583333333333215e+01,1.633202525970286687e-02
2.916666666666666430e+01,1.633622837750908427e-02
2.918750000000000000e+01,1.633994142754965559e-02
2.920833333333333215e+01,1.634293681740905946e-02
2.922916666666666430e+01,1.634404768575512673e-02
2.925000000000000000e+01,1.634496341412500567e-02
2.927083333333333215e+01,1.634722245804508950e-02
2.929166666666666430e+01,1.634940408189471117e-02
2.931250000000000000e+01,1.635054703624393146e-02
2.933333333333333215e+01,1.635191219685258948e-02
2.935416666666666430e+01,1.635473253044901140e-02
2.937500000000000000e+01,1.635589344531102399e-02
2.939583333333333215e+01,1.635554233672225494e-02
2.941666666666666430e+01,1.635427490250399712e-02
2.943750000000000000e+01,1.635276234444554486e-02
2.945833333333333215e+01,1.635128081587423898e-02
2.947916666666666430e+01,1.635161861597557095e-02
2.950000000000000000e+01,1.635564262687247070e-02
2.952083333333333215e+01,1.636086930762991817e-02
2.954166666666666430e+01,1.636734351159136250e-02
2.956250000000000000e+01,1.637449817295909965e-02
2.958333333333333215e+01,1.638165310556527476e-02
2.960416666666666430e+01,1.638345565172869001e-02
2.962500000000000000e+01,1.638372445751175299e-02
2.964583333333333215e+01,1.638660862003176247e-02
2.966666666666666430e+01,1.639072033381594809e-02
2.968750000000000000e+01,1.639335096704547245e-02
2.970833333333333215e+01,1.639599087660434384e-02
2.972916666666666430e+01,1.640005701748614014e-02
2.975000000000000000e+01,1.640519310930180219e-02
2.977083333333333215e+01,1.640909222591450597e-02
2.979166666666666430e+01,1.641306182124955756e-02
2.981250000000000000e+01,1.641589261439450539e-02
2.983333333333333215e+01,1.641893356185855982e-02
2.985416666666666430e+01,1.642395438786833570e-02
2.987500000000000000e+01,1.642931042022093349e-02
2.989583333333333215e+01,1.643419318634204915e-02
2.991666666666666430e+01,1.643906532355353042e-02
2.993750000000000000e+01,1.644378383437572477e-02
2.995833333333333215e+01,1.644857964522633553e-02
2.997916666666666430e+01,1.645346540641376074e-02
3.000000000000000000e+01,1.645749253152907834e-02
3.002083333333333215e+01,1.646190202024737717e-02
3.004166666666666430e+01,1.646707078973089905e-02
3.006250000000000000e+01,1.647268413156870864e-02
3.008333333333333215e+01,1.647836542369592039e-02
3.010416666666666430e+01,1.648334221457428347e-02
3.012500000000000000e+01,1.648695634490707565e-02
3.014583333333333215e+01,1.648708994252202908e-02
3.016666666666666430e+01,1.648521327842136092e-02
3.018750000000000000e+01,1.648301017259203027e-02
3.020833333333333215e+01,1.648107150374733543e-02
3.022916666666666430e+01,1.648106747264194843e-02
3.025000000000000000e+01,1.648307211718109955e-02
3.027083333333333215e+01,1.648533036128569176e-02
3.029166666666666430e+01,1.648742163222265134e-02
3.031250000000000000e+01,1.649061037368565463e-02
3.033333333333333215e+01,1.649274748836669982e-02
3.035416666666666430e+01,1.649415431080107977e-02
3.037500000000000000e+01,1.649497929944330685e-02
3.039583333333333215e+01,1.649723766558580662e-02
3.041666666666666430e+01,1.649967125658859460e-02
3.043750000000000000e+01,1.650223762931668850e-02
3.045833333333333215e+01,1.650554067323055027e-02
3.047916666666666430e+01,1.650698643537447732e-02
3.050000000000000000e+01,1.650920625124896457e-02
3.052083333333333215e+01,1.651265114926920088e-02
3.054166666666666430e+01,1.651761209816919942e-02
3.056250000000000000e+01,1.652015735962635012e-02
3.058333333333333215e+01,1.652241811070893213e-02
3.060416666666666430e+01,1.652704065612399173e-02
3.062500000000000000e+01,1.653232834034071980e-02
3.064583333333333215e+01,1.653465381601722586e-02
3.066666666666666430e+01,1.653629289293566049e-02
3.068750000000000000e+01,1.653790144849026991e-02
3.070833333333333215e+01,1.653972553852564933e-02
3.072916666666666430e+01,1.653983542425376332e-02
3.075000000000000000e+01,1.654060914182200678e-02
3.077083333333333215e+01,1.654225781566790246e-02
3.079166666666666430e+01,1.654501083771846640e-02
3.081250000000000000e+01,1.654823333513153957e-02
3.083333333333333215e+01,1.655269875811523836e-02
3.085416666666666430e+01,1.655823792240329606e-02
3.087500000000000000e+01,1.656346348318248063e-02
3.089583333333333215e+01,1.656666278099136469e-02
3.091666666666666430e+01,1.656950560564869265e-02
3.093750000000000000e+01,1.657119893618186693e-02
3.095833333333333215e+01,1.657292035908049591e-02
3.097916666666666430e+01,1.657622051518181649e-02
3.100000000000000000e+01,1.658013805448321082e-02
3.102083333333333215e+01,1.658510298936858099e-02
3.104166666666666430e+01,1.658991298562375108e-02
3.106250000000000000e+01,1.659481062915249550e-02
3.108333333333333215e+01,1.659819961539213753e-02
3.110416666666666430e+01,1.660159263462959375e-02
3.112500000000000000e+01,1.660517209903441399e-02
3.114583333333333215e+01,1.660882245417745831e-02
3.116666666666666430e+01,1.661337122092871113e-02
3.118750000000000000e+01,1.661897631878148096e-02
3.120833333333333215e+01,1.662491336910487325e-02
3.122916666666666430e+01,1.662567635242680544e-02
3.125000000000000000e+01,1.662405332772703623e-02
3.127083333333333215e+01,1.662477427337108460e-02
3.129166666666666430e+01,1.662713341630621747e-02
3.131250000000000000e+01,1.663103138246697921e-02
3.133333333333333215e+01,1.663644157509637164e-02
3.135416666666666430e+01,1.663985206891471086e-02
3.137500000000000000e+01,1.664243214600203552e-02
3.139583333333333215e+01,1.664670648393007726e-02
3.141666666666666430e+01,1.665223134628215571e-02
3.143750000000000000e+01,1.665843881037206917e-02
3.145833333333333215e+01,1.666465873052641947e-02
3.147916666666666430e+01,1.667077037329990977e-02
3.150000000000000000e+01,1.667636173471709338e-02
3.152083333333333215e+01,1.668150371514349334e-02
3.154166666666666430e+01,1.668517121444305570e-02
3.156250000000000000e+01,1.668185826054997822e-02
3.158333333333333215e+01,1.667649190375558588e-02
3.160416666666666430e+01,1.667354243875225281e-02
3.162500000000000000e+01,1.667284314794709177e-02
3.164583333333333215e+01,1.667420847166926554e-02
3.166666666666666430e+01,1.667658885452983492e-02
3.168750000000000000e+01,1.667828731062973024e-02
3.170833333333333215e+01,1.668049625666487984e-02
3.172916666666666430e+01,1.668434661455754989e-02
3.175000000000000000e+01,1.668907268401183253e-02
3.177083333333333215e+01,1.669469112091300639e-02
3.179166666666666430e+01,1.670102896324866110e-02
3.181250000000000000e+01,1.670797280997870712e-02
3.183333333333333215e+01,1.671521944049855768e-02
3.185416666666666430e+01,1.672280416986201418e-02
3.187500000000000000e+01,1.673043899696252321e-02
3.189583333333333215e+01,1.673718440163280904e-02
3.191666666666666430e+01,1.674370289863351055e-02
3.193750000000000000e+01,1.675059899442194605e-02
3.195833333333333215e+01,1.675706831617354217e-02
3.197916666666666430e+01,1.675849563201889034e-02
3.200000000000000000e+01,1.675835235372745424e-02
3.202083333333332860e+01,1.675979924032693427e-02
3.204166666666666430e+01,1.676094517121565555e-02
3.206250000000000000e+01,1.676152906049150140e-02
3.208333333333332860e+01,1.675927898025587892e-02
3.210416666666666430e+01,1.675568000943326863e-02
3.212500000000000000e+01,1.675106935922513265e-02
3.214583333333332860e+01,1.674709391449795068e-02
3.216666666666666430e+01,1.674262022783031684e-02
3.218750000000000000e+01,1.673869460483315072e-02
3.220833333333332860e+01,1.673600467239240441e-02
3.222916666666666430e+01,1.673490752349107019e-02
3.225000000000000000e+01,1.673529165534096141e-02
3.227083333333332860e+01,1.673689691204354596e-02
3.229166666666666430e+01,1.673953098939785777e-02
3.231250000000000000e+01,1.674354708017207830e-02
3.233333333333332860e+01,1.674851421882461028e-02
3.235416666666666430e+01,1.675482471152809488e-02
3.237500000000000000e+01,1.676232000052554905e-02
3.239583333333332860e+01,1.677030702545115673e-02
3.241666666666666430e+01,1.677628772636443125e-02
3.243750000000000000e+01,1.678108933200592873e-02
3.245833333333332860e+01,1.678516605965580180e-02
3.247916666666666430e+01,1.678953887066054335e-02
3.250000000000000000e+01,1.679299885936672010e-02
3.252083333333332860e+01,1.679629878081033770e-02
3.254166666666666430e+01,1.679824731142966557e-02
3.256250000000000000e+01,1.679512720307616003e-02
3.258333333333332860e+01,1.679043443722615450e-02
3.260416666666666430e+01,1.678921312853991557e-02
3.262500000000000000e+01,1.679149536348409355e-02
3.264583333333332860e+01,1.679591625786082745e-02
3.266666666666666430e+01,1.680170329227437601e-02
3.268750000000000000e+01,1.680151062259380157e-02
3.270833333333332860e+01,1.679929838074904064e-02
3.272916666666666430e+01,1.679658770259678802e-02
3.275000000000000000e+01,1.679268566319272460e-02
3.277083333333332860e+01,1.679066008855280637e-02
3.279166666666666430e+01,1.678951180523034423e-02
3.281250000000000000e+01,1.679075547089316223e-02
3.283333333333332860e+01,1.679508317997796887e-02
3.285416666666666430e+01,1.679916149519524587e-02
3.287500000000000000e+01,1.680404843985540062e-02
3.289583333333332860e+01,1.680371632872415533e-02
3.291666666666666430e+01,1.680233204215433873e-02
3.293750000000000000e+01,1.680424151515592587e-02
3.295833333333332860e+01,1.680864220729014896e-02
3.297916666666666430e+01,1.681260196872640111e-02
3.300000000000000000e+01,1.681679439356007291e-02
3.302083333333332860e+01,1.681584388751400372e-02
3.304166666666666430e+01,1.681451820572320288e-02
3.306250000000000000e+01,1.681474419615185470e-02
3.308333333333332860e+01,1.681683757380298197e-02
3.310416666666666430e+01,1.682065213910449719e-02
3.312500000000000000e+01,1.682629768443245910e-02
3.314583333333332860e+01,1.682983134203988249e-02
3.316666666666666430e+01,1.683352681666532707e-02
3.318750000000000000e+01,1.683974381925511937e-02
3.320833333333332860e+01,1.684757516274997674e-02
3.322916666666666430e+01,1.685328095442096413e-02
3.325000000000000000e+01,1.685854683795229639e-02
3.327083333333332860e+01,1.686526987892321069e-02
3.329166666666666430e+01,1.687306547751696306e-02
3.331250000000000000e+01,1.688128347618881100e-02
3.333333333333332860e+01,1.688980031723649744e-02
3.335416666666666430e+01,1.689843253069608225e-02
3.337500000000000000e+01,1.690691098634254999e-02
3.339583333333332860e+01,1.691427094129793404e-02
3.341666666666666430e+01,1.692115046418437088e-02
3.343750000000000000e+01,1.692740277598801107e-02
3.345833333333332860e+01,1.692991512650216662e-02
3.347916666666666430e+01,1.692610275538185965e-02
3.350000000000000000e+01,1.692213681864369879e-02
3.352083333333332860e+01,1.692113948732678480e-02
3.354166666666666430e+01,1.692280478911643848e-02
3.356250000000000000e+01,1.692690146518130087e-02
3.358333333333332860e+01,1.693227001337807569e-02
3.360416666666666430e+01,1.693739226285026489e-02
3.362500000000000000e+01,1.694219552156289374e-02
3.364583333333332860e+01,1.694470678828698118e-02
3.366666666666666430e+01,1.694662667353074789e-02
3.368750000000000000e+01,1.694730176105947728e-02
3.370833333333332860e+01,1.694864834263883763e-02
3.372916666666666430e+01,1.695017389291603171e-02
3.375000000000000000e+01,1.695128977784594523e-02
3.377083333333332860e+01,1.695378097809681003e-02
3.379166666666666430e+01,1.695812196817966105e-02
3.381250000000000000e+01,1.696382520080293513e-02
3.383333333333332860e+01,1.697013781647573744e-02
3.385416666666666430e+01,1.697412821562716695e-02
3.387500000000000000e+01,1.697622563736457188e-02
3.389583333333332860e+01,1.697844100392118319e-02
3.391666666666666430e+01,1.698146967677519048e-02
3.393750000000000000e+01,1.698552918636183143e-02
3.395833333333332860e+01,1.699019991568907414e-02
3.397916666666666430e+01,1.699468966211393345e-02
3.400000000000000000e+01,1.699913211532722707e-02
3.402083333333332860e+01,1.700418726878009240e-02
3.404166666666666430e+01,1.700783268666141573e-02
3.406250000000000000e+01,1.701028113019471474e-02
3.408333333333332860e+01,1.701316661472302913e-02
3.410416666666666430e+01,1.701723528525431184e-02
3.412500000000000000e+01,1.702191077151596343e-02
3.414583333333332860e+01,1.702609840053075085e-02
3.416666666666666430e+01,1.703010455947592469e-02
3.418750000000000000e+01,1.703411832076574123e-02
3.420833333333332860e+01,1.703679305960654686e-02
3.422916666666666430e+01,1.703884927641489272e-02
3.425000000000000000e+01,1.704177668088572781e-02
3.427083333333332860e+01,1.704626495505889155e-02
3.429166666666666430e+01,1.705197375390157810e-02
3.431250000000000000e+01,1.705794684041686549e-02
3.433333333333332860e+01,1.706372254401873276e-02
3.435416666666666430e+01,1.706942130973627958e-02
3.437500000000000000e+01,1.707314876416721194e-02
3.439583333333332860e+01,1.707625761340085882e-02
3.441666666666666430e+01,1.707849498514628708e-02
3.443750000000000000e+01,1.708029374539968281e-02
3.445833333333332860e+01,1.708313138697895722e-02
3.447916666666666430e+01,1.708662037127953170e-02
3.450000000000000000e+01,1.709055860618514944e-02
3.452083333333332860e+01,1.709074480027595808e-02
3.454166666666666430e+01,1.709007362588003259e-02
3.456250000000000000e+01,1.709102093023332283e-02
3.458333333333332860e+01,1.709150229120584216e-02
3.460416666666666430e+01,1.708889563428150557e-02
3.462500000000000000e+01,1.708663710055171106e-02
3.464583333333332860e+01,1.708393945958011986e-02
3.466666666666666430e+01,1.708260897343435655e-02
3.468750000000000000e+01,1.708442594134587308e-02
3.470833333333332860e+01,1.708817980388621649e-02
3.472916666666666430e+01,1.709226427573184992e-02
3.475000000000000000e+01,1.709350592947679603e-02
3.477083333333332860e+01,1.709289224027536747e-02
3.479166666666666430e+01,1.709344574386690088e-02
3.481250000000000000e+01,1.709520580658877020e-02
3.483333333333332860e+01,1.709846397287537872e-02
3.485416666666666430e+01,1.710326475315187417e-02
3.487500000000000000e+01,1.710892302387155214e-02
3.489583333333332860e+01,1.711445410237333667e-02
3.491666666666666430e+01,1.712002832988670370e-02
3.493750000000000000e+01,1.712383051624054298e-02
3.495833333333332860e+01,1.712691135167658529e-02
3.497916666666666430e+01,1.713012234515450677e-02
3.500000000000000000e+01,1.713385648392896574e-02
3.502083333333332860e+01,1.713597323177360951e-02
3.504166666666666430e+01,1.713775213426731517e-02
3.506250000000000000e+01,1.713850947842941730e-02
3.508333333333332860e+01,1.713978812988695144e-02
3.510416666666666430e+01,1.713590331512833062e-02
3.512500000000000000e+01,1.713123793065800954e-02
3.514583333333332860e+01,1.713061509599912713e-02
3.516666666666666430e+01,1.713204528907467938e-02
3.518750000000000000e+01,1.713491045105841257e-02
3.520833333333332860e+01,1.713864037886825287e-02
3.522916666666666430e+01,1.713635000995225588e-02
3.525000000000000000e+01,1.713077239502887317e-02
3.527083333333332860e+01,1.712711920244550795e-02
3.529166666666666430e+01,1.712431464197774339e-02
3.531250000000000000e+01,1.712361532346308099e-02
3.533333333333332860e+01,1.712480870797111407e-02
3.535416666666666430e+01,1.712695166626013177e-02
3.537500000000000000e+01,1.713093216688245379e-02
3.539583333333332860e+01,1.713637947600330641e-02
3.541666666666666430e+01,1.714263444240427675e-02
3.543750000000000000e+01,1.714844537709565506e-02
3.545833333333332860e+01,1.715129569526514797e-02
3.547916666666666430e+01,1.715216093514796564e-02
3.550000000000000000e+01,1.715344256391437491e-02
3.552083333333332860e+01,1.715504302278155965e-02
3.554166666666666430e+01,1.715778489479756475e-02
3.556250000000000000e+01,1.716226933742925204e-02
3.558333333333332860e+01,1.716744295253287700e-02
3.560416666666666430e+01,1.717159338708420385e-02
3.562500000000000000e+01,1.717324904560950036e-02
3.564583333333332860e+01,1.717177639642146481e-02
3.566666666666666430e+01,1.717059139262224615e-02
3.568750000000000000e+01,1.717064354869806547e-02
3.570833333333332860e+01,1.717219457011294123e-02
3.572916666666666430e+01,1.717369519834645308e-02
3.575000000000000000e+01,1.717575736594000729e-02
3.577083333333332860e+01,1.717697908905442550e-02
3.579166666666666430e+01,1.717921509258584986e-02
3.581250000000000000e+01,1.718406358233159556e-02
3.583333333333332860e+01,1.719017081383960796e-02
3.585416666666666430e+01,1.719647911553836422e-02
3.587500000000000000e+01,1.720274392516677603e-02
3.589583333333332860e+01,1.720946652826454981e-02
3.591666666666666430e+01,1.721638000974893418e-02
3.593750000000000000e+01,1.722191368300480391e-02
3.595833333333332860e+01,1.722560818239004046e-02
3.597916666666666430e+01,1.722873171418719956e-02
3.600000000000000000e+01,1.723223851635326612e-02
3.602083333333332860e+01,1.723515316955495646e-02
3.604166666666666430e+01,1.723727845796750938e-02
3.606250000000000000e+01,1.724027798922369084e-02
3.608333333333332860e+01,1.724471668681030329e-02
3.610416666666666430e+01,1.724969526916009244e-02
3.612500000000000000e+01,1.725310566262231934e-02
3.614583333333332860e+01,1.725664872389204643e-02
3.616666666666666430e+01,1.726158040594492904e-02
3.618750000000000000e+01,1.726714926683142054e-02
3.620833333333332860e+01,1.727292954656831775e-02
3.622916666666666430e+01,1.727871928835692308e-02
3.625000000000000000e+01,1.728452007702840909e-02
3.627083333333332860e+01,1.729036242294347200e-02
3.629166666666666430e+01,1.729584617416173031e-02
3.631250000000000000e+01,1.730001809489368006e-02
3.633333333333332860e+01,1.730246407192860547e-02
3.635416666666666430e+01,1.730184478171514773e-02
3.637500000000000000e+01,1.729984184547175494e-02
3.639583333333332860e+01,1.729678762713500115e-02
3.641666666666666430e+01,1.729269649793602551e-02
3.643750000000000000e+01,1.728801838239629740e-02
3.645833333333332860e+01,1.728414537203312382e-02
3.647916666666666430e+01,1.728120398788106360e-02
3.650000000000000000e+01,1.727926132227910333e-02
3.652083333333332860e+01,1.727956368372996626e-02
3.654166666666666430e+01,1.728011025823694355e-02
3.656250000000000000e+01,1.727964512049093987e-02
3.658333333333332860e+01,1.727860716465970739e-02
3.660416666666666430e+01,1.727958139381555180e-02
3.662500000000000000e+01,1.728260894355652943e-02
3.664583333333332860e+01,1.728719392328120080e-02
3.666666666666666430e+01,1.729304261159358633e-02
3.668750000000000000e+01,1.729858640726560787e-02
3.670833333333332860e+01,1.730459733867540165e-02
3.672916666666666430e+01,1.731136930129181795e-02
3.675000000000000000e+01,1.731805829624155982e-02
3.677083333333332860e+01,1.732261850201131242e-02
3.679166666666666430e+01,1.732529434965060858e-02
3.681250000000000000e+01,1.732866908947373191e-02
3.683333333333332860e+01,1.733321092890970430e-02
3.685416666666666430e+01,1.733813869746960931e-02
3.687500000000000000e+01,1.734313153588851880e-02
3.689583333333332860e+01,1.734837223636659029e-02
3.691666666666666430e+01,1.735322878378626685e-02
3.693750000000000000e+01,1.735584634823425162e-02
3.695833333333332860e+01,1.735591467486258602e-02
3.697916666666666430e+01,1.735343795099850844e-02
3.700000000000000000e+01,1.735030992003387326e-02
3.702083333333332860e+01,1.734708642308115806e-02
3.704166666666666430e+01,1.734402538862281004e-02
3.706250000000000000e+01,1.734289751364000501e-02
3.708333333333332860e+01,1.734417750747073439e-02
3.710416666666666430e+01,1.734505677162936910e-02
3.712500000000000000e+01,1.734612132507363375e-02
3.714583333333332860e+01,1.734737797184517094e-02
3.716666666666666430e+01,1.734964161780178787e-02
3.718750000000000000e+01,1.735178163995557826e-02
3.720833333333332860e+01,1.735356437056163881e-02
3.722916666666666430e+01,1.735538710533147608e-02
3.725000000000000000e+01,1.735701831728012415e-02
3.727083333333332860e+01,1.735799077519129333e-02
3.729166666666666430e+01,1.735900382500300473e-02
3.731250000000000000e+01,1.735961017323736991e-02
3.733333333333332860e+01,1.735941650656364771e-02
3.735416666666666430e+01,1.735893506052539961e-02
3.737500000000000000e+01,1.735714864654675296e-02
3.739583333333332860e+01,1.735526144761857445e-02
3.741666666666666430e+01,1.735314824144566781e-02
3.743750000000000000e+01,1.735285962867310836e-02
3.745833333333332860e+01,1.735389570544478705e-02
3.747916666666666430e+01,1.735615929219175985e-02
3.750000000000000000e+01,1.736001535586218641e-02
3.752083333333332860e+01,1.736492640310137447e-02
3.754166666666666430e+01,1.737088074187708928e-02
3.756250000000000000e+01,1.737722987840975911e-02
3.758333333333332860e+01,1.738328559093360245e-02
3.760416666666666430e+01,1.738811486115932753e-02
3.762500000000000000e+01,1.739194687576458079e-02
3.764583333333332860e+01,1.739523968048970956e-02
3.766666666666666430e+01,1.739813024864354796e-02
3.768750000000000000e+01,1.740010771655256874e-02
3.770833333333332860e+01,1.740199822735914725e-02
3.772916666666666430e+01,1.740524913327325465e-02
3.775000000000000000e+01,1.740910090090207890e-02
3.777083333333332860e+01,1.741099983232963569e-02
3.779166666666666430e+01,1.741206558797835438e-02
3.781250000000000000e+01,1.741473559734149287e-02
3.783333333333332860e+01,1.741856849469962734e-02
3.785416666666666430e+01,1.742286962898256797e-02
3.787500000000000000e+01,1.742820342654533006e-02
3.789583333333332860e+01,1.743460808625272793e-02
3.791666666666666430e+01,1.744111149503712807e-02
3.793750000000000000e+01,1.744741395214759877e-02
3.795833333333332860e+01,1.745193519275273913e-02
3.797916666666666430e+01,1.745580350552121754e-02
3.800000000000000000e+01,1.745977303180862999e-02
3.802083333333332860e+01,1.746227726014889375e-02
3.804166666666666430e+01,1.746477120477086392e-02
3.806250000000000000e+01,1.746775854540158837e-02
3.808333333333332860e+01,1.747091203713782223e-02
3.810416666666666430e+01,1.747336302747282827e-02
3.812500000000000000e+01,1.747473295619509856e-02
3.814583333333332860e+01,1.747485032343892852e-02
3.816666666666666430e+01,1.747453887551258384e-02
3.818750000000000000e+01,1.747492422635105180e-02
3.820833333333332860e+01,1.747333588617805758e-02
3.822916666666666430e+01,1.747019644027079238e-02
3.825000000000000000e+01,1.746649498805934175e-02
3.827083333333332860e+01,1.746297235167579287e-02
3.829166666666666430e+01,1.746094862798368286e-02
3.831250000000000000e+01,1.745986007853998073e-02
3.833333333333332860e+01,1.746068349138825068e-02
3.835416666666666430e+01,1.746428511139370976e-02
3.837500000000000000e+01,1.746929051966687393e-02
3.839583333333332860e+01,1.747361829711549519e-02
3.841666666666666430e+01,1.747696555670956442e-02
3.843750000000000000e+01,1.747726705658979307e-02
3.845833333333332860e+01,1.747772521616635516e-02
3.847916666666666430e+01,1.747713134720607631e-02
3.850000000000000000e+01,1.747806337446864561e-02
3.852083333333332860e+01,1.748059719340598617e-02
3.854166666666666430e+01,1.748280491126932151e-02
3.856250000000000000e+01,1.748679635122395506e-02
3.858333333333332860e+01,1.749063325727849560e-02
3.860416666666666430e+01,1.749455031055780277e-02
3.862500000000000000e+01,1.749810178799476174e-02
3.864583333333332860e+01,1.750162484124540355e-02
3.866666666666666430e+01,1.750536013012110592e-02
3.868750000000000000e+01,1.750707294386179974e-02
3.870833333333332860e+01,1.750455162687484384e-02
3.872916666666666430e+01,1.750068602550759050e-02
3.875000000000000000e+01,1.749774664106183014e-02
3.877083333333332860e+01,1.749425481238316149e-02
3.879166666666666430e+01,1.749242165069187643e-02
3.881250000000000000e+01,1.748694908342002946e-02
3.883333333333332860e+01,1.748092510599517924e-02
3.885416666666666430e+01,1.747684879932782931e-02
3.887500000000000000e+01,1.747369433408797051e-02
3.889583333333332860e+01,1.747226787150902433e-02
3.891666666666666430e+01,1.747335335452093741e-02
3.893750000000000000e+01,1.747649610272476034e-02
3.895833333333332860e+01,1.748205329701886870e-02
3.897916666666666430e+01,1.748982851380547626e-02
3.900000000000000000e+01,1.749891833485136064e-02
3.902083333333332860e+01,1.750795754299874427e-02
3.904166666666666430e+01,1.751509211400016294e-02
3.906250000000000000e+01,1.752094587300714879e-02
3.908333333333332860e+01,1.752712501594082262e-02
3.910416666666666430e+01,1.753351983653480411e-02
3.912500000000000000e+01,1.754024487793020420e-02
3.914583333333332860e+01,1.754727712903661474e-02
3.916666666666666430e+01,1.755452623640279056e-02
3.918750000000000000e+01,1.756137803130334782e-02
3.920833333333332860e+01,1.756689887176540385e-02
3.922916666666666430e+01,1.756929766575317589e-02
3.925000000000000000e+01,1.757130017577330020e-02
3.927083333333332860e+01,1.757456092474831214e-02
3.929166666666666430e+01,1.757891579290800713e-02
3.931250000000000000e+01,1.758379523620066595e-02
3.933333333333332860e+01,1.758900481515434863e-02
3.935416666666666430e+01,1.759436264047002998e-02
3.937500000000000000e+01,1.759869942518421312e-02
3.939583333333332860e+01,1.759471814372106160e-02
3.941666666666666430e+01,1.758892386602765867e-02
3.943750000000000000e+01,1.758508123867986300e-02
3.945833333333332860e+01,1.758347710450305912e-02
3.947916666666666430e+01,1.758486043629690562e-02
3.950000000000000000e+01,1.758827210302799787e-02
3.952083333333332860e+01,1.759214003050284594e-02
3.954166666666666430e+01,1.759339089536861300e-02
3.956250000000000000e+01,1.759266083793130028e-02
3.958333333333332860e+01,1.759302118873930926e-02
3.960416666666666430e+01,1.759417428865305347e-02
3.962500000000000000e+01,1.759684876183780292e-02
3.964583333333332860e+01,1.760121887013214176e-02
3.966666666666666430e+01,1.760668754761594845e-02
3.968750000000000000e+01,1.761273617980247883e-02
3.970833333333332860e+01,1.761899328669030290e-02
3.972916666666666430e+01,1.762501146168689650e-02
3.975000000000000000e+01,1.763096484834511882e-02
3.977083333333332860e+01,1.763644525248685146e-02
3.979166666666666430e+01,1.764132545285316753e-02
3.981250000000000000e+01,1.764164682457176198e-02
3.983333333333332860e+01,1.764048386810027069e-02
3.985416666666666430e+01,1.763720344973248449e-02
3.987500000000000000e+01,1.763453368113751182e-02
3.989583333333332860e+01,1.763130275329185051e-02
3.991666666666666430e+01,1.762839891416059443e-02
3.993750000000000000e+01,1.762868908471114035e-02
3.995833333333332860e+01,1.763072870000268258e-02
3.997916666666666430e+01,1.763388847669070461e-02
4.000000000000000000e+01,1.763459087965888600e-02
4.002083333333332860e+01,1.763410047730137181e-02
4.004166666666666430e+01,1.763423395395017496e-02
4.006250000000000000e+01,1.763592492362836550e-02
4.008333333333332860e+01,1.763961507886674732e-02
4.010416666666666430e+01,1.764461953227221616e-02
4.012500000000000000e+01,1.764922153422664522e-02
4.014583333333332860e+01,1.765374132710030228e-02
4.016666666666666430e+01,1.765802682168194845e-02
4.018750000000000000e+01,1.766232745213655933e-02
4.020833333333332860e+01,1.766522327464319780e-02
4.022916666666666430e+01,1.766261665927055732e-02
4.025000000000000000e+01,1.765794243383668818e-02
4.027083333333332860e+01,1.765623689906787100e-02
4.029166666666666430e+01,1.765769798848090474e-02
4.031250000000000000e+01,1.766088716603900557e-02
4.033333333333332860e+01,1.766436468243012814e-02
4.035416666666666430e+01,1.766821404703955781e-02
4.037500000000000000e+01,1.767227888814995942e-02
4.039583333333332860e+01,1.767612677441239913e-02
4.041666666666666430e+01,1.767732352552208938e-02
4.043750000000000000e+01,1.767755455942419604e-02
4.045833333333332860e+01,1.767772595434434491e-02
4.047916666666666430e+01,1.767869961851642122e-02
4.050000000000000000e+01,1.768077655066707665e-02
4.052083333333332860e+01,1.768399320803657956e-02
4.054166666666666430e+01,1.768839828281166399e-02
4.056250000000000000e+01,1.769354050941849069e-02
4.058333333333332860e+01,1.769860395694803842e-02
4.060416666666666430e+01,1.770401432340007464e-02
4.062500000000000000e+01,1.771012471242104994e-02
4.064583333333332860e+01,1.771641481352173586e-02
4.066666666666666430e+01,1.772189217769953862e-02
4.068750000000000000e+01,1.772708271515143624e-02
4.070833333333332860e+01,1.773199765339768252e-02
4.072916666666666430e+01,1.773317579135688660e-02
4.075000000000000000e+01,1.773220348960513615e-02
4.077083333333332860e+01,1.773213004636205181e-02
4.079166666666666430e+01,1.773178094912907302e-02
4.081250000000000000e+01,1.773117237995420342e-02
4.083333333333332860e+01,1.773054601043671033e-02
4.085416666666666430e+01,1.773011048896755079e-02
4.087500000000000000e+01,1.772949825313596336e-02
4.089583333333332860e+01,1.772623821503772554e-02
4.091666666666666430e+01,1.772063144944786839e-02
4.093750000000000000e+01,1.771618125727620133e-02
4.095833333333332860e+01,1.771252496134687049e-02
4.097916666666666430e+01,1.771133164925642323e-02
4.100000000000000000e+01,1.771377665427033288e-02
4.102083333333332860e+01,1.771802997111591310e-02
4.104166666666666430e+01,1.772177976741785843e-02
4.106250000000000000e+01,1.772267654732711736e-02
4.108333333333332860e+01,1.772142939586468860e-02
4.110416666666666430e+01,1.772075437508718529e-02
4.112500000000000000e+01,1.771891830881746482e-02
4.114583333333332860e+01,1.771822048890323714e-02
4.116666666666666430e+01,1.771888268717924236e-02
4.118750000000000000e+01,1.771948751152296886e-02
4.120833333333332860e+01,1.772157721146710649e-02
4.122916666666666430e+01,1.772611517263313757e-02
4.125000000000000000e+01,1.773067491879336266e-02
4.127083333333332860e+01,1.773498744518324163e-02
4.129166666666666430e+01,1.774023657313347074e-02
4.131250000000000000e+01,1.774615326074239011e-02
4.133333333333332860e+01,1.775227057757721924e-02
4.135416666666666430e+01,1.794580740736751931e-02
4.137500000000000000e+01,1.856541346553659821e-02
4.139583333333332860e+01,1.975064910061283610e-02
4.141666666666666430e+01,2.157574159470125250e-02
4.143750000000000000e+01,2.407522886104061441e-02
4.145833333333332860e+01,2.725853855291610756e-02
4.147916666666666430e+01,3.111685394936693216e-02
4.150000000000000000e+01,3.563058202971967209e-02
4.152083333333332860e+01,4.077572362900407088e-02
4.154166666666666430e+01,4.652501576790078752e-02
4.156250000000000000e+01,5.284867220783810715e-02
4.158333333333332860e+01,5.971482977718117063e-02
4.160416666666666430e+01,6.709589238031328506e-02
4.162500000000000000e+01,7.496245549237594286e-02
4.164583333333332860e+01,8.328771865669623575e-02
4.166666666666666430e+01,9.204596455563353319e-02
4.168750000000000000e+01,1.012138968906084735e-01
4.170833333333332860e+01,1.107684881537049360e-01
4.172916666666666430e+01,1.206851084762435716e-01
4.175000000000000000e+01,1.309439918022747007e-01
4.177083333333332860e+01,1.415262829734779404e-01
4.179166666666666430e+01,1.524130051276178510e-01
4.181250000000000000e+01,1.635839893619214780e-01
4.183333333333332860e+01,1.750240117314289245e-01
4.185416666666666430e+01,1.867181805455511989e-01
4.187500000000000000e+01,1.986506143755413234e-01
4.189583333333332860e+01,2.108024666664025659e-01
4.191666666666666430e+01,2.231659169324956282e-01
4.193750000000000000e+01,2.357324848054636879e-01
4.195833333333332860e+01,2.484898518433051595e-01
4.197916666666666430e+01,2.614265605773506418e-01
4.200000000000000000e+01,2.745311757315239687e-01
4.202083333333332860e+01,2.877878736705362650e-01
4.204166666666666430e+01,3.011911654010680506e-01
4.206250000000000000e+01,3.147343965768168994e-01
4.208333333333332860e+01,3.284097646436341389e-01
4.210416666666666430e+01,3.422083265761938775e-01
4.212500000000000000e+01,3.561241096703497422e-01
4.214583333333332860e+01,3.701443303469894586e-01
4.216666666666666430e+01,3.842671667550233705e-01
4.218750000000000000e+01,3.984904652791681490e-01
4.220833333333332860e+01,4.128088903878013860e-01
4.222916666666666430e+01,4.272153813002584344e-01
4.225000000000000000e+01,4.417048668753033591e-01
4.227083333333332860e+01,4.562662882562688038e-01
4.229166666666666430e+01,4.708982162238510294e-01
4.231250000000000000e+01,4.856015501632147124e-01
4.233333333333332860e+01,5.003681239388053648e-01
4.235416666666666430e+01,5.151945721054723704e-01
4.237500000000000000e+01,5.300762462832520061e-01
4.239583333333332860e+01,5.450074356213701066e-01
4.241666666666666430e+01,5.599895582017968554e-01
4.243750000000000000e+01,5.750201279704125756e-01
4.245833333333332860e+01,5.900915174845946520e-01
4.247916666666666430e+01,6.051987318595051235e-01
4.250000000000000000e+01,6.203361821756038230e-01
4.252083333333332860e+01,6.355015852591573422e-01
4.254166666666666430e+01,6.506920471553231389e-01
4.256250000000000000e+01,6.659069275452670356e-01
4.258333333333332860e+01,6.811456562014006622e-01
4.260416666666666430e+01,6.964056679366380509e-01
4.262500000000000000e+01,7.116853889007707101e-01
4.264583333333332860e+01,7.269829924890380823e-01
4.266666666666666430e+01,7.421096872306125469e-01
4.268750000000000000e+01,7.568233829146370217e-01
4.270833333333332860e+01,7.709829358533065724e-01
4.272916666666666430e+01,7.845245809244024704e-01
4.275000000000000000e+01,7.974350627120354584e-01
4.277083333333332860e+01,8.097375544219336252e-01
4.279166666666666430e+01,8.214745498460889195e-01
4.281250000000000000e+01,8.326850551141827816e-01
4.283333333333332860e+01,8.434077337679712905e-01
4.285416666666666430e+01,8.536679251397475410e-01
4.287500000000000000e+01,8.634840560304408719e-01
4.289583333333332860e+01,8.728600003708856248e-01
4.291666666666666430e+01,8.817869700626984608e-01
4.293750000000000000e+01,8.902481323625132115e-01
4.295833333333332860e+01,8.982145424568444003e-01
4.297916666666666430e+01,9.056679782147420976e-01
4.300000000000000000e+01,9.125881011815752952e-01
4.302083333333332860e+01,9.189547100481700870e-01
4.304166666666666430e+01,9.247570678586045645e-01
4.306250000000000000e+01,9.300109335902155827e-01
4.308333333333332860e+01,9.347372990509333901e-01
4.310416666666666430e+01,9.389522606378003511e-01
4.312500000000000000e+01,9.426896990040192215e-01
4.314583333333332860e+01,9.460122583121262085e-01
4.316666666666666430e+01,9.489919049575435972e-01
4.318750000000000000e+01,9.516748669844191655e-01
4.320833333333332860e+01,9.540964446598626525e-01
4.322916666666666430e+01,9.563061119715957625e-01
4.325000000000000000e+01,9.583621293878281655e-01
4.327083333333332860e+01,9.603011202443960670e-01
4.329166666666666430e+01,9.621476259496390959e-01
4.331250000000000000e+01,9.639378075067475127e-01
4.333333333333332860e+01,9.656895255156474622e-01
4.335416666666666430e+01,9.674098371354395987e-01
4.337500000000000000e+01,9.690972073517098995e-01
4.339583333333332860e+01,9.707689346222482252e-01
4.341666666666666430e+01,9.724424819747806703e-01
4.343750000000000000e+01,9.741077905217904176e-01
4.345833333333332860e+01,9.757480944878625939e-01
4.347916666666666430e+01,9.773511922744361202e-01
4.350000000000000000e+01,9.789133525031890048e-01
4.352083333333332860e+01,9.804268112838921967e-01
4.354166666666666430e+01,9.818793930509219781e-01
4.356250000000000000e+01,9.832728162558677099e-01
4.358333333333332860e+01,9.846116020156068238e-01
4.360416666666666430e+01,9.858910973255536891e-01
4.362500000000000000e+01,9.871096281806261974e-01
4.364583333333332860e+01,9.882656685902895255e-01
4.366666666666666430e+01,9.893614476565760762e-01
4.368750000000000000e+01,9.903978363038038468e-01
4.370833333333332860e+01,9.913778704160497446e-01
4.372916666666666430e+01,9.923049708250758494e-01
4.375000000000000000e+01,9.931816524978906990e-01
4.377083333333332860e+01,9.940107908992860120e-01
4.379166666666666430e+01,9.947937553264404320e-01
4.381250000000000000e+01,9.955322797692083281e-01
4.383333333333332860e+01,9.962288546249330468e-01
4.385416666666666430e+01,9.968855398058531492e-01
4.387500000000000000e+01,9.975027531954837601e-01
4.389583333333332860e+01,9.980813689280185752e-01
4.391666666666666430e+01,9.986248371357799858e-01
4.393750000000000000e+01,9.991343454003807079e-01
4.395833333333332860e+01,9.996090472576925068e-01
4.397916666666666430e+01,1.000051866276633117e+00
4.400000000000000000e+01,1.000450815819530437e+00
4.402083333333332860e+01,1.000604933511247019e+00
4.404166666666666430e+01,1.000282017952645930e+00
4.406250000000000000e+01,9.993674065819286856e-01
4.408333333333332860e+01,9.978264386924069473e-01
4.410416666666666430e+01,9.956734149861974359e-01
4.412500000000000000e+01,9.929401624142062399e-01
4.414583333333332860e+01,9.896561708255052769e-01
4.416666666666666430e+01,9.858507241640754870e-01
4.418750000000000000e+01,9.815420386988915613e-01
4.420833333333332860e+01,9.767373602669512378e-01
4.422916666666666430e+01,9.714305470900742590e-01
4.425000000000000000e+01,9.656069708847727640e-01
4.427083333333332860e+01,9.592464208006331594e-01
4.429166666666666430e+01,9.523291494717465167e-01
4.431250000000000000e+01,9.448328855343384181e-01
4.433333333333332860e+01,9.367377261246107034e-01
4.435416666666666430e+01,9.280361428694485770e-01
4.437500000000000000e+01,9.187456155913161782e-01
4.439583333333332860e+01,9.088843126906723802e-01
4.441666666666666430e+01,8.984759841215462783e-01
4.443750000000000000e+01,8.875529546691756089e-01
4.445833333333332860e+01,8.761458323714501617e-01
4.447916666666666430e+01,8.643172679235967548e-01
4.450000000000000000e+01,8.521280870646281702e-01
4.452083333333332860e+01,8.396186103912925969e-01
4.454166666666666430e+01,8.268411138250220116e-01
4.456250000000000000e+01,8.138491840047376025e-01
4.458333333333332860e+01,8.006771028901782383e-01
4.460416666666666430e+01,7.873597216258868547e-01
4.462500000000000000e+01,7.739306774106118336e-01
4.464583333333332860e+01,7.604065509224479102e-01
4.466666666666666430e+01,7.468019769719791423e-01
4.468750000000000000e+01,7.331438053792720400e-01
4.470833333333332860e+01,7.194522573140954558e-01
4.472916666666666430e+01,7.057244060098624150e-01
4.475000000000000000e+01,6.919484293696818167e-01
4.477083333333332860e+01,6.781250911433439610e-01
4.479166666666666430e+01,6.642524485448937366e-01
4.481250000000000000e+01,6.503195958658244402e-01
4.483333333333332860e+01,6.363178494759830217e-01
4.485416666666666430e+01,6.222456468287665965e-01
4.487500000000000000e+01,6.081019674542438302e-01
4.489583333333332860e+01,5.938837307013952183e-01
4.491666666666666430e+01,5.795858888034272072e-01
4.493750000000000000e+01,5.652069946294224767e-01
4.495833333333332860e+01,5.507492752606174546e-01
4.497916666666666430e+01,5.362175480386470738e-01
4.500000000000000000e+01,5.216117289006849678e-01
4.502083333333332860e+01,5.069362827231990165e-01
4.504166666666666430e+01,4.921947659713011847e-01
4.506250000000000000e+01,4.773925414332948480e-01
4.508333333333332860e+01,4.625342005051874539e-01
4.510416666666666430e+01,4.476203832310464703e-01
4.512500000000000000e+01,4.326565060728639889e-01
4.514583333333332860e+01,4.176455602427560088e-01
4.516666666666666430e+01,4.025903301575328164e-01
4.518750000000000000e+01,3.874925952924138661e-01
4.520833333333332860e+01,3.723558607916327978e-01
4.522916666666666430e+01,3.571831980798544914e-01
4.525000000000000000e+01,3.419758608438984715e-01
4.527083333333332860e+01,3.267352154070263803e-01
4.529166666666666430e+01,3.114613675726911057e-01
4.531250000000000000e+01,2.961538202159223476e-01
4.533333333333332860e+01,2.810010677918052813e-01
4.535416666666666430e+01,2.662480047047116605e-01
4.537500000000000000e+01,2.520347143699727677e-01
4.539583333333332860e+01,2.384410691136968630e-01
4.541666666666666430e+01,2.255057919402317368e-01
4.543750000000000000e+01,2.132398256576119033e-01
4.545833333333332860e+01,2.016372046911195648e-01
4.547916666666666430e+01,1.906779943395179588e-01
4.550000000000000000e+01,1.803348513987556301e-01
4.552083333333332860e+01,1.705797076240535559e-01
4.554166666666666430e+01,1.613861391825970604e-01
4.556250000000000000e+01,1.527280643408148453e-01
4.558333333333332860e+01,1.445759360760690559e-01
4.560416666666666430e+01,1.369051162807586597e-01
4.562500000000000000e+01,1.296912475120391706e-01
4.564583333333332860e+01,1.229063632946275353e-01
4.566666666666666430e+01,1.165231522476537634e-01
4.568750000000000000e+01,1.105188630804203598e-01
4.570833333333332860e+01,1.048672856951436971e-01
4.572916666666666430e+01,9.954957865807678719e-02
4.575000000000000000e+01,9.454815071130477644e-02
4.577083333333332860e+01,8.984444809557849687e-02
4.579166666666666430e+01,8.541888815688511438e-02
4.581250000000000000e+01,8.125562544286962785e-02
4.583333333333332860e+01,7.733984379404451603e-02
4.585416666666666430e+01,7.365652287959760514e-02
4.587500000000000000e+01,7.019064163186297667e-02
4.589583333333332860e+01,6.692966307803267789e-02
4.591666666666666430e+01,6.386228017315180583e-02
4.593750000000000000e+01,6.097558009848084992e-02
4.595833333333332860e+01,5.825494318991170789e-02
4.597916666666666430e+01,5.569373576598821152e-02
4.600000000000000000e+01,5.328612629664314371e-02
4.602083333333332860e+01,5.102190202401590130e-02
4.604166666666666430e+01,4.888996184198907829e-02
4.606250000000000000e+01,4.688447019746089239e-02
4.608333333333332860e+01,4.499963783718307492e-02
4.610416666666666430e+01,4.322784206649545047e-02
4.612500000000000000e+01,4.155499668642265165e-02
4.614583333333332860e+01,3.997933283304662411e-02
4.616666666666666430e+01,3.849969640320684977e-02
4.618750000000000000e+01,3.711001430907189674e-02
4.620833333333332860e+01,3.580477761023803662e-02
4.622916666666666430e+01,3.457749848938923565e-02
4.625000000000000000e+01,3.342116277533258017e-02
4.627083333333332860e+01,3.232960014626082984e-02
4.629166666666666430e+01,3.130095102409379687e-02
4.631250000000000000e+01,3.033350275731398066e-02
4.633333333333332860e+01,2.942177093863013529e-02
4.635416666666666430e+01,2.856473283613927480e-02
4.637500000000000000e+01,2.776097436529434415e-02
4.639583333333332860e+01,2.700556984082452816e-02
4.641666666666666430e+01,2.629301071824289085e-02
4.643750000000000000e+01,2.561881433037046379e-02
4.645833333333332860e+01,2.498317143505308577e-02
4.647916666666666430e+01,2.438669190138742504e-02
4.650000000000000000e+01,2.382712675578384232e-02
4.652083333333332860e+01,2.330366625366244587e-02
4.654166666666666430e+01,2.281467079501481310e-02
4.656250000000000000e+01,2.235691238363711128e-02
4.658333333333332860e+01,2.192675105365856150e-02
4.660416666666666430e+01,2.152213282801493377e-02
4.662500000000000000e+01,2.113546336344579446e-02
4.664583333333332860e+01,2.076942190744093114e-02
4.666666666666666430e+01,2.042719956410192148e-02
4.668750000000000000e+01,2.010616786692231636e-02
4.670833333333332860e+01,1.980282075271288730e-02
4.672916666666666430e+01,1.951736997454981554e-02
4.675000000000000000e+01,1.925018857374723863e-02
4.677083333333332860e+01,1.899996371753343016e-02
4.679166666666666430e+01,1.876495599081855550e-02
4.681250000000000000e+01,1.854495082271858178e-02
4.683333333333332860e+01,1.833901950695317543e-02
4.685416666666666430e+01,1.814449392996747221e-02
4.687500000000000000e+01,1.795845528397219115e-02
4.689583333333332860e+01,1.778366663619711241e-02
4.691666666666666430e+01,1.761938821773295291e-02
4.693750000000000000e+01,1.746624400148872810e-02
4.695833333333332860e+01,1.732475409472650218e-02
4.697916666666666430e+01,1.719329940272247906e-02
4.700000000000000000e+01,1.707007341990066443e-02
4.702083333333332860e+01,1.695298141685589940e-02
4.704166666666666430e+01,1.684174690533450647e-02
4.706250000000000000e+01,1.673734863739594070e-02
4.708333333333332860e+01,1.663884784372586870e-02
4.710416666666666430e+01,1.654555657209190456e-02
4.712500000000000000e+01,1.645287958554485577e-02
4.714583333333332860e+01,1.636440840475893166e-02
4.716666666666666430e+01,1.628168337513910893e-02
4.718750000000000000e+01,1.620574974254361880e-02
4.720833333333332860e+01,1.613518411973946173e-02
4.722916666666666430e+01,1.607009871799286102e-02
4.725000000000000000e+01,1.601001109253048435e-02
4.727083333333332860e+01,1.595360784832943260e-02
4.729166666666666430e+01,1.590150817948610129e-02
4.731250000000000000e+01,1.585402553482400181e-02
4.733333333333332860e+01,1.581072759187458418e-02
4.735416666666666430e+01,1.577118908551201903e-02
4.737500000000000000e+01,1.573519159532630815e-02
4.739583333333332860e+01,1.570212960566454846e-02
4.741666666666666430e+01,1.567083264274281990e-02
4.743750000000000000e+01,1.564090817401000630e-02
4.745833333333332860e+01,1.561313081282135300e-02
4.747916666666666430e+01,1.558754395133552829e-02
4.750000000000000000e+01,1.556312367858632070e-02
4.752083333333332860e+01,1.553994516553795259e-02
4.754166666666666430e+01,1.551860854160504524e-02
4.756250000000000000e+01,1.549867123819738401e-02
4.758333333333332860e+01,1.547762220251446171e-02
4.760416666666666430e+01,1.545728418378692660e-02
4.762500000000000000e+01,1.543874347662872043e-02
4.764583333333332860e+01,1.542139257199306480e-02
4.766666666666666430e+01,1.540552260802962627e-02
4.768750000000000000e+01,1.539198958165076576e-02
4.770833333333332860e+01,1.538042538513615526e-02
4.772916666666666430e+01,1.536920837559655958e-02
4.775000000000000000e+01,1.535629743029176368e-02
4.777083333333332860e+01,1.534427739271770723e-02
4.779166666666666430e+01,1.533425281742162131e-02
4.781250000000000000e+01,1.532528433180634780e-02
4.783333333333332860e+01,1.531811368018542313e-02
4.785416666666666430e+01,1.531274823047897374e-02
4.787500000000000000e+01,1.530761163728241656e-02
4.789583333333332860e+01,1.530224706906085572e-02
4.791666666666666430e+01,1.529531576478020995e-02
4.793750000000000000e+01,1.528663665962340205e-02
4.795833333333332860e+01,1.527823475176228428e-02
4.797916666666666430e+01,1.527191617155208327e-02
4.800000000000000000e+01,1.526859276430956626e-02
4.802083333333332860e+01,1.526737297216796199e-02
4.804166666666666430e+01,1.526720868489114119e-02
4.806250000000000000e+01,1.526832437176135239e-02
4.808333333333332860e+01,1.545811449638484665e-02
4.810416666666666430e+01,1.607380316154743971e-02
4.812500000000000000e+01,1.725523503128232466e-02
4.814583333333332860e+01,1.907790426692095032e-02
4.816666666666666430e+01,2.157482245380555608e-02
4.818750000000000000e+01,2.475322587863478668e-02
4.820833333333332860e+01,2.860367480638767099e-02
4.822916666666666430e+01,3.310885237592920555e-02
4.825000000000000000e+01,3.824430876321801426e-02
4.827083333333332860e+01,4.398372778763075253e-02
4.829166666666666430e+01,5.029880745783629759e-02
4.831250000000000000e+01,5.715866844913639749e-02
4.833333333333332860e+01,6.453566521917006304e-02
4.835416666666666430e+01,7.240258368102055198e-02
4.837500000000000000e+01,8.073094998243100784e-02
4.839583333333332860e+01,8.949208513192324910e-02
4.841666666666666430e+01,9.866230762689202904e-02
4.843750000000000000e+01,1.082191353655561211e-01
4.845833333333332860e+01,1.181357527597095697e-01
4.847916666666666430e+01,1.283933998933450282e-01
4.850000000000000000e+01,1.389756068567664093e-01
4.852083333333332860e+01,1.498628441661240540e-01
4.854166666666666430e+01,1.610370272196295915e-01
4.856250000000000000e+01,1.724810115523398857e-01
4.858333333333332860e+01,1.841789485394305648e-01
4.860416666666666430e+01,1.961156337162124341e-01
4.862500000000000000e+01,2.082774617130533079e-01
4.864583333333332860e+01,2.206512796462180570e-01
4.866666666666666430e+01,2.332246866992071233e-01
4.868750000000000000e+01,2.459856512013945118e-01
4.870833333333332860e+01,2.589239382456361982e-01
4.872916666666666430e+01,2.720295507523727840e-01
4.875000000000000000e+01,2.852925848531178143e-01
4.877083333333332860e+01,2.987033003782105789e-01
4.879166666666666430e+01,3.122491256053686048e-01
4.881250000000000000e+01,3.259262218489165641e-01
4.883333333333332860e+01,3.397301722262325852e-01
4.885416666666666430e+01,3.536518071685672560e-01
4.887500000000000000e+01,3.676844534248798202e-01
4.889583333333332860e+01,3.818218771527333022e-01
4.891666666666666430e+01,3.960571193988507988e-01
4.893750000000000000e+01,4.103831862628739557e-01
4.895833333333332860e+01,4.247950324897971641e-01
4.897916666666666430e+01,4.392877517920528163e-01
4.900000000000000000e+01,4.538558571432090294e-01
4.902083333333332860e+01,4.684937255887731133e-01
4.904166666666666430e+01,4.831967355736940806e-01
4.906250000000000000e+01,4.979593305936463876e-01
4.908333333333332860e+01,5.127786807860653662e-01
4.910416666666666430e+01,5.276537055064663972e-01
4.912500000000000000e+01,5.425834359868298984e-01
4.914583333333332860e+01,5.575651070332601211e-01
4.916666666666666430e+01,5.725963258293556013e-01
4.918750000000000000e+01,5.876738110853801933e-01
4.920833333333332860e+01,6.027949926744267106e-01
4.922916666666666430e+01,6.179569706992397160e-01
4.925000000000000000e+01,6.331583263673663531e-01
4.927083333333332860e+01,6.483974515718813336e-01
4.929166666666666430e+01,6.636712939264676203e-01
4.931250000000000000e+01,6.789766601736926255e-01
4.933333333333332860e+01,6.943117549789250553e-01
4.935416666666666430e+01,7.096737551479793682e-01
4.937500000000000000e+01,7.250535461109431923e-01
4.939583333333332860e+01,7.402623760898152661e-01
4.941666666666666430e+01,7.550578281462066998e-01
4.943750000000000000e+01,7.693073936533439960e-01
4.945833333333332860e+01,7.829511902245412935e-01
4.947916666666666430e+01,7.959749430679412541e-01
4.950000000000000000e+01,8.083927918108816391e-01
4.952083333333332860e+01,8.202318470349658774e-01
4.954166666666666430e+01,8.315272111529352639e-01
4.956250000000000000e+01,8.423108597446776757e-01
4.958333333333332860e+01,8.526019557062961551e-01
4.960416666666666430e+01,8.624154650943341993e-01
4.962500000000000000e+01,8.717546030523168898e-01
4.964583333333332860e+01,8.806071667083851251e-01
4.966666666666666430e+01,8.889584864820628818e-01
4.968750000000000000e+01,8.967982038559062508e-01
4.970833333333332860e+01,9.041166954698263147e-01
4.972916666666666430e+01,9.109032331339430577e-01
4.975000000000000000e+01,9.171620984611017491e-01
4.977083333333332860e+01,9.229008799971728516e-01
4.979166666666666430e+01,9.281272258993904511e-01
4.981250000000000000e+01,9.328719403569321056e-01
4.983333333333332860e+01,9.371665940027191777e-01
4.985416666666666430e+01,9.410416605960002512e-01
4.987500000000000000e+01,9.445498584713085677e-01
4.989583333333332860e+01,9.477415640450524981e-01
4.991666666666666430e+01,9.506444224314337665e-01
4.993750000000000000e+01,9.532868702892975943e-01
4.995833333333332860e+01,9.557206973612863976e-01
4.997916666666666430e+01,9.579929060345196978e-01
5.000000000000000000e+01,9.601249488655829722e-01
5.002083333333332860e+01,9.621366550846883747e-01
5.004166666666666430e+01,9.640662685788613517e-01
5.006250000000000000e+01,9.659464426182869934e-01
5.008333333333332860e+01,9.677828307809221986e-01
5.010416666666666430e+01,9.695740178320716440e-01
5.012500000000000000e+01,9.713263421704512179e-01
5.014583333333332860e+01,9.730499442927234011e-01
5.016666666666666430e+01,9.747403603516556769e-01
5.018750000000000000e+01,9.763863502924337023e-01
5.020833333333332860e+01,9.779877605525079121e-01
5.022916666666666430e+01,9.795427544464094805e-01
5.025000000000000000e+01,9.810411471076901924e-01
5.027083333333332860e+01,9.824763575244047642e-01
5.029166666666666430e+01,9.838514754211911129e-01
5.031250000000000000e+01,9.851675637595469492e-01
5.033333333333332860e+01,9.864228349114766425e-01
5.035416666666666430e+01,9.876143676199755639e-01
5.037500000000000000e+01,9.887443325185951704e-01
5.039583333333332860e+01,9.898124048033685174e-01
5.041666666666666430e+01,9.908217739356037779e-01
5.043750000000000000e+01,9.917765853243925012e-01
5.045833333333332860e+01,9.926770529117071584e-01
5.047916666666666430e+01,9.935279265190314346e-01
5.050000000000000000e+01,9.943335595338568256e-01
5.052083333333332860e+01,9.950944679852521402e-01
5.054166666666666430e+01,9.958139724919794489e-01
5.056250000000000000e+01,9.964949316828949355e-01
5.058333333333332860e+01,9.971389259412655193e-01
5.060416666666666430e+01,9.977473404273838886e-01
5.062500000000000000e+01,9.983200226770082564e-01
5.064583333333332860e+01,9.988599913008053832e-01
5.066666666666666430e+01,9.993694015409364528e-01
5.068750000000000000e+01,9.998478952536207220e-01
5.070833333333332860e+01,1.000296909472331963e+00
5.072916666666666430e+01,1.000703570844722723e+00
5.075000000000000000e+01,1.000866868276917510e+00
5.077083333333332860e+01,1.000553415206437702e+00
5.079166666666666430e+01,9.996453907037640141e-01
5.081250000000000000e+01,9.981012146225896053e-01
5.083333333333332860e+01,9.959257795591918150e-01
5.085416666666666430e+01,9.931439124434530141e-01
5.087500000000000000e+01,9.897867518567133871e-01
5.089583333333332860e+01,9.858860291713048563e-01
5.091666666666666430e+01,9.814642669389983531e-01
5.093750000000000000e+01,9.765341177611006618e-01
5.095833333333332860e+01,9.710979386206013420e-01
5.097916666666666430e+01,9.651475615533475771e-01
5.100000000000000000e+01,9.586710735312682363e-01
5.102083333333332860e+01,9.516544569799935127e-01
5.104166666666666430e+01,9.440826691811105009e-01
5.106250000000000000e+01,9.359480030045852494e-01
5.108333333333332860e+01,9.272465097121747046e-01
5.110416666666666430e+01,9.179791413229400066e-01
5.112500000000000000e+01,9.081612820838440570e-01
5.114583333333332860e+01,8.978189931423100623e-01
5.116666666666666430e+01,8.869804768200442169e-01
5.118750000000000000e+01,8.756917508627759528e-01
5.120833333333332860e+01,8.639955778334895697e-01
5.122916666666666430e+01,8.519307859097920987e-01
5.125000000000000000e+01,8.395515493470524504e-01
5.127083333333332860e+01,8.269097384052646049e-01
5.129166666666666430e+01,8.140361026295968028e-01
5.131250000000000000e+01,8.009612377350378010e-01
5.133333333333332860e+01,7.877352286457557362e-01
5.135416666666666430e+01,7.744034809436869393e-01
5.137500000000000000e+01,7.609803449047228829e-01
5.139583333333332860e+01,7.474712027156721339e-01
5.141666666666666430e+01,7.338929265611748853e-01
5.143750000000000000e+01,7.202566486537806956e-01
5.145833333333332860e+01,7.065563756285790920e-01
5.147916666666666430e+01,6.927861506052463980e-01
5.150000000000000000e+01,6.789525661966965275e-01
5.152083333333332860e+01,6.650595018453600016e-01
5.154166666666666430e+01,6.510979292520562289e-01
5.156250000000000000e+01,6.370627571217727381e-01
5.158333333333332860e+01,6.229520240442043555e-01
5.160416666666666430e+01,6.087653793993478279e-01
5.162500000000000000e+01,5.945001722389863241e-01
5.164583333333332860e+01,5.801558581764383327e-01
5.166666666666666430e+01,5.657320213075750504e-01
5.168750000000000000e+01,5.512327911214390808e-01
5.170833333333332860e+01,5.366640708187428999e-01
5.172916666666666430e+01,5.220280233432862405e-01
5.175000000000000000e+01,5.073274809933318030e-01
5.177083333333332860e+01,4.925648716671792715e-01
5.179166666666666430e+01,4.777400038488114342e-01
5.181250000000000000e+01,4.628563763014249544e-01
5.183333333333332860e+01,4.479199559315290013e-01
5.185416666666666430e+01,4.329346162684711286e-01
5.187500000000000000e+01,4.179023518094105993e-01
5.189583333333332860e+01,4.028279694420537904e-01
5.191666666666666430e+01,3.877143143075801879e-01
5.193750000000000000e+01,3.725636498692488918e-01
5.195833333333332860e+01,3.573759338735207347e-01
5.197916666666666430e+01,3.421533722452915760e-01
5.200000000000000000e+01,3.268985731810044038e-01
5.202083333333332860e+01,3.116131981397119999e-01
5.204166666666666430e+01,2.962944132266274733e-01
5.206250000000000000e+01,2.811353247389123400e-01
5.208333333333332860e+01,2.663808465230470546e-01
5.210416666666666430e+01,2.521714192694994860e-01
5.212500000000000000e+01,2.385820667691251895e-01
5.214583333333332860e+01,2.256504241377099984e-01
5.216666666666666430e+01,2.133877465025422193e-01
5.218750000000000000e+01,2.017846769905893567e-01
5.220833333333332860e+01,1.908212920991020078e-01
5.222916666666666430e+01,1.804763062336724178e-01
5.225000000000000000e+01,1.707245532227622820e-01
5.227083333333332860e+01,1.615344393042746907e-01
5.229166666666666430e+01,1.528778638928353639e-01
5.231250000000000000e+01,1.447294099217851515e-01
5.233333333333332860e+01,1.370615463975950465e-01
5.235416666666666430e+01,1.298464108336704059e-01
5.237500000000000000e+01,1.230563873663169938e-01
5.239583333333332860e+01,1.166680180994959237e-01
5.241666666666666430e+01,1.106561635082538714e-01
5.243750000000000000e+01,1.049997773794796307e-01
5.245833333333332860e+01,9.967576007611884947e-02
5.247916666666666430e+01,9.466646361111864805e-02
5.250000000000000000e+01,8.995366518017462731e-02
5.252083333333332860e+01,8.552114997839470323e-02
5.254166666666666430e+01,8.135144526376023033e-02
5.256250000000000000e+01,7.742944071382087956e-02
5.258333333333332860e+01,7.374124941760094865e-02
5.260416666666666430e+01,7.027073754161855534e-02
5.262500000000000000e+01,6.700172618004236746e-02
5.264583333333332860e+01,6.392590652421058228e-02
5.266666666666666430e+01,6.103423154380948484e-02
5.268750000000000000e+01,5.831470552938210899e-02
5.270833333333332860e+01,5.575703031846188096e-02
5.272916666666666430e+01,5.335152528069313921e-02
5.275000000000000000e+01,5.108820182687869027e-02
5.277083333333332860e+01,4.895861483456044605e-02
5.279166666666666430e+01,4.695542519657711078e-02
5.281250000000000000e+01,4.507085008003275384e-02
5.283333333333332860e+01,4.329136499905866797e-02
5.285416666666666430e+01,4.161535884257332868e-02
5.287500000000000000e+01,4.004143817226507585e-02
5.289583333333332860e+01,3.856218529370646075e-02
5.291666666666666430e+01,3.717154362432006920e-02
5.293750000000000000e+01,3.586435308038687930e-02
5.295833333333332860e+01,3.463221028503993271e-02
5.297916666666666430e+01,3.347180990927881711e-02
5.300000000000000000e+01,3.238097815156684017e-02
5.302083333333332860e+01,3.135361482897150442e-02
5.304166666666666430e+01,3.038717847933159258e-02
5.306250000000000000e+01,2.947728242142136704e-02
5.308333333333332860e+01,2.862179752429330412e-02
5.310416666666666430e+01,2.781899558047115986e-02
5.312500000000000000e+01,2.706380834263634461e-02
5.314583333333332860e+01,2.635383187981836864e-02
5.316666666666666430e+01,2.568514602553004927e-02
5.318750000000000000e+01,2.505573600878177598e-02
5.320833333333332860e+01,2.446380538574433050e-02
5.322916666666666430e+01,2.390741313286120009e-02
5.325000000000000000e+01,2.337955169142201181e-02
5.327083333333332860e+01,2.288124675839487213e-02
5.329166666666666430e+01,2.241339175343884035e-02
5.331250000000000000e+01,2.197349777921410105e-02
5.333333333333332860e+01,2.155865123968619262e-02
5.335416666666666430e+01,2.116841696352088006e-02
5.337500000000000000e+01,2.080005999361523444e-02
5.339583333333332860e+01,2.045422270976383905e-02
5.341666666666666430e+01,2.012725490894410815e-02
5.343750000000000000e+01,1.981992089358328157e-02
5.345833333333332860e+01,1.953103166122367729e-02
5.347916666666666430e+01,1.925962638073635061e-02
5.350000000000000000e+01,1.900636335403832478e-02
5.352083333333332860e+01,1.876860154847974013e-02
5.354166666666666430e+01,1.854658240059146174e-02
5.356250000000000000e+01,1.833790309735718743e-02
5.358333333333332860e+01,1.814055023589130136e-02
5.360416666666666430e+01,1.795469160466049360e-02
5.362500000000000000e+01,1.778042541726443729e-02
5.364583333333332860e+01,1.761647959125590274e-02
5.366666666666666430e+01,1.746135506135739965e-02
5.368750000000000000e+01,1.731542550206296993e-02
5.370833333333332860e+01,1.717924507606861592e-02
5.372916666666666430e+01,1.705112107211083361e-02
5.375000000000000000e+01,1.693108333333554968e-02
5.377083333333332860e+01,1.681981128968223008e-02
5.379166666666666430e+01,1.671652498645822410e-02
5.381250000000000000e+01,1.661993597930740835e-02
5.383333333333332860e+01,1.652623369390689156e-02
5.385416666666666430e+01,1.643721943363628257e-02
5.387500000000000000e+01,1.635538860959526511e-02
5.389583333333332860e+01,1.627829644066416254e-02
5.391666666666666430e+01,1.620604094611663784e-02
5.393750000000000000e+01,1.613890718834554497e-02
5.395833333333332860e+01,1.607721511320944763e-02
5.397916666666666430e+01,1.602090106065425998e-02
5.400000000000000000e+01,1.596887080390830410e-02
5.402083333333332860e+01,1.591801054195685419e-02
5.404166666666666430e+01,1.586936931675550153e-02
5.406250000000000000e+01,1.582336894402157357e-02
5.408333333333332860e+01,1.577981852370460847e-02
5.410416666666666430e+01,1.573839059488496908e-02
5.412500000000000000e+01,1.569976397092828768e-02
5.414583333333332860e+01,1.566468720178977939e-02
5.416666666666666430e+01,1.563220087666648828e-02
5.418750000000000000e+01,1.560076047030638929e-02
5.420833333333332860e+01,1.557140399218894140e-02
5.422916666666666430e+01,1.554532023868904558e-02
5.425000000000000000e+01,1.551589169233728513e-02
5.427083333333332860e+01,1.548497224881387538e-02
5.429166666666666430e+01,1.545811354912630074e-02
5.431250000000000000e+01,1.543302644987307702e-02
5.433333333333332860e+01,1.541023851129934286e-02
5.435416666666666430e+01,1.538975203175288985e-02
5.437500000000000000e+01,1.537067848586061089e-02
5.439583333333332860e+01,1.535555155643748663e-02
5.441666666666666430e+01,1.534500225853427900e-02
5.443750000000000000e+01,1.533574131745420698e-02
5.445833333333332860e+01,1.538731987153468296e-02
5.447916666666666430e+01,1.543558534123580864e-02
5.450000000000000000e+01,1.546094788232871969e-02
5.452083333333332860e+01,1.547209317355144331e-02
5.454166666666666430e+01,1.547317870153353675e-02
5.456250000000000000e+01,1.546829095883755882e-02
5.458333333333332860e+01,1.546077555687380006e-02
5.460416666666666430e+01,1.545165756586696498e-02
5.462500000000000000e+01,1.544053961400770718e-02
5.464583333333332860e+01,1.542775737953958060e-02
5.466666666666666430e+01,1.541002505963729764e-02
5.468750000000000000e+01,1.539187252875800181e-02
5.470833333333332860e+01,1.537665106236820595e-02
5.472916666666666430e+01,1.536375954449705969e-02
5.475000000000000000e+01,1.535403017693917800e-02
5.477083333333332860e+01,1.534743555250069925e-02
5.479166666666666430e+01,1.534294742054915367e-02
5.481250000000000000e+01,1.533966130039986393e-02
5.483333333333332860e+01,1.533707243324221835e-02
5.485416666666666430e+01,1.533524474760935251e-02
5.487500000000000000e+01,1.533271701143534838e-02
5.489583333333332860e+01,1.532941915983593133e-02
5.491666666666666430e+01,1.532604329489284205e-02
5.493750000000000000e+01,1.532164835775912809e-02
5.495833333333332860e+01,1.531803941815249211e-02
5.497916666666666430e+01,1.531604200445696971e-02
5.500000000000000000e+01,1.531506674969977319e-02
5.502083333333332860e+01,1.531514344241289953e-02
5.504166666666666430e+01,1.531431861445130098e-02
5.506250000000000000e+01,1.531381171446189599e-02
5.508333333333332860e+01,1.531456194925173708e-02
5.510416666666666430e+01,1.531541726900958154e-02
5.512500000000000000e+01,1.531607813064045018e-02
5.514583333333332860e+01,1.531714714852857977e-02
5.516666666666666430e+01,1.531711715409684975e-02
5.518750000000000000e+01,1.531632201909459250e-02
5.520833333333332860e+01,1.531592407433481941e-02
5.522916666666666430e+01,1.531641539861658408e-02
5.525000000000000000e+01,1.531627293021365320e-02
5.527083333333332860e+01,1.531635058311797346e-02
5.529166666666666430e+01,1.531617687827076593e-02
5.531250000000000000e+01,1.531607963913659241e-02
5.533333333333332860e+01,1.531724584294551737e-02
5.535416666666666430e+01,1.531991612236998160e-02
5.537500000000000000e+01,1.532338617697743578e-02
5.539583333333332860e+01,1.532651006669559154e-02
5.541666666666666430e+01,1.532876027131639673e-02
5.543750000000000000e+01,1.532930020220646568e-02
5.545833333333332860e+01,1.532962232379683765e-02
5.547916666666666430e+01,1.532976444817914924e-02
5.550000000000000000e+01,1.532779465882767173e-02
5.552083333333332860e+01,1.532689641251382302e-02
5.554166666666666430e+01,1.532820844025552243e-02
5.556250000000000000e+01,1.533057631854295791e-02
5.558333333333332860e+01,1.533302886182519829e-02
5.560416666666666430e+01,1.533374193728646862e-02
5.562500000000000000e+01,1.533430026873417416e-02
5.564583333333332860e+01,1.533471733628758576e-02
5.566666666666666430e+01,1.533680798346132544e-02
5.568750000000000000e+01,1.534143887545064318e-02
5.570833333333332860e+01,1.534704281416321425e-02
5.572916666666666430e+01,1.535334434811606863e-02
5.575000000000000000e+01,1.535878862613330662e-02
5.577083333333332860e+01,1.536379401620012117e-02
5.579166666666666430e+01,1.536889327943337206e-02
5.581250000000000000e+01,1.537362359106437398e-02
5.583333333333332860e+01,1.537616548975820688e-02
5.585416666666666430e+01,1.537795623573600876e-02
5.587500000000000000e+01,1.538052214535059331e-02
5.589583333333332860e+01,1.538364123752293360e-02
5.591666666666666430e+01,1.538686091548331462e-02
5.593750000000000000e+01,1.539079161078626794e-02
5.595833333333332860e+01,1.539539457907885926e-02
5.597916666666666430e+01,1.539899551566854471e-02
5.600000000000000000e+01,1.539938377153591761e-02
5.602083333333332860e+01,1.540029448901736320e-02
5.604166666666666430e+01,1.540361135751467693e-02
5.606250000000000000e+01,1.540901575552251247e-02
5.608333333333332860e+01,1.541459105945561237e-02
5.610416666666666430e+01,1.542042381706647779e-02
5.612500000000000000e+01,1.542621376933861477e-02
5.614583333333332860e+01,1.543069393214093615e-02
5.616666666666666430e+01,1.543155378980089198e-02
5.618750000000000000e+01,1.543158241559789735e-02
5.620833333333332860e+01,1.543175701095463037e-02
5.622916666666666430e+01,1.543340372016371170e-02
5.625000000000000000e+01,1.543558001457918938e-02
5.627083333333332860e+01,1.543841282986713366e-02
5.629166666666666430e+01,1.544182318568430509e-02
5.631250000000000000e+01,1.544598287617222378e-02
5.633333333333332860e+01,1.544723319096573920e-02
5.635416666666666430e+01,1.544775467451896950e-02
5.637500000000000000e+01,1.544820352981057278e-02
5.639583333333332860e+01,1.545017306462868195e-02
5.641666666666666430e+01,1.545160201380255290e-02
5.643750000000000000e+01,1.545364522326771878e-02
5.645833333333332860e+01,1.545802813034816495e-02
5.647916666666666430e+01,1.546440120212594534e-02
5.650000000000000000e+01,1.547188938966777456e-02
5.652083333333332860e+01,1.548006823498247406e-02
5.654166666666666430e+01,1.548870225321878624e-02
5.656250000000000000e+01,1.549694066306804389e-02
5.658333333333332860e+01,1.549905225371434048e-02
5.660416666666666430e+01,1.549933465549010840e-02
5.662500000000000000e+01,1.550219973011310315e-02
5.664583333333332860e+01,1.550639740887064383e-02
5.666666666666666430e+01,1.550868071258713725e-02
5.668750000000000000e+01,1.551096374167502609e-02
5.670833333333332860e+01,1.551229825626090214e-02
5.672916666666666430e+01,1.551434542082668136e-02
5.675000000000000000e+01,1.551547766931118955e-02
5.677083333333332860e+01,1.551720631108486140e-02
5.679166666666666430e+01,1.552140750901086393e-02
5.681250000000000000e+01,1.552511949092513603e-02
5.683333333333332860e+01,1.552933865835240228e-02
5.685416666666666430e+01,1.553355767733248516e-02
5.687500000000000000e+01,1.553477306704507781e-02
5.689583333333332860e+01,1.553586373175976434e-02
5.691666666666666430e+01,1.553946734359155750e-02
5.693750000000000000e+01,1.554462832662270241e-02
5.695833333333332860e+01,1.555032663173717272e-02
5.697916666666666430e+01,1.555448109650543059e-02
5.700000000000000000e+01,1.555830108377514141e-02
5.702083333333332860e+01,1.556120324857297385e-02
5.704166666666666430e+01,1.556474066825989065e-02
5.706250000000000000e+01,1.556995062365332076e-02
5.708333333333332860e+01,1.557410892321038978e-02
5.710416666666666430e+01,1.557598610529649374e-02
5.712500000000000000e+01,1.557833816175430847e-02
5.714583333333332860e+01,1.558229015943116136e-02
5.716666666666666430e+01,1.558683374488641950e-02
5.718750000000000000e+01,1.559207132818751958e-02
5.720833333333332860e+01,1.559785863384980688e-02
5.722916666666666430e+01,1.560410018989961435e-02
5.725000000000000000e+01,1.561038632888303232e-02
5.727083333333332860e+01,1.561687281346770158e-02
5.729166666666666430e+01,1.562170495304323822e-02
5.731250000000000000e+01,1.562623257579906152e-02
5.733333333333332860e+01,1.563042842699637058e-02
5.735416666666666430e+01,1.563333534522042684e-02
5.737500000000000000e+01,1.563146937971952866e-02
5.739583333333332860e+01,1.562956353699729295e-02
5.741666666666666430e+01,1.563081013999816776e-02
5.743750000000000000e+01,1.563442307429076597e-02
5.745833333333332860e+01,1.563997057919758182e-02
5.747916666666666430e+01,1.564631377936892900e-02
5.750000000000000000e+01,1.565073103355094086e-02
5.752083333333332860e+01,1.565232331335595847e-02
5.754166666666666430e+01,1.565124258366973678e-02
5.756250000000000000e+01,1.565075677358538850e-02
5.758333333333332860e+01,1.565071845574897771e-02
5.760416666666666430e+01,1.565269997281152140e-02
5.762500000000000000e+01,1.565718016194306977e-02
5.764583333333332860e+01,1.566357830451929264e-02
5.766666666666666430e+01,1.567123022262392751e-02
5.768750000000000000e+01,1.567962117074086018e-02
5.770833333333332860e+01,1.568622326790344162e-02
5.772916666666666430e+01,1.569230540546090458e-02
5.775000000000000000e+01,1.569833458843324439e-02
5.777083333333332860e+01,1.570464521178470754e-02
5.779166666666666430e+01,1.571141326009670505e-02
5.781250000000000000e+01,1.571868166505447847e-02
5.783333333333332860e+01,1.572615142843211342e-02
5.785416666666666430e+01,1.573335422490628605e-02
5.787500000000000000e+01,1.573122380936520584e-02
5.789583333333332860e+01,1.572656141774986943e-02
5.791666666666666430e+01,1.572425228898067726e-02
5.793750000000000000e+01,1.572454298509418091e-02
5.795833333333332860e+01,1.572793800925880586e-02
5.797916666666666430e+01,1.573324391907447370e-02
5.800000000000000000e+01,1.573465716515756035e-02
5.802083333333332860e+01,1.573464619776693274e-02
5.804166666666666430e+01,1.573639843750897910e-02
5.806250000000000000e+01,1.573961283550862414e-02
5.808333333333332860e+01,1.574198543948273146e-02
5.810416666666666430e+01,1.574357644904624681e-02
5.812500000000000000e+01,1.573983215123922474e-02
5.814583333333332860e+01,1.573630976577424304e-02
5.816666666666666430e+01,1.573796956006163344e-02
5.818750000000000000e+01,1.574221182126839258e-02
5.820833333333332860e+01,1.574789577901674481e-02
5.822916666666666430e+01,1.575455019827450703e-02
5.825000000000000000e+01,1.575780600268201354e-02
5.827083333333332860e+01,1.575908115639416962e-02
5.829166666666666430e+01,1.576194432131156759e-02
5.831250000000000000e+01,1.576632083633630263e-02
5.833333333333332860e+01,1.577193259197836456e-02
5.835416666666666430e+01,1.577895435743805613e-02
5.837500000000000000e+01,1.578696122937683216e-02
5.839583333333332860e+01,1.579467789771134972e-02
5.841666666666666430e+01,1.580119508990532329e-02
5.843750000000000000e+01,1.580720708996269028e-02
5.845833333333332860e+01,1.581159674703708565e-02
5.847916666666666430e+01,1.581422671448966949e-02
5.850000000000000000e+01,1.581568076756631122e-02
5.852083333333332860e+01,1.581582714231285700e-02
5.854166666666666430e+01,1.581725066834146001e-02
5.856250000000000000e+01,1.581895522473963228e-02
5.858333333333332860e+01,1.581996383079875904e-02
5.860416666666666430e+01,1.582290807656125745e-02
5.862500000000000000e+01,1.582679787222885173e-02
5.864583333333332860e+01,1.583198312823910076e-02
5.866666666666666430e+01,1.583878495929698718e-02
5.868750000000000000e+01,1.584662640876156880e-02
5.870833333333332860e+01,1.585474905606339135e-02
5.872916666666666430e+01,1.586143306670470196e-02
5.875000000000000000e+01,1.586687783699291740e-02
5.877083333333332860e+01,1.587266819718778643e-02
5.879166666666666430e+01,1.587847969293091840e-02
5.881250000000000000e+01,1.588418179049485429e-02
5.883333333333332860e+01,1.588639796853516528e-02
5.885416666666666430e+01,1.588761139908096906e-02
5.887500000000000000e+01,1.588834304844712747e-02
5.889583333333332860e+01,1.589007190829278687e-02
5.891666666666666430e+01,1.589367550502241919e-02
5.893750000000000000e+01,1.589831317903173807e-02
5.895833333333332860e+01,1.590411745131255217e-02
5.897916666666666430e+01,1.591093228276078617e-02
5.900000000000000000e+01,1.591768878236092186e-02
5.902083333333332860e+01,1.592455852067709010e-02
5.904166666666666430e+01,1.593169409256842833e-02
5.906250000000000000e+01,1.593876939624809877e-02
5.908333333333332860e+01,1.594591048818651616e-02
5.910416666666666430e+01,1.595306410971893477e-02
5.912500000000000000e+01,1.595994194826469079e-02
5.914583333333332860e+01,1.596535642439050537e-02
5.916666666666666430e+01,1.597032071550153268e-02
5.918750000000000000e+01,1.597545460124395050e-02
5.920833333333332860e+01,1.598048341551861970e-02
5.922916666666666430e+01,1.598584558422609658e-02
5.925000000000000000e+01,1.599133250798738526e-02
5.927083333333332860e+01,1.599570825757897288e-02
5.929166666666666430e+01,1.599672694595789119e-02
5.931250000000000000e+01,1.599729387714044979e-02
5.933333333333332860e+01,1.599841725874220563e-02
5.935416666666666430e+01,1.599959045088536133e-02
5.937500000000000000e+01,1.600161715271954110e-02
5.939583333333332860e+01,1.600530723123706409e-02
5.941666666666666430e+01,1.601052338243493314e-02
5.943750000000000000e+01,1.601629116931830091e-02
5.945833333333332860e+01,1.602231860152584370e-02
5.947916666666666430e+01,1.602841880513412171e-02
5.950000000000000000e+01,1.603446277981701584e-02
5.952083333333332860e+01,1.604019660649812912e-02
5.954166666666666430e+01,1.604589949749636243e-02
5.956250000000000000e+01,1.604935186207424869e-02
5.958333333333332860e+01,1.623878201827254689e-02
5.960416666666666430e+01,1.685271944099751146e-02
5.962500000000000000e+01,1.802969237019677942e-02
5.964583333333332860e+01,1.984769576512619357e-02
5.966666666666666430e+01,2.234028218311499142e-02
5.968750000000000000e+01,2.551764840185080999e-02
5.970833333333332860e+01,2.936768336236248583e-02
5.972916666666666430e+01,3.387418986191233217e-02
5.975000000000000000e+01,3.901623996583238746e-02
5.977083333333332860e+01,4.476438622680724289e-02
5.979166666666666430e+01,5.108754873625045989e-02
5.981250000000000000e+01,5.795568796797084116e-02
5.983333333333332860e+01,6.533997254177678626e-02
5.985416666666666430e+01,7.321063514132830630e-02
5.987500000000000000e+01,8.153860279132560396e-02
5.989583333333332860e+01,9.029744760469685105e-02
5.991666666666666430e+01,9.946146939807472276e-02
5.993750000000000000e+01,1.090105905656394841e-01
5.995833333333332860e+01,1.189241537058874087e-01
5.997916666666666430e+01,1.291819589930728318e-01
6.000000000000000000e+01,1.397625993856364823e-01
6.002083333333332860e+01,1.506489063515610571e-01
6.004166666666666430e+01,1.618225546919930535e-01
6.006250000000000000e+01,1.732663242357027622e-01
6.008333333333332860e+01,1.849656010479293899e-01
6.010416666666666430e+01,1.969037762851691131e-01
6.012500000000000000e+01,2.090675991797882605e-01
6.014583333333332860e+01,2.214435830664969740e-01
6.016666666666666430e+01,2.340183225524396504e-01
6.018750000000000000e+01,2.467820911057024835e-01
6.020833333333332860e+01,2.597216380924877721e-01
6.022916666666666430e+01,2.728279510448794465e-01
6.025000000000000000e+01,2.860928111911035243e-01
6.027083333333332860e+01,2.995051575771847663e-01
6.029166666666666430e+01,3.130571859514698074e-01
6.031250000000000000e+01,3.267407958259871958e-01
6.033333333333332860e+01,3.405470164342794814e-01
6.035416666666666430e+01,3.544690113386381181e-01
6.037500000000000000e+01,3.685000712897583686e-01
6.039583333333332860e+01,3.826333985222160061e-01
6.041666666666666430e+01,3.968627148909110725e-01
6.043750000000000000e+01,4.111814273112116558e-01
6.045833333333332860e+01,4.255869636116801913e-01
6.047916666666666430e+01,4.400732066991839830e-01
6.050000000000000000e+01,4.546358620183993948e-01
6.052083333333332860e+01,4.692728424643600182e-01
6.054166666666666430e+01,4.839799448518951608e-01
6.056250000000000000e+01,4.987523026430206174e-01
6.058333333333332860e+01,5.135830375842675988e-01
6.060416666666666430e+01,5.284698783628940522e-01
6.062500000000000000e+01,5.434109860603193454e-01
6.064583333333332860e+01,5.584025897816848882e-01
6.066666666666666430e+01,5.734409908377369192e-01
6.068750000000000000e+01,5.885236911547255811e-01
6.070833333333332860e+01,6.036479531738895288e-01
6.072916666666666430e+01,6.188111620517997569e-01
6.075000000000000000e+01,6.340044413612636598e-01
6.077083333333332860e+01,6.492307365635269223e-01
6.079166666666666430e+01,6.644914073792090869e-01
6.081250000000000000e+01,6.797823973167559375e-01
6.083333333333332860e+01,6.950984631177715700e-01
6.085416666666666430e+01,7.104351254802663274e-01
6.087500000000000000e+01,7.257899003810797112e-01
6.089583333333332860e+01,7.409741654568929858e-01
6.091666666666666430e+01,7.557473009400492714e-01
6.093750000000000000e+01,7.699710971126165759e-01
6.095833333333332860e+01,7.835826659970640540e-01
6.097916666666666430e+01,7.965753923150965532e-01
6.100000000000000000e+01,8.089750604035101933e-01
6.102083333333332860e+01,8.208185822606913762e-01
6.104166666666666430e+01,8.321421576173736456e-01
6.106250000000000000e+01,8.429805282275937284e-01
6.108333333333332860e+01,8.533499964679061023e-01
6.110416666666666430e+01,8.632603464589920783e-01
6.112500000000000000e+01,8.727095474312765999e-01
6.114583333333332860e+01,8.816840105663259486e-01
6.116666666666666430e+01,8.901633460870461700e-01
6.118750000000000000e+01,8.981231913929760280e-01
6.120833333333332860e+01,9.055459283109249524e-01
6.122916666666666430e+01,9.124097031564636362e-01
6.125000000000000000e+01,9.187024499434707225e-01
6.127083333333332860e+01,9.244230824775047095e-01
6.129166666666666430e+01,9.295889109805470785e-01
6.131250000000000000e+01,9.342216142923996935e-01
6.133333333333332860e+01,9.383517024186552868e-01
6.135416666666666430e+01,9.420322156693425875e-01
6.137500000000000000e+01,9.453102951735513626e-01
6.139583333333332860e+01,9.482363038364187702e-01
6.141666666666666430e+01,9.508731104568449721e-01
6.143750000000000000e+01,9.532954537785210958e-01
6.145833333333332860e+01,9.555606308088031575e-01
6.147916666666666430e+01,9.576800893919886759e-01
6.150000000000000000e+01,9.596583529675478674e-01
6.152083333333332860e+01,9.615334251122540365e-01
6.154166666666666430e+01,9.633461457349177248e-01
6.156250000000000000e+01,9.651174410652079150e-01
6.158333333333332860e+01,9.668606854835999354e-01
6.160416666666666430e+01,9.685807679096867240e-01
6.162500000000000000e+01,9.702826728915616705e-01
6.164583333333332860e+01,9.719588748605857420e-01
6.166666666666666430e+01,9.736188824176268408e-01
6.168750000000000000e+01,9.752538148048853772e-01
6.170833333333332860e+01,9.768537371773534650e-01
6.172916666666666430e+01,9.784073651522088300e-01
6.175000000000000000e+01,9.799181881331656685e-01
6.177083333333332860e+01,9.813810479519150531e-01
6.179166666666666430e+01,9.827885127216624550e-01
6.181250000000000000e+01,9.841395274546389516e-01
6.183333333333332860e+01,9.854308488797544063e-01
6.185416666666666430e+01,9.866620098063663136e-01
6.187500000000000000e+01,9.878298437956620770e-01
6.189583333333332860e+01,9.889330530487970838e-01
6.191666666666666430e+01,9.899777255898051243e-01
6.193750000000000000e+01,9.909689616088024344e-01
6.195833333333332860e+01,9.919079189328515733e-01
6.197916666666666430e+01,9.927974056254748048e-01
6.200000000000000000e+01,9.936405410937162452e-01
6.202083333333332860e+01,9.944392817992508959e-01
6.204166666666666430e+01,9.951952465522559965e-01
6.206250000000000000e+01,9.959111021430641086e-01
6.208333333333332860e+01,9.965889572142591080e-01
6.210416666666666430e+01,9.972311743124636640e-01
6.212500000000000000e+01,9.978385012410687649e-01
6.214583333333332860e+01,9.984128892103900643e-01
6.216666666666666430e+01,9.989559426634326833e-01
6.218750000000000000e+01,9.994699024230013773e-01
6.220833333333332860e+01,9.999565089504720561e-01
6.222916666666666430e+01,1.000399056880709514e+00
6.225000000000000000e+01,1.000584055608781275e+00
6.227083333333332860e+01,1.000265221004949634e+00
6.229166666666666430e+01,9.993154737866180026e-01
6.231250000000000000e+01,9.976947742031576638e-01
6.233333333333332860e+01,9.954209858176494841e-01
6.235416666666666430e+01,9.925361415224350781e-01
6.237500000000000000e+01,9.891036206527052954e-01
6.239583333333332860e+01,9.851692119476703757e-01
6.241666666666666430e+01,9.807624458655754829e-01
6.243750000000000000e+01,9.759049560089634312e-01
6.245833333333332860e+01,9.705992052135142822e-01
6.247916666666666430e+01,9.648312769446913961e-01
6.250000000000000000e+01,9.585776341941542045e-01
6.252083333333332860e+01,9.518062973402630078e-01
6.254166666666666430e+01,9.444803789037238273e-01
6.256250000000000000e+01,9.365790797461209793e-01
6.258333333333332860e+01,9.280814470999406707e-01
6.260416666666666430e+01,9.189771114211653380e-01
6.262500000000000000e+01,9.092706488251052210e-01
6.264583333333332860e+01,8.989818395081666802e-01
6.266666666666666430e+01,8.881363468138278039e-01
6.268750000000000000e+01,8.767650303272307433e-01
6.270833333333332860e+01,8.649243185431937375e-01
6.272916666666666430e+01,8.526856478632294234e-01
6.275000000000000000e+01,8.401109117925986691e-01
6.277083333333332860e+01,8.272389881517893118e-01
6.279166666666666430e+01,8.141131419764716659e-01
6.281250000000000000e+01,8.007892940762944001e-01
6.283333333333332860e+01,7.873222739833839467e-01
6.285416666666666430e+01,7.737437038215583263e-01
6.287500000000000000e+01,7.600925662414542705e-01
6.289583333333332860e+01,7.464021559581858201e-01
6.291666666666666430e+01,7.326709850513281053e-01
6.293750000000000000e+01,7.188940384646174131e-01
6.295833333333332860e+01,7.050897253566715817e-01
6.297916666666666430e+01,6.912712954717903369e-01
6.300000000000000000e+01,6.774289774507835649e-01
6.302083333333332860e+01,6.635429780871563432e-01
6.304166666666666430e+01,6.496114606751157705e-01
6.306250000000000000e+01,6.356330086214737607e-01
6.308333333333332860e+01,6.215940494408735972e-01
6.310416666666666430e+01,6.074832150156805888e-01
6.312500000000000000e+01,5.932984388325626135e-01
6.314583333333332860e+01,5.790327120121130378e-01
6.316666666666666430e+01,5.646848809779203560e-01
6.318750000000000000e+01,5.502594980798146684e-01
6.320833333333332860e+01,5.357561131812871302e-01
6.322916666666666430e+01,5.211775306350010517e-01
6.325000000000000000e+01,5.065279244594109720e-01
6.327083333333332860e+01,4.918093014607577973e-01
6.329166666666666430e+01,4.770269753875526764e-01
6.331250000000000000e+01,4.621843511592165221e-01
6.333333333333332860e+01,4.472846344071620406e-01
6.335416666666666430e+01,4.323295438006926616e-01
6.337500000000000000e+01,4.173230883379277500e-01
6.339583333333332860e+01,4.022740297853285019e-01
6.341666666666666430e+01,3.871864126209598189e-01
6.343750000000000000e+01,3.720608097782081014e-01
6.345833333333332860e+01,3.569005808030611404e-01
6.347916666666666430e+01,3.417046683669852647e-01
6.350000000000000000e+01,3.264758914492449926e-01
6.352083333333332860e+01,3.112148944958276209e-01
