0.000000000000000000e+00,0.000000000000000000e+00
2.083333333333333218e-02,0.000000000000000000e+00
4.166666666666666435e-02,0.000000000000000000e+00
6.250000000000000000e-02,0.000000000000000000e+00
8.333333333333332871e-02,0.000000000000000000e+00
1.041666666666666574e-01,0.000000000000000000e+00
1.250000000000000000e-01,0.000000000000000000e+00
1.458333333333333148e-01,0.000000000000000000e+00
1.666666666666666574e-01,0.000000000000000000e+00
1.875000000000000000e-01,0.000000000000000000e+00
2.083333333333333148e-01,0.000000000000000000e+00
2.291666666666666574e-01,0.000000000000000000e+00
2.500000000000000000e-01,0.000000000000000000e+00
2.708333333333333148e-01,0.000000000000000000e+00
2.916666666666666297e-01,0.000000000000000000e+00
3.125000000000000000e-01,0.000000000000000000e+00
3.333333333333333148e-01,0.000000000000000000e+00
3.541666666666666297e-01,0.000000000000000000e+00
3.750000000000000000e-01,0.000000000000000000e+00
3.958333333333333148e-01,0.000000000000000000e+00
4.166666666666666297e-01,0.000000000000000000e+00
4.375000000000000000e-01,0.000000000000000000e+00
4.583333333333333148e-01,0.000000000000000000e+00
4.791666666666666297e-01,0.000000000000000000e+00
5.000000000000000000e-01,0.000000000000000000e+00
5.208333333333332593e-01,0.000000000000000000e+00
5.416666666666666297e-01,0.000000000000000000e+00
5.625000000000000000e-01,0.000000000000000000e+00
5.833333333333332593e-01,0.000000000000000000e+00
6.041666666666666297e-01,0.000000000000000000e+00
6.250000000000000000e-01,0.000000000000000000e+00
6.458333333333332593e-01,0.000000000000000000e+00
6.666666666666666297e-01,0.000000000000000000e+00
6.875000000000000000e-01,0.000000000000000000e+00
7.083333333333332593e-01,0.000000000000000000e+00
7.291666666666666297e-01,0.000000000000000000e+00
7.500000000000000000e-01,0.000000000000000000e+00
7.708333333333332593e-01,0.000000000000000000e+00
7.916666666666666297e-01,0.000000000000000000e+00
8.125000000000000000e-01,0.000000000000000000e+00
8.333333333333332593e-01,0.000000000000000000e+00
8.541666666666666297e-01,0.000000000000000000e+00
8.750000000000000000e-01,0.000000000000000000e+00
8.958333333333332593e-01,0.000000000000000000e+00
9.166666666666666297e-01,0.000000000000000000e+00
9.375000000000000000e-01,0.000000000000000000e+00
9.583333333333332593e-01,0.000000000000000000e+00
9.791666666666666297e-01,0.000000000000000000e+00
1.000000000000000000e+00,0.000000000000000000e+00
1.020833333333333259e+00,0.000000000000000000e+00
1.041666666666666519e+00,0.000000000000000000e+00
1.062500000000000000e+00,0.000000000000000000e+00
1.083333333333333259e+00,0.000000000000000000e+00
1.104166666666666519e+00,0.000000000000000000e+00
1.125000000000000000e+00,0.000000000000000000e+00
1.145833333333333259e+00,0.000000000000000000e+00
1.166666666666666519e+00,0.000000000000000000e+00
1.187500000000000000e+00,0.000000000000000000e+00
1.208333333333333259e+00,0.000000000000000000e+00
1.229166666666666519e+00,0.000000000000000000e+00
1.250000000000000000e+00,0.000000000000000000e+00
1.270833333333333259e+00,0.000000000000000000e+00
1.291666666666666519e+00,0.000000000000000000e+00
1.312500000000000000e+00,0.000000000000000000e+00
1.333333333333333259e+00,0.000000000000000000e+00
1.354166666666666519e+00,0.000000000000000000e+00
1.375000000000000000e+00,0.000000000000000000e+00
1.395833333333333259e+00,0.000000000000000000e+00
1.416666666666666519e+00,0.000000000000000000e+00
1.437500000000000000e+00,0.000000000000000000e+00
1.458333333333333259e+00,0.000000000000000000e+00
1.479166666666666519e+00,0.000000000000000000e+00
1.500000000000000000e+00,0.000000000000000000e+00
1.520833333333333259e+00,0.000000000000000000e+00
1.541666666666666519e+00,0.000000000000000000e+00
1.562500000000000000e+00,0.000000000000000000e+00
1.583333333333333259e+00,0.000000000000000000e+00
1.604166666666666519e+00,0.000000000000000000e+00
1.625000000000000000e+00,0.000000000000000000e+00
1.645833333333333259e+00,0.000000000000000000e+00
1.666666666666666519e+00,0.000000000000000000e+00
1.687500000000000000e+00,0.000000000000000000e+00
1.708333333333333259e+00,0.000000000000000000e+00
1.729166666666666519e+00,0.000000000000000000e+00
1.750000000000000000e+00,0.000000000000000000e+00
1.770833333333333259e+00,0.000000000000000000e+00
1.791666666666666519e+00,0.000000000000000000e+00
1.812500000000000000e+00,0.000000000000000000e+00
1.833333333333333259e+00,0.000000000000000000e+00
1.854166666666666519e+00,0.000000000000000000e+00
1.875000000000000000e+00,0.000000000000000000e+00
1.895833333333333259e+00,0.000000000000000000e+00
1.916666666666666519e+00,0.000000000000000000e+00
1.937500000000000000e+00,0.000000000000000000e+00
1.958333333333333259e+00,0.000000000000000000e+00
1.979166666666666519e+00,0.000000000000000000e+00
2.000000000000000000e+00,0.000000000000000000e+00
2.020833333333333037e+00,0.000000000000000000e+00
2.041666666666666519e+00,0.000000000000000000e+00
2.062500000000000000e+00,0.000000000000000000e+00
2.083333333333333037e+00,0.000000000000000000e+00
2.104166666666666519e+00,0.000000000000000000e+00
2.125000000000000000e+00,0.000000000000000000e+00
2.145833333333333037e+00,0.000000000000000000e+00
2.166666666666666519e+00,0.000000000000000000e+00
2.187500000000000000e+00,0.000000000000000000e+00
2.208333333333333037e+00,0.000000000000000000e+00
2.229166666666666519e+00,0.000000000000000000e+00
2.250000000000000000e+00,0.000000000000000000e+00
2.270833333333333037e+00,0.000000000000000000e+00
2.291666666666666519e+00,0.000000000000000000e+00
2.312500000000000000e+00,0.000000000000000000e+00
2.333333333333333037e+00,0.000000000000000000e+00
2.354166666666666519e+00,0.000000000000000000e+00
2.375000000000000000e+00,0.000000000000000000e+00
2.395833333333333037e+00,0.000000000000000000e+00
2.416666666666666519e+00,0.000000000000000000e+00
2.437500000000000000e+00,0.000000000000000000e+00
2.458333333333333037e+00,0.000000000000000000e+00
2.479166666666666519e+00,0.000000000000000000e+00
2.500000000000000000e+00,0.000000000000000000e+00
2.520833333333333037e+00,0.000000000000000000e+00
2.541666666666666519e+00,0.000000000000000000e+00
2.562500000000000000e+00,0.000000000000000000e+00
2.583333333333333037e+00,0.000000000000000000e+00
2.604166666666666519e+00,0.000000000000000000e+00
2.625000000000000000e+00,0.000000000000000000e+00
2.645833333333333037e+00,0.000000000000000000e+00
2.666666666666666519e+00,0.000000000000000000e+00
2.687500000000000000e+00,0.000000000000000000e+00
2.708333333333333037e+00,0.000000000000000000e+00
2.729166666666666519e+00,0.000000000000000000e+00
2.750000000000000000e+00,0.000000000000000000e+00
2.770833333333333037e+00,0.000000000000000000e+00
2.791666666666666519e+00,0.000000000000000000e+00
2.812500000000000000e+00,0.000000000000000000e+00
2.833333333333333037e+00,0.000000000000000000e+00
2.854166666666666519e+00,0.000000000000000000e+00
2.875000000000000000e+00,0.000000000000000000e+00
2.895833333333333037e+00,0.000000000000000000e+00
2.916666666666666519e+00,0.000000000000000000e+00
2.937500000000000000e+00,0.000000000000000000e+00
2.958333333333333037e+00,0.000000000000000000e+00
2.979166666666666519e+00,0.000000000000000000e+00
3.000000000000000000e+00,0.000000000000000000e+00
3.020833333333333037e+00,0.000000000000000000e+00
3.041666666666666519e+00,0.000000000000000000e+00
3.062500000000000000e+00,0.000000000000000000e+00
3.083333333333333037e+00,0.000000000000000000e+00
3.104166666666666519e+00,0.000000000000000000e+00
3.125000000000000000e+00,0.000000000000000000e+00
3.145833333333333037e+00,0.000000000000000000e+00
3.166666666666666519e+00,0.000000000000000000e+00
3.187500000000000000e+00,0.000000000000000000e+00
3.208333333333333037e+00,0.000000000000000000e+00
3.229166666666666519e+00,0.000000000000000000e+00
3.250000000000000000e+00,0.000000000000000000e+00
3.270833333333333037e+00,0.000000000000000000e+00
3.291666666666666519e+00,0.000000000000000000e+00
3.312500000000000000e+00,0.000000000000000000e+00
3.333333333333333037e+00,0.000000000000000000e+00
3.354166666666666519e+00,0.000000000000000000e+00
3.375000000000000000e+00,0.000000000000000000e+00
3.395833333333333037e+00,0.000000000000000000e+00
3.416666666666666519e+00,0.000000000000000000e+00
3.437500000000000000e+00,0.000000000000000000e+00
3.458333333333333037e+00,0.000000000000000000e+00
3.479166666666666519e+00,0.000000000000000000e+00
3.500000000000000000e+00,0.000000000000000000e+00
3.520833333333333037e+00,0.000000000000000000e+00
3.541666666666666519e+00,0.000000000000000000e+00
3.562500000000000000e+00,0.000000000000000000e+00
3.583333333333333037e+00,0.000000000000000000e+00
3.604166666666666519e+00,0.000000000000000000e+00
3.625000000000000000e+00,0.000000000000000000e+00
3.645833333333333037e+00,0.000000000000000000e+00
3.666666666666666519e+00,0.000000000000000000e+00
3.687500000000000000e+00,0.000000000000000000e+00
3.708333333333333037e+00,0.000000000000000000e+00
3.729166666666666519e+00,0.000000000000000000e+00
3.750000000000000000e+00,0.000000000000000000e+00
3.770833333333333037e+00,0.000000000000000000e+00
3.791666666666666519e+00,0.000000000000000000e+00
3.812500000000000000e+00,0.000000000000000000e+00
3.833333333333333037e+00,0.000000000000000000e+00
3.854166666666666519e+00,0.000000000000000000e+00
3.875000000000000000e+00,0.000000000000000000e+00
3.895833333333333037e+00,0.000000000000000000e+00
3.916666666666666519e+00,0.000000000000000000e+00
3.937500000000000000e+00,0.000000000000000000e+00
3.958333333333333037e+00,0.000000000000000000e+00
3.979166666666666519e+00,0.000000000000000000e+00
4.000000000000000000e+00,0.000000000000000000e+00
4.020833333333333037e+00,0.000000000000000000e+00
4.041666666666666075e+00,0.000000000000000000e+00
4.062500000000000000e+00,0.000000000000000000e+00
4.083333333333333037e+00,0.000000000000000000e+00
4.104166666666666075e+00,0.000000000000000000e+00
4.125000000000000000e+00,0.000000000000000000e+00
4.145833333333333037e+00,0.000000000000000000e+00
4.166666666666666075e+00,0.000000000000000000e+00
4.187500000000000000e+00,0.000000000000000000e+00
4.208333333333333037e+00,0.000000000000000000e+00
4.229166666666666075e+00,0.000000000000000000e+00
4.250000000000000000e+00,0.000000000000000000e+00
4.270833333333333037e+00,0.000000000000000000e+00
4.291666666666666075e+00,0.000000000000000000e+00
4.312500000000000000e+00,0.000000000000000000e+00
4.333333333333333037e+00,0.000000000000000000e+00
4.354166666666666075e+00,0.000000000000000000e+00
4.375000000000000000e+00,0.000000000000000000e+00
4.395833333333333037e+00,0.000000000000000000e+00
4.416666666666666075e+00,0.000000000000000000e+00
4.437500000000000000e+00,0.000000000000000000e+00
4.458333333333333037e+00,0.000000000000000000e+00
4.479166666666666075e+00,0.000000000000000000e+00
4.500000000000000000e+00,0.000000000000000000e+00
4.520833333333333037e+00,0.000000000000000000e+00
4.541666666666666075e+00,0.000000000000000000e+00
4.562500000000000000e+00,0.000000000000000000e+00
4.583333333333333037e+00,0.000000000000000000e+00
4.604166666666666075e+00,0.000000000000000000e+00
4.625000000000000000e+00,0.000000000000000000e+00
4.645833333333333037e+00,0.000000000000000000e+00
4.666666666666666075e+00,0.000000000000000000e+00
4.687500000000000000e+00,0.000000000000000000e+00
4.708333333333333037e+00,0.000000000000000000e+00
4.729166666666666075e+00,0.000000000000000000e+00
4.750000000000000000e+00,0.000000000000000000e+00
4.770833333333333037e+00,0.000000000000000000e+00
4.791666666666666075e+00,0.000000000000000000e+00
4.812500000000000000e+00,0.000000000000000000e+00
4.833333333333333037e+00,0.000000000000000000e+00
4.854166666666666075e+00,0.000000000000000000e+00
4.875000000000000000e+00,0.000000000000000000e+00
4.895833333333333037e+00,0.000000000000000000e+00
4.916666666666666075e+00,0.000000000000000000e+00
4.937500000000000000e+00,0.000000000000000000e+00
4.958333333333333037e+00,0.000000000000000000e+00
4.979166666666666075e+00,0.000000000000000000e+00
5.000000000000000000e+00,0.000000000000000000e+00
5.020833333333333037e+00,0.000000000000000000e+00
5.041666666666666075e+00,0.000000000000000000e+00
5.062500000000000000e+00,0.000000000000000000e+00
5.083333333333333037e+00,0.000000000000000000e+00
5.104166666666666075e+00,0.000000000000000000e+00
5.125000000000000000e+00,0.000000000000000000e+00
5.145833333333333037e+00,0.000000000000000000e+00
5.166666666666666075e+00,0.000000000000000000e+00
5.187500000000000000e+00,0.000000000000000000e+00
5.208333333333333037e+00,0.000000000000000000e+00
5.229166666666666075e+00,0.000000000000000000e+00
5.250000000000000000e+00,0.000000000000000000e+00
5.270833333333333037e+00,0.000000000000000000e+00
5.291666666666666075e+00,0.000000000000000000e+00
5.312500000000000000e+00,0.000000000000000000e+00
5.333333333333333037e+00,0.000000000000000000e+00
5.354166666666666075e+00,0.000000000000000000e+00
5.375000000000000000e+00,0.000000000000000000e+00
5.395833333333333037e+00,0.000000000000000000e+00
5.416666666666666075e+00,0.000000000000000000e+00
5.437500000000000000e+00,0.000000000000000000e+00
5.458333333333333037e+00,0.000000000000000000e+00
5.479166666666666075e+00,0.000000000000000000e+00
5.500000000000000000e+00,0.000000000000000000e+00
5.520833333333333037e+00,0.000000000000000000e+00
5.541666666666666075e+00,0.000000000000000000e+00
5.562500000000000000e+00,0.000000000000000000e+00
5.583333333333333037e+00,0.000000000000000000e+00
5.604166666666666075e+00,0.000000000000000000e+00
5.625000000000000000e+00,0.000000000000000000e+00
5.645833333333333037e+00,0.000000000000000000e+00
5.666666666666666075e+00,0.000000000000000000e+00
5.687500000000000000e+00,0.000000000000000000e+00
5.708333333333333037e+00,0.000000000000000000e+00
5.729166666666666075e+00,0.000000000000000000e+00
5.750000000000000000e+00,0.000000000000000000e+00
5.770833333333333037e+00,0.000000000000000000e+00
5.791666666666666075e+00,0.000000000000000000e+00
5.812500000000000000e+00,0.000000000000000000e+00
5.833333333333333037e+00,0.000000000000000000e+00
5.854166666666666075e+00,0.000000000000000000e+00
5.875000000000000000e+00,0.000000000000000000e+00
5.895833333333333037e+00,0.000000000000000000e+00
5.916666666666666075e+00,0.000000000000000000e+00
5.937500000000000000e+00,0.000000000000000000e+00
5.958333333333333037e+00,0.000000000000000000e+00
5.979166666666666075e+00,0.000000000000000000e+00
6.000000000000000000e+00,0.000000000000000000e+00
6.020833333333333037e+00,0.000000000000000000e+00
6.041666666666666075e+00,0.000000000000000000e+00
6.062500000000000000e+00,0.000000000000000000e+00
6.083333333333333037e+00,0.000000000000000000e+00
6.104166666666666075e+00,0.000000000000000000e+00
6.125000000000000000e+00,0.000000000000000000e+00
6.145833333333333037e+00,0.000000000000000000e+00
6.166666666666666075e+00,0.000000000000000000e+00
6.187500000000000000e+00,0.000000000000000000e+00
6.208333333333333037e+00,0.000000000000000000e+00
6.229166666666666075e+00,0.000000000000000000e+00
6.250000000000000000e+00,0.000000000000000000e+00
6.270833333333333037e+00,0.000000000000000000e+00
6.291666666666666075e+00,0.000000000000000000e+00
6.312500000000000000e+00,0.000000000000000000e+00
6.333333333333333037e+00,0.000000000000000000e+00
6.354166666666666075e+00,0.000000000000000000e+00
6.375000000000000000e+00,0.000000000000000000e+00
6.395833333333333037e+00,0.000000000000000000e+00
6.416666666666666075e+00,0.000000000000000000e+00
6.437500000000000000e+00,0.000000000000000000e+00
6.458333333333333037e+00,0.000000000000000000e+00
6.479166666666666075e+00,0.000000000000000000e+00
6.500000000000000000e+00,0.000000000000000000e+00
6.520833333333333037e+00,0.000000000000000000e+00
6.541666666666666075e+00,0.000000000000000000e+00
6.562500000000000000e+00,0.000000000000000000e+00
6.583333333333333037e+00,0.000000000000000000e+00
6.604166666666666075e+00,0.000000000000000000e+00
6.625000000000000000e+00,0.000000000000000000e+00
6.645833333333333037e+00,0.000000000000000000e+00
6.666666666666666075e+00,0.000000000000000000e+00
6.687500000000000000e+00,0.000000000000000000e+00
6.708333333333333037e+00,0.000000000000000000e+00
6.729166666666666075e+00,0.000000000000000000e+00
6.750000000000000000e+00,0.000000000000000000e+00
6.770833333333333037e+00,0.000000000000000000e+00
6.791666666666666075e+00,0.000000000000000000e+00
6.812500000000000000e+00,0.000000000000000000e+00
6.833333333333333037e+00,0.000000000000000000e+00
6.854166666666666075e+00,0.000000000000000000e+00
6.875000000000000000e+00,0.000000000000000000e+00
6.895833333333333037e+00,0.000000000000000000e+00
6.916666666666666075e+00,0.000000000000000000e+00
6.937500000000000000e+00,0.000000000000000000e+00
6.958333333333333037e+00,0.000000000000000000e+00
6.979166666666666075e+00,0.000000000000000000e+00
7.000000000000000000e+00,0.000000000000000000e+00
7.020833333333333037e+00,0.000000000000000000e+00
7.041666666666666075e+00,0.000000000000000000e+00
7.062500000000000000e+00,0.000000000000000000e+00
7.083333333333333037e+00,0.000000000000000000e+00
7.104166666666666075e+00,0.000000000000000000e+00
7.125000000000000000e+00,0.000000000000000000e+00
7.145833333333333037e+00,0.000000000000000000e+00
7.166666666666666075e+00,0.000000000000000000e+00
7.187500000000000000e+00,0.000000000000000000e+00
7.208333333333333037e+00,0.000000000000000000e+00
7.229166666666666075e+00,0.000000000000000000e+00
7.250000000000000000e+00,0.000000000000000000e+00
7.270833333333333037e+00,0.000000000000000000e+00
7.291666666666666075e+00,0.000000000000000000e+00
7.312500000000000000e+00,0.000000000000000000e+00
7.333333333333333037e+00,0.000000000000000000e+00
7.354166666666666075e+00,0.000000000000000000e+00
7.375000000000000000e+00,0.000000000000000000e+00
7.395833333333333037e+00,0.000000000000000000e+00
7.416666666666666075e+00,0.000000000000000000e+00
7.437500000000000000e+00,0.000000000000000000e+00
7.458333333333333037e+00,0.000000000000000000e+00
7.479166666666666075e+00,0.000000000000000000e+00
7.500000000000000000e+00,0.000000000000000000e+00
7.520833333333333037e+00,0.000000000000000000e+00
7.541666666666666075e+00,0.000000000000000000e+00
7.562500000000000000e+00,0.000000000000000000e+00
7.583333333333333037e+00,0.000000000000000000e+00
7.604166666666666075e+00,0.000000000000000000e+00
7.625000000000000000e+00,0.000000000000000000e+00
7.645833333333333037e+00,0.000000000000000000e+00
7.666666666666666075e+00,0.000000000000000000e+00
7.687500000000000000e+00,0.000000000000000000e+00
7.708333333333333037e+00,0.000000000000000000e+00
7.729166666666666075e+00,0.000000000000000000e+00
7.750000000000000000e+00,0.000000000000000000e+00
7.770833333333333037e+00,0.000000000000000000e+00
7.791666666666666075e+00,0.000000000000000000e+00
7.812500000000000000e+00,0.000000000000000000e+00
7.833333333333333037e+00,0.000000000000000000e+00
7.854166666666666075e+00,0.000000000000000000e+00
7.875000000000000000e+00,0.000000000000000000e+00
7.895833333333333037e+00,0.000000000000000000e+00
7.916666666666666075e+00,0.000000000000000000e+00
7.937500000000000000e+00,0.000000000000000000e+00
7.958333333333333037e+00,0.000000000000000000e+00
7.979166666666666075e+00,0.000000000000000000e+00
8.000000000000000000e+00,0.000000000000000000e+00
8.020833333333332149e+00,0.000000000000000000e+00
8.041666666666666075e+00,0.000000000000000000e+00
8.062500000000000000e+00,0.000000000000000000e+00
8.083333333333332149e+00,0.000000000000000000e+00
8.104166666666666075e+00,0.000000000000000000e+00
8.125000000000000000e+00,0.000000000000000000e+00
8.145833333333332149e+00,0.000000000000000000e+00
8.166666666666666075e+00,0.000000000000000000e+00
8.187500000000000000e+00,0.000000000000000000e+00
8.208333333333332149e+00,0.000000000000000000e+00
8.229166666666666075e+00,0.000000000000000000e+00
8.250000000000000000e+00,0.000000000000000000e+00
8.270833333333332149e+00,0.000000000000000000e+00
8.291666666666666075e+00,0.000000000000000000e+00
8.312500000000000000e+00,0.000000000000000000e+00
8.333333333333332149e+00,0.000000000000000000e+00
8.354166666666666075e+00,0.000000000000000000e+00
8.375000000000000000e+00,0.000000000000000000e+00
8.395833333333332149e+00,0.000000000000000000e+00
8.416666666666666075e+00,0.000000000000000000e+00
8.437500000000000000e+00,0.000000000000000000e+00
8.458333333333332149e+00,0.000000000000000000e+00
8.479166666666666075e+00,0.000000000000000000e+00
8.500000000000000000e+00,0.000000000000000000e+00
8.520833333333332149e+00,0.000000000000000000e+00
8.541666666666666075e+00,0.000000000000000000e+00
8.562500000000000000e+00,0.000000000000000000e+00
8.583333333333332149e+00,0.000000000000000000e+00
8.604166666666666075e+00,0.000000000000000000e+00
8.625000000000000000e+00,0.000000000000000000e+00
8.645833333333332149e+00,0.000000000000000000e+00
8.666666666666666075e+00,0.000000000000000000e+00
8.687500000000000000e+00,0.000000000000000000e+00
8.708333333333332149e+00,0.000000000000000000e+00
8.729166666666666075e+00,0.000000000000000000e+00
8.750000000000000000e+00,0.000000000000000000e+00
8.770833333333332149e+00,0.000000000000000000e+00
8.791666666666666075e+00,0.000000000000000000e+00
8.812500000000000000e+00,0.000000000000000000e+00
8.833333333333332149e+00,0.000000000000000000e+00
8.854166666666666075e+00,0.000000000000000000e+00
8.875000000000000000e+00,0.000000000000000000e+00
8.895833333333332149e+00,0.000000000000000000e+00
8.916666666666666075e+00,0.000000000000000000e+00
8.937500000000000000e+00,0.000000000000000000e+00
8.958333333333332149e+00,0.000000000000000000e+00
8.979166666666666075e+00,0.000000000000000000e+00
9.000000000000000000e+00,0.000000000000000000e+00
9.020833333333332149e+00,0.000000000000000000e+00
9.041666666666666075e+00,0.000000000000000000e+00
9.062500000000000000e+00,0.000000000000000000e+00
9.083333333333332149e+00,0.000000000000000000e+00
9.104166666666666075e+00,0.000000000000000000e+00
9.125000000000000000e+00,0.000000000000000000e+00
9.145833333333332149e+00,0.000000000000000000e+00
9.166666666666666075e+00,0.000000000000000000e+00
9.187500000000000000e+00,0.000000000000000000e+00
9.208333333333332149e+00,0.000000000000000000e+00
9.229166666666666075e+00,0.000000000000000000e+00
9.250000000000000000e+00,0.000000000000000000e+00
9.270833333333332149e+00,0.000000000000000000e+00
9.291666666666666075e+00,0.000000000000000000e+00
9.312500000000000000e+00,0.000000000000000000e+00
9.333333333333332149e+00,0.000000000000000000e+00
9.354166666666666075e+00,0.000000000000000000e+00
9.375000000000000000e+00,0.000000000000000000e+00
9.395833333333332149e+00,0.000000000000000000e+00
9.416666666666666075e+00,0.000000000000000000e+00
9.437500000000000000e+00,0.000000000000000000e+00
9.458333333333332149e+00,0.000000000000000000e+00
9.479166666666666075e+00,0.000000000000000000e+00
9.500000000000000000e+00,0.000000000000000000e+00
9.520833333333332149e+00,0.000000000000000000e+00
9.541666666666666075e+00,0.000000000000000000e+00
9.562500000000000000e+00,0.000000000000000000e+00
9.583333333333332149e+00,0.000000000000000000e+00
9.604166666666666075e+00,0.000000000000000000e+00
9.625000000000000000e+00,0.000000000000000000e+00
9.645833333333332149e+00,0.000000000000000000e+00
9.666666666666666075e+00,0.000000000000000000e+00
9.687500000000000000e+00,0.000000000000000000e+00
9.708333333333332149e+00,0.000000000000000000e+00
9.729166666666666075e+00,0.000000000000000000e+00
9.750000000000000000e+00,0.000000000000000000e+00
9.770833333333332149e+00,0.000000000000000000e+00
9.791666666666666075e+00,0.000000000000000000e+00
9.812500000000000000e+00,0.000000000000000000e+00
9.833333333333332149e+00,0.000000000000000000e+00
9.854166666666666075e+00,0.000000000000000000e+00
9.875000000000000000e+00,0.000000000000000000e+00
9.895833333333332149e+00,0.000000000000000000e+00
9.916666666666666075e+00,0.000000000000000000e+00
9.937500000000000000e+00,0.000000000000000000e+00
9.958333333333332149e+00,0.000000000000000000e+00
9.979166666666666075e+00,0.000000000000000000e+00
1.000000000000000000e+01,0.000000000000000000e+00
1.002083333333333215e+01,0.000000000000000000e+00
1.004166666666666607e+01,0.000000000000000000e+00
1.006250000000000000e+01,0.000000000000000000e+00
1.008333333333333215e+01,0.000000000000000000e+00
1.010416666666666607e+01,0.000000000000000000e+00
1.012500000000000000e+01,0.000000000000000000e+00
1.014583333333333215e+01,0.000000000000000000e+00
1.016666666666666607e+01,0.000000000000000000e+00
1.018750000000000000e+01,0.000000000000000000e+00
1.020833333333333215e+01,0.000000000000000000e+00
1.022916666666666607e+01,0.000000000000000000e+00
1.025000000000000000e+01,0.000000000000000000e+00
1.027083333333333215e+01,0.000000000000000000e+00
1.029166666666666607e+01,0.000000000000000000e+00
1.031250000000000000e+01,0.000000000000000000e+00
1.033333333333333215e+01,0.000000000000000000e+00
1.035416666666666607e+01,0.000000000000000000e+00
1.037500000000000000e+01,0.000000000000000000e+00
1.039583333333333215e+01,0.000000000000000000e+00
1.041666666666666607e+01,0.000000000000000000e+00
1.043750000000000000e+01,0.000000000000000000e+00
1.045833333333333215e+01,0.000000000000000000e+00
1.047916666666666607e+01,0.000000000000000000e+00
1.050000000000000000e+01,0.000000000000000000e+00
1.052083333333333215e+01,0.000000000000000000e+00
1.054166666666666607e+01,0.000000000000000000e+00
1.056250000000000000e+01,0.000000000000000000e+00
1.058333333333333215e+01,0.000000000000000000e+00
1.060416666666666607e+01,0.000000000000000000e+00
1.062500000000000000e+01,0.000000000000000000e+00
1.064583333333333215e+01,0.000000000000000000e+00
1.066666666666666607e+01,0.000000000000000000e+00
1.068750000000000000e+01,0.000000000000000000e+00
1.070833333333333215e+01,0.000000000000000000e+00
1.072916666666666607e+01,0.000000000000000000e+00
1.075000000000000000e+01,0.000000000000000000e+00
1.077083333333333215e+01,0.000000000000000000e+00
1.079166666666666607e+01,0.000000000000000000e+00
1.081250000000000000e+01,0.000000000000000000e+00
1.083333333333333215e+01,0.000000000000000000e+00
1.085416666666666607e+01,0.000000000000000000e+00
1.087500000000000000e+01,0.000000000000000000e+00
1.089583333333333215e+01,0.000000000000000000e+00
1.091666666666666607e+01,0.000000000000000000e+00
1.093750000000000000e+01,0.000000000000000000e+00
1.095833333333333215e+01,0.000000000000000000e+00
1.097916666666666607e+01,0.000000000000000000e+00
1.100000000000000000e+01,0.000000000000000000e+00
1.102083333333333215e+01,0.000000000000000000e+00
1.104166666666666607e+01,0.000000000000000000e+00
1.106250000000000000e+01,0.000000000000000000e+00
1.108333333333333215e+01,0.000000000000000000e+00
1.110416666666666607e+01,0.000000000000000000e+00
1.112500000000000000e+01,0.000000000000000000e+00
1.114583333333333215e+01,0.000000000000000000e+00
1.116666666666666607e+01,0.000000000000000000e+00
1.118750000000000000e+01,0.000000000000000000e+00
1.120833333333333215e+01,0.000000000000000000e+00
1.122916666666666607e+01,0.000000000000000000e+00
1.125000000000000000e+01,0.000000000000000000e+00
1.127083333333333215e+01,0.000000000000000000e+00
1.129166666666666607e+01,0.000000000000000000e+00
1.131250000000000000e+01,0.000000000000000000e+00
1.133333333333333215e+01,0.000000000000000000e+00
1.135416666666666607e+01,0.000000000000000000e+00
1.137500000000000000e+01,0.000000000000000000e+00
1.139583333333333215e+01,0.000000000000000000e+00
1.141666666666666607e+01,0.000000000000000000e+00
1.143750000000000000e+01,0.000000000000000000e+00
1.145833333333333215e+01,0.000000000000000000e+00
1.147916666666666607e+01,0.000000000000000000e+00
1.150000000000000000e+01,0.000000000000000000e+00
1.152083333333333215e+01,0.000000000000000000e+00
1.154166666666666607e+01,0.000000000000000000e+00
1.156250000000000000e+01,0.000000000000000000e+00
1.158333333333333215e+01,0.000000000000000000e+00
1.160416666666666607e+01,0.000000000000000000e+00
1.162500000000000000e+01,0.000000000000000000e+00
1.164583333333333215e+01,0.000000000000000000e+00
1.166666666666666607e+01,0.000000000000000000e+00
1.168750000000000000e+01,0.000000000000000000e+00
1.170833333333333215e+01,0.000000000000000000e+00
1.172916666666666607e+01,0.000000000000000000e+00
1.175000000000000000e+01,0.000000000000000000e+00
1.177083333333333215e+01,0.000000000000000000e+00
1.179166666666666607e+01,0.000000000000000000e+00
1.181250000000000000e+01,0.000000000000000000e+00
1.183333333333333215e+01,0.000000000000000000e+00
1.185416666666666607e+01,0.000000000000000000e+00
1.187500000000000000e+01,0.000000000000000000e+00
1.189583333333333215e+01,0.000000000000000000e+00
1.191666666666666607e+01,0.000000000000000000e+00
1.193750000000000000e+01,0.000000000000000000e+00
1.195833333333333215e+01,0.000000000000000000e+00
1.197916666666666607e+01,0.000000000000000000e+00
1.200000000000000000e+01,0.000000000000000000e+00
1.202083333333333215e+01,0.000000000000000000e+00
1.204166666666666607e+01,0.000000000000000000e+00
1.206250000000000000e+01,0.000000000000000000e+00
1.208333333333333215e+01,0.000000000000000000e+00
1.210416666666666607e+01,0.000000000000000000e+00
1.212500000000000000e+01,0.000000000000000000e+00
1.214583333333333215e+01,0.000000000000000000e+00
1.216666666666666607e+01,0.000000000000000000e+00
1.218750000000000000e+01,0.000000000000000000e+00
1.220833333333333215e+01,0.000000000000000000e+00
1.222916666666666607e+01,0.000000000000000000e+00
1.225000000000000000e+01,0.000000000000000000e+00
1.227083333333333215e+01,0.000000000000000000e+00
1.229166666666666607e+01,0.000000000000000000e+00
1.231250000000000000e+01,0.000000000000000000e+00
1.233333333333333215e+01,0.000000000000000000e+00
1.235416666666666607e+01,0.000000000000000000e+00
1.237500000000000000e+01,0.000000000000000000e+00
1.239583333333333215e+01,0.000000000000000000e+00
1.241666666666666607e+01,0.000000000000000000e+00
1.243750000000000000e+01,0.000000000000000000e+00
1.245833333333333215e+01,0.000000000000000000e+00
1.247916666666666607e+01,0.000000000000000000e+00
1.250000000000000000e+01,0.000000000000000000e+00
1.252083333333333215e+01,0.000000000000000000e+00
1.254166666666666607e+01,0.000000000000000000e+00
1.256250000000000000e+01,0.000000000000000000e+00
1.258333333333333215e+01,0.000000000000000000e+00
1.260416666666666607e+01,0.000000000000000000e+00
1.262500000000000000e+01,0.000000000000000000e+00
1.264583333333333215e+01,0.000000000000000000e+00
1.266666666666666607e+01,0.000000000000000000e+00
1.268750000000000000e+01,0.000000000000000000e+00
1.270833333333333215e+01,0.000000000000000000e+00
1.272916666666666607e+01,0.000000000000000000e+00
1.275000000000000000e+01,0.000000000000000000e+00
1.277083333333333215e+01,0.000000000000000000e+00
1.279166666666666607e+01,0.000000000000000000e+00
1.281250000000000000e+01,0.000000000000000000e+00
1.283333333333333215e+01,0.000000000000000000e+00
1.285416666666666607e+01,0.000000000000000000e+00
1.287500000000000000e+01,0.000000000000000000e+00
1.289583333333333215e+01,0.000000000000000000e+00
1.291666666666666607e+01,0.000000000000000000e+00
1.293750000000000000e+01,0.000000000000000000e+00
1.295833333333333215e+01,0.000000000000000000e+00
1.297916666666666607e+01,0.000000000000000000e+00
1.300000000000000000e+01,0.000000000000000000e+00
1.302083333333333215e+01,0.000000000000000000e+00
1.304166666666666607e+01,0.000000000000000000e+00
1.306250000000000000e+01,0.000000000000000000e+00
1.308333333333333215e+01,0.000000000000000000e+00
1.310416666666666607e+01,0.000000000000000000e+00
1.312500000000000000e+01,0.000000000000000000e+00
1.314583333333333215e+01,0.000000000000000000e+00
1.316666666666666607e+01,0.000000000000000000e+00
1.318750000000000000e+01,0.000000000000000000e+00
1.320833333333333215e+01,0.000000000000000000e+00
1.322916666666666607e+01,0.000000000000000000e+00
1.325000000000000000e+01,0.000000000000000000e+00
1.327083333333333215e+01,0.000000000000000000e+00
1.329166666666666607e+01,0.000000000000000000e+00
1.331250000000000000e+01,0.000000000000000000e+00
1.333333333333333215e+01,0.000000000000000000e+00
1.335416666666666607e+01,0.000000000000000000e+00
1.337500000000000000e+01,0.000000000000000000e+00
1.339583333333333215e+01,0.000000000000000000e+00
1.341666666666666607e+01,0.000000000000000000e+00
1.343750000000000000e+01,0.000000000000000000e+00
1.345833333333333215e+01,0.000000000000000000e+00
1.347916666666666607e+01,0.000000000000000000e+00
1.350000000000000000e+01,0.000000000000000000e+00
1.352083333333333215e+01,0.000000000000000000e+00
1.354166666666666607e+01,0.000000000000000000e+00
1.356250000000000000e+01,0.000000000000000000e+00
1.358333333333333215e+01,0.000000000000000000e+00
1.360416666666666607e+01,0.000000000000000000e+00
1.362500000000000000e+01,3.726475711322007056e-01
1.364583333333333215e+01,9.882956488923637650e-01
1.366666666666666607e+01,1.597637848063554467e+00
1.368750000000000000e+01,2.204441290299402834e+00
1.370833333333333215e+01,2.073585762680288269e+00
1.372916666666666607e+01,1.701437242658156546e+00
1.375000000000000000e+01,1.991274148587882209e+00
1.377083333333333215e+01,2.550499793492985390e+00
1.379166666666666607e+01,2.371715396502830586e+00
1.381250000000000000e+01,1.727424157046198339e+00
1.383333333333333215e+01,1.439686307297203705e+00
1.385416666666666607e+01,1.747767012833013389e+00
1.387500000000000000e+01,1.573242703295358424e+00
1.389583333333333215e+01,9.183741481237550630e-01
1.391666666666666607e+01,4.314878672508211110e-01
1.393750000000000000e+01,6.752681534414239906e-01
1.395833333333333215e+01,5.420698304458166916e-01
1.397916666666666607e+01,-1.170195239095761508e-01
1.400000000000000000e+01,-6.391433075608237147e-01
1.402083333333333215e+01,-4.138754413966774237e-01
1.404166666666666607e+01,-5.461348380571262595e-01
1.406250000000000000e+01,-1.207425872595019989e+00
1.408333333333333215e+01,-1.071873704343253131e+00
1.410416666666666607e+01,-7.263783875760028153e-01
1.412500000000000000e+01,-1.071077468706874036e+00
1.414583333333333215e+01,-1.732250021472561130e+00
1.416666666666666607e+01,-1.594947179725724418e+00
1.418750000000000000e+01,-9.280669229782434471e-01
1.420833333333333215e+01,-1.058527679463112214e+00
1.422916666666666607e+01,-1.717720293145759136e+00
1.425000000000000000e+01,-1.581448162709730099e+00
1.427083333333333215e+01,-9.182039031103603755e-01
1.429166666666666607e+01,-1.047782060913654778e+00
1.431250000000000000e+01,-1.465199523449322250e+00
1.433333333333333215e+01,-1.172642491096744566e+00
1.435416666666666607e+01,-5.152570886342191514e-01
1.437500000000000000e+01,-6.448269651960156779e-01
1.439583333333333215e+01,-1.231039433401054817e+00
1.441666666666666607e+01,-1.054468045342796589e+00
1.443750000000000000e+01,-4.009145360378488787e-01
1.445833333333333215e+01,-6.319309324095934155e-02
1.447916666666666607e+01,-4.024165345014759643e-01
1.450000000000000000e+01,-2.718486922086663093e-01
1.452083333333333215e+01,3.002740096207799358e-01
1.454166666666666607e+01,1.176705764123866516e-01
1.456250000000000000e+01,-5.324413027601984094e-01
1.458333333333333215e+01,-4.015002216137845692e-01
1.460416666666666607e+01,2.491674010666188321e-01
1.462500000000000000e+01,2.629451841753692731e-01
1.464583333333333215e+01,-1.387286433913716421e-01
1.466666666666666607e+01,9.375212281306249951e-02
1.468750000000000000e+01,7.445761216985651298e-01
1.470833333333333215e+01,6.128837241790910939e-01
1.472916666666666607e+01,-3.943482312535995238e-02
1.475000000000000000e+01,9.114871707692351332e-02
1.477083333333333215e+01,6.084813509887216920e-01
1.479166666666666607e+01,3.873223009711703746e-01
1.481250000000000000e+01,-2.655650675553371531e-01
1.483333333333333215e+01,-1.345539847562031710e-01
1.485416666666666607e+01,5.182969508760575383e-01
1.487500000000000000e+01,3.868327277671177455e-01
1.489583333333333215e+01,-2.666001067141934300e-01
1.491666666666666607e+01,-1.354582979077476601e-01
1.493750000000000000e+01,-2.650150923337422082e-01
1.495833333333333215e+01,-9.020377326613596702e-01
1.497916666666666607e+01,-1.520309915742034557e+00
1.500000000000000000e+01,-2.127724241588461407e+00
1.502083333333333215e+01,-2.197689683019042217e+00
1.504166666666666607e+01,-2.050287413995956598e+00
1.506250000000000000e+01,-2.393152107364014292e+00
1.508333333333333215e+01,-2.348568501892485560e+00
1.510416666666666607e+01,-1.840401552929428863e+00
1.512500000000000000e+01,-2.003300171908645844e+00
1.514583333333333215e+01,-2.397754278710979570e+00
1.516666666666666607e+01,-2.109221505750145553e+00
1.518750000000000000e+01,-1.466655300097913894e+00
1.520833333333333215e+01,-1.004149830403458843e+00
1.522916666666666607e+01,-1.252455419136675019e+00
1.525000000000000000e+01,-1.120007650075039329e+00
1.527083333333333215e+01,-4.718409225730688661e-01
1.529166666666666607e+01,1.767515799002774557e-01
1.531250000000000000e+01,4.598825781021975700e-02
1.533333333333333215e+01,1.766347565556847243e-01
1.535416666666666607e+01,8.278207805886639292e-01
1.537500000000000000e+01,6.952200335304006273e-01
1.539583333333333215e+01,7.662845850868755804e-01
1.541666666666666607e+01,1.379765590378441154e+00
1.543750000000000000e+01,1.245169682724964311e+00
1.545833333333333215e+01,7.968348667879263658e-01
1.547916666666666607e+01,1.066506246877149344e+00
1.550000000000000000e+01,1.720002552551439301e+00
1.552083333333333215e+01,1.584213903265133894e+00
1.554166666666666607e+01,9.248087047697044483e-01
1.556250000000000000e+01,1.053954250274951487e+00
1.558333333333333215e+01,1.706233438848987038e+00
1.560416666666666607e+01,1.571158347688604184e+00
1.562500000000000000e+01,9.141688061977566448e-01
1.564583333333333215e+01,1.042756128280014849e+00
1.566666666666666607e+01,1.640657413199780201e+00
1.568750000000000000e+01,1.472110036269417499e+00
1.570833333333333215e+01,8.184910183535069050e-01
1.572916666666666607e+01,4.143928538944363638e-01
1.575000000000000000e+01,7.079339929472300286e-01
1.577083333333333215e+01,7.025969561272211727e-01
1.579166666666666607e+01,1.372963772035519225e-01
1.581250000000000000e+01,2.665251685104401691e-01
1.583333333333333215e+01,7.285186607905339562e-01
1.585416666666666607e+01,4.744161808844165606e-01
1.587500000000000000e+01,-1.736486199448923351e-01
1.589583333333333215e+01,-4.428071390650473171e-02
1.591666666666666607e+01,2.316852686840467079e-01
1.593750000000000000e+01,-1.455196666496387792e-01
1.595833333333333215e+01,-5.214033434633256192e-01
1.597916666666666607e+01,-2.090810130657237975e-01
1.600000000000000000e+01,3.243237549652053242e-02
1.602083333333333215e+01,-3.672536207316933199e-01
1.604166666666666430e+01,-4.167033710410965042e-01
1.606250000000000000e+01,8.194198026643156885e-02
1.608333333333333215e+01,-6.370052561759859122e-02
1.610416666666666430e+01,-7.105521317030784045e-01
1.612500000000000000e+01,-5.757352963851769534e-01
1.614583333333333215e+01,7.301199315018441771e-02
1.616666666666666430e+01,-5.628021755781559277e-02
1.618750000000000000e+01,-7.128084882727900862e-01
1.620833333333333215e+01,-5.910188334291660572e-01
1.622916666666666430e+01,5.092783621009433492e-02
1.625000000000000000e+01,9.032380400729467240e-02
1.627083333333333215e+01,-2.630366547733402616e-01
1.629166666666666430e+01,-6.074248215374611348e-03
1.631250000000000000e+01,6.400739556230740090e-01
1.633333333333333215e+01,4.647986078646267893e-01
1.635416666666666430e+01,-2.216063600367498276e-01
1.637500000000000000e+01,-7.644361326008264346e-02
1.639583333333333215e+01,6.313915852886660129e-01
1.641666666666666430e+01,5.004055652581058666e-01
1.643750000000000000e+01,-1.838110280639642657e-01
1.645833333333333215e+01,-4.341627462543118376e-02
1.647916666666666430e+01,5.772476915847841727e-01
1.650000000000000000e+01,3.923953777768754980e-01
1.652083333333333215e+01,-2.838286720053068146e-01
1.654166666666666430e+01,-1.481996860452279019e-01
1.656250000000000000e+01,5.546723911715005784e-01
1.658333333333333215e+01,4.271643663535406032e-01
1.660416666666666430e+01,-2.462649644953715522e-01
1.662500000000000000e+01,-1.976508065152550453e-01
1.664583333333333215e+01,2.866017855196617559e-01
1.666666666666666430e+01,4.736945873726267769e-02
1.668750000000000000e+01,-6.377488155591232166e-01
1.670833333333333215e+01,-5.221044615433388936e-01
1.672916666666666430e+01,1.505636072584144447e-01
1.675000000000000000e+01,2.854887018920726494e-03
1.677083333333333215e+01,-2.794633677742998645e-01
1.679166666666666430e+01,1.042000717252434261e-01
1.681250000000000000e+01,2.423075612865473460e-01
1.683333333333333215e+01,-2.662985009160578342e-01
1.685416666666666430e+01,-1.277201350732294904e-01
1.687500000000000000e+01,5.431735281620170275e-01
1.689583333333333215e+01,4.114460794420919942e-01
1.691666666666666430e+01,-2.650070592139904258e-01
1.693750000000000000e+01,-1.077926088873887578e-01
1.695833333333333215e+01,5.667131874471134090e-01
1.697916666666666430e+01,4.359863309983748603e-01
1.700000000000000000e+01,-2.500733765842535483e-01
1.702083333333333215e+01,-1.093828402795427313e-01
1.704166666666666430e+01,3.680184381700816187e-01
1.706250000000000000e+01,1.152209704066382290e-01
1.708333333333333215e+01,-5.641931869811389610e-01
1.710416666666666430e+01,-4.414211430528038882e-01
1.712500000000000000e+01,2.051761917993119577e-01
1.714583333333333215e+01,7.019342698624370103e-02
1.716666666666666430e+01,-4.067516086306579570e-01
1.718750000000000000e+01,-1.401019467261793161e-01
1.720833333333333215e+01,5.043062567868799029e-01
1.722916666666666430e+01,3.788505795588138492e-01
1.725000000000000000e+01,-2.830402822649445427e-01
1.727083333333333215e+01,-1.579092484204016600e-01
1.729166666666666430e+01,4.774278077992519798e-01
1.731250000000000000e+01,3.526234723076988042e-01
1.733333333333333215e+01,-3.031329668295553725e-01
1.735416666666666430e+01,-1.682417815970577435e-01
1.737500000000000000e+01,3.981231784967079190e-01
1.739583333333333215e+01,2.293946005657875598e-01
1.741666666666666430e+01,-4.219242704527865206e-01
1.743750000000000000e+01,-2.870850406673490229e-01
1.745833333333333215e+01,3.483885070349149737e-01
1.747916666666666430e+01,2.244273425229925956e-01
1.750000000000000000e+01,-4.329270911612808082e-01
1.752083333333333215e+01,-3.132468336791408570e-01
1.754166666666666430e+01,3.199781577512383901e-01
1.756250000000000000e+01,1.907015991232813568e-01
1.758333333333333215e+01,-4.696971465525587863e-01
1.760416666666666430e+01,-3.337995558263352480e-01
1.762500000000000000e+01,3.065514226056270108e-01
1.764583333333333215e+01,1.816510871377380321e-01
1.766666666666666430e+01,-4.809072311325708338e-01
1.768750000000000000e+01,-3.605702974021812723e-01
1.770833333333333215e+01,2.757851387493152062e-01
1.772916666666666430e+01,1.468590889866476235e-01
1.775000000000000000e+01,-5.166251960737462401e-01
1.777083333333333215e+01,-3.798211611527873566e-01
1.779166666666666430e+01,2.630741298017348906e-01
1.781250000000000000e+01,1.987221373649470935e-01
1.783333333333333215e+01,-2.186165471103216906e-01
1.785416666666666430e+01,5.525298108688325716e-02
1.787500000000000000e+01,6.554405046462945528e-01
1.789583333333333215e+01,4.957214208911442377e-01
1.791666666666666430e+01,-1.575609489646916939e-01
1.793750000000000000e+01,-4.935582011034456325e-03
1.795833333333333215e+01,4.935232207407029836e-01
1.797916666666666430e+01,2.646012086460166612e-01
1.800000000000000000e+01,-3.994269172674956847e-01
1.802083333333333215e+01,-2.626309633826973133e-01
1.804166666666666430e+01,3.797690101223601955e-01
1.806250000000000000e+01,2.549061579892429874e-01
1.808333333333333215e+01,-4.039501878996994422e-01
1.810416666666666430e+01,-2.676161974037741809e-01
1.812500000000000000e+01,3.747968619490976705e-01
1.814583333333333215e+01,2.493991742704799175e-01
1.816666666666666430e+01,-4.146420765980945999e-01
1.818750000000000000e+01,-3.003009614199398936e-01
1.820833333333333215e+01,3.313437738179483838e-01
1.822916666666666430e+01,1.759644462185973868e-01
1.825000000000000000e+01,-5.053661345061559729e-01
1.827083333333333215e+01,-4.126996400639429963e-01
1.829166666666666430e+01,2.059381913622679028e-01
1.831250000000000000e+01,5.151493843673447814e-02
1.833333333333333215e+01,-2.378628156340920063e-01
1.835416666666666430e+01,1.137136369388735552e-01
1.837500000000000000e+01,2.708376381288355450e-01
1.839583333333333215e+01,-2.075949746031199028e-01
1.841666666666666430e+01,-1.029881842472588765e-01
1.843750000000000000e+01,5.203865216173604313e-01
1.845833333333333215e+01,3.559057169047620262e-01
1.847916666666666430e+01,-3.331756097371181835e-01
1.850000000000000000e+01,-2.290001947858651410e-01
1.852083333333333215e+01,3.839807692714315990e-01
1.854166666666666430e+01,2.134327731058923705e-01
1.856250000000000000e+01,-4.700917569999107926e-01
1.858333333333333215e+01,-3.617069071958419757e-01
1.860416666666666430e+01,2.504304475142418163e-01
1.862500000000000000e+01,7.380791498479982726e-02
1.864583333333333215e+01,-3.175752684601431119e-01
1.866666666666666430e+01,-1.505048911752536467e-02
1.868750000000000000e+01,4.703729963132366465e-01
1.870833333333333215e+01,2.124904068471624718e-01
1.872916666666666430e+01,-4.786957439831389660e-01
1.875000000000000000e+01,-3.778767492078581869e-01
1.877083333333333215e+01,2.357508258838320048e-01
1.879166666666666430e+01,1.115186023564998241e-01
1.881250000000000000e+01,-2.245270255586949704e-01
1.883333333333333215e+01,8.974321604906843053e-02
1.885416666666666430e+01,3.820445585293360535e-01
1.887500000000000000e+01,4.856144450267885215e-03
1.889583333333333215e+01,-1.394667581728984418e-01
1.891666666666666430e+01,3.191895113676757045e-01
1.893750000000000000e+01,1.486680570312365890e-01
1.895833333333333215e+01,-4.698857486120051608e-01
1.897916666666666430e+01,-3.298314127781459271e-01
1.900000000000000000e+01,2.839001372812239854e-01
1.902083333333333215e+01,1.155288949149459177e-01
1.904166666666666430e+01,-2.673165828543975775e-01
1.906250000000000000e+01,1.818812257668909332e-02
1.908333333333333215e+01,4.829235705602382689e-01
1.910416666666666430e+01,2.254193494811478904e-01
1.912500000000000000e+01,-4.422166254950740116e-01
1.914583333333333215e+01,-3.526787882650732064e-01
1.916666666666666430e+01,2.454005123788464693e-01
1.918750000000000000e+01,1.043952368213948156e-01
1.920833333333333215e+01,-2.153611240016204409e-01
1.922916666666666430e+01,9.579295789120347016e-02
1.925000000000000000e+01,3.256048724121563542e-01
1.927083333333333215e+01,-9.040253168200407252e-02
1.929166666666666430e+01,3.354250060103189379e-03
1.931250000000000000e+01,3.580065800186312819e-01
1.933333333333333215e+01,1.987332739971095497e-02
1.935416666666666430e+01,-3.571917905022724549e-01
1.937500000000000000e+01,-5.149849476438317364e-02
1.939583333333333215e+01,3.735796921622934752e-01
1.941666666666666430e+01,8.390748994748739586e-02
1.943750000000000000e+01,-5.578460186473142013e-01
1.945833333333333215e+01,-4.335690967860439393e-01
1.947916666666666430e+01,1.823467153803034202e-01
1.950000000000000000e+01,1.009582602055806300e-01
1.952083333333333215e+01,-2.948696628249553031e-01
1.954166666666666430e+01,-4.611866314626258956e-02
1.956250000000000000e+01,5.405745033655063869e-01
1.958333333333333215e+01,3.682946512519578719e-01
1.960416666666666430e+01,-3.271222226568235025e-01
1.962500000000000000e+01,-2.435358647720944347e-01
1.964583333333333215e+01,3.769241310055314043e-01
1.966666666666666430e+01,2.270235033643441813e-01
1.968750000000000000e+01,-4.682527474928336320e-01
1.970833333333333215e+01,-3.876100673894932180e-01
1.972916666666666430e+01,2.295461054597116857e-01
1.975000000000000000e+01,7.735410578995521869e-02
1.977083333333333215e+01,-3.763066610720752769e-01
1.979166666666666430e+01,-1.227706133334975080e-01
1.981250000000000000e+01,4.999223032176219883e-01
1.983333333333333215e+01,3.380316511046209671e-01
1.985416666666666430e+01,-3.545607042698306621e-01
1.987500000000000000e+01,-2.538828460218259808e-01
1.989583333333333215e+01,3.581647289598188233e-01
1.991666666666666430e+01,1.986823439824409454e-01
1.993750000000000000e+01,-4.747965394433589226e-01
1.995833333333333215e+01,-3.452437357082856484e-01
1.997916666666666430e+01,2.802981492814577424e-01
2.000000000000000000e+01,1.299569211158248805e-01
2.002083333333333215e+01,-3.014606047538408995e-01
2.004166666666666430e+01,5.974254911331827733e-03
2.006250000000000000e+01,5.530557404974598690e-01
2.008333333333333215e+01,3.518560822652488373e-01
2.010416666666666430e+01,-3.035932285399350894e-01
2.012500000000000000e+01,-1.615572756922329933e-01
2.014583333333333215e+01,4.877501022329015501e-01
2.016666666666666430e+01,3.580136760280115960e-01
2.018750000000000000e+01,-2.905849715102160058e-01
2.020833333333333215e+01,-1.376286641535079402e-01
2.022916666666666430e+01,3.378718974675146702e-01
2.025000000000000000e+01,9.944730854361893968e-02
2.027083333333333215e+01,-5.590393917090417109e-01
2.029166666666666430e+01,-4.193749507827140288e-01
2.031250000000000000e+01,2.287399399866276162e-01
2.033333333333333215e+01,1.108352519776082123e-01
2.035416666666666430e+01,-5.489555383654241005e-01
2.037500000000000000e+01,-4.160574692026601795e-01
2.039583333333333215e+01,2.331215278839647020e-01
2.041666666666666430e+01,1.217312667921767733e-01
2.043750000000000000e+01,-3.770230956496506414e-01
2.045833333333333215e+01,-1.431290840071793302e-01
2.047916666666666430e+01,5.067523591986223819e-01
2.050000000000000000e+01,4.011787432284046884e-01
2.052083333333333215e+01,-2.464111473654920226e-01
2.054166666666666430e+01,-1.181260347613123651e-01
2.056250000000000000e+01,5.342280406869233111e-01
2.058333333333333215e+01,4.236545767371250881e-01
2.060416666666666430e+01,-2.369593508624784350e-01
2.062500000000000000e+01,-1.009650300535316764e-01
2.064583333333333215e+01,3.493786906942976667e-01
2.066666666666666430e+01,9.235300314661570864e-02
2.068750000000000000e+01,-5.679365694062319392e-01
2.070833333333333215e+01,-4.234607255396294345e-01
2.072916666666666430e+01,2.230599122821345093e-01
2.075000000000000000e+01,9.321268808001914596e-02
2.077083333333333215e+01,-4.517629571940584565e-01
2.079166666666666430e+01,-2.252951215863313872e-01
2.081250000000000000e+01,4.309367102708259178e-01
2.083333333333333215e+01,3.029064991321799294e-01
2.085416666666666430e+01,-3.537316179255168280e-01
2.087500000000000000e+01,-2.100705235964434314e-01
2.089583333333333215e+01,4.338959425297859163e-01
2.091666666666666430e+01,3.101385649500617014e-01
2.093750000000000000e+01,-3.399568576054411984e-01
2.095833333333333215e+01,-1.969674660005963640e-01
2.097916666666666430e+01,4.508194275484999070e-01
2.100000000000000000e+01,3.306252762728780215e-01
2.102083333333333215e+01,-3.285413399069843088e-01
2.104166666666666430e+01,-1.947572224345124337e-01
2.106250000000000000e+01,4.488641731109770383e-01
2.108333333333333215e+01,3.255424039306337169e-01
2.110416666666666430e+01,-3.330445338771011454e-01
2.112500000000000000e+01,-1.911395773327412562e-01
2.114583333333333215e+01,4.036660749224731948e-01
2.116666666666666430e+01,2.441979701586231843e-01
2.118750000000000000e+01,-4.138117955187311514e-01
2.120833333333333215e+01,-2.700496026539482841e-01
2.122916666666666430e+01,3.765074362473432301e-01
2.125000000000000000e+01,2.501506545147690330e-01
2.127083333333333215e+01,-4.074855982831240286e-01
2.129166666666666430e+01,-2.623170886345737030e-01
2.131250000000000000e+01,2.461134807729846996e-01
2.133333333333333215e+01,2.677610490951767841e-02
2.135416666666666430e+01,-6.302874045102789813e-01
2.137500000000000000e+01,-4.836175041100737593e-01
2.139583333333333215e+01,1.730592343982053638e-01
2.141666666666666430e+01,5.311781661819267586e-02
2.143750000000000000e+01,-5.556062408140954867e-01
2.145833333333333215e+01,-3.915455847956164082e-01
2.147916666666666430e+01,2.538984016479211570e-01
2.150000000000000000e+01,1.383469768901476327e-01
2.152083333333333215e+01,-2.670308018152159901e-01
2.154166666666666430e+01,3.127711567752955446e-02
2.156250000000000000e+01,6.426766701112913704e-01
2.158333333333333215e+01,5.054170153735094706e-01
2.160416666666666430e+01,-1.289894000766290960e-01
2.162500000000000000e+01,1.745008190102424750e-02
2.164583333333333215e+01,4.628603696105129117e-01
2.166666666666666430e+01,1.995691211608615068e-01
2.168750000000000000e+01,-4.252484502200314376e-01
2.170833333333333215e+01,-2.669499820792894385e-01
2.172916666666666430e+01,4.269449828718635542e-01
2.175000000000000000e+01,3.357596040951844052e-01
2.177083333333333215e+01,-2.791770875023359411e-01
2.179166666666666430e+01,-1.133467284829219879e-01
2.181250000000000000e+01,5.301204200147124901e-01
2.183333333333333215e+01,3.990372496159340088e-01
2.185416666666666430e+01,-2.144462291887589411e-01
2.187500000000000000e+01,-1.963712895318146523e-01
2.189583333333333215e+01,2.258570482875783547e-01
2.191666666666666430e+01,1.103610110692782031e-02
2.193750000000000000e+01,-6.003022301323810428e-01
2.195833333333333215e+01,-4.295219816801149615e-01
2.197916666666666430e+01,2.536422664020718809e-01
2.200000000000000000e+01,1.473353399844361533e-01
2.202083333333333215e+01,-4.646402813406033672e-01
2.204166666666666430e+01,-2.916526845458751738e-01
2.206250000000000000e+01,3.996993519146506690e-01
2.208333333333333215e+01,3.028826991878703634e-01
2.210416666666666430e+01,-3.112520755405766004e-01
2.212500000000000000e+01,-1.485626400548127057e-01
2.214583333333333215e+01,4.389758599367234448e-01
2.216666666666666430e+01,2.721447329368498202e-01
2.218750000000000000e+01,-3.500218928097970084e-01
2.220833333333333215e+01,-1.915859463430867604e-01
2.222916666666666430e+01,4.012813155657229958e-01
2.225000000000000000e+01,2.435811126833611895e-01
2.227083333333333215e+01,-3.709173061764080570e-01
2.229166666666666430e+01,-2.056709009985353553e-01
2.231250000000000000e+01,3.234755079237395248e-01
2.233333333333333215e+01,1.174900340348787736e-01
2.235416666666666430e+01,-4.954675739078764907e-01
2.237500000000000000e+01,-3.246542653793219602e-01
2.239583333333333215e+01,3.646808129414775279e-01
2.241666666666666430e+01,2.607779884739619414e-01
2.243750000000000000e+01,-3.512259687281200637e-01
2.245833333333333215e+01,-1.804099650532177690e-01
2.247916666666666430e+01,3.175663758153788319e-01
2.250000000000000000e+01,8.820597046767629512e-02
2.252083333333333215e+01,-5.241632269663099031e-01
2.254166666666666430e+01,-3.513917731295943536e-01
2.256250000000000000e+01,3.400189727632400016e-01
2.258333333333333215e+01,2.414756779758102101e-01
2.260416666666666430e+01,-3.722043923238479435e-01
2.262500000000000000e+01,-2.056399563954328102e-01
2.264583333333333215e+01,4.867179770087917690e-01
2.266666666666666430e+01,3.939273060334858023e-01
2.268750000000000000e+01,-2.212053304653410213e-01
2.270833333333333215e+01,-6.112725677039848593e-02
2.272916666666666430e+01,2.892022487068858227e-01
2.275000000000000000e+01,-2.574053321289650545e-02
2.277083333333333215e+01,-3.755845880697682437e-01
2.279166666666666430e+01,-4.318404975450210181e-02
2.281250000000000000e+01,3.486038633874360970e-01
2.283333333333333215e+01,6.376409888006796811e-02
2.285416666666666430e+01,-4.601990351552426306e-01
2.287500000000000000e+01,-2.449021245113191247e-01
2.289583333333333215e+01,4.499214013064349871e-01
2.291666666666666430e+01,3.636992018928096870e-01
2.293750000000000000e+01,-2.553812544407728646e-01
2.295833333333333215e+01,-1.004491708487296464e-01
2.297916666666666430e+01,4.859142865802071332e-01
2.300000000000000000e+01,3.271228424013266078e-01
2.302083333333333215e+01,-2.886362246550494004e-01
2.304166666666666430e+01,-1.282276658106363265e-01
2.306250000000000000e+01,3.396413925385415311e-01
2.308333333333333215e+01,9.727869488887955218e-02
2.310416666666666430e+01,-5.170796642757822248e-01
2.312500000000000000e+01,-3.505078066649952584e-01
2.314583333333333215e+01,3.414261337223639670e-01
2.316666666666666430e+01,2.427153191001117649e-01
2.318750000000000000e+01,-3.705123307419958545e-01
2.320833333333333215e+01,-2.015325738375272069e-01
2.322916666666666430e+01,4.860683927838747032e-01
2.325000000000000000e+01,3.813773829326348452e-01
2.327083333333333215e+01,-2.305711462855198068e-01
2.329166666666666430e+01,-2.476668140069204771e-01
2.331250000000000000e+01,2.264876347669609602e-01
2.333333333333333215e+01,6.085794671738259387e-02
2.335416666666666430e+01,-5.497102830854811994e-01
2.337500000000000000e+01,-3.669947109055151646e-01
2.339583333333333215e+01,3.214388435146529055e-01
2.341666666666666430e+01,2.082785736143419053e-01
2.343750000000000000e+01,-4.015472853328799774e-01
2.345833333333333215e+01,-2.240743959272014640e-01
2.347916666666666430e+01,4.579315657338497991e-01
2.350000000000000000e+01,3.453613512364526184e-01
2.352083333333333215e+01,-2.666424855400463256e-01
2.354166666666666430e+01,-9.502232000546712021e-02
2.356250000000000000e+01,1.995164009025220120e-01
2.358333333333333215e+01,-1.621185537116762443e-01
2.360416666666666430e+01,-2.394654173519157325e-01
2.362500000000000000e+01,2.844251205311064123e-01
2.364583333333333215e+01,1.927897771145370143e-01
2.366666666666666430e+01,-4.225604527693008761e-01
2.368750000000000000e+01,-2.529510999097102086e-01
2.370833333333333215e+01,4.312942171253095203e-01
2.372916666666666430e+01,3.382175398056973536e-01
2.375000000000000000e+01,-2.785008447241645313e-01
2.377083333333333215e+01,-1.129241936706365523e-01
2.379166666666666430e+01,2.401075077378933276e-01
2.381250000000000000e+01,-7.428592049967203126e-02
2.383333333333333215e+01,-3.962451673391526041e-01
2.385416666666666430e+01,-3.508780849993622941e-02
2.387500000000000000e+01,2.424855757852089622e-01
2.389583333333333215e+01,-1.165318139467007436e-01
2.391666666666666430e+01,-1.606089736202331864e-01
2.393750000000000000e+01,3.506213921614871332e-01
2.395833333333333215e+01,2.236769241693313814e-01
2.397916666666666430e+01,-3.883490565931137506e-01
2.400000000000000000e+01,-2.117742998682997091e-01
2.402083333333333215e+01,4.779873855470707644e-01
2.404166666666666430e+01,3.716474212265851729e-01
2.406250000000000000e+01,-2.402158013189769625e-01
2.408333333333333215e+01,-6.679184499499214722e-02
2.410416666666666430e+01,2.113318668454289839e-01
2.412500000000000000e+01,-1.680517274010660256e-01
2.414583333333333215e+01,-1.921793862182116230e-01
2.416666666666666430e+01,2.949260106034181650e-01
2.418750000000000000e+01,1.441845881549342068e-01
2.420833333333333215e+01,-4.842012255543560739e-01
2.422916666666666430e+01,-3.119899430388322625e-01
2.425000000000000000e+01,3.847178468035620802e-01
2.427083333333333215e+01,2.914441634753622279e-01
2.429166666666666430e+01,-3.331634992928853012e-01
2.431250000000000000e+01,-1.645201626935225980e-01
2.433333333333333215e+01,4.308609181389815301e-01
2.435416666666666430e+01,2.712128771127183535e-01
2.437500000000000000e+01,-3.638962659365713170e-01
2.439583333333333215e+01,-2.067724208471238556e-01
2.441666666666666430e+01,3.998635396784930851e-01
2.443750000000000000e+01,2.551111942549512679e-01
2.445833333333333215e+01,-3.923384060183233712e-01
2.447916666666666430e+01,-2.637916086386936088e-01
2.450000000000000000e+01,3.651179354793171461e-01
2.452083333333333215e+01,2.399495418830299431e-01
2.454166666666666430e+01,-4.039023495378399331e-01
2.456250000000000000e+01,-2.663726452250689825e-01
2.458333333333333215e+01,3.625631833515812752e-01
2.460416666666666430e+01,2.401842800911898057e-01
2.462500000000000000e+01,-4.060059666955277424e-01
2.464583333333333215e+01,-2.719147209851269231e-01
2.466666666666666430e+01,3.697394373011790858e-01
2.468750000000000000e+01,2.531649912242152634e-01
2.470833333333333215e+01,-3.964482426405058768e-01
2.472916666666666430e+01,-2.591150939426546396e-01
2.475000000000000000e+01,3.224855315677932488e-01
2.477083333333333215e+01,1.569278752973745639e-01
2.479166666666666430e+01,-4.925828621910397498e-01
2.481250000000000000e+01,-3.412502012202215385e-01
2.483333333333333215e+01,3.098152729465269428e-01
2.485416666666666430e+01,1.835912693003708962e-01
2.487500000000000000e+01,-4.806203360063654451e-01
2.489583333333333215e+01,-3.407416039626527393e-01
2.491666666666666430e+01,3.093916908660521159e-01
2.493750000000000000e+01,1.827669287092506811e-01
2.495833333333333215e+01,-4.834790367953252233e-01
2.497916666666666430e+01,-3.559155451998471387e-01
2.500000000000000000e+01,2.869787555776392440e-01
2.502083333333333215e+01,1.584369908678650019e-01
2.504166666666666430e+01,-1.937607135546352555e-01
2.506250000000000000e+01,1.506338779382972448e-01
2.508333333333333215e+01,4.896165542822570327e-01
2.510416666666666430e+01,1.648787847217899616e-01
2.512500000000000000e+01,-1.793894583079814198e-01
2.514583333333333215e+01,1.621474640169346948e-01
2.516666666666666430e+01,4.148676819482340905e-01
2.518750000000000000e+01,3.687721707981413133e-02
2.520833333333333215e+01,-3.098475160047403643e-02
2.522916666666666430e+01,4.818503031999594732e-01
2.525000000000000000e+01,3.277814911257488362e-01
2.527083333333333215e+01,-3.162839299652315805e-01
2.529166666666666430e+01,-1.855118224456839826e-01
2.531250000000000000e+01,4.713204562154076349e-01
2.533333333333333215e+01,3.260703017500246603e-01
2.535416666666666430e+01,-3.182564704963105062e-01
2.537500000000000000e+01,-1.892817363382470197e-01
2.539583333333333215e+01,3.979368595049856960e-01
2.541666666666666430e+01,2.054872485274090166e-01
2.543750000000000000e+01,-4.426203351561047161e-01
2.545833333333333215e+01,-3.172624808105322658e-01
2.547916666666666430e+01,3.410206573780520389e-01
2.550000000000000000e+01,2.055801874076580993e-01
2.552083333333333215e+01,-4.379595382725653407e-01
2.554166666666666430e+01,-3.166381203609573980e-01
2.556250000000000000e+01,2.726963815216414400e-01
2.558333333333333215e+01,9.035328742153053705e-02
2.560416666666666430e+01,-5.578952904447751493e-01
2.562500000000000000e+01,-4.427227058275038374e-01
2.564583333333333215e+01,2.182986911901641791e-01
2.566666666666666430e+01,8.930661732936390207e-02
2.568750000000000000e+01,-5.599587631890010631e-01
2.570833333333333215e+01,-4.513537372164386774e-01
2.572916666666666430e+01,2.111022763480190634e-01
2.575000000000000000e+01,8.907138278453760605e-02
2.577083333333333215e+01,-5.611976487101273392e-01
2.579166666666666430e+01,-4.524037522938146316e-01
2.581250000000000000e+01,2.118932367209065415e-01
2.583333333333333215e+01,2.444251708546396618e-01
2.585416666666666430e+01,-2.353917035998838170e-01
2.587500000000000000e+01,-8.274863631109741213e-02
2.589583333333333215e+01,5.782902278794151973e-01
2.591666666666666430e+01,4.463337589276268336e-01
2.593750000000000000e+01,-2.024569073263478292e-01
2.595833333333333215e+01,-8.356776848193317453e-02
2.597916666666666430e+01,5.745415901983782492e-01
2.600000000000000000e+01,4.421336325862457728e-01
2.602083333333333215e+01,-1.969941145744556477e-01
2.604166666666666430e+01,-6.345304659164734129e-02
2.606250000000000000e+01,5.946976394290515167e-01
2.608333333333333215e+01,4.414848160041571212e-01
2.610416666666666430e+01,-2.032725895607012667e-01
2.612500000000000000e+01,-6.434608766812702219e-02
2.614583333333333215e+01,3.642378938290722346e-01
2.616666666666666430e+01,5.486206836270163256e-02
2.618750000000000000e+01,-5.787533131219642080e-01
2.620833333333333215e+01,-4.315153535190210943e-01
2.622916666666666430e+01,1.896599320315718595e-01
2.625000000000000000e+01,1.296745879303938531e-02
2.627083333333333215e+01,-3.537006208210268787e-01
2.629166666666666430e+01,-3.041931888846351531e-02
2.631250000000000000e+01,3.533651750607885167e-01
2.633333333333333215e+01,2.540998245396992872e-02
2.635416666666666430e+01,-3.978320978562258636e-01
2.637500000000000000e+01,-1.176590333946602729e-01
2.639583333333333215e+01,4.952918924007744250e-01
2.641666666666666430e+01,3.242492532510075076e-01
2.643750000000000000e+01,-3.674503809349689565e-01
2.645833333333333215e+01,-2.699721771112708613e-01
2.647916666666666430e+01,3.440656348469262049e-01
2.650000000000000000e+01,1.781891261088359157e-01
2.652083333333333215e+01,-5.142543238042583953e-01
2.654166666666666430e+01,-4.215338442383458339e-01
2.656250000000000000e+01,1.937767892885074172e-01
2.658333333333333215e+01,3.335426906873042996e-02
2.660416666666666430e+01,-3.267464684760964522e-01
2.662500000000000000e+01,-1.748984535337025359e-02
2.664583333333333215e+01,4.348780619449985618e-01
2.666666666666666430e+01,1.694206516987997735e-01
2.668750000000000000e+01,-5.248686454845685745e-01
2.670833333333333215e+01,-4.402343256817221606e-01
2.672916666666666430e+01,1.765807343422535758e-01
2.675000000000000000e+01,3.458552242801382071e-01
2.677083333333333215e+01,-1.339104724308738115e-01
2.679166666666666430e+01,-5.365105859468458083e-02
2.681250000000000000e+01,5.629969762256029631e-01
2.683333333333333215e+01,4.137110236899106397e-01
2.685416666666666430e+01,-2.821575643898622809e-01
2.687500000000000000e+01,-1.898271912161929587e-01
2.689583333333333215e+01,4.388509063531691456e-01
2.691666666666666430e+01,2.955321305928770848e-01
2.693750000000000000e+01,-3.914008763912136257e-01
2.695833333333333215e+01,-3.030592156236482371e-01
2.697916666666666430e+01,3.121324102000029854e-01
2.700000000000000000e+01,1.504701762687356559e-01
2.702083333333333215e+01,-5.127205130653370579e-01
2.704166666666666430e+01,-3.994807986391660792e-01
2.706250000000000000e+01,2.147927207702803876e-01
2.708333333333333215e+01,1.902302404811044290e-01
2.710416666666666430e+01,-2.593294867682052196e-01
2.712500000000000000e+01,-6.316922823278961485e-02
2.714583333333333215e+01,5.497603765296918965e-01
2.716666666666666430e+01,3.778675198607783225e-01
2.718750000000000000e+01,-3.130229008109356448e-01
2.720833333333333215e+01,-2.102464469036797734e-01
2.722916666666666430e+01,4.019032018157140951e-01
2.725000000000000000e+01,2.258529760465333158e-01
2.727083333333333215e+01,-4.638216160653010900e-01
2.729166666666666430e+01,-3.566155854751446030e-01
2.731250000000000000e+01,2.548672356815357420e-01
2.733333333333333215e+01,7.500778036396102411e-02
2.735416666666666430e+01,-3.086037386812158778e-01
2.737500000000000000e+01,5.554904236811084028e-03
2.739583333333333215e+01,4.202206195058167948e-01
2.741666666666666430e+01,1.186747932546257239e-01
2.743750000000000000e+01,-4.555603097349990582e-01
2.745833333333333215e+01,-2.764005224866461496e-01
2.747916666666666430e+01,3.358724611844725594e-01
2.750000000000000000e+01,1.637999333468341812e-01
2.752083333333333215e+01,-4.518201213024368723e-01
2.754166666666666430e+01,-2.965011493033367085e-01
2.756250000000000000e+01,3.261444491287662784e-01
2.758333333333333215e+01,1.635331611327426882e-01
2.760416666666666430e+01,-3.024485388692796928e-01
2.762500000000000000e+01,-5.812087232748747168e-02
2.764583333333333215e+01,5.558700182695055503e-01
2.766666666666666430e+01,3.888717732258562543e-01
2.768750000000000000e+01,-3.032483191497716279e-01
2.770833333333333215e+01,-2.055902936494960476e-01
2.772916666666666430e+01,4.076927361951935835e-01
2.775000000000000000e+01,2.429154425254368699e-01
2.777083333333333215e+01,-4.442994893018017977e-01
2.779166666666666430e+01,-3.460083876657489843e-01
2.781250000000000000e+01,2.680308975110914371e-01
2.783333333333333215e+01,1.024209598438185209e-01
2.785416666666666430e+01,-3.617952074865617429e-01
2.787500000000000000e+01,-1.181291694275424936e-01
2.789583333333333215e+01,4.968837053572752738e-01
2.791666666666666430e+01,3.369971416997800118e-01
2.793750000000000000e+01,-3.569661931100962526e-01
2.795833333333333215e+01,-2.709545067182511646e-01
2.797916666666666430e+01,3.453339404817003522e-01
2.800000000000000000e+01,1.915596129858708752e-01
2.802083333333333215e+01,-5.032575273813260086e-01
2.804166666666666430e+01,-4.109505731109752702e-01
2.806250000000000000e+01,2.141990838772045436e-01
2.808333333333333215e+01,9.296159437986561969e-02
2.810416666666666430e+01,-2.731540600014947806e-01
2.812500000000000000e+01,2.113791273326556808e-02
2.814583333333333215e+01,4.515320380768124142e-01
2.816666666666666430e+01,1.709614067659131487e-01
2.818750000000000000e+01,-4.943659676014905413e-01
2.820833333333333215e+01,-3.820630440223357072e-01
2.822916666666666430e+01,2.316616624231732369e-01
2.825000000000000000e+01,2.046715304115845901e-01
2.827083333333333215e+01,-2.380623531772493306e-01
2.829166666666666430e+01,-3.923476386155877460e-02
2.831250000000000000e+01,5.748268976944619357e-01
2.833333333333333215e+01,4.120449947720760120e-01
2.835416666666666430e+01,-2.791262244026448403e-01
2.837500000000000000e+01,-1.807464670265601925e-01
2.839583333333333215e+01,4.383131553462920049e-01
2.841666666666666430e+01,2.739880095818236216e-01
2.843750000000000000e+01,-4.179797784722877885e-01
2.845833333333333215e+01,-3.211868961658457255e-01
2.847916666666666430e+01,2.922266311829971874e-01
2.850000000000000000e+01,1.216115740725784017e-01
2.852083333333333215e+01,-5.282511760988978233e-01
2.854166666666666430e+01,-3.980657340080728801e-01
2.856250000000000000e+01,2.141946367631694936e-01
2.858333333333333215e+01,1.145236153465082618e-01
2.860416666666666430e+01,-2.335775949690771236e-01
2.862500000000000000e+01,6.819411497551974843e-02
2.864583333333333215e+01,3.900359091537404232e-01
2.866666666666666430e+01,3.310298874296993543e-02
2.868750000000000000e+01,-2.059840419576053905e-01
2.870833333333333215e+01,2.063744037909870377e-01
2.872916666666666430e+01,5.972958215467288196e-02
2.875000000000000000e+01,-2.640395024625100673e-01
2.877083333333333215e+01,7.150225730770100319e-02
2.879166666666666430e+01,3.084487464998275641e-01
2.881250000000000000e+01,-1.156530620881926208e-01
2.883333333333333215e+01,-3.103377338341301028e-02
2.885416666666666430e+01,3.424432225653243345e-01
2.887500000000000000e+01,4.610116215875098566e-02
2.889583333333333215e+01,-4.432897328138784010e-01
2.891666666666666430e+01,-1.785050444919376034e-01
2.893750000000000000e+01,4.726457155097374963e-01
2.895833333333333215e+01,3.435801221661539673e-01
2.897916666666666430e+01,-3.127682336242024741e-01
2.900000000000000000e+01,-1.603392071929725105e-01
2.902083333333333215e+01,3.524685933935954862e-01
2.904166666666666430e+01,1.288136695135863596e-01
2.906250000000000000e+01,-5.263617723152436145e-01
2.908333333333333215e+01,-3.826451196942847743e-01
2.910416666666666430e+01,2.665190299568465093e-01
2.912500000000000000e+01,1.382298075308289187e-01
2.914583333333333215e+01,-5.152222335520584284e-01
2.916666666666666430e+01,-3.665513915454410854e-01
2.918750000000000000e+01,2.810702042087152575e-01
2.920833333333333215e+01,1.573709570504053246e-01
2.922916666666666430e+01,-4.944851462070055659e-01
2.925000000000000000e+01,-3.553891463033156395e-01
2.927083333333333215e+01,2.937388128271102294e-01
2.929166666666666430e+01,1.790017650918288850e-01
2.931250000000000000e+01,-3.433282508730325366e-01
2.933333333333333215e+01,-1.175077141293951466e-01
2.935416666666666430e+01,5.306493444155876427e-01
2.937500000000000000e+01,4.121083143346501165e-01
2.939583333333333215e+01,-2.475567456319070214e-01
2.941666666666666430e+01,-1.176768116857949131e-01
2.943750000000000000e+01,5.246220283364013692e-01
2.945833333333333215e+01,4.020025829835591757e-01
2.947916666666666430e+01,-2.569589539152666302e-01
2.950000000000000000e+01,-1.159725398047543599e-01
2.952083333333333215e+01,5.307310992507718872e-01
2.954166666666666430e+01,4.061766818082735986e-01
2.956250000000000000e+01,-2.522214661629154087e-01
2.958333333333333215e+01,-1.093095003706050783e-01
2.960416666666666430e+01,2.531625052297217238e-01
2.962500000000000000e+01,-6.189373708170670119e-02
2.964583333333333215e+01,-4.971730830051867001e-01
2.966666666666666430e+01,-2.031561925472193664e-01
2.968750000000000000e+01,4.247510528923329476e-01
2.970833333333333215e+01,2.858335031883146859e-01
2.972916666666666430e+01,-3.650053349151430870e-01
2.975000000000000000e+01,-2.227372738821345177e-01
2.977083333333333215e+01,2.519111062081494934e-01
2.979166666666666430e+01,2.097225911032446488e-02
2.981250000000000000e+01,-6.393443623355257177e-01
2.983333333333333215e+01,-5.086355072615278416e-01
2.985416666666666430e+01,1.411486471136802201e-01
2.987500000000000000e+01,3.178917967827663005e-02
2.989583333333333215e+01,-4.612267942325669612e-01
2.991666666666666430e+01,-2.236248976601838967e-01
2.993750000000000000e+01,4.263309718380733360e-01
2.995833333333333215e+01,3.175094648002457776e-01
2.997916666666666430e+01,-3.441606700237195282e-01
3.000000000000000000e+01,-2.227543158105096677e-01
3.002083333333333215e+01,4.228034001420454269e-01
3.004166666666666430e+01,3.111161664387537829e-01
3.006250000000000000e+01,-3.402635842335935967e-01
3.008333333333333215e+01,-2.023716776067884804e-01
3.010416666666666430e+01,4.452302802153791927e-01
3.012500000000000000e+01,3.211299495510596680e-01
3.014583333333333215e+01,-3.374755794054229430e-01
3.016666666666666430e+01,-1.882565078477196896e-01
3.018750000000000000e+01,4.711162870164867233e-01
3.020833333333333215e+01,3.440129251817361511e-01
3.022916666666666430e+01,-3.089413918920508317e-01
3.025000000000000000e+01,-1.552182309327670984e-01
3.027083333333333215e+01,4.899901288207276773e-01
3.029166666666666430e+01,3.582752958030151480e-01
3.031250000000000000e+01,-2.988101727550928621e-01
3.033333333333333215e+01,-1.514712233813380049e-01
3.035416666666666430e+01,4.944470713891113700e-01
3.037500000000000000e+01,3.669930040516462544e-01
3.039583333333333215e+01,-2.910855759136077858e-01
3.041666666666666430e+01,-1.483242271292843084e-01
3.043750000000000000e+01,2.052449590607560992e-01
3.045833333333333215e+01,-1.127216676964784559e-01
3.047916666666666430e+01,-4.938214367110350111e-01
3.050000000000000000e+01,-1.783075612567603940e-01
3.052083333333333215e+01,2.968257403009083584e-01
3.054166666666666430e+01,6.413312667063757189e-02
3.056250000000000000e+01,-5.946403837587188601e-01
3.058333333333333215e+01,-4.552060569958679137e-01
3.060416666666666430e+01,1.926395915602883147e-01
3.062500000000000000e+01,6.577667600861805686e-02
3.064583333333333215e+01,-4.533364137560932372e-01
3.066666666666666430e+01,-2.204755331583285183e-01
3.068750000000000000e+01,4.277082688782218867e-01
3.070833333333333215e+01,3.095498333435245941e-01
3.072916666666666430e+01,-3.465620053394493638e-01
3.075000000000000000e+01,-2.162448911575363397e-01
3.077083333333333215e+01,4.262668538424120301e-01
3.079166666666666430e+01,3.049458956745676463e-01
3.081250000000000000e+01,-3.541093910290215030e-01
3.083333333333333215e+01,-2.135343523652310505e-01
3.085416666666666430e+01,4.332622948142264008e-01
3.087500000000000000e+01,3.081224398658229946e-01
3.089583333333333215e+01,-3.502084265044079769e-01
3.091666666666666430e+01,-2.061770720887612929e-01
3.093750000000000000e+01,4.400206102386082785e-01
3.095833333333333215e+01,3.120715278672895887e-01
3.097916666666666430e+01,-3.453695321509276939e-01
3.100000000000000000e+01,-1.982905051393422657e-01
3.102083333333333215e+01,4.473929820347948838e-01
3.104166666666666430e+01,3.167569688786525117e-01
3.106250000000000000e+01,-3.400638652148256225e-01
3.108333333333333215e+01,-1.903686388907900318e-01
3.110416666666666430e+01,4.548847730748408758e-01
3.112500000000000000e+01,3.219978643314078681e-01
3.114583333333333215e+01,-3.342891743059382970e-01
3.116666666666666430e+01,-1.824191176593193964e-01
3.118750000000000000e+01,4.656477240090602931e-01
3.120833333333333215e+01,3.337040556221238519e-01
3.122916666666666430e+01,-3.227664695499965486e-01
3.125000000000000000e+01,-1.853178600690167099e-01
3.127083333333333215e+01,4.337845968403503116e-01
3.129166666666666430e+01,2.891123944054606043e-01
3.131250000000000000e+01,-3.692781834746248770e-01
3.133333333333333215e+01,-2.231462584957881190e-01
3.135416666666666430e+01,2.432837645801709803e-01
3.137500000000000000e+01,-1.689087815282985794e-03
3.139583333333333215e+01,-6.597033635498104065e-01
3.141666666666666430e+01,-5.182498459888543740e-01
3.143750000000000000e+01,1.297613913439123468e-01
3.145833333333333215e+01,9.768729033894717195e-03
3.147916666666666430e+01,-5.053513987641520266e-01
3.150000000000000000e+01,-2.733830889558703237e-01
3.152083333333333215e+01,3.750783946716340633e-01
3.154166666666666430e+01,2.591737949954807108e-01
3.156250000000000000e+01,-4.011710042338937909e-01
3.158333333333333215e+01,-2.697988112159741547e-01
3.160416666666666430e+01,3.793319156386142366e-01
3.162500000000000000e+01,2.678245047490101505e-01
3.164583333333333215e+01,-3.935395876589161124e-01
3.166666666666666430e+01,-2.669878848812056171e-01
3.168750000000000000e+01,3.828984761083470412e-01
3.170833333333333215e+01,2.761038890711441929e-01
3.172916666666666430e+01,-3.863669269642448501e-01
3.175000000000000000e+01,-2.693891771348134734e-01
3.177083333333333215e+01,3.785866314926270570e-01
3.179166666666666430e+01,2.764296630611197680e-01
3.181250000000000000e+01,-2.495069896162182277e-01
3.183333333333333215e+01,-3.769959631462821426e-02
3.185416666666666430e+01,6.404470362769939529e-01
3.187500000000000000e+01,5.458348028942727748e-01
3.189583333333333215e+01,-7.295627301460255731e-02
3.191666666666666430e+01,8.598984488324892816e-02
3.193750000000000000e+01,3.551993177195711393e-01
3.195833333333333215e+01,-2.466147725922845924e-02
3.197916666666666430e+01,-1.981343340627312322e-01
3.200000000000000000e+01,2.627677965719794617e-01
3.202083333333332860e+01,1.619332789173126841e-01
3.204166666666666430e+01,-4.669032595636800620e-01
3.206250000000000000e+01,-2.942515935543028038e-01
3.208333333333332860e+01,4.058241011778918605e-01
3.210416666666666430e+01,3.114025176865302669e-01
3.212500000000000000e+01,-3.192492370191992723e-01
3.214583333333332860e+01,-1.488149026380516937e-01
3.216666666666666430e+01,2.062391577460914172e-01
3.218750000000000000e+01,-1.213704771923541370e-01
3.220833333333332860e+01,-5.141309566626799388e-01
3.222916666666666430e+01,-1.861786467372380793e-01
3.225000000000000000e+01,2.894526899896405769e-01
3.227083333333332860e+01,4.427401514249540426e-02
3.229166666666666430e+01,-6.195729815586121791e-01
3.231250000000000000e+01,-4.825547575449676274e-01
3.233333333333332860e+01,1.658474071280756357e-01
3.235416666666666430e+01,4.662124366611133941e-02
3.237500000000000000e+01,-3.867954391815452975e-01
3.239583333333332860e+01,-1.039147559725921988e-01
3.241666666666666430e+01,5.320758877881911486e-01
3.243750000000000000e+01,4.079311997011771940e-01
3.245833333333332860e+01,-2.461049793566434385e-01
3.247916666666666430e+01,-1.093102434333162315e-01
3.250000000000000000e+01,4.881805880783630647e-01
3.252083333333332860e+01,3.331886285942642911e-01
3.254166666666666430e+01,-3.239326713298983917e-01
3.256250000000000000e+01,-1.904710625339708641e-01
3.258333333333332860e+01,4.516626975958488166e-01
3.260416666666666430e+01,3.258066053935717576e-01
3.262500000000000000e+01,-3.339782100954689081e-01
3.264583333333332860e+01,-1.961773549771899661e-01
3.266666666666666430e+01,3.397309468963313206e-01
3.268750000000000000e+01,1.449261902903596355e-01
3.270833333333332860e+01,-5.129621196272670103e-01
3.272916666666666430e+01,-3.764791390895840806e-01
3.275000000000000000e+01,2.656191341416865859e-01
3.277083333333332860e+01,1.405327784741839947e-01
3.279166666666666430e+01,-5.230125719370339876e-01
3.281250000000000000e+01,-4.032316948985656957e-01
3.283333333333332860e+01,2.329589934860908373e-01
3.285416666666666430e+01,1.005551539411099760e-01
3.287500000000000000e+01,-3.945032678135441118e-01
3.289583333333332860e+01,-1.438373468857288007e-01
3.291666666666666430e+01,5.002130483911836345e-01
3.293750000000000000e+01,3.743434725496919135e-01
3.295833333333332860e+01,-2.912777343176333744e-01
3.297916666666666430e+01,-1.731771045844049117e-01
3.300000000000000000e+01,4.623010434609422514e-01
3.302083333333332860e+01,3.227575011542672678e-01
3.304166666666666430e+01,-3.481625599552506944e-01
3.306250000000000000e+01,-2.252553789951509677e-01
3.308333333333332860e+01,4.104568599247848115e-01
3.310416666666666430e+01,2.851296887488933285e-01
3.312500000000000000e+01,-3.739785463032909707e-01
3.314583333333332860e+01,-2.380602128019760344e-01
3.316666666666666430e+01,4.027132530455461712e-01
3.318750000000000000e+01,2.795394368819436037e-01
3.320833333333332860e+01,-3.773294378936816740e-01
3.322916666666666430e+01,-2.413253403408577302e-01
3.325000000000000000e+01,4.003271701602252319e-01
3.327083333333332860e+01,2.748350418352164537e-01
3.329166666666666430e+01,-3.858350230378868595e-01
3.331250000000000000e+01,-2.623189867568526679e-01
3.333333333333332860e+01,3.745591020379368530e-01
3.335416666666666430e+01,2.352988630624770483e-01
3.337500000000000000e+01,-4.354278614361593580e-01
3.339583333333332860e+01,-3.138569634768152428e-01
3.341666666666666430e+01,3.212162999727127266e-01
3.343750000000000000e+01,1.961908027834678436e-01
3.345833333333332860e+01,-2.893571642106387287e-01
3.347916666666666430e+01,-3.851723423509526706e-02
3.350000000000000000e+01,5.986485543563991873e-01
3.352083333333332860e+01,4.742872285794021425e-01
3.354166666666666430e+01,-1.803861447326237932e-01
3.356250000000000000e+01,-4.533985573072624176e-02
3.358333333333332860e+01,3.372466492199518440e-01
3.360416666666666430e+01,4.247411162655684302e-02
3.362500000000000000e+01,-5.293119463029689609e-01
3.364583333333332860e+01,-3.358399362784235120e-01
3.366666666666666430e+01,3.100209442966832540e-01
3.368750000000000000e+01,1.835226784078176909e-01
3.370833333333332860e+01,-4.773585950129188848e-01
3.372916666666666430e+01,-3.407001681487201727e-01
3.375000000000000000e+01,3.070469970065280441e-01
3.377083333333332860e+01,1.804290779701712699e-01
3.379166666666666430e+01,-4.857947053702969531e-01
3.381250000000000000e+01,-3.482803685823133155e-01
3.383333333333332860e+01,2.968469755445291014e-01
3.385416666666666430e+01,1.715821538891767195e-01
3.387500000000000000e+01,-4.901911503840062911e-01
3.389583333333332860e+01,-3.530070173893314900e-01
3.391666666666666430e+01,2.927114020527975535e-01
3.393750000000000000e+01,1.668111478075334497e-01
3.395833333333332860e+01,-2.526159265556477962e-01
3.397916666666666430e+01,4.273856973503417644e-02
3.400000000000000000e+01,5.913653978080835039e-01
3.402083333333332860e+01,4.013786147350144051e-01
3.404166666666666430e+01,-2.618802215331323957e-01
3.406250000000000000e+01,-1.253956567919582432e-01
3.408333333333332860e+01,5.167214969123474777e-01
3.410416666666666430e+01,3.915035179576421553e-01
3.412500000000000000e+01,-2.684660291212667138e-01
3.414583333333332860e+01,-1.334853014042201025e-01
3.416666666666666430e+01,3.634525064690116158e-01
3.418750000000000000e+01,1.405583220201586658e-01
3.420833333333332860e+01,-5.210591129795629772e-01
3.422916666666666430e+01,-4.002732003892419677e-01
3.425000000000000000e+01,2.334467402509368406e-01
3.427083333333332860e+01,8.529011898756221066e-02
3.429166666666666430e+01,-5.887829845115554184e-01
3.431250000000000000e+01,-4.968887977737629358e-01
3.433333333333332860e+01,1.231368915381531870e-01
3.435416666666666430e+01,1.595408088059183382e-01
3.437500000000000000e+01,-3.147640238089073339e-01
3.439583333333332860e+01,-1.748322120521073331e-01
3.441666666666666430e+01,4.376793537997709649e-01
3.443750000000000000e+01,2.679549676720136553e-01
3.445833333333332860e+01,-3.978912402798895354e-01
3.447916666666666430e+01,-2.899129437696350564e-01
3.450000000000000000e+01,3.508206107132705309e-01
3.452083333333332860e+01,2.000760645415756156e-01
3.454166666666666430e+01,-2.266536971164070935e-01
3.456250000000000000e+01,4.195982424408153943e-02
3.458333333333332860e+01,6.530740184092957978e-01
3.460416666666666430e+01,4.870353071818586677e-01
3.462500000000000000e+01,-1.570706463278218334e-01
3.464583333333332860e+01,-3.784778502494537400e-02
3.466666666666666430e+01,4.130988234435576389e-01
3.468750000000000000e+01,1.418950111791036361e-01
3.470833333333332860e+01,-4.970683046709408748e-01
3.472916666666666430e+01,-3.719336503302343444e-01
3.475000000000000000e+01,2.903046781783085173e-01
3.477083333333332860e+01,1.646367770748106418e-01
3.479166666666666430e+01,-4.761504900184932998e-01
3.481250000000000000e+01,-3.498027592061607738e-01
3.483333333333332860e+01,3.113395478215639778e-01
3.485416666666666430e+01,1.696231821242896176e-01
3.487500000000000000e+01,-4.814678456421283004e-01
3.489583333333332860e+01,-3.542148850779397451e-01
3.491666666666666430e+01,3.125038549546474975e-01
3.493750000000000000e+01,1.840624209184643090e-01
3.495833333333332860e+01,-3.725438079241240041e-01
3.497916666666666430e+01,-1.759298018835299959e-01
3.500000000000000000e+01,4.975763367321986985e-01
3.502083333333332860e+01,3.658661104057868707e-01
3.504166666666666430e+01,-2.809790006026255949e-01
3.506250000000000000e+01,-1.562619529468545765e-01
3.508333333333332860e+01,5.096581860736726366e-01
3.510416666666666430e+01,3.789558071104959236e-01
3.512500000000000000e+01,-2.646520272243397809e-01
3.514583333333332860e+01,-1.388836908538803316e-01
3.516666666666666430e+01,5.252865571115515886e-01
3.518750000000000000e+01,3.883072834649661798e-01
3.520833333333332860e+01,-2.579893020438835949e-01
3.522916666666666430e+01,-1.985539831966501301e-01
3.525000000000000000e+01,2.214033538110987687e-01
3.527083333333332860e+01,-5.123237359406651592e-02
3.529166666666666430e+01,-6.367769602411107455e-01
3.531250000000000000e+01,-4.704530268843242213e-01
3.533333333333332860e+01,1.912039695946984308e-01
3.535416666666666430e+01,5.549510629155064018e-02
3.537500000000000000e+01,-5.599844177313787474e-01
3.539583333333332860e+01,-4.168237566477875911e-01
3.541666666666666430e+01,2.401051477552435254e-01
3.543750000000000000e+01,1.146006663124853886e-01
3.545833333333332860e+01,-3.173670635686645092e-01
3.547916666666666430e+01,-4.471764729328758792e-02
3.550000000000000000e+01,6.176501450873146393e-01
3.552083333333332860e+01,4.995025476969698341e-01
3.554166666666666430e+01,-1.239507277519172057e-01
3.556250000000000000e+01,-7.344209423648959123e-02
3.558333333333332860e+01,3.493231639007766676e-01
3.560416666666666430e+01,9.834605013232360082e-02
3.562500000000000000e+01,-5.315798559611435437e-01
3.564583333333332860e+01,-4.053033291369348978e-01
3.566666666666666430e+01,2.471804775948087118e-01
3.568750000000000000e+01,1.212759320563589205e-01
3.570833333333332860e+01,-3.220081387355719915e-01
3.572916666666666430e+01,-6.139378012353077785e-02
3.575000000000000000e+01,6.011409668270126794e-01
3.577083333333332860e+01,4.648641444293670211e-01
3.579166666666666430e+01,-1.778944490335236384e-01
3.581250000000000000e+01,-5.272033754414470752e-02
3.583333333333332860e+01,3.013614569539400656e-01
3.585416666666666430e+01,-4.517903865152847476e-02
3.587500000000000000e+01,-3.664060319658724030e-01
3.589583333333332860e+01,-2.277674133350806457e-02
3.591666666666666430e+01,2.344735396247473735e-01
3.593750000000000000e+01,-1.720391947947730316e-01
3.595833333333332860e+01,-1.282214681013467694e-01
3.597916666666666430e+01,2.828161867043322841e-01
3.600000000000000000e+01,4.373622909734044273e-02
3.602083333333332860e+01,-5.723111708688166654e-01
3.604166666666666430e+01,-4.019191131897785763e-01
3.606250000000000000e+01,2.424486735574692131e-01
3.608333333333332860e+01,1.130776499473080399e-01
3.610416666666666430e+01,-4.211851848704589729e-01
3.612500000000000000e+01,-1.901935649124880112e-01
3.614583333333332860e+01,4.657556211919735567e-01
3.616666666666666430e+01,3.417823653244393967e-01
3.618750000000000000e+01,-3.159761477266762042e-01
3.620833333333332860e+01,-1.744109163421387887e-01
3.622916666666666430e+01,4.731968315396222757e-01
3.625000000000000000e+01,3.567679098879599220e-01
3.627083333333332860e+01,-2.909870546440266326e-01
3.629166666666666430e+01,-1.572866705570051815e-01
3.631250000000000000e+01,4.886816730716015966e-01
3.633333333333332860e+01,3.729495795925416579e-01
3.635416666666666430e+01,-2.872529849633397303e-01
3.637500000000000000e+01,-1.506801532634456930e-01
3.639583333333332860e+01,3.920192271421563679e-01
3.641666666666666430e+01,2.001075379824056311e-01
3.643750000000000000e+01,-4.583538864243389410e-01
3.645833333333332860e+01,-3.160739144982443460e-01
3.647916666666666430e+01,3.329048365778130014e-01
3.650000000000000000e+01,2.089669139692574840e-01
3.652083333333332860e+01,-4.489131043330519821e-01
3.654166666666666430e+01,-3.053891599285051828e-01
3.656250000000000000e+01,3.414380771950401572e-01
3.658333333333332860e+01,2.165102159167892337e-01
3.660416666666666430e+01,-4.415184051497713646e-01
3.662500000000000000e+01,-2.988215592405953358e-01
3.664583333333332860e+01,3.483015733487812571e-01
3.666666666666666430e+01,2.244095727725641254e-01
3.668750000000000000e+01,-4.338980796520789385e-01
3.670833333333332860e+01,-2.926189288809865063e-01
3.672916666666666430e+01,3.559909472080189374e-01
3.675000000000000000e+01,2.346763166136408008e-01
3.677083333333332860e+01,-4.242796731556819911e-01
3.679166666666666430e+01,-2.961797260402395104e-01
3.681250000000000000e+01,3.454661777839690417e-01
3.683333333333332860e+01,2.230790820026378740e-01
3.685416666666666430e+01,-4.391816950132130803e-01
3.687500000000000000e+01,-3.057527139840248154e-01
3.689583333333332860e+01,3.432951901704918152e-01
3.691666666666666430e+01,2.310297205078218341e-01
3.693750000000000000e+01,-4.300571433929465948e-01
3.695833333333332860e+01,-3.032520903946094304e-01
3.697916666666666430e+01,3.467187416381574128e-01
3.700000000000000000e+01,2.408777281213081989e-01
3.702083333333332860e+01,-4.109553396828882210e-01
3.704166666666666430e+01,-2.815862224189705776e-01
3.706250000000000000e+01,3.683783711200135924e-01
3.708333333333332860e+01,2.579864624444326848e-01
3.710416666666666430e+01,-4.027041833558797634e-01
3.712500000000000000e+01,-2.688568143860651238e-01
3.714583333333332860e+01,3.791374565559244569e-01
3.716666666666666430e+01,2.571839854722687280e-01
3.718750000000000000e+01,-1.890167313776722480e-01
3.720833333333332860e+01,9.488365560032335777e-02
3.722916666666666430e+01,7.011067500538180619e-01
3.725000000000000000e+01,5.437930684752660948e-01
3.727083333333332860e+01,-1.137894789520830785e-01
3.729166666666666430e+01,3.139604026323747354e-02
3.731250000000000000e+01,3.709468503232400405e-01
3.733333333333332860e+01,4.114994649404679627e-02
3.735416666666666430e+01,-3.800779281896669026e-01
3.737500000000000000e+01,-8.228596116752856515e-02
3.739583333333332860e+01,4.109078362750081537e-01
3.741666666666666430e+01,1.866003313220255810e-01
3.743750000000000000e+01,-4.722432934692979978e-01
3.745833333333332860e+01,-3.327915775074857807e-01
3.747916666666666430e+01,3.148917105346092926e-01
3.750000000000000000e+01,1.950892380495118927e-01
3.752083333333332860e+01,-4.642917260509613619e-01
3.754166666666666430e+01,-3.319155374548123927e-01
3.756250000000000000e+01,3.137763693755177274e-01
3.758333333333332860e+01,1.967740247303374490e-01
3.760416666666666430e+01,-4.546495843729765896e-01
3.762500000000000000e+01,-3.139706366532251658e-01
3.764583333333332860e+01,3.337620797332687128e-01
3.766666666666666430e+01,2.113885135432505558e-01
3.768750000000000000e+01,-4.467162144932079748e-01
3.770833333333332860e+01,-3.008694807135421367e-01
3.772916666666666430e+01,3.448779173361790629e-01
3.775000000000000000e+01,2.117655312666686662e-01
3.777083333333332860e+01,-4.437114475630344335e-01
3.779166666666666430e+01,-2.880127336169358565e-01
3.781250000000000000e+01,3.741930686742296341e-01
3.783333333333332860e+01,2.482762342750264306e-01
3.785416666666666430e+01,-3.827043502964911914e-01
3.787500000000000000e+01,-2.200472725262386242e-01
3.789583333333332860e+01,4.668788562347535587e-01
3.791666666666666430e+01,3.482850139255753152e-01
3.793750000000000000e+01,-2.775966219921434108e-01
3.795833333333332860e+01,-1.227529341249922468e-01
3.797916666666666430e+01,2.786707827582431407e-01
3.800000000000000000e+01,-1.125545858197758015e-02
3.802083333333332860e+01,-5.148739504672235068e-01
3.804166666666666430e+01,-2.737431766440701075e-01
3.806250000000000000e+01,4.188922242272043461e-01
3.808333333333332860e+01,3.267741672578224899e-01
3.810416666666666430e+01,-2.878077366757261224e-01
3.812500000000000000e+01,-1.254103461254512941e-01
3.814583333333332860e+01,3.775026306744734828e-01
3.816666666666666430e+01,1.558583848540832095e-01
3.818750000000000000e+01,-4.619214224504897826e-01
3.820833333333332860e+01,-2.996776920364561114e-01
3.822916666666666430e+01,3.937739877118306420e-01
3.825000000000000000e+01,3.028461831371894175e-01
3.827083333333332860e+01,-3.125058387776339930e-01
3.829166666666666430e+01,-1.512544271076180225e-01
3.831250000000000000e+01,4.324151197413188541e-01
3.833333333333332860e+01,2.692284611050647092e-01
3.835416666666666430e+01,-3.462410379476960620e-01
3.837500000000000000e+01,-1.868854702789733424e-01
3.839583333333332860e+01,3.918570412973991224e-01
3.841666666666666430e+01,2.266478756495094171e-01
3.843750000000000000e+01,-3.887185394006011929e-01
3.845833333333332860e+01,-2.289000503229724759e-01
3.847916666666666430e+01,3.943494129252570479e-01
3.850000000000000000e+01,2.587191178716071183e-01
3.852083333333332860e+01,-3.567117034130974917e-01
3.854166666666666430e+01,-1.984634673795437898e-01
3.856250000000000000e+01,2.413754741963987926e-01
3.858333333333332860e+01,-2.103930171724287257e-02
3.860416666666666430e+01,-6.396102852961578211e-01
3.862500000000000000e+01,-4.759312783960759075e-01
3.864583333333332860e+01,2.166270052750911834e-01
3.866666666666666430e+01,1.193794540110937052e-01
3.868750000000000000e+01,-4.834346625606051884e-01
3.870833333333332860e+01,-3.031833562664888460e-01
3.872916666666666430e+01,3.869107329033679155e-01
3.875000000000000000e+01,2.794883761984601200e-01
3.877083333333332860e+01,-3.315703464366495101e-01
3.879166666666666430e+01,-1.555154563698733505e-01
3.881250000000000000e+01,5.279227015365082210e-01
3.883333333333332860e+01,4.149341466305542792e-01
3.885416666666666430e+01,-1.958961293217195976e-01
3.887500000000000000e+01,-1.369702180567525240e-02
3.889583333333332860e+01,6.747276000236721583e-01
3.891666666666666430e+01,5.641536215461562254e-01
3.893750000000000000e+01,-4.754035866102782060e-02
3.895833333333332860e+01,-1.712851767083591326e-01
3.897916666666666430e+01,3.163622744493649330e-01
3.900000000000000000e+01,2.112243610128583526e-01
3.902083333333332860e+01,-4.012466622786355908e-01
3.904166666666666430e+01,-2.287617445090251722e-01
3.906250000000000000e+01,4.625674609291850481e-01
3.908333333333332860e+01,3.653054146739772579e-01
3.910416666666666430e+01,-2.490033785060078442e-01
3.912500000000000000e+01,-3.191275651879643682e-01
3.914583333333332860e+01,2.102639462528920200e-01
3.916666666666666430e+01,1.171489679801991368e-01
3.918750000000000000e+01,-4.986043658970339409e-01
3.920833333333332860e+01,-3.443026742662140816e-01
3.922916666666666430e+01,3.509542965100264089e-01
3.925000000000000000e+01,2.687256003013922534e-01
3.927083333333332860e+01,-3.518456704741665941e-01
3.929166666666666430e+01,-3.764510764361057582e-01
3.931250000000000000e+01,1.899307922198869569e-01
3.933333333333332860e+01,9.385656962887747867e-02
3.935416666666666430e+01,-5.321384814504295235e-01
3.937500000000000000e+01,-3.827513147134297689e-01
3.939583333333332860e+01,3.121632919561455610e-01
3.941666666666666430e+01,2.257455381342012291e-01
3.943750000000000000e+01,-3.892360835257290264e-01
3.945833333333332860e+01,-2.269888737112246702e-01
3.947916666666666430e+01,2.400877282658591683e-01
3.950000000000000000e+01,-8.529818351772175400e-03
3.952083333333332860e+01,-6.205899022571407242e-01
3.954166666666666430e+01,-4.525412292014072135e-01
3.956250000000000000e+01,2.309738739325589152e-01
3.958333333333332860e+01,1.248842423069308483e-01
3.960416666666666430e+01,-3.914765196765477850e-01
3.962500000000000000e+01,-1.532197842969806323e-01
3.964583333333332860e+01,5.374078018842284310e-01
3.966666666666666430e+01,4.359161265225758308e-01
3.968750000000000000e+01,-1.775743468451399798e-01
3.970833333333332860e+01,-8.435995198735890543e-03
3.972916666666666430e+01,6.457246459662694393e-01
3.975000000000000000e+01,5.244342279330044265e-01
3.977083333333332860e+01,-9.031896440207722032e-02
3.979166666666666430e+01,-7.870558155825599367e-02
3.981250000000000000e+01,3.615288393944129375e-01
3.983333333333332860e+01,1.694749056037983814e-01
3.985416666666666430e+01,-4.465782683629405669e-01
3.987500000000000000e+01,-2.874563952646317366e-01
3.989583333333332860e+01,4.063682475391579008e-01
3.991666666666666430e+01,3.110050375478808360e-01
3.993750000000000000e+01,-3.108939377853356945e-01
3.995833333333332860e+01,-1.504815444780742972e-01
3.997916666666666430e+01,4.657991117639709300e-01
4.000000000000000000e+01,3.196558762512168306e-01
4.002083333333332860e+01,-2.940310669822205347e-01
4.004166666666666430e+01,-1.221436706958315133e-01
4.006250000000000000e+01,1.610749221571956269e-01
4.008333333333332860e+01,-2.165126334613576009e-01
4.010416666666666430e+01,-2.834536363876559717e-01
4.012500000000000000e+01,2.530157837785146357e-01
4.014583333333332860e+01,1.524411167488971541e-01
4.016666666666666430e+01,-4.775185306827829379e-01
4.018750000000000000e+01,-3.052174754479890506e-01
4.020833333333332860e+01,3.869592983986024359e-01
4.022916666666666430e+01,2.894219275969753813e-01
4.025000000000000000e+01,-3.353731955913772933e-01
4.027083333333332860e+01,-1.774418442678838970e-01
4.029166666666666430e+01,1.444116234348611361e-01
4.031250000000000000e+01,-1.926127733245342477e-01
4.033333333333332860e+01,-3.577024262206506267e-01
4.035416666666666430e+01,1.164019692612516116e-01
4.037500000000000000e+01,1.813276998558985276e-02
4.039583333333332860e+01,-5.598854234372965255e-01
4.041666666666666430e+01,-3.634415932292145990e-01
4.043750000000000000e+01,3.244876782880391497e-01
4.045833333333332860e+01,2.150151971800361161e-01
4.047916666666666430e+01,-3.957050434979044740e-01
4.050000000000000000e+01,-2.224052446434823249e-01
4.052083333333332860e+01,4.586974329336534484e-01
4.054166666666666430e+01,3.481100039019491277e-01
4.056250000000000000e+01,-2.638021832897077257e-01
4.058333333333332860e+01,-8.841795386965597969e-02
4.060416666666666430e+01,6.023039407053433214e-01
4.062500000000000000e+01,5.030285428488420196e-01
4.064583333333332860e+01,-1.115841891162525357e-01
4.066666666666666430e+01,-9.859767036316677280e-03
4.068750000000000000e+01,3.356104562394390811e-01
4.070833333333332860e+01,3.375049578831443298e-02
4.072916666666666430e+01,-3.739651165592515758e-01
4.075000000000000000e+01,-7.153192529383459175e-02
4.077083333333332860e+01,4.525886079074752932e-01
4.079166666666666430e+01,2.473029135144382828e-01
4.081250000000000000e+01,-3.669984731347557538e-01
4.083333333333332860e+01,-2.064221042796900996e-01
4.085416666666666430e+01,4.797225928597934619e-01
4.087500000000000000e+01,3.816322984782798411e-01
4.089583333333332860e+01,-2.323006770982027347e-01
4.091666666666666430e+01,-3.088635444218745807e-01
4.093750000000000000e+01,2.208007790395552783e-01
4.095833333333332860e+01,1.266774121164109812e-01
4.097916666666666430e+01,-4.876662645407596752e-01
4.100000000000000000e+01,-3.244333701325686770e-01
4.102083333333332860e+01,3.687859115869729920e-01
4.104166666666666430e+01,2.792780467638373842e-01
4.106250000000000000e+01,-3.361929565951869980e-01
4.108333333333332860e+01,-3.223727721202250818e-01
4.110416666666666430e+01,1.819926358272700995e-01
4.112500000000000000e+01,2.115197425179746182e-02
4.114583333333332860e+01,-6.042927638036668103e-01
4.116666666666666430e+01,-4.491306525309199937e-01
4.118750000000000000e+01,2.399835126948076103e-01
4.120833333333332860e+01,1.446672363269033978e-01
4.122916666666666430e+01,-4.688356470642153218e-01
4.125000000000000000e+01,-2.980144242852595382e-01
4.127083333333332860e+01,3.929184121344700964e-01
4.129166666666666430e+01,2.891305658383422905e-01
4.131250000000000000e+01,-3.228161226169746767e-01
4.133333333333332860e+01,-1.512100886609982764e-01
4.135416666666666430e+01,5.332485378655488217e-01
4.137500000000000000e+01,4.251445779859924778e-01
4.139583333333332860e+01,-1.866484035433368105e-01
4.141666666666666430e+01,-7.030403560188486223e-02
4.143750000000000000e+01,2.734873593758019861e-01
4.145833333333332860e+01,-3.474151705488251474e-02
4.147916666666666430e+01,-3.259997679469419096e-01
4.150000000000000000e+01,6.077643828598286446e-02
4.152083333333332860e+01,1.773161053964270040e-01
4.154166666666666430e+01,-3.071847174621814003e-01
4.156250000000000000e+01,-1.354054834465040213e-01
4.158333333333332860e+01,5.401632703445679029e-01
4.160416666666666430e+01,4.323090250274018720e-01
4.162500000000000000e+01,-2.037697923838565073e-01
4.164583333333332860e+01,-7.754426919213827651e-02
4.166666666666666430e+01,2.454385958261880996e-01
4.168750000000000000e+01,-7.456111403171664098e-02
4.170833333333332860e+01,-3.579286647296859858e-01
4.172916666666666430e+01,1.212071705521487047e-02
4.175000000000000000e+01,1.402377465399533563e-01
4.177083333333332860e+01,-3.162388719745826693e-01
4.179166666666666430e+01,-1.810634719256276060e-01
4.181250000000000000e+01,4.741332753167006309e-01
4.183333333333332860e+01,3.153698572982653880e-01
4.185416666666666430e+01,-3.468816394916097723e-01
4.187500000000000000e+01,-2.183859341735878978e-01
4.189583333333332860e+01,4.167848167733216314e-01
4.191666666666666430e+01,2.523758397353540461e-01
4.193750000000000000e+01,-4.214248269344373909e-01
4.195833333333332860e+01,-3.087481153790395116e-01
4.197916666666666430e+01,3.042299253825809791e-01
4.200000000000000000e+01,1.323604209445289892e-01
4.202083333333332860e+01,-5.584603778353183223e-01
4.204166666666666430e+01,-4.583333152319264969e-01
4.206250000000000000e+01,1.551868092210272887e-01
4.208333333333332860e+01,1.913801603697105336e-01
4.210416666666666430e+01,-2.765835997260436274e-01
4.212500000000000000e+01,-1.222712754372890231e-01
4.214583333333332860e+01,4.914335093433206403e-01
4.216666666666666430e+01,3.250947721555437209e-01
4.218750000000000000e+01,-3.673452334640391892e-01
4.220833333333332860e+01,-2.741786707671256540e-01
4.222916666666666430e+01,3.404249528935616720e-01
4.225000000000000000e+01,1.781956110851669051e-01
4.227083333333332860e+01,-2.160473812677005112e-01
4.229166666666666430e+01,7.224687161180395889e-02
4.231250000000000000e+01,5.720495537083802873e-01
4.233333333333332860e+01,3.357424326662015179e-01
4.235416666666666430e+01,-3.581139713573455174e-01
4.237500000000000000e+01,-2.706159854924577446e-01
4.239583333333332860e+01,3.450668583834561876e-01
4.241666666666666430e+01,1.876704172800237047e-01
4.243750000000000000e+01,-4.019370840324705263e-01
4.245833333333332860e+01,-2.467510450149923429e-01
4.247916666666666430e+01,3.692524259350656868e-01
4.250000000000000000e+01,2.135938665411933612e-01
4.252083333333332860e+01,-4.126440067032139947e-01
4.254166666666666430e+01,-2.832233125336565682e-01
4.256250000000000000e+01,3.331507162189543125e-01
4.258333333333332860e+01,1.791625758102987076e-01
4.260416666666666430e+01,-2.750016959955596252e-01
4.262500000000000000e+01,-2.191244729332644803e-02
4.264583333333332860e+01,6.009996697380892705e-01
4.266666666666666430e+01,4.410726231201461123e-01
4.268750000000000000e+01,-2.521204349062142192e-01
4.270833333333332860e+01,-1.551045074708396476e-01
4.272916666666666430e+01,4.576625246731410024e-01
4.275000000000000000e+01,2.927151569984642321e-01
4.277083333333332860e+01,-3.890564023226784629e-01
4.279166666666666430e+01,-2.817515939668922553e-01
4.281250000000000000e+01,3.301812068577550385e-01
4.283333333333332860e+01,1.536466491899955988e-01
4.285416666666666430e+01,-5.363998386593471501e-01
4.287500000000000000e+01,-4.320014785995990314e-01
4.289583333333332860e+01,1.808596851887412371e-01
4.291666666666666430e+01,9.154749541473772290e-03
4.293750000000000000e+01,-6.804826581618370618e-01
4.295833333333332860e+01,-5.795298226690244192e-01
4.297916666666666430e+01,3.424531085834642274e-02
4.300000000000000000e+01,2.480278593964759248e-01
4.302083333333332860e+01,-1.886878015570083167e-01
4.304166666666666430e+01,-9.363576626581154860e-02
4.306250000000000000e+01,5.204399183802530526e-01
4.308333333333332860e+01,3.571721675381687167e-01
4.310416666666666430e+01,-3.360182611889601101e-01
4.312500000000000000e+01,-2.360865449331742139e-01
4.314583333333332860e+01,3.867608917701695903e-01
4.316666666666666430e+01,2.240808227320756907e-01
4.318750000000000000e+01,-4.678819021227657027e-01
4.320833333333332860e+01,-3.699371295347757549e-01
4.322916666666666430e+01,2.431471035566544481e-01
4.325000000000000000e+01,9.087540065518942556e-02
4.327083333333332860e+01,-2.046491144854656608e-01
4.329166666666666430e+01,1.517022553913273952e-01
4.331250000000000000e+01,2.980786920533916584e-01
4.333333333333332860e+01,-1.856268219959821275e-01
4.335416666666666430e+01,-9.253621592733068946e-02
4.337500000000000000e+01,5.316962525392978645e-01
4.339583333333332860e+01,3.595162100828787066e-01
4.341666666666666430e+01,-3.220775763928265256e-01
4.343750000000000000e+01,-2.169555772720421771e-01
4.345833333333332860e+01,4.058189984108969139e-01
4.347916666666666430e+01,2.355321204878049191e-01
4.350000000000000000e+01,-4.481679095662034484e-01
4.352083333333332860e+01,-3.542611350680640592e-01
4.354166666666666430e+01,2.579180850746352616e-01
4.356250000000000000e+01,8.921889014899765658e-02
4.358333333333332860e+01,-2.195320764322383211e-01
4.360416666666666430e+01,1.190948162045283309e-01
4.362500000000000000e+01,3.010915802441138100e-01
4.364583333333332860e+01,-1.527856658567042780e-01
4.366666666666666430e+01,-5.144178740771084002e-02
4.368750000000000000e+01,5.125590248855579345e-01
4.370833333333332860e+01,3.087966464016015378e-01
4.372916666666666430e+01,-3.826219956511842657e-01
4.375000000000000000e+01,-2.839901173478654450e-01
4.377083333333332860e+01,3.295960378632425414e-01
4.379166666666666430e+01,1.617828107604638299e-01
4.381250000000000000e+01,-5.300252042464637103e-01
4.383333333333332860e+01,-4.344780944384856181e-01
4.385416666666666430e+01,1.800468472012876076e-01
4.387500000000000000e+01,5.059098450959520488e-02
4.389583333333332860e+01,-2.842471353346027185e-01
4.391666666666666430e+01,3.022366051444640156e-02
4.393750000000000000e+01,3.555081761217955827e-01
4.395833333333332860e+01,9.726338899756908907e-04
4.397916666666666430e+01,-2.489336979761309632e-01
4.400000000000000000e+01,1.371095186930773591e-01
4.402083333333332860e+01,1.245094945999163094e-01
4.404166666666666430e+01,-3.151044946840602101e-01
4.406250000000000000e+01,-1.291371815869865047e-01
4.408333333333332860e+01,4.886072140960414645e-01
4.410416666666666430e+01,3.177427909719550136e-01
4.412500000000000000e+01,-3.699260566328667066e-01
4.414583333333332860e+01,-2.715902612960353069e-01
4.416666666666666430e+01,3.558975997503284194e-01
4.418750000000000000e+01,1.847151702090942815e-01
4.420833333333332860e+01,-4.923945333312853556e-01
4.422916666666666430e+01,-3.801482275904454755e-01
4.425000000000000000e+01,2.627767429098352148e-01
4.427083333333332860e+01,1.022927617460739486e-01
4.429166666666666430e+01,-2.641340555430278791e-01
4.431250000000000000e+01,5.032461043773758802e-02
4.433333333333332860e+01,4.738642321601017615e-01
4.435416666666666430e+01,1.857362633688526554e-01
4.437500000000000000e+01,-4.550209288608095815e-01
4.439583333333332860e+01,-3.294745998252155972e-01
4.441666666666666430e+01,3.301909319213960914e-01
4.443750000000000000e+01,1.944382057565595956e-01
4.445833333333332860e+01,-3.355722450156467529e-01
4.447916666666666430e+01,-1.407073050799202418e-01
4.450000000000000000e+01,5.113267866151380847e-01
4.452083333333332860e+01,3.762741923951707923e-01
4.454166666666666430e+01,-2.583817778532303544e-01
4.456250000000000000e+01,-1.348748299558223951e-01
4.458333333333332860e+01,5.197787072976638445e-01
4.460416666666666430e+01,3.836002477472416627e-01
4.462500000000000000e+01,-2.586084203296269424e-01
4.464583333333332860e+01,-1.330647525706596668e-01
4.466666666666666430e+01,3.634514366926068218e-01
4.468750000000000000e+01,1.111584180701621904e-01
4.470833333333332860e+01,-5.373998860040518633e-01
4.472916666666666430e+01,-4.112048501050174498e-01
4.475000000000000000e+01,2.521598497807763239e-01
4.477083333333332860e+01,1.154408989446322753e-01
4.479166666666666430e+01,-5.284920443443792415e-01
4.481250000000000000e+01,-4.027174824925373597e-01
4.483333333333332860e+01,2.609410790913259115e-01
4.485416666666666430e+01,1.338937116952212958e-01
4.487500000000000000e+01,-5.063622475652307386e-01
4.489583333333332860e+01,-3.802740080709178794e-01
4.491666666666666430e+01,2.828624575439780409e-01
4.493750000000000000e+01,1.459992924162429873e-01
4.495833333333332860e+01,-2.757763993043183537e-01
4.497916666666666430e+01,-1.464114288199369618e-03
4.500000000000000000e+01,6.429398937039343398e-01
4.502083333333332860e+01,5.094514822209126326e-01
4.504166666666666430e+01,-1.257384672109704282e-01
4.506250000000000000e+01,-4.051675004439644900e-02
4.508333333333332860e+01,3.417644289745027653e-01
4.510416666666666430e+01,3.929624731466518917e-02
4.512500000000000000e+01,-4.423514821782418838e-01
4.514583333333332860e+01,-2.106512562894557461e-01
4.516666666666666430e+01,4.496283779889133081e-01
4.518750000000000000e+01,3.288820760355074535e-01
4.520833333333332860e+01,-3.053280559851619391e-01
4.522916666666666430e+01,-1.658845872358286067e-01
4.525000000000000000e+01,3.975372834766087715e-01
4.527083333333332860e+01,2.099236999643198376e-01
4.529166666666666430e+01,-4.184350801523550323e-01
4.531250000000000000e+01,-2.848803607476323441e-01
4.533333333333332860e+01,3.753016621762305105e-01
4.535416666666666430e+01,2.399850994696350603e-01
4.537500000000000000e+01,-3.987809601071080623e-01
4.539583333333332860e+01,-2.737530660301664698e-01
4.541666666666666430e+01,3.291283427747863088e-01
4.543750000000000000e+01,1.566845343932645462e-01
4.545833333333332860e+01,-4.859591150408560378e-01
4.547916666666666430e+01,-3.602734817525700128e-01
4.550000000000000000e+01,3.015815279025216289e-01
4.552083333333332860e+01,1.650097956209292116e-01
4.554166666666666430e+01,-4.785983224002646197e-01
4.556250000000000000e+01,-3.528622122024279717e-01
4.558333333333332860e+01,3.114439613777442162e-01
4.560416666666666430e+01,1.929159410783967965e-01
4.562500000000000000e+01,-4.413880398715994691e-01
4.564583333333332860e+01,-3.015551298073552156e-01
4.566666666666666430e+01,3.679446763441132084e-01
4.568750000000000000e+01,2.499646996489502948e-01
4.570833333333332860e+01,-3.805867604770972190e-01
4.572916666666666430e+01,-2.421520211774159104e-01
4.575000000000000000e+01,4.239080795068932428e-01
4.577083333333332860e+01,3.045608188348639112e-01
4.579166666666666430e+01,-3.255808592691432635e-01
4.581250000000000000e+01,-1.949650853659873895e-01
4.583333333333332860e+01,4.617789241423080338e-01
4.585416666666666430e+01,3.237751319801772665e-01
4.587500000000000000e+01,-3.168641042538917763e-01
4.589583333333332860e+01,-1.918970900748286912e-01
4.591666666666666430e+01,4.709873616224502513e-01
4.593750000000000000e+01,3.539675506766631341e-01
4.595833333333332860e+01,-2.798592695875907199e-01
4.597916666666666430e+01,-1.362370449192071287e-01
4.600000000000000000e+01,4.317155439721618304e-01
4.602083333333332860e+01,2.544243815940707698e-01
4.604166666666666430e+01,-3.704878489456286950e-01
4.606250000000000000e+01,-2.003821740072387614e-01
4.608333333333332860e+01,4.263726450871344609e-01
4.610416666666666430e+01,2.912516280384275236e-01
4.612500000000000000e+01,-3.283115030551134184e-01
4.614583333333332860e+01,-1.577682650255335661e-01
4.616666666666666430e+01,1.855479192586450832e-01
4.618750000000000000e+01,-1.382658958306600128e-01
4.620833333333332860e+01,-4.426704503898712395e-01
4.622916666666666430e+01,-6.034613323860941320e-02
4.625000000000000000e+01,1.231994604605625848e-01
4.627083333333332860e+01,-3.110358751428374258e-01
4.629166666666666430e+01,-1.479043148308197830e-01
4.631250000000000000e+01,3.961465801075171322e-01
4.633333333333332860e+01,1.977051591174058265e-01
4.635416666666666430e+01,-4.195003845452870417e-01
4.637500000000000000e+01,-2.550651418156810180e-01
4.639583333333332860e+01,4.280417724296629589e-01
4.641666666666666430e+01,3.239674524700889013e-01
4.643750000000000000e+01,-2.888520883756975355e-01
4.645833333333332860e+01,-1.194161717034150083e-01
4.647916666666666430e+01,3.151251629990440284e-01
4.650000000000000000e+01,4.513905223142968687e-02
4.652083333333332860e+01,-5.729561563205349817e-01
4.654166666666666430e+01,-4.102269965039806454e-01
4.656250000000000000e+01,2.828826683181208113e-01
4.658333333333332860e+01,1.917652418764244360e-01
4.660416666666666430e+01,-4.229132861963507128e-01
4.662500000000000000e+01,-2.611309380106285882e-01
4.664583333333332860e+01,4.318367608323180895e-01
4.666666666666666430e+01,3.411654235400400914e-01
4.668750000000000000e+01,-2.740184268343755503e-01
4.670833333333332860e+01,-1.134840508799255243e-01
4.672916666666666430e+01,5.795056567000823611e-01
4.675000000000000000e+01,4.897865117464816898e-01
4.677083333333332860e+01,-1.259644355612035693e-01
4.679166666666666430e+01,1.660534488763940053e-02
4.681250000000000000e+01,3.243988454683748301e-01
4.683333333333332860e+01,-2.055825260784641118e-02
4.685416666666666430e+01,-2.837773791799331202e-01
4.687500000000000000e+01,1.177635112489574254e-01
4.689583333333332860e+01,7.189357738908014328e-02
4.691666666666666430e+01,-4.052300229821528821e-01
4.693750000000000000e+01,-1.645070867968836947e-01
4.695833333333332860e+01,5.194450281277993575e-01
4.697916666666666430e+01,4.156021124508904041e-01
4.700000000000000000e+01,-2.140657227456967127e-01
4.702083333333332860e+01,-1.486191239696981192e-01
4.704166666666666430e+01,2.318510179063240084e-01
4.706250000000000000e+01,-2.532825253124429410e-02
4.708333333333332860e+01,-5.591116514024405681e-01
4.710416666666666430e+01,-3.269677207809305042e-01
4.712500000000000000e+01,3.644813028361117979e-01
4.714583333333332860e+01,2.668251912721963381e-01
4.716666666666666430e+01,-3.612883013212566663e-01
4.718750000000000000e+01,-2.026903499890052585e-01
4.720833333333332860e+01,4.284208754702810151e-01
4.722916666666666430e+01,2.937147112663740511e-01
4.725000000000000000e+01,-3.320858670864241247e-01
4.727083333333332860e+01,-1.605515133222584212e-01
4.729166666666666430e+01,1.994119102096028329e-01
4.731250000000000000e+01,-1.161205043620789773e-01
4.733333333333332860e+01,-4.720187594514956841e-01
4.735416666666666430e+01,-1.252624356862891419e-01
4.737500000000000000e+01,2.601668926367848855e-01
4.739583333333332860e+01,-3.678064479804568632e-02
4.741666666666666430e+01,-4.620607777155453233e-01
4.743750000000000000e+01,-1.683219998373437221e-01
4.745833333333332860e+01,4.912265102618056378e-01
4.747916666666666430e+01,3.854668192959771478e-01
4.750000000000000000e+01,-2.440396582669975833e-01
4.752083333333332860e+01,-9.422780491628107713e-02
4.754166666666666430e+01,2.244612399924271473e-01
4.756250000000000000e+01,-1.179974721237545265e-01
4.758333333333332860e+01,-2.737995082166326810e-01
4.760416666666666430e+01,1.889274303906684493e-01
4.762500000000000000e+01,3.423869624850831017e-02
4.764583333333332860e+01,-4.237370747990607533e-01
4.766666666666666430e+01,-1.678405648235994085e-01
4.768750000000000000e+01,4.894787694544219803e-01
4.770833333333332860e+01,3.444661474341865759e-01
4.772916666666666430e+01,-3.025060979504411440e-01
4.775000000000000000e+01,-1.801920432631177182e-01
4.777083333333332860e+01,4.701152690200756101e-01
4.779166666666666430e+01,3.262856632579093641e-01
4.781250000000000000e+01,-3.213366465044644182e-01
4.783333333333332860e+01,-1.986430392272793000e-01
4.785416666666666430e+01,4.594714593948537873e-01
4.787500000000000000e+01,3.153940390754763623e-01
4.789583333333332860e+01,-3.310848329161067416e-01
4.791666666666666430e+01,-2.021749003848645754e-01
4.793750000000000000e+01,4.494074118218198688e-01
4.795833333333332860e+01,3.071537588879725833e-01
4.797916666666666430e+01,-3.414214362788322021e-01
4.800000000000000000e+01,-2.158150521567852587e-01
4.802083333333332860e+01,2.905641405448671222e-01
4.804166666666666430e+01,4.582059243747765853e-02
4.806250000000000000e+01,-6.014257637235835841e-01
4.808333333333332860e+01,-4.771532395519026970e-01
4.810416666666666430e+01,1.766575968723585466e-01
4.812500000000000000e+01,3.867375554099372614e-02
4.814583333333332860e+01,-4.716616127981706486e-01
4.816666666666666430e+01,-2.643466166896101255e-01
4.818750000000000000e+01,3.958562812532101516e-01
4.820833333333332860e+01,2.610365881076666117e-01
4.822916666666666430e+01,-3.871214938126755212e-01
4.825000000000000000e+01,-2.683608829637024740e-01
4.827083333333332860e+01,3.904367005522814127e-01
4.829166666666666430e+01,2.616703879283399647e-01
4.831250000000000000e+01,-3.790182787584561730e-01
4.833333333333332860e+01,-2.524450150530260784e-01
4.835416666666666430e+01,4.082464710313931100e-01
4.837500000000000000e+01,2.663059316176639157e-01
4.839583333333332860e+01,-2.907945226794864113e-01
4.841666666666666430e+01,-1.062766182310002361e-01
4.843750000000000000e+01,5.515788516746507053e-01
4.845833333333332860e+01,4.074493935150343416e-01
4.847916666666666430e+01,-2.393781944186852417e-01
4.850000000000000000e+01,-1.129344309201793101e-01
4.852083333333332860e+01,5.444364990009611383e-01
4.854166666666666430e+01,3.986038170452091967e-01
4.856250000000000000e+01,-2.556317581448390719e-01
4.858333333333332860e+01,-1.343760817901757942e-01
4.860416666666666430e+01,5.239557758399524534e-01
4.862500000000000000e+01,3.852123986173078829e-01
4.864583333333332860e+01,-2.632422554967887574e-01
4.866666666666666430e+01,-1.487698979213182282e-01
4.868750000000000000e+01,3.216322776469832667e-01
4.870833333333332860e+01,7.021092756300506554e-02
4.872916666666666430e+01,-5.775621114433819869e-01
4.875000000000000000e+01,-4.676750384393008053e-01
4.877083333333332860e+01,1.943366656783132584e-01
4.879166666666666430e+01,6.836986265882341596e-02
4.881250000000000000e+01,-5.811153010004814767e-01
4.883333333333332860e+01,-4.725526720074018083e-01
4.885416666666666430e+01,1.848353252708500039e-01
4.887500000000000000e+01,5.686917097585990344e-02
4.889583333333332860e+01,-3.795671696772986436e-01
4.891666666666666430e+01,-1.262137053494923056e-01
4.893750000000000000e+01,5.343217447800520103e-01
4.895833333333332860e+01,4.023719582464221345e-01
4.897916666666666430e+01,-2.447231649369934758e-01
4.900000000000000000e+01,-1.250426481772893839e-01
4.902083333333332860e+01,4.513906827936882693e-01
4.904166666666666430e+01,2.551301488105499060e-01
4.906250000000000000e+01,-3.915760108359743752e-01
4.908333333333332860e+01,-2.643088286599509784e-01
4.910416666666666430e+01,3.929433807127608591e-01
4.912500000000000000e+01,2.515220545173667555e-01
4.914583333333332860e+01,-3.886778046639923767e-01
4.916666666666666430e+01,-2.536260436377509309e-01
4.918750000000000000e+01,4.020250056200221911e-01
4.920833333333332860e+01,2.460181397198161757e-01
4.922916666666666430e+01,-3.992394346435937380e-01
4.925000000000000000e+01,-2.596107148859941871e-01
4.927083333333332860e+01,3.946821535046498020e-01
4.929166666666666430e+01,2.342877568026481838e-01
4.931250000000000000e+01,-4.232645266725515443e-01
4.933333333333332860e+01,-2.926167184166505453e-01
4.935416666666666430e+01,3.565848077677458150e-01
4.937500000000000000e+01,2.029080391357766244e-01
4.939583333333332860e+01,-4.434459596344724197e-01
4.941666666666666430e+01,-3.182500281990997548e-01
4.943750000000000000e+01,3.407201619766677680e-01
4.945833333333332860e+01,2.035850216810978219e-01
4.947916666666666430e+01,-4.446778008593834097e-01
4.950000000000000000e+01,-3.308775016401550584e-01
4.952083333333332860e+01,3.252438487767911890e-01
4.954166666666666430e+01,1.952823471561347113e-01
4.956250000000000000e+01,-4.543933294900656117e-01
4.958333333333332860e+01,-3.467551953462675307e-01
4.960416666666666430e+01,3.155100863183383231e-01
4.962500000000000000e+01,1.946287941273176225e-01
4.964583333333332860e+01,-4.538137745906602460e-01
4.966666666666666430e+01,-3.461826561707798677e-01
4.968750000000000000e+01,3.070540809808450788e-01
4.970833333333332860e+01,1.749685041650247963e-01
4.972916666666666430e+01,-2.810388532533721340e-01
4.975000000000000000e+01,-3.561069598714006190e-02
4.977083333333332860e+01,6.229827834842893708e-01
4.979166666666666430e+01,4.803709467699517344e-01
4.981250000000000000e+01,-1.788728182747602036e-01
4.983333333333332860e+01,-5.688638964504672685e-02
4.985416666666666430e+01,5.891128811601888948e-01
4.987500000000000000e+01,4.397927478401534307e-01
4.989583333333332860e+01,-2.019138246505464140e-01
4.991666666666666430e+01,-6.856961318367210678e-02
4.993750000000000000e+01,3.171837983641887515e-01
4.995833333333332860e+01,-1.764608101987347188e-02
4.997916666666666430e+01,-4.665740955060981854e-01
5.000000000000000000e+01,-1.996846606532830526e-01
5.002083333333332860e+01,4.390231877958831741e-01
5.004166666666666430e+01,2.785528087206905479e-01
5.006250000000000000e+01,-3.868297715617012855e-01
5.008333333333332860e+01,-2.707060502660492141e-01
5.010416666666666430e+01,3.578792558732921680e-01
5.012500000000000000e+01,1.964615601209985518e-01
5.014583333333332860e+01,-4.951372843019209435e-01
5.016666666666666430e+01,-4.002681743826596028e-01
5.018750000000000000e+01,2.149763203288692914e-01
5.020833333333332860e+01,5.697355614980056937e-02
5.022916666666666430e+01,-6.341973171808142906e-01
5.025000000000000000e+01,-5.339774812600660558e-01
5.027083333333332860e+01,9.448198845256289280e-02
5.029166666666666430e+01,2.573459124042609680e-01
5.031250000000000000e+01,-2.235303970439501964e-01
5.033333333333332860e+01,-1.171624436896346322e-01
5.035416666666666430e+01,5.131110476883199434e-01
5.037500000000000000e+01,3.808466841448850948e-01
5.039583333333332860e+01,-2.916629567908493037e-01
5.041666666666666430e+01,-1.598162341496846828e-01
5.043750000000000000e+01,4.861987901985518334e-01
5.045833333333332860e+01,3.495120332956582754e-01
5.047916666666666430e+01,-3.378207426598471286e-01
5.050000000000000000e+01,-1.796222039928494774e-01
5.052083333333332860e+01,5.207164995749112846e-01
5.054166666666666430e+01,3.856824905281922011e-01
5.056250000000000000e+01,-3.181862692648549373e-01
5.058333333333332860e+01,-1.662941977313603381e-01
5.060416666666666430e+01,5.064849540130589300e-01
5.062500000000000000e+01,3.644474037470698535e-01
5.064583333333332860e+01,-3.366060823347835629e-01
5.066666666666666430e+01,-1.948150118344892656e-01
5.068750000000000000e+01,2.503686587870969094e-01
5.070833333333332860e+01,-3.119081903358561503e-02
5.072916666666666430e+01,-7.195610686631047637e-01
5.075000000000000000e+01,-5.809693501338260013e-01
5.077083333333332860e+01,9.771891459331050189e-02
5.079166666666666430e+01,4.834129133100764641e-02
5.081250000000000000e+01,-3.943931302427261532e-01
5.083333333333332860e+01,-1.183333244638979931e-01
5.085416666666666430e+01,5.538829603774371169e-01
5.087500000000000000e+01,4.204813661032368866e-01
5.089583333333332860e+01,-2.581280971710171457e-01
5.091666666666666430e+01,-1.013916671131894209e-01
5.093750000000000000e+01,4.265345052213549426e-01
5.095833333333332860e+01,1.959612575451893934e-01
5.097916666666666430e+01,-4.737953463775144147e-01
5.100000000000000000e+01,-3.259183076272119672e-01
5.102083333333332860e+01,3.331751933668026244e-01
5.104166666666666430e+01,2.059658372848388597e-01
5.106250000000000000e+01,-4.668473550327348898e-01
5.108333333333332860e+01,-3.266584515980016090e-01
5.110416666666666430e+01,3.347439426860551182e-01
5.112500000000000000e+01,2.184274773416891302e-01
5.114583333333332860e+01,-4.377022669977044811e-01
5.116666666666666430e+01,-2.944997900177767081e-01
5.118750000000000000e+01,3.776986769476474715e-01
5.120833333333332860e+01,2.664641099541074087e-01
5.122916666666666430e+01,-3.996728534075522088e-01
5.125000000000000000e+01,-2.613781888494095540e-01
5.127083333333332860e+01,3.955549666384234331e-01
5.129166666666666430e+01,2.773940072552327218e-01
5.131250000000000000e+01,-2.818056992257405025e-01
5.133333333333332860e+01,-7.413488470095758176e-02
5.135416666666666430e+01,5.810856794114647172e-01
5.137500000000000000e+01,4.629450121857698330e-01
5.139583333333332860e+01,-2.018428838601173392e-01
5.141666666666666430e+01,-6.823963286894144109e-02
5.143750000000000000e+01,5.834172205097829522e-01
5.145833333333332860e+01,4.631176586125932970e-01
5.147916666666666430e+01,-2.021353202987190012e-01
5.150000000000000000e+01,-6.335232076489927255e-02
5.152083333333332860e+01,3.019365376480528385e-01
5.154166666666666430e+01,-1.162620215095666598e-02
5.156250000000000000e+01,-5.225012795991587078e-01
5.158333333333332860e+01,-2.797814104137706370e-01
5.160416666666666430e+01,3.698017391142368604e-01
5.162500000000000000e+01,2.425765792724215997e-01
5.164583333333332860e+01,-4.181911272855745043e-01
5.166666666666666430e+01,-2.742860251940358873e-01
5.168750000000000000e+01,3.719499402253375608e-01
5.170833333333332860e+01,2.398331167737332847e-01
5.172916666666666430e+01,-4.193845235322871678e-01
5.175000000000000000e+01,-2.670217552215771173e-01
5.177083333333332860e+01,2.045065193501157952e-01
5.179166666666666430e+01,-2.582130612339714193e-02
5.181250000000000000e+01,8.743295566897929527e-02
5.183333333333332860e+01,6.691674986679909676e-01
5.185416666666666430e+01,5.522444920914633126e-01
5.187500000000000000e+01,-1.339697113348292667e-02
5.189583333333332860e+01,8.667689455596339076e-02
5.191666666666666430e+01,5.796947466714515995e-01
5.193750000000000000e+01,7.493105800888884005e-01
5.195833333333332860e+01,4.624615360039761036e-01
5.197916666666666430e+01,2.655833990544411716e-01
5.200000000000000000e+01,4.524501450984357298e-01
5.202083333333332860e+01,7.903854348229810700e-01
5.204166666666666430e+01,7.529586469295743711e-01
5.206250000000000000e+01,5.593991852676594156e-02
5.208333333333332860e+01,-1.919900418420605881e-01
5.210416666666666430e+01,4.390411438370123154e-01
5.212500000000000000e+01,6.895515849443780709e-01
5.214583333333332860e+01,2.592231191676397373e-01
5.216666666666666430e+01,-5.533925234238394886e-01
5.218750000000000000e+01,-8.306867688234333968e-01
5.220833333333332860e+01,-1.959259733675511317e-01
5.222916666666666430e+01,4.346096429266805838e-01
5.225000000000000000e+01,4.970091539384231538e-01
5.227083333333332860e+01,-1.818073765825727328e-01
5.229166666666666430e+01,-1.133540343164155750e+00
5.231250000000000000e+01,-1.336280239581642437e+00
5.233333333333332860e+01,-6.812041433140048063e-01
5.235416666666666430e+01,2.518810590905506963e-01
5.237500000000000000e+01,3.318152514900143402e-01
5.239583333333332860e+01,-3.840449351527257527e-01
5.241666666666666430e+01,-4.642151849550305576e-01
5.243750000000000000e+01,2.499107196032105405e-01
5.245833333333332860e+01,3.259895516956583528e-01
5.247916666666666430e+01,-3.203780591356966134e-01
5.250000000000000000e+01,-6.762786899559257714e-01
5.252083333333332860e+01,-2.324055737184305137e-01
5.254166666666666430e+01,1.115706276832928445e-01
5.256250000000000000e+01,-2.987979133574626411e-01
5.258333333333332860e+01,-4.914355959969571863e-01
5.260416666666666430e+01,-2.110369815693069473e-02
5.262500000000000000e+01,-1.512431215295539366e-01
5.264583333333332860e+01,-5.025269680412257634e-01
5.266666666666666430e+01,-1.824887942100023031e-01
5.268750000000000000e+01,3.308233511010669758e-01
5.270833333333332860e+01,1.034838965375452502e-01
5.272916666666666430e+01,-5.694302452303900974e-01
5.275000000000000000e+01,-4.606743178403538419e-01
5.277083333333332860e+01,1.476790351025446535e-01
5.279166666666666430e+01,1.258408329191934294e-01
5.281250000000000000e+01,-2.558097856803424608e-01
5.283333333333332860e+01,-2.061544883049241245e-02
5.285416666666666430e+01,5.704676169669864461e-01
5.287500000000000000e+01,4.051312491790511894e-01
5.289583333333332860e+01,-2.801570600959593094e-01
5.291666666666666430e+01,-2.030467541291035571e-01
5.293750000000000000e+01,4.135818516554995439e-01
5.295833333333332860e+01,2.805743716995942050e-01
5.297916666666666430e+01,-4.169819179683348920e-01
5.300000000000000000e+01,-3.683524052589149389e-01
5.302083333333332860e+01,2.541670471850498991e-01
5.304166666666666430e+01,1.563789263939565632e-01
5.306250000000000000e+01,-3.090883393712776650e-01
5.308333333333332860e+01,-1.312483239748024888e-01
5.310416666666666430e+01,4.088787287957537098e-01
5.312500000000000000e+01,2.732770782695778111e-01
5.314583333333332860e+01,-3.479593008323219605e-01
5.316666666666666430e+01,-9.705685355171180806e-01
5.318750000000000000e+01,-8.426502338564321182e-01
5.320833333333332860e+01,-2.499792536074302296e-01
5.322916666666666430e+01,-3.861431151733111800e-01
5.325000000000000000e+01,-9.574147367252452412e-01
5.327083333333332860e+01,-8.827938627729091658e-01
5.329166666666666430e+01,-4.197390818173007965e-01
5.331250000000000000e+01,-5.116920446134627376e-01
5.333333333333332860e+01,-7.199134536586364597e-01
5.335416666666666430e+01,-5.130514777886445721e-01
5.337500000000000000e+01,-2.315099018318076407e-01
5.339583333333332860e+01,-1.820170177286188906e-01
5.341666666666666430e+01,-2.511763712984422803e-01
5.343750000000000000e+01,-2.875018302909024825e-01
5.345833333333332860e+01,-1.690652755383972305e-01
5.347916666666666430e+01,3.781809305731993476e-01
5.350000000000000000e+01,5.561618183965051365e-01
5.352083333333332860e+01,-1.074818782463071720e-02
5.354166666666666430e+01,-1.992650356704703807e-01
5.356250000000000000e+01,2.952392520709843371e-01
5.358333333333332860e+01,7.385927407948882362e-01
5.360416666666666430e+01,6.789550496945340186e-01
5.362500000000000000e+01,2.665634619695600449e-02
5.364583333333332860e+01,-1.272831240286429466e-01
5.366666666666666430e+01,2.170720259286340603e-01
5.368750000000000000e+01,8.764485601945035675e-01
5.370833333333332860e+01,9.576705198563518762e-01
5.372916666666666430e+01,4.809426885319020295e-01
5.375000000000000000e+01,-2.436392244021474696e-01
5.377083333333332860e+01,-3.007440119934265965e-01
5.379166666666666430e+01,2.702863343497025062e-01
5.381250000000000000e+01,4.061881445607659069e-01
5.383333333333332860e+01,1.729624151165287671e-03
5.385416666666666430e+01,1.403697091383322437e-01
5.387500000000000000e+01,4.202918296555889777e-01
5.389583333333332860e+01,1.051957014520388256e-01
5.391666666666666430e+01,-9.249400598422774511e-02
5.393750000000000000e+01,3.348831398505458523e-01
5.395833333333332860e+01,2.347352832231726083e-01
5.397916666666666430e+01,-3.771097593923220526e-01
5.400000000000000000e+01,-2.289936049084720926e-01
5.402083333333332860e+01,4.313033239874654035e-01
5.404166666666666430e+01,3.450338770723851978e-01
5.406250000000000000e+01,-2.689086235596828134e-01
5.408333333333332860e+01,-1.295126910994502389e-01
5.410416666666666430e+01,5.573355076486656845e-01
5.412500000000000000e+01,4.788590980691883603e-01
5.414583333333332860e+01,-1.318808321773914660e-01
5.416666666666666430e+01,-1.758576175342694281e-01
5.418750000000000000e+01,3.215329942549897124e-01
5.420833333333332860e+01,1.823156211355009271e-01
5.422916666666666430e+01,-4.362481858962633519e-01
5.425000000000000000e+01,-2.675446521931466037e-01
5.427083333333332860e+01,4.172637756669609344e-01
5.429166666666666430e+01,3.045729494919657276e-01
5.431250000000000000e+01,-3.044275415323050571e-01
5.433333333333332860e+01,-2.224437403652054779e-01
5.435416666666666430e+01,1.344660645036138968e-01
5.437500000000000000e+01,-1.599957379883182873e-01
5.439583333333332860e+01,-4.414729268446082600e-01
5.441666666666666430e+01,-2.685376358422980614e-02
5.443750000000000000e+01,4.634015492893758803e-02
5.445833333333332860e+01,-4.997431924706634554e-01
5.447916666666666430e+01,-3.033278005780083997e-01
5.450000000000000000e+01,4.633728272133195158e-01
5.452083333333332860e+01,3.519723872077929472e-01
5.454166666666666430e+01,-3.531100703756940851e-01
5.456250000000000000e+01,-1.840165732304613888e-01
5.458333333333332860e+01,5.790531067567126211e-01
5.460416666666666430e+01,4.717600071093315250e-01
5.462500000000000000e+01,-2.208081022395848303e-01
5.464583333333332860e+01,-4.093357324149150822e-02
5.466666666666666430e+01,2.540584104584797664e-01
5.468750000000000000e+01,-1.508759557419521724e-01
5.470833333333332860e+01,-2.084927669845914044e-01
5.472916666666666430e+01,3.785982125633584050e-01
5.475000000000000000e+01,2.921514455528996801e-01
5.477083333333332860e+01,-3.516683854653150920e-01
5.479166666666666430e+01,-1.904361538406675880e-01
5.481250000000000000e+01,4.155338865032960904e-01
5.483333333333332860e+01,2.454639702546823621e-01
5.485416666666666430e+01,-3.904949269647175480e-01
5.487500000000000000e+01,-2.196538051790019042e-01
5.489583333333332860e+01,3.691910113447343100e-01
5.491666666666666430e+01,1.831952847441845611e-01
5.493750000000000000e+01,-4.459632753424163654e-01
5.495833333333332860e+01,-2.652025476041413032e-01
5.497916666666666430e+01,4.291339567955451129e-01
5.500000000000000000e+01,3.078575173053468284e-01
5.502083333333332860e+01,-3.155424512509052981e-01
5.504166666666666430e+01,-2.329106555567867498e-01
5.506250000000000000e+01,1.757600860242358454e-01
5.508333333333332860e+01,-1.007603410225280383e-01
5.510416666666666430e+01,-5.304896731494113116e-01
5.512500000000000000e+01,-2.364396048981872722e-01
5.514583333333332860e+01,4.467261641140040096e-01
5.516666666666666430e+01,3.074986583033489929e-01
5.518750000000000000e+01,-3.409924409347456775e-01
5.520833333333332860e+01,-2.125922054529816585e-01
5.522916666666666430e+01,4.416386640023874932e-01
5.525000000000000000e+01,2.979160136240937007e-01
5.527083333333332860e+01,-3.532018055140064838e-01
5.529166666666666430e+01,-2.350014367326889730e-01
5.531250000000000000e+01,4.310164995802270860e-01
5.533333333333332860e+01,3.005922867815630783e-01
5.535416666666666430e+01,-3.544041355858146281e-01
5.537500000000000000e+01,-2.481540267847967551e-01
5.539583333333332860e+01,4.062182308701437483e-01
5.541666666666666430e+01,2.770513466475720277e-01
5.543750000000000000e+01,-3.772023985823532710e-01
5.545833333333332860e+01,-2.691378224034486344e-01
5.547916666666666430e+01,3.958292258485949233e-01
5.550000000000000000e+01,2.650608107828178461e-01
5.552083333333332860e+01,-3.865564056562504902e-01
5.554166666666666430e+01,-2.681565877822604249e-01
5.556250000000000000e+01,3.937202068438189206e-01
5.558333333333332860e+01,2.524671283606411687e-01
5.560416666666666430e+01,-4.072687807083192890e-01
5.562500000000000000e+01,-2.883396707855893082e-01
5.564583333333332860e+01,3.724740360402006289e-01
5.566666666666666430e+01,2.346795048242749648e-01
5.568750000000000000e+01,-4.140430406561624865e-01
5.570833333333332860e+01,-2.968769090046424197e-01
5.572916666666666430e+01,3.574267592744959643e-01
5.575000000000000000e+01,2.236379980081657226e-01
5.577083333333332860e+01,-4.244688690403957132e-01
5.579166666666666430e+01,-3.083413739769705897e-01
5.581250000000000000e+01,3.531444923878918063e-01
5.583333333333332860e+01,2.176899185018482952e-01
5.585416666666666430e+01,-4.313370315215270256e-01
5.587500000000000000e+01,-3.117377004401298835e-01
5.589583333333332860e+01,3.486110983621735215e-01
5.591666666666666430e+01,2.097436677219957080e-01
5.593750000000000000e+01,-4.384495499340350100e-01
5.595833333333332860e+01,-3.158322488363761726e-01
5.597916666666666430e+01,3.435858644964659425e-01
5.600000000000000000e+01,2.074347661112724006e-01
5.602083333333332860e+01,-2.656647954775871456e-01
5.604166666666666430e+01,-2.624299894201201355e-02
5.606250000000000000e+01,6.320078913048983171e-01
5.608333333333332860e+01,4.862138743112917050e-01
5.610416666666666430e+01,-1.609405452805197090e-01
5.612500000000000000e+01,-3.254295048444375699e-02
5.614583333333332860e+01,5.549946334140111182e-01
5.616666666666666430e+01,3.601192654941102189e-01
5.618750000000000000e+01,-2.862104217515132332e-01
5.620833333333332860e+01,-1.548418520326817482e-01
5.622916666666666430e+01,4.621830286022142742e-01
5.625000000000000000e+01,2.847212112783626958e-01
5.627083333333332860e+01,-3.713668897742144481e-01
5.629166666666666430e+01,-2.463651857642700782e-01
5.631250000000000000e+01,3.439066781234428327e-01
5.633333333333332860e+01,1.566921165440540165e-01
5.635416666666666430e+01,-4.911970236077836671e-01
5.637500000000000000e+01,-3.742406247500613681e-01
5.639583333333332860e+01,2.714597672203551415e-01
5.641666666666666430e+01,1.352708653948982154e-01
5.643750000000000000e+01,-5.189302345283192119e-01
5.645833333333332860e+01,-4.079599637758341002e-01
5.647916666666666430e+01,2.528634414790125184e-01
5.650000000000000000e+01,1.206086540590068229e-01
5.652083333333332860e+01,-5.281820425732898228e-01
5.654166666666666430e+01,-4.147459184694931578e-01
5.656250000000000000e+01,2.466394595915676613e-01
5.658333333333332860e+01,1.179134135544132878e-01
5.660416666666666430e+01,-5.313186520960972992e-01
5.662500000000000000e+01,-4.215448220338225416e-01
5.664583333333332860e+01,2.264025039986886090e-01
5.666666666666666430e+01,8.880373834098165275e-02
5.668750000000000000e+01,-2.555963990965623989e-01
5.670833333333332860e+01,6.688965906809768436e-02
5.672916666666666430e+01,4.944411436212379218e-01
5.675000000000000000e+01,1.991773937070074052e-01
5.677083333333332860e+01,-3.750423709080408230e-01
5.679166666666666430e+01,-1.964000012462141509e-01
5.681250000000000000e+01,4.472374931385522112e-01
5.683333333333332860e+01,2.895835634422460614e-01
5.685416666666666430e+01,-3.524059740117472805e-01
5.687500000000000000e+01,-2.163967385677818545e-01
5.689583333333332860e+01,4.394698764661869594e-01
5.691666666666666430e+01,2.851241177094455126e-01
5.693750000000000000e+01,-2.206799927301479336e-01
5.695833333333332860e+01,7.786550750134679788e-03
5.697916666666666430e+01,6.637228985730178055e-01
5.700000000000000000e+01,5.197077279790874860e-01
5.702083333333332860e+01,-1.232328615264304261e-01
5.704166666666666430e+01,2.871288906600599766e-03
5.706250000000000000e+01,4.615654572332826278e-01
5.708333333333332860e+01,1.894632571973750013e-01
5.710416666666666430e+01,-4.587111477429999806e-01
5.712500000000000000e+01,-3.424833625490629752e-01
5.714583333333332860e+01,3.158976664699265080e-01
5.716666666666666430e+01,1.853232497319241001e-01
5.718750000000000000e+01,-4.641274793863774395e-01
5.720833333333332860e+01,-3.556047232339841213e-01
5.722916666666666430e+01,2.956091786974697766e-01
5.725000000000000000e+01,1.633812516158145156e-01
5.727083333333332860e+01,-4.859657095386770154e-01
5.729166666666666430e+01,-3.722236395611586701e-01
5.731250000000000000e+01,2.878847094773189785e-01
5.733333333333332860e+01,1.503717316855329444e-01
5.735416666666666430e+01,-4.984672746686107936e-01
5.737500000000000000e+01,-3.738142121133212203e-01
5.739583333333332860e+01,2.836913594337632794e-01
5.741666666666666430e+01,1.462642528304915202e-01
5.743750000000000000e+01,-3.679997144646912077e-01
5.745833333333332860e+01,-1.519145698835033531e-01
5.747916666666666430e+01,5.042995024658804004e-01
5.750000000000000000e+01,3.542079084235154607e-01
5.752083333333332860e+01,-2.918792917985261193e-01
5.754166666666666430e+01,-1.578448471102712469e-01
5.756250000000000000e+01,5.035996953926629160e-01
5.758333333333332860e+01,3.606108954892958129e-01
5.760416666666666430e+01,-2.868104499651243922e-01
5.762500000000000000e+01,-1.651875134127195888e-01
5.764583333333332860e+01,4.941638347294594058e-01
5.766666666666666430e+01,3.671481068498514411e-01
5.768750000000000000e+01,-2.756557678214417439e-01
5.770833333333332860e+01,-1.709519433348554440e-01
5.772916666666666430e+01,2.235838609834853996e-01
5.775000000000000000e+01,-7.933509611121397631e-02
5.777083333333332860e+01,-5.653724706132143840e-01
5.779166666666666430e+01,-3.365165441016911840e-01
5.781250000000000000e+01,3.264716702802831771e-01
5.783333333333332860e+01,1.900352314515249830e-01
5.785416666666666430e+01,-4.576357823184299956e-01
5.787500000000000000e+01,-3.355342218539724697e-01
5.789583333333332860e+01,3.230645319278033778e-01
5.791666666666666430e+01,1.801897802498510504e-01
5.793750000000000000e+01,-4.662554752818559578e-01
5.795833333333332860e+01,-3.382366563141752658e-01
5.797916666666666430e+01,3.189214304238033870e-01
5.800000000000000000e+01,1.817315074999911184e-01
5.802083333333332860e+01,-4.612808125721457597e-01
5.804166666666666430e+01,-3.314065655349672790e-01
5.806250000000000000e+01,3.255256212449196829e-01
5.808333333333332860e+01,1.766652720954398903e-01
5.810416666666666430e+01,-3.769310451735723433e-01
5.812500000000000000e+01,-1.844798527435899671e-01
5.814583333333332860e+01,4.754610837027939962e-01
5.816666666666666430e+01,3.325923271332182907e-01
5.818750000000000000e+01,-3.147643106412271741e-01
5.820833333333332860e+01,-1.931632839589712825e-01
5.822916666666666430e+01,4.660386448897865241e-01
5.825000000000000000e+01,3.293729108877876399e-01
5.827083333333332860e+01,-3.189984358639690876e-01
5.829166666666666430e+01,-2.034731242220888248e-01
5.831250000000000000e+01,4.571026496951738904e-01
5.833333333333332860e+01,3.338857536141585647e-01
5.835416666666666430e+01,-3.113615482210649876e-01
5.837500000000000000e+01,-2.017275383447286741e-01
5.839583333333332860e+01,4.476215370694415219e-01
5.841666666666666430e+01,3.131409182340704755e-01
5.843750000000000000e+01,-3.357747147332544868e-01
5.845833333333332860e+01,-2.136408732867545457e-01
5.847916666666666430e+01,4.502763559895653356e-01
5.850000000000000000e+01,3.110168915539045509e-01
5.852083333333332860e+01,-3.427997182550349686e-01
5.854166666666666430e+01,-2.209859967718559859e-01
5.856250000000000000e+01,4.367496812941961126e-01
5.858333333333332860e+01,2.989401325310431234e-01
5.860416666666666430e+01,-3.427088446824638757e-01
5.862500000000000000e+01,-2.146046641608165273e-01
5.864583333333332860e+01,4.427651098421801490e-01
5.866666666666666430e+01,2.965600577408991079e-01
5.868750000000000000e+01,-3.497126789622250764e-01
5.870833333333332860e+01,-2.216753762266972794e-01
5.872916666666666430e+01,4.356647504165256368e-01
5.875000000000000000e+01,2.897764096626501695e-01
5.877083333333332860e+01,-3.565426409202696045e-01
5.879166666666666430e+01,-2.289098801601298916e-01
5.881250000000000000e+01,3.273914660794211562e-01
5.883333333333332860e+01,1.147827614181796685e-01
5.885416666666666430e+01,-5.314459879458783842e-01
5.887500000000000000e+01,-4.038727190499513675e-01
5.889583333333332860e+01,2.540502266014921240e-01
5.891666666666666430e+01,1.175029741074880008e-01
5.893750000000000000e+01,-5.234139292046396941e-01
5.895833333333332860e+01,-3.958189734327008935e-01
5.897916666666666430e+01,2.621756121150446983e-01
5.900000000000000000e+01,1.178367470768092590e-01
5.902083333333332860e+01,-5.285628835697295802e-01
5.904166666666666430e+01,-4.027445026278111406e-01
5.906250000000000000e+01,2.555877607761877224e-01
5.908333333333332860e+01,1.131840113082525356e-01
5.910416666666666430e+01,-5.320750210931752822e-01
5.912500000000000000e+01,-4.074543311262968648e-01
5.914583333333332860e+01,2.513499744514768319e-01
5.916666666666666430e+01,1.822921043488573423e-01
5.918750000000000000e+01,-1.755422034511835983e-01
5.920833333333332860e+01,1.064282289268533299e-01
5.922916666666666430e+01,5.708551146393663345e-01
5.925000000000000000e+01,3.028248050520926937e-01
5.927083333333332860e+01,-3.461816997660672190e-01
5.929166666666666430e+01,-2.273015525152233263e-01
5.931250000000000000e+01,4.321182645003627254e-01
5.933333333333332860e+01,2.957062130808338907e-01
5.935416666666666430e+01,-3.270020574813479186e-01
5.937500000000000000e+01,-1.930444838806923136e-01
5.939583333333332860e+01,4.669047403533189144e-01
5.941666666666666430e+01,3.354863169701547410e-01
5.943750000000000000e+01,-3.119905541666940785e-01
5.945833333333332860e+01,-1.977622362638805642e-01
5.947916666666666430e+01,4.628062312870188655e-01
5.950000000000000000e+01,3.340957466659684183e-01
5.952083333333332860e+01,-3.141673223372031254e-01
5.954166666666666430e+01,-2.032357041278752552e-01
5.956250000000000000e+01,4.580378082754765767e-01
5.958333333333332860e+01,3.313591631783885938e-01
5.960416666666666430e+01,-3.185846065056129328e-01
5.962500000000000000e+01,-2.117036781311414095e-01
5.964583333333332860e+01,4.367113561481312800e-01
5.966666666666666430e+01,3.062090851676824155e-01
5.968750000000000000e+01,-3.418354641312564834e-01
5.970833333333332860e+01,-2.256860548334313765e-01
5.972916666666666430e+01,4.336471916521797976e-01
5.975000000000000000e+01,2.912460411792097137e-01
5.977083333333332860e+01,-3.621355605882710105e-01
5.979166666666666430e+01,-2.364417568822294868e-01
5.981250000000000000e+01,4.202341024445920836e-01
5.983333333333332860e+01,2.705081945475547034e-01
5.985416666666666430e+01,-3.749106502345466163e-01
5.987500000000000000e+01,-2.425170463600736792e-01
5.989583333333332860e+01,4.137869855115978712e-01
5.991666666666666430e+01,2.628054282398235020e-01
5.993750000000000000e+01,-3.823856013215621297e-01
5.995833333333332860e+01,-2.489140582606076957e-01
5.997916666666666430e+01,2.863046857544225832e-01
6.000000000000000000e+01,5.391231609906349531e-02
6.002083333333332860e+01,-5.927262889811454327e-01
6.004166666666666430e+01,-4.593254558282087174e-01
6.006250000000000000e+01,1.972036715529200679e-01
6.008333333333332860e+01,4.616479717111927894e-02
6.010416666666666430e+01,-5.992191979703540561e-01
6.012500000000000000e+01,-4.670290392525659473e-01
6.014583333333332860e+01,1.900988316545025314e-01
6.016666666666666430e+01,4.729689514885851431e-02
6.018750000000000000e+01,-3.965811617385999188e-01
6.020833333333332860e+01,-1.356757332944062422e-01
6.022916666666666430e+01,5.219685622244836232e-01
6.025000000000000000e+01,3.781115822972812568e-01
6.027083333333332860e+01,-2.692399431670700061e-01
6.029166666666666430e+01,-1.475250397116348033e-01
6.031250000000000000e+01,5.116068382461356201e-01
6.033333333333332860e+01,3.752592017767863442e-01
6.035416666666666430e+01,-2.732952744777030762e-01
6.037500000000000000e+01,-1.588354264719332165e-01
6.039583333333332860e+01,5.019228415329812787e-01
6.041666666666666430e+01,3.788823096318402195e-01
6.043750000000000000e+01,-2.676338194846177854e-01
6.045833333333332860e+01,-1.604059941608002027e-01
6.047916666666666430e+01,3.137270598632504459e-01
6.050000000000000000e+01,6.722503485438363624e-02
6.052083333333332860e+01,-5.830906957131326562e-01
6.054166666666666430e+01,-4.765465639792229036e-01
6.056250000000000000e+01,1.810468564241777822e-01
6.058333333333332860e+01,5.562795041789540818e-02
6.060416666666666430e+01,-4.088261841712480527e-01
6.062500000000000000e+01,-1.764761897330919260e-01
6.064583333333332860e+01,4.846317301450924209e-01
6.066666666666666430e+01,3.519068568587780943e-01
6.068750000000000000e+01,-2.963231326212638628e-01
6.070833333333332860e+01,-1.753553536139055846e-01
6.072916666666666430e+01,4.828703797008879750e-01
6.075000000000000000e+01,3.375282797115418676e-01
6.077083333333332860e+01,-3.084952790437438530e-01
6.079166666666666430e+01,-1.756035142027656537e-01
6.081250000000000000e+01,4.797176230340719494e-01
6.083333333333332860e+01,3.264417853845613116e-01
6.085416666666666430e+01,-3.327786238398422469e-01
6.087500000000000000e+01,-2.043287100624320007e-01
6.089583333333332860e+01,4.314102739900330108e-01
6.091666666666666430e+01,2.645200403708880543e-01
6.093750000000000000e+01,-4.099099463370341478e-01
6.095833333333332860e+01,-2.953045400998110526e-01
6.097916666666666430e+01,3.175218050346426679e-01
6.100000000000000000e+01,1.470150609600677227e-01
6.102083333333332860e+01,-5.404321443146503645e-01
6.104166666666666430e+01,-4.365860940922481337e-01
6.106250000000000000e+01,1.759492125513470451e-01
6.108333333333332860e+01,1.719311862085626252e-03
6.110416666666666430e+01,-4.359705201664837992e-01
6.112500000000000000e+01,-1.644271612270534477e-01
6.114583333333332860e+01,4.476910114404760721e-01
6.116666666666666430e+01,2.844212378584209944e-01
6.118750000000000000e+01,-3.983578064818005804e-01
6.120833333333332860e+01,-3.005707196588793262e-01
6.122916666666666430e+01,3.141577862306056401e-01
6.125000000000000000e+01,1.551583059134594156e-01
6.127083333333332860e+01,-3.941438234026028442e-01
6.129166666666666430e+01,-2.052517521573374304e-01
6.131250000000000000e+01,4.199903111720647564e-01
6.133333333333332860e+01,2.711055716532611015e-01
6.135416666666666430e+01,-4.199267827322575308e-01
6.137500000000000000e+01,-3.312155581727854736e-01
6.139583333333332860e+01,2.865009128693103979e-01
6.141666666666666430e+01,3.970792917981044723e-01
6.143750000000000000e+01,-1.172099020882083481e-01
6.145833333333332860e+01,-2.838147962040793448e-02
6.147916666666666430e+01,5.865912390797745068e-01
6.150000000000000000e+01,4.250777106376738002e-01
6.152083333333332860e+01,-2.684984784767645571e-01
6.154166666666666430e+01,-1.776768807387243410e-01
6.156250000000000000e+01,4.371375219606281615e-01
6.158333333333332860e+01,2.744178425348547945e-01
6.160416666666666430e+01,-4.185784419725774863e-01
6.162500000000000000e+01,-3.261823203342001376e-01
6.164583333333332860e+01,2.885781236304341690e-01
6.166666666666666430e+01,1.481125084574798634e-01
6.168750000000000000e+01,-2.250739199381227018e-01
6.170833333333332860e+01,7.069512065942500090e-02
6.172916666666666430e+01,4.323674442924916872e-01
6.175000000000000000e+01,9.835969025130519849e-02
6.177083333333332860e+01,-3.712387024972396143e-01
6.179166666666666430e+01,-1.259955392353828141e-01
6.181250000000000000e+01,4.875764557817151013e-01
6.183333333333332860e+01,3.178689414194010854e-01
6.185416666666666430e+01,-3.728301335657061011e-01
6.187500000000000000e+01,-2.708440855252503554e-01
6.189583333333332860e+01,3.417735441314784239e-01
6.191666666666666430e+01,1.683172921882767348e-01
6.193750000000000000e+01,-5.203387446369492908e-01
6.195833333333332860e+01,-4.136291688029551938e-01
6.197916666666666430e+01,1.981598650385801852e-01
6.200000000000000000e+01,1.896038523965057343e-02
6.202083333333332860e+01,-5.285394521508842702e-01
6.204166666666666430e+01,-3.237786709942820362e-01
6.206250000000000000e+01,2.875375927358858608e-01
6.208333333333332860e+01,1.207942306086671747e-01
6.210416666666666430e+01,-5.073673161493184036e-01
6.212500000000000000e+01,-3.560553646213876489e-01
6.214583333333332860e+01,2.660011539245964451e-01
6.216666666666666430e+01,9.464388326189779321e-02
6.218750000000000000e+01,-1.885110984513753141e-01
6.220833333333332860e+01,1.826774196944226103e-01
6.222916666666666430e+01,2.828817642005437838e-01
6.225000000000000000e+01,-2.155935587480498072e-01
6.227083333333332860e+01,-1.136274586191303448e-01
6.229166666666666430e+01,5.023982088357402676e-01
6.231250000000000000e+01,3.332494993391398319e-01
6.233333333333332860e+01,-3.448738431230047863e-01
6.235416666666666430e+01,-2.537960304334463402e-01
6.237500000000000000e+01,3.503504216106251290e-01
6.239583333333332860e+01,1.833715807265847708e-01
6.241666666666666430e+01,-2.891080074219493090e-01
6.243750000000000000e+01,-6.702366356358291366e-02
6.245833333333332860e+01,5.344834655078479768e-01
6.247916666666666430e+01,3.673333068285864478e-01
6.250000000000000000e+01,-3.048021228137690053e-01
6.252083333333332860e+01,-2.128256181014834547e-01
6.254166666666666430e+01,3.957516879983040692e-01
6.256250000000000000e+01,2.266252468588578761e-01
6.258333333333332860e+01,-4.501151285557204451e-01
6.260416666666666430e+01,-3.512433944630137805e-01
6.262500000000000000e+01,2.682520109956777477e-01
6.264583333333332860e+01,9.735457537503657000e-02
6.266666666666666430e+01,-3.636903738043804624e-01
6.268750000000000000e+01,-1.145814687488232453e-01
6.270833333333332860e+01,5.107473238174339292e-01
6.272916666666666430e+01,3.383899433623483999e-01
6.275000000000000000e+01,-3.488895906353682297e-01
6.277083333333332860e+01,-2.466654868537455081e-01
6.279166666666666430e+01,3.795886464729762988e-01
6.281250000000000000e+01,2.080880798693665878e-01
6.283333333333332860e+01,-4.792906385980788553e-01
6.285416666666666430e+01,-3.804314206329606485e-01
6.287500000000000000e+01,2.429362304165181285e-01
6.289583333333332860e+01,7.109197229602698398e-02
6.291666666666666430e+01,-4.443737734634769510e-01
6.293750000000000000e+01,-2.304985621316716360e-01
6.295833333333332860e+01,4.031991626024619135e-01
6.297916666666666430e+01,2.437296219199254765e-01
6.300000000000000000e+01,-4.249134884309203608e-01
6.302083333333332860e+01,-3.197944068366602166e-01
6.304166666666666430e+01,3.067249891928265360e-01
6.306250000000000000e+01,1.481226594794583795e-01
6.308333333333332860e+01,-3.619452615655907035e-01
6.310416666666666430e+01,-1.559327940583792593e-01
6.312500000000000000e+01,4.558560734234823886e-01
6.314583333333332860e+01,2.869849672516818773e-01
6.316666666666666430e+01,-3.961030513942278009e-01
6.318750000000000000e+01,-3.050695347559666537e-01
6.320833333333332860e+01,3.097703781487163854e-01
6.322916666666666430e+01,1.413576976537293528e-01
6.325000000000000000e+01,-1.529105912923826027e-01
6.327083333333332860e+01,2.030071703334066502e-01
6.329166666666666430e+01,3.123239903130258788e-01
6.331250000000000000e+01,-1.924567060972362242e-01
6.333333333333332860e+01,-5.013464812057635833e-02
6.335416666666666430e+01,6.033162145895691886e-01
6.337500000000000000e+01,4.782040426932849253e-01
6.339583333333332860e+01,-1.792926225828913589e-01
6.341666666666666430e+01,-3.176446447609987400e-02
6.343750000000000000e+01,2.271616912809431565e-01
6.345833333333332860e+01,-1.598555900986730061e-01
6.347916666666666430e+01,-2.322698316876703750e-01
6.350000000000000000e+01,3.040299538375393906e-01
6.352083333333332860e+01,1.724378281696408721e-01
6.354166666666666430e+01,-4.758863331237453975e-01
6.356250000000000000e+01,-3.485811837316233341e-01
6.358333333333332860e+01,3.221784121588984195e-01
6.360416666666666430e+01,1.894418801874465375e-01
6.362500000000000000e+01,-4.585416925963630153e-01
6.364583333333332860e+01,-3.316903868584508697e-01
6.366666666666666430e+01,3.366679004814067122e-01
6.368750000000000000e+01,2.108889653887169313e-01
6.370833333333332860e+01,-4.289617815877988516e-01
6.372916666666666430e+01,-3.034246052980759112e-01
6.375000000000000000e+01,3.436076843090004607e-01
6.377083333333332860e+01,2.003040743281830072e-01
6.379166666666666430e+01,-4.350389130901384238e-01
6.381250000000000000e+01,-3.115564153775897127e-01
6.383333333333332860e+01,3.340949912875033623e-01
6.385416666666666430e+01,1.966209050334851161e-01
6.387500000000000000e+01,-4.355216233480982968e-01
6.389583333333332860e+01,-3.121223972471069974e-01
6.391666666666666430e+01,3.402944928917229217e-01
6.393750000000000000e+01,2.144274983121412514e-01
6.395833333333332860e+01,-4.164527155332865549e-01
6.397916666666666430e+01,-2.923618063049974181e-01
6.400000000000000000e+01,3.620492438123787404e-01
6.402083333333332860e+01,2.267240135189385886e-01
6.404166666666665719e+01,-4.111851638648354457e-01
6.406250000000000000e+01,-2.865369804712131208e-01
6.408333333333332860e+01,3.732169046735864804e-01
6.410416666666665719e+01,2.569724087247007294e-01
6.412500000000000000e+01,-3.728813927771571501e-01
6.414583333333332860e+01,-2.272117760489239524e-01
6.416666666666665719e+01,4.446130016737234736e-01
6.418750000000000000e+01,3.513573843771816141e-01
6.420833333333332860e+01,-2.714109195257787266e-01
6.422916666666665719e+01,-1.104044003083996528e-01
6.425000000000000000e+01,2.939575998754620501e-01
6.427083333333332860e+01,1.667801851842968391e-02
6.429166666666665719e+01,-4.834876323677309018e-01
6.431250000000000000e+01,-2.360219000481124652e-01
6.433333333333332860e+01,4.442895830728609274e-01
6.435416666666665719e+01,3.439491146634897634e-01
6.437500000000000000e+01,-2.770270026372877448e-01
6.439583333333332860e+01,-1.062366572269331649e-01
6.441666666666665719e+01,4.831912240497679978e-01
6.443750000000000000e+01,3.211565025743021717e-01
6.445833333333332860e+01,-3.032020219982232145e-01
6.447916666666665719e+01,-1.431409360367646433e-01
6.450000000000000000e+01,4.205391447779812664e-01
6.452083333333332860e+01,2.425467896194532791e-01
6.454166666666665719e+01,-3.799744689767992067e-01
6.456250000000000000e+01,-2.089565762758932022e-01
6.458333333333332860e+01,4.533548146990098449e-01
6.460416666666665719e+01,3.422803757135390867e-01
6.462500000000000000e+01,-2.759777769832252314e-01
6.464583333333332860e+01,-2.254389407179397398e-01
6.466666666666665719e+01,1.826879491782487652e-01
6.468750000000000000e+01,-4.479144060930051463e-02
6.470833333333332860e+01,-6.051138048185185081e-01
6.472916666666665719e+01,-3.992660444396776698e-01
6.475000000000000000e+01,2.805623353780564155e-01
6.477083333333332860e+01,1.905880955157553680e-01
6.479166666666665719e+01,-4.144917860732437176e-01
6.481250000000000000e+01,-2.470105925194177043e-01
6.483333333333332860e+01,4.274610173829066495e-01
6.485416666666665719e+01,3.377430155581919169e-01
6.487500000000000000e+01,-2.679017646235006267e-01
6.489583333333332860e+01,-1.001987342956755650e-01
6.491666666666665719e+01,4.238957260026149365e-01
6.493750000000000000e+01,2.285236312722513374e-01
6.495833333333332860e+01,-3.870742129088875494e-01
6.497916666666665719e+01,-2.181427806197731578e-01
6.500000000000000000e+01,4.523667780198181165e-01
6.502083333333332860e+01,3.435237070276515592e-01
6.504166666666665719e+01,-2.999234477195378834e-01
6.506250000000000000e+01,-1.450050652692563280e-01
6.508333333333332860e+01,3.277065655460650317e-01
6.510416666666665719e+01,7.677640871551065505e-02
6.512500000000000000e+01,-5.908743063790045102e-01
6.514583333333332860e+01,-4.532994213665740291e-01
6.516666666666665719e+01,1.949061932570070044e-01
6.518750000000000000e+01,6.844225554639359055e-02
6.520833333333332860e+01,-3.326370128407620252e-01
6.522916666666665719e+01,-1.289558207215460439e-02
6.525000000000000000e+01,5.066374327988825144e-01
6.527083333333332860e+01,2.900145981710381959e-01
6.529166666666665719e+01,-3.799562885578304794e-01
6.531250000000000000e+01,-2.414779648923435773e-01
6.533333333333332860e+01,4.108366264263628720e-01
6.535416666666665719e+01,2.835535309724633857e-01
6.537500000000000000e+01,-3.731316502420709003e-01
6.539583333333332860e+01,-2.229787554994644982e-01
6.541666666666665719e+01,4.282897879331323265e-01
6.543750000000000000e+01,3.020966746515452162e-01
6.545833333333332860e+01,-3.612299631297689606e-01
6.547916666666665719e+01,-2.245481926611246903e-01
6.550000000000000000e+01,4.174854334953990165e-01
6.552083333333332860e+01,2.925720822116709696e-01
6.554166666666665719e+01,-3.665765554622872346e-01
6.556250000000000000e+01,-2.388609583651473689e-01
6.558333333333332860e+01,3.964348536839707449e-01
6.560416666666665719e+01,2.719222510196615539e-01
6.562500000000000000e+01,-3.839403754761124832e-01
6.564583333333332860e+01,-2.484930304033691195e-01
6.566666666666665719e+01,3.885969624567613967e-01
6.568750000000000000e+01,2.644390239913666507e-01
6.570833333333332860e+01,-3.920840426988011496e-01
6.572916666666665719e+01,-2.687810223139387444e-01
6.575000000000000000e+01,3.626418661768890939e-01
6.577083333333332860e+01,2.384913605526755853e-01
6.579166666666665719e+01,-4.149874670851340097e-01
6.581250000000000000e+01,-2.801311998638071898e-01
6.583333333333332860e+01,3.532656505449803808e-01
6.585416666666665719e+01,2.300209172815787517e-01
6.587500000000000000e+01,-4.213134943954771616e-01
6.589583333333332860e+01,-2.863121013482085031e-01
6.591666666666665719e+01,3.500826058221617743e-01
6.593750000000000000e+01,2.257310688655179698e-01
6.595833333333332860e+01,-4.337838118513764329e-01
6.597916666666665719e+01,-3.128211822620276528e-01
6.600000000000000000e+01,3.221822303875975790e-01
6.602083333333332860e+01,1.968528131147471993e-01
6.604166666666665719e+01,-2.435489769702499918e-01
6.606250000000000000e+01,3.891671757155770739e-02
6.608333333333332860e+01,6.093187482194011295e-01
6.610416666666665719e+01,4.380409730580889227e-01
6.612500000000000000e+01,-2.201971610532651169e-01
6.614583333333332860e+01,-8.421847019234862675e-02
6.616666666666665719e+01,4.558625090179313499e-01
6.618750000000000000e+01,2.619799721819642824e-01
6.620833333333332860e+01,-4.030868146857015111e-01
6.622916666666665719e+01,-2.769731112030922593e-01
6.625000000000000000e+01,3.666777050163818052e-01
6.627083333333332860e+01,2.398465216342233197e-01
6.629166666666665719e+01,-4.289686579429556890e-01
6.631250000000000000e+01,-2.904798310800678074e-01
6.633333333333332860e+01,3.619993295726499638e-01
6.635416666666665719e+01,2.347017048493075242e-01
6.637500000000000000e+01,-4.352220188601122475e-01
6.639583333333332860e+01,-3.132107597016103306e-01
6.641666666666665719e+01,2.409620547754725284e-01
6.643750000000000000e+01,2.947192082552410608e-02
6.645833333333332860e+01,-6.556714706558406380e-01
6.647916666666665719e+01,-5.618455114850753329e-01
6.650000000000000000e+01,5.965912831345712708e-02
6.652083333333332860e+01,-1.097868580576126518e-01
6.654166666666665719e+01,-3.562714439470754391e-01
6.656250000000000000e+01,2.850733519966003326e-02
6.658333333333332860e+01,1.507346891859980831e-01
6.660416666666665719e+01,-3.444222677822290080e-01
6.662500000000000000e+01,-2.399735342955565676e-01
6.664583333333332860e+01,3.741337154913099150e-01
6.666666666666665719e+01,1.990289570508174122e-01
6.668750000000000000e+01,-3.892011368681547179e-01
6.670833333333332860e+01,-2.159430181794956272e-01
6.672916666666665719e+01,3.959338572711925130e-01
6.675000000000000000e+01,2.192251662930611578e-01
6.677083333333332860e+01,-1.378122891340806677e-01
6.679166666666665719e+01,1.905739190405745243e-01
6.681250000000000000e+01,5.306501966149770322e-01
6.683333333333332860e+01,1.864870930179569342e-01
6.685416666666665719e+01,-1.404910767500595903e-01
6.687500000000000000e+01,2.060954223023467868e-01
6.689583333333332860e+01,3.770341014686540149e-01
6.691666666666665719e+01,-9.063755008685925318e-02
6.693750000000000000e+01,1.007726742268150177e-03
6.695833333333332860e+01,5.888162992205427937e-01
6.697916666666665719e+01,3.979357277481334609e-01
6.700000000000000000e+01,-2.711061405658998780e-01
6.702083333333332860e+01,-1.637435236077356415e-01
6.704166666666665719e+01,4.741721714487916461e-01
6.706250000000000000e+01,3.224824248871137611e-01
6.708333333333332860e+01,-3.186278650133995693e-01
6.710416666666665719e+01,-1.896684259636667869e-01
6.712500000000000000e+01,2.063788961906601882e-01
6.714583333333332860e+01,-9.924569085635814858e-02
6.716666666666665719e+01,-6.134967122345700297e-01
6.718750000000000000e+01,-4.126223980921779333e-01
6.720833333333332860e+01,2.394010472676855183e-01
6.722916666666665719e+01,1.092096245159032142e-01
6.725000000000000000e+01,-5.253876302584814528e-01
6.727083333333332860e+01,-4.005420432571650813e-01
6.729166666666665719e+01,2.594196674767553779e-01
6.731250000000000000e+01,1.396903530019944495e-01
6.733333333333332860e+01,-4.929412845377780794e-01
6.735416666666665719e+01,-3.621951140360681887e-01
6.737500000000000000e+01,2.991749399943944843e-01
6.739583333333332860e+01,1.634663824569213553e-01
6.741666666666665719e+01,-4.767133089507871180e-01
6.743750000000000000e+01,-3.515506079673966777e-01
6.745833333333332860e+01,3.102851842098395818e-01
6.747916666666665719e+01,1.905962996437592372e-01
6.750000000000000000e+01,-3.143421249710803833e-01
6.752083333333332860e+01,-9.251910428008802700e-02
6.754166666666665719e+01,5.740851379052650527e-01
6.756250000000000000e+01,4.417536477468462230e-01
6.758333333333332860e+01,-2.003410681268081028e-01
6.760416666666665719e+01,-7.482075597441420478e-02
6.762500000000000000e+01,5.890692108651051084e-01
6.764583333333332860e+01,4.673043701537438754e-01
6.766666666666665719e+01,-1.703224976900138410e-01
6.768750000000000000e+01,-3.824005174789335548e-02
6.770833333333332860e+01,3.306849074496088781e-01
6.772916666666665719e+01,-3.480953828317645549e-03
6.775000000000000000e+01,-4.255174428561720457e-01
6.777083333333332860e+01,-1.534194720670815915e-01
6.779166666666665719e+01,4.688014443223159078e-01
6.781250000000000000e+01,3.103076929004443540e-01
6.783333333333332860e+01,-3.327491544139064006e-01
6.785416666666665719e+01,-2.068403568547815263e-01
6.787500000000000000e+01,3.181813255970591392e-01
6.789583333333332860e+01,9.949783653552846108e-02
6.791666666666665719e+01,-5.402149657233576985e-01
6.793750000000000000e+01,-4.140740484780171538e-01
6.795833333333332860e+01,2.477826194269490689e-01
6.797916666666665719e+01,1.116775153778721275e-01
6.800000000000000000e+01,-5.283962812588296476e-01
6.802083333333332860e+01,-4.035780662726219936e-01
6.804166666666665719e+01,2.538959095493382723e-01
6.806250000000000000e+01,1.180548444410837727e-01
6.808333333333332860e+01,-5.229554121836814673e-01
6.810416666666665719e+01,-3.974806543321575125e-01
6.812500000000000000e+01,2.638323649580679997e-01
6.814583333333332860e+01,1.470952192337672271e-01
6.816666666666665719e+01,-2.440586514840877297e-01
6.818750000000000000e+01,7.482198279824064935e-02
6.820833333333332860e+01,5.607343153928019408e-01
6.822916666666665719e+01,3.369664405627450510e-01
6.825000000000000000e+01,-2.808895632267620623e-01
6.827083333333332860e+01,-1.109620275835148384e-01
6.829166666666665719e+01,5.766603455885623841e-01
6.831250000000000000e+01,4.842060234638589922e-01
6.833333333333332860e+01,-1.346496228517232163e-01
6.835416666666665719e+01,-3.124298526878840909e-02
6.837500000000000000e+01,2.748393526156467370e-01
6.839583333333332860e+01,-4.614289462462575764e-02
6.841666666666665719e+01,-3.268757530051736304e-01
6.843750000000000000e+01,6.537628500849136659e-02
6.845833333333332860e+01,6.529092578516801360e-02
6.847916666666665719e+01,-4.104555390514806890e-01
6.850000000000000000e+01,-2.302900674066528652e-01
6.852083333333332860e+01,4.169848821047573706e-01
6.854166666666665719e+01,2.648641462553802395e-01
6.856250000000000000e+01,-3.814608901527980489e-01
6.858333333333332860e+01,-2.517273359845392799e-01
6.860416666666665719e+01,4.049349603898124705e-01
6.862500000000000000e+01,2.604351065262270337e-01
6.864583333333332860e+01,-3.897558506594978045e-01
6.866666666666665719e+01,-2.621282186551870952e-01
6.868750000000000000e+01,3.944570821264387073e-01
6.870833333333332860e+01,2.475645613480017548e-01
6.872916666666665719e+01,-3.992340810966449327e-01
6.875000000000000000e+01,-2.765486989806744123e-01
6.877083333333332860e+01,3.827355080360178019e-01
6.879166666666665719e+01,2.482356544683469446e-01
6.881250000000000000e+01,-4.005935134139638754e-01
6.883333333333332860e+01,-2.878402204447612633e-01
6.885416666666665719e+01,3.605583287099917711e-01
6.887500000000000000e+01,2.241773948406464156e-01
6.889583333333332860e+01,-4.348850897799431126e-01
6.891666666666665719e+01,-3.267490983802506244e-01
6.893750000000000000e+01,3.338212351488036300e-01
6.895833333333332860e+01,2.014869028278557239e-01
6.897916666666665719e+01,-4.470941864314866843e-01
6.900000000000000000e+01,-3.326379952440398080e-01
6.902083333333332860e+01,3.280837463584100888e-01
6.904166666666665719e+01,2.037745625273246763e-01
6.906250000000000000e+01,-4.405186646072650758e-01
6.908333333333332860e+01,-3.137225768605666487e-01
6.910416666666665719e+01,3.645818276705374283e-01
6.912500000000000000e+01,2.134928660561853930e-01
6.914583333333332860e+01,-4.781568676530477124e-01
6.916666666666665719e+01,-3.414839214026340053e-01
6.918750000000000000e+01,3.642372237968186099e-01
6.920833333333332860e+01,2.057378530890232593e-01
6.922916666666665719e+01,-2.881384790867471679e-01
6.925000000000000000e+01,-1.347911834868475989e-02
6.927083333333332860e+01,6.754610464807172532e-01
6.929166666666665719e+01,5.118035130497474716e-01
6.931250000000000000e+01,-1.726241443346214488e-01
6.933333333333332860e+01,-3.557838213713643283e-02
6.935416666666665719e+01,5.871461665417607723e-01
6.937500000000000000e+01,3.867831968858073122e-01
6.939583333333332860e+01,-2.901415191475741895e-01
6.941666666666665719e+01,-1.544896831061400855e-01
6.943750000000000000e+01,4.428969549298689690e-01
6.945833333333332860e+01,2.366819483049166783e-01
6.947916666666665719e+01,-4.306881197141103068e-01
6.950000000000000000e+01,-2.956579395776392505e-01
6.952083333333332860e+01,3.831820509634330518e-01
6.954166666666665719e+01,2.309917703179190651e-01
6.956250000000000000e+01,-4.424619637870704225e-01
6.958333333333332860e+01,-3.160675643894761966e-01
6.960416666666665719e+01,2.855762610644110855e-01
6.962500000000000000e+01,9.674389401588867621e-02
6.964583333333332860e+01,-5.662355591757699536e-01
6.966666666666665719e+01,-4.500701875225958659e-01
6.968750000000000000e+01,2.199353463513347706e-01
6.970833333333332860e+01,8.931142158775476347e-02
6.972916666666665719e+01,-5.737490362776445085e-01
6.975000000000000000e+01,-4.669314423121729285e-01
6.977083333333332860e+01,2.078844292443125241e-01
6.979166666666665719e+01,8.965912760647892776e-02
6.981250000000000000e+01,-5.698692412955008724e-01
6.983333333333332860e+01,-4.604767834794953330e-01
6.985416666666665719e+01,2.137413324482452803e-01
6.987500000000000000e+01,1.713332310237705158e-01
6.989583333333332860e+01,-2.346890735637894854e-01
6.991666666666665719e+01,8.232716307281728874e-03
6.993750000000000000e+01,6.768472316444196224e-01
6.995833333333332860e+01,5.408586181705201668e-01
6.997916666666665719e+01,-1.143314665249928752e-01
7.000000000000000000e+01,9.964275844051836972e-03
7.002083333333332860e+01,4.998901804156630768e-01
7.004166666666665719e+01,2.344205087875085858e-01
7.006250000000000000e+01,-4.191554812537954811e-01
7.008333333333332860e+01,-2.829871238912959885e-01
7.010416666666665719e+01,3.773074534856282747e-01
7.012500000000000000e+01,2.165134315095726403e-01
7.014583333333332860e+01,-4.464050241316169787e-01
7.016666666666665719e+01,-3.127173247291867297e-01
7.018750000000000000e+01,3.425351274472842045e-01
7.020833333333332860e+01,1.851301628084067730e-01
7.022916666666665719e+01,-2.863267743656836561e-01
7.025000000000000000e+01,-3.674619479018004231e-02
7.027083333333332860e+01,6.245494030362788163e-01
7.029166666666665719e+01,4.798198966513202990e-01
7.031250000000000000e+01,-1.712514568782781410e-01
7.033333333333332860e+01,-4.994596241349610888e-02
7.035416666666665719e+01,3.685890287254777187e-01
7.037500000000000000e+01,7.689555258844366081e-02
7.039583333333332860e+01,-5.527397434273924048e-01
7.041666666666665719e+01,-8.868328691210092263e-01
7.043750000000000000e+01,-1.295945876649191586e+00
7.045833333333332860e+01,-1.816060516258582114e+00
7.047916666666665719e+01,-1.670444243708003151e+00
7.050000000000000000e+01,-1.835281187134123915e+00
7.052083333333332860e+01,-2.464649930236355146e+00
7.054166666666665719e+01,-2.351603064145861843e+00
7.056250000000000000e+01,-1.740688294864863650e+00
7.058333333333332860e+01,-1.891792054841232584e+00
7.060416666666665719e+01,-2.012581583784586847e+00
7.062500000000000000e+01,-1.549284723069879632e+00
7.064583333333332860e+01,-1.196027448191824938e+00
7.066666666666665719e+01,-1.532513523236804787e+00
7.068750000000000000e+01,-1.387431671558642776e+00
7.070833333333332860e+01,-7.423131052540687946e-01
7.072916666666665719e+01,-8.154237197573177554e-02
7.075000000000000000e+01,-2.045974555958114394e-01
7.077083333333332860e+01,-1.727609069062960856e-01
7.079166666666665719e+01,4.315202860964530984e-01
7.081250000000000000e+01,5.944771811294087271e-01
7.083333333333332860e+01,4.413653787440932064e-01
7.085416666666665719e+01,8.091769447403214244e-01
7.087500000000000000e+01,1.374457401641413945e+00
7.089583333333332860e+01,1.191112152794332246e+00
7.091666666666665719e+01,6.481707600849340167e-01
7.093750000000000000e+01,8.718492679018448044e-01
7.095833333333332860e+01,1.549968039943912856e+00
7.097916666666665719e+01,1.458555841023293276e+00
7.100000000000000000e+01,8.823701236365248946e-01
7.102083333333332860e+01,1.067249497227886756e+00
7.104166666666665719e+01,1.731765032277702065e+00
7.106250000000000000e+01,1.640052600359050317e+00
7.108333333333332860e+01,1.040068288584124812e+00
7.110416666666665719e+01,1.073011781825051969e+00
7.112500000000000000e+01,1.278756913254925909e+00
7.114583333333332860e+01,9.446714076149429484e-01
7.116666666666665719e+01,5.663530422286162658e-01
7.118750000000000000e+01,8.735114821312608413e-01
7.120833333333332860e+01,7.762478173531675019e-01
7.122916666666665719e+01,1.767511795581823142e-01
7.125000000000000000e+01,3.478141780696702989e-01
7.127083333333332860e+01,1.035931346350990045e+00
7.129166666666665719e+01,9.406692972370133132e-01
7.131250000000000000e+01,3.242695479884269982e-01
7.133333333333332860e+01,-3.036285524150700854e-01
7.135416666666665719e+01,-1.360944865611790067e-01
7.137500000000000000e+01,3.934575301420658588e-01
7.139583333333332860e+01,1.817471977507994496e-01
7.141666666666665719e+01,-4.668608011153691506e-01
7.143750000000000000e+01,-3.043226744616143176e-01
7.145833333333332860e+01,-2.678895853909679658e-03
7.147916666666665719e+01,-3.674325499526840400e-01
7.150000000000000000e+01,-6.514405531401338267e-01
7.152083333333332860e+01,-2.652331217152722465e-01
7.154166666666665719e+01,-1.548538534016017376e-01
7.156250000000000000e+01,-6.403813906858494276e-01
7.158333333333332860e+01,-5.275564317725240926e-01
7.160416666666665719e+01,1.314053908932726333e-01
7.162500000000000000e+01,-1.958747721298115252e-03
7.164583333333332860e+01,-6.462053012419675113e-01
7.166666666666665719e+01,-5.200175399601576487e-01
7.168750000000000000e+01,1.367956883213075070e-01
7.170833333333332860e+01,-9.929487150006632845e-03
7.172916666666665719e+01,1.231767523655076246e-01
7.175000000000000000e+01,7.577923856999719820e-01
7.177083333333332860e+01,1.377343336411450458e+00
7.179166666666665719e+01,1.961053826893503160e+00
7.181250000000000000e+01,2.570125343322047229e+00
7.183333333333332860e+01,2.442644211650048192e+00
7.185416666666665719e+01,1.936357884455889078e+00
7.187500000000000000e+01,2.108786116195473515e+00
7.189583333333332860e+01,2.717860053624884031e+00
7.191666666666665719e+01,2.572119551706653517e+00
7.193750000000000000e+01,1.908050991298149590e+00
7.195833333333332860e+01,1.660879429033021104e+00
7.197916666666665719e+01,1.866944759530103859e+00
7.200000000000000000e+01,1.590666023600266321e+00
7.202083333333332860e+01,9.045778939789279605e-01
7.204166666666665719e+01,7.869802962070400199e-01
7.206250000000000000e+01,6.509808018367690963e-01
7.208333333333332860e+01,7.454969861137872300e-02
7.210416666666665719e+01,-3.867747786978625868e-02
7.212500000000000000e+01,-1.036272117186616271e-01
7.214583333333332860e+01,-6.593908823587613099e-01
7.216666666666665719e+01,-7.675306605681004868e-01
7.218750000000000000e+01,-6.656477320958957833e-01
7.220833333333332860e+01,-1.032383013479274858e+00
7.222916666666665719e+01,-1.497842886302207077e+00
7.225000000000000000e+01,-1.240196640776501269e+00
7.227083333333332860e+01,-1.000350266745753558e+00
7.229166666666665719e+01,-1.390378659553900498e+00
7.231250000000000000e+01,-1.643426926862431969e+00
7.233333333333332860e+01,-1.234811989740949301e+00
7.235416666666665719e+01,-1.311413896000938717e+00
7.237500000000000000e+01,-1.632143498519194047e+00
7.239583333333332860e+01,-1.320923480352569346e+00
7.241666666666665719e+01,-8.114143918101994757e-01
7.243750000000000000e+01,-1.049576821872011401e+00
7.245833333333332860e+01,-1.594575199857346748e+00
7.247916666666665719e+01,-1.396615635248529275e+00
7.250000000000000000e+01,-7.332188818984453071e-01
7.252083333333332860e+01,-6.403382034494869979e-01
7.254166666666665719e+01,-9.312998121035356291e-01
7.256250000000000000e+01,-6.618322834064468418e-01
7.258333333333332860e+01,2.199911331086000510e-02
7.260416666666665719e+01,-9.338085517014239889e-02
7.262500000000000000e+01,-7.399089145193369355e-01
7.264583333333332860e+01,-5.819128248182366958e-01
7.266666666666665719e+01,1.133707421318752573e-01
7.268750000000000000e+01,1.903505200207361581e-02
7.270833333333332860e+01,-2.744549891273150299e-01
7.272916666666665719e+01,1.208940528612990062e-01
7.275000000000000000e+01,5.132406630116969071e-01
7.277083333333332860e+01,2.182386411856204467e-01
7.279166666666665719e+01,-1.247385392883202382e-01
7.281250000000000000e+01,2.311585824286244706e-01
7.283333333333332860e+01,6.127511546375585816e-01
7.285416666666665719e+01,3.144421906959917745e-01
7.287500000000000000e+01,-1.419683674452570932e-01
7.289583333333332860e+01,1.295598192077385413e-01
7.291666666666665719e+01,7.988442618146454066e-01
7.293750000000000000e+01,7.065579353342281710e-01
7.295833333333332860e+01,1.086127360280958465e-01
7.297916666666665719e+01,-1.927771707026558756e-01
7.300000000000000000e+01,1.594342750800622488e-01
7.302083333333332860e+01,2.253198456997683730e-01
7.304166666666665719e+01,-2.712952569731744701e-01
7.306250000000000000e+01,-1.010041931811188620e-01
7.308333333333332860e+01,4.285620498969666681e-01
7.310416666666665719e+01,2.184056125103620571e-01
7.312500000000000000e+01,-4.298632179343926385e-01
7.314583333333332860e+01,-2.621673563819637565e-01
7.316666666666665719e+01,3.882776166332557732e-01
7.318750000000000000e+01,2.382718515328455799e-01
7.320833333333332860e+01,-4.255839460093222559e-01
7.322916666666665719e+01,-2.640359795739127824e-01
7.325000000000000000e+01,2.771156478395209177e-02
7.327083333333332860e+01,-3.582583110861514708e-01
7.329166666666665719e+01,-4.341745710924270196e-01
7.331250000000000000e+01,1.340512366105490183e-01
7.333333333333332860e+01,2.476536925792144350e-02
7.335416666666665719e+01,-6.357881738523609716e-01
7.337500000000000000e+01,-4.983480742648169204e-01
7.339583333333332860e+01,2.027674407564953873e-01
7.341666666666665719e+01,6.446054777744736342e-02
7.343750000000000000e+01,-6.117454816825691477e-01
7.345833333333332860e+01,-4.867819753566522412e-01
7.347916666666665719e+01,1.932113394436363596e-01
7.350000000000000000e+01,4.445333441867602153e-02
7.352083333333332860e+01,-5.896574682795575617e-01
7.354166666666665719e+01,-4.346639037636763070e-01
7.356250000000000000e+01,2.387383537143373258e-01
7.358333333333332860e+01,1.162353308957821962e-01
7.360416666666665719e+01,-1.689048587125010492e-01
7.362500000000000000e+01,2.035519107877202805e-01
7.364583333333332860e+01,3.760397201369472531e-01
7.366666666666665719e+01,-1.040556580425481825e-01
7.368750000000000000e+01,3.475514702742976691e-02
7.370833333333332860e+01,6.893024993317624638e-01
7.372916666666665719e+01,5.617771983360636545e-01
7.375000000000000000e+01,-1.066435727476187645e-01
7.377083333333332860e+01,3.030067970488745099e-02
7.379166666666665719e+01,3.801872582737868544e-01
7.381250000000000000e+01,5.607990670334428440e-02
7.383333333333332860e+01,-3.673355951779981865e-01
7.385416666666665719e+01,-6.955914107687327652e-02
7.387500000000000000e+01,4.701719694913664149e-01
7.389583333333332860e+01,2.713486851087428819e-01
7.391666666666665719e+01,-3.960331931366867786e-01
7.393750000000000000e+01,-2.773241746001016694e-01
7.395833333333332860e+01,3.601435153094720842e-01
7.397916666666665719e+01,2.043818519601582340e-01
7.400000000000000000e+01,-4.804119308913042952e-01
7.402083333333332860e+01,-3.873243572117355260e-01
7.404166666666665719e+01,2.343104620568485785e-01
7.406250000000000000e+01,6.411237434505198673e-02
7.408333333333332860e+01,-5.737462745001172815e-01
7.410416666666665719e+01,-4.456978134416055282e-01
7.412500000000000000e+01,1.760446638857752211e-01
7.414583333333332860e+01,1.204183791125046366e-01
7.416666666666665719e+01,-2.532666888884119172e-01
7.418750000000000000e+01,3.123343482042018060e-03
7.420833333333332860e+01,5.083933238203299787e-01
7.422916666666665719e+01,2.635460023139872821e-01
7.425000000000000000e+01,-4.209898014423498758e-01
7.427083333333332860e+01,-3.271293433527040495e-01
7.429166666666665719e+01,2.929941116229953790e-01
7.431250000000000000e+01,1.290337526746899721e-01
7.433333333333332860e+01,-2.616492594677480854e-01
7.435416666666665719e+01,2.936371893911669806e-02
7.437500000000000000e+01,5.236357946942142849e-01
7.439583333333332860e+01,2.736186221180265665e-01
7.441666666666665719e+01,-4.094346594480885448e-01
7.443750000000000000e+01,-3.183537753446560314e-01
7.445833333333332860e+01,2.949218604200134486e-01
7.447916666666665719e+01,1.256221232787416986e-01
7.450000000000000000e+01,-2.851065946454721112e-01
7.452083333333332860e+01,-8.837859157883064254e-03
7.454166666666665719e+01,5.369246827777519604e-01
7.456250000000000000e+01,3.213224100226295121e-01
7.458333333333332860e+01,-3.608509725321693562e-01
7.460416666666665719e+01,-2.685753949116910233e-01
7.462500000000000000e+01,3.446213781829067235e-01
7.464583333333332860e+01,1.753803242559282272e-01
7.466666666666665719e+01,-5.080946962041814619e-01
7.468750000000000000e+01,-4.133437867245977060e-01
7.470833333333332860e+01,2.074453529617083791e-01
7.472916666666665719e+01,1.078116119765580028e-01
7.475000000000000000e+01,-2.735189811247971114e-01
7.477083333333332860e+01,-2.548854897952076981e-03
7.479166666666665719e+01,4.865913182336992771e-01
7.481250000000000000e+01,2.266147017042444700e-01
7.483333333333332860e+01,-4.658275781328182763e-01
7.485416666666665719e+01,-3.728564928919561039e-01
7.487500000000000000e+01,2.497406548197350640e-01
7.489583333333332860e+01,8.306099111827945636e-02
7.491666666666665719e+01,-2.262827626875252851e-01
7.493750000000000000e+01,1.226490255379351912e-01
7.495833333333332860e+01,2.973889266224883365e-01
7.497916666666665719e+01,-1.674603077893790093e-01
7.500000000000000000e+01,-6.240574424950821875e-02
7.502083333333332860e+01,5.277415218431679156e-01
7.504166666666665719e+01,3.387173689705114121e-01
7.506250000000000000e+01,-3.522497491326158636e-01
7.508333333333332860e+01,-2.491310669408734468e-01
7.510416666666665719e+01,3.634314120025435857e-01
7.512500000000000000e+01,1.911126719584525790e-01
7.514583333333332860e+01,-4.944525779572003787e-01
7.516666666666665719e+01,-3.843790885060436868e-01
7.518750000000000000e+01,2.265389488680367436e-01
7.520833333333332860e+01,5.984948862178348511e-02
7.522916666666665719e+01,-4.782127339102918429e-01
7.525000000000000000e+01,-2.689937821415883112e-01
7.527083333333332860e+01,3.506782534888440717e-01
7.529166666666665719e+01,1.785725558796175116e-01
7.531250000000000000e+01,-5.124596092165880634e-01
7.533333333333332860e+01,-4.134317687790561857e-01
7.535416666666665719e+01,2.003574964753445653e-01
7.537500000000000000e+01,2.764575683154969488e-01
7.539583333333332860e+01,-2.535470666426571928e-01
7.541666666666665719e+01,-1.565002779497881857e-01
7.543750000000000000e+01,4.612344561624789341e-01
7.545833333333332860e+01,3.000892459279910773e-01
7.547916666666665719e+01,-3.939488012225304536e-01
7.550000000000000000e+01,-3.074395914502031646e-01
7.552083333333332860e+01,3.092194814389577218e-01
7.554166666666665719e+01,3.500927243280463341e-01
7.556250000000000000e+01,-2.082408689194071572e-01
7.558333333333332860e+01,-1.123153585671139709e-01
7.560416666666665719e+01,5.134359084157668063e-01
7.562500000000000000e+01,3.608387524005464697e-01
7.564583333333332860e+01,-3.341411156859694920e-01
7.566666666666665719e+01,-2.467957757166938104e-01
7.568750000000000000e+01,3.683615331503902190e-01
7.570833333333332860e+01,2.087373376997132823e-01
7.572916666666665719e+01,-1.931459029830534246e-01
7.575000000000000000e+01,9.594206652669665103e-02
7.577083333333332860e+01,5.161741469101002178e-01
7.579166666666665719e+01,2.270595290966312407e-01
7.581250000000000000e+01,-4.543366682589889960e-01
7.583333333333332860e+01,-3.533761047526097765e-01
7.585416666666665719e+01,2.601289589711409111e-01
7.587500000000000000e+01,9.447528599868632027e-02
7.589583333333332860e+01,-2.558605428339202903e-01
7.591666666666665719e+01,7.354834180231827057e-02
7.593750000000000000e+01,3.303264813904807085e-01
7.595833333333332860e+01,-7.509565262920711581e-02
7.597916666666665719e+01,-1.416922467298317445e-01
7.600000000000000000e+01,3.720868758137843568e-01
7.602083333333332860e+01,2.099635234045360566e-01
7.604166666666665719e+01,-4.708991354744019864e-01
7.606250000000000000e+01,-3.706352222732831048e-01
7.608333333333332860e+01,2.525005134746443614e-01
7.610416666666665719e+01,8.186633809532578576e-02
7.612500000000000000e+01,-6.085124588477497376e-01
7.614583333333332860e+01,-5.158311456111633886e-01
7.616666666666665719e+01,1.032681498645947049e-01
7.618750000000000000e+01,1.931131245670254792e-01
7.620833333333332860e+01,-3.231248693704874553e-01
7.622916666666665719e+01,-2.290391844859673842e-01
7.625000000000000000e+01,3.940012212564460992e-01
7.627083333333332860e+01,2.341577478549905500e-01
7.629166666666665719e+01,-4.463158159593556551e-01
7.631250000000000000e+01,-3.469737506881767630e-01
7.633333333333332860e+01,2.743699653732548649e-01
7.635416666666665719e+01,2.175196462712820078e-01
7.637500000000000000e+01,-1.871073425505300480e-01
7.639583333333332860e+01,4.391507786848417028e-02
7.641666666666665719e+01,6.311942885349288712e-01
7.643750000000000000e+01,4.412648815297202098e-01
7.645833333333332860e+01,-2.396105833424397313e-01
7.647916666666665719e+01,-1.425942996759412829e-01
7.650000000000000000e+01,4.732429078640065789e-01
7.652083333333332860e+01,3.032745378320141905e-01
7.654166666666665719e+01,-3.829655317674093284e-01
7.656250000000000000e+01,-2.912298454132395409e-01
7.658333333333332860e+01,3.258688110616760891e-01
7.660416666666665719e+01,1.647778435590266655e-01
7.662500000000000000e+01,-5.126758136716681458e-01
7.664583333333332860e+01,-4.159770195637552126e-01
7.666666666666665719e+01,1.990652541927967201e-01
7.668750000000000000e+01,3.072268605126868279e-02
7.670833333333332860e+01,-2.623139828666753437e-01
7.672916666666665719e+01,8.675045516532141343e-02
7.675000000000000000e+01,2.338273696866718931e-01
7.677083333333332860e+01,-2.407821461912190153e-01
7.679166666666665719e+01,-1.333583898369708753e-01
7.681250000000000000e+01,4.784295258546766294e-01
7.683333333333332860e+01,3.041805726452652126e-01
7.685416666666665719e+01,-3.811101380559274165e-01
7.687500000000000000e+01,-2.713538800143058816e-01
7.689583333333332860e+01,3.396240659719657051e-01
7.691666666666665719e+01,1.618615979352338308e-01
7.693750000000000000e+01,-5.242945837215250426e-01
7.695833333333332860e+01,-4.150754236940632502e-01
7.697916666666665719e+01,1.965843597858432101e-01
7.700000000000000000e+01,1.681674753695073243e-01
7.702083333333332860e+01,-2.422544471804104482e-01
7.704166666666665719e+01,-1.884364438522020957e-02
7.706250000000000000e+01,5.894923431987262319e-01
7.708333333333332860e+01,4.153241027159783050e-01
7.710416666666665719e+01,-2.757737782656321524e-01
7.712500000000000000e+01,-1.652147515667828359e-01
7.714583333333332860e+01,4.781035216159363332e-01
7.716666666666665719e+01,3.020813012998559421e-01
7.718750000000000000e+01,-4.348205119928178486e-01
7.720833333333332860e+01,-3.336274022933845007e-01
7.722916666666665719e+01,3.287467097193324528e-01
7.725000000000000000e+01,1.626597472250687071e-01
7.727083333333332860e+01,-5.766141152182610030e-01
7.729166666666665719e+01,-4.845594673015127807e-01
7.731250000000000000e+01,1.744061050920640010e-01
7.733333333333332860e+01,1.048801725085888870e-01
7.735416666666665719e+01,-3.231259356422507834e-01
7.737500000000000000e+01,-7.604892226573278791e-02
7.739583333333332860e+01,5.759841009479764740e-01
7.741666666666665719e+01,4.273512927706319409e-01
7.743750000000000000e+01,-2.980451009340854274e-01
7.745833333333332860e+01,-2.030740260792544827e-01
7.747916666666665719e+01,4.551351601702979255e-01
7.750000000000000000e+01,3.217140570042417158e-01
7.752083333333332860e+01,-3.830037765465306165e-01
7.754166666666665719e+01,-2.656725228072776557e-01
7.756250000000000000e+01,3.931097142209791229e-01
7.758333333333332860e+01,2.700897946218875356e-01
7.760416666666665719e+01,-4.089376310456336872e-01
7.762500000000000000e+01,-2.667879280932252684e-01
7.764583333333332860e+01,3.984893720451883614e-01
7.766666666666665719e+01,2.732691637802053819e-01
7.768750000000000000e+01,-4.011949756567338432e-01
7.770833333333332860e+01,-2.577713783692389682e-01
7.772916666666665719e+01,4.030465363528562550e-01
7.775000000000000000e+01,2.759003253012843326e-01
7.777083333333332860e+01,-3.950116663559813945e-01
7.779166666666665719e+01,-2.581658314233377105e-01
7.781250000000000000e+01,3.716186839905775141e-01
7.783333333333332860e+01,2.272973603203658488e-01
7.785416666666665719e+01,-4.407169298991526762e-01
7.787500000000000000e+01,-2.929059259183399710e-01
7.789583333333332860e+01,3.622223448076649088e-01
7.791666666666665719e+01,2.292010896061771053e-01
7.793750000000000000e+01,-4.386865982336214942e-01
7.795833333333332860e+01,-2.912311637986350066e-01
7.797916666666665719e+01,3.213405152181953994e-01
7.800000000000000000e+01,1.645648421314942766e-01
7.802083333333332860e+01,-4.999012219875633711e-01
7.804166666666665719e+01,-3.526879697253365586e-01
7.806250000000000000e+01,3.003351829871637735e-01
7.808333333333332860e+01,1.717003409197511987e-01
7.810416666666665719e+01,-4.916585057738941389e-01
7.812500000000000000e+01,-3.512524746029756506e-01
7.814583333333332860e+01,2.967073414288043942e-01
7.816666666666665719e+01,1.683090731857450895e-01
7.818750000000000000e+01,-4.941861435902760724e-01
7.820833333333332860e+01,-3.484054900569904523e-01
7.822916666666665719e+01,3.028969926076239827e-01
7.825000000000000000e+01,1.761630628524717967e-01
7.827083333333332860e+01,-3.332308967171550007e-01
7.829166666666665719e+01,-8.778320727073435359e-02
7.831250000000000000e+01,5.628126601608889334e-01
7.833333333333332860e+01,4.370133711348929695e-01
7.835416666666665719e+01,-2.253069152371363071e-01
7.837500000000000000e+01,-8.460762147529471422e-02
7.839583333333332860e+01,5.646453307611916106e-01
7.841666666666665719e+01,4.401609032865562710e-01
7.843750000000000000e+01,-2.086830849625256334e-01
7.845833333333332860e+01,-1.936753472205651194e-01
7.847916666666665719e+01,-1.053811893642540853e-01
7.850000000000000000e+01,-4.920558709482666382e-01
7.852083333333332860e+01,-7.613972808138361748e-01
7.854166666666665719e+01,-4.854712216875530784e-01
7.856250000000000000e+01,-4.766985706813117174e-01
7.858333333333332860e+01,-8.939767268614244866e-01
7.860416666666665719e+01,-7.827735743776207400e-01
7.862500000000000000e+01,-3.640692642745784191e-01
7.864583333333332860e+01,-4.258361344783725411e-01
7.866666666666665719e+01,-5.929723624842913043e-01
7.868750000000000000e+01,-3.932522357022589787e-01
7.870833333333332860e+01,-2.266979852621378022e-01
7.872916666666665719e+01,-8.139840710653256650e-02
7.875000000000000000e+01,-1.527109354101745531e-01
7.877083333333332860e+01,-3.872710440578832625e-01
7.879166666666665719e+01,-3.403919086449458398e-01
7.881250000000000000e+01,1.537262538001828993e-01
7.883333333333332860e+01,6.730189271267850160e-01
7.885416666666665719e+01,6.926911235227297681e-01
7.887500000000000000e+01,4.562315377297387897e-02
7.889583333333332860e+01,-1.891370581481419677e-01
7.891666666666665719e+01,6.069107469596879412e-02
7.893750000000000000e+01,7.828306622749388044e-01
7.895833333333332860e+01,1.037860457542476578e+00
7.897916666666665719e+01,7.355401762198052751e-01
7.900000000000000000e+01,6.913224719160870890e-02
7.902083333333332860e+01,-2.944374322288827450e-01
7.904166666666665719e+01,-7.753763417867087782e-02
7.906250000000000000e+01,5.948573666718329767e-01
7.908333333333332860e+01,6.600714529874467384e-01
7.910416666666665719e+01,6.104006825991659113e-02
7.912500000000000000e+01,-3.752786125402374218e-01
7.914583333333332860e+01,-1.024696620460689989e-01
7.916666666666665719e+01,5.953674127693228124e-01
7.918750000000000000e+01,5.751931517782519210e-01
7.920833333333332860e+01,-1.006448986386160871e-01
7.922916666666665719e+01,-2.774187338489397248e-01
7.925000000000000000e+01,2.220479499301658000e-01
7.927083333333332860e+01,1.381252647444466408e-01
7.929166666666665719e+01,-5.299287736378470726e-01
7.931250000000000000e+01,-4.167917504923910332e-01
7.933333333333332860e+01,2.310827227635037229e-01
7.935416666666665719e+01,1.237551012252076088e-01
7.937500000000000000e+01,-2.840125804178191826e-01
7.939583333333332860e+01,-6.892556457194443098e-03
7.941666666666665719e+01,5.972571820546122012e-01
7.943750000000000000e+01,4.649234176433913457e-01
7.945833333333332860e+01,-1.847218589450446702e-01
7.947916666666665719e+01,-5.389891441955985130e-02
7.950000000000000000e+01,4.865470843468637785e-01
7.952083333333332860e+01,3.103652025440994944e-01
7.954166666666665719e+01,-3.503918946819928326e-01
7.956250000000000000e+01,-2.335042917916916316e-01
7.958333333333332860e+01,4.325590785552726469e-01
7.960416666666665719e+01,3.523680055312099491e-01
7.962500000000000000e+01,-2.890689310008407453e-01
7.964583333333332860e+01,-1.790345861677107298e-01
7.966666666666665719e+01,4.650558772683425768e-01
7.968750000000000000e+01,3.878056537716568775e-01
7.970833333333332860e+01,-2.355775155210425575e-01
7.972916666666665719e+01,-3.306859020603485355e-01
7.975000000000000000e+01,2.399306533684189002e-01
7.977083333333332860e+01,1.689044925942287945e-01
7.979166666666665719e+01,-1.831901608121404845e-01
7.981250000000000000e+01,1.129870073793653035e-01
7.983333333333332860e+01,7.192192534321362185e-01
7.985416666666665719e+01,5.898681194284427498e-01
7.987500000000000000e+01,3.185629749615981887e-01
7.989583333333332860e+01,7.183709620304441490e-01
7.991666666666665719e+01,7.760844271185310950e-01
7.993750000000000000e+01,2.158316904829217231e-01
7.995833333333332860e+01,4.146536876457040943e-01
7.997916666666665719e+01,1.202868171613068027e+00
8.000000000000000000e+01,1.071105717985989969e+00
8.002083333333332860e+01,2.643575616379729709e-01
8.004166666666665719e+01,1.255260036821717051e-01
8.006250000000000000e+01,5.893787110712165322e-01
8.008333333333332860e+01,3.282878616388296145e-01
8.010416666666665719e+01,-4.481999131008413961e-01
8.012500000000000000e+01,-3.209627524084308625e-01
8.014583333333332860e+01,4.958895978785657910e-01
8.016666666666665719e+01,5.453339066963525106e-01
8.018750000000000000e+01,-1.943771675288408218e-01
8.020833333333332860e+01,-1.086144430296245744e+00
8.022916666666665719e+01,-9.377924290291483889e-01
8.025000000000000000e+01,-5.249997882016699258e-02
8.027083333333332860e+01,-1.249131946874149079e-02
8.029166666666665719e+01,-7.953834353203037555e-01
8.031250000000000000e+01,-9.655981776477458034e-01
8.033333333333332860e+01,-3.203529443650481312e-01
8.035416666666665719e+01,2.570514394554461735e-01
8.037500000000000000e+01,7.231909844998751780e-02
8.039583333333332860e+01,-6.375856508570172387e-01
8.041666666666665719e+01,-6.612165600439618984e-01
8.043750000000000000e+01,4.706110498959403809e-02
8.045833333333332860e+01,8.675946126825329063e-02
8.047916666666665719e+01,-5.584241235785648572e-01
8.050000000000000000e+01,-4.998766917382507224e-01
8.052083333333332860e+01,1.993157957191252216e-01
8.054166666666665719e+01,1.652540322864421984e-01
8.056250000000000000e+01,-4.525714967680710688e-01
8.058333333333332860e+01,-3.421162675985278678e-01
8.060416666666665719e+01,3.314784359826856708e-01
8.062500000000000000e+01,2.396612498618165277e-01
8.064583333333332860e+01,-3.773342014689373691e-01
8.066666666666665719e+01,-2.372494461637016938e-01
8.068750000000000000e+01,2.047452727842427600e-01
8.070833333333332860e+01,-6.725835206402697164e-02
8.072916666666665719e+01,-6.146488746345799559e-01
8.075000000000000000e+01,-4.317907983590338894e-01
8.077083333333332860e+01,2.185756948897992213e-01
8.079166666666665719e+01,8.117392088008643092e-02
8.081250000000000000e+01,-4.742654333463516281e-01
8.083333333333332860e+01,-2.949406656117883330e-01
8.085416666666665719e+01,3.571505656194315925e-01
8.087500000000000000e+01,2.148566356097408869e-01
8.089583333333332860e+01,-3.867006004822339804e-01
8.091666666666665719e+01,-2.361079911548143451e-01
8.093750000000000000e+01,4.207024432653448387e-01
8.095833333333332860e+01,2.864180805241618444e-01
8.097916666666665719e+01,-2.790176981505079201e-01
8.100000000000000000e+01,-1.153933950221747717e-01
8.102083333333332860e+01,5.424681918614170373e-01
8.104166666666665719e+01,4.224120900321407523e-01
8.106250000000000000e+01,-2.257259303452026078e-01
