0.000000000000000000e+00,0.000000000000000000e+00
2.083333333333333218e-02,1.710534018468640716e+04
4.166666666666666435e-02,1.623603881418281162e+04
6.250000000000000000e-02,1.563688860991780530e+04
8.333333333333332871e-02,1.522956833174433268e+04
1.041666666666666574e-01,1.495569149363293400e+04
1.250000000000000000e-01,1.477317943678644951e+04
1.458333333333333148e-01,1.465248906090563469e+04
1.666666666666666574e-01,1.457327386164381460e+04
1.875000000000000000e-01,1.452170799444204022e+04
2.083333333333333148e-01,1.448848563790825938e+04
2.291666666666666574e-01,1.446738480298423383e+04
2.500000000000000000e-01,1.445426445849080119e+04
2.708333333333333148e-01,1.444637746610664908e+04
2.916666666666666297e-01,1.444190575744818489e+04
3.125000000000000000e-01,1.443964846363192919e+04
3.333333333333333148e-01,1.443881381009555480e+04
3.541666666666666297e-01,1.443888075340733485e+04
3.750000000000000000e-01,1.443950720765084407e+04
3.958333333333333148e-01,1.444046926983647791e+04
4.166666666666666297e-01,1.444162101691709540e+04
4.375000000000000000e-01,1.444286793102015508e+04
4.583333333333333148e-01,1.444414934279636873e+04
4.791666666666666297e-01,1.444542683777182174e+04
5.000000000000000000e-01,1.444667660358894864e+04
5.208333333333332593e-01,1.444788438082900393e+04
5.416666666666666297e-01,1.444904213347088080e+04
5.625000000000000000e-01,1.445014585491361504e+04
5.833333333333332593e-01,1.445119412372266379e+04
6.041666666666666297e-01,1.445218715425367918e+04
6.250000000000000000e-01,1.445312617384827172e+04
6.458333333333332593e-01,1.445401301545954630e+04
6.666666666666666297e-01,1.445484985232039980e+04
6.875000000000000000e-01,1.445563902620190856e+04
7.083333333333332593e-01,1.445638293727578275e+04
7.291666666666666297e-01,1.445708397446887102e+04
7.500000000000000000e-01,1.445774447237846834e+04
7.708333333333332593e-01,1.445836668555844881e+04
7.916666666666666297e-01,1.445895277411713687e+04
8.125000000000000000e-01,1.445950479663475926e+04
8.333333333333332593e-01,1.446002470777272902e+04
8.541666666666666297e-01,1.446051435884778766e+04
8.750000000000000000e-01,1.446097550023821532e+04
8.958333333333332593e-01,1.446140978488144538e+04
9.166666666666666297e-01,1.446181877238082598e+04
9.375000000000000000e-01,1.446220393340960072e+04
9.583333333333332593e-01,1.446256665421225625e+04
9.791666666666666297e-01,1.446290824107708613e+04
1.000000000000000000e+00,1.446322992470202371e+04
1.020833333333333259e+00,1.446353286440751617e+04
1.041666666666666519e+00,1.446381815217067196e+04
1.062500000000000000e+00,1.446408681646821060e+04
1.083333333333333259e+00,1.446433982592432585e+04
1.104166666666666519e+00,1.446457809276485932e+04
1.125000000000000000e+00,1.446480247608252466e+04
1.145833333333333259e+00,1.446501378491992000e+04
1.166666666666666519e+00,1.446521278117803740e+04
1.187500000000000000e+00,1.446540018235871321e+04
1.208333333333333259e+00,1.446557666414928826e+04
1.229166666666666519e+00,1.446574286285811104e+04
1.250000000000000000e+00,1.446589937770883625e+04
1.270833333333333259e+00,1.446604677300156982e+04
1.291666666666666519e+00,1.446618558014833980e+04
1.312500000000000000e+00,1.446631629959010024e+04
1.333333333333333259e+00,1.446643940260205636e+04
1.354166666666666519e+00,1.446655533299381932e+04
1.375000000000000000e+00,1.446666450871045527e+04
1.395833333333333259e+00,1.446676732334019107e+04
1.416666666666666519e+00,1.446686414753420831e+04
1.437500000000000000e+00,1.446695533034366599e+04
1.458333333333333259e+00,1.446704120047874312e+04
1.479166666666666519e+00,1.446712206749428515e+04
1.500000000000000000e+00,1.446719822290628872e+04
1.520833333333333259e+00,1.446726994124331031e+04
1.541666666666666519e+00,1.446733748103658218e+04
1.562500000000000000e+00,1.446740108575233171e+04
1.583333333333333259e+00,1.446746098466985131e+04
1.604166666666666519e+00,1.446751739370826544e+04
1.625000000000000000e+00,1.446757051620518905e+04
1.645833333333333259e+00,1.446762054364992946e+04
1.666666666666666519e+00,1.446766765637398203e+04
1.687500000000000000e+00,1.446771202420127156e+04
1.708333333333333259e+00,1.446775380706046417e+04
1.729166666666666519e+00,1.446779315556163056e+04
1.750000000000000000e+00,1.446783021153925438e+04
1.770833333333333259e+00,1.446786510856362656e+04
1.791666666666666519e+00,1.446789797242240093e+04
1.812500000000000000e+00,1.446792892157411552e+04
1.833333333333333259e+00,1.446795806757526589e+04
1.854166666666666519e+00,1.446798551548246905e+04
1.875000000000000000e+00,1.446801136423122807e+04
1.895833333333333259e+00,1.446803570699259944e+04
1.916666666666666519e+00,1.446805863150908044e+04
1.937500000000000000e+00,1.446808022041091317e+04
1.958333333333333259e+00,1.446810055151398410e+04
1.979166666666666519e+00,1.446811969810030860e+04
2.000000000000000000e+00,1.446813772918224277e+04
2.020833333333333037e+00,1.446815470975123753e+04
2.041666666666666519e+00,1.446817070101213176e+04
2.062500000000000000e+00,1.446818576060378473e+04
2.083333333333333037e+00,1.446819994280684114e+04
2.104166666666666519e+00,1.446821329873939249e+04
2.125000000000000000e+00,1.446822587654126619e+04
2.145833333333333037e+00,1.446823772154753897e+04
2.166666666666666519e+00,1.446824887645195486e+04
2.187500000000000000e+00,1.446825938146080807e+04
2.208333333333333037e+00,1.446826927443790191e+04
2.229166666666666519e+00,1.446827859104100935e+04
2.250000000000000000e+00,1.446828736485040281e+04
2.270833333333333037e+00,1.446829562748989338e+04
2.291666666666666519e+00,1.446830340874086323e+04
2.312500000000000000e+00,1.446831073664954965e+04
2.333333333333333037e+00,1.446831763762816990e+04
2.354166666666666519e+00,1.446832413655013443e+04
2.375000000000000000e+00,1.446833025683968299e+04
2.395833333333333037e+00,1.446833602055631854e+04
2.416666666666666519e+00,1.446834144847433345e+04
2.437500000000000000e+00,1.446834656015767541e+04
2.458333333333333037e+00,1.446835137403047338e+04
2.479166666666666519e+00,1.446835590744344154e+04
2.500000000000000000e+00,1.446836017673641254e+04
2.520833333333333037e+00,1.446836419729725458e+04
2.541666666666666519e+00,1.446836798361731053e+04
2.562500000000000000e+00,1.446837154934363571e+04
2.583333333333333037e+00,1.446837490732820879e+04
2.604166666666666519e+00,1.446837806967422875e+04
2.625000000000000000e+00,1.446838104777974513e+04
2.645833333333333037e+00,1.446838385237875264e+04
2.666666666666666519e+00,1.446838649357987742e+04
2.687500000000000000e+00,1.446838898090279690e+04
2.708333333333333037e+00,1.446839132331256405e+04
2.729166666666666519e+00,1.446839352925192361e+04
2.750000000000000000e+00,1.446839560667174374e+04
2.770833333333333037e+00,1.446839756305965784e+04
2.791666666666666519e+00,1.446839940546707294e+04
2.812500000000000000e+00,1.446840114053456273e+04
2.833333333333333037e+00,1.446840277451582733e+04
2.854166666666666519e+00,1.446840431330021602e+04
2.875000000000000000e+00,1.446840576243396208e+04
2.895833333333333037e+00,1.446840712714016991e+04
2.916666666666666519e+00,1.446840841233764149e+04
2.937500000000000000e+00,1.446840962265860799e+04
2.958333333333333037e+00,1.446841076246542070e+04
2.979166666666666519e+00,1.446841183586627812e+04
3.000000000000000000e+00,1.446841284673003247e+04
3.020833333333333037e+00,1.446841379870013043e+04
3.041666666666666519e+00,1.446841469520776081e+04
3.062500000000000000e+00,1.446841553948419096e+04
3.083333333333333037e+00,1.446841633457244825e+04
3.104166666666666519e+00,1.446841708333824863e+04
3.125000000000000000e+00,1.446841778848037939e+04
3.145833333333333037e+00,1.446841845254037253e+04
3.166666666666666519e+00,1.446841907791169433e+04
3.187500000000000000e+00,1.446841966684837098e+04
3.208333333333333037e+00,1.446842022147310490e+04
3.229166666666666519e+00,1.446842074378493271e+04
3.250000000000000000e+00,1.446842123566642476e+04
3.270833333333333037e+00,1.446842169889046636e+04
3.291666666666666519e+00,1.446842213512666058e+04
3.312500000000000000e+00,1.446842254594733822e+04
3.333333333333333037e+00,1.446842293283321851e+04
3.354166666666666519e+00,1.446842329717876055e+04
3.375000000000000000e+00,1.446842364029717282e+04
3.395833333333333037e+00,1.446842396342516804e+04
3.416666666666666519e+00,1.446842426772739418e+04
3.437500000000000000e+00,1.446842455430065456e+04
3.458333333333333037e+00,1.446842482417784777e+04
3.479166666666666519e+00,1.446842507833169657e+04
3.500000000000000000e+00,1.446842531767825130e+04
3.520833333333333037e+00,1.446842554308019680e+04
3.541666666666666519e+00,1.446842575534994830e+04
3.562500000000000000e+00,1.446842595525259821e+04
3.583333333333333037e+00,1.446842614350866279e+04
3.604166666666666519e+00,1.446842632079667601e+04
3.625000000000000000e+00,1.446842648775564885e+04
3.645833333333333037e+00,1.446842664498734302e+04
3.666666666666666519e+00,1.446842679305849015e+04
3.687500000000000000e+00,1.446842693250278171e+04
3.708333333333333037e+00,1.446842706382282631e+04
3.729166666666666519e+00,1.446842718749194319e+04
3.750000000000000000e+00,1.446842730395588660e+04
3.770833333333333037e+00,1.446842741363442838e+04
3.791666666666666519e+00,1.446842751692288584e+04
3.812500000000000000e+00,1.446842761419355884e+04
3.833333333333333037e+00,1.446842770579703938e+04
3.854166666666666519e+00,1.446842779206350315e+04
3.875000000000000000e+00,1.446842787330389183e+04
3.895833333333333037e+00,1.446842794981102634e+04
3.916666666666666519e+00,1.446842802186066183e+04
3.937500000000000000e+00,1.446842808971250270e+04
3.958333333333333037e+00,1.446842815361111207e+04
3.979166666666666519e+00,1.446842821378680310e+04
4.000000000000000000e+00,1.446842827045649028e+04
4.020833333333333037e+00,1.446842832382440974e+04
4.041666666666666075e+00,1.446842837408294508e+04
4.062500000000000000e+00,1.446842842141324581e+04
4.083333333333333037e+00,1.446842846598591495e+04
4.104166666666666075e+00,1.446842850796159837e+04
4.125000000000000000e+00,1.446842854749162507e+04
4.145833333333333037e+00,1.446842858471845102e+04
4.166666666666666075e+00,1.446842861977628854e+04
4.187500000000000000e+00,1.446842865279148100e+04
4.208333333333333037e+00,1.446842868388305214e+04
4.229166666666666075e+00,1.446842871316306628e+04
4.250000000000000000e+00,1.446842874073706116e+04
4.270833333333333037e+00,1.446842876670444093e+04
4.291666666666666075e+00,1.446842879115879623e+04
4.312500000000000000e+00,1.446842881418828620e+04
4.333333333333333037e+00,1.446842883587592223e+04
4.354166666666666075e+00,1.446842885629987722e+04
4.375000000000000000e+00,1.446842887553377659e+04
4.395833333333333037e+00,1.446842889364695657e+04
4.416666666666666075e+00,1.446842891070470432e+04
4.437500000000000000e+00,1.446842892676851625e+04
4.458333333333333037e+00,1.446842894189630169e+04
4.479166666666666075e+00,1.446842895614258669e+04
4.500000000000000000e+00,1.446842896955872857e+04
4.520833333333333037e+00,1.446842898219310155e+04
4.541666666666666075e+00,1.446842899409124220e+04
4.562500000000000000e+00,1.446842900529604231e+04
4.583333333333333037e+00,1.446842901584790889e+04
4.604166666666666075e+00,1.446842902578487337e+04
4.625000000000000000e+00,1.446842903514275895e+04
4.645833333333333037e+00,1.446842904395530786e+04
4.666666666666666075e+00,1.446842905225428694e+04
4.687500000000000000e+00,1.446842906006962221e+04
4.708333333333333037e+00,1.446842906742948981e+04
4.729166666666666075e+00,1.446842907436042515e+04
4.750000000000000000e+00,1.446842908088741751e+04
4.770833333333333037e+00,1.446842908703400099e+04
4.791666666666666075e+00,1.446842909282233450e+04
4.812500000000000000e+00,1.446842909827330368e+04
4.833333333333333037e+00,1.446842910340654635e+04
4.854166666666666075e+00,1.446842910824058708e+04
4.875000000000000000e+00,1.446842911279284817e+04
4.895833333333333037e+00,1.446842911707975145e+04
4.916666666666666075e+00,1.446842912111675469e+04
4.937500000000000000e+00,1.446842912491842071e+04
4.958333333333333037e+00,1.446842912849846107e+04
4.979166666666666075e+00,1.446842913186977967e+04
5.000000000000000000e+00,1.446842913504454191e+04
5.020833333333333037e+00,1.446842913803420379e+04
5.041666666666666075e+00,1.446842914084954100e+04
5.062500000000000000e+00,1.446842914350072169e+04
5.083333333333333037e+00,1.446842914599729556e+04
5.104166666666666075e+00,1.446842914834827752e+04
5.125000000000000000e+00,1.446842915056215134e+04
5.145833333333333037e+00,1.446842915264690600e+04
5.166666666666666075e+00,1.446842915461005759e+04
5.187500000000000000e+00,1.446842915645869289e+04
5.208333333333333037e+00,1.446842915819949121e+04
5.229166666666666075e+00,1.446842915983872808e+04
5.250000000000000000e+00,1.446842916138232249e+04
5.270833333333333037e+00,1.446842916283584418e+04
5.291666666666666075e+00,1.446842916420454640e+04
5.312500000000000000e+00,1.446842916549336587e+04
5.333333333333333037e+00,1.446842916670696286e+04
5.354166666666666075e+00,1.446842916784971021e+04
5.375000000000000000e+00,1.446842916892574794e+04
5.395833333333333037e+00,1.446842916993895051e+04
5.416666666666666075e+00,1.446842917089298498e+04
5.437500000000000000e+00,1.446842917179130018e+04
5.458333333333333037e+00,1.446842917263713753e+04
5.479166666666666075e+00,1.446842917343356385e+04
5.500000000000000000e+00,1.446842917418344223e+04
5.520833333333333037e+00,1.446842917488950116e+04
5.541666666666666075e+00,1.446842917555428721e+04
5.562500000000000000e+00,1.446842917618020147e+04
5.583333333333333037e+00,1.446842917676951038e+04
5.604166666666666075e+00,1.446842917732435308e+04
5.625000000000000000e+00,1.446842917784672682e+04
5.645833333333333037e+00,1.446842917833853426e+04
5.666666666666666075e+00,1.446842917880155073e+04
5.687500000000000000e+00,1.446842917923744972e+04
5.708333333333333037e+00,1.446842917964782100e+04
5.729166666666666075e+00,1.446842918003414525e+04
5.750000000000000000e+00,1.446842918039782307e+04
5.770833333333333037e+00,1.446842918074017871e+04
5.791666666666666075e+00,1.446842918106244906e+04
5.812500000000000000e+00,1.446842918136580920e+04
5.833333333333333037e+00,1.446842918165135779e+04
5.854166666666666075e+00,1.446842918192013894e+04
5.875000000000000000e+00,1.446842918217311671e+04
5.895833333333333037e+00,1.446842918241122243e+04
5.916666666666666075e+00,1.446842918263532192e+04
5.937500000000000000e+00,1.446842918284623011e+04
5.958333333333333037e+00,1.446842918304471095e+04
5.979166666666666075e+00,1.446842918323149570e+04
6.000000000000000000e+00,1.446842918340726101e+04
6.020833333333333037e+00,1.446842918357265080e+04
6.041666666666666075e+00,1.446842918372826898e+04
6.062500000000000000e+00,1.446842918387468671e+04
6.083333333333333037e+00,1.446842918401243878e+04
6.104166666666666075e+00,1.446842918414203086e+04
6.125000000000000000e+00,1.446842918426393589e+04
6.145833333333333037e+00,1.446842918437860862e+04
6.166666666666666075e+00,1.446842918448646014e+04
6.187500000000000000e+00,1.446842918458789791e+04
6.208333333333333037e+00,1.446842918468328935e+04
6.229166666666666075e+00,1.446842918477298736e+04
6.250000000000000000e+00,1.446842918485732662e+04
6.270833333333333037e+00,1.446842918493662000e+04
6.291666666666666075e+00,1.446842918501116219e+04
6.312500000000000000e+00,1.446842918508121875e+04
6.333333333333333037e+00,1.446842918514706616e+04
6.354166666666666075e+00,1.446842918520894455e+04
6.375000000000000000e+00,1.446842918526708308e+04
6.395833333333333037e+00,1.446842918532170006e+04
6.416666666666666075e+00,1.446842918537300284e+04
6.437500000000000000e+00,1.446842918542118423e+04
6.458333333333333037e+00,1.446842918546642250e+04
6.479166666666666075e+00,1.446842918550889226e+04
6.500000000000000000e+00,1.446842918554875723e+04
6.520833333333333037e+00,1.446842918558616657e+04
6.541666666666666075e+00,1.446842918562126579e+04
6.562500000000000000e+00,1.446842918565418222e+04
6.583333333333333037e+00,1.446842918568505411e+04
6.604166666666666075e+00,1.446842918571399059e+04
6.625000000000000000e+00,1.446842918574110809e+04
6.645833333333333037e+00,1.446842918576651937e+04
6.666666666666666075e+00,1.446842918579031539e+04
6.687500000000000000e+00,1.446842918581259437e+04
6.708333333333333037e+00,1.446842918583344363e+04
6.729166666666666075e+00,1.446842918585294319e+04
6.750000000000000000e+00,1.446842918587118038e+04
6.770833333333333037e+00,1.446842918588821703e+04
6.791666666666666075e+00,1.446842918590413683e+04
6.812500000000000000e+00,1.446842918591899797e+04
6.833333333333333037e+00,1.446842918593285503e+04
6.854166666666666075e+00,1.446842918594577714e+04
6.875000000000000000e+00,1.446842918595781885e+04
6.895833333333333037e+00,1.446842918596902746e+04
6.916666666666666075e+00,1.446842918597945027e+04
6.937500000000000000e+00,1.446842918598913457e+04
6.958333333333333037e+00,1.446842918599812765e+04
6.979166666666666075e+00,1.446842918600645862e+04
7.000000000000000000e+00,1.446842918601418205e+04
7.020833333333333037e+00,1.446842918602131977e+04
7.041666666666666075e+00,1.446842918602791906e+04
7.062500000000000000e+00,1.446842918603400540e+04
7.083333333333333037e+00,1.446842918603959697e+04
7.104166666666666075e+00,1.446842918604473743e+04
7.125000000000000000e+00,1.446842918604944862e+04
7.145833333333333037e+00,1.446842918605375962e+04
7.166666666666666075e+00,1.446842918605768864e+04
7.187500000000000000e+00,1.446842918606126113e+04
7.208333333333333037e+00,1.446842918606449166e+04
7.229166666666666075e+00,1.446842918606740568e+04
7.250000000000000000e+00,1.446842918607002503e+04
7.270833333333333037e+00,1.446842918607236425e+04
7.291666666666666075e+00,1.446842918607443062e+04
7.312500000000000000e+00,1.446842918607624961e+04
7.333333333333333037e+00,1.446842918607783940e+04
7.354166666666666075e+00,1.446842918607920728e+04
7.375000000000000000e+00,1.446842918608036416e+04
7.395833333333333037e+00,1.446842918608132823e+04
7.416666666666666075e+00,1.446842918608210675e+04
7.437500000000000000e+00,1.446842918608271430e+04
7.458333333333333037e+00,1.446842918608316177e+04
7.479166666666666075e+00,1.446842918608344553e+04
7.500000000000000000e+00,1.446842918608359105e+04
7.520833333333333037e+00,1.446842918608359832e+04
7.541666666666666075e+00,1.446842918608348191e+04
7.562500000000000000e+00,1.446842918608324180e+04
7.583333333333333037e+00,1.446842918608289256e+04
7.604166666666666075e+00,1.446842918608243053e+04
7.625000000000000000e+00,1.446842918608187028e+04
7.645833333333333037e+00,1.446842918608121909e+04
7.666666666666666075e+00,1.446842918608047694e+04
7.687500000000000000e+00,1.446842918607965112e+04
7.708333333333333037e+00,1.446842918607874890e+04
7.729166666666666075e+00,1.446842918607777028e+04
7.750000000000000000e+00,1.446842918607672618e+04
7.770833333333333037e+00,1.446842918607561296e+04
7.791666666666666075e+00,1.446842918607443789e+04
7.812500000000000000e+00,1.446842918607320826e+04
7.833333333333333037e+00,1.446842918607192405e+04
7.854166666666666075e+00,1.446842918607058891e+04
7.875000000000000000e+00,1.446842918606920648e+04
7.895833333333333037e+00,1.446842918606777675e+04
7.916666666666666075e+00,1.446842918606630701e+04
7.937500000000000000e+00,1.446842918606479361e+04
7.958333333333333037e+00,1.446842918606324747e+04
7.979166666666666075e+00,1.446842918606167223e+04
8.000000000000000000e+00,1.446842918606004969e+04
8.020833333333332149e+00,1.446842918605840532e+04
8.041666666666666075e+00,1.446842918605673549e+04
8.062500000000000000e+00,1.446842918605502928e+04
8.083333333333332149e+00,1.446842918605329760e+04
8.104166666666666075e+00,1.446842918605155137e+04
8.125000000000000000e+00,1.446842918604977604e+04
8.145833333333332149e+00,1.446842918604798251e+04
8.166666666666666075e+00,1.446842918604616716e+04
8.187500000000000000e+00,1.446842918604433726e+04
8.208333333333332149e+00,1.446842918604248553e+04
8.229166666666666075e+00,1.446842918604062288e+04
8.250000000000000000e+00,1.446842918603873841e+04
8.270833333333332149e+00,1.446842918603684666e+04
8.291666666666666075e+00,1.446842918603494036e+04
8.312500000000000000e+00,1.446842918603301950e+04
8.333333333333332149e+00,1.446842918603108774e+04
8.354166666666666075e+00,1.446842918602914142e+04
8.375000000000000000e+00,1.446842918602719510e+04
8.395833333333332149e+00,1.446842918602523059e+04
8.416666666666666075e+00,1.446842918602326245e+04
8.437500000000000000e+00,1.446842918602128339e+04
8.458333333333332149e+00,1.446842918601930069e+04
8.479166666666666075e+00,1.446842918601730344e+04
8.500000000000000000e+00,1.446842918601530619e+04
8.520833333333332149e+00,1.446842918601330166e+04
8.541666666666666075e+00,1.446842918601129350e+04
8.562500000000000000e+00,1.446842918600927806e+04
8.583333333333332149e+00,1.446842918600726262e+04
8.604166666666666075e+00,1.446842918600523262e+04
8.625000000000000000e+00,1.446842918600320627e+04
8.645833333333332149e+00,1.446842918600116900e+04
8.666666666666666075e+00,1.446842918599913901e+04
8.687500000000000000e+00,1.446842918599710174e+04
8.708333333333332149e+00,1.446842918599506083e+04
8.729166666666666075e+00,1.446842918599301629e+04
8.750000000000000000e+00,1.446842918599097175e+04
8.770833333333332149e+00,1.446842918598892356e+04
8.791666666666666075e+00,1.446842918598687538e+04
8.812500000000000000e+00,1.446842918598482720e+04
8.833333333333332149e+00,1.446842918598277538e+04
8.854166666666666075e+00,1.446842918598072356e+04
8.875000000000000000e+00,1.446842918597866810e+04
8.895833333333332149e+00,1.446842918597661264e+04
8.916666666666666075e+00,1.446842918597455719e+04
8.937500000000000000e+00,1.446842918597250173e+04
8.958333333333332149e+00,1.446842918597044263e+04
8.979166666666666075e+00,1.446842918596838717e+04
9.000000000000000000e+00,1.446842918596632808e+04
9.020833333333332149e+00,1.446842918596427262e+04
9.041666666666666075e+00,1.446842918596221716e+04
9.062500000000000000e+00,1.446842918596015807e+04
9.083333333333332149e+00,1.446842918595810261e+04
9.104166666666666075e+00,1.446842918595604715e+04
9.125000000000000000e+00,1.446842918595399169e+04
9.145833333333332149e+00,1.446842918595193623e+04
9.166666666666666075e+00,1.446842918594988078e+04
9.187500000000000000e+00,1.446842918594782532e+04
9.208333333333332149e+00,1.446842918594576986e+04
9.229166666666666075e+00,1.446842918594371804e+04
9.250000000000000000e+00,1.446842918594166622e+04
9.270833333333332149e+00,1.446842918593961440e+04
9.291666666666666075e+00,1.446842918593756622e+04
9.312500000000000000e+00,1.446842918593551440e+04
9.333333333333332149e+00,1.446842918593346621e+04
9.354166666666666075e+00,1.446842918593142167e+04
9.375000000000000000e+00,1.446842918592937349e+04
9.395833333333332149e+00,1.446842918592733258e+04
9.416666666666666075e+00,1.446842918592528804e+04
9.437500000000000000e+00,1.446842918592324349e+04
9.458333333333332149e+00,1.446842918592120259e+04
9.479166666666666075e+00,1.446842918591916532e+04
9.500000000000000000e+00,1.446842918591711714e+04
9.520833333333332149e+00,1.446842918591508351e+04
9.541666666666666075e+00,1.446842918591304624e+04
9.562500000000000000e+00,1.446842918591101261e+04
9.583333333333332149e+00,1.446842918590897898e+04
9.604166666666666075e+00,1.446842918590694899e+04
9.625000000000000000e+00,1.446842918590491536e+04
9.645833333333332149e+00,1.446842918590288537e+04
9.666666666666666075e+00,1.446842918590085901e+04
9.687500000000000000e+00,1.446842918589883266e+04
9.708333333333332149e+00,1.446842918589680630e+04
9.729166666666666075e+00,1.446842918589478359e+04
9.750000000000000000e+00,1.446842918589276087e+04
9.770833333333332149e+00,1.446842918589074179e+04
9.791666666666666075e+00,1.446842918588872635e+04
9.812500000000000000e+00,1.446842918588670364e+04
9.833333333333332149e+00,1.446842918588468820e+04
9.854166666666666075e+00,1.446842918588267275e+04
9.875000000000000000e+00,1.446842918588066095e+04
9.895833333333332149e+00,1.446842918587864915e+04
9.916666666666666075e+00,1.446842918587664099e+04
9.937500000000000000e+00,1.446842918587463282e+04
9.958333333333332149e+00,1.446842918587262466e+04
9.979166666666666075e+00,1.446842918587062013e+04
1.000000000000000000e+01,1.446842918586861560e+04
1.002083333333333215e+01,1.446842918586661472e+04
1.004166666666666607e+01,1.446842918586461383e+04
1.006250000000000000e+01,1.446842918586261658e+04
1.008333333333333215e+01,1.446842918586061569e+04
1.010416666666666607e+01,1.446842918585862208e+04
1.012500000000000000e+01,1.446842918585662846e+04
1.014583333333333215e+01,1.446842918585463485e+04
1.016666666666666607e+01,1.446842918585264488e+04
1.018750000000000000e+01,1.446842918585065490e+04
1.020833333333333215e+01,1.446842918584867220e+04
1.022916666666666607e+01,1.446842918584668587e+04
1.025000000000000000e+01,1.446842918584469589e+04
1.027083333333333215e+01,1.446842918584271683e+04
1.029166666666666607e+01,1.446842918584073777e+04
1.031250000000000000e+01,1.446842918583875871e+04
1.033333333333333215e+01,1.446842918583677965e+04
1.035416666666666607e+01,1.446842918583480059e+04
1.037500000000000000e+01,1.446842918583282881e+04
1.039583333333333215e+01,1.446842918583085702e+04
1.041666666666666607e+01,1.446842918582888524e+04
1.043750000000000000e+01,1.446842918582691345e+04
1.045833333333333215e+01,1.446842918582494895e+04
1.047916666666666607e+01,1.446842918582298080e+04
1.050000000000000000e+01,1.446842918582101629e+04
1.052083333333333215e+01,1.446842918581905542e+04
1.054166666666666607e+01,1.446842918581709091e+04
1.056250000000000000e+01,1.446842918581513368e+04
1.058333333333333215e+01,1.446842918581317281e+04
1.060416666666666607e+01,1.446842918581121921e+04
1.062500000000000000e+01,1.446842918580926198e+04
1.064583333333333215e+01,1.446842918580730839e+04
1.066666666666666607e+01,1.446842918580535843e+04
1.068750000000000000e+01,1.446842918580341211e+04
1.070833333333333215e+01,1.446842918580145852e+04
1.072916666666666607e+01,1.446842918579951584e+04
1.075000000000000000e+01,1.446842918579756952e+04
1.077083333333333215e+01,1.446842918579562684e+04
1.079166666666666607e+01,1.446842918579368779e+04
1.081250000000000000e+01,1.446842918579174511e+04
1.083333333333333215e+01,1.446842918578980607e+04
1.085416666666666607e+01,1.446842918578786703e+04
1.087500000000000000e+01,1.446842918578593526e+04
1.089583333333333215e+01,1.446842918578399986e+04
1.091666666666666607e+01,1.446842918578206809e+04
1.093750000000000000e+01,1.446842918578014360e+04
1.095833333333333215e+01,1.446842918577820819e+04
1.097916666666666607e+01,1.446842918577628006e+04
1.100000000000000000e+01,1.446842918577435921e+04
1.102083333333333215e+01,1.446842918577243472e+04
1.104166666666666607e+01,1.446842918577051387e+04
1.106250000000000000e+01,1.446842918576859302e+04
1.108333333333333215e+01,1.446842918576667216e+04
1.110416666666666607e+01,1.446842918576475495e+04
1.112500000000000000e+01,1.446842918576283773e+04
1.114583333333333215e+01,1.446842918576092416e+04
1.116666666666666607e+01,1.446842918575901422e+04
1.118750000000000000e+01,1.446842918575710428e+04
1.120833333333333215e+01,1.446842918575519434e+04
1.122916666666666607e+01,1.446842918575328440e+04
1.125000000000000000e+01,1.446842918575137810e+04
1.127083333333333215e+01,1.446842918574947544e+04
1.129166666666666607e+01,1.446842918574757277e+04
1.131250000000000000e+01,1.446842918574567011e+04
1.133333333333333215e+01,1.446842918574377109e+04
1.135416666666666607e+01,1.446842918574187934e+04
1.137500000000000000e+01,1.446842918573998031e+04
1.139583333333333215e+01,1.446842918573808129e+04
1.141666666666666607e+01,1.446842918573618954e+04
1.143750000000000000e+01,1.446842918573429779e+04
1.145833333333333215e+01,1.446842918573240968e+04
1.147916666666666607e+01,1.446842918573052157e+04
1.150000000000000000e+01,1.446842918572863709e+04
1.152083333333333215e+01,1.446842918572674898e+04
1.154166666666666607e+01,1.446842918572486451e+04
1.156250000000000000e+01,1.446842918572298368e+04
1.158333333333333215e+01,1.446842918572110284e+04
1.160416666666666607e+01,1.446842918571922564e+04
1.162500000000000000e+01,1.446842918571734845e+04
1.164583333333333215e+01,1.446842918571547125e+04
1.166666666666666607e+01,1.446842918571359769e+04
1.168750000000000000e+01,1.446842918571172413e+04
1.170833333333333215e+01,1.446842918570985421e+04
1.172916666666666607e+01,1.446842918570798429e+04
1.175000000000000000e+01,1.446842918570611801e+04
1.177083333333333215e+01,1.446842918570425172e+04
1.179166666666666607e+01,1.446842918570238544e+04
1.181250000000000000e+01,1.446842918570052643e+04
1.183333333333333215e+01,1.446842918569866015e+04
1.185416666666666607e+01,1.446842918569680478e+04
1.187500000000000000e+01,1.446842918569494213e+04
1.189583333333333215e+01,1.446842918569309040e+04
1.191666666666666607e+01,1.446842918569123140e+04
1.193750000000000000e+01,1.446842918568937966e+04
1.195833333333333215e+01,1.446842918568752793e+04
1.197916666666666607e+01,1.446842918568567620e+04
1.200000000000000000e+01,1.446842918568382811e+04
1.202083333333333215e+01,1.446842918568198002e+04
1.204166666666666607e+01,1.446842918568013556e+04
1.206250000000000000e+01,1.446842918567828747e+04
1.208333333333333215e+01,1.446842918567645029e+04
1.210416666666666607e+01,1.446842918567460583e+04
1.212500000000000000e+01,1.446842918567276865e+04
1.214583333333333215e+01,1.446842918567093147e+04
1.216666666666666607e+01,1.446842918566909430e+04
1.218750000000000000e+01,1.446842918566725712e+04
1.220833333333333215e+01,1.446842918566542721e+04
1.222916666666666607e+01,1.446842918566359367e+04
1.225000000000000000e+01,1.446842918566176377e+04
1.227083333333333215e+01,1.446842918565993750e+04
1.229166666666666607e+01,1.494907028692356835e+04
1.231250000000000000e+01,1.523161301833321704e+04
1.233333333333333215e+01,1.539058022251334114e+04
1.235416666666666607e+01,1.547144691291285926e+04
1.237500000000000000e+01,1.550280558336454123e+04
1.239583333333333215e+01,1.550295234976485517e+04
1.241666666666666607e+01,1.548371233709931403e+04
1.243750000000000000e+01,1.545276591835072031e+04
1.245833333333333215e+01,1.541510667877113156e+04
1.247916666666666607e+01,1.537397354271177028e+04
1.250000000000000000e+01,1.533145454026228617e+04
1.252083333333333215e+01,1.528888121743475131e+04
1.254166666666666607e+01,1.524708768560336830e+04
1.256250000000000000e+01,1.520658133660609019e+04
1.258333333333333215e+01,1.516765556077391739e+04
1.260416666666666607e+01,1.513046423710316230e+04
1.262500000000000000e+01,1.509507096452639962e+04
1.264583333333333215e+01,1.506148157927045031e+04
1.266666666666666607e+01,1.502966560406715871e+04
1.268750000000000000e+01,1.499957036582613000e+04
1.270833333333333215e+01,1.497113025729377478e+04
1.272916666666666607e+01,1.494427278360971468e+04
1.275000000000000000e+01,1.491892248166984064e+04
1.277083333333333215e+01,1.489500343356106168e+04
1.279166666666666607e+01,1.487244085217308384e+04
1.281250000000000000e+01,1.485116205581482063e+04
1.283333333333333215e+01,1.483109704170220357e+04
1.285416666666666607e+01,1.481217879725693638e+04
1.287500000000000000e+01,1.479434344113388579e+04
1.289583333333333215e+01,1.477753025472893205e+04
1.291666666666666607e+01,1.476168164426827207e+04
1.293750000000000000e+01,1.474674305990182620e+04
1.295833333333333215e+01,1.473266288916597841e+04
1.297916666666666607e+01,1.471939233618644721e+04
1.300000000000000000e+01,1.470688529402661516e+04
1.302083333333333215e+01,1.469509821496518634e+04
1.304166666666666607e+01,1.468398998175589077e+04
1.306250000000000000e+01,1.467352178177993119e+04
1.308333333333333215e+01,1.466365698525004336e+04
1.310416666666666607e+01,1.465436102813126490e+04
1.312500000000000000e+01,1.464376636434345710e+04
1.314583333333333215e+01,1.462919428375714051e+04
1.316666666666666607e+01,1.461760683593981594e+04
1.318750000000000000e+01,1.460810597568545927e+04
1.320833333333333215e+01,1.460009152831043684e+04
1.322916666666666607e+01,1.459316071644593831e+04
1.325000000000000000e+01,1.458704159229652942e+04
1.327083333333333215e+01,1.458154897932216772e+04
1.329166666666666607e+01,1.457655532912818671e+04
1.331250000000000000e+01,1.457197144903080698e+04
1.333333333333333215e+01,1.456773375652366667e+04
1.335416666666666607e+01,1.456379584734944001e+04
1.337500000000000000e+01,1.456012291354486297e+04
1.339583333333333215e+01,1.455668804418400396e+04
1.341666666666666607e+01,1.455346976984295543e+04
1.343750000000000000e+01,1.455045042879736502e+04
1.345833333333333215e+01,1.454761507631366112e+04
1.347916666666666607e+01,1.454495075306482613e+04
1.350000000000000000e+01,1.454244599120883504e+04
1.352083333333333215e+01,1.454009047793276113e+04
1.354166666666666607e+01,1.453787482350413484e+04
1.356250000000000000e+01,1.453579039884975646e+04
1.358333333333333215e+01,1.453382921954901394e+04
1.360416666666666607e+01,1.403748796963360655e+04
1.362500000000000000e+01,1.415874900201961282e+04
1.364583333333333215e+01,1.398479328310146229e+04
1.366666666666666607e+01,1.392232972285775759e+04
1.368750000000000000e+01,1.394682631821357791e+04
1.370833333333333215e+01,1.317656137023648989e+04
1.372916666666666607e+01,1.356739190502086058e+04
1.375000000000000000e+01,1.423186482039364273e+04
1.377083333333333215e+01,1.427182664098617170e+04
1.379166666666666607e+01,1.361841357278589203e+04
1.381250000000000000e+01,1.373203669811162763e+04
1.383333333333333215e+01,1.420875912399455774e+04
1.385416666666666607e+01,1.467176946251015033e+04
1.387500000000000000e+01,1.394917216265475872e+04
1.389583333333333215e+01,1.400953779640368157e+04
1.391666666666666607e+01,1.423472075691909777e+04
1.393750000000000000e+01,1.494130796164041749e+04
1.395833333333333215e+01,1.411148216717272589e+04
1.397916666666666607e+01,1.413874298538073344e+04
1.400000000000000000e+01,1.431385624731444841e+04
1.402083333333333215e+01,1.505000168874832161e+04
1.404166666666666607e+01,1.420448711468501642e+04
1.406250000000000000e+01,1.421799903537721548e+04
1.408333333333333215e+01,1.509923122507661901e+04
1.410416666666666607e+01,1.476025327271697824e+04
1.412500000000000000e+01,1.423968310594328068e+04
1.414583333333333215e+01,1.424110986203523862e+04
1.416666666666666607e+01,1.511413807200412703e+04
1.418750000000000000e+01,1.510537973911146400e+04
1.420833333333333215e+01,1.421038810797082988e+04
1.422916666666666607e+01,1.418620714166760445e+04
1.425000000000000000e+01,1.504161392809346944e+04
1.427083333333333215e+01,1.502117623935132360e+04
1.429166666666666607e+01,1.412092937292709394e+04
1.431250000000000000e+01,1.435227999962262766e+04
1.433333333333333215e+01,1.493950684023901704e+04
1.435416666666666607e+01,1.491353958784747010e+04
1.437500000000000000e+01,1.402011627440533994e+04
1.439583333333333215e+01,1.407165598447858065e+04
1.441666666666666607e+01,1.485297840523566265e+04
1.443750000000000000e+01,1.483974349494105627e+04
1.445833333333333215e+01,1.447646751658711582e+04
1.447916666666666607e+01,1.395169107807018736e+04
1.450000000000000000e+01,1.480512013835176549e+04
1.452083333333333215e+01,1.471499395829306741e+04
1.454166666666666607e+01,1.394027404268212558e+04
1.456250000000000000e+01,1.394137258872155144e+04
1.458333333333333215e+01,1.480387344976820896e+04
1.460416666666666607e+01,1.480553028822151464e+04
1.462500000000000000e+01,1.410898138671632842e+04
1.464583333333333215e+01,1.412471394084435087e+04
1.466666666666666607e+01,1.481993920030887966e+04
1.468750000000000000e+01,1.482358806262714643e+04
1.470833333333333215e+01,1.397221299301726685e+04
1.472916666666666607e+01,1.397844663752956694e+04
1.475000000000000000e+01,1.484105148485596510e+04
1.477083333333333215e+01,1.469710266005806625e+04
1.479166666666666607e+01,1.399264013000251725e+04
1.481250000000000000e+01,1.399678334261814962e+04
1.483333333333333215e+01,1.485892789468208139e+04
1.485416666666666607e+01,1.486111229580253712e+04
1.487500000000000000e+01,1.400521416886138104e+04
1.489583333333333215e+01,1.400852153140926384e+04
1.491666666666666607e+01,1.487151334970125754e+04
1.493750000000000000e+01,1.397341725789802513e+04
1.495833333333333215e+01,1.345729475437466681e+04
1.497916666666666607e+01,1.316242722119791142e+04
1.500000000000000000e+01,1.303306478617987887e+04
1.502083333333333215e+01,1.364985107512859031e+04
1.504166666666666607e+01,1.353678474896109037e+04
1.506250000000000000e+01,1.314368467149110802e+04
1.508333333333333215e+01,1.400410005583912789e+04
1.510416666666666607e+01,1.414208245144005923e+04
1.512500000000000000e+01,1.343136016757692778e+04
1.514583333333333215e+01,1.378015305965445441e+04
1.516666666666666607e+01,1.448370793463314840e+04
1.518750000000000000e+01,1.456334441644790422e+04
1.520833333333333215e+01,1.441345636159380592e+04
1.522916666666666607e+01,1.379623029646951181e+04
1.525000000000000000e+01,1.469902793478326203e+04
1.527083333333333215e+01,1.473857013260034364e+04
1.529166666666666607e+01,1.476931272408287259e+04
1.531250000000000000e+01,1.393717719186438990e+04
1.533333333333333215e+01,1.481934845307355499e+04
1.535416666666666607e+01,1.484181871242133275e+04
1.537500000000000000e+01,1.401139775533895227e+04
1.539583333333333215e+01,1.482552346087837577e+04
1.541666666666666607e+01,1.490378481885136353e+04
1.543750000000000000e+01,1.407113546389598923e+04
1.545833333333333215e+01,1.429790195934675648e+04
1.547916666666666607e+01,1.492772648047659459e+04
1.550000000000000000e+01,1.493163525145534004e+04
1.552083333333333215e+01,1.408536583496726234e+04
1.554166666666666607e+01,1.408128727663970130e+04
1.556250000000000000e+01,1.491792029636765801e+04
1.558333333333333215e+01,1.488854875292286670e+04
1.560416666666666607e+01,1.404025353285008168e+04
1.562500000000000000e+01,1.404012535196683893e+04
1.564583333333333215e+01,1.483652886391675929e+04
1.566666666666666607e+01,1.484669406202438768e+04
1.568750000000000000e+01,1.399218556143272144e+04
1.570833333333333215e+01,1.391260502417906173e+04
1.572916666666666607e+01,1.405992887765353589e+04
1.575000000000000000e+01,1.478507109831852358e+04
1.577083333333333215e+01,1.463627881288788922e+04
1.579166666666666607e+01,1.406102856582296954e+04
1.581250000000000000e+01,1.385852009809828814e+04
1.583333333333333215e+01,1.363155077767395778e+04
1.585416666666666607e+01,1.515576316018590660e+04
1.587500000000000000e+01,1.449139014136370315e+04
1.589583333333333215e+01,1.347783273730460860e+04
1.591666666666666607e+01,1.429642041722088834e+04
1.593750000000000000e+01,1.500784119584567816e+04
1.595833333333333215e+01,1.411606902679103223e+04
1.597916666666666607e+01,1.346029374493945943e+04
1.600000000000000000e+01,1.435592167505404359e+04
1.602083333333333215e+01,1.526461905603405103e+04
1.604166666666666430e+01,1.430861244031305978e+04
1.606250000000000000e+01,1.341973482984113434e+04
1.608333333333333215e+01,1.445748984078793728e+04
1.610416666666666430e+01,1.524639540629041585e+04
1.612500000000000000e+01,1.416904471351023676e+04
1.614583333333333215e+01,1.362989172398827577e+04
1.616666666666666430e+01,1.478298801481666305e+04
1.618750000000000000e+01,1.493272114589189368e+04
1.620833333333333215e+01,1.440086852791479760e+04
1.622916666666666430e+01,1.392170335798941232e+04
1.625000000000000000e+01,1.397682140854340105e+04
1.627083333333333215e+01,1.552378205086463277e+04
1.629166666666666430e+01,1.587493845596725441e+04
1.631250000000000000e+01,1.402506613763913629e+04
1.633333333333333215e+01,1.474353513149825449e+04
1.635416666666666430e+01,1.713982867191403784e+04
1.637500000000000000e+01,1.599309258811854670e+04
1.639583333333333215e+01,1.369255440213259135e+04
1.641666666666666430e+01,1.469325298508879496e+04
1.643750000000000000e+01,1.693979731509675912e+04
1.645833333333333215e+01,1.616151063101250475e+04
1.647916666666666430e+01,1.354446240633629714e+04
1.650000000000000000e+01,1.436300269083982857e+04
1.652083333333333215e+01,1.652002079037493240e+04
1.654166666666666430e+01,1.599542407067667591e+04
1.656250000000000000e+01,1.357713196288376639e+04
1.658333333333333215e+01,1.424421953441492587e+04
1.660416666666666430e+01,1.674496134393112152e+04
1.662500000000000000e+01,1.584781907044438776e+04
1.664583333333333215e+01,1.323740452517785889e+04
1.666666666666666430e+01,1.384603806099747817e+04
1.668750000000000000e+01,1.660606344615557100e+04
1.670833333333333215e+01,1.553698234492748088e+04
1.672916666666666430e+01,1.312688162509454924e+04
1.675000000000000000e+01,1.396327916185462891e+04
1.677083333333333215e+01,1.651892334921319343e+04
1.679166666666666430e+01,1.563577330010358492e+04
1.681250000000000000e+01,1.303587339579047693e+04
1.683333333333333215e+01,1.387732905300695711e+04
1.685416666666666430e+01,1.616140710581058374e+04
1.687500000000000000e+01,1.556289519573810685e+04
1.689583333333333215e+01,1.296834458690004249e+04
1.691666666666666430e+01,1.381346466149286425e+04
1.693750000000000000e+01,1.637680840927314421e+04
1.695833333333333215e+01,1.550354561588318393e+04
1.697916666666666430e+01,1.291542021563074377e+04
1.700000000000000000e+01,1.394655712053460593e+04
1.702083333333333215e+01,1.632706192171058865e+04
1.704166666666666430e+01,1.545881601196291376e+04
1.706250000000000000e+01,1.287303711776032287e+04
1.708333333333333215e+01,1.372072657875984441e+04
1.710416666666666430e+01,1.628825086429527437e+04
1.712500000000000000e+01,1.542395117852167823e+04
1.714583333333333215e+01,1.283989946574941496e+04
1.716666666666666430e+01,1.368895182065515473e+04
1.718750000000000000e+01,1.625946272324982419e+04
1.720833333333333215e+01,1.519001249521799036e+04
1.722916666666666430e+01,1.281425277870594800e+04
1.725000000000000000e+01,1.350140149849139561e+04
1.727083333333333215e+01,1.598117017970469533e+04
1.729166666666666430e+01,1.537584966043749955e+04
1.731250000000000000e+01,1.282927126399810368e+04
1.733333333333333215e+01,1.383083756024139802e+04
1.735416666666666430e+01,1.621909217056486887e+04
1.737500000000000000e+01,1.531736734070170132e+04
1.739583333333333215e+01,1.277390703927694631e+04
1.741666666666666430e+01,1.362930144562145870e+04
1.743750000000000000e+01,1.598815397968939214e+04
1.745833333333333215e+01,1.534090598605400010e+04
1.747916666666666430e+01,1.275978164433478378e+04
1.750000000000000000e+01,1.361736472967271038e+04
1.752083333333333215e+01,1.619229960058031065e+04
1.754166666666666430e+01,1.528913610082392916e+04
1.756250000000000000e+01,1.274810305561123096e+04
1.758333333333333215e+01,1.338616520086807941e+04
1.760416666666666430e+01,1.610729374008120067e+04
1.762500000000000000e+01,1.532296260164480191e+04
1.764583333333333215e+01,1.274209401701916795e+04
1.766666666666666430e+01,1.360147411165162703e+04
1.768750000000000000e+01,1.617857519475865411e+04
1.770833333333333215e+01,1.529428090750077899e+04
1.772916666666666430e+01,1.273415197871008786e+04
1.775000000000000000e+01,1.359284555826604628e+04
1.777083333333333215e+01,1.610858608712447312e+04
1.779166666666666430e+01,1.523083498352023162e+04
1.781250000000000000e+01,1.272932857296582733e+04
1.783333333333333215e+01,1.358833247701188884e+04
1.785416666666666430e+01,1.593979673210110559e+04
1.787500000000000000e+01,1.530824751383735202e+04
1.789583333333333215e+01,1.272737156419939129e+04
1.791666666666666430e+01,1.358614124154770980e+04
1.793750000000000000e+01,1.616403027847069461e+04
1.795833333333333215e+01,1.530339893544286679e+04
1.797916666666666430e+01,1.272397527357943545e+04
1.800000000000000000e+01,1.358984844691442049e+04
1.802083333333333215e+01,1.615861396699772013e+04
1.804166666666666430e+01,1.529891369995115383e+04
1.806250000000000000e+01,1.282634483798903966e+04
1.808333333333333215e+01,1.374465669415324737e+04
1.810416666666666430e+01,1.615864111777512881e+04
1.812500000000000000e+01,1.528780629225925441e+04
1.814583333333333215e+01,1.272268338777881945e+04
1.816666666666666430e+01,1.326020403166437609e+04
1.818750000000000000e+01,1.615946648589517281e+04
1.820833333333333215e+01,1.503538971979766575e+04
1.822916666666666430e+01,1.272226102561253356e+04
1.825000000000000000e+01,1.358012026149801386e+04
1.827083333333333215e+01,1.615573817643056827e+04
1.829166666666666430e+01,1.529448329547411413e+04
1.831250000000000000e+01,1.271638169465102328e+04
1.833333333333333215e+01,1.357593941905411339e+04
1.835416666666666430e+01,1.587609812078377217e+04
1.837500000000000000e+01,1.529350733088177367e+04
1.839583333333333215e+01,1.271624223870984133e+04
1.841666666666666430e+01,1.379487263504833390e+04
1.843750000000000000e+01,1.615425440412345779e+04
1.845833333333333215e+01,1.529369239382844899e+04
1.847916666666666430e+01,1.271671631906336552e+04
1.850000000000000000e+01,1.357552628326813283e+04
1.852083333333333215e+01,1.614312322255481558e+04
1.854166666666666430e+01,1.491771232153800156e+04
1.856250000000000000e+01,1.271647826828113830e+04
1.858333333333333215e+01,1.405062859449031384e+04
1.860416666666666430e+01,1.604556685470198499e+04
1.862500000000000000e+01,1.443531665914799669e+04
1.864583333333333215e+01,1.301988307872831865e+04
1.866666666666666430e+01,1.443656406917350614e+04
1.868750000000000000e+01,1.591590089823665767e+04
1.870833333333333215e+01,1.423915221232111799e+04
1.872916666666666430e+01,1.271883786849342869e+04
1.875000000000000000e+01,1.443663320275489968e+04
1.877083333333333215e+01,1.615306160394993640e+04
1.879166666666666430e+01,1.443343908080022084e+04
1.881250000000000000e+01,1.298814859178597544e+04
1.883333333333333215e+01,1.443387661372012735e+04
1.885416666666666430e+01,1.603399624281250362e+04
1.887500000000000000e+01,1.443398044249744999e+04
1.889583333333333215e+01,1.273537914563026061e+04
1.891666666666666430e+01,1.443167661375546231e+04
1.893750000000000000e+01,1.614863687426027536e+04
1.895833333333333215e+01,1.443185332585175274e+04
1.897916666666666430e+01,1.288186321738196784e+04
1.900000000000000000e+01,1.443224280282368636e+04
1.902083333333333215e+01,1.614974804769318507e+04
1.904166666666666430e+01,1.443337415251087077e+04
1.906250000000000000e+01,1.271465206891582056e+04
1.908333333333333215e+01,1.443217749485318927e+04
1.910416666666666430e+01,1.607261089533761697e+04
1.912500000000000000e+01,1.428001714778012320e+04
1.914583333333333215e+01,1.271608097205973536e+04
1.916666666666666430e+01,1.443400193575296726e+04
1.918750000000000000e+01,1.601943682023519432e+04
1.920833333333333215e+01,1.443259697230843813e+04
1.922916666666666430e+01,1.271272436826657577e+04
1.925000000000000000e+01,1.443307024301444835e+04
1.927083333333333215e+01,1.615137202132331004e+04
1.929166666666666430e+01,1.440337439334928786e+04
1.931250000000000000e+01,1.271207811970320108e+04
1.933333333333333215e+01,1.443275788555542022e+04
1.935416666666666430e+01,1.615124094356323621e+04
1.937500000000000000e+01,1.421271348681902600e+04
1.939583333333333215e+01,1.271559085604790016e+04
1.941666666666666430e+01,1.443496201412206574e+04
1.943750000000000000e+01,1.615261728843843593e+04
1.945833333333333215e+01,1.443162828904569687e+04
1.947916666666666430e+01,1.271154255298204589e+04
1.950000000000000000e+01,1.443214246209645717e+04
1.952083333333333215e+01,1.615064255336550195e+04
1.954166666666666430e+01,1.443050394945769222e+04
1.956250000000000000e+01,1.271089760857778310e+04
1.958333333333333215e+01,1.443134585048111694e+04
1.960416666666666430e+01,1.614984439090944579e+04
1.962500000000000000e+01,1.443038198832465423e+04
1.964583333333333215e+01,1.271105739786971753e+04
1.966666666666666430e+01,1.443082255213173266e+04
1.968750000000000000e+01,1.614904513430076986e+04
1.970833333333333215e+01,1.443051232175312907e+04
1.972916666666666430e+01,1.288531091779784037e+04
1.975000000000000000e+01,1.443250164808252885e+04
1.977083333333333215e+01,1.615080093998204757e+04
1.979166666666666430e+01,1.426194633802058161e+04
1.981250000000000000e+01,1.271701219642292199e+04
1.983333333333333215e+01,1.443472736228764552e+04
1.985416666666666430e+01,1.600445934165041399e+04
1.987500000000000000e+01,1.443340356422400509e+04
1.989583333333333215e+01,1.271310868489478526e+04
1.991666666666666430e+01,1.443246187890620058e+04
1.993750000000000000e+01,1.615036842163085385e+04
1.995833333333333215e+01,1.443090770603038982e+04
1.997916666666666430e+01,1.271154769876811770e+04
2.000000000000000000e+01,1.443122497996014863e+04
2.002083333333333215e+01,1.614942590392414422e+04
2.004166666666666430e+01,1.422787317346708369e+04
2.006250000000000000e+01,1.271574782275486359e+04
2.008333333333333215e+01,1.443364436049322831e+04
2.010416666666666430e+01,1.613906662428577329e+04
2.012500000000000000e+01,1.443203222676814039e+04
2.014583333333333215e+01,1.283622128423796312e+04
2.016666666666666430e+01,1.443316119549749055e+04
2.018750000000000000e+01,1.611276687957385730e+04
2.020833333333333215e+01,1.443368324407262844e+04
2.022916666666666430e+01,1.271464108969311928e+04
2.025000000000000000e+01,1.443386587604732631e+04
2.027083333333333215e+01,1.615198749915469671e+04
2.029166666666666430e+01,1.443300447955431082e+04
2.031250000000000000e+01,1.271357675118905900e+04
2.033333333333333215e+01,1.443325306528632427e+04
2.035416666666666430e+01,1.610570208099751108e+04
2.037500000000000000e+01,1.443206602289783768e+04
2.039583333333333215e+01,1.271225522449746495e+04
2.041666666666666430e+01,1.443251321829121298e+04
2.043750000000000000e+01,1.582465706173721628e+04
2.045833333333333215e+01,1.415559913742380377e+04
2.047916666666666430e+01,1.287261620259961273e+04
2.050000000000000000e+01,1.443959178137637355e+04
2.052083333333333215e+01,1.615525697554542057e+04
2.054166666666666430e+01,1.443590811207409206e+04
2.056250000000000000e+01,1.291638731945902691e+04
2.058333333333333215e+01,1.458025449619576830e+04
2.060416666666666430e+01,1.615324271177675837e+04
2.062500000000000000e+01,1.443551686760201483e+04
2.064583333333333215e+01,1.293521571110190416e+04
2.066666666666666430e+01,1.443446162169207673e+04
2.068750000000000000e+01,1.615194128129343153e+04
2.070833333333333215e+01,1.443551633541833144e+04
2.072916666666666430e+01,1.271621859540591322e+04
2.075000000000000000e+01,1.437452640183812036e+04
2.077083333333333215e+01,1.583703605575850816e+04
2.079166666666666430e+01,1.424471269314259916e+04
2.081250000000000000e+01,1.276104166445431110e+04
2.083333333333333215e+01,1.443614820381401660e+04
2.085416666666666430e+01,1.615258494625323146e+04
2.087500000000000000e+01,1.443219698657597837e+04
2.089583333333333215e+01,1.271234409168467391e+04
2.091666666666666430e+01,1.443167737805904835e+04
2.093750000000000000e+01,1.614948550138725113e+04
2.095833333333333215e+01,1.443039100038240213e+04
2.097916666666666430e+01,1.271126174553254168e+04
2.100000000000000000e+01,1.443043591643214313e+04
2.102083333333333215e+01,1.614829662104875388e+04
2.104166666666666430e+01,1.426580930258222361e+04
2.106250000000000000e+01,1.279218817613512147e+04
2.108333333333333215e+01,1.443296587495784843e+04
2.110416666666666430e+01,1.614978296315425177e+04
2.112500000000000000e+01,1.443200570437733404e+04
2.114583333333333215e+01,1.271306826747580271e+04
2.116666666666666430e+01,1.443055254117968434e+04
2.118750000000000000e+01,1.614791822320832580e+04
2.120833333333333215e+01,1.443111895607810220e+04
2.122916666666666430e+01,1.271270655633141723e+04
2.125000000000000000e+01,1.442991138265571499e+04
2.127083333333333215e+01,1.614722024139188215e+04
2.129166666666666430e+01,1.431325579610865680e+04
2.131250000000000000e+01,1.275970823321319040e+04
2.133333333333333215e+01,1.443200240706709155e+04
2.135416666666666430e+01,1.614866842527023255e+04
2.137500000000000000e+01,1.443246840213742325e+04
2.139583333333333215e+01,1.271412620002954645e+04
2.141666666666666430e+01,1.443074800409859745e+04
2.143750000000000000e+01,1.614792273039323845e+04
2.145833333333333215e+01,1.434691897282095306e+04
2.147916666666666430e+01,1.273191775460660938e+04
2.150000000000000000e+01,1.443226784109384243e+04
2.152083333333333215e+01,1.614932494859540020e+04
2.154166666666666430e+01,1.443228658952680053e+04
2.156250000000000000e+01,1.271359996905617299e+04
2.158333333333333215e+01,1.443164068986165876e+04
2.160416666666666430e+01,1.610758126813777199e+04
2.162500000000000000e+01,1.423209382848824316e+04
2.164583333333333215e+01,1.271710483468762686e+04
2.166666666666666430e+01,1.443514153593574156e+04
2.168750000000000000e+01,1.615249123228904500e+04
2.170833333333333215e+01,1.443224687388457460e+04
2.172916666666666430e+01,1.271224948453025718e+04
2.175000000000000000e+01,1.443307653116316942e+04
2.177083333333333215e+01,1.609469451946159461e+04
2.179166666666666430e+01,1.443090922509105076e+04
2.181250000000000000e+01,1.271057257398916045e+04
2.183333333333333215e+01,1.443339713726265836e+04
2.185416666666666430e+01,1.592295295998461734e+04
2.187500000000000000e+01,1.443288193170015802e+04
2.189583333333333215e+01,1.271318057350461822e+04
2.191666666666666430e+01,1.443653720955750396e+04
2.193750000000000000e+01,1.615547784883190252e+04
2.195833333333333215e+01,1.443355319663557384e+04
2.197916666666666430e+01,1.289254892033079886e+04
2.200000000000000000e+01,1.443509956227273142e+04
2.202083333333333215e+01,1.615233837506234340e+04
2.204166666666666430e+01,1.415642647561874401e+04
2.206250000000000000e+01,1.271827464493736261e+04
2.208333333333333215e+01,1.443459842990149991e+04
2.210416666666666430e+01,1.615077038975502001e+04
2.212500000000000000e+01,1.447084460118075367e+04
2.214583333333333215e+01,1.307485690846984289e+04
2.216666666666666430e+01,1.443431419389493749e+04
2.218750000000000000e+01,1.563816557748195555e+04
2.220833333333333215e+01,1.443726963374678598e+04
2.222916666666666430e+01,1.357543433354340596e+04
2.225000000000000000e+01,1.444406641078031316e+04
2.227083333333333215e+01,1.529696404485173116e+04
2.229166666666666430e+01,1.476093929803156425e+04
2.231250000000000000e+01,1.357860035436999533e+04
2.233333333333333215e+01,1.443421430270544442e+04
2.235416666666666430e+01,1.529275719072054198e+04
2.237500000000000000e+01,1.443492329949086707e+04
2.239583333333333215e+01,1.357544806521018836e+04
2.241666666666666430e+01,1.421770789934360073e+04
2.243750000000000000e+01,1.529100237839295005e+04
2.245833333333333215e+01,1.443299653660971308e+04
2.247916666666666430e+01,1.386967847842146512e+04
2.250000000000000000e+01,1.443445797203941765e+04
2.252083333333333215e+01,1.520851733698392127e+04
2.254166666666666430e+01,1.450233109344356126e+04
2.256250000000000000e+01,1.357568104858915831e+04
2.258333333333333215e+01,1.443242728907396304e+04
2.260416666666666430e+01,1.529047085658865399e+04
2.262500000000000000e+01,1.443139444037959765e+04
2.264583333333333215e+01,1.357136593907317729e+04
2.266666666666666430e+01,1.442936075412975333e+04
2.268750000000000000e+01,1.528898047551592390e+04
2.270833333333333215e+01,1.470840212512151629e+04
2.272916666666666430e+01,1.389527604144226643e+04
2.275000000000000000e+01,1.431407827321748846e+04
2.277083333333333215e+01,1.513423441808083953e+04
2.279166666666666430e+01,1.443554892662765997e+04
2.281250000000000000e+01,1.357397558356281661e+04
2.283333333333333215e+01,1.443172708780319590e+04
2.285416666666666430e+01,1.529040848789483061e+04
2.287500000000000000e+01,1.449583684058847575e+04
2.289583333333333215e+01,1.392333664738657535e+04
2.291666666666666430e+01,1.443299376747359202e+04
2.293750000000000000e+01,1.491560870113064811e+04
2.295833333333333215e+01,1.439005671611658909e+04
2.297916666666666430e+01,1.432442746850407275e+04
2.300000000000000000e+01,1.436230328664591434e+04
2.302083333333333215e+01,1.443292414368659956e+04
2.304166666666666430e+01,1.438149770475944388e+04
2.306250000000000000e+01,1.443374403245603389e+04
2.308333333333333215e+01,1.443266537050091210e+04
2.310416666666666430e+01,1.444354414837637160e+04
2.312500000000000000e+01,1.489851834265452999e+04
2.314583333333333215e+01,1.443642517439241419e+04
2.316666666666666430e+01,1.391232907644332590e+04
2.318750000000000000e+01,1.443564175031480409e+04
2.320833333333333215e+01,1.530122541932785680e+04
2.322916666666666430e+01,1.443152817603621224e+04
2.325000000000000000e+01,1.357169999615964844e+04
2.327083333333333215e+01,1.443176560906414306e+04
2.329166666666666430e+01,1.555898288073504955e+04
2.331250000000000000e+01,1.443190042118211568e+04
2.333333333333333215e+01,1.344243677253560600e+04
2.335416666666666430e+01,1.459200369073816910e+04
2.337500000000000000e+01,1.529378212679844728e+04
2.339583333333333215e+01,1.443204385164523046e+04
2.341666666666666430e+01,1.357290363833577430e+04
2.343750000000000000e+01,1.443244633879674075e+04
2.345833333333333215e+01,1.528967292741243364e+04
2.347916666666666430e+01,1.442923887442892737e+04
2.350000000000000000e+01,1.368849009887436841e+04
2.352083333333333215e+01,1.443509543917144765e+04
2.354166666666666430e+01,1.529165984914348883e+04
2.356250000000000000e+01,1.443254405716796464e+04
2.358333333333333215e+01,1.357484890537780302e+04
2.360416666666666430e+01,1.443310158437950304e+04
2.362500000000000000e+01,1.529010660255924449e+04
2.364583333333333215e+01,1.443051731118925090e+04
2.366666666666666430e+01,1.357228332739114921e+04
2.368750000000000000e+01,1.459462774616999377e+04
2.370833333333333215e+01,1.529059297338754914e+04
2.372916666666666430e+01,1.443035307363734319e+04
2.375000000000000000e+01,1.357180979062784536e+04
2.377083333333333215e+01,1.443172641071293401e+04
2.379166666666666430e+01,1.542287682087747453e+04
2.381250000000000000e+01,1.443016507819455001e+04
2.383333333333333215e+01,1.357137534803854942e+04
2.385416666666666430e+01,1.477152672502483983e+04
2.387500000000000000e+01,1.529305468141928577e+04
2.389583333333333215e+01,1.420575601798295975e+04
2.391666666666666430e+01,1.357471536308767827e+04
2.393750000000000000e+01,1.454057062064514685e+04
2.395833333333333215e+01,1.529214960194454397e+04
2.397916666666666430e+01,1.443147206251714306e+04
2.400000000000000000e+01,1.333043056156679813e+04
2.402083333333333215e+01,1.454704210335724929e+04
2.404166666666666430e+01,1.529149902472165559e+04
2.406250000000000000e+01,1.443183717046402671e+04
2.408333333333333215e+01,1.357298364547827441e+04
2.410416666666666430e+01,1.458372454028702487e+04
2.412500000000000000e+01,1.535369515967165353e+04
2.414583333333333215e+01,1.443215175862539763e+04
2.416666666666666430e+01,1.357305872221113532e+04
2.418750000000000000e+01,1.443248623867881543e+04
2.420833333333333215e+01,1.529001153220484412e+04
2.422916666666666430e+01,1.442902899765503753e+04
2.425000000000000000e+01,1.370858929972541591e+04
2.427083333333333215e+01,1.464175129158292839e+04
2.429166666666666430e+01,1.529256733314435769e+04
2.431250000000000000e+01,1.440879739142239487e+04
2.433333333333333215e+01,1.357306966100329009e+04
2.435416666666666430e+01,1.443309464183067394e+04
2.437500000000000000e+01,1.529162144875641388e+04
2.439583333333333215e+01,1.443048819494935742e+04
2.441666666666666430e+01,1.357034878772520096e+04
2.443750000000000000e+01,1.443095884289503738e+04
2.445833333333333215e+01,1.529118759060895900e+04
2.447916666666666430e+01,1.443033025131115937e+04
2.450000000000000000e+01,1.356986052638545516e+04
2.452083333333333215e+01,1.443101171235745642e+04
2.454166666666666430e+01,1.532084527486636944e+04
2.456250000000000000e+01,1.443015890202039373e+04
2.458333333333333215e+01,1.387778279375870625e+04
2.460416666666666430e+01,1.443421383554177373e+04
2.462500000000000000e+01,1.520658461546648323e+04
2.464583333333333215e+01,1.443261717712122481e+04
2.466666666666666430e+01,1.357259770584138823e+04
2.468750000000000000e+01,1.443317103231614965e+04
2.470833333333333215e+01,1.529131825140789442e+04
2.472916666666666430e+01,1.442948941771909085e+04
2.475000000000000000e+01,1.371533453164203092e+04
2.477083333333333215e+01,1.462354183410348196e+04
2.479166666666666430e+01,1.529306231556042621e+04
2.481250000000000000e+01,1.443207065327191958e+04
2.483333333333333215e+01,1.357369428110722947e+04
2.485416666666666430e+01,1.443336228311368905e+04
2.487500000000000000e+01,1.529112942688406474e+04
2.489583333333333215e+01,1.443100394249605597e+04
2.491666666666666430e+01,1.357197063221065400e+04
2.493750000000000000e+01,1.443062668325748382e+04
2.495833333333333215e+01,1.528905246141477983e+04
2.497916666666666430e+01,1.443052547900022182e+04
2.500000000000000000e+01,1.339541096304835810e+04
2.502083333333333215e+01,1.455177558953329935e+04
2.504166666666666430e+01,1.529092993941398527e+04
2.506250000000000000e+01,1.443296522371749597e+04
2.508333333333333215e+01,1.357467837854226309e+04
2.510416666666666430e+01,1.462359445166926162e+04
2.512500000000000000e+01,1.529132515211770442e+04
2.514583333333333215e+01,1.443257710347979810e+04
2.516666666666666430e+01,1.361727228470913178e+04
2.518750000000000000e+01,1.443342986177219427e+04
2.520833333333333215e+01,1.529056078316737330e+04
2.522916666666666430e+01,1.443044647605704449e+04
2.525000000000000000e+01,1.357182052175680292e+04
2.527083333333333215e+01,1.489390456410354091e+04
2.529166666666666430e+01,1.552180885248537743e+04
2.531250000000000000e+01,1.368335206771226149e+04
2.533333333333333215e+01,1.370807171903275957e+04
2.535416666666666430e+01,1.529623003411779428e+04
2.537500000000000000e+01,1.529416392823370188e+04
2.539583333333333215e+01,1.357510708441108727e+04
2.541666666666666430e+01,1.336476253840975914e+04
2.543750000000000000e+01,1.529564770496431083e+04
2.545833333333333215e+01,1.529324051788092038e+04
2.547916666666666430e+01,1.357311456043630460e+04
2.550000000000000000e+01,1.357135997241525547e+04
2.552083333333333215e+01,1.529123492021520724e+04
2.554166666666666430e+01,1.529115748049822651e+04
2.556250000000000000e+01,1.357127160448293580e+04
2.558333333333333215e+01,1.368986298241578697e+04
2.560416666666666430e+01,1.529369445992083274e+04
2.562500000000000000e+01,1.529241491043239876e+04
2.564583333333333215e+01,1.347644420788026036e+04
2.566666666666666430e+01,1.364405256947419912e+04
2.568750000000000000e+01,1.529548688952250086e+04
2.570833333333333215e+01,1.525999736559996745e+04
2.572916666666666430e+01,1.357912906494957133e+04
2.575000000000000000e+01,1.381042861906559119e+04
2.577083333333333215e+01,1.529689181240088874e+04
2.579166666666666430e+01,1.484219718247001947e+04
2.581250000000000000e+01,1.362665198631173917e+04
2.583333333333333215e+01,1.389968426543172973e+04
2.585416666666666430e+01,1.529407158428328330e+04
2.587500000000000000e+01,1.529339140939503704e+04
2.589583333333333215e+01,1.386242392281792127e+04
2.591666666666666430e+01,1.368579585423249955e+04
2.593750000000000000e+01,1.514363543073297478e+04
2.595833333333333215e+01,1.529565818102336925e+04
2.597916666666666430e+01,1.357549935306897169e+04
2.600000000000000000e+01,1.357299028774976250e+04
2.602083333333333215e+01,1.528957647268873188e+04
2.604166666666666430e+01,1.529101276297456934e+04
2.606250000000000000e+01,1.357237602750367660e+04
2.608333333333333215e+01,1.359915788710014749e+04
2.610416666666666430e+01,1.528895287975180690e+04
2.612500000000000000e+01,1.529039066986336184e+04
2.614583333333333215e+01,1.357182051152267377e+04
2.616666666666666430e+01,1.374427661477826041e+04
2.618750000000000000e+01,1.529201091841102607e+04
2.620833333333333215e+01,1.529204849975106117e+04
2.622916666666666430e+01,1.357268852625681029e+04
2.625000000000000000e+01,1.357172008274408654e+04
2.627083333333333215e+01,1.528906993069373493e+04
2.629166666666666430e+01,1.528975787170640251e+04
2.631250000000000000e+01,1.351042361349377825e+04
2.633333333333333215e+01,1.357189371623716579e+04
2.635416666666666430e+01,1.508018668719414927e+04
2.637500000000000000e+01,1.529253130416972272e+04
2.639583333333333215e+01,1.357395986027766776e+04
2.641666666666666430e+01,1.357463421087369716e+04
2.643750000000000000e+01,1.529215553657308919e+04
2.645833333333333215e+01,1.530541947772456115e+04
2.647916666666666430e+01,1.388694315637141335e+04
2.650000000000000000e+01,1.361705450882582227e+04
2.652083333333333215e+01,1.511649258601610200e+04
2.654166666666666430e+01,1.529323184720581776e+04
2.656250000000000000e+01,1.357251896544046758e+04
2.658333333333333215e+01,1.391290053890468334e+04
2.660416666666666430e+01,1.537260351281831026e+04
2.662500000000000000e+01,1.529474461368937409e+04
2.664583333333333215e+01,1.366485441279084625e+04
2.666666666666666430e+01,1.357621855978080930e+04
2.668750000000000000e+01,1.529355851290729333e+04
2.670833333333333215e+01,1.529332203167243279e+04
2.672916666666666430e+01,1.357419818037555524e+04
2.675000000000000000e+01,1.357361055113252587e+04
2.677083333333333215e+01,1.529078571020065647e+04
2.679166666666666430e+01,1.529230441826803144e+04
2.681250000000000000e+01,1.363196865861264814e+04
2.683333333333333215e+01,1.357309838262806807e+04
2.685416666666666430e+01,1.528990945120740071e+04
2.687500000000000000e+01,1.529320302904463097e+04
2.689583333333333215e+01,1.327465842428470205e+04
2.691666666666666430e+01,1.372446607246217536e+04
2.693750000000000000e+01,1.548706052807253582e+04
2.695833333333333215e+01,1.529812710765813608e+04
2.697916666666666430e+01,1.357763381236438363e+04
2.700000000000000000e+01,1.357449184327868716e+04
2.702083333333333215e+01,1.499982946800637001e+04
2.704166666666666430e+01,1.529404157848630348e+04
2.706250000000000000e+01,1.370123104141130534e+04
2.708333333333333215e+01,1.357484768720285501e+04
2.710416666666666430e+01,1.529133293400213006e+04
2.712500000000000000e+01,1.529200724211963461e+04
2.714583333333333215e+01,1.357310116362006374e+04
2.716666666666666430e+01,1.369222631959584396e+04
2.718750000000000000e+01,1.529266021224158612e+04
2.720833333333333215e+01,1.529245934004847004e+04
2.722916666666666430e+01,1.357311088144896348e+04
2.725000000000000000e+01,1.357288426364119368e+04
2.727083333333333215e+01,1.529050294926272545e+04
2.729166666666666430e+01,1.529057094727231379e+04
2.731250000000000000e+01,1.357151613049813750e+04
2.733333333333333215e+01,1.364303162501300903e+04
2.735416666666666430e+01,1.529194325969034617e+04
2.737500000000000000e+01,1.529090621546898547e+04
2.739583333333333215e+01,1.357127295250456882e+04
2.741666666666666430e+01,1.360482739623451926e+04
2.743750000000000000e+01,1.532438532801097972e+04
2.745833333333333215e+01,1.529028767020217128e+04
2.747916666666666430e+01,1.357049180397446980e+04
2.750000000000000000e+01,1.370429319990326985e+04
2.752083333333333215e+01,1.553655402671066622e+04
2.754166666666666430e+01,1.529411918641779266e+04
2.756250000000000000e+01,1.362799517183083299e+04
2.758333333333333215e+01,1.357626327708395911e+04
2.760416666666666430e+01,1.529340331313339630e+04
2.762500000000000000e+01,1.525745782370324014e+04
2.764583333333333215e+01,1.349372124259878547e+04
2.766666666666666430e+01,1.357658125144672158e+04
2.768750000000000000e+01,1.529310690754466486e+04
2.770833333333333215e+01,1.529466894252079146e+04
2.772916666666666430e+01,1.357518015573315643e+04
2.775000000000000000e+01,1.360178259445360527e+04
2.777083333333333215e+01,1.541583801559190033e+04
2.779166666666666430e+01,1.529352195192568979e+04
2.781250000000000000e+01,1.357331917633241392e+04
2.783333333333333215e+01,1.379179531479686921e+04
2.785416666666666430e+01,1.502531178749253377e+04
2.787500000000000000e+01,1.529536380996794469e+04
2.789583333333333215e+01,1.361445338188139431e+04
2.791666666666666430e+01,1.357612346179441374e+04
2.793750000000000000e+01,1.529242503875449256e+04
2.795833333333333215e+01,1.529213600836394471e+04
2.797916666666666430e+01,1.357290724224151927e+04
2.800000000000000000e+01,1.357200051179248476e+04
2.802083333333333215e+01,1.528923103337247449e+04
2.804166666666666430e+01,1.529091715380133610e+04
2.806250000000000000e+01,1.341612552064789270e+04
2.808333333333333215e+01,1.357296956086724822e+04
2.810416666666666430e+01,1.529052500118512035e+04
2.812500000000000000e+01,1.529315144917636280e+04
2.814583333333333215e+01,1.357475036489869672e+04
2.816666666666666430e+01,1.357281536633353244e+04
2.818750000000000000e+01,1.534879970603898983e+04
2.820833333333333215e+01,1.529195471452447237e+04
2.822916666666666430e+01,1.366005275465827799e+04
2.825000000000000000e+01,1.357261054283900739e+04
2.827083333333333215e+01,1.557176078590023099e+04
2.829166666666666430e+01,1.529321633939376625e+04
2.831250000000000000e+01,1.353885546318889828e+04
2.833333333333333215e+01,1.376978376918696813e+04
2.835416666666666430e+01,1.529524157196044689e+04
2.837500000000000000e+01,1.529475842132422986e+04
2.839583333333333215e+01,1.350039092254702337e+04
2.841666666666666430e+01,1.357371853735719924e+04
2.843750000000000000e+01,1.529001468096831013e+04
2.845833333333333215e+01,1.529174301123872283e+04
2.847916666666666430e+01,1.357328390748382299e+04
2.850000000000000000e+01,1.357104057093951997e+04
2.852083333333333215e+01,1.528787156487766333e+04
2.854166666666666430e+01,1.529072355725232774e+04
2.856250000000000000e+01,1.346150466230664097e+04
2.858333333333333215e+01,1.370401264131193238e+04
2.860416666666666430e+01,1.529141834162873783e+04
2.862500000000000000e+01,1.529354822307405630e+04
2.864583333333333215e+01,1.357485818747360099e+04
2.866666666666666430e+01,1.357226231494718013e+04
2.868750000000000000e+01,1.528915218498776812e+04
2.870833333333333215e+01,1.529115798293867192e+04
2.872916666666666430e+01,1.357263346680813629e+04
2.875000000000000000e+01,1.361781710726385791e+04
2.877083333333333215e+01,1.529034413029410280e+04
2.879166666666666430e+01,1.529052537218555153e+04
2.881250000000000000e+01,1.357120352733317486e+04
2.883333333333333215e+01,1.369667727877394645e+04
2.885416666666666430e+01,1.535190657928799919e+04
2.887500000000000000e+01,1.529114444108940734e+04
2.889583333333333215e+01,1.357053521106080734e+04
2.891666666666666430e+01,1.357359739727333363e+04
2.893750000000000000e+01,1.517670926731525105e+04
2.895833333333333215e+01,1.529200868361764515e+04
2.897916666666666430e+01,1.357204432634713885e+04
2.900000000000000000e+01,1.357684491448065455e+04
2.902083333333333215e+01,1.529574310401209732e+04
2.904166666666666430e+01,1.529194901806195048e+04
2.906250000000000000e+01,1.372306970641038788e+04
2.908333333333333215e+01,1.370094714849923548e+04
2.910416666666666430e+01,1.530602045804622685e+04
2.912500000000000000e+01,1.529304005414166750e+04
2.914583333333333215e+01,1.357224617188820048e+04
2.916666666666666430e+01,1.357401299751837360e+04
2.918750000000000000e+01,1.529215211126979921e+04
2.920833333333333215e+01,1.529083012951966521e+04
2.922916666666666430e+01,1.368939266708477226e+04
2.925000000000000000e+01,1.357605237974017291e+04
2.927083333333333215e+01,1.529194819545061910e+04
2.929166666666666430e+01,1.529203990543116015e+04
2.931250000000000000e+01,1.357284379666027598e+04
2.933333333333333215e+01,1.386192106838724430e+04
2.935416666666666430e+01,1.529670807937255449e+04
2.937500000000000000e+01,1.529530528703011805e+04
2.939583333333333215e+01,1.357507420951397944e+04
2.941666666666666430e+01,1.357394509130637016e+04
2.943750000000000000e+01,1.529110214444402300e+04
2.945833333333333215e+01,1.522122158607803794e+04
2.947916666666666430e+01,1.357456396076442616e+04
2.950000000000000000e+01,1.357302276121601608e+04
2.952083333333333215e+01,1.529004045650861735e+04
2.954166666666666430e+01,1.529145886954068192e+04
2.956250000000000000e+01,1.357287957592164094e+04
2.958333333333333215e+01,1.357133075492588250e+04
2.960416666666666430e+01,1.528851107661355854e+04
2.962500000000000000e+01,1.529078882146199612e+04
2.964583333333333215e+01,1.343069192955101244e+04
2.966666666666666430e+01,1.357257024818754144e+04
2.968750000000000000e+01,1.529010980644098163e+04
2.970833333333333215e+01,1.529229928943730920e+04
2.972916666666666430e+01,1.357372330669855728e+04
2.975000000000000000e+01,1.373680048556633483e+04
2.977083333333333215e+01,1.505676332806327628e+04
2.979166666666666430e+01,1.529607222258126058e+04
2.981250000000000000e+01,1.357655833336770593e+04
2.983333333333333215e+01,1.357682343555440093e+04
2.985416666666666430e+01,1.531129383229417726e+04
2.987500000000000000e+01,1.532703729285936060e+04
2.989583333333333215e+01,1.381566079432567858e+04
2.991666666666666430e+01,1.361807197317908140e+04
2.993750000000000000e+01,1.562669038980354526e+04
2.995833333333333215e+01,1.529385061388498434e+04
2.997916666666666430e+01,1.320858479619290665e+04
3.000000000000000000e+01,1.376280884330720437e+04
3.002083333333333215e+01,1.547269439260162471e+04
3.004166666666666430e+01,1.529878015565782698e+04
3.006250000000000000e+01,1.289792881561855756e+04
3.008333333333333215e+01,1.385654160223947474e+04
3.010416666666666430e+01,1.615491631570049140e+04
3.012500000000000000e+01,1.507812258424040920e+04
3.014583333333333215e+01,1.271688554071635008e+04
3.016666666666666430e+01,1.357504774798585277e+04
3.018750000000000000e+01,1.589246302724451380e+04
3.020833333333333215e+01,1.500422878130243771e+04
3.022916666666666430e+01,1.271929348145577387e+04
3.025000000000000000e+01,1.357722169276146087e+04
3.027083333333333215e+01,1.615156246695563459e+04
3.029166666666666430e+01,1.529011415113287148e+04
3.031250000000000000e+01,1.271332223262192565e+04
3.033333333333333215e+01,1.399042897272620030e+04
3.035416666666666430e+01,1.615531915020335509e+04
3.037500000000000000e+01,1.529366928239181652e+04
3.039583333333333215e+01,1.271607930840423796e+04
3.041666666666666430e+01,1.357457631218194001e+04
3.043750000000000000e+01,1.581811663769950610e+04
3.045833333333333215e+01,1.510019601395571590e+04
3.047916666666666430e+01,1.288798560286959037e+04
3.050000000000000000e+01,1.357610092818874546e+04
3.052083333333333215e+01,1.614674593759332492e+04
3.054166666666666430e+01,1.517119890913237032e+04
3.056250000000000000e+01,1.271300851371194585e+04
3.058333333333333215e+01,1.336553111414300656e+04
3.060416666666666430e+01,1.600066619707348582e+04
3.062500000000000000e+01,1.529461151777779378e+04
3.064583333333333215e+01,1.271402834688579242e+04
3.066666666666666430e+01,1.357310257546516732e+04
3.068750000000000000e+01,1.615248938301515955e+04
3.070833333333333215e+01,1.529282066251513970e+04
3.072916666666666430e+01,1.271267277607950018e+04
3.075000000000000000e+01,1.357114028801305540e+04
3.077083333333333215e+01,1.615046093760487565e+04
3.079166666666666430e+01,1.529151093222851705e+04
3.081250000000000000e+01,1.271207674929165660e+04
3.083333333333333215e+01,1.357091294269710124e+04
3.085416666666666430e+01,1.586010990281182967e+04
3.087500000000000000e+01,1.529205658287128972e+04
3.089583333333333215e+01,1.271344082788938249e+04
3.091666666666666430e+01,1.370219055197088164e+04
3.093750000000000000e+01,1.615053218992291295e+04
3.095833333333333215e+01,1.529046855817783580e+04
3.097916666666666430e+01,1.271374555089512796e+04
3.100000000000000000e+01,1.357284198153160833e+04
3.102083333333333215e+01,1.614858359038478739e+04
3.104166666666666430e+01,1.528908616313740640e+04
3.106250000000000000e+01,1.271344258939395513e+04
3.108333333333333215e+01,1.366020832660606902e+04
3.110416666666666430e+01,1.583122888428487568e+04
3.112500000000000000e+01,1.529157734728644573e+04
3.114583333333333215e+01,1.271725163632372642e+04
3.116666666666666430e+01,1.357595173784012513e+04
3.118750000000000000e+01,1.615028678602793661e+04
3.120833333333333215e+01,1.528985914234282609e+04
3.122916666666666430e+01,1.271460329272039235e+04
3.125000000000000000e+01,1.357415263410456100e+04
3.127083333333333215e+01,1.614913494684169564e+04
3.129166666666666430e+01,1.528937820586720045e+04
3.131250000000000000e+01,1.271361880141869915e+04
3.133333333333333215e+01,1.357334128732872705e+04
3.135416666666666430e+01,1.577145084146602676e+04
3.137500000000000000e+01,1.529136635302875220e+04
3.139583333333333215e+01,1.300007859975574684e+04
3.141666666666666430e+01,1.357564333488750708e+04
3.143750000000000000e+01,1.568501741543574099e+04
3.145833333333333215e+01,1.529300407783803530e+04
3.147916666666666430e+01,1.336301728372419893e+04
3.150000000000000000e+01,1.346679326669279908e+04
3.152083333333333215e+01,1.529278912976170977e+04
3.154166666666666430e+01,1.529102303894772922e+04
3.156250000000000000e+01,1.357296277899290362e+04
3.158333333333333215e+01,1.365146418507286216e+04
3.160416666666666430e+01,1.529070537246949607e+04
3.162500000000000000e+01,1.528898767092578782e+04
3.164583333333333215e+01,1.357178069550324290e+04
3.166666666666666430e+01,1.364868252570468030e+04
3.168750000000000000e+01,1.529511369567674774e+04
3.170833333333333215e+01,1.525957187980805611e+04
3.172916666666666430e+01,1.357890803530209814e+04
3.175000000000000000e+01,1.381826130213842771e+04
3.177083333333333215e+01,1.529632138255251630e+04
3.179166666666666430e+01,1.529240478788691689e+04
3.181250000000000000e+01,1.349360594056819173e+04
3.183333333333333215e+01,1.328586451639252118e+04
3.185416666666666430e+01,1.529263828183423902e+04
3.187500000000000000e+01,1.545688235258409259e+04
3.189583333333333215e+01,1.363491254524651595e+04
3.191666666666666430e+01,1.391186624645219854e+04
3.193750000000000000e+01,1.529366267906808571e+04
3.195833333333333215e+01,1.507064600617407632e+04
3.197916666666666430e+01,1.357614240042461097e+04
3.200000000000000000e+01,1.350596529403206296e+04
3.202083333333332860e+01,1.529659291549007321e+04
3.204166666666666430e+01,1.539990837288278635e+04
3.206250000000000000e+01,1.357652462106430539e+04
3.208333333333332860e+01,1.360470699932125717e+04
3.210416666666666430e+01,1.529107547507802883e+04
3.212500000000000000e+01,1.528876643455564408e+04
3.214583333333332860e+01,1.366281821707476047e+04
3.216666666666666430e+01,1.370497004819673020e+04
3.218750000000000000e+01,1.529308797809487442e+04
3.220833333333332860e+01,1.512212317982668537e+04
3.222916666666666430e+01,1.357593474736038843e+04
3.225000000000000000e+01,1.357457205506237733e+04
3.227083333333332860e+01,1.529036829622777441e+04
3.229166666666666430e+01,1.528797721037766314e+04
3.231250000000000000e+01,1.337999918454678118e+04
3.233333333333332860e+01,1.407701073308956984e+04
3.235416666666666430e+01,1.529863667339043604e+04
3.237500000000000000e+01,1.493186021623210763e+04
3.239583333333332860e+01,1.357938710974798960e+04
3.241666666666666430e+01,1.417756050779828001e+04
3.243750000000000000e+01,1.529474401572624629e+04
3.245833333333332860e+01,1.428849210462417250e+04
3.247916666666666430e+01,1.358453484184970876e+04
3.250000000000000000e+01,1.443304085979610682e+04
3.252083333333332860e+01,1.529114932726654661e+04
3.254166666666666430e+01,1.485464333435745721e+04
3.256250000000000000e+01,1.371600964249323806e+04
3.258333333333332860e+01,1.437478290070860021e+04
3.260416666666666430e+01,1.529403259073698064e+04
3.262500000000000000e+01,1.443466662323821583e+04
3.264583333333332860e+01,1.357351687434191990e+04
3.266666666666666430e+01,1.442741499191309413e+04
3.268750000000000000e+01,1.529062260086995593e+04
3.270833333333332860e+01,1.443079022786071073e+04
3.272916666666666430e+01,1.357150535582897282e+04
3.275000000000000000e+01,1.405706395275310206e+04
3.277083333333332860e+01,1.529155166419090892e+04
3.279166666666666430e+01,1.489581519714092065e+04
3.281250000000000000e+01,1.371649185587693137e+04
3.283333333333332860e+01,1.360580497839033342e+04
3.285416666666666430e+01,1.563197388470088117e+04
3.287500000000000000e+01,1.529462869544732530e+04
3.289583333333332860e+01,1.312448226362982314e+04
3.291666666666666430e+01,1.357522140132140339e+04
3.293750000000000000e+01,1.609389705830610910e+04
3.295833333333332860e+01,1.503343718345300658e+04
3.297916666666666430e+01,1.271458773922024193e+04
3.300000000000000000e+01,1.363102563333586659e+04
3.302083333333332860e+01,1.599859912570573579e+04
3.304166666666666430e+01,1.529376043600153571e+04
3.306250000000000000e+01,1.271410272074038949e+04
3.308333333333332860e+01,1.357340137747652989e+04
3.310416666666666430e+01,1.615123758623415779e+04
3.312500000000000000e+01,1.524994875822261383e+04
3.314583333333332860e+01,1.271157890018681064e+04
3.316666666666666430e+01,1.357104556708993914e+04
3.318750000000000000e+01,1.612667863570572081e+04
3.320833333333332860e+01,1.528993816051103204e+04
3.322916666666666430e+01,1.270973710988702078e+04
3.325000000000000000e+01,1.351436718379464583e+04
3.327083333333332860e+01,1.607461188561203380e+04
3.329166666666666430e+01,1.509023580926468276e+04
3.331250000000000000e+01,1.271533230194250064e+04
3.333333333333332860e+01,1.357544435700084068e+04
3.335416666666666430e+01,1.615440457116517064e+04
3.337500000000000000e+01,1.529292095777235954e+04
3.339583333333332860e+01,1.278266065505200095e+04
3.341666666666666430e+01,1.381752278946116712e+04
3.343750000000000000e+01,1.615258725077208146e+04
3.345833333333332860e+01,1.522482569531804620e+04
3.347916666666666430e+01,1.271343959880855982e+04
3.350000000000000000e+01,1.357296114326612951e+04
3.352083333333332860e+01,1.573696493785472921e+04
3.354166666666666430e+01,1.521617907302965250e+04
3.356250000000000000e+01,1.325674519093588606e+04
3.358333333333332860e+01,1.357641789513016920e+04
3.360416666666666430e+01,1.529243818826743154e+04
3.362500000000000000e+01,1.529064505903290046e+04
3.364583333333332860e+01,1.357276308232099836e+04
3.366666666666666430e+01,1.357439231869409923e+04
3.368750000000000000e+01,1.528970333499624394e+04
3.370833333333332860e+01,1.528820392507190991e+04
3.372916666666666430e+01,1.394824005003325146e+04
3.375000000000000000e+01,1.366396935887355357e+04
3.377083333333332860e+01,1.529387900245311175e+04
3.379166666666666430e+01,1.529222416730194891e+04
3.381250000000000000e+01,1.357468767097168529e+04
3.383333333333332860e+01,1.346897510977882484e+04
3.385416666666666430e+01,1.529491091983538718e+04
3.387500000000000000e+01,1.529235136879765560e+04
3.389583333333332860e+01,1.357379436170863846e+04
3.391666666666666430e+01,1.357275355907793346e+04
3.393750000000000000e+01,1.529046921448737703e+04
3.395833333333332860e+01,1.528913630333535912e+04
3.397916666666666430e+01,1.354148184015079460e+04
3.400000000000000000e+01,1.348656937798235595e+04
3.402083333333332860e+01,1.529734786963586157e+04
3.404166666666666430e+01,1.577310472285696960e+04
3.406250000000000000e+01,1.357777637199095989e+04
3.408333333333332860e+01,1.282218716652352305e+04
3.410416666666666430e+01,1.529242340619057359e+04
3.412500000000000000e+01,1.608614296983702297e+04
3.414583333333332860e+01,1.357480392552647027e+04
3.416666666666666430e+01,1.271458297435928398e+04
3.418750000000000000e+01,1.529074978937584092e+04
3.420833333333332860e+01,1.604698720410930036e+04
3.422916666666666430e+01,1.357349513321325867e+04
3.425000000000000000e+01,1.271416979651980000e+04
3.427083333333332860e+01,1.529114018980156470e+04
3.429166666666666430e+01,1.614921679819888595e+04
3.431250000000000000e+01,1.357122493025553194e+04
3.433333333333332860e+01,1.271211703841714188e+04
3.435416666666666430e+01,1.528970593699073288e+04
3.437500000000000000e+01,1.587876201551878330e+04
3.439583333333332860e+01,1.354915773837293455e+04
3.441666666666666430e+01,1.271240394759720584e+04
3.443750000000000000e+01,1.529044412812587325e+04
3.445833333333332860e+01,1.615100766729589668e+04
3.447916666666666430e+01,1.357195581135609609e+04
3.450000000000000000e+01,1.271039584622914845e+04
3.452083333333332860e+01,1.528894348334400638e+04
3.454166666666666430e+01,1.584277062955262227e+04
3.456250000000000000e+01,1.346525321530648580e+04
3.458333333333332860e+01,1.271465472850881270e+04
3.460416666666666430e+01,1.529362240304344596e+04
3.462500000000000000e+01,1.615501790410657850e+04
3.464583333333332860e+01,1.357568897488340735e+04
3.466666666666666430e+01,1.271387511065544822e+04
3.468750000000000000e+01,1.529113883359152169e+04
3.470833333333332860e+01,1.615087289448205411e+04
3.472916666666666430e+01,1.357315335648623295e+04
3.475000000000000000e+01,1.309797360499114802e+04
3.477083333333332860e+01,1.529134327959674920e+04
3.479166666666666430e+01,1.569988792697267490e+04
3.481250000000000000e+01,1.349865839121145109e+04
3.483333333333332860e+01,1.353696535699355445e+04
3.485416666666666430e+01,1.500100267290732518e+04
3.487500000000000000e+01,1.529491196905156175e+04
3.489583333333332860e+01,1.384962651947479753e+04
3.491666666666666430e+01,1.357470034580509309e+04
3.493750000000000000e+01,1.518216960827708317e+04
3.495833333333332860e+01,1.529349687383987475e+04
3.497916666666666430e+01,1.357381299540743203e+04
3.500000000000000000e+01,1.379221363711548474e+04
3.502083333333332860e+01,1.529464565026632772e+04
3.504166666666666430e+01,1.529279822240936119e+04
3.506250000000000000e+01,1.357225456232820216e+04
3.508333333333332860e+01,1.357312501919296483e+04
3.510416666666666430e+01,1.553891102332282753e+04
3.512500000000000000e+01,1.529136354132011547e+04
3.514583333333332860e+01,1.352829922564372464e+04
3.516666666666666430e+01,1.357509474521432276e+04
3.518750000000000000e+01,1.494922540510170074e+04
3.520833333333332860e+01,1.529353355600344366e+04
3.522916666666666430e+01,1.399585464565933216e+04
3.525000000000000000e+01,1.357757278431823579e+04
3.527083333333332860e+01,1.462745022372405219e+04
3.529166666666666430e+01,1.537708713436584731e+04
3.531250000000000000e+01,1.443520540736535258e+04
3.533333333333332860e+01,1.357387407845485359e+04
3.535416666666666430e+01,1.443105576971857590e+04
3.537500000000000000e+01,1.529090128171764081e+04
3.539583333333332860e+01,1.443250540797138092e+04
3.541666666666666430e+01,1.357177479464792123e+04
3.543750000000000000e+01,1.443019938640332839e+04
3.545833333333332860e+01,1.529096494268267270e+04
3.547916666666666430e+01,1.443224490982310454e+04
3.550000000000000000e+01,1.357183531353087528e+04
3.552083333333332860e+01,1.472289734698377288e+04
3.554166666666666430e+01,1.529238310505665504e+04
3.556250000000000000e+01,1.443177860940821120e+04
3.558333333333332860e+01,1.368106989248076570e+04
3.560416666666666430e+01,1.443350747772087561e+04
3.562500000000000000e+01,1.529197472746533822e+04
3.564583333333332860e+01,1.443080215143169335e+04
3.566666666666666430e+01,1.357078269052735413e+04
3.568750000000000000e+01,1.455829672608313558e+04
3.570833333333332860e+01,1.541253157423075027e+04
3.572916666666666430e+01,1.443107213973433318e+04
3.575000000000000000e+01,1.357233531036520799e+04
3.577083333333332860e+01,1.467069498412231769e+04
3.579166666666666430e+01,1.529386454330171910e+04
3.581250000000000000e+01,1.443237495583994314e+04
3.583333333333332860e+01,1.357424590794407777e+04
3.585416666666666430e+01,1.443430271267176431e+04
3.587500000000000000e+01,1.529139038077065197e+04
3.589583333333332860e+01,1.443092058874335635e+04
3.591666666666666430e+01,1.334440339407368810e+04
3.593750000000000000e+01,1.444413037088850251e+04
3.595833333333332860e+01,1.529046101951252786e+04
3.597916666666666430e+01,1.443091296338003303e+04
3.600000000000000000e+01,1.365625941241426335e+04
3.602083333333332860e+01,1.471989764694493351e+04
3.604166666666666430e+01,1.531398538680324782e+04
3.606250000000000000e+01,1.420040136902148515e+04
3.608333333333332860e+01,1.357605988402189178e+04
3.610416666666666430e+01,1.451910335096662311e+04
3.612500000000000000e+01,1.530545027676194150e+04
3.614583333333332860e+01,1.443064591971090340e+04
3.616666666666666430e+01,1.357140542660903520e+04
3.618750000000000000e+01,1.458817329107325349e+04
3.620833333333332860e+01,1.547430098662816454e+04
3.622916666666666430e+01,1.443177686532787993e+04
3.625000000000000000e+01,1.357294553752116917e+04
3.627083333333332860e+01,1.443355350819823798e+04
3.629166666666666430e+01,1.529158524022900019e+04
3.631250000000000000e+01,1.443059630725419629e+04
3.633333333333332860e+01,1.348300086508245295e+04
3.635416666666666430e+01,1.468236272309626293e+04
3.637500000000000000e+01,1.529158719017533076e+04
3.639583333333332860e+01,1.443197419535086738e+04
3.641666666666666430e+01,1.351715769051341340e+04
3.643750000000000000e+01,1.443135174875524535e+04
3.645833333333332860e+01,1.528960728499696779e+04
3.647916666666666430e+01,1.443196676655223564e+04
3.650000000000000000e+01,1.354680857310554347e+04
3.652083333333332860e+01,1.442991959327135191e+04
3.654166666666666430e+01,1.528927604921032980e+04
3.656250000000000000e+01,1.443293526963875411e+04
3.658333333333332860e+01,1.351415193394633752e+04
3.660416666666666430e+01,1.443116029397852981e+04
3.662500000000000000e+01,1.529012608955042379e+04
3.664583333333332860e+01,1.443342615561769344e+04
3.666666666666666430e+01,1.387314946808895911e+04
3.668750000000000000e+01,1.443434241575443230e+04
3.670833333333332860e+01,1.529124187813044409e+04
3.672916666666666430e+01,1.443316623219350004e+04
3.675000000000000000e+01,1.357499043149048157e+04
3.677083333333332860e+01,1.443285598702742209e+04
3.679166666666666430e+01,1.532281890920369915e+04
3.681250000000000000e+01,1.443016430908449547e+04
3.683333333333332860e+01,1.379563653878219702e+04
3.685416666666666430e+01,1.449854140292229931e+04
3.687500000000000000e+01,1.561839657359513876e+04
3.689583333333332860e+01,1.443383117415220113e+04
3.691666666666666430e+01,1.316447869460064976e+04
3.693750000000000000e+01,1.443932296025639880e+04
3.695833333333332860e+01,1.599805308256983335e+04
3.697916666666666430e+01,1.431860792727456283e+04
3.700000000000000000e+01,1.271904980021070514e+04
3.702083333333332860e+01,1.443659379006308518e+04
3.704166666666666430e+01,1.607598113230839590e+04
3.706250000000000000e+01,1.443100474554821267e+04
3.708333333333332860e+01,1.271582465743474313e+04
3.710416666666666430e+01,1.443456117733883366e+04
3.712500000000000000e+01,1.609508112351227828e+04
3.714583333333332860e+01,1.442947359578589749e+04
3.716666666666666430e+01,1.271477577784742971e+04
3.718750000000000000e+01,1.450845054690473262e+04
3.720833333333332860e+01,1.607407520470517920e+04
3.722916666666666430e+01,1.443103496126573009e+04
3.725000000000000000e+01,1.271561723919365977e+04
3.727083333333332860e+01,1.443411382659361334e+04
3.729166666666666430e+01,1.614999318161921474e+04
3.731250000000000000e+01,1.443015000828681514e+04
3.733333333333332860e+01,1.271333036303680274e+04
3.735416666666666430e+01,1.443136026987573860e+04
3.737500000000000000e+01,1.594040533572849745e+04
3.739583333333332860e+01,1.434281766799349862e+04
3.741666666666666430e+01,1.271549652920837616e+04
3.743750000000000000e+01,1.443165334148843249e+04
3.745833333333332860e+01,1.615236792326355499e+04
3.747916666666666430e+01,1.422603284952672766e+04
3.750000000000000000e+01,1.271417714245805473e+04
3.752083333333332860e+01,1.443071721666184385e+04
3.754166666666666430e+01,1.615388261257192426e+04
3.756250000000000000e+01,1.425398533083433722e+04
3.758333333333332860e+01,1.271590660296901842e+04
3.760416666666666430e+01,1.443287003089133214e+04
3.762500000000000000e+01,1.615497740952008826e+04
3.764583333333332860e+01,1.443617157182363007e+04
3.766666666666666430e+01,1.271554035194789685e+04
3.768750000000000000e+01,1.502094060040434488e+04
3.770833333333332860e+01,1.615498251701752088e+04
3.772916666666666430e+01,1.400200070969382068e+04
3.775000000000000000e+01,1.271888616855387590e+04
3.777083333333332860e+01,1.463980429024412661e+04
3.779166666666666430e+01,1.615298137225838218e+04
3.781250000000000000e+01,1.443265086741953201e+04
3.783333333333332860e+01,1.271492409915767712e+04
3.785416666666666430e+01,1.443242504995433410e+04
3.787500000000000000e+01,1.600217578340789260e+04
3.789583333333332860e+01,1.440775881934534118e+04
3.791666666666666430e+01,1.271532258350206030e+04
3.793750000000000000e+01,1.443515631821540956e+04
3.795833333333332860e+01,1.614950190237257266e+04
3.797916666666666430e+01,1.432047827233472344e+04
3.800000000000000000e+01,1.271424277042766334e+04
3.802083333333332860e+01,1.461815718246532197e+04
3.804166666666666430e+01,1.604855156882652227e+04
3.806250000000000000e+01,1.443558922590733346e+04
3.808333333333332860e+01,1.271796353558448027e+04
3.810416666666666430e+01,1.443521960929755369e+04
3.812500000000000000e+01,1.615266713679995155e+04
3.814583333333332860e+01,1.411446132041820238e+04
3.816666666666666430e+01,1.271607762512812769e+04
3.818750000000000000e+01,1.459431243288776386e+04
3.820833333333332860e+01,1.607887683525877947e+04
3.822916666666666430e+01,1.443395688507431259e+04
3.825000000000000000e+01,1.271424607127899435e+04
3.827083333333332860e+01,1.443112360600998363e+04
3.829166666666666430e+01,1.614794474819625248e+04
3.831250000000000000e+01,1.432951227335069052e+04
3.833333333333332860e+01,1.271308659577968137e+04
3.835416666666666430e+01,1.443058834321986433e+04
3.837500000000000000e+01,1.593409161710135595e+04
3.839583333333332860e+01,1.443587350203144888e+04
3.841666666666666430e+01,1.271562602374773269e+04
3.843750000000000000e+01,1.463691415803420387e+04
3.845833333333332860e+01,1.615322477165973032e+04
3.847916666666666430e+01,1.441229359840534380e+04
3.850000000000000000e+01,1.271582517728496168e+04
3.852083333333332860e+01,1.443287150916565224e+04
3.854166666666666430e+01,1.615258981259547363e+04
3.856250000000000000e+01,1.428278384517423910e+04
3.858333333333332860e+01,1.271483903721236129e+04
3.860416666666666430e+01,1.443101304314407389e+04
3.862500000000000000e+01,1.615190011422148018e+04
3.864583333333332860e+01,1.443357697579277010e+04
3.866666666666666430e+01,1.271243726499096738e+04
3.868750000000000000e+01,1.442912320957498741e+04
3.870833333333332860e+01,1.615085577326051862e+04
3.872916666666666430e+01,1.443300377194201428e+04
3.875000000000000000e+01,1.271177384951014392e+04
3.877083333333332860e+01,1.442847450116823529e+04
3.879166666666666430e+01,1.609427296281443705e+04
3.881250000000000000e+01,1.423135605768063760e+04
3.883333333333332860e+01,1.271502578757927404e+04
3.885416666666666430e+01,1.443210758603193608e+04
3.887500000000000000e+01,1.599209957649894932e+04
3.889583333333332860e+01,1.443742256065606125e+04
3.891666666666666430e+01,1.276377349312292063e+04
3.893750000000000000e+01,1.475951747693872312e+04
3.895833333333332860e+01,1.615291827003449362e+04
3.897916666666666430e+01,1.404044025715046882e+04
3.900000000000000000e+01,1.271752947306369242e+04
3.902083333333332860e+01,1.526564527488702515e+04
3.904166666666666430e+01,1.607429642544766830e+04
3.906250000000000000e+01,1.357494813044871626e+04
3.908333333333332860e+01,1.271762232389517885e+04
3.910416666666666430e+01,1.529512672693930654e+04
3.912500000000000000e+01,1.615171586033671701e+04
3.914583333333332860e+01,1.315674586717581769e+04
3.916666666666666430e+01,1.271693945890652321e+04
3.918750000000000000e+01,1.559747381703529754e+04
3.920833333333332860e+01,1.615205042782568489e+04
3.922916666666666430e+01,1.302474680688694571e+04
3.925000000000000000e+01,1.271659462743508266e+04
3.927083333333332860e+01,1.610954586451022624e+04
3.929166666666666430e+01,1.572986164726588686e+04
3.931250000000000000e+01,1.271610800975146776e+04
3.933333333333332860e+01,1.317819575043031728e+04
3.935416666666666430e+01,1.615346680637405007e+04
3.937500000000000000e+01,1.479147412749085561e+04
3.939583333333332860e+01,1.271940777827817874e+04
3.941666666666666430e+01,1.385089806437224979e+04
3.943750000000000000e+01,1.615520458659007272e+04
3.945833333333332860e+01,1.513828994776130639e+04
3.947916666666666430e+01,1.271523355327318131e+04
3.950000000000000000e+01,1.357309939718775786e+04
3.952083333333332860e+01,1.615057666359765426e+04
3.954166666666666430e+01,1.529080911890554853e+04
3.956250000000000000e+01,1.271209217228700072e+04
3.958333333333332860e+01,1.365217150634379868e+04
3.960416666666666430e+01,1.604006990626104380e+04
3.962500000000000000e+01,1.529123123318544822e+04
3.964583333333332860e+01,1.271238185600714860e+04
3.966666666666666430e+01,1.357216305572222336e+04
3.968750000000000000e+01,1.587065675280322102e+04
3.970833333333332860e+01,1.529055727451299754e+04
3.972916666666666430e+01,1.271323392586690898e+04
3.975000000000000000e+01,1.389757180642900857e+04
3.977083333333332860e+01,1.615408983949947651e+04
3.979166666666666430e+01,1.525463822466143029e+04
3.981250000000000000e+01,1.271585752534722997e+04
3.983333333333332860e+01,1.357434962027691654e+04
3.985416666666666430e+01,1.615039941122104574e+04
3.987500000000000000e+01,1.508205988814475859e+04
3.989583333333332860e+01,1.271453069750660507e+04
3.991666666666666430e+01,1.357240649362789918e+04
3.993750000000000000e+01,1.614969249423655128e+04
3.995833333333332860e+01,1.529050804632822110e+04
3.997916666666666430e+01,1.271241027192992624e+04
4.000000000000000000e+01,1.357130712313809272e+04
4.002083333333332860e+01,1.576168407518424647e+04
4.004166666666666430e+01,1.529114878649888124e+04
4.006250000000000000e+01,1.303267899653282439e+04
4.008333333333332860e+01,1.378703551726537989e+04
4.010416666666666430e+01,1.564581059831446692e+04
4.012500000000000000e+01,1.529365680949133093e+04
4.014583333333332860e+01,1.353208832552601598e+04
4.016666666666666430e+01,1.319752844170237222e+04
4.018750000000000000e+01,1.529335868488691631e+04
4.020833333333332860e+01,1.566750961977595580e+04
4.022916666666666430e+01,1.357560316190235244e+04
4.025000000000000000e+01,1.284286613033953108e+04
4.027083333333332860e+01,1.532610966484855089e+04
4.029166666666666430e+01,1.615047128318710384e+04
4.031250000000000000e+01,1.357237372858115850e+04
4.033333333333332860e+01,1.271287145643531403e+04
4.035416666666666430e+01,1.528960502455516325e+04
4.037500000000000000e+01,1.614851127160937176e+04
4.039583333333332860e+01,1.324829255640741030e+04
4.041666666666666430e+01,1.271391835795331644e+04
4.043750000000000000e+01,1.537429365863569910e+04
4.045833333333332860e+01,1.615049221442380076e+04
4.047916666666666430e+01,1.357255285241141610e+04
4.050000000000000000e+01,1.271262899941716023e+04
4.052083333333332860e+01,1.528948625042383719e+04
4.054166666666666430e+01,1.614877021930710907e+04
4.056250000000000000e+01,1.342214615538803992e+04
4.058333333333332860e+01,1.271272006221348784e+04
4.060416666666666430e+01,1.528959031345544645e+04
4.062500000000000000e+01,1.614954786690935725e+04
4.064583333333332860e+01,1.352986091343888984e+04
4.066666666666666430e+01,1.271150598312310467e+04
4.068750000000000000e+01,1.528854653173696715e+04
4.070833333333332860e+01,1.606000090734282639e+04
4.072916666666666430e+01,1.329196050522181031e+04
4.075000000000000000e+01,1.271397679003770827e+04
4.077083333333332860e+01,1.548146547324350104e+04
4.079166666666666430e+01,1.615402310300661338e+04
4.081250000000000000e+01,1.357407755926324535e+04
4.083333333333332860e+01,1.271174559289094032e+04
4.085416666666666430e+01,1.528941063812316861e+04
4.087500000000000000e+01,1.583167355043865609e+04
4.089583333333332860e+01,1.341362492476786792e+04
4.091666666666666430e+01,1.271504098827751659e+04
4.093750000000000000e+01,1.529353730842555524e+04
4.095833333333332860e+01,1.615380571811763730e+04
4.097916666666666430e+01,1.357463254423995022e+04
4.100000000000000000e+01,1.292146000930062655e+04
4.102083333333332860e+01,1.529260652740589285e+04
4.104166666666666430e+01,1.615063733463175231e+04
4.106250000000000000e+01,1.357251385566562749e+04
4.108333333333332860e+01,1.271357327824380991e+04
4.110416666666666430e+01,1.529083133412697134e+04
4.112500000000000000e+01,1.614880166818577345e+04
4.114583333333332860e+01,1.357129231663844985e+04
4.116666666666666430e+01,1.271337941914941985e+04
4.118750000000000000e+01,1.529091298096386527e+04
4.120833333333332860e+01,1.606724717965969467e+04
4.122916666666666430e+01,1.331482614550136350e+04
4.125000000000000000e+01,1.271569902582593932e+04
4.127083333333332860e+01,1.529195324584267655e+04
4.129166666666666430e+01,1.615016529479361998e+04
4.131250000000000000e+01,1.357170749097433145e+04
4.133333333333332860e+01,1.271208593384039705e+04
4.135416666666666430e+01,1.528986165822268958e+04
4.137500000000000000e+01,1.614930144960992402e+04
4.139583333333332860e+01,1.333446325944006821e+04
4.141666666666666430e+01,1.271237512652106670e+04
4.143750000000000000e+01,1.529062034340538958e+04
4.145833333333332860e+01,1.587348748815175713e+04
4.147916666666666430e+01,1.357430491667872047e+04
4.150000000000000000e+01,1.292253776711892715e+04
4.152083333333332860e+01,1.529361940344978575e+04
4.154166666666666430e+01,1.615268981158867973e+04
4.156250000000000000e+01,1.351202753533775103e+04
4.158333333333332860e+01,1.271221304770517236e+04
4.160416666666666430e+01,1.528968704273923504e+04
4.162500000000000000e+01,1.611277917061357584e+04
4.164583333333332860e+01,1.321636669451532725e+04
4.166666666666666430e+01,1.271397320963210950e+04
4.168750000000000000e+01,1.562466714502101240e+04
4.170833333333332860e+01,1.615471593786053563e+04
4.172916666666666430e+01,1.307938237678891528e+04
4.175000000000000000e+01,1.271500736131078884e+04
4.177083333333332860e+01,1.610106098371213375e+04
4.179166666666666430e+01,1.552413797038057601e+04
4.181250000000000000e+01,1.271737604792489583e+04
4.183333333333332860e+01,1.323469099422600993e+04
4.185416666666666430e+01,1.615651733625096676e+04
4.187500000000000000e+01,1.552907282794599087e+04
4.189583333333332860e+01,1.271830485794174820e+04
4.191666666666666430e+01,1.357475778287561116e+04
4.193750000000000000e+01,1.599667791146924719e+04
4.195833333333332860e+01,1.529263122543539794e+04
4.197916666666666430e+01,1.271345688574279848e+04
4.200000000000000000e+01,1.357195321849168977e+04
4.202083333333332860e+01,1.614929921448482492e+04
4.204166666666666430e+01,1.528942922409109451e+04
4.206250000000000000e+01,1.271122008171055495e+04
4.208333333333332860e+01,1.339282889409625568e+04
4.210416666666666430e+01,1.600540322405731422e+04
4.212500000000000000e+01,1.529107804720638887e+04
4.214583333333332860e+01,1.271310615792420867e+04
4.216666666666666430e+01,1.357307976911971491e+04
4.218750000000000000e+01,1.614993484058988179e+04
4.220833333333332860e+01,1.528954378043930410e+04
4.222916666666666430e+01,1.271214374433877310e+04
4.225000000000000000e+01,1.357179914603748693e+04
4.227083333333332860e+01,1.614870490804422661e+04
4.229166666666666430e+01,1.528869296392763135e+04
4.231250000000000000e+01,1.271141987685400090e+04
4.233333333333332860e+01,1.353847546167055771e+04
4.235416666666666430e+01,1.577606176229314224e+04
4.237500000000000000e+01,1.529106063472452297e+04
4.239583333333332860e+01,1.308981008286724318e+04
4.241666666666666430e+01,1.357569322873629790e+04
4.243750000000000000e+01,1.545552844295429531e+04
4.245833333333332860e+01,1.529131176849794792e+04
4.247916666666666430e+01,1.357344111082068412e+04
4.250000000000000000e+01,1.397421557618973384e+04
4.252083333333332860e+01,1.529255641443681816e+04
4.254166666666666430e+01,1.489926334324037452e+04
4.256250000000000000e+01,1.357597555257262502e+04
4.258333333333332860e+01,1.442920137839349263e+04
4.260416666666666430e+01,1.523056028004096152e+04
4.262500000000000000e+01,1.443450861411384540e+04
4.264583333333332860e+01,1.357425511262411965e+04
4.266666666666666430e+01,1.439191043244925095e+04
4.268750000000000000e+01,1.529025571117145591e+04
4.270833333333332860e+01,1.443032743946574556e+04
4.272916666666666430e+01,1.385957634589387453e+04
4.275000000000000000e+01,1.443315027116387500e+04
4.277083333333332860e+01,1.529031689755956177e+04
4.279166666666666430e+01,1.443042313557987654e+04
4.281250000000000000e+01,1.357226946040007169e+04
4.283333333333332860e+01,1.443202114838640045e+04
4.285416666666666430e+01,1.528961044713771116e+04
4.287500000000000000e+01,1.442904132821920939e+04
4.289583333333332860e+01,1.357151500130406566e+04
4.291666666666666430e+01,1.440626057957843295e+04
4.293750000000000000e+01,1.529016621351551657e+04
4.295833333333332860e+01,1.442966750805457923e+04
4.297916666666666430e+01,1.378177496114295354e+04
4.300000000000000000e+01,1.443406705103573768e+04
4.302083333333332860e+01,1.529073894725385981e+04
4.304166666666666430e+01,1.443061557549202553e+04
4.306250000000000000e+01,1.357280775763588099e+04
4.308333333333332860e+01,1.443174733378636665e+04
4.310416666666666430e+01,1.528899609126819269e+04
4.312500000000000000e+01,1.463232227428000260e+04
4.314583333333332860e+01,1.368134783562580196e+04
4.316666666666666430e+01,1.443819631248335281e+04
4.318750000000000000e+01,1.529096927938948647e+04
4.320833333333332860e+01,1.443293982279035117e+04
4.322916666666666430e+01,1.357335561153957315e+04
4.325000000000000000e+01,1.446028747032519823e+04
4.327083333333332860e+01,1.529011446231523587e+04
4.329166666666666430e+01,1.466866946647125224e+04
4.331250000000000000e+01,1.380890907876467099e+04
4.333333333333332860e+01,1.443343673064705581e+04
4.335416666666666430e+01,1.529377337306249319e+04
4.337500000000000000e+01,1.443610000687465072e+04
4.339583333333332860e+01,1.357520019515112654e+04
4.341666666666666430e+01,1.433437975766340969e+04
4.343750000000000000e+01,1.529200805008073439e+04
4.345833333333332860e+01,1.443267430788217825e+04
4.347916666666666430e+01,1.357289115397292699e+04
4.350000000000000000e+01,1.443094280465974953e+04
4.352083333333332860e+01,1.528898184125711123e+04
4.354166666666666430e+01,1.442991425149727002e+04
4.356250000000000000e+01,1.399480186264146687e+04
4.358333333333332860e+01,1.435155886994925822e+04
4.360416666666666430e+01,1.471943743119758437e+04
4.362500000000000000e+01,1.443376475674028552e+04
4.364583333333332860e+01,1.443416423099788517e+04
4.366666666666666430e+01,1.443329824712490154e+04
4.368750000000000000e+01,1.443244769542494760e+04
4.370833333333332860e+01,1.451048639818073934e+04
4.372916666666666430e+01,1.443263095253455322e+04
4.375000000000000000e+01,1.443091907076062853e+04
4.377083333333332860e+01,1.455911682040995584e+04
4.379166666666666430e+01,1.509642896141091842e+04
4.381250000000000000e+01,1.443563793622421508e+04
4.383333333333332860e+01,1.371654767317233564e+04
4.385416666666666430e+01,1.443873432667714223e+04
4.387500000000000000e+01,1.536731180328875780e+04
4.389583333333332860e+01,1.436314300679842563e+04
4.391666666666666430e+01,1.285907129540867027e+04
4.393750000000000000e+01,1.452533101669372263e+04
4.395833333333332860e+01,1.615368346379138529e+04
4.397916666666666430e+01,1.443289346146544631e+04
4.400000000000000000e+01,1.271473248118272386e+04
4.402083333333332860e+01,1.443214869039268160e+04
4.404166666666666430e+01,1.614981784728830826e+04
4.406250000000000000e+01,1.443049325404229967e+04
4.408333333333332860e+01,1.271223767770206905e+04
4.410416666666666430e+01,1.442979057519534035e+04
4.412500000000000000e+01,1.614887196046037570e+04
4.414583333333332860e+01,1.407524039981066380e+04
4.416666666666666430e+01,1.271414883232454304e+04
4.418750000000000000e+01,1.482826633754193244e+04
4.420833333333332860e+01,1.606326446258774013e+04
4.422916666666666430e+01,1.387590082689947303e+04
4.425000000000000000e+01,1.271748213274114096e+04
4.427083333333332860e+01,1.529393758651647295e+04
4.429166666666666430e+01,1.615142326510016574e+04
4.431250000000000000e+01,1.357186943205538410e+04
4.433333333333332860e+01,1.271194892915391392e+04
4.435416666666666430e+01,1.528999092551901049e+04
4.437500000000000000e+01,1.586312636198813198e+04
4.439583333333332860e+01,1.354735659218716683e+04
4.441666666666666430e+01,1.271203512732233139e+04
4.443750000000000000e+01,1.529045446632720996e+04
4.445833333333332860e+01,1.615140362584307150e+04
4.447916666666666430e+01,1.353141783343159841e+04
4.450000000000000000e+01,1.271061334372471174e+04
4.452083333333332860e+01,1.528898104715363297e+04
4.454166666666666430e+01,1.594195130201898428e+04
4.456250000000000000e+01,1.342036053384789557e+04
4.458333333333332860e+01,1.271399561097833430e+04
4.460416666666666430e+01,1.529286651642466677e+04
4.462500000000000000e+01,1.615465325246763678e+04
4.464583333333332860e+01,1.357521957531428052e+04
4.466666666666666430e+01,1.271317586092997590e+04
4.468750000000000000e+01,1.529122235511793770e+04
4.470833333333332860e+01,1.615139451593564809e+04
4.472916666666666430e+01,1.357254884734898587e+04
4.475000000000000000e+01,1.271207860811907449e+04
4.477083333333332860e+01,1.528976840737697421e+04
4.479166666666666430e+01,1.614927567898478810e+04
4.481250000000000000e+01,1.346711972370997682e+04
4.483333333333332860e+01,1.271288869924480241e+04
4.485416666666666430e+01,1.528929213601569427e+04
4.487500000000000000e+01,1.614843965312338696e+04
4.489583333333332860e+01,1.339600937494044774e+04
4.491666666666666430e+01,1.280231641679417589e+04
4.493750000000000000e+01,1.529045011988674014e+04
4.495833333333332860e+01,1.614941818058321223e+04
4.497916666666666430e+01,1.357399767623368825e+04
4.500000000000000000e+01,1.273231749888501508e+04
4.502083333333332860e+01,1.528991357971724210e+04
4.504166666666666430e+01,1.614870410450700001e+04
4.506250000000000000e+01,1.319908315201674122e+04
4.508333333333332860e+01,1.276193711140546657e+04
4.510416666666666430e+01,1.561460773626914670e+04
4.512500000000000000e+01,1.615323098911556008e+04
4.514583333333332860e+01,1.308218201220234550e+04
4.516666666666666430e+01,1.271830668391040672e+04
4.518750000000000000e+01,1.602475640415017187e+04
4.520833333333332860e+01,1.574332766045353856e+04
4.522916666666666430e+01,1.271808933299701675e+04
4.525000000000000000e+01,1.274160135099161198e+04
4.527083333333332860e+01,1.615237786305230838e+04
4.529166666666666430e+01,1.615098845303699272e+04
4.531250000000000000e+01,1.271296484145629438e+04
4.533333333333332860e+01,1.271138456312585549e+04
4.535416666666666430e+01,1.571590212544333190e+04
4.537500000000000000e+01,1.586604892307346745e+04
4.539583333333332860e+01,1.272159154176958327e+04
4.541666666666666430e+01,1.289079340857038187e+04
4.543750000000000000e+01,1.615726394955990691e+04
4.545833333333332860e+01,1.587830030069849454e+04
4.547916666666666430e+01,1.271650528282083542e+04
4.550000000000000000e+01,1.271332897746705203e+04
4.552083333333332860e+01,1.610097075936544570e+04
4.554166666666666430e+01,1.582144274017002681e+04
4.556250000000000000e+01,1.271567857933991036e+04
4.558333333333332860e+01,1.302165211772245675e+04
4.560416666666666430e+01,1.615477217178560386e+04
4.562500000000000000e+01,1.579017918880765137e+04
4.564583333333332860e+01,1.271616882117649948e+04
4.566666666666666430e+01,1.305637078370723975e+04
4.568750000000000000e+01,1.615377350900935198e+04
4.570833333333332860e+01,1.545358870532870060e+04
4.572916666666666430e+01,1.271749490916699142e+04
4.575000000000000000e+01,1.355774584863649216e+04
4.577083333333332860e+01,1.580111555679266166e+04
4.579166666666666430e+01,1.529424964000983891e+04
4.581250000000000000e+01,1.301232738459333268e+04
4.583333333333332860e+01,1.372339435747692551e+04
4.585416666666666430e+01,1.578243865516219375e+04
4.587500000000000000e+01,1.529417976034546882e+04
4.589583333333332860e+01,1.306294088414694488e+04
4.591666666666666430e+01,1.362048313748691362e+04
4.593750000000000000e+01,1.552303968545700627e+04
4.595833333333332860e+01,1.529277188816242415e+04
4.597916666666666430e+01,1.361939144713423957e+04
4.600000000000000000e+01,1.400454296109504503e+04
4.602083333333332860e+01,1.529505827764974310e+04
4.604166666666666430e+01,1.491989804244662082e+04
4.606250000000000000e+01,1.345324715123233545e+04
4.608333333333332860e+01,1.404967797460829388e+04
4.610416666666666430e+01,1.526662958709863960e+04
4.612500000000000000e+01,1.454040952619221207e+04
4.614583333333332860e+01,1.357660745318019690e+04
4.616666666666666430e+01,1.443321312912788562e+04
4.618750000000000000e+01,1.529055625199647693e+04
4.620833333333332860e+01,1.443127587032715746e+04
4.622916666666666430e+01,1.378785886684334764e+04
4.625000000000000000e+01,1.445672939177460648e+04
4.627083333333332860e+01,1.529070170601988502e+04
4.629166666666666430e+01,1.453026559482993980e+04
4.631250000000000000e+01,1.357256074946567605e+04
4.633333333333332860e+01,1.443033850600127334e+04
4.635416666666666430e+01,1.529023719096281638e+04
4.637500000000000000e+01,1.443162535990461765e+04
4.639583333333332860e+01,1.362713621096885618e+04
4.641666666666666430e+01,1.442959137675855527e+04
4.643750000000000000e+01,1.528947774090107123e+04
4.645833333333332860e+01,1.448837141397250161e+04
4.647916666666666430e+01,1.390364976210511304e+04
4.650000000000000000e+01,1.443148527790566004e+04
4.652083333333332860e+01,1.503147142048528985e+04
4.654166666666666430e+01,1.447779362417284938e+04
4.656250000000000000e+01,1.382013714327454727e+04
4.658333333333332860e+01,1.443246352089498032e+04
4.660416666666666430e+01,1.529219627521495204e+04
4.662500000000000000e+01,1.443489717832181850e+04
4.664583333333332860e+01,1.357183566565407091e+04
4.666666666666666430e+01,1.442967996455085813e+04
4.668750000000000000e+01,1.529050547232251120e+04
4.670833333333332860e+01,1.447430792383891458e+04
4.672916666666666430e+01,1.357119666185924143e+04
4.675000000000000000e+01,1.442953750857558407e+04
4.677083333333332860e+01,1.529013152625585280e+04
4.679166666666666430e+01,1.459076976724598353e+04
4.681250000000000000e+01,1.376984266504700645e+04
4.683333333333332860e+01,1.443210635854396969e+04
4.685416666666666430e+01,1.529164767791424310e+04
4.687500000000000000e+01,1.443300562942273973e+04
4.689583333333332860e+01,1.357259640912157556e+04
4.691666666666666430e+01,1.443091508650827018e+04
4.693750000000000000e+01,1.528998996621034894e+04
4.695833333333332860e+01,1.443042344173959646e+04
4.697916666666666430e+01,1.357148488717609507e+04
4.700000000000000000e+01,1.443106689060192730e+04
4.702083333333332860e+01,1.528900652860556147e+04
4.704166666666666430e+01,1.442915137288906772e+04
4.706250000000000000e+01,1.389940429206856061e+04
4.708333333333332860e+01,1.416851982769865208e+04
4.710416666666666430e+01,1.510534628610712753e+04
4.712500000000000000e+01,1.460640043336612507e+04
4.714583333333332860e+01,1.359970098056801362e+04
4.716666666666666430e+01,1.443641750329941715e+04
4.718750000000000000e+01,1.529183156963047077e+04
4.720833333333332860e+01,1.465525004005599112e+04
4.722916666666666430e+01,1.365505708067878004e+04
4.725000000000000000e+01,1.443433925193349933e+04
4.727083333333332860e+01,1.529139058974136424e+04
4.729166666666666430e+01,1.443281736465924405e+04
4.731250000000000000e+01,1.357384776918955686e+04
4.733333333333332860e+01,1.443313001429328506e+04
4.735416666666666430e+01,1.528953229094537164e+04
4.737500000000000000e+01,1.468195607041264157e+04
4.739583333333332860e+01,1.387477268484874367e+04
4.741666666666666430e+01,1.450630428107628904e+04
4.743750000000000000e+01,1.527340236117429959e+04
4.745833333333332860e+01,1.443684453666602712e+04
4.747916666666666430e+01,1.357547399173584927e+04
4.750000000000000000e+01,1.439329613884469290e+04
4.752083333333332860e+01,1.529193940457840654e+04
4.754166666666666430e+01,1.443177050808589047e+04
4.756250000000000000e+01,1.357183115360788361e+04
4.758333333333332860e+01,1.432810387213409922e+04
4.760416666666666430e+01,1.529104189800662789e+04
4.762500000000000000e+01,1.443044987192823100e+04
4.764583333333332860e+01,1.357176838640602728e+04
4.766666666666666430e+01,1.443190300760017999e+04
4.768750000000000000e+01,1.529004373637132812e+04
4.770833333333332860e+01,1.448310502818106033e+04
4.772916666666666430e+01,1.396341825927311584e+04
4.775000000000000000e+01,1.443383437252201838e+04
4.777083333333332860e+01,1.485829444525968211e+04
4.779166666666666430e+01,1.443357682378215031e+04
4.781250000000000000e+01,1.443325054084388466e+04
4.783333333333332860e+01,1.436064361564688079e+04
4.785416666666666430e+01,1.443238278392430948e+04
4.787500000000000000e+01,1.463307071334810098e+04
4.789583333333332860e+01,1.443413211933881394e+04
4.791666666666666430e+01,1.443233491892356687e+04
4.793750000000000000e+01,1.443239461355747699e+04
4.795833333333332860e+01,1.436520797667666557e+04
4.797916666666666430e+01,1.443570337727922742e+04
4.800000000000000000e+01,1.443256863838532081e+04
4.802083333333332860e+01,1.443334325815198099e+04
4.804166666666666430e+01,1.493920146266553638e+04
4.806250000000000000e+01,1.443453458711460917e+04
4.808333333333332860e+01,1.443277879950244096e+04
4.810416666666666430e+01,1.443503405491360172e+04
4.812500000000000000e+01,1.443427213088815188e+04
4.814583333333332860e+01,1.443201274845791704e+04
4.816666666666666430e+01,1.443039982520525518e+04
4.818750000000000000e+01,1.443158420285889224e+04
4.820833333333332860e+01,1.444158667042561501e+04
4.822916666666666430e+01,1.443007656464677348e+04
4.825000000000000000e+01,1.442843136232096731e+04
4.827083333333332860e+01,1.469258568301721607e+04
4.829166666666666430e+01,1.437042888209689045e+04
4.831250000000000000e+01,1.443328381462805555e+04
4.833333333333332860e+01,1.443066539731124067e+04
4.835416666666666430e+01,1.456164223882520673e+04
4.837500000000000000e+01,1.465636751134379301e+04
4.839583333333332860e+01,1.443304594481911408e+04
4.841666666666666430e+01,1.442545900726355831e+04
4.843750000000000000e+01,1.443346621668213265e+04
4.845833333333332860e+01,1.456376797238304789e+04
4.847916666666666430e+01,1.443881351923710099e+04
4.850000000000000000e+01,1.403265457767452972e+04
4.852083333333332860e+01,1.443747640073422008e+04
4.854166666666666430e+01,1.516013819916256398e+04
4.856250000000000000e+01,1.442750485993437178e+04
4.858333333333332860e+01,1.348388995043168688e+04
4.860416666666666430e+01,1.443558437642200442e+04
4.862500000000000000e+01,1.529318723530647912e+04
4.864583333333332860e+01,1.443482098533674434e+04
4.866666666666666430e+01,1.357466529424192049e+04
4.868750000000000000e+01,1.443182024337769326e+04
4.870833333333332860e+01,1.529112967276535710e+04
4.872916666666666430e+01,1.443241279199420387e+04
4.875000000000000000e+01,1.357235484678706052e+04
4.877083333333332860e+01,1.483797986738754844e+04
4.879166666666666430e+01,1.548285924352424263e+04
4.881250000000000000e+01,1.398036773560834263e+04
4.883333333333332860e+01,1.370117113003834311e+04
4.885416666666666430e+01,1.529599078228608414e+04
4.887500000000000000e+01,1.528461039232028998e+04
4.889583333333332860e+01,1.347406582412818170e+04
4.891666666666666430e+01,1.328763694470097107e+04
4.893750000000000000e+01,1.529332892484772310e+04
4.895833333333332860e+01,1.544694877081003142e+04
4.897916666666666430e+01,1.357392006890085759e+04
4.900000000000000000e+01,1.357228148420937214e+04
4.902083333333332860e+01,1.529098283662690301e+04
4.904166666666666430e+01,1.528980333305337990e+04
4.906250000000000000e+01,1.338873994327641776e+04
4.908333333333332860e+01,1.374700385493557042e+04
4.910416666666666430e+01,1.529505924043350751e+04
4.912500000000000000e+01,1.529277691270676587e+04
4.914583333333332860e+01,1.357507791664194519e+04
4.916666666666666430e+01,1.362386926131662403e+04
4.918750000000000000e+01,1.529205463682133632e+04
4.920833333333332860e+01,1.529035657450701547e+04
4.922916666666666430e+01,1.357247756264176860e+04
4.925000000000000000e+01,1.379183002273885359e+04
4.927083333333332860e+01,1.529266619266549606e+04
4.929166666666666430e+01,1.529033450763636210e+04
4.931250000000000000e+01,1.357309876173537850e+04
4.933333333333332860e+01,1.367517423759358280e+04
4.935416666666666430e+01,1.529289315175985394e+04
4.937500000000000000e+01,1.529113485206021505e+04
4.939583333333332860e+01,1.357489615257160767e+04
4.941666666666666430e+01,1.359664942280910691e+04
4.943750000000000000e+01,1.529096885038730397e+04
4.945833333333332860e+01,1.528889943160437542e+04
4.947916666666666430e+01,1.347556823480330058e+04
4.950000000000000000e+01,1.348402098664737787e+04
4.952083333333332860e+01,1.529583125635539545e+04
4.954166666666666430e+01,1.544912267801757480e+04
4.956250000000000000e+01,1.357669352591568168e+04
4.958333333333332860e+01,1.369216746958649310e+04
4.960416666666666430e+01,1.529185557238051479e+04
4.962500000000000000e+01,1.528928031708676644e+04
4.964583333333332860e+01,1.357251433842258848e+04
4.966666666666666430e+01,1.339237795203907081e+04
4.968750000000000000e+01,1.529301235339066625e+04
4.970833333333332860e+01,1.563617624355754742e+04
4.972916666666666430e+01,1.357673389493944342e+04
4.975000000000000000e+01,1.303275097297375032e+04
4.977083333333332860e+01,1.529368837597382299e+04
4.979166666666666430e+01,1.615113567297679401e+04
4.981250000000000000e+01,1.329171189048941960e+04
4.983333333333332860e+01,1.271495422230203258e+04
4.985416666666666430e+01,1.529452866870419166e+04
4.987500000000000000e+01,1.615012074932444739e+04
4.989583333333332860e+01,1.357114284646205124e+04
4.991666666666666430e+01,1.271162509329856039e+04
4.993750000000000000e+01,1.529054538279276676e+04
4.995833333333332860e+01,1.591127444694572114e+04
4.997916666666666430e+01,1.357213166639882547e+04
5.000000000000000000e+01,1.271401286821586109e+04
5.002083333333332860e+01,1.529389253398289293e+04
5.004166666666666430e+01,1.615209832652154000e+04
5.006250000000000000e+01,1.357288297479023095e+04
5.008333333333332860e+01,1.308175255643538912e+04
5.010416666666666430e+01,1.529327773080702900e+04
5.012500000000000000e+01,1.549781736722365167e+04
5.014583333333332860e+01,1.357749333212696001e+04
5.016666666666666430e+01,1.352617903016135097e+04
5.018750000000000000e+01,1.500084554494832264e+04
5.020833333333332860e+01,1.529457807324431997e+04
5.022916666666666430e+01,1.395725084859744675e+04
5.025000000000000000e+01,1.357531838554455680e+04
5.027083333333332860e+01,1.477815155547720497e+04
5.029166666666666430e+01,1.529465610891014512e+04
5.031250000000000000e+01,1.443365405966664184e+04
5.033333333333332860e+01,1.353121540301857021e+04
5.035416666666666430e+01,1.472607618375579841e+04
5.037500000000000000e+01,1.529243754027704563e+04
5.039583333333332860e+01,1.443221311521302778e+04
5.041666666666666430e+01,1.340117027421127204e+04
5.043750000000000000e+01,1.443222629304838847e+04
5.045833333333332860e+01,1.577221612762621589e+04
5.047916666666666430e+01,1.519657253321016469e+04
5.050000000000000000e+01,1.461124333362471953e+04
5.052083333333332860e+01,1.543857071552461639e+04
5.054166666666666430e+01,1.632785270951700659e+04
5.056250000000000000e+01,1.546754654115442463e+04
5.058333333333332860e+01,1.458899142065702836e+04
5.060416666666666430e+01,1.584867913184718782e+04
5.062500000000000000e+01,1.639200730009029576e+04
5.064583333333332860e+01,1.485559619627020584e+04
5.066666666666666430e+01,1.444093149783854460e+04
5.068750000000000000e+01,1.611650494385865022e+04
5.070833333333332860e+01,1.607346436174096743e+04
5.072916666666666430e+01,1.431434659124062091e+04
5.075000000000000000e+01,1.379725600751376260e+04
5.077083333333332860e+01,1.595701297995592176e+04
5.079166666666666430e+01,1.650973021452607645e+04
5.081250000000000000e+01,1.416889940795993243e+04
5.083333333333332860e+01,1.332273270781468091e+04
5.085416666666666430e+01,1.582417238483753317e+04
5.087500000000000000e+01,1.633354077934107409e+04
5.089583333333332860e+01,1.394476879565512718e+04
5.091666666666666430e+01,1.339417302656586980e+04
5.093750000000000000e+01,1.572235227512506390e+04
5.095833333333332860e+01,1.655972644475760535e+04
5.097916666666666430e+01,1.371077764182447208e+04
5.100000000000000000e+01,1.310985659731041233e+04
5.102083333333332860e+01,1.563791075714027102e+04
5.104166666666666430e+01,1.638167524771604076e+04
5.106250000000000000e+01,1.388592829541713945e+04
5.108333333333332860e+01,1.300768927849128158e+04
5.110416666666666430e+01,1.557143226499295997e+04
5.112500000000000000e+01,1.641791933395906017e+04
5.114583333333332860e+01,1.382503967891731736e+04
5.116666666666666430e+01,1.295121416358759234e+04
5.118750000000000000e+01,1.551732081278366968e+04
5.120833333333332860e+01,1.636630280618934921e+04
5.122916666666666430e+01,1.346278074738304349e+04
5.125000000000000000e+01,1.290971409941893580e+04
5.127083333333332860e+01,1.563727383514342000e+04
5.129166666666666430e+01,1.632881728800096244e+04
5.131250000000000000e+01,1.374316180534577870e+04
5.133333333333332860e+01,1.312186751062926851e+04
5.135416666666666430e+01,1.544556767148185463e+04
5.137500000000000000e+01,1.629786193740531598e+04
5.139583333333332860e+01,1.328391307404621693e+04
5.141666666666666430e+01,1.285207078461148194e+04
5.143750000000000000e+01,1.585162430696449519e+04
5.145833333333332860e+01,1.607611506628626739e+04
5.147916666666666430e+01,1.283565999824113169e+04
5.150000000000000000e+01,1.282841597039327098e+04
5.152083333333332860e+01,1.625991457713018099e+04
5.154166666666666430e+01,1.624743433220778752e+04
5.156250000000000000e+01,1.280191692921128924e+04
5.158333333333332860e+01,1.279452911445264908e+04
5.160416666666666430e+01,1.622647942874144792e+04
5.162500000000000000e+01,1.603829081592004877e+04
5.164583333333332860e+01,1.278337703856675580e+04
5.166666666666666430e+01,1.277881349435510128e+04
5.168750000000000000e+01,1.614820306413114668e+04
5.170833333333332860e+01,1.519318384588342087e+04
5.172916666666666430e+01,1.278480691972572095e+04
5.175000000000000000e+01,1.347723827786402762e+04
5.177083333333332860e+01,1.572340343205685713e+04
5.179166666666666430e+01,1.454530245639179338e+04
5.181250000000000000e+01,1.328440651778233587e+04
5.183333333333332860e+01,1.343671530857264952e+04
5.185416666666666430e+01,1.462877599084029862e+04
5.187500000000000000e+01,1.441068080230104169e+04
5.189583333333332860e+01,1.282549372829798813e+04
5.191666666666666430e+01,1.319571296389030977e+04
5.193750000000000000e+01,1.478823081852487667e+04
5.195833333333332860e+01,1.482569190259432435e+04
5.197916666666666430e+01,1.296809525608972763e+04
5.200000000000000000e+01,1.343539790784151410e+04
5.202083333333332860e+01,1.510907036791474457e+04
5.204166666666666430e+01,1.529007947210007114e+04
5.206250000000000000e+01,1.277309257289929519e+04
5.208333333333332860e+01,1.352982214229188685e+04
5.210416666666666430e+01,1.559128143761186584e+04
5.212500000000000000e+01,1.542019565789755143e+04
5.214583333333332860e+01,1.361884667048003757e+04
5.216666666666666430e+01,1.293190302758519829e+04
5.218750000000000000e+01,1.442414143062114090e+04
5.220833333333332860e+01,1.554914627403250051e+04
5.222916666666666430e+01,1.550225749269432345e+04
5.225000000000000000e+01,1.557484210849092779e+04
5.227083333333332860e+01,1.377895654179392659e+04
5.229166666666666430e+01,1.298687680625650682e+04
5.231250000000000000e+01,1.384920343670286093e+04
5.233333333333332860e+01,1.558395304203037085e+04
5.235416666666666430e+01,1.632894685234643111e+04
5.237500000000000000e+01,1.558629842677343913e+04
5.239583333333332860e+01,1.296461219897576666e+04
5.241666666666666430e+01,1.294090103132353033e+04
5.243750000000000000e+01,1.505324157099567674e+04
5.245833333333332860e+01,1.636038671923077345e+04
5.247916666666666430e+01,1.522985178838228967e+04
5.250000000000000000e+01,1.282160207945060756e+04
5.252083333333332860e+01,1.373900731692012414e+04
5.254166666666666430e+01,1.621647756423247120e+04
5.256250000000000000e+01,1.551492261835514000e+04
5.258333333333332860e+01,1.291354491270452854e+04
5.260416666666666430e+01,1.398441120396847691e+04
5.262500000000000000e+01,1.609991512346471791e+04
5.264583333333332860e+01,1.480738212605371154e+04
5.266666666666666430e+01,1.262990049248548894e+04
5.268750000000000000e+01,1.418603096195678518e+04
5.270833333333332860e+01,1.602633103903097435e+04
5.272916666666666430e+01,1.435402276502083259e+04
5.275000000000000000e+01,1.262844357280507393e+04
5.277083333333332860e+01,1.450999774997349232e+04
5.279166666666666430e+01,1.606625742890673428e+04
5.281250000000000000e+01,1.435277079703829804e+04
5.283333333333332860e+01,1.263917116662806802e+04
5.285416666666666430e+01,1.436008137700798397e+04
5.287500000000000000e+01,1.608153764308943573e+04
5.289583333333332860e+01,1.437125351045868956e+04
5.291666666666666430e+01,1.265920838718398591e+04
5.293750000000000000e+01,1.438124816378362812e+04
5.295833333333332860e+01,1.592342066016995886e+04
5.297916666666666430e+01,1.439279515652731425e+04
5.300000000000000000e+01,1.267968147496154415e+04
5.302083333333332860e+01,1.440193180819651752e+04
5.304166666666666430e+01,1.603746471145649775e+04
5.306250000000000000e+01,1.424387324109038673e+04
5.308333333333332860e+01,1.269753008292704180e+04
5.310416666666666430e+01,1.351089102684197860e+04
5.312500000000000000e+01,1.464240653275273871e+04
5.314583333333332860e+01,1.402584388701221178e+04
5.316666666666666430e+01,1.171520532931265734e+04
5.318750000000000000e+01,1.251571164575411603e+04
5.320833333333332860e+01,1.507441548741545557e+04
5.322916666666666430e+01,1.350512643506407767e+04
5.325000000000000000e+01,1.234215914693347804e+04
5.327083333333332860e+01,1.376600774713003193e+04
5.329166666666666430e+01,1.506678247302458112e+04
5.331250000000000000e+01,1.413503635850127830e+04
5.333333333333332860e+01,1.352261168070383428e+04
5.335416666666666430e+01,1.411880512805878971e+04
5.337500000000000000e+01,1.503767636917591881e+04
5.339583333333332860e+01,1.473919843507638507e+04
5.341666666666666430e+01,1.418568445064346452e+04
5.343750000000000000e+01,1.430888543842574290e+04
5.345833333333332860e+01,1.502107587952338145e+04
5.347916666666666430e+01,1.488450273693701820e+04
5.350000000000000000e+01,1.404440606897160978e+04
5.352083333333332860e+01,1.528406716651302122e+04
5.354166666666666430e+01,1.445003680397371136e+04
5.356250000000000000e+01,1.429555366631059951e+04
5.358333333333332860e+01,1.450886303016509191e+04
5.360416666666666430e+01,1.537512997656175139e+04
5.362500000000000000e+01,1.502574256006592623e+04
5.364583333333332860e+01,1.367472996521659661e+04
5.366666666666666430e+01,1.381970727804147100e+04
5.368750000000000000e+01,1.537401395064203098e+04
5.370833333333332860e+01,1.563116817490218818e+04
5.372916666666666430e+01,1.379895370204679421e+04
5.375000000000000000e+01,1.287588418288843241e+04
5.377083333333332860e+01,1.531561524906311388e+04
5.379166666666666430e+01,1.529187636088264117e+04
5.381250000000000000e+01,1.396175126672443366e+04
5.383333333333332860e+01,1.355603319248580738e+04
5.385416666666666430e+01,1.495242545452799095e+04
5.387500000000000000e+01,1.484885604063103892e+04
5.389583333333332860e+01,1.338223887538995041e+04
5.391666666666666430e+01,1.325464620217630363e+04
5.393750000000000000e+01,1.516462773480026954e+04
5.395833333333332860e+01,1.499217907652185750e+04
5.397916666666666430e+01,1.343165767968629007e+04
5.400000000000000000e+01,1.353173030353785362e+04
5.402083333333332860e+01,1.512016805494317305e+04
5.404166666666666430e+01,1.497663518672147256e+04
5.406250000000000000e+01,1.337142685918567804e+04
5.408333333333332860e+01,1.342416810794370758e+04
5.410416666666666430e+01,1.495546650719413446e+04
5.412500000000000000e+01,1.515214506002645066e+04
5.414583333333332860e+01,1.343808963571189815e+04
5.416666666666666430e+01,1.344623737045021335e+04
5.418750000000000000e+01,1.541129971352120992e+04
5.420833333333332860e+01,1.517491853898284899e+04
5.422916666666666430e+01,1.345927216518335626e+04
5.425000000000000000e+01,1.346897112655106321e+04
5.427083333333332860e+01,1.506859557716680865e+04
5.429166666666666430e+01,1.519487453804765028e+04
5.431250000000000000e+01,1.347935697325316141e+04
5.433333333333332860e+01,1.377821258790681168e+04
5.435416666666666430e+01,1.521724043288577013e+04
5.437500000000000000e+01,1.521585357839552671e+04
5.439583333333332860e+01,1.371422417102250984e+04
5.441666666666666430e+01,1.350293689324836669e+04
5.443750000000000000e+01,1.570506469901954188e+04
5.445833333333332860e+01,1.599130876792658455e+04
5.447916666666666430e+01,1.443455949767279890e+04
5.450000000000000000e+01,1.451645880431029218e+04
5.452083333333332860e+01,1.626741583043287392e+04
5.454166666666666430e+01,1.653951321645289136e+04
5.456250000000000000e+01,1.448107460482739407e+04
5.458333333333332860e+01,1.452009280932972615e+04
5.460416666666666430e+01,1.620213541310750952e+04
5.462500000000000000e+01,1.616996563875502034e+04
5.464583333333332860e+01,1.441121841074622716e+04
5.466666666666666430e+01,1.436245078722576363e+04
5.468750000000000000e+01,1.603625318511137812e+04
5.470833333333332860e+01,1.600178818160721130e+04
5.472916666666666430e+01,1.409362180999387419e+04
5.475000000000000000e+01,1.420352402535349756e+04
5.477083333333332860e+01,1.577366040654893368e+04
5.479166666666666430e+01,1.585475698327026475e+04
5.481250000000000000e+01,1.410312475318736688e+04
5.483333333333332860e+01,1.406989482011606015e+04
5.485416666666666430e+01,1.598918997821905941e+04
5.487500000000000000e+01,1.573201992729210906e+04
5.489583333333332860e+01,1.398588483560425084e+04
5.491666666666666430e+01,1.390252735643229971e+04
5.493750000000000000e+01,1.566362513246535309e+04
5.495833333333332860e+01,1.563860188250352076e+04
5.497916666666666430e+01,1.389808333515959384e+04
5.500000000000000000e+01,1.388225579829129856e+04
5.502083333333332860e+01,1.558276857999292042e+04
5.504166666666666430e+01,1.556292708251578006e+04
5.506250000000000000e+01,1.382707208877744415e+04
5.508333333333332860e+01,1.404568224986653513e+04
5.510416666666666430e+01,1.552434114883345683e+04
5.512500000000000000e+01,1.550742543691183528e+04
5.514583333333332860e+01,1.377428670672549561e+04
5.516666666666666430e+01,1.376345181240241800e+04
5.518750000000000000e+01,1.546982104168970909e+04
5.520833333333332860e+01,1.545906246917128010e+04
5.522916666666666430e+01,1.357293409560426517e+04
5.525000000000000000e+01,1.372153825534480711e+04
5.527083333333332860e+01,1.542992555354625438e+04
5.529166666666666430e+01,1.551121020694568506e+04
5.531250000000000000e+01,1.393192214259651155e+04
5.533333333333332860e+01,1.369153222771055880e+04
5.535416666666666430e+01,1.533757952006648702e+04
5.537500000000000000e+01,1.539857504773750043e+04
5.539583333333332860e+01,1.367288865159065972e+04
5.541666666666666430e+01,1.366532250453708912e+04
5.543750000000000000e+01,1.568949769436613497e+04
5.545833333333332860e+01,1.537472792359143568e+04
5.547916666666666430e+01,1.344122015930252746e+04
5.550000000000000000e+01,1.369410783541916680e+04
5.552083333333332860e+01,1.498603168293285489e+04
5.554166666666666430e+01,1.535720549844992638e+04
5.556250000000000000e+01,1.409788660451134638e+04
5.558333333333332860e+01,1.375824359412205376e+04
5.560416666666666430e+01,1.488359899226554990e+04
5.562500000000000000e+01,1.557335303366823791e+04
5.564583333333332860e+01,1.420645981350162765e+04
5.566666666666666430e+01,1.346118110977684773e+04
5.568750000000000000e+01,1.473766130446909665e+04
5.570833333333332860e+01,1.533357936575154235e+04
5.572916666666666430e+01,1.447056846241301173e+04
5.575000000000000000e+01,1.360924755776996244e+04
5.577083333333332860e+01,1.446508084362820591e+04
5.579166666666666430e+01,1.532103712236183492e+04
5.581250000000000000e+01,1.445996271941944724e+04
5.583333333333332860e+01,1.359868747703901317e+04
5.585416666666666430e+01,1.445561986576032359e+04
5.587500000000000000e+01,1.531378250981462406e+04
5.589583333333332860e+01,1.445358204216133527e+04
5.591666666666666430e+01,1.359230936878559442e+04
5.593750000000000000e+01,1.445013531240652446e+04
5.595833333333332860e+01,1.530887587625431115e+04
5.597916666666666430e+01,1.444821054958079912e+04
5.600000000000000000e+01,1.371727484148040094e+04
5.602083333333332860e+01,1.465896537066566816e+04
5.604166666666666430e+01,1.530696333903215054e+04
5.606250000000000000e+01,1.444504439738581641e+04
5.608333333333332860e+01,1.358439876331442429e+04
5.610416666666666430e+01,1.444384320387744447e+04
5.612500000000000000e+01,1.549615912506122913e+04
5.614583333333332860e+01,1.444277951920063788e+04
5.616666666666666430e+01,1.358241172762210408e+04
5.618750000000000000e+01,1.444262321621745286e+04
5.620833333333332860e+01,1.530117388118782765e+04
5.622916666666666430e+01,1.443980912409406301e+04
5.625000000000000000e+01,1.341143484498386897e+04
5.627083333333332860e+01,1.486161528037986500e+04
5.629166666666666430e+01,1.530008927494269665e+04
5.631250000000000000e+01,1.392422073020787866e+04
5.633333333333332860e+01,1.358226374126820156e+04
5.635416666666666430e+01,1.529765452097227171e+04
5.637500000000000000e+01,1.529532633493499088e+04
5.639583333333332860e+01,1.344121422384877587e+04
5.641666666666666430e+01,1.334323852181392067e+04
5.643750000000000000e+01,1.529763585933678405e+04
5.645833333333332860e+01,1.531438527816048736e+04
5.647916666666666430e+01,1.357971920814490295e+04
5.650000000000000000e+01,1.357887814026146589e+04
5.652083333333332860e+01,1.529466260443378269e+04
5.654166666666666430e+01,1.529247370829556530e+04
5.656250000000000000e+01,1.371837140397594339e+04
5.658333333333332860e+01,1.416076881602295180e+04
5.660416666666666430e+01,1.530210623763730473e+04
5.662500000000000000e+01,1.518587265302523883e+04
5.664583333333332860e+01,1.358168716194628360e+04
5.666666666666666430e+01,1.357900867721394025e+04
5.668750000000000000e+01,1.529458864967570116e+04
5.670833333333332860e+01,1.529203555882963337e+04
5.672916666666666430e+01,1.328979938921705980e+04
5.675000000000000000e+01,1.357589495018851812e+04
5.677083333333332860e+01,1.529319022545804182e+04
5.679166666666666430e+01,1.529208347550634062e+04
5.681250000000000000e+01,1.357413169995495991e+04
5.683333333333332860e+01,1.357361697714376351e+04
5.685416666666666430e+01,1.529191975201173409e+04
5.687500000000000000e+01,1.529074675293779364e+04
5.689583333333332860e+01,1.353327546342562709e+04
5.691666666666666430e+01,1.345831660998400548e+04
5.693750000000000000e+01,1.529537305416811796e+04
5.695833333333332860e+01,1.567725958777455890e+04
5.697916666666666430e+01,1.357771849111737174e+04
5.700000000000000000e+01,1.287394328699870675e+04
5.702083333333332860e+01,1.530140975095675458e+04
5.704166666666666430e+01,1.615214064395112291e+04
5.706250000000000000e+01,1.357354623332897972e+04
5.708333333333332860e+01,1.283163038387362394e+04
5.710416666666666430e+01,1.529346238352522778e+04
5.712500000000000000e+01,1.615124969912604502e+04
5.714583333333332860e+01,1.353996386621647616e+04
5.716666666666666430e+01,1.271350446567086692e+04
5.718750000000000000e+01,1.529024247533962989e+04
5.720833333333332860e+01,1.599582373432801978e+04
5.722916666666666430e+01,1.337813328204692516e+04
5.725000000000000000e+01,1.271454912691804566e+04
5.727083333333332860e+01,1.529130707576230270e+04
5.729166666666666430e+01,1.615062149725300333e+04
5.731250000000000000e+01,1.357244304535172705e+04
5.733333333333332860e+01,1.271258057437946991e+04
5.735416666666666430e+01,1.529010977924954204e+04
5.737500000000000000e+01,1.614911675713139994e+04
5.739583333333332860e+01,1.357106024872954367e+04
5.741666666666666430e+01,1.271178734092190643e+04
5.743750000000000000e+01,1.528970020473688783e+04
5.745833333333332860e+01,1.614917674562233515e+04
5.747916666666666430e+01,1.318179485599100371e+04
5.750000000000000000e+01,1.271323962542622030e+04
5.752083333333332860e+01,1.558723286701121833e+04
5.754166666666666430e+01,1.596992023281926595e+04
5.756250000000000000e+01,1.318372070778847046e+04
5.758333333333332860e+01,1.271613853453721822e+04
5.760416666666666430e+01,1.562475487703132239e+04
5.762500000000000000e+01,1.615484326227515339e+04
5.764583333333332860e+01,1.300136322971076152e+04
5.766666666666666430e+01,1.271574808327230130e+04
5.768750000000000000e+01,1.615205151274083983e+04
5.770833333333332860e+01,1.585019845935426565e+04
5.772916666666666430e+01,1.271601319143752698e+04
5.775000000000000000e+01,1.271376086119505271e+04
5.777083333333332860e+01,1.615084392407166888e+04
5.779166666666666430e+01,1.589874941270151976e+04
5.781250000000000000e+01,1.271661050824045014e+04
5.783333333333332860e+01,1.271381684685129585e+04
5.785416666666666430e+01,1.615099520984811170e+04
5.787500000000000000e+01,1.581874387576068693e+04
5.789583333333332860e+01,1.271465345421205711e+04
5.791666666666666430e+01,1.271272561645970563e+04
5.793750000000000000e+01,1.615122072534007020e+04
5.795833333333332860e+01,1.577275618174307601e+04
5.797916666666666430e+01,1.271498206485752962e+04
5.800000000000000000e+01,1.299435377533569772e+04
5.802083333333332860e+01,1.615330798009976934e+04
5.804166666666666430e+01,1.581548409810488010e+04
5.806250000000000000e+01,1.271609181760742285e+04
5.808333333333332860e+01,1.283989687077415510e+04
5.810416666666666430e+01,1.615207463608318358e+04
5.812500000000000000e+01,1.602656535190427894e+04
5.814583333333332860e+01,1.271680981736678586e+04
5.816666666666666430e+01,1.271498053201539369e+04
5.818750000000000000e+01,1.615071193456037872e+04
5.820833333333332860e+01,1.584658390899598089e+04
5.822916666666666430e+01,1.271528284420192358e+04
5.825000000000000000e+01,1.271361626800089653e+04
5.827083333333332860e+01,1.595225736479502302e+04
5.829166666666666430e+01,1.599035857299395138e+04
5.831250000000000000e+01,1.271555991038508728e+04
5.833333333333332860e+01,1.271391924061898681e+04
5.835416666666666430e+01,1.615103707772569760e+04
5.837500000000000000e+01,1.599475615753397142e+04
5.839583333333332860e+01,1.271633322436651724e+04
5.841666666666666430e+01,1.271421936703107713e+04
5.843750000000000000e+01,1.615094885867560879e+04
5.845833333333332860e+01,1.593839393150017349e+04
5.847916666666666430e+01,1.271431187313117334e+04
5.850000000000000000e+01,1.271236876610301260e+04
5.852083333333332860e+01,1.610149598306422558e+04
5.854166666666666430e+01,1.578184448563179467e+04
5.856250000000000000e+01,1.271434302376567211e+04
5.858333333333332860e+01,1.306195485487220139e+04
5.860416666666666430e+01,1.613332109564230268e+04
5.862500000000000000e+01,1.514369273402639374e+04
5.864583333333332860e+01,1.271791298151604860e+04
5.866666666666666430e+01,1.404923209949216835e+04
5.868750000000000000e+01,1.615571071066668082e+04
5.870833333333332860e+01,1.445218527997082856e+04
5.872916666666666430e+01,1.294679337947438398e+04
5.875000000000000000e+01,1.443682098080277137e+04
5.877083333333332860e+01,1.607106009338829244e+04
5.879166666666666430e+01,1.443348067205795451e+04
5.881250000000000000e+01,1.271313151073201516e+04
5.883333333333332860e+01,1.443160145880108394e+04
5.885416666666666430e+01,1.614922094239665239e+04
5.887500000000000000e+01,1.432447524564399282e+04
5.889583333333332860e+01,1.271411695610326205e+04
5.891666666666666430e+01,1.443171498037925267e+04
5.893750000000000000e+01,1.614894478694507052e+04
5.895833333333332860e+01,1.443123871941195466e+04
5.897916666666666430e+01,1.271244434559484216e+04
5.900000000000000000e+01,1.443002650250379156e+04
5.902083333333332860e+01,1.614743019311763419e+04
5.904166666666666430e+01,1.434433637330717465e+04
5.906250000000000000e+01,1.278665198419201988e+04
5.908333333333332860e+01,1.443180933177246698e+04
5.910416666666666430e+01,1.614868984895235917e+04
5.912500000000000000e+01,1.443257316461328446e+04
5.914583333333332860e+01,1.271423478944057933e+04
5.916666666666666430e+01,1.443083667448772030e+04
5.918750000000000000e+01,1.614799502772302367e+04
5.920833333333332860e+01,1.425979047903732135e+04
5.922916666666666430e+01,1.271731944722302069e+04
5.925000000000000000e+01,1.443313152211697525e+04
5.927083333333332860e+01,1.614968045076631461e+04
5.929166666666666430e+01,1.443238913022423367e+04
5.931250000000000000e+01,1.271349461834768954e+04
5.933333333333332860e+01,1.443129477860452243e+04
5.935416666666666430e+01,1.614890879998894161e+04
5.937500000000000000e+01,1.443075869731856801e+04
5.939583333333332860e+01,1.271164883361382090e+04
5.941666666666666430e+01,1.443121648848491532e+04
5.943750000000000000e+01,1.591029748455164372e+04
5.945833333333332860e+01,1.443251421503938764e+04
5.947916666666666430e+01,1.280307053173705935e+04
5.950000000000000000e+01,1.443478144252312632e+04
5.952083333333332860e+01,1.615239472881826077e+04
5.954166666666666430e+01,1.428709477499402419e+04
5.956250000000000000e+01,1.271516630663160322e+04
5.958333333333332860e+01,1.443415133985227294e+04
5.960416666666666430e+01,1.596489419182402708e+04
5.962500000000000000e+01,1.443355384102139942e+04
5.964583333333332860e+01,1.316231487237515466e+04
5.966666666666666430e+01,1.443688953278413101e+04
5.968750000000000000e+01,1.536980364468186963e+04
5.970833333333332860e+01,1.463075079824444038e+04
5.972916666666666430e+01,1.404638632961347321e+04
5.975000000000000000e+01,1.443604329657404378e+04
5.977083333333332860e+01,1.467450284371616362e+04
5.979166666666666430e+01,1.452973593602449182e+04
5.981250000000000000e+01,1.443500349298066794e+04
5.983333333333332860e+01,1.443272207021783834e+04
5.985416666666666430e+01,1.443321346691375948e+04
5.987500000000000000e+01,1.426264823274344599e+04
5.989583333333332860e+01,1.443446499920403949e+04
5.991666666666666430e+01,1.443158095032571146e+04
5.993750000000000000e+01,1.459704452285700245e+04
5.995833333333332860e+01,1.462252012896328597e+04
5.997916666666666430e+01,1.443336017521782560e+04
6.000000000000000000e+01,1.443142275486312064e+04
6.002083333333332860e+01,1.460647670400187417e+04
6.004166666666666430e+01,1.457596786790344049e+04
6.006250000000000000e+01,1.443387208498187101e+04
6.008333333333332860e+01,1.443185235224567077e+04
6.010416666666666430e+01,1.443349382812984186e+04
6.012500000000000000e+01,1.443282457066612915e+04
6.014583333333332860e+01,1.443133989132261559e+04
6.016666666666666430e+01,1.442996314071588858e+04
6.018750000000000000e+01,1.443083478677288440e+04
6.020833333333332860e+01,1.420429514775863572e+04
6.022916666666666430e+01,1.443441318214214334e+04
6.025000000000000000e+01,1.443118218154090209e+04
6.027083333333332860e+01,1.466706782441043833e+04
6.029166666666666430e+01,1.486056176171592233e+04
6.031250000000000000e+01,1.443510240967069694e+04
6.033333333333332860e+01,1.423166222741322417e+04
6.035416666666666430e+01,1.443585444477085184e+04
6.037500000000000000e+01,1.446414127378778721e+04
6.039583333333332860e+01,1.443243352325975502e+04
6.041666666666666430e+01,1.443037953888727498e+04
6.043750000000000000e+01,1.456705273510359984e+04
6.045833333333332860e+01,1.462703798180001104e+04
6.047916666666666430e+01,1.443301859184366913e+04
6.050000000000000000e+01,1.443176860590504293e+04
6.052083333333332860e+01,1.443249283654457395e+04
6.054166666666666430e+01,1.448672999234970848e+04
6.056250000000000000e+01,1.443177514751418857e+04
6.058333333333332860e+01,1.443039720782888980e+04
6.060416666666666430e+01,1.453163290557449363e+04
6.062500000000000000e+01,1.471554734135920808e+04
6.064583333333332860e+01,1.443334933398552312e+04
6.066666666666666430e+01,1.431349617447273704e+04
6.068750000000000000e+01,1.443340167968435708e+04
6.070833333333332860e+01,1.418158864408486988e+04
6.072916666666666430e+01,1.443712401292439245e+04
6.075000000000000000e+01,1.443427049091245863e+04
6.077083333333332860e+01,1.443330453000053603e+04
6.079166666666666430e+01,1.495691751123007271e+04
6.081250000000000000e+01,1.443521897464796348e+04
6.083333333333332860e+01,1.437626536367246081e+04
6.085416666666666430e+01,1.443401285970081881e+04
6.087500000000000000e+01,1.443255647164020411e+04
6.089583333333332860e+01,1.443163372794546012e+04
6.091666666666666430e+01,1.443037697681055579e+04
6.093750000000000000e+01,1.443095308158504122e+04
6.095833333333332860e+01,1.464098193007999726e+04
6.097916666666666430e+01,1.443152914455303107e+04
6.100000000000000000e+01,1.442988465447222552e+04
6.102083333333332860e+01,1.458803622354127947e+04
6.104166666666666430e+01,1.460482793299452533e+04
6.106250000000000000e+01,1.443250252497592373e+04
6.108333333333332860e+01,1.443065679933841602e+04
6.110416666666666430e+01,1.443279032239221124e+04
6.112500000000000000e+01,1.465812655406141494e+04
6.114583333333332860e+01,1.443424549222039786e+04
6.116666666666666430e+01,1.443249998827509626e+04
6.118750000000000000e+01,1.443374972537527719e+04
6.120833333333332860e+01,1.428959596972929648e+04
6.122916666666666430e+01,1.443488460666498213e+04
6.125000000000000000e+01,1.443256596509719020e+04
6.127083333333332860e+01,1.443215702075125955e+04
6.129166666666666430e+01,1.470524684335773782e+04
6.131250000000000000e+01,1.443310518880326345e+04
6.133333333333332860e+01,1.443195827650202773e+04
6.135416666666666430e+01,1.443163428179290713e+04
6.137500000000000000e+01,1.443071127758804869e+04
6.139583333333332860e+01,1.443160922154100263e+04
6.141666666666666430e+01,1.443111435838037869e+04
6.143750000000000000e+01,1.443077940420980303e+04
6.145833333333332860e+01,1.437653783133641264e+04
6.147916666666666430e+01,1.443753696425670569e+04
6.150000000000000000e+01,1.443412261092763219e+04
6.152083333333332860e+01,1.453969499569101754e+04
6.154166666666666430e+01,1.469582274544435131e+04
6.156250000000000000e+01,1.443382853945059105e+04
6.158333333333332860e+01,1.442932514615993568e+04
6.160416666666666430e+01,1.443563135058270927e+04
6.162500000000000000e+01,1.472580674155870656e+04
6.164583333333332860e+01,1.443401158966639196e+04
6.166666666666666430e+01,1.443210188973692493e+04
6.168750000000000000e+01,1.443317727276571168e+04
6.170833333333332860e+01,1.443240076684893575e+04
6.172916666666666430e+01,1.443077388940402307e+04
6.175000000000000000e+01,1.442908791731910242e+04
6.177083333333332860e+01,1.473415265224716131e+04
6.179166666666666430e+01,1.443338121376624258e+04
6.181250000000000000e+01,1.443163550620193564e+04
6.183333333333332860e+01,1.443030089573030273e+04
6.185416666666666430e+01,1.443208823473322991e+04
6.187500000000000000e+01,1.440125209546568294e+04
6.189583333333332860e+01,1.443393776341167541e+04
6.191666666666666430e+01,1.443101182820443501e+04
6.193750000000000000e+01,1.443253471422518487e+04
6.195833333333332860e+01,1.496286757763563946e+04
6.197916666666666430e+01,1.443434175678650718e+04
6.200000000000000000e+01,1.442823318716605718e+04
6.202083333333332860e+01,1.443454146495219175e+04
6.204166666666666430e+01,1.428338614777090697e+04
6.206250000000000000e+01,1.443546338614491106e+04
6.208333333333332860e+01,1.443327192504751656e+04
6.210416666666666430e+01,1.443205259758579268e+04
6.212500000000000000e+01,1.443065714784089869e+04
6.214583333333332860e+01,1.443203001150103228e+04
6.216666666666666430e+01,1.443183025265104880e+04
6.218750000000000000e+01,1.443056568827713272e+04
6.220833333333332860e+01,1.442995603053322702e+04
6.222916666666666430e+01,1.443172015407222716e+04
6.225000000000000000e+01,1.443102251325022007e+04
6.227083333333332860e+01,1.472102153932609872e+04
6.229166666666666430e+01,1.463344475250027972e+04
6.231250000000000000e+01,1.443902204809872637e+04
6.233333333333332860e+01,1.431929282450371466e+04
6.235416666666666430e+01,1.443614877846580566e+04
6.237500000000000000e+01,1.443398254728169923e+04
6.239583333333332860e+01,1.443227496132659144e+04
6.241666666666666430e+01,1.443045116032531951e+04
6.243750000000000000e+01,1.443137357718854764e+04
6.245833333333332860e+01,1.495727863890883236e+04
6.247916666666666430e+01,1.443356519489035418e+04
6.250000000000000000e+01,1.411082484560809826e+04
6.252083333333332860e+01,1.443570226259902120e+04
6.254166666666666430e+01,1.491837201642146101e+04
6.256250000000000000e+01,1.443400943111991364e+04
6.258333333333332860e+01,1.372439332248708888e+04
6.260416666666666430e+01,1.458649203944375040e+04
6.262500000000000000e+01,1.538820580187778251e+04
6.264583333333332860e+01,1.443246384223488712e+04
6.266666666666666430e+01,1.357275251441233195e+04
6.268750000000000000e+01,1.443321516586121652e+04
6.270833333333332860e+01,1.529194666791753843e+04
6.272916666666666430e+01,1.443079814409715618e+04
6.275000000000000000e+01,1.357115513461437149e+04
6.277083333333332860e+01,1.443128626120597983e+04
6.279166666666666430e+01,1.529004317652713507e+04
6.281250000000000000e+01,1.442967119060728146e+04
6.283333333333332860e+01,1.371695510894989275e+04
6.285416666666666430e+01,1.464204481774952365e+04
6.287500000000000000e+01,1.529122661144354424e+04
6.289583333333332860e+01,1.438329558006062871e+04
6.291666666666666430e+01,1.333255955962004373e+04
6.293750000000000000e+01,1.443372257482094210e+04
6.295833333333332860e+01,1.529168314103374723e+04
6.297916666666666430e+01,1.443350784844441660e+04
6.300000000000000000e+01,1.357412311477087496e+04
6.302083333333332860e+01,1.443188396386493332e+04
6.304166666666666430e+01,1.558189361415566236e+04
6.306250000000000000e+01,1.443306013094652735e+04
6.308333333333332860e+01,1.343745836885345125e+04
6.310416666666666430e+01,1.458659269368047899e+04
6.312500000000000000e+01,1.529175452734912687e+04
6.314583333333332860e+01,1.443159085624805084e+04
6.316666666666666430e+01,1.357257793304458028e+04
6.318750000000000000e+01,1.443140880485262096e+04
6.320833333333332860e+01,1.528906779355071194e+04
6.322916666666666430e+01,1.442889051080303034e+04
6.325000000000000000e+01,1.386953435680913753e+04
6.327083333333332860e+01,1.443384060094189772e+04
6.329166666666666430e+01,1.529109215454298464e+04
6.331250000000000000e+01,1.443060848022942082e+04
6.333333333333332860e+01,1.357254894026680267e+04
6.335416666666666430e+01,1.443288082052901882e+04
6.337500000000000000e+01,1.541806064282648003e+04
6.339583333333332860e+01,1.443064576369078713e+04
6.341666666666666430e+01,1.357200727577060752e+04
6.343750000000000000e+01,1.449115596192410521e+04
6.345833333333332860e+01,1.529164224473493232e+04
6.347916666666666430e+01,1.442993925904009666e+04
6.350000000000000000e+01,1.357155634305346030e+04
6.352083333333332860e+01,1.479115184834680986e+04
6.354166666666666430e+01,1.529285230048630547e+04
6.356250000000000000e+01,1.411424425904747113e+04
6.358333333333332860e+01,1.359202288667628090e+04
6.360416666666666430e+01,1.487542067993733508e+04
6.362500000000000000e+01,1.529359196989790871e+04
6.364583333333332860e+01,1.357791131053161371e+04
6.366666666666666430e+01,1.360805886686632948e+04
6.368750000000000000e+01,1.529696529196800839e+04
6.370833333333332860e+01,1.529386972637653162e+04
6.372916666666666430e+01,1.357650135474576382e+04
6.375000000000000000e+01,1.357539500916260295e+04
6.377083333333332860e+01,1.529146480947647069e+04
6.379166666666666430e+01,1.528957376867206040e+04
6.381250000000000000e+01,1.357269834961845481e+04
6.383333333333332860e+01,1.357597928133282403e+04
6.385416666666666430e+01,1.529232953555482527e+04
6.387500000000000000e+01,1.528994099995799115e+04
6.389583333333332860e+01,1.357371757100165269e+04
6.391666666666666430e+01,1.386967668195100850e+04
6.393750000000000000e+01,1.529343546533887275e+04
6.395833333333332860e+01,1.529058861164533664e+04
6.397916666666666430e+01,1.357444159231354934e+04
6.400000000000000000e+01,1.320711100106863887e+04
6.402083333333332860e+01,1.529293011389537060e+04
6.404166666666665719e+01,1.562683349406662819e+04
6.406250000000000000e+01,1.357663400496230315e+04
6.408333333333332860e+01,1.316215745330529899e+04
6.410416666666665719e+01,1.529531531732049552e+04
6.412500000000000000e+01,1.602597317258472322e+04
6.414583333333332860e+01,1.339330830996223085e+04
6.416666666666665719e+01,1.271528024091053521e+04
6.418750000000000000e+01,1.529179019495713510e+04
6.420833333333332860e+01,1.615052448524480133e+04
6.422916666666665719e+01,1.357181163550611745e+04
6.425000000000000000e+01,1.271243156378961430e+04
6.427083333333332860e+01,1.529054078101565756e+04
6.429166666666665719e+01,1.614901910176704405e+04
6.431250000000000000e+01,1.357052758995741169e+04
6.433333333333332860e+01,1.271225615103134987e+04
6.435416666666665719e+01,1.529093186816780144e+04
6.437500000000000000e+01,1.614958474108420705e+04
6.439583333333332860e+01,1.335300076644582805e+04
6.441666666666665719e+01,1.271336375079908612e+04
6.443750000000000000e+01,1.529128437248304908e+04
6.445833333333332860e+01,1.615027407113904337e+04
6.447916666666665719e+01,1.357091202937408161e+04
6.450000000000000000e+01,1.271077040303014292e+04
6.452083333333332860e+01,1.528951913521443930e+04
6.454166666666665719e+01,1.586389658122315086e+04
6.456250000000000000e+01,1.341097251969922218e+04
6.458333333333332860e+01,1.271424813514551715e+04
6.460416666666665719e+01,1.529281836800528981e+04
6.462500000000000000e+01,1.615326480330545746e+04
6.464583333333332860e+01,1.357409262645100171e+04
6.466666666666665719e+01,1.271292366288648918e+04
6.468750000000000000e+01,1.529024236687358280e+04
6.470833333333332860e+01,1.615007112597535161e+04
6.472916666666665719e+01,1.345452931699727560e+04
6.475000000000000000e+01,1.289499833396841859e+04
6.477083333333332860e+01,1.529086796910815974e+04
6.479166666666665719e+01,1.615077112711277005e+04
6.481250000000000000e+01,1.348119445229139455e+04
6.483333333333332860e+01,1.271478444537415999e+04
6.485416666666665719e+01,1.529000434488835890e+04
6.487500000000000000e+01,1.615024159438797506e+04
6.489583333333332860e+01,1.335333862832277737e+04
6.491666666666665719e+01,1.271486536498951682e+04
6.493750000000000000e+01,1.529101872715569698e+04
6.495833333333332860e+01,1.605164912528585774e+04
6.497916666666665719e+01,1.357452659333261181e+04
6.500000000000000000e+01,1.272544134441734059e+04
6.502083333333332860e+01,1.529067873511120342e+04
6.504166666666665719e+01,1.615021891059076734e+04
6.506250000000000000e+01,1.357156333038728917e+04
6.508333333333332860e+01,1.272406988344383353e+04
6.510416666666665719e+01,1.528972200893822810e+04
6.512500000000000000e+01,1.603291265091722744e+04
6.514583333333332860e+01,1.320909571759908067e+04
6.516666666666665719e+01,1.271390755211357464e+04
6.518750000000000000e+01,1.554362501672287908e+04
6.520833333333332860e+01,1.615441781766915301e+04
6.522916666666665719e+01,1.337758935568314701e+04
6.525000000000000000e+01,1.271422777251049047e+04
6.527083333333332860e+01,1.529238240820463761e+04
6.529166666666665719e+01,1.615187185531955765e+04
6.531250000000000000e+01,1.357193859020958189e+04
6.533333333333332860e+01,1.271131436642357585e+04
6.535416666666665719e+01,1.529014956873631309e+04
6.537500000000000000e+01,1.615032836582584423e+04
6.539583333333332860e+01,1.314524913499852119e+04
6.541666666666665719e+01,1.271290947611448792e+04
6.543750000000000000e+01,1.577989270161945751e+04
6.545833333333332860e+01,1.607483203982218765e+04
6.547916666666665719e+01,1.271445863917241149e+04
6.550000000000000000e+01,1.271236897793171011e+04
6.552083333333332860e+01,1.615092856736692556e+04
6.554166666666665719e+01,1.602266864085367342e+04
6.556250000000000000e+01,1.271347140924196719e+04
6.558333333333332860e+01,1.271210328825308898e+04
6.560416666666665719e+01,1.614999310428322133e+04
6.562500000000000000e+01,1.613942230794964416e+04
6.564583333333332860e+01,1.271246794326056261e+04
6.566666666666665719e+01,1.271111152832352673e+04
6.568750000000000000e+01,1.609061258725733569e+04
6.570833333333332860e+01,1.511294553466921207e+04
6.572916666666665719e+01,1.272375588179945771e+04
6.575000000000000000e+01,1.347338618632605358e+04
6.577083333333332860e+01,1.616089334457303630e+04
6.579166666666665719e+01,1.529680689675641042e+04
6.581250000000000000e+01,1.271655857229192043e+04
6.583333333333332860e+01,1.357435663401909187e+04
6.585416666666665719e+01,1.615038693258128114e+04
6.587500000000000000e+01,1.529066711955748542e+04
6.589583333333332860e+01,1.271323455861410912e+04
6.591666666666665719e+01,1.381411463639498834e+04
6.593750000000000000e+01,1.615284868549110615e+04
6.595833333333332860e+01,1.529317630783593268e+04
6.597916666666665719e+01,1.271573930770548395e+04
6.600000000000000000e+01,1.357313851360862463e+04
6.602083333333332860e+01,1.614921661227767618e+04
6.604166666666665719e+01,1.515621783367374883e+04
6.606250000000000000e+01,1.271684735032584649e+04
6.608333333333332860e+01,1.339811557055886442e+04
6.610416666666665719e+01,1.597504164744487571e+04
6.612500000000000000e+01,1.529244885347200398e+04
6.614583333333332860e+01,1.271463216285996896e+04
6.616666666666665719e+01,1.357382496268496834e+04
6.618750000000000000e+01,1.614977526308246524e+04
6.620833333333332860e+01,1.528934228036246350e+04
6.622916666666665719e+01,1.271230339354455646e+04
6.625000000000000000e+01,1.357225670521124994e+04
6.627083333333332860e+01,1.604514315419994455e+04
6.629166666666665719e+01,1.528937686649653187e+04
6.631250000000000000e+01,1.271180643644544762e+04
6.633333333333332860e+01,1.357257500014991456e+04
6.635416666666665719e+01,1.582673313863645308e+04
6.637500000000000000e+01,1.529126993890189260e+04
6.639583333333332860e+01,1.280203557622793960e+04
6.641666666666665719e+01,1.357548114134274874e+04
6.643750000000000000e+01,1.615193444288981118e+04
6.645833333333332860e+01,1.529044162127747404e+04
6.647916666666665719e+01,1.271226435671504078e+04
6.650000000000000000e+01,1.357228770386908946e+04
6.652083333333332860e+01,1.614958693890882569e+04
6.654166666666665719e+01,1.528872080270434162e+04
6.656250000000000000e+01,1.271043490690334875e+04
6.658333333333332860e+01,1.337365096656942114e+04
6.660416666666665719e+01,1.608430736151661040e+04
6.662500000000000000e+01,1.529072735818523142e+04
6.664583333333332860e+01,1.271226419921458000e+04
6.666666666666665719e+01,1.365559758895838240e+04
6.668750000000000000e+01,1.615264534932930110e+04
6.670833333333332860e+01,1.529125262436484991e+04
6.672916666666665719e+01,1.271179503258509794e+04
6.675000000000000000e+01,1.357138123990399617e+04
6.677083333333332860e+01,1.600397053023976696e+04
6.679166666666665719e+01,1.529120363315719806e+04
6.681250000000000000e+01,1.271139089689185494e+04
6.683333333333332860e+01,1.357092928436706643e+04
6.685416666666665719e+01,1.615046029235868264e+04
6.687500000000000000e+01,1.511388017233206847e+04
6.689583333333332860e+01,1.271217271541586524e+04
6.691666666666665719e+01,1.356504386395983238e+04
6.693750000000000000e+01,1.578088772210915704e+04
6.695833333333332860e+01,1.529451540164804464e+04
6.697916666666665719e+01,1.309129902791099448e+04
6.700000000000000000e+01,1.390286622662749869e+04
6.702083333333332860e+01,1.552235711879036535e+04
6.704166666666665719e+01,1.522801535422834786e+04
6.706250000000000000e+01,1.357593597372015938e+04
6.708333333333332860e+01,1.357392318710430118e+04
6.710416666666665719e+01,1.529151134968698898e+04
6.712500000000000000e+01,1.528998146430487395e+04
6.714583333333332860e+01,1.357215854822960682e+04
6.716666666666665719e+01,1.388610338664071605e+04
6.718750000000000000e+01,1.529770136416737296e+04
6.720833333333332860e+01,1.487286168111913139e+04
6.722916666666665719e+01,1.357863495261821663e+04
6.725000000000000000e+01,1.443439000217072316e+04
6.727083333333332860e+01,1.523878104624125990e+04
6.729166666666665719e+01,1.464408392638307851e+04
6.731250000000000000e+01,1.357508923633038648e+04
6.733333333333332860e+01,1.443233887888753816e+04
6.735416666666665719e+01,1.529193295723525443e+04
6.737500000000000000e+01,1.443283876896793299e+04
6.739583333333332860e+01,1.357244158223898194e+04
6.741666666666665719e+01,1.440884072319014376e+04
6.743750000000000000e+01,1.528953944848559331e+04
6.745833333333332860e+01,1.445805554538907018e+04
6.747916666666665719e+01,1.397958519789702768e+04
6.750000000000000000e+01,1.426531575690848695e+04
6.752083333333332860e+01,1.472024143573902984e+04
6.754166666666665719e+01,1.429580323407459218e+04
6.756250000000000000e+01,1.443712530042729486e+04
6.758333333333332860e+01,1.443442420957868671e+04
6.760416666666665719e+01,1.450595848622309859e+04
6.762500000000000000e+01,1.477557881448499393e+04
6.764583333333332860e+01,1.443399072531732600e+04
6.766666666666665719e+01,1.415000980999987223e+04
6.768750000000000000e+01,1.443432499539058699e+04
6.770833333333332860e+01,1.503373960387207626e+04
6.772916666666665719e+01,1.443533226471287344e+04
6.775000000000000000e+01,1.400687007535889279e+04
6.777083333333332860e+01,1.443590926881049745e+04
6.779166666666665719e+01,1.529321384742097143e+04
6.781250000000000000e+01,1.427886597561319286e+04
6.783333333333332860e+01,1.357376275734866795e+04
6.785416666666665719e+01,1.443181757120806651e+04
6.787500000000000000e+01,1.528983381072593693e+04
6.789583333333332860e+01,1.442654751778600621e+04
6.791666666666665719e+01,1.345857735752526787e+04
6.793750000000000000e+01,1.452624540025022725e+04
6.795833333333332860e+01,1.564519255969136793e+04
6.797916666666665719e+01,1.443631994998019218e+04
6.800000000000000000e+01,1.313929726641574598e+04
6.802083333333332860e+01,1.443619377698223980e+04
6.804166666666665719e+01,1.598329624993542166e+04
6.806250000000000000e+01,1.423458184159695156e+04
6.808333333333332860e+01,1.271710831883601713e+04
6.810416666666665719e+01,1.449332872486435372e+04
6.812500000000000000e+01,1.615313753939478556e+04
6.814583333333332860e+01,1.431452898257538618e+04
6.816666666666665719e+01,1.271457180916941070e+04
6.818750000000000000e+01,1.460075197397532247e+04
6.820833333333332860e+01,1.615203459455724806e+04
6.822916666666665719e+01,1.443270041270538422e+04
6.825000000000000000e+01,1.271362613444493400e+04
6.827083333333332860e+01,1.443093582272705316e+04
6.829166666666665719e+01,1.587939882146626769e+04
6.831250000000000000e+01,1.443690931869929773e+04
6.833333333333332860e+01,1.271621905776138374e+04
6.835416666666665719e+01,1.443254647787593422e+04
6.837500000000000000e+01,1.615130449245532509e+04
6.839583333333332860e+01,1.435236309344742403e+04
6.841666666666665719e+01,1.271423814948176732e+04
6.843750000000000000e+01,1.443185756157634751e+04
6.845833333333332860e+01,1.615107398896305676e+04
6.847916666666665719e+01,1.443213264294255350e+04
6.850000000000000000e+01,1.278596608267890042e+04
6.852083333333332860e+01,1.443349117657775423e+04
6.854166666666665719e+01,1.615093391484858512e+04
6.856250000000000000e+01,1.443113494880888538e+04
6.858333333333332860e+01,1.271410605573295106e+04
6.860416666666665719e+01,1.448767891321663046e+04
6.862500000000000000e+01,1.614938422472928505e+04
6.864583333333332860e+01,1.442936781505333784e+04
6.866666666666665719e+01,1.277183234355145760e+04
6.868750000000000000e+01,1.468694836083559494e+04
6.870833333333332860e+01,1.602172985932234224e+04
6.872916666666665719e+01,1.430174728428857270e+04
6.875000000000000000e+01,1.272016810979799266e+04
6.877083333333332860e+01,1.443708527191875328e+04
6.879166666666665719e+01,1.615220182045317779e+04
6.881250000000000000e+01,1.443190981081819336e+04
6.883333333333332860e+01,1.271452601181095815e+04
6.885416666666665719e+01,1.443207989643063775e+04
6.887500000000000000e+01,1.587173983245664931e+04
6.889583333333332860e+01,1.408823184667771420e+04
6.891666666666665719e+01,1.271919505915607806e+04
6.893750000000000000e+01,1.482633215967324577e+04
6.895833333333332860e+01,1.615699329771756675e+04
6.897916666666665719e+01,1.362034619949492844e+04
6.900000000000000000e+01,1.286657189972772539e+04
6.902083333333332860e+01,1.541257399700061069e+04
6.904166666666665719e+01,1.590387792248983533e+04
6.906250000000000000e+01,1.357794481416026611e+04
6.908333333333332860e+01,1.335217292894651473e+04
6.910416666666665719e+01,1.605912332608875295e+04
6.912500000000000000e+01,1.707757468012762547e+04
6.914583333333332860e+01,1.432760420827748021e+04
6.916666666666665719e+01,1.375088965565976105e+04
6.918750000000000000e+01,1.632833704408696940e+04
6.920833333333332860e+01,1.717007722597930842e+04
6.922916666666665719e+01,1.456123625861109394e+04
6.925000000000000000e+01,1.366208050327857200e+04
6.927083333333332860e+01,1.619717830521884389e+04
6.929166666666665719e+01,1.701456700755888960e+04
6.931250000000000000e+01,1.439535066719028327e+04
6.933333333333332860e+01,1.350792260112796066e+04
6.935416666666665719e+01,1.602754257940861135e+04
6.937500000000000000e+01,1.682637530818003506e+04
6.939583333333332860e+01,1.390295150931876560e+04
6.941666666666665719e+01,1.360805989539745133e+04
6.943750000000000000e+01,1.609746912211021117e+04
6.945833333333332860e+01,1.651281521245367549e+04
6.947916666666665719e+01,1.411337115867354805e+04
6.950000000000000000e+01,1.322257915754559144e+04
6.952083333333332860e+01,1.576891702009434084e+04
6.954166666666665719e+01,1.652341907681381417e+04
6.956250000000000000e+01,1.360869046893150517e+04
6.958333333333332860e+01,1.312204791736544939e+04
6.960416666666665719e+01,1.616187883986493398e+04
6.962500000000000000e+01,1.647869064397618058e+04
6.964583333333332860e+01,1.305975887585812598e+04
6.966666666666665719e+01,1.303976034195452667e+04
6.968750000000000000e+01,1.615418594426418713e+04
6.970833333333332860e+01,1.636772849399040570e+04
6.972916666666665719e+01,1.299524920685483085e+04
6.975000000000000000e+01,1.304109808008233813e+04
6.977083333333332860e+01,1.640445296357969346e+04
6.979166666666665719e+01,1.638634261644923026e+04
6.981250000000000000e+01,1.294183936007579177e+04
6.983333333333332860e+01,1.292920266616591107e+04
6.985416666666665719e+01,1.602677316065787818e+04
6.987500000000000000e+01,1.628849759724887917e+04
6.989583333333332860e+01,1.290585489879166562e+04
6.991666666666665719e+01,1.289531402846253332e+04
6.993750000000000000e+01,1.614691057534283391e+04
6.995833333333332860e+01,1.613725807873026497e+04
6.997916666666665719e+01,1.287247823289839289e+04
7.000000000000000000e+01,1.286279865789323958e+04
7.002083333333332860e+01,1.629368345016751118e+04
7.004166666666665719e+01,1.610819959925293369e+04
7.006250000000000000e+01,1.284634412975593659e+04
7.008333333333332860e+01,1.283837279874777232e+04
7.010416666666665719e+01,1.626938635534205969e+04
7.012500000000000000e+01,1.613341255458074374e+04
7.014583333333332860e+01,1.282339132068358958e+04
7.016666666666665719e+01,1.281799931453706813e+04
7.018750000000000000e+01,1.625106029854936787e+04
7.020833333333332860e+01,1.607784434907287141e+04
7.022916666666665719e+01,1.280796568043416119e+04
7.025000000000000000e+01,1.280340499380688198e+04
7.027083333333332860e+01,1.614275796089190044e+04
7.029166666666665719e+01,1.594179368604134652e+04
7.031250000000000000e+01,1.278921611393589046e+04
7.033333333333332860e+01,1.292912466445528480e+04
7.035416666666665719e+01,1.621348566576637313e+04
7.037500000000000000e+01,1.593982907028384216e+04
7.039583333333332860e+01,1.227379794640904584e+04
7.041666666666665719e+01,1.195935694841886834e+04
7.043750000000000000e+01,1.392810154050650817e+04
7.045833333333332860e+01,1.410966046159632970e+04
7.047916666666665719e+01,1.178419693231919337e+04
7.050000000000000000e+01,1.299969699755920010e+04
7.052083333333332860e+01,1.506930200324249017e+04
7.054166666666665719e+01,1.466199675059380752e+04
7.056250000000000000e+01,1.239546074627573762e+04
7.058333333333332860e+01,1.344267337951975423e+04
7.060416666666665719e+01,1.587612356833329250e+04
7.062500000000000000e+01,1.508537617480167683e+04
7.064583333333332860e+01,1.304905117014708594e+04
7.066666666666665719e+01,1.351112401714334919e+04
7.068750000000000000e+01,1.614316498001099535e+04
7.070833333333332860e+01,1.531803191911036629e+04
7.072916666666665719e+01,1.357423098215723076e+04
7.075000000000000000e+01,1.366080343509618615e+04
7.077083333333332860e+01,1.558495466451501852e+04
7.079166666666665719e+01,1.608519472103456792e+04
7.081250000000000000e+01,1.372835305567181422e+04
7.083333333333332860e+01,1.293887805172142180e+04
7.085416666666665719e+01,1.618339715755058569e+04
7.087500000000000000e+01,1.635288595341680048e+04
7.089583333333332860e+01,1.293338835009812465e+04
7.091666666666665719e+01,1.309154105030265418e+04
7.093750000000000000e+01,1.635685169255607616e+04
7.095833333333332860e+01,1.635084474499734279e+04
7.097916666666665719e+01,1.292475010395197387e+04
7.100000000000000000e+01,1.291436301566805560e+04
7.102083333333332860e+01,1.631651305041843807e+04
7.104166666666665719e+01,1.567011093426814114e+04
7.106250000000000000e+01,1.285717549410431457e+04
7.108333333333332860e+01,1.310179452809318536e+04
7.110416666666665719e+01,1.582027071788292596e+04
7.112500000000000000e+01,1.619476672823531408e+04
7.114583333333332860e+01,1.273559332391397766e+04
7.116666666666665719e+01,1.271100834637424123e+04
7.118750000000000000e+01,1.606125806100014597e+04
7.120833333333332860e+01,1.507270966119128570e+04
7.122916666666665719e+01,1.265399141286835220e+04
7.125000000000000000e+01,1.400499831022360013e+04
7.127083333333332860e+01,1.545331903554987730e+04
7.129166666666665719e+01,1.452263173542269578e+04
7.131250000000000000e+01,1.359822703438210738e+04
7.133333333333332860e+01,1.377960535676197469e+04
7.135416666666665719e+01,1.520108415197255090e+04
7.137500000000000000e+01,1.516389832847607249e+04
7.139583333333332860e+01,1.313011369545391062e+04
7.141666666666665719e+01,1.349009585683955083e+04
7.143750000000000000e+01,1.544933013265123736e+04
7.145833333333332860e+01,1.522034918143852701e+04
7.147916666666665719e+01,1.341813512460926358e+04
7.150000000000000000e+01,1.350815866232365806e+04
7.152083333333332860e+01,1.522833060774066689e+04
7.154166666666665719e+01,1.523716558397268818e+04
7.156250000000000000e+01,1.352476155140611809e+04
7.158333333333332860e+01,1.353915026258497164e+04
7.160416666666665719e+01,1.524474231448373394e+04
7.162500000000000000e+01,1.525351218357784091e+04
7.164583333333332860e+01,1.354875762024805590e+04
7.166666666666665719e+01,1.393899570851400131e+04
7.168750000000000000e+01,1.526619435471462566e+04
7.170833333333332860e+01,1.515311147803293352e+04
7.172916666666665719e+01,1.351713090754436780e+04
7.175000000000000000e+01,1.385417927507540298e+04
7.177083333333332860e+01,1.527014564515063103e+04
7.179166666666665719e+01,1.425901021735251197e+04
7.181250000000000000e+01,1.169226456232549026e+04
7.183333333333332860e+01,1.307130502154861824e+04
7.185416666666665719e+01,1.482554146108710847e+04
7.187500000000000000e+01,1.384324244686465317e+04
7.189583333333332860e+01,1.280479178746395701e+04
7.191666666666665719e+01,1.361370910367523175e+04
7.193750000000000000e+01,1.470736131045263392e+04
7.195833333333332860e+01,1.464536441039750571e+04
7.197916666666665719e+01,1.322501302180155835e+04
7.200000000000000000e+01,1.242286106189862767e+04
7.202083333333332860e+01,1.492186369111634485e+04
7.204166666666665719e+01,1.506944633383804830e+04
7.206250000000000000e+01,1.339888338844959071e+04
7.208333333333332860e+01,1.341329755820515129e+04
7.210416666666665719e+01,1.430975458210662691e+04
7.212500000000000000e+01,1.504089667756966082e+04
7.214583333333332860e+01,1.409836291997935768e+04
7.216666666666665719e+01,1.343016372569555097e+04
7.218750000000000000e+01,1.441292573346368590e+04
7.220833333333332860e+01,1.508375465709496348e+04
7.222916666666665719e+01,1.446117987188855841e+04
7.225000000000000000e+01,1.360207361803083404e+04
7.227083333333332860e+01,1.446406808671063845e+04
7.229166666666665719e+01,1.514544898798362192e+04
7.231250000000000000e+01,1.448319545245050176e+04
7.233333333333332860e+01,1.359498056056391215e+04
7.235416666666665719e+01,1.462955353822291727e+04
7.237500000000000000e+01,1.537580257395276203e+04
7.239583333333332860e+01,1.441665200492400618e+04
7.241666666666665719e+01,1.352261606601552558e+04
7.243750000000000000e+01,1.471488713151571574e+04
7.245833333333332860e+01,1.545256728076950822e+04
7.247916666666665719e+01,1.434125937860123668e+04
7.250000000000000000e+01,1.364021885954610480e+04
7.252083333333332860e+01,1.436722017317342761e+04
7.254166666666665719e+01,1.517065417702702325e+04
7.256250000000000000e+01,1.430195368446738212e+04
7.258333333333332860e+01,1.419543133470158500e+04
7.260416666666665719e+01,1.428061202985772616e+04
7.262500000000000000e+01,1.427668672168205012e+04
7.264583333333332860e+01,1.427808445514276173e+04
7.266666666666665719e+01,1.427805164827980479e+04
7.268750000000000000e+01,1.505152640336375043e+04
7.270833333333332860e+01,1.398103870965318129e+04
7.272916666666665719e+01,1.343769813094510391e+04
7.275000000000000000e+01,1.429757329811200907e+04
7.277083333333332860e+01,1.515899615850545524e+04
7.279166666666665719e+01,1.465564290863876886e+04
7.281250000000000000e+01,1.350445443530796911e+04
7.283333333333332860e+01,1.465790422732777370e+04
7.285416666666665719e+01,1.518879628444348054e+04
7.287500000000000000e+01,1.430581245343799310e+04
7.289583333333332860e+01,1.348155232715663806e+04
7.291666666666665719e+01,1.418419012066031064e+04
7.293750000000000000e+01,1.519935130772854245e+04
7.295833333333332860e+01,1.403243150426994180e+04
7.297916666666665719e+01,1.349982197340441417e+04
7.300000000000000000e+01,1.435864982333324588e+04
7.302083333333332860e+01,1.521644190503014397e+04
7.304166666666665719e+01,1.435880902321111716e+04
7.306250000000000000e+01,1.398643942717642494e+04
7.308333333333332860e+01,1.545785265251426608e+04
7.310416666666665719e+01,1.615862896140699740e+04
7.312500000000000000e+01,1.537962189993253924e+04
7.314583333333332860e+01,1.455340327794142286e+04
7.316666666666665719e+01,1.541875783084208524e+04
7.318750000000000000e+01,1.626501922628930697e+04
7.320833333333332860e+01,1.500183116512042761e+04
7.322916666666665719e+01,1.448780947538705732e+04
7.325000000000000000e+01,1.549073321441930239e+04
7.327083333333332860e+01,1.612814088284215177e+04
7.329166666666665719e+01,1.534160565205822786e+04
7.331250000000000000e+01,1.480173420871807684e+04
7.333333333333332860e+01,1.513883948712050915e+04
7.335416666666665719e+01,1.520891333399717405e+04
7.337500000000000000e+01,1.535757937298068646e+04
7.339583333333332860e+01,1.502654791458291947e+04
7.341666666666665719e+01,1.486655250021875327e+04
7.343750000000000000e+01,1.502315814885780492e+04
7.345833333333332860e+01,1.522644487988231049e+04
7.347916666666665719e+01,1.490235534172958796e+04
7.350000000000000000e+01,1.469063589519572633e+04
7.352083333333332860e+01,1.485206249816664058e+04
7.354166666666665719e+01,1.507344898340275904e+04
7.356250000000000000e+01,1.480186609000875978e+04
7.358333333333332860e+01,1.477742891125590904e+04
7.360416666666665719e+01,1.475904895988394492e+04
7.362500000000000000e+01,1.486489258893455553e+04
7.364583333333332860e+01,1.472202975295771103e+04
7.366666666666665719e+01,1.470292857312226261e+04
7.368750000000000000e+01,1.468857224846212557e+04
7.370833333333332860e+01,1.444541562572424300e+04
7.372916666666665719e+01,1.466262586759024634e+04
7.375000000000000000e+01,1.464569775111186391e+04
7.377083333333332860e+01,1.479725744386313090e+04
7.379166666666665719e+01,1.477171099054290971e+04
7.381250000000000000e+01,1.461135410228485853e+04
7.383333333333332860e+01,1.459889529576467248e+04
7.385416666666665719e+01,1.470065073542501341e+04
7.387500000000000000e+01,1.481853859130755518e+04
7.389583333333332860e+01,1.457367612374418241e+04
7.391666666666665719e+01,1.454713184270457714e+04
7.393750000000000000e+01,1.455659445904429958e+04
7.395833333333332860e+01,1.454820251775854194e+04
7.397916666666665719e+01,1.454151157304982189e+04
7.400000000000000000e+01,1.453442147931333238e+04
7.402083333333332860e+01,1.452760965646121622e+04
7.404166666666665719e+01,1.452127266321840580e+04
7.406250000000000000e+01,1.451747683426325239e+04
7.408333333333332860e+01,1.451192085215750922e+04
7.410416666666665719e+01,1.462870052857003247e+04
7.412500000000000000e+01,1.484227930713897149e+04
7.414583333333332860e+01,1.450173034030141571e+04
7.416666666666665719e+01,1.443452889632533333e+04
7.418750000000000000e+01,1.449303673711078591e+04
7.420833333333332860e+01,1.458324278460241840e+04
7.422916666666665719e+01,1.449014339094799288e+04
7.425000000000000000e+01,1.448428035894879213e+04
7.427083333333332860e+01,1.448089143963430251e+04
7.429166666666665719e+01,1.447673281847763428e+04
7.431250000000000000e+01,1.447323577905416823e+04
7.433333333333332860e+01,1.446938252461845332e+04
7.435416666666665719e+01,1.446785521623516979e+04
7.437500000000000000e+01,1.491478823381871189e+04
7.439583333333332860e+01,1.446463009507437528e+04
7.441666666666665719e+01,1.392228054025687379e+04
7.443750000000000000e+01,1.454747590691196092e+04
7.445833333333332860e+01,1.554546859475801830e+04
7.447916666666665719e+01,1.445962238255026023e+04
7.450000000000000000e+01,1.336351550867841070e+04
7.452083333333332860e+01,1.445889455289032412e+04
7.454166666666665719e+01,1.521799319366450436e+04
7.456250000000000000e+01,1.445388039028052299e+04
7.458333333333332860e+01,1.359169282969354754e+04
7.460416666666665719e+01,1.445022830653137862e+04
7.462500000000000000e+01,1.530772332676063888e+04
7.464583333333332860e+01,1.444512581142177078e+04
7.466666666666665719e+01,1.370376722754139701e+04
7.468750000000000000e+01,1.466920155404237448e+04
7.470833333333332860e+01,1.541754861760682616e+04
7.472916666666665719e+01,1.444481276997881287e+04
7.475000000000000000e+01,1.358495889852660184e+04
7.477083333333332860e+01,1.444454351445134671e+04
7.479166666666665719e+01,1.530246893018231276e+04
7.481250000000000000e+01,1.444124156041916285e+04
7.483333333333332860e+01,1.361012218185039819e+04
7.485416666666665719e+01,1.443970841827675758e+04
7.487500000000000000e+01,1.529837662800067483e+04
7.489583333333332860e+01,1.443929189460967609e+04
7.491666666666665719e+01,1.334967255351475615e+04
7.493750000000000000e+01,1.444100676875832141e+04
7.495833333333332860e+01,1.554448241139083621e+04
7.497916666666665719e+01,1.444262387739930273e+04
7.500000000000000000e+01,1.357520730264501253e+04
7.502083333333332860e+01,1.474782281280943425e+04
7.504166666666665719e+01,1.529655508138140431e+04
7.506250000000000000e+01,1.437212428827981785e+04
7.508333333333332860e+01,1.333212253348823651e+04
7.510416666666665719e+01,1.443811962891041185e+04
7.512500000000000000e+01,1.545222856571577722e+04
7.514583333333332860e+01,1.443981015155919158e+04
7.516666666666665719e+01,1.357946326222270000e+04
7.518750000000000000e+01,1.443598597507731029e+04
7.520833333333332860e+01,1.529361486370575949e+04
7.522916666666665719e+01,1.443417713504463973e+04
7.525000000000000000e+01,1.372065504459471049e+04
7.527083333333332860e+01,1.459826152272658874e+04
7.529166666666665719e+01,1.550228035747725517e+04
7.531250000000000000e+01,1.443567477469074947e+04
7.533333333333332860e+01,1.357684681909152278e+04
7.535416666666665719e+01,1.443665605908336875e+04
7.537500000000000000e+01,1.529409873781404531e+04
7.539583333333332860e+01,1.443287904299269212e+04
7.541666666666665719e+01,1.357394491506322811e+04
7.543750000000000000e+01,1.443372096253984637e+04
7.545833333333332860e+01,1.524477989402259846e+04
7.547916666666665719e+01,1.443160071711441196e+04
7.550000000000000000e+01,1.375601577447692398e+04
7.552083333333332860e+01,1.451736198841323130e+04
7.554166666666665719e+01,1.529221552775621967e+04
7.556250000000000000e+01,1.443258957274769637e+04
7.558333333333332860e+01,1.344136889630894802e+04
7.560416666666665719e+01,1.443436105374096951e+04
7.562500000000000000e+01,1.529129368426181099e+04
7.564583333333332860e+01,1.443246116714189338e+04
7.566666666666665719e+01,1.357422623288631803e+04
7.568750000000000000e+01,1.443228985330291107e+04
7.570833333333332860e+01,1.528974227635472926e+04
7.572916666666665719e+01,1.443037178764186319e+04
7.575000000000000000e+01,1.372312268462196153e+04
7.577083333333332860e+01,1.457465394719532560e+04
7.579166666666665719e+01,1.529193211502548729e+04
7.581250000000000000e+01,1.443161741542628442e+04
7.583333333333332860e+01,1.357286466615430982e+04
7.585416666666665719e+01,1.443270567289657629e+04
7.587500000000000000e+01,1.560930110799022077e+04
7.589583333333332860e+01,1.443291630869833534e+04
7.591666666666665719e+01,1.331757034628532710e+04
7.593750000000000000e+01,1.443547532216336913e+04
7.595833333333332860e+01,1.531317575956588917e+04
7.597916666666665719e+01,1.443207958537393279e+04
7.600000000000000000e+01,1.357127957583203533e+04
7.602083333333332860e+01,1.443185178615908080e+04
7.604166666666665719e+01,1.541486162108751887e+04
7.606250000000000000e+01,1.443117625620622130e+04
7.608333333333332860e+01,1.379346899992783074e+04
7.610416666666665719e+01,1.448537328493087989e+04
7.612500000000000000e+01,1.529354543194211146e+04
7.614583333333332860e+01,1.443190108957829943e+04
7.616666666666665719e+01,1.357285373300063293e+04
7.618750000000000000e+01,1.443284631944455032e+04
7.620833333333332860e+01,1.529052232380046917e+04
7.622916666666665719e+01,1.443007744064633152e+04
7.625000000000000000e+01,1.357304604372335962e+04
7.627083333333332860e+01,1.473420901188799689e+04
7.629166666666665719e+01,1.529250708462441980e+04
7.631250000000000000e+01,1.411598027560759874e+04
7.633333333333332860e+01,1.345210594801617844e+04
7.635416666666665719e+01,1.492800355983132249e+04
7.637500000000000000e+01,1.529409766201819002e+04
7.639583333333332860e+01,1.357699929214016083e+04
7.641666666666665719e+01,1.404843312377455004e+04
7.643750000000000000e+01,1.529613994682666453e+04
7.645833333333332860e+01,1.483262929440194057e+04
7.647916666666665719e+01,1.357880474924778900e+04
7.650000000000000000e+01,1.418267679164930087e+04
7.652083333333332860e+01,1.512791317578993767e+04
7.654166666666665719e+01,1.461129238053536392e+04
7.656250000000000000e+01,1.357927634137675705e+04
7.658333333333332860e+01,1.443718176956347452e+04
7.660416666666665719e+01,1.529309461273505440e+04
7.662500000000000000e+01,1.443223279512866429e+04
7.664583333333332860e+01,1.400184447650649236e+04
7.666666666666665719e+01,1.443397565231760382e+04
7.668750000000000000e+01,1.474585781852150103e+04
7.670833333333332860e+01,1.487708115664356592e+04
7.672916666666665719e+01,1.443505577908783016e+04
7.675000000000000000e+01,1.396422278883237232e+04
7.677083333333332860e+01,1.443652628879433541e+04
7.679166666666665719e+01,1.529307065305165452e+04
7.681250000000000000e+01,1.443244407591357594e+04
7.683333333333332860e+01,1.357435225715840716e+04
7.685416666666665719e+01,1.443349433253952884e+04
7.687500000000000000e+01,1.529033316486011972e+04
7.689583333333332860e+01,1.443019231708570442e+04
7.691666666666665719e+01,1.357247100479900109e+04
7.693750000000000000e+01,1.458193828617820327e+04
7.695833333333332860e+01,1.518509224172198083e+04
7.697916666666665719e+01,1.443279385161679966e+04
7.700000000000000000e+01,1.351658787029445739e+04
7.702083333333332860e+01,1.443341349493278904e+04
7.704166666666665719e+01,1.528915653443805786e+04
7.706250000000000000e+01,1.443010402028323369e+04
7.708333333333332860e+01,1.372967151622298115e+04
7.710416666666665719e+01,1.455931085600837469e+04
7.712500000000000000e+01,1.577228098129395221e+04
7.714583333333332860e+01,1.519775958701688069e+04
7.716666666666665719e+01,1.443896826131584385e+04
7.718750000000000000e+01,1.543859146488147235e+04
7.720833333333332860e+01,1.632708305971663503e+04
7.722916666666665719e+01,1.547010201418971337e+04
7.725000000000000000e+01,1.459227773392064046e+04
7.727083333333332860e+01,1.541781592555823227e+04
7.729166666666665719e+01,1.623894081365793681e+04
7.731250000000000000e+01,1.534063846365156496e+04
7.733333333333332860e+01,1.443861551986169798e+04
7.735416666666665719e+01,1.525328905376440525e+04
7.737500000000000000e+01,1.607080944101194473e+04
7.739583333333332860e+01,1.517197915862968148e+04
7.741666666666665719e+01,1.435046609811813687e+04
7.743750000000000000e+01,1.546588977920875186e+04
7.745833333333332860e+01,1.592066865529112329e+04
7.747916666666665719e+01,1.456510726463695755e+04
7.750000000000000000e+01,1.413735532871066971e+04
7.752083333333332860e+01,1.582504011197454020e+04
7.754166666666665719e+01,1.579560866644806811e+04
7.756250000000000000e+01,1.404923426503207884e+04
7.758333333333332860e+01,1.412691746080966186e+04
7.760416666666665719e+01,1.572141657526619019e+04
7.762500000000000000e+01,1.569797026621723853e+04
7.764583333333332860e+01,1.395649256730484558e+04
7.766666666666665719e+01,1.380565941555699828e+04
7.768750000000000000e+01,1.563703148409521600e+04
7.770833333333332860e+01,1.561777527317381100e+04
7.772916666666665719e+01,1.388841730283629295e+04
7.775000000000000000e+01,1.432301149815893950e+04
7.777083333333332860e+01,1.557757558268458524e+04
7.779166666666665719e+01,1.491212961267589708e+04
7.781250000000000000e+01,1.395828689410720835e+04
7.783333333333332860e+01,1.467447477501028334e+04
7.785416666666665719e+01,1.551970513472586026e+04
7.787500000000000000e+01,1.452657712212841216e+04
7.789583333333332860e+01,1.378142628476537720e+04
7.791666666666665719e+01,1.462795893348932077e+04
7.793750000000000000e+01,1.547704410949306475e+04
7.795833333333332860e+01,1.484317786876399987e+04
7.797916666666665719e+01,1.377739646695991905e+04
7.800000000000000000e+01,1.459272202860559628e+04
7.802083333333332860e+01,1.544451015414759968e+04
7.804166666666665719e+01,1.473174269144188293e+04
7.806250000000000000e+01,1.390640081736443608e+04
7.808333333333332860e+01,1.429190623964136103e+04
7.810416666666665719e+01,1.540623622768845962e+04
7.812500000000000000e+01,1.466140541539956394e+04
7.814583333333332860e+01,1.369442812005760061e+04
7.816666666666665719e+01,1.454653316843000357e+04
7.818750000000000000e+01,1.539993021715540817e+04
7.820833333333332860e+01,1.453582655958254691e+04
7.822916666666665719e+01,1.367196997507171181e+04
7.825000000000000000e+01,1.452741205349140364e+04
7.827083333333332860e+01,1.538326977033076400e+04
7.829166666666665719e+01,1.452006049806859664e+04
7.831250000000000000e+01,1.365692690060014502e+04
7.833333333333332860e+01,1.451352402849101054e+04
7.835416666666665719e+01,1.537076661982179576e+04
7.837500000000000000e+01,1.466269011757088083e+04
7.839583333333332860e+01,1.399468966080593600e+04
7.841666666666665719e+01,1.450564328325186943e+04
7.843750000000000000e+01,1.463367219791349999e+04
7.845833333333332860e+01,1.369936708435074615e+04
7.847916666666665719e+01,1.244186374406528557e+04
7.850000000000000000e+01,1.217507751848654152e+04
7.852083333333332860e+01,1.344974507055198410e+04
7.854166666666665719e+01,1.358456409579353203e+04
7.856250000000000000e+01,1.359186002135222589e+04
7.858333333333332860e+01,1.284890074719380209e+04
7.860416666666665719e+01,1.396096693512692946e+04
7.862500000000000000e+01,1.534523869695046233e+04
7.864583333333332860e+01,1.435756329512219236e+04
7.866666666666665719e+01,1.399816709452789655e+04
7.868750000000000000e+01,1.419250464085136628e+04
7.870833333333332860e+01,1.529613543775489597e+04
7.872916666666665719e+01,1.518830064421551288e+04
7.875000000000000000e+01,1.425373921553190303e+04
7.877083333333332860e+01,1.391561838123987400e+04
7.879166666666665719e+01,1.547913973449512559e+04
7.881250000000000000e+01,1.635601901836751495e+04
7.883333333333332860e+01,1.400805782248474134e+04
7.885416666666665719e+01,1.425580729596993842e+04
7.887500000000000000e+01,1.474716716469257517e+04
7.889583333333332860e+01,1.541731896516113557e+04
7.891666666666665719e+01,1.559139914172807039e+04
7.893750000000000000e+01,1.461851499863831486e+04
7.895833333333332860e+01,1.471838057326259514e+04
7.897916666666665719e+01,1.407449958228637115e+04
7.900000000000000000e+01,1.475653691534092286e+04
7.902083333333332860e+01,1.490054238026342136e+04
7.904166666666665719e+01,1.633983780516640400e+04
7.906250000000000000e+01,1.466062514645402189e+04
7.908333333333332860e+01,1.374191348599412959e+04
7.910416666666665719e+01,1.291873787505546716e+04
7.912500000000000000e+01,1.544467761824449917e+04
7.914583333333332860e+01,1.540581468884527203e+04
7.916666666666665719e+01,1.437105003687100179e+04
7.918750000000000000e+01,1.365344941866117733e+04
7.920833333333332860e+01,1.432162319109731470e+04
7.922916666666665719e+01,1.529129433661621806e+04
7.925000000000000000e+01,1.385437758483249490e+04
7.927083333333332860e+01,1.324394723467891163e+04
7.929166666666665719e+01,1.523653310094799599e+04
7.931250000000000000e+01,1.504896686000281989e+04
7.933333333333332860e+01,1.349760699852602920e+04
7.935416666666665719e+01,1.372100544082327178e+04
7.937500000000000000e+01,1.520153975197953332e+04
7.939583333333332860e+01,1.454229760610036828e+04
7.941666666666665719e+01,1.348902643161938613e+04
7.943750000000000000e+01,1.382678504665225410e+04
7.945833333333332860e+01,1.521179629117779768e+04
7.947916666666665719e+01,1.447387324458122384e+04
7.950000000000000000e+01,1.360594610636238576e+04
7.952083333333332860e+01,1.458683487795737892e+04
7.954166666666665719e+01,1.523452394582968191e+04
7.956250000000000000e+01,1.437598708912117218e+04
7.958333333333332860e+01,1.351965938127742993e+04
7.960416666666665719e+01,1.438508389261936463e+04
7.962500000000000000e+01,1.525008277956229722e+04
7.964583333333332860e+01,1.456782602258881525e+04
7.966666666666665719e+01,1.366404015003429231e+04
7.968750000000000000e+01,1.440257265336036289e+04
7.970833333333332860e+01,1.526704348164099792e+04
7.972916666666665719e+01,1.467031364051816490e+04
7.975000000000000000e+01,1.355777189625266328e+04
7.977083333333332860e+01,1.436540559788778046e+04
7.979166666666665719e+01,1.469369385554752807e+04
7.981250000000000000e+01,1.424606853647420940e+04
7.983333333333332860e+01,1.336669983585282171e+04
7.985416666666665719e+01,1.333801990944388308e+04
7.987500000000000000e+01,1.477494491907098927e+04
7.989583333333332860e+01,1.408826906863033946e+04
7.991666666666665719e+01,1.230083054602292032e+04
7.993750000000000000e+01,1.326444234688264260e+04
7.995833333333332860e+01,1.558317753626959893e+04
7.997916666666665719e+01,1.469668327538656376e+04
8.000000000000000000e+01,1.256098006888360032e+04
8.002083333333332860e+01,1.258801548316350818e+04
8.004166666666665719e+01,1.521104914352849300e+04
8.006250000000000000e+01,1.608882682804784417e+04
8.008333333333332860e+01,1.323003522978387991e+04
8.010416666666665719e+01,1.272731537888653475e+04
8.012500000000000000e+01,1.405903171784623555e+04
8.014583333333332860e+01,1.605763600902023609e+04
8.016666666666665719e+01,1.448424806304320737e+04
8.018750000000000000e+01,1.278748642239765468e+04
8.020833333333332860e+01,1.367369199586832838e+04
8.022916666666665719e+01,1.369704668422253599e+04
8.025000000000000000e+01,1.543236397944328564e+04
8.027083333333332860e+01,1.558527656171313720e+04
8.029166666666665719e+01,1.548086691779423563e+04
8.031250000000000000e+01,1.405575276764287992e+04
8.033333333333332860e+01,1.289317043199631371e+04
8.035416666666665719e+01,1.375371187131684201e+04
8.037500000000000000e+01,1.595428228741421844e+04
8.039583333333332860e+01,1.633381710205993295e+04
8.041666666666665719e+01,1.457594397481504711e+04
8.043750000000000000e+01,1.335772707905341667e+04
8.045833333333332860e+01,1.383083173063070353e+04
8.047916666666665719e+01,1.373699110098750316e+04
8.050000000000000000e+01,1.579311749911410516e+04
8.052083333333332860e+01,1.580633713580920084e+04
8.054166666666665719e+01,1.362732776041876423e+04
8.056250000000000000e+01,1.282736206759874403e+04
8.058333333333332860e+01,1.601249994696433714e+04
8.060416666666665719e+01,1.586852693087520674e+04
8.062500000000000000e+01,1.258957343754797330e+04
8.064583333333332860e+01,1.257411033592571766e+04
8.066666666666665719e+01,1.600963863926513659e+04
8.068750000000000000e+01,1.583237998691848406e+04
8.070833333333332860e+01,1.306921166027431536e+04
8.072916666666665719e+01,1.256293349913578641e+04
8.075000000000000000e+01,1.592813916386452183e+04
8.077083333333332860e+01,1.569159489665106230e+04
8.079166666666665719e+01,1.257536506515925066e+04
8.081250000000000000e+01,1.257878607754024779e+04
8.083333333333332860e+01,1.601840401592584749e+04
8.085416666666665719e+01,1.602223449591153621e+04
8.087500000000000000e+01,1.259450554996335632e+04
8.089583333333332860e+01,1.260108082040931913e+04
8.091666666666665719e+01,1.581100919919089938e+04
8.093750000000000000e+01,1.571714112308643234e+04
8.095833333333332860e+01,1.262570822778969523e+04
8.097916666666665719e+01,1.262954735148618784e+04
8.100000000000000000e+01,1.606720223795593483e+04
8.102083333333332860e+01,1.592873206975326320e+04
8.104166666666665719e+01,1.263797050336403481e+04
8.106250000000000000e+01,1.277385096888702537e+04
