0.000000000000000000e+00,0.000000000000000000e+00
2.083333333333333218e-02,1.710534018468640716e+04
4.166666666666666435e-02,1.623603881418281162e+04
6.250000000000000000e-02,1.563688860991780530e+04
8.333333333333332871e-02,1.522956833174433268e+04
1.041666666666666574e-01,1.495569149363293400e+04
1.250000000000000000e-01,1.477317943678644951e+04
1.458333333333333148e-01,1.465248906090563469e+04
1.666666666666666574e-01,1.457327386164381460e+04
1.875000000000000000e-01,1.452170799444204022e+04
2.083333333333333148e-01,1.448848563790825938e+04
2.291666666666666574e-01,1.446738480298423383e+04
2.500000000000000000e-01,1.445426445849080119e+04
2.708333333333333148e-01,1.444637746610664908e+04
2.916666666666666297e-01,1.444190575744818489e+04
3.125000000000000000e-01,1.443964846363192919e+04
3.333333333333333148e-01,1.443881381009555480e+04
3.541666666666666297e-01,1.443888075340733485e+04
3.750000000000000000e-01,1.443950720765084407e+04
3.958333333333333148e-01,1.444046926983647791e+04
4.166666666666666297e-01,1.444162101691709540e+04
4.375000000000000000e-01,1.444286793102015508e+04
4.583333333333333148e-01,1.444414934279636873e+04
4.791666666666666297e-01,1.444542683777182174e+04
5.000000000000000000e-01,1.444667660358894864e+04
5.208333333333332593e-01,1.444788438082900393e+04
5.416666666666666297e-01,1.444904213347088080e+04
5.625000000000000000e-01,1.445014585491361504e+04
5.833333333333332593e-01,1.445119412372266379e+04
6.041666666666666297e-01,1.445218715425367918e+04
6.250000000000000000e-01,1.445312617384827172e+04
6.458333333333332593e-01,1.445401301545954630e+04
6.666666666666666297e-01,1.445484985232039980e+04
6.875000000000000000e-01,1.445563902620190856e+04
7.083333333333332593e-01,1.445638293727578275e+04
7.291666666666666297e-01,1.445708397446887102e+04
7.500000000000000000e-01,1.445774447237846834e+04
7.708333333333332593e-01,1.445836668555844881e+04
7.916666666666666297e-01,1.445895277411713687e+04
8.125000000000000000e-01,1.445950479663475926e+04
8.333333333333332593e-01,1.446002470777272902e+04
8.541666666666666297e-01,1.446051435884778766e+04
8.750000000000000000e-01,1.446097550023821532e+04
8.958333333333332593e-01,1.446140978488144538e+04
9.166666666666666297e-01,1.446181877238082598e+04
9.375000000000000000e-01,1.446220393340960072e+04
9.583333333333332593e-01,1.446256665421225625e+04
9.791666666666666297e-01,1.446290824107708613e+04
1.000000000000000000e+00,1.446322992470202371e+04
1.020833333333333259e+00,1.446353286440751617e+04
1.041666666666666519e+00,1.446381815217067196e+04
1.062500000000000000e+00,1.446408681646821060e+04
1.083333333333333259e+00,1.446433982592432585e+04
1.104166666666666519e+00,1.446457809276485932e+04
1.125000000000000000e+00,1.446480247608252466e+04
1.145833333333333259e+00,1.446501378491992000e+04
1.166666666666666519e+00,1.446521278117803740e+04
1.187500000000000000e+00,1.446540018235871321e+04
1.208333333333333259e+00,1.446557666414928826e+04
1.229166666666666519e+00,1.446574286285811104e+04
1.250000000000000000e+00,1.446589937770883625e+04
1.270833333333333259e+00,1.446604677300156982e+04
1.291666666666666519e+00,1.446618558014833980e+04
1.312500000000000000e+00,1.446631629959010024e+04
1.333333333333333259e+00,1.446643940260205636e+04
1.354166666666666519e+00,1.446655533299381932e+04
1.375000000000000000e+00,1.446666450871045527e+04
1.395833333333333259e+00,1.446676732334019107e+04
1.416666666666666519e+00,1.446686414753420831e+04
1.437500000000000000e+00,1.446695533034366599e+04
1.458333333333333259e+00,1.446704120047874312e+04
1.479166666666666519e+00,1.446712206749428515e+04
1.500000000000000000e+00,1.446719822290628872e+04
1.520833333333333259e+00,1.446726994124331031e+04
1.541666666666666519e+00,1.446733748103658218e+04
1.562500000000000000e+00,1.446740108575233171e+04
1.583333333333333259e+00,1.446746098466985131e+04
1.604166666666666519e+00,1.446751739370826544e+04
1.625000000000000000e+00,1.446757051620518905e+04
1.645833333333333259e+00,1.446762054364992946e+04
1.666666666666666519e+00,1.446766765637398203e+04
1.687500000000000000e+00,1.446771202420127156e+04
1.708333333333333259e+00,1.446775380706046417e+04
1.729166666666666519e+00,1.446779315556163056e+04
1.750000000000000000e+00,1.446783021153925438e+04
1.770833333333333259e+00,1.446786510856362656e+04
1.791666666666666519e+00,1.446789797242240093e+04
1.812500000000000000e+00,1.446792892157411552e+04
1.833333333333333259e+00,1.446795806757526589e+04
1.854166666666666519e+00,1.446798551548246905e+04
1.875000000000000000e+00,1.446801136423122807e+04
1.895833333333333259e+00,1.446803570699259944e+04
1.916666666666666519e+00,1.446805863150908044e+04
1.937500000000000000e+00,1.446808022041091317e+04
1.958333333333333259e+00,1.446810055151398410e+04
1.979166666666666519e+00,1.446811969810030860e+04
2.000000000000000000e+00,1.446813772918224277e+04
2.020833333333333037e+00,1.446815470975123753e+04
2.041666666666666519e+00,1.446817070101213176e+04
2.062500000000000000e+00,1.446818576060378473e+04
2.083333333333333037e+00,1.446819994280684114e+04
2.104166666666666519e+00,1.446821329873939249e+04
2.125000000000000000e+00,1.446822587654126619e+04
2.145833333333333037e+00,1.446823772154753897e+04
2.166666666666666519e+00,1.446824887645195486e+04
2.187500000000000000e+00,1.446825938146080807e+04
2.208333333333333037e+00,1.446826927443790191e+04
2.229166666666666519e+00,1.446827859104100935e+04
2.250000000000000000e+00,1.446828736485040281e+04
2.270833333333333037e+00,1.446829562748989338e+04
2.291666666666666519e+00,1.446830340874086323e+04
2.312500000000000000e+00,1.446831073664954965e+04
2.333333333333333037e+00,1.446831763762816990e+04
2.354166666666666519e+00,1.446832413655013443e+04
2.375000000000000000e+00,1.446833025683968299e+04
2.395833333333333037e+00,1.446833602055631854e+04
2.416666666666666519e+00,1.446834144847433345e+04
2.437500000000000000e+00,1.446834656015767541e+04
2.458333333333333037e+00,1.446835137403047338e+04
2.479166666666666519e+00,1.446835590744344154e+04
2.500000000000000000e+00,1.446836017673641254e+04
2.520833333333333037e+00,1.446836419729725458e+04
2.541666666666666519e+00,1.446836798361731053e+04
2.562500000000000000e+00,1.446837154934363571e+04
2.583333333333333037e+00,1.446837490732820879e+04
2.604166666666666519e+00,1.446837806967422875e+04
2.625000000000000000e+00,1.446838104777974513e+04
2.645833333333333037e+00,1.446838385237875264e+04
2.666666666666666519e+00,1.446838649357987742e+04
2.687500000000000000e+00,1.446838898090279690e+04
2.708333333333333037e+00,1.446839132331256405e+04
2.729166666666666519e+00,1.446839352925192361e+04
2.750000000000000000e+00,1.446839560667174374e+04
2.770833333333333037e+00,1.446839756305965784e+04
2.791666666666666519e+00,1.446839940546707294e+04
2.812500000000000000e+00,1.446840114053456273e+04
2.833333333333333037e+00,1.446840277451582733e+04
2.854166666666666519e+00,1.446840431330021602e+04
2.875000000000000000e+00,1.446840576243396208e+04
2.895833333333333037e+00,1.446840712714016991e+04
2.916666666666666519e+00,1.446840841233764149e+04
2.937500000000000000e+00,1.446840962265860799e+04
2.958333333333333037e+00,1.446841076246542070e+04
2.979166666666666519e+00,1.446841183586627812e+04
3.000000000000000000e+00,1.446841284673003247e+04
3.020833333333333037e+00,1.446841379870013043e+04
3.041666666666666519e+00,1.446841469520776081e+04
3.062500000000000000e+00,1.446841553948419096e+04
3.083333333333333037e+00,1.446841633457244825e+04
3.104166666666666519e+00,1.446841708333824863e+04
3.125000000000000000e+00,1.446841778848037939e+04
3.145833333333333037e+00,1.446841845254037253e+04
3.166666666666666519e+00,1.446841907791169433e+04
3.187500000000000000e+00,1.446841966684837098e+04
3.208333333333333037e+00,1.446842022147310490e+04
3.229166666666666519e+00,1.446842074378493271e+04
3.250000000000000000e+00,1.446842123566642476e+04
3.270833333333333037e+00,1.446842169889046636e+04
3.291666666666666519e+00,1.446842213512666058e+04
3.312500000000000000e+00,1.446842254594733822e+04
3.333333333333333037e+00,1.446842293283321851e+04
3.354166666666666519e+00,1.446842329717876055e+04
3.375000000000000000e+00,1.446842364029717282e+04
3.395833333333333037e+00,1.446842396342516804e+04
3.416666666666666519e+00,1.446842426772739418e+04
3.437500000000000000e+00,1.446842455430065456e+04
3.458333333333333037e+00,1.446842482417784777e+04
3.479166666666666519e+00,1.446842507833169657e+04
3.500000000000000000e+00,1.446842531767825130e+04
3.520833333333333037e+00,1.446842554308019680e+04
3.541666666666666519e+00,1.446842575534994830e+04
3.562500000000000000e+00,1.446842595525259821e+04
3.583333333333333037e+00,1.446842614350866279e+04
3.604166666666666519e+00,1.446842632079667601e+04
3.625000000000000000e+00,1.446842648775564885e+04
3.645833333333333037e+00,1.446842664498734302e+04
3.666666666666666519e+00,1.446842679305849015e+04
3.687500000000000000e+00,1.446842693250278171e+04
3.708333333333333037e+00,1.446842706382282631e+04
3.729166666666666519e+00,1.446842718749194319e+04
3.750000000000000000e+00,1.446842730395588660e+04
3.770833333333333037e+00,1.446842741363442838e+04
3.791666666666666519e+00,1.446842751692288584e+04
3.812500000000000000e+00,1.446842761419355884e+04
3.833333333333333037e+00,1.446842770579703938e+04
3.854166666666666519e+00,1.446842779206350315e+04
3.875000000000000000e+00,1.446842787330389183e+04
3.895833333333333037e+00,1.446842794981102634e+04
3.916666666666666519e+00,1.446842802186066183e+04
3.937500000000000000e+00,1.446842808971250270e+04
3.958333333333333037e+00,1.446842815361111207e+04
3.979166666666666519e+00,1.446842821378680310e+04
4.000000000000000000e+00,1.446842827045649028e+04
4.020833333333333037e+00,1.446842832382440974e+04
4.041666666666666075e+00,1.446842837408294508e+04
4.062500000000000000e+00,1.446842842141324581e+04
4.083333333333333037e+00,1.446842846598591495e+04
4.104166666666666075e+00,1.446842850796159837e+04
4.125000000000000000e+00,1.446842854749162507e+04
4.145833333333333037e+00,1.446842858471845102e+04
4.166666666666666075e+00,1.446842861977628854e+04
4.187500000000000000e+00,1.446842865279148100e+04
4.208333333333333037e+00,1.446842868388305214e+04
4.229166666666666075e+00,1.446842871316306628e+04
4.250000000000000000e+00,1.446842874073706116e+04
4.270833333333333037e+00,1.446842876670444093e+04
4.291666666666666075e+00,1.446842879115879623e+04
4.312500000000000000e+00,1.446842881418828620e+04
4.333333333333333037e+00,1.446842883587592223e+04
4.354166666666666075e+00,1.446842885629987722e+04
4.375000000000000000e+00,1.446842887553377659e+04
4.395833333333333037e+00,1.446842889364695657e+04
4.416666666666666075e+00,1.446842891070470432e+04
4.437500000000000000e+00,1.446842892676851625e+04
4.458333333333333037e+00,1.446842894189630169e+04
4.479166666666666075e+00,1.446842895614258669e+04
4.500000000000000000e+00,1.446842896955872857e+04
4.520833333333333037e+00,1.446842898219310155e+04
4.541666666666666075e+00,1.446842899409124220e+04
4.562500000000000000e+00,1.446842900529604231e+04
4.583333333333333037e+00,1.446842901584790889e+04
4.604166666666666075e+00,1.446842902578487337e+04
4.625000000000000000e+00,1.446842903514275895e+04
4.645833333333333037e+00,1.446842904395530786e+04
4.666666666666666075e+00,1.446842905225428694e+04
4.687500000000000000e+00,1.446842906006962221e+04
4.708333333333333037e+00,1.446842906742948981e+04
4.729166666666666075e+00,1.446842907436042515e+04
4.750000000000000000e+00,1.446842908088741751e+04
4.770833333333333037e+00,1.446842908703400099e+04
4.791666666666666075e+00,1.446842909282233450e+04
4.812500000000000000e+00,1.446842909827330368e+04
4.833333333333333037e+00,1.446842910340654635e+04
4.854166666666666075e+00,1.446842910824058708e+04
4.875000000000000000e+00,1.446842911279284817e+04
4.895833333333333037e+00,1.446842911707975145e+04
4.916666666666666075e+00,1.446842912111675469e+04
4.937500000000000000e+00,1.446842912491842071e+04
4.958333333333333037e+00,1.446842912849846107e+04
4.979166666666666075e+00,1.446842913186977967e+04
5.000000000000000000e+00,1.446842913504454191e+04
5.020833333333333037e+00,1.446842913803420379e+04
5.041666666666666075e+00,1.446842914084954100e+04
5.062500000000000000e+00,1.446842914350072169e+04
5.083333333333333037e+00,1.446842914599729556e+04
5.104166666666666075e+00,1.446842914834827752e+04
5.125000000000000000e+00,1.446842915056215134e+04
5.145833333333333037e+00,1.446842915264690600e+04
5.166666666666666075e+00,1.446842915461005759e+04
5.187500000000000000e+00,1.446842915645869289e+04
5.208333333333333037e+00,1.446842915819949121e+04
5.229166666666666075e+00,1.446842915983872808e+04
5.250000000000000000e+00,1.446842916138232249e+04
5.270833333333333037e+00,1.446842916283584418e+04
5.291666666666666075e+00,1.446842916420454640e+04
5.312500000000000000e+00,1.446842916549336587e+04
5.333333333333333037e+00,1.446842916670696286e+04
5.354166666666666075e+00,1.446842916784971021e+04
5.375000000000000000e+00,1.446842916892574794e+04
5.395833333333333037e+00,1.446842916993895051e+04
5.416666666666666075e+00,1.446842917089298498e+04
5.437500000000000000e+00,1.446842917179130018e+04
5.458333333333333037e+00,1.446842917263713753e+04
5.479166666666666075e+00,1.446842917343356385e+04
5.500000000000000000e+00,1.446842917418344223e+04
5.520833333333333037e+00,1.446842917488950116e+04
5.541666666666666075e+00,1.446842917555428721e+04
5.562500000000000000e+00,1.446842917618020147e+04
5.583333333333333037e+00,1.446842917676951038e+04
5.604166666666666075e+00,1.446842917732435308e+04
5.625000000000000000e+00,1.446842917784672682e+04
5.645833333333333037e+00,1.446842917833853426e+04
5.666666666666666075e+00,1.446842917880155073e+04
5.687500000000000000e+00,1.446842917923744972e+04
5.708333333333333037e+00,1.446842917964782100e+04
5.729166666666666075e+00,1.446842918003414525e+04
5.750000000000000000e+00,1.446842918039782307e+04
5.770833333333333037e+00,1.446842918074017871e+04
5.791666666666666075e+00,1.446842918106244906e+04
5.812500000000000000e+00,1.446842918136580920e+04
5.833333333333333037e+00,1.446842918165135779e+04
5.854166666666666075e+00,1.446842918192013894e+04
5.875000000000000000e+00,1.446842918217311671e+04
5.895833333333333037e+00,1.446842918241122243e+04
5.916666666666666075e+00,1.446842918263532192e+04
5.937500000000000000e+00,1.446842918284623011e+04
5.958333333333333037e+00,1.446842918304471095e+04
5.979166666666666075e+00,1.446842918323149570e+04
6.000000000000000000e+00,1.446842918340726101e+04
6.020833333333333037e+00,1.446842918357265080e+04
6.041666666666666075e+00,1.446842918372826898e+04
6.062500000000000000e+00,1.446842918387468671e+04
6.083333333333333037e+00,1.446842918401243878e+04
6.104166666666666075e+00,1.446842918414203086e+04
6.125000000000000000e+00,1.446842918426393589e+04
6.145833333333333037e+00,1.446842918437860862e+04
6.166666666666666075e+00,1.446842918448646014e+04
6.187500000000000000e+00,1.446842918458789791e+04
6.208333333333333037e+00,1.446842918468328935e+04
6.229166666666666075e+00,1.446842918477298736e+04
6.250000000000000000e+00,1.446842918485732662e+04
6.270833333333333037e+00,1.446842918493662000e+04
6.291666666666666075e+00,1.446842918501116219e+04
6.312500000000000000e+00,1.446842918508121875e+04
6.333333333333333037e+00,1.446842918514706616e+04
6.354166666666666075e+00,1.446842918520894455e+04
6.375000000000000000e+00,1.446842918526708308e+04
6.395833333333333037e+00,1.446842918532170006e+04
6.416666666666666075e+00,1.446842918537300284e+04
6.437500000000000000e+00,1.446842918542118423e+04
6.458333333333333037e+00,1.446842918546642250e+04
6.479166666666666075e+00,1.446842918550889226e+04
6.500000000000000000e+00,1.446842918554875723e+04
6.520833333333333037e+00,1.446842918558616657e+04
6.541666666666666075e+00,1.446842918562126579e+04
6.562500000000000000e+00,1.446842918565418222e+04
6.583333333333333037e+00,1.446842918568505411e+04
6.604166666666666075e+00,1.446842918571399059e+04
6.625000000000000000e+00,1.446842918574110809e+04
6.645833333333333037e+00,1.446842918576651937e+04
6.666666666666666075e+00,1.446842918579031539e+04
6.687500000000000000e+00,1.446842918581259437e+04
6.708333333333333037e+00,1.446842918583344363e+04
6.729166666666666075e+00,1.446842918585294319e+04
6.750000000000000000e+00,1.446842918587118038e+04
6.770833333333333037e+00,1.446842918588821703e+04
6.791666666666666075e+00,1.446842918590413683e+04
6.812500000000000000e+00,1.446842918591899797e+04
6.833333333333333037e+00,1.446842918593285503e+04
6.854166666666666075e+00,1.446842918594577714e+04
6.875000000000000000e+00,1.446842918595781885e+04
6.895833333333333037e+00,1.446842918596902746e+04
6.916666666666666075e+00,1.446842918597945027e+04
6.937500000000000000e+00,1.446842918598913457e+04
6.958333333333333037e+00,1.446842918599812765e+04
6.979166666666666075e+00,1.446842918600645862e+04
7.000000000000000000e+00,1.446842918601418205e+04
7.020833333333333037e+00,1.446842918602131977e+04
7.041666666666666075e+00,1.446842918602791906e+04
7.062500000000000000e+00,1.446842918603400540e+04
7.083333333333333037e+00,1.446842918603959697e+04
7.104166666666666075e+00,1.446842918604473743e+04
7.125000000000000000e+00,1.446842918604944862e+04
7.145833333333333037e+00,1.446842918605375962e+04
7.166666666666666075e+00,1.446842918605768864e+04
7.187500000000000000e+00,1.446842918606126113e+04
7.208333333333333037e+00,1.446842918606449166e+04
7.229166666666666075e+00,1.446842918606740568e+04
7.250000000000000000e+00,1.446842918607002503e+04
7.270833333333333037e+00,1.446842918607236425e+04
7.291666666666666075e+00,1.446842918607443062e+04
7.312500000000000000e+00,1.446842918607624961e+04
7.333333333333333037e+00,1.446842918607783940e+04
7.354166666666666075e+00,1.446842918607920728e+04
7.375000000000000000e+00,1.446842918608036416e+04
7.395833333333333037e+00,1.446842918608132823e+04
7.416666666666666075e+00,1.446842918608210675e+04
7.437500000000000000e+00,1.446842918608271430e+04
7.458333333333333037e+00,1.446842918608316177e+04
7.479166666666666075e+00,1.446842918608344553e+04
7.500000000000000000e+00,1.446842918608359105e+04
7.520833333333333037e+00,1.446842918608359832e+04
7.541666666666666075e+00,1.446842918608348191e+04
7.562500000000000000e+00,1.446842918608324180e+04
7.583333333333333037e+00,1.446842918608289256e+04
7.604166666666666075e+00,1.446842918608243053e+04
7.625000000000000000e+00,1.446842918608187028e+04
7.645833333333333037e+00,1.446842918608121909e+04
7.666666666666666075e+00,1.446842918608047694e+04
7.687500000000000000e+00,1.446842918607965112e+04
7.708333333333333037e+00,1.446842918607874890e+04
7.729166666666666075e+00,1.446842918607777028e+04
7.750000000000000000e+00,1.446842918607672618e+04
7.770833333333333037e+00,1.446842918607561296e+04
7.791666666666666075e+00,1.446842918607443789e+04
7.812500000000000000e+00,1.446842918607320826e+04
7.833333333333333037e+00,1.446842918607192405e+04
7.854166666666666075e+00,1.446842918607058891e+04
7.875000000000000000e+00,1.446842918606920648e+04
7.895833333333333037e+00,1.446842918606777675e+04
7.916666666666666075e+00,1.446842918606630701e+04
7.937500000000000000e+00,1.446842918606479361e+04
7.958333333333333037e+00,1.446842918606324747e+04
7.979166666666666075e+00,1.446842918606167223e+04
8.000000000000000000e+00,1.446842918606004969e+04
8.020833333333332149e+00,1.446842918605840532e+04
8.041666666666666075e+00,1.446842918605673549e+04
8.062500000000000000e+00,1.446842918605502928e+04
8.083333333333332149e+00,1.446842918605329760e+04
8.104166666666666075e+00,1.446842918605155137e+04
8.125000000000000000e+00,1.446842918604977604e+04
8.145833333333332149e+00,1.446842918604798251e+04
8.166666666666666075e+00,1.446842918604616716e+04
8.187500000000000000e+00,1.446842918604433726e+04
8.208333333333332149e+00,1.446842918604248553e+04
8.229166666666666075e+00,1.446842918604062288e+04
8.250000000000000000e+00,1.446842918603873841e+04
8.270833333333332149e+00,1.446842918603684666e+04
8.291666666666666075e+00,1.446842918603494036e+04
8.312500000000000000e+00,1.446842918603301950e+04
8.333333333333332149e+00,1.446842918603108774e+04
8.354166666666666075e+00,1.446842918602914142e+04
8.375000000000000000e+00,1.446842918602719510e+04
8.395833333333332149e+00,1.446842918602523059e+04
8.416666666666666075e+00,1.446842918602326245e+04
8.437500000000000000e+00,1.446842918602128339e+04
8.458333333333332149e+00,1.446842918601930069e+04
8.479166666666666075e+00,1.446842918601730344e+04
8.500000000000000000e+00,1.446842918601530619e+04
8.520833333333332149e+00,1.446842918601330166e+04
8.541666666666666075e+00,1.446842918601129350e+04
8.562500000000000000e+00,1.446842918600927806e+04
8.583333333333332149e+00,1.446842918600726262e+04
8.604166666666666075e+00,1.446842918600523262e+04
8.625000000000000000e+00,1.446842918600320627e+04
8.645833333333332149e+00,1.446842918600116900e+04
8.666666666666666075e+00,1.446842918599913901e+04
8.687500000000000000e+00,1.446842918599710174e+04
8.708333333333332149e+00,1.446842918599506083e+04
8.729166666666666075e+00,1.446842918599301629e+04
8.750000000000000000e+00,1.446842918599097175e+04
8.770833333333332149e+00,1.446842918598892356e+04
8.791666666666666075e+00,1.446842918598687538e+04
8.812500000000000000e+00,1.446842918598482720e+04
8.833333333333332149e+00,1.446842918598277538e+04
8.854166666666666075e+00,1.446842918598072356e+04
8.875000000000000000e+00,1.446842918597866810e+04
8.895833333333332149e+00,1.446842918597661264e+04
8.916666666666666075e+00,1.446842918597455719e+04
8.937500000000000000e+00,1.446842918597250173e+04
8.958333333333332149e+00,1.446842918597044263e+04
8.979166666666666075e+00,1.446842918596838717e+04
9.000000000000000000e+00,1.446842918596632808e+04
9.020833333333332149e+00,1.446842918596427262e+04
9.041666666666666075e+00,1.446842918596221716e+04
9.062500000000000000e+00,1.446842918596015807e+04
9.083333333333332149e+00,1.446842918595810261e+04
9.104166666666666075e+00,1.446842918595604715e+04
9.125000000000000000e+00,1.446842918595399169e+04
9.145833333333332149e+00,1.446842918595193623e+04
9.166666666666666075e+00,1.446842918594988078e+04
9.187500000000000000e+00,1.446842918594782532e+04
9.208333333333332149e+00,1.446842918594576986e+04
9.229166666666666075e+00,1.446842918594371804e+04
9.250000000000000000e+00,1.446842918594166622e+04
9.270833333333332149e+00,1.446842918593961440e+04
9.291666666666666075e+00,1.446842918593756622e+04
9.312500000000000000e+00,1.446842918593551440e+04
9.333333333333332149e+00,1.446842918593346621e+04
9.354166666666666075e+00,1.446842918593142167e+04
9.375000000000000000e+00,1.446842918592937349e+04
9.395833333333332149e+00,1.446842918592733258e+04
9.416666666666666075e+00,1.446842918592528804e+04
9.437500000000000000e+00,1.446842918592324349e+04
9.458333333333332149e+00,1.446842918592120259e+04
9.479166666666666075e+00,1.446842918591916532e+04
9.500000000000000000e+00,1.446842918591711714e+04
9.520833333333332149e+00,1.446842918591508351e+04
9.541666666666666075e+00,1.446842918591304624e+04
9.562500000000000000e+00,1.446842918591101261e+04
9.583333333333332149e+00,1.446842918590897898e+04
9.604166666666666075e+00,1.446842918590694899e+04
9.625000000000000000e+00,1.446842918590491536e+04
9.645833333333332149e+00,1.446842918590288537e+04
9.666666666666666075e+00,1.446842918590085901e+04
9.687500000000000000e+00,1.446842918589883266e+04
9.708333333333332149e+00,1.446842918589680630e+04
9.729166666666666075e+00,1.446842918589478359e+04
9.750000000000000000e+00,1.446842918589276087e+04
9.770833333333332149e+00,1.446842918589074179e+04
9.791666666666666075e+00,1.446842918588872635e+04
9.812500000000000000e+00,1.446842918588670364e+04
9.833333333333332149e+00,1.446842918588468820e+04
9.854166666666666075e+00,1.446842918588267275e+04
9.875000000000000000e+00,1.446842918588066095e+04
9.895833333333332149e+00,1.446842918587864915e+04
9.916666666666666075e+00,1.446842918587664099e+04
9.937500000000000000e+00,1.446842918587463282e+04
9.958333333333332149e+00,1.446842918587262466e+04
9.979166666666666075e+00,1.446842918587062013e+04
1.000000000000000000e+01,1.446842918586861560e+04
1.002083333333333215e+01,1.446842918586661472e+04
1.004166666666666607e+01,1.446842918586461383e+04
1.006250000000000000e+01,1.446842918586261658e+04
1.008333333333333215e+01,1.446842918586061569e+04
1.010416666666666607e+01,1.446842918585862208e+04
1.012500000000000000e+01,1.446842918585662846e+04
1.014583333333333215e+01,1.446842918585463485e+04
1.016666666666666607e+01,1.446842918585264488e+04
1.018750000000000000e+01,1.446842918585065490e+04
1.020833333333333215e+01,1.446842918584867220e+04
1.022916666666666607e+01,1.446842918584668587e+04
1.025000000000000000e+01,1.446842918584469589e+04
1.027083333333333215e+01,1.446842918584271683e+04
1.029166666666666607e+01,1.446842918584073777e+04
1.031250000000000000e+01,1.446842918583875871e+04
1.033333333333333215e+01,1.446842918583677965e+04
1.035416666666666607e+01,1.446842918583480059e+04
1.037500000000000000e+01,1.446842918583282881e+04
1.039583333333333215e+01,1.446842918583085702e+04
1.041666666666666607e+01,1.446842918582888524e+04
1.043750000000000000e+01,1.446842918582691345e+04
1.045833333333333215e+01,1.446842918582494895e+04
1.047916666666666607e+01,1.446842918582298080e+04
1.050000000000000000e+01,1.446842918582101629e+04
1.052083333333333215e+01,1.446842918581905542e+04
1.054166666666666607e+01,1.446842918581709091e+04
1.056250000000000000e+01,1.446842918581513368e+04
1.058333333333333215e+01,1.446842918581317281e+04
1.060416666666666607e+01,1.446842918581121921e+04
1.062500000000000000e+01,1.446842918580926198e+04
1.064583333333333215e+01,1.446842918580730839e+04
1.066666666666666607e+01,1.446842918580535843e+04
1.068750000000000000e+01,1.446842918580341211e+04
1.070833333333333215e+01,1.446842918580145852e+04
1.072916666666666607e+01,1.446842918579951584e+04
1.075000000000000000e+01,1.446842918579756952e+04
1.077083333333333215e+01,1.446842918579562684e+04
1.079166666666666607e+01,1.446842918579368779e+04
1.081250000000000000e+01,1.446842918579174511e+04
1.083333333333333215e+01,1.446842918578980607e+04
1.085416666666666607e+01,1.446842918578786703e+04
1.087500000000000000e+01,1.446842918578593526e+04
1.089583333333333215e+01,1.446842918578399986e+04
1.091666666666666607e+01,1.446842918578206809e+04
1.093750000000000000e+01,1.446842918578014360e+04
1.095833333333333215e+01,1.446842918577820819e+04
1.097916666666666607e+01,1.446842918577628006e+04
1.100000000000000000e+01,1.446842918577435921e+04
1.102083333333333215e+01,1.446842918577243472e+04
1.104166666666666607e+01,1.446842918577051387e+04
1.106250000000000000e+01,1.446842918576859302e+04
1.108333333333333215e+01,1.446842918576667216e+04
1.110416666666666607e+01,1.446842918576475495e+04
1.112500000000000000e+01,1.446842918576283773e+04
1.114583333333333215e+01,1.446842918576092416e+04
1.116666666666666607e+01,1.446842918575901422e+04
1.118750000000000000e+01,1.446842918575710428e+04
1.120833333333333215e+01,1.446842918575519434e+04
1.122916666666666607e+01,1.446842918575328440e+04
1.125000000000000000e+01,1.446842918575137810e+04
1.127083333333333215e+01,1.446842918574947544e+04
1.129166666666666607e+01,1.446842918574757277e+04
1.131250000000000000e+01,1.446842918574567011e+04
1.133333333333333215e+01,1.446842918574377109e+04
1.135416666666666607e+01,1.446842918574187934e+04
1.137500000000000000e+01,1.446842918573998031e+04
1.139583333333333215e+01,1.446842918573808129e+04
1.141666666666666607e+01,1.446842918573618954e+04
1.143750000000000000e+01,1.446842918573429779e+04
1.145833333333333215e+01,1.446842918573240968e+04
1.147916666666666607e+01,1.446842918573052157e+04
1.150000000000000000e+01,1.446842918572863709e+04
1.152083333333333215e+01,1.446842918572674898e+04
1.154166666666666607e+01,1.446842918572486451e+04
1.156250000000000000e+01,1.446842918572298368e+04
1.158333333333333215e+01,1.446842918572110284e+04
1.160416666666666607e+01,1.446842918571922564e+04
1.162500000000000000e+01,1.446842918571734845e+04
1.164583333333333215e+01,1.446842918571547125e+04
1.166666666666666607e+01,1.446842918571359769e+04
1.168750000000000000e+01,1.446842918571172413e+04
1.170833333333333215e+01,1.446842918570985421e+04
1.172916666666666607e+01,1.446842918570798429e+04
1.175000000000000000e+01,1.446842918570611801e+04
1.177083333333333215e+01,1.446842918570425172e+04
1.179166666666666607e+01,1.446842918570238544e+04
1.181250000000000000e+01,1.446842918570052643e+04
1.183333333333333215e+01,1.446842918569866015e+04
1.185416666666666607e+01,1.446842918569680478e+04
1.187500000000000000e+01,1.446842918569494213e+04
1.189583333333333215e+01,1.446842918569309040e+04
1.191666666666666607e+01,1.446842918569123140e+04
1.193750000000000000e+01,1.446842918568937966e+04
1.195833333333333215e+01,1.446842918568752793e+04
1.197916666666666607e+01,1.446842918568567620e+04
1.200000000000000000e+01,1.446842918568382811e+04
1.202083333333333215e+01,1.446842918568198002e+04
1.204166666666666607e+01,1.446842918568013556e+04
1.206250000000000000e+01,1.446842918567828747e+04
1.208333333333333215e+01,1.446842918567645029e+04
1.210416666666666607e+01,1.446842918567460583e+04
1.212500000000000000e+01,1.446842918567276865e+04
1.214583333333333215e+01,1.446842918567093147e+04
1.216666666666666607e+01,1.446842918566909430e+04
1.218750000000000000e+01,1.446842918566725712e+04
1.220833333333333215e+01,1.446842918566542721e+04
1.222916666666666607e+01,1.446842918566359367e+04
1.225000000000000000e+01,1.446842918566176377e+04
1.227083333333333215e+01,1.446842918565993750e+04
1.229166666666666607e+01,1.494907028692356835e+04
1.231250000000000000e+01,1.523161301833321704e+04
1.233333333333333215e+01,1.539058022251334114e+04
1.235416666666666607e+01,1.547144691291285926e+04
1.237500000000000000e+01,1.550280558336454123e+04
1.239583333333333215e+01,1.550295234976485517e+04
1.241666666666666607e+01,1.548371233709931403e+04
1.243750000000000000e+01,1.545276591835072031e+04
1.245833333333333215e+01,1.541510667877113156e+04
1.247916666666666607e+01,1.537397354271177028e+04
1.250000000000000000e+01,1.533145454026228617e+04
1.252083333333333215e+01,1.528888121743475131e+04
1.254166666666666607e+01,1.524708768560336830e+04
1.256250000000000000e+01,1.520658133660609019e+04
1.258333333333333215e+01,1.516765556077391739e+04
1.260416666666666607e+01,1.513046423710316230e+04
1.262500000000000000e+01,1.509507096452639962e+04
1.264583333333333215e+01,1.506148157927045031e+04
1.266666666666666607e+01,1.502966560406715871e+04
1.268750000000000000e+01,1.499957036582613000e+04
1.270833333333333215e+01,1.497113025729377478e+04
1.272916666666666607e+01,1.494427278360971468e+04
1.275000000000000000e+01,1.491892248166984064e+04
1.277083333333333215e+01,1.489500343356106168e+04
1.279166666666666607e+01,1.487244085217308384e+04
1.281250000000000000e+01,1.485116205581482063e+04
1.283333333333333215e+01,1.483109704170220357e+04
1.285416666666666607e+01,1.481217879725693638e+04
1.287500000000000000e+01,1.479434344113388579e+04
1.289583333333333215e+01,1.477753025472893205e+04
1.291666666666666607e+01,1.476168164426827207e+04
1.293750000000000000e+01,1.474674305990182620e+04
1.295833333333333215e+01,1.473266288916597841e+04
1.297916666666666607e+01,1.471939233618644721e+04
1.300000000000000000e+01,1.470688529402661516e+04
1.302083333333333215e+01,1.469509821496518634e+04
1.304166666666666607e+01,1.468398998175589077e+04
1.306250000000000000e+01,1.467352178177993119e+04
1.308333333333333215e+01,1.466365698525004336e+04
1.310416666666666607e+01,1.465436102813126490e+04
1.312500000000000000e+01,1.464376636434345710e+04
1.314583333333333215e+01,1.462919428375714051e+04
1.316666666666666607e+01,1.461760683593981594e+04
1.318750000000000000e+01,1.460810597568545927e+04
1.320833333333333215e+01,1.460009152831043684e+04
1.322916666666666607e+01,1.459316071644593831e+04
1.325000000000000000e+01,1.458704159229652942e+04
1.327083333333333215e+01,1.458154897932216772e+04
1.329166666666666607e+01,1.457655532912818671e+04
1.331250000000000000e+01,1.457197144903080698e+04
1.333333333333333215e+01,1.456773375652366667e+04
1.335416666666666607e+01,1.456379584734944001e+04
1.337500000000000000e+01,1.456012291354486297e+04
1.339583333333333215e+01,1.455668804418400396e+04
1.341666666666666607e+01,1.455346976984295543e+04
1.343750000000000000e+01,1.455045042879736502e+04
1.345833333333333215e+01,1.454761507631366112e+04
1.347916666666666607e+01,1.454495075306482613e+04
1.350000000000000000e+01,1.454244599120883504e+04
1.352083333333333215e+01,1.454009047793276113e+04
1.354166666666666607e+01,1.453787482350413484e+04
1.356250000000000000e+01,1.453579039884975646e+04
1.358333333333333215e+01,1.453382921954901394e+04
1.360416666666666607e+01,1.403748796963360655e+04
1.362500000000000000e+01,1.329954900201961209e+04
1.364583333333333215e+01,1.312559328310146157e+04
1.366666666666666607e+01,1.306312972285775686e+04
1.368750000000000000e+01,1.308762631821357718e+04
1.370833333333333215e+01,1.403576137023649062e+04
1.372916666666666607e+01,1.384743153865764543e+04
1.375000000000000000e+01,1.337266482039365292e+04
1.377083333333333215e+01,1.355436095029478747e+04
1.379166666666666607e+01,1.447761357278588184e+04
1.381250000000000000e+01,1.459123669811165382e+04
1.383333333333333215e+01,1.427109083091114735e+04
1.385416666666666607e+01,1.394189164153831007e+04
1.387500000000000000e+01,1.480837216265483949e+04
1.389583333333333215e+01,1.486873779640361681e+04
1.391666666666666607e+01,1.472536372080508227e+04
1.393750000000000000e+01,1.408210796164064232e+04
1.395833333333333215e+01,1.497068216717247196e+04
1.397916666666666607e+01,1.499794298538070871e+04
1.400000000000000000e+01,1.487513660274374342e+04
1.402083333333333215e+01,1.419080168874748051e+04
1.404166666666666607e+01,1.506368711468536640e+04
1.406250000000000000e+01,1.507719903537828577e+04
1.408333333333333215e+01,1.424003122507419175e+04
1.410416666666666607e+01,1.459088883552769767e+04
1.412500000000000000e+01,1.509888310594477298e+04
1.414583333333333215e+01,1.510030986202919303e+04
1.416666666666666607e+01,1.425493807201110030e+04
1.418750000000000000e+01,1.424617973911116133e+04
1.420833333333333215e+01,1.506958810795843237e+04
1.422916666666666607e+01,1.504540714168825070e+04
1.425000000000000000e+01,1.418241392808211458e+04
1.427083333333333215e+01,1.416197623933257273e+04
1.429166666666666607e+01,1.498012937297908866e+04
1.431250000000000000e+01,1.469311461151460753e+04
1.433333333333333215e+01,1.408030684022968853e+04
1.435416666666666607e+01,1.405433958795838043e+04
1.437500000000000000e+01,1.487931627423815007e+04
1.439583333333333215e+01,1.478687621142003991e+04
1.441666666666666607e+01,1.399377840542439299e+04
1.443750000000000000e+01,1.398054349449180518e+04
1.445833333333333215e+01,1.430795281521756988e+04
1.447916666666666607e+01,1.481089107826428881e+04
1.450000000000000000e+01,1.394592013730518374e+04
1.452083333333333215e+01,1.402825422061654899e+04
1.454166666666666607e+01,1.479947404238140371e+04
1.456250000000000000e+01,1.480057258665722838e+04
1.458333333333333215e+01,1.394467345372709678e+04
1.460416666666666607e+01,1.394633028554225166e+04
1.462500000000000000e+01,1.465044233847603391e+04
1.464583333333333215e+01,1.464724220761349352e+04
1.466666666666666607e+01,1.396073918944391335e+04
1.468750000000000000e+01,1.396438806200580802e+04
1.470833333333333215e+01,1.483141301433475383e+04
1.472916666666666607e+01,1.483764660323811040e+04
1.475000000000000000e+01,1.398185150190584682e+04
1.477083333333333215e+01,1.413321261549015617e+04
1.479166666666666607e+01,1.485184003802541702e+04
1.481250000000000000e+01,1.485598342823524945e+04
1.483333333333333215e+01,1.399972792436195232e+04
1.485416666666666607e+01,1.400191208528606148e+04
1.487500000000000000e+01,1.486441446267140054e+04
1.489583333333333215e+01,1.486772143746663642e+04
1.491666666666666607e+01,1.401231295692995263e+04
1.493750000000000000e+01,1.483261808777318220e+04
1.495833333333333215e+01,1.431649411725823302e+04
1.497916666666666607e+01,1.402162667407134359e+04
1.500000000000000000e+01,1.389226674265110705e+04
1.502083333333333215e+01,1.325531650270622413e+04
1.504166666666666607e+01,1.346629149618550218e+04
1.506250000000000000e+01,1.400288891536212759e+04
1.508333333333333215e+01,1.334889032072169721e+04
1.510416666666666607e+01,1.342171725728648380e+04
1.512500000000000000e+01,1.429056895165191236e+04
1.514583333333333215e+01,1.411903643194496908e+04
1.516666666666666607e+01,1.362451485951300492e+04
1.518750000000000000e+01,1.370416088039930764e+04
1.520833333333333215e+01,1.395812966444654739e+04
1.522916666666666607e+01,1.465546801162204429e+04
1.525000000000000000e+01,1.383984592927563426e+04
1.527083333333333215e+01,1.387926063690767114e+04
1.529166666666666607e+01,1.391026858001243454e+04
1.531250000000000000e+01,1.479632652064084687e+04
1.533333333333333215e+01,1.395992415115704353e+04
1.535416666666666607e+01,1.398311388284920031e+04
1.537500000000000000e+01,1.487018540785830555e+04
1.539583333333333215e+01,1.409153626211926530e+04
1.541666666666666607e+01,1.404587596916332041e+04
1.543750000000000000e+01,1.492868430912045005e+04
1.545833333333333215e+01,1.471845437338110423e+04
1.547916666666666607e+01,1.407129648322712819e+04
1.550000000000000000e+01,1.406738601901040602e+04
1.552083333333333215e+01,1.494763630944271063e+04
1.554166666666666607e+01,1.494478301671352165e+04
1.556250000000000000e+01,1.404603080465623134e+04
1.558333333333333215e+01,1.404196376185142799e+04
1.560416666666666607e+01,1.490180331027978900e+04
1.562500000000000000e+01,1.487251854114264643e+04
1.564583333333333215e+01,1.401697883926711802e+04
1.566666666666666607e+01,1.397193033944942363e+04
1.568750000000000000e+01,1.480553578929564901e+04
1.570833333333333215e+01,1.487699047909353612e+04
1.572916666666666607e+01,1.467624501664869604e+04
1.575000000000000000e+01,1.387471795244031091e+04
1.577083333333333215e+01,1.402347088561892451e+04
1.579166666666666607e+01,1.461078335357627293e+04
1.581250000000000000e+01,1.476564898138267381e+04
1.583333333333333215e+01,1.498850773934696190e+04
1.585416666666666607e+01,1.343737118154527707e+04
1.587500000000000000e+01,1.405917766575341011e+04
1.589583333333333215e+01,1.519624346035241251e+04
1.591666666666666607e+01,1.429641979059336154e+04
1.593750000000000000e+01,1.358089635578662637e+04
1.595833333333333215e+01,1.456368662291474175e+04
1.597916666666666607e+01,1.517868635589802216e+04
1.600000000000000000e+01,1.423271823597953698e+04
1.602083333333333215e+01,1.354636215126014940e+04
1.604166666666666430e+01,1.430848576719322591e+04
1.606250000000000000e+01,1.513792121093564128e+04
1.608333333333333215e+01,1.445792573811577677e+04
1.610416666666666430e+01,1.352813843264980460e+04
1.612500000000000000e+01,1.416834039312503955e+04
1.614583333333333215e+01,1.534854840589969172e+04
1.616666666666666430e+01,1.425040841116076990e+04
1.618750000000000000e+01,1.321288929486044799e+04
1.620833333333333215e+01,1.440066532653348986e+04
1.622916666666666430e+01,1.564229787485308771e+04
1.625000000000000000e+01,1.397501778937019117e+04
1.627083333333333215e+01,1.380364799279810904e+04
1.629166666666666430e+01,1.587860728288763130e+04
1.631250000000000000e+01,1.574187251020968324e+04
1.633333333333333215e+01,1.473940449232046740e+04
1.635416666666666430e+01,1.542124593704507060e+04
1.637500000000000000e+01,1.600537305457369439e+04
1.639583333333333215e+01,1.541046995418407096e+04
1.641666666666666430e+01,1.445689792897544976e+04
1.643750000000000000e+01,1.547677366298188645e+04
1.645833333333333215e+01,1.615954461087364689e+04
1.647916666666666430e+01,1.526101797891437673e+04
1.650000000000000000e+01,1.427582110695654046e+04
1.652083333333333215e+01,1.546643248518431210e+04
1.654166666666666430e+01,1.599500688749413894e+04
1.656250000000000000e+01,1.510068467328985935e+04
1.658333333333333215e+01,1.420716445415098497e+04
1.660416666666666430e+01,1.502647310212539378e+04
1.662500000000000000e+01,1.584850356021914922e+04
1.664583333333333215e+01,1.496001323911387590e+04
1.666666666666666430e+01,1.412105973187057316e+04
1.668750000000000000e+01,1.490005770072471933e+04
1.670833333333333215e+01,1.572938340837915530e+04
1.672916666666666430e+01,1.484617023780560339e+04
1.675000000000000000e+01,1.396394361136222506e+04
1.677083333333333215e+01,1.511759896941816260e+04
1.679166666666666430e+01,1.563644723403868193e+04
1.681250000000000000e+01,1.461860135565989549e+04
1.683333333333333215e+01,1.388053775207039143e+04
1.685416666666666430e+01,1.472077482050938124e+04
1.687500000000000000e+01,1.570541688561659612e+04
1.689583333333333215e+01,1.468615946953549428e+04
1.691666666666666430e+01,1.381170097357316627e+04
1.693750000000000000e+01,1.501889488104275370e+04
1.695833333333333215e+01,1.550666486452003664e+04
1.697916666666666430e+01,1.431669585198066852e+04
1.700000000000000000e+01,1.376302625848236130e+04
1.702083333333333215e+01,1.512736629770534637e+04
1.704166666666666430e+01,1.546308809262757131e+04
1.706250000000000000e+01,1.373188899340296120e+04
1.708333333333333215e+01,1.424564581684481163e+04
1.710416666666666430e+01,1.543670630974592132e+04
1.712500000000000000e+01,1.496155092892020548e+04
1.714583333333333215e+01,1.360647728976229700e+04
1.716666666666666430e+01,1.427160552313956941e+04
1.718750000000000000e+01,1.530356163421424208e+04
1.720833333333333215e+01,1.484405109311438355e+04
1.722916666666666430e+01,1.367325557796833164e+04
1.725000000000000000e+01,1.423523113281866608e+04
1.727083333333333215e+01,1.537981509650262524e+04
1.729166666666666430e+01,1.467981790880656263e+04
1.731250000000000000e+01,1.370160519467139238e+04
1.733333333333333215e+01,1.450498420188003365e+04
1.735416666666666430e+01,1.535785935812354364e+04
1.737500000000000000e+01,1.460079674970302221e+04
1.739583333333333215e+01,1.394336842112772138e+04
1.741666666666666430e+01,1.448998185781250504e+04
1.743750000000000000e+01,1.507472088225682091e+04
1.745833333333333215e+01,1.448358096066558937e+04
1.747916666666666430e+01,1.398465290803549215e+04
1.750000000000000000e+01,1.447876310889501838e+04
1.752083333333333215e+01,1.508029705080649728e+04
1.754166666666666430e+01,1.447299388409167295e+04
1.756250000000000000e+01,1.387840021811450788e+04
1.758333333333333215e+01,1.446858404521551711e+04
1.760416666666666430e+01,1.532396087845551301e+04
1.762500000000000000e+01,1.446254158104932503e+04
1.764583333333333215e+01,1.360064135807831553e+04
1.766666666666666430e+01,1.445709033837420793e+04
1.768750000000000000e+01,1.538014951902412213e+04
1.770833333333333215e+01,1.467275002784834942e+04
1.772916666666666430e+01,1.359547290671688097e+04
1.775000000000000000e+01,1.440993789099437345e+04
1.777083333333333215e+01,1.531228374520254147e+04
1.779166666666666430e+01,1.445178302467423782e+04
1.781250000000000000e+01,1.403842170699168855e+04
1.783333333333333215e+01,1.441326382060539618e+04
1.785416666666666430e+01,1.473954930127476473e+04
1.787500000000000000e+01,1.439946184068406001e+04
1.789583333333333215e+01,1.444781871690777916e+04
1.791666666666666430e+01,1.444525813646061215e+04
1.793750000000000000e+01,1.444435773682223953e+04
1.795833333333333215e+01,1.434139368884998112e+04
1.797916666666666430e+01,1.444427459435996570e+04
1.800000000000000000e+01,1.444167748083444530e+04
1.802083333333333215e+01,1.460616669950000869e+04
1.804166666666666430e+01,1.462658888404188838e+04
1.806250000000000000e+01,1.444224362996625860e+04
1.808333333333333215e+01,1.443990182787878075e+04
1.810416666666666430e+01,1.463417527175681607e+04
1.812500000000000000e+01,1.455687126861803699e+04
1.814583333333333215e+01,1.444103662943762174e+04
1.816666666666666430e+01,1.443854097110301518e+04
1.818750000000000000e+01,1.443932096798600833e+04
1.820833333333333215e+01,1.430008922108922707e+04
1.822916666666666430e+01,1.443956109640457362e+04
1.825000000000000000e+01,1.443684368484192601e+04
1.827083333333333215e+01,1.443697417416302778e+04
1.829166666666666430e+01,1.456639636749403508e+04
1.831250000000000000e+01,1.443558292670711307e+04
1.833333333333333215e+01,1.443319729639136494e+04
1.835416666666666430e+01,1.443491955879305533e+04
1.837500000000000000e+01,1.524438678887444257e+04
1.839583333333333215e+01,1.443822414289202788e+04
1.841666666666666430e+01,1.332616511070508204e+04
1.843750000000000000e+01,1.444146637564332923e+04
1.845833333333333215e+01,1.611203286441342789e+04
1.847916666666666430e+01,1.432430173629033743e+04
1.850000000000000000e+01,1.271931233498194342e+04
1.852083333333333215e+01,1.443572725714868284e+04
1.854166666666666430e+01,1.603876184166390158e+04
1.856250000000000000e+01,1.406335487401020509e+04
1.858333333333333215e+01,1.271818990992546242e+04
1.860416666666666430e+01,1.488973329701734110e+04
1.862500000000000000e+01,1.615588952190822965e+04
1.864583333333333215e+01,1.327959410668505006e+04
1.866666666666666430e+01,1.296281247907289799e+04
1.868750000000000000e+01,1.529625882856810858e+04
1.870833333333333215e+01,1.611185246363597980e+04
1.872916666666666430e+01,1.357641531205743377e+04
1.875000000000000000e+01,1.271438837729076113e+04
1.877083333333333215e+01,1.529223481583689136e+04
1.879166666666666430e+01,1.604440652241280623e+04
1.881250000000000000e+01,1.357349826933224540e+04
1.883333333333333215e+01,1.271313244803952693e+04
1.885416666666666430e+01,1.529221989761018631e+04
1.887500000000000000e+01,1.615189790978349993e+04
1.889583333333333215e+01,1.357251909010393865e+04
1.891666666666666430e+01,1.271215569504417363e+04
1.893750000000000000e+01,1.529030107262992533e+04
1.895833333333333215e+01,1.584504321185811932e+04
1.897916666666666430e+01,1.357485315893295046e+04
1.900000000000000000e+01,1.279983435239915343e+04
1.902083333333333215e+01,1.529262135904152819e+04
1.904166666666666430e+01,1.615186467567336149e+04
1.906250000000000000e+01,1.357429490518604871e+04
1.908333333333333215e+01,1.298947632423077084e+04
1.910416666666666430e+01,1.529150751306513484e+04
1.912500000000000000e+01,1.605971201576346721e+04
1.914583333333333215e+01,1.332553583742506089e+04
1.916666666666666430e+01,1.271688143235082316e+04
1.918750000000000000e+01,1.529223716343409978e+04
1.920833333333333215e+01,1.615156646207373342e+04
1.922916666666666430e+01,1.357400795418045163e+04
1.925000000000000000e+01,1.271359914578007010e+04
1.927083333333333215e+01,1.529051185113311658e+04
1.929166666666666430e+01,1.591332830800186275e+04
1.931250000000000000e+01,1.357312660670112746e+04
1.933333333333333215e+01,1.271354160300480362e+04
1.935416666666666430e+01,1.529127603806624757e+04
1.937500000000000000e+01,1.614975759999105867e+04
1.939583333333333215e+01,1.343845946881201235e+04
1.941666666666666430e+01,1.290336972528219485e+04
1.943750000000000000e+01,1.529164579847181449e+04
1.945833333333333215e+01,1.615024050365735457e+04
1.947916666666666430e+01,1.347573774084879915e+04
1.950000000000000000e+01,1.273723375022411346e+04
1.952083333333333215e+01,1.529035367887117172e+04
1.954166666666666430e+01,1.607214494604504944e+04
1.956250000000000000e+01,1.325917637693815050e+04
1.958333333333333215e+01,1.271399180361998515e+04
1.960416666666666430e+01,1.532859309623431545e+04
1.962500000000000000e+01,1.609597955156889657e+04
1.964583333333333215e+01,1.357348605617031353e+04
1.966666666666666430e+01,1.271242452696425244e+04
1.968750000000000000e+01,1.529115498843959722e+04
1.970833333333333215e+01,1.615065376825328349e+04
1.972916666666666430e+01,1.357108567038602996e+04
1.975000000000000000e+01,1.271085056187412920e+04
1.977083333333333215e+01,1.529045578901959743e+04
1.979166666666666430e+01,1.599040191338138902e+04
1.981250000000000000e+01,1.331930028313020011e+04
1.983333333333333215e+01,1.271454947954174713e+04
1.985416666666666430e+01,1.529362213234501905e+04
1.987500000000000000e+01,1.615330019635054123e+04
1.989583333333333215e+01,1.357369165441216319e+04
1.991666666666666430e+01,1.280105188336748688e+04
1.993750000000000000e+01,1.529170725386136110e+04
1.995833333333333215e+01,1.615023962454873617e+04
1.997916666666666430e+01,1.355102687066330327e+04
2.000000000000000000e+01,1.286575864202201774e+04
2.002083333333333215e+01,1.529031185508721319e+04
2.004166666666666430e+01,1.602329658738394937e+04
2.006250000000000000e+01,1.328404223363073834e+04
2.008333333333333215e+01,1.274371336456748395e+04
2.010416666666666430e+01,1.559224461817821430e+04
2.012500000000000000e+01,1.615391447277834231e+04
2.014583333333333215e+01,1.311678818454255452e+04
2.016666666666666430e+01,1.271859552711526703e+04
2.018750000000000000e+01,1.593880638107758932e+04
2.020833333333333215e+01,1.605321374358690446e+04
2.022916666666666430e+01,1.271641966065083398e+04
2.025000000000000000e+01,1.271426283018846880e+04
2.027083333333333215e+01,1.587166870151692638e+04
2.029166666666666430e+01,1.613590791555256874e+04
2.031250000000000000e+01,1.271391713384955438e+04
2.033333333333333215e+01,1.271202469668195772e+04
2.035416666666666430e+01,1.615078225223653499e+04
2.037500000000000000e+01,1.555267024588461572e+04
2.039583333333333215e+01,1.271961838162193089e+04
2.041666666666666430e+01,1.271578737933956290e+04
2.043750000000000000e+01,1.615417364602226735e+04
2.045833333333333215e+01,1.576757833537270562e+04
2.047916666666666430e+01,1.271674624741997832e+04
2.050000000000000000e+01,1.309490983183019125e+04
2.052083333333333215e+01,1.615551158131378543e+04
2.054166666666666430e+01,1.545873856603883542e+04
2.056250000000000000e+01,1.275135501491181640e+04
2.058333333333333215e+01,1.357632748867826376e+04
2.060416666666666430e+01,1.615141868369652730e+04
2.062500000000000000e+01,1.528959818979783449e+04
2.064583333333333215e+01,1.271277711176004595e+04
2.066666666666666430e+01,1.387904318770649479e+04
2.068750000000000000e+01,1.604363905185795011e+04
2.070833333333333215e+01,1.529301515526497315e+04
2.072916666666666430e+01,1.271622716444101388e+04
2.075000000000000000e+01,1.357597301278663872e+04
2.077083333333333215e+01,1.614275355024758755e+04
2.079166666666666430e+01,1.513356418950172883e+04
2.081250000000000000e+01,1.271345257613691865e+04
2.083333333333333215e+01,1.341596032759513037e+04
2.085416666666666430e+01,1.604607106664822641e+04
2.087500000000000000e+01,1.529182906122709392e+04
2.089583333333333215e+01,1.271269074619088133e+04
2.091666666666666430e+01,1.357258519842104943e+04
2.093750000000000000e+01,1.615113141297583570e+04
2.095833333333333215e+01,1.524995819551349996e+04
2.097916666666666430e+01,1.271145268939454400e+04
2.100000000000000000e+01,1.357070975567847563e+04
2.102083333333333215e+01,1.609878869478790875e+04
2.104166666666666430e+01,1.509005735313715559e+04
2.106250000000000000e+01,1.271408356562286281e+04
2.108333333333333215e+01,1.357316590645796896e+04
2.110416666666666430e+01,1.578939663403172381e+04
2.112500000000000000e+01,1.529591867339751116e+04
2.114583333333333215e+01,1.301002621606031971e+04
2.116666666666666430e+01,1.357648494894300165e+04
2.118750000000000000e+01,1.579879535520258287e+04
2.120833333333333215e+01,1.529516678100236095e+04
2.122916666666666430e+01,1.323239954905700506e+04
2.125000000000000000e+01,1.366407456721955168e+04
2.127083333333333215e+01,1.571218576328153722e+04
2.129166666666666430e+01,1.529482347970903356e+04
2.131250000000000000e+01,1.337942282159977913e+04
2.133333333333333215e+01,1.347282594004476050e+04
2.135416666666666430e+01,1.529317381512479915e+04
2.137500000000000000e+01,1.529056001079161433e+04
2.139583333333333215e+01,1.362865719187536888e+04
2.141666666666666430e+01,1.432475513965030768e+04
2.143750000000000000e+01,1.530045922802258065e+04
2.145833333333333215e+01,1.470050762581588424e+04
2.147916666666666430e+01,1.358400583780103625e+04
2.150000000000000000e+01,1.443832691976314527e+04
2.152083333333333215e+01,1.510960007615356881e+04
2.154166666666666430e+01,1.443651203224914570e+04
2.156250000000000000e+01,1.357585974255602196e+04
2.158333333333333215e+01,1.443233026140965376e+04
2.160416666666666430e+01,1.528884732876232010e+04
2.162500000000000000e+01,1.454797484470045310e+04
2.164583333333333215e+01,1.377981173468892302e+04
2.166666666666666430e+01,1.427507819253880734e+04
2.168750000000000000e+01,1.521774588413687525e+04
2.170833333333333215e+01,1.438246731077156437e+04
2.172916666666666430e+01,1.357649504650013841e+04
2.175000000000000000e+01,1.443419440552184824e+04
2.177083333333333215e+01,1.529136474563918819e+04
2.179166666666666430e+01,1.451963794410333139e+04
2.181250000000000000e+01,1.357269410254552713e+04
2.183333333333333215e+01,1.443118313939435393e+04
2.185416666666666430e+01,1.529018505428564822e+04
2.187500000000000000e+01,1.443090420871960305e+04
2.189583333333333215e+01,1.392152010273282940e+04
2.191666666666666430e+01,1.443086439919709665e+04
2.193750000000000000e+01,1.527572742360489065e+04
2.195833333333333215e+01,1.454898414466898248e+04
2.197916666666666430e+01,1.357444662407072974e+04
2.200000000000000000e+01,1.443270390052751463e+04
2.202083333333333215e+01,1.529351587660986479e+04
2.204166666666666430e+01,1.443445113000921629e+04
2.206250000000000000e+01,1.399077790493418433e+04
2.208333333333333215e+01,1.440301913340405372e+04
2.210416666666666430e+01,1.483380674429846113e+04
2.212500000000000000e+01,1.443527399786762908e+04
2.214583333333333215e+01,1.443356420896261261e+04
2.216666666666666430e+01,1.443225121841365035e+04
2.218750000000000000e+01,1.443140590477109436e+04
2.220833333333333215e+01,1.443012865937728202e+04
2.222916666666666430e+01,1.443203175949200158e+04
2.225000000000000000e+01,1.443221462077500109e+04
2.227083333333333215e+01,1.443043045932990208e+04
2.229166666666666430e+01,1.412785735164711878e+04
2.231250000000000000e+01,1.443860766865405822e+04
2.233333333333333215e+01,1.443673994033475901e+04
2.235416666666666430e+01,1.443401406159877661e+04
2.237500000000000000e+01,1.485662453447232474e+04
2.239583333333333215e+01,1.443605679172132659e+04
2.241666666666666430e+01,1.458851351109354800e+04
2.243750000000000000e+01,1.443636016379872672e+04
2.245833333333333215e+01,1.453295700455078259e+04
2.247916666666666430e+01,1.443335569750504510e+04
2.250000000000000000e+01,1.443128183317218281e+04
2.252083333333333215e+01,1.443202496416083886e+04
2.254166666666666430e+01,1.489832411544927527e+04
2.256250000000000000e+01,1.443274306924240955e+04
2.258333333333333215e+01,1.383820473067674902e+04
2.260416666666666430e+01,1.451715203171612666e+04
2.262500000000000000e+01,1.532176030859760067e+04
2.264583333333333215e+01,1.443792396935960642e+04
2.266666666666666430e+01,1.337587984124214199e+04
2.268750000000000000e+01,1.443912571788581408e+04
2.270833333333333215e+01,1.529427299629694608e+04
2.272916666666666430e+01,1.443153791995579013e+04
2.275000000000000000e+01,1.357272770465496433e+04
2.277083333333333215e+01,1.474114428907727415e+04
2.279166666666666430e+01,1.529288312746064912e+04
2.281250000000000000e+01,1.431643198347827274e+04
2.283333333333333215e+01,1.381546207528969171e+04
2.285416666666666430e+01,1.443887379089669776e+04
2.287500000000000000e+01,1.529475907832204757e+04
2.289583333333333215e+01,1.443253462279487212e+04
2.291666666666666430e+01,1.357250533847733823e+04
2.293750000000000000e+01,1.443193134210870994e+04
2.295833333333333215e+01,1.525010973698834277e+04
2.297916666666666430e+01,1.443043893462239430e+04
2.300000000000000000e+01,1.362734616415355777e+04
2.302083333333333215e+01,1.475253656742176463e+04
2.304166666666666430e+01,1.522767358171878368e+04
2.306250000000000000e+01,1.414253577275361022e+04
2.308333333333333215e+01,1.357557324870107186e+04
2.310416666666666430e+01,1.479428186511655076e+04
2.312500000000000000e+01,1.529289925185935499e+04
2.314583333333333215e+01,1.411581582818087554e+04
2.316666666666666430e+01,1.338845489571630605e+04
2.318750000000000000e+01,1.490426244962217243e+04
2.320833333333333215e+01,1.529392383194520880e+04
2.322916666666666430e+01,1.369652314184499846e+04
2.325000000000000000e+01,1.381367068880797888e+04
2.327083333333333215e+01,1.529365245478122233e+04
2.329166666666666430e+01,1.527412043279059799e+04
2.331250000000000000e+01,1.357352085107861058e+04
2.333333333333333215e+01,1.343772146263833929e+04
2.335416666666666430e+01,1.529290413814420390e+04
2.337500000000000000e+01,1.529136177399282678e+04
2.339583333333333215e+01,1.357364594533948912e+04
2.341666666666666430e+01,1.379868827138826600e+04
2.343750000000000000e+01,1.529540169476488882e+04
2.345833333333333215e+01,1.529249736309756554e+04
2.347916666666666430e+01,1.357412739450794470e+04
2.350000000000000000e+01,1.354674456840867424e+04
2.352083333333333215e+01,1.529434485951333772e+04
2.354166666666666430e+01,1.533921224436910052e+04
2.356250000000000000e+01,1.357526655855907302e+04
2.358333333333333215e+01,1.357393778843498512e+04
2.360416666666666430e+01,1.529123287359586539e+04
2.362500000000000000e+01,1.528997386179171372e+04
2.364583333333333215e+01,1.357190357294371279e+04
2.366666666666666430e+01,1.375242724581354196e+04
2.368750000000000000e+01,1.529141125019150786e+04
2.370833333333333215e+01,1.529029651296755765e+04
2.372916666666666430e+01,1.357268956976444315e+04
2.375000000000000000e+01,1.349360854634363568e+04
2.377083333333333215e+01,1.529044810683419200e+04
2.379166666666666430e+01,1.528851602961087337e+04
2.381250000000000000e+01,1.371654342067452671e+04
2.383333333333333215e+01,1.357803860275350962e+04
2.385416666666666430e+01,1.529924643948334051e+04
2.387500000000000000e+01,1.575599008516820686e+04
2.389583333333333215e+01,1.358108908530948975e+04
2.391666666666666430e+01,1.271876960567383139e+04
2.393750000000000000e+01,1.529326837974811860e+04
2.395833333333333215e+01,1.607907222021092821e+04
2.397916666666666430e+01,1.357394054613318076e+04
2.400000000000000000e+01,1.271302736885900595e+04
2.402083333333333215e+01,1.529025702703813658e+04
2.404166666666666430e+01,1.588218680526191747e+04
2.406250000000000000e+01,1.336891849672592434e+04
2.408333333333333215e+01,1.271525683093458429e+04
2.410416666666666430e+01,1.529327956784794878e+04
2.412500000000000000e+01,1.615328438972682125e+04
2.414583333333333215e+01,1.357354908305293429e+04
2.416666666666666430e+01,1.271222400786415164e+04
2.418750000000000000e+01,1.529053519806963959e+04
2.420833333333333215e+01,1.615103903824304507e+04
2.422916666666666430e+01,1.317125427826918167e+04
2.425000000000000000e+01,1.271383127298364707e+04
2.427083333333333215e+01,1.570461682885746632e+04
2.429166666666666430e+01,1.615423111762499320e+04
2.431250000000000000e+01,1.273334602619353245e+04
2.433333333333333215e+01,1.294483877217535701e+04
2.435416666666666430e+01,1.615261691380111370e+04
2.437500000000000000e+01,1.597776615395016779e+04
2.439583333333333215e+01,1.271424091433293142e+04
2.441666666666666430e+01,1.271183356511979582e+04
2.443750000000000000e+01,1.604583186977465084e+04
2.445833333333333215e+01,1.575719805258080305e+04
2.447916666666666430e+01,1.271757909109326283e+04
2.450000000000000000e+01,1.281443940750426191e+04
2.452083333333333215e+01,1.615325948647051700e+04
2.454166666666666430e+01,1.577093164855078430e+04
2.456250000000000000e+01,1.271567485625340851e+04
2.458333333333333215e+01,1.301093295181616850e+04
2.460416666666666430e+01,1.615320059665407098e+04
2.462500000000000000e+01,1.575727538777178415e+04
2.464583333333333215e+01,1.271584810769463729e+04
2.466666666666666430e+01,1.306149752641175655e+04
2.468750000000000000e+01,1.615290339713134745e+04
2.470833333333333215e+01,1.553772044816263224e+04
2.472916666666666430e+01,1.271545361902698278e+04
2.475000000000000000e+01,1.357265856799515313e+04
2.477083333333333215e+01,1.599469842911959859e+04
2.479166666666666430e+01,1.513575988805378802e+04
2.481250000000000000e+01,1.271425280964177364e+04
2.483333333333333215e+01,1.357253580651048105e+04
2.485416666666666430e+01,1.615069931896842172e+04
2.487500000000000000e+01,1.527588053150708947e+04
2.489583333333333215e+01,1.271152738735545063e+04
2.491666666666666430e+01,1.324519108592238263e+04
2.493750000000000000e+01,1.615217789733230529e+04
2.495833333333333215e+01,1.524218585854785852e+04
2.497916666666666430e+01,1.271398695704537386e+04
2.500000000000000000e+01,1.366169032764415533e+04
2.502083333333333215e+01,1.615133546164682048e+04
2.504166666666666430e+01,1.528984588925055505e+04
2.506250000000000000e+01,1.271295816533604375e+04
2.508333333333333215e+01,1.357346768079353569e+04
2.510416666666666430e+01,1.606331544337117157e+04
2.512500000000000000e+01,1.528872639337120199e+04
2.514583333333333215e+01,1.271244903155050633e+04
2.516666666666666430e+01,1.370124998508943827e+04
2.518750000000000000e+01,1.586482893416159641e+04
2.520833333333333215e+01,1.529189730272111774e+04
2.522916666666666430e+01,1.271616089717302748e+04
2.525000000000000000e+01,1.357688558111247039e+04
2.527083333333333215e+01,1.615204695470085426e+04
2.529166666666666430e+01,1.529119580095651327e+04
2.531250000000000000e+01,1.271426102304156666e+04
2.533333333333333215e+01,1.357293093182906523e+04
2.535416666666666430e+01,1.614952693882685344e+04
2.537500000000000000e+01,1.511495447707908170e+04
2.539583333333333215e+01,1.271462900379643179e+04
2.541666666666666430e+01,1.357217958872079180e+04
2.543750000000000000e+01,1.615035155375997419e+04
2.545833333333333215e+01,1.529246210569333925e+04
2.547916666666666430e+01,1.271379537044606332e+04
2.550000000000000000e+01,1.357179024208892224e+04
2.552083333333333215e+01,1.574347329748513221e+04
2.554166666666666430e+01,1.529379996842084074e+04
2.556250000000000000e+01,1.308595543610724053e+04
2.558333333333333215e+01,1.357473201309310389e+04
2.560416666666666430e+01,1.536072121957463605e+04
2.562500000000000000e+01,1.538977852136714500e+04
2.564583333333333215e+01,1.363528276991263192e+04
2.566666666666666430e+01,1.393081282251656739e+04
2.568750000000000000e+01,1.529330966684209852e+04
2.570833333333333215e+01,1.499404145848177723e+04
2.572916666666666430e+01,1.352916388689907035e+04
2.575000000000000000e+01,1.371751994635620576e+04
2.577083333333333215e+01,1.529706222593559505e+04
2.579166666666666430e+01,1.508650004499289207e+04
2.581250000000000000e+01,1.358009065913989980e+04
2.583333333333333215e+01,1.386372807039407053e+04
2.585416666666666430e+01,1.534652016660417576e+04
2.587500000000000000e+01,1.529574602537322062e+04
2.589583333333333215e+01,1.357533438645479328e+04
2.591666666666666430e+01,1.357319887115739402e+04
2.593750000000000000e+01,1.528996103180297723e+04
2.595833333333333215e+01,1.529076299458461290e+04
2.597916666666666430e+01,1.357180197755809422e+04
2.600000000000000000e+01,1.378307975297573284e+04
2.602083333333333215e+01,1.529326580246977755e+04
2.604166666666666430e+01,1.529231277495279937e+04
2.606250000000000000e+01,1.357238723243689674e+04
2.608333333333333215e+01,1.357212313589964106e+04
2.610416666666666430e+01,1.517937661869314979e+04
2.612500000000000000e+01,1.529060269367502042e+04
2.614583333333333215e+01,1.357139194828259861e+04
2.616666666666666430e+01,1.357221580895729858e+04
2.618750000000000000e+01,1.529012176415397334e+04
2.620833333333333215e+01,1.528999077079888957e+04
2.622916666666666430e+01,1.357104989480815129e+04
2.625000000000000000e+01,1.357159431188663075e+04
2.627083333333333215e+01,1.528943952923148026e+04
2.629166666666666430e+01,1.528995866949747142e+04
2.631250000000000000e+01,1.343920171222419594e+04
2.633333333333333215e+01,1.357278395844824263e+04
2.635416666666666430e+01,1.529068874586827951e+04
2.637500000000000000e+01,1.529153305987736167e+04
2.639583333333333215e+01,1.357254968440609809e+04
2.641666666666666430e+01,1.370614879187561019e+04
2.643750000000000000e+01,1.529338241924167596e+04
2.645833333333333215e+01,1.529225951638013430e+04
2.647916666666666430e+01,1.357222872865444879e+04
2.650000000000000000e+01,1.357278602089602282e+04
2.652083333333333215e+01,1.555452703089643546e+04
2.654166666666666430e+01,1.529199907681334298e+04
2.656250000000000000e+01,1.350439444331223058e+04
2.658333333333333215e+01,1.373197707777399410e+04
2.660416666666666430e+01,1.529506841276839987e+04
2.662500000000000000e+01,1.529341980722580411e+04
2.664583333333333215e+01,1.357355578770393186e+04
2.666666666666666430e+01,1.357265270664605123e+04
2.668750000000000000e+01,1.528956089311589312e+04
2.670833333333333215e+01,1.529097840132881174e+04
2.672916666666666430e+01,1.330265956975732479e+04
2.675000000000000000e+01,1.357266238382700976e+04
2.677083333333333215e+01,1.541777766654538937e+04
2.679166666666666430e+01,1.529352117730401733e+04
2.681250000000000000e+01,1.365129924233627753e+04
2.683333333333333215e+01,1.357281923002606345e+04
2.685416666666666430e+01,1.528969652727987705e+04
2.687500000000000000e+01,1.529276813815150672e+04
2.689583333333333215e+01,1.357462051014834651e+04
2.691666666666666430e+01,1.386239432731614579e+04
2.693750000000000000e+01,1.529514352292932381e+04
2.695833333333333215e+01,1.529530878681860850e+04
2.697916666666666430e+01,1.357554343492186672e+04
2.700000000000000000e+01,1.357359970575725310e+04
2.702083333333333215e+01,1.529056402433340918e+04
2.704166666666666430e+01,1.523608770541032573e+04
2.706250000000000000e+01,1.357286498174309963e+04
2.708333333333333215e+01,1.357304053639286940e+04
2.710416666666666430e+01,1.499379277829552302e+04
2.712500000000000000e+01,1.529212520484604102e+04
2.714583333333333215e+01,1.370358900993009956e+04
2.716666666666666430e+01,1.357563117612731367e+04
2.718750000000000000e+01,1.529304698075818305e+04
2.720833333333333215e+01,1.529071330531461717e+04
2.722916666666666430e+01,1.357064951222174932e+04
2.725000000000000000e+01,1.357310694527174564e+04
2.727083333333333215e+01,1.529168515591659525e+04
2.729166666666666430e+01,1.528926525819069502e+04
2.731250000000000000e+01,1.356930098869373614e+04
2.733333333333333215e+01,1.357538068588947499e+04
2.735416666666666430e+01,1.543396085200874586e+04
2.737500000000000000e+01,1.529072669411472816e+04
2.739583333333333215e+01,1.357097522487436436e+04
2.741666666666666430e+01,1.398380344621667246e+04
2.743750000000000000e+01,1.530000909501975184e+04
2.745833333333333215e+01,1.515775505419905676e+04
2.747916666666666430e+01,1.346200660021974181e+04
2.750000000000000000e+01,1.357728698903221084e+04
2.752083333333333215e+01,1.529318167853085833e+04
2.754166666666666430e+01,1.529273381827451522e+04
2.756250000000000000e+01,1.357334046551437132e+04
2.758333333333333215e+01,1.357135883153805844e+04
2.760416666666666430e+01,1.528807204488444768e+04
2.762500000000000000e+01,1.529123262011786937e+04
2.764583333333333215e+01,1.338779439088583604e+04
2.766666666666666430e+01,1.357508338211245064e+04
2.768750000000000000e+01,1.574631243790738517e+04
2.770833333333333215e+01,1.529849976254295689e+04
2.772916666666666430e+01,1.277379356415553775e+04
2.775000000000000000e+01,1.382579329349820910e+04
2.777083333333333215e+01,1.588184410875637332e+04
2.779166666666666430e+01,1.527798493968719777e+04
2.781250000000000000e+01,1.271597470994334071e+04
2.783333333333333215e+01,1.357262550017173271e+04
2.785416666666666430e+01,1.615038570024799265e+04
2.787500000000000000e+01,1.529127319338632515e+04
2.789583333333333215e+01,1.271181178047055073e+04
2.791666666666666430e+01,1.357029739485997561e+04
2.793750000000000000e+01,1.588892560645628328e+04
2.795833333333333215e+01,1.529196281080643894e+04
2.797916666666666430e+01,1.271231163381188526e+04
2.800000000000000000e+01,1.365141197593252218e+04
2.802083333333333215e+01,1.615241823886517159e+04
2.804166666666666430e+01,1.529179268770580893e+04
2.806250000000000000e+01,1.271179578996389682e+04
2.808333333333333215e+01,1.357111491342897352e+04
2.810416666666666430e+01,1.600832913978219585e+04
2.812500000000000000e+01,1.529119731391616006e+04
2.814583333333333215e+01,1.271151639311880353e+04
2.816666666666666430e+01,1.357167290528073499e+04
2.818750000000000000e+01,1.610358593537993875e+04
2.820833333333333215e+01,1.529027474115259247e+04
2.822916666666666430e+01,1.271061358837420630e+04
2.825000000000000000e+01,1.355104096549527821e+04
2.827083333333333215e+01,1.576937256716699267e+04
2.829166666666666430e+01,1.529271118736008430e+04
2.831250000000000000e+01,1.317171735216546222e+04
2.833333333333333215e+01,1.357635773062978114e+04
2.835416666666666430e+01,1.529289814996118366e+04
2.837500000000000000e+01,1.545978838504809028e+04
2.839583333333333215e+01,1.357528747505868159e+04
2.841666666666666430e+01,1.415865235594120895e+04
2.843750000000000000e+01,1.529654251548241882e+04
2.845833333333333215e+01,1.487573832054203376e+04
2.847916666666666430e+01,1.357781478583683565e+04
2.850000000000000000e+01,1.443443216788014615e+04
2.852083333333333215e+01,1.516752121411760891e+04
2.854166666666666430e+01,1.443362411382052960e+04
2.856250000000000000e+01,1.357396160940821210e+04
2.858333333333333215e+01,1.440208936139496655e+04
2.860416666666666430e+01,1.528909612098194702e+04
2.862500000000000000e+01,1.443008671021630289e+04
2.864583333333333215e+01,1.398581997109352233e+04
2.866666666666666430e+01,1.443295199486241108e+04
2.868750000000000000e+01,1.483882485160246870e+04
2.870833333333333215e+01,1.438232794289859521e+04
2.872916666666666430e+01,1.443448159345053500e+04
2.875000000000000000e+01,1.431149002551126978e+04
2.877083333333333215e+01,1.443383025801367330e+04
2.879166666666666430e+01,1.428266169275344510e+04
2.881250000000000000e+01,1.443494121352008369e+04
2.883333333333333215e+01,1.443197958155761808e+04
2.885416666666666430e+01,1.484862084940313798e+04
2.887500000000000000e+01,1.461184352215267791e+04
2.889583333333333215e+01,1.443437435833018026e+04
2.891666666666666430e+01,1.435195362817811110e+04
2.893750000000000000e+01,1.443466879763556062e+04
2.895833333333333215e+01,1.443358153555107492e+04
2.897916666666666430e+01,1.443157892426395483e+04
2.900000000000000000e+01,1.442971729508419230e+04
2.902083333333333215e+01,1.443124576723523205e+04
2.904166666666666430e+01,1.482595050308555437e+04
2.906250000000000000e+01,1.443459825309801090e+04
2.908333333333333215e+01,1.422855906959980712e+04
2.910416666666666430e+01,1.443544441214294420e+04
2.912500000000000000e+01,1.450490541115720407e+04
2.914583333333333215e+01,1.443204340083833085e+04
2.916666666666666430e+01,1.442936051816396866e+04
2.918750000000000000e+01,1.446893444750118942e+04
2.920833333333333215e+01,1.493942777705356639e+04
2.922916666666666430e+01,1.444066906982946239e+04
2.925000000000000000e+01,1.334788089928726913e+04
2.927083333333333215e+01,1.444119416522718166e+04
2.929166666666666430e+01,1.615125577656962560e+04
2.931250000000000000e+01,1.402123505114791988e+04
2.933333333333333215e+01,1.289521471281675622e+04
2.935416666666666430e+01,1.499849556623137687e+04
2.937500000000000000e+01,1.615605330325990872e+04
2.939583333333333215e+01,1.332046573169314797e+04
2.941666666666666430e+01,1.271635266480816790e+04
2.943750000000000000e+01,1.529277133346909613e+04
2.945833333333333215e+01,1.615192771714575065e+04
2.947916666666666430e+01,1.357314867016181597e+04
2.950000000000000000e+01,1.271197438996531127e+04
2.952083333333333215e+01,1.528926998827409625e+04
2.954166666666666430e+01,1.604859830326567680e+04
2.956250000000000000e+01,1.330299662304755475e+04
2.958333333333333215e+01,1.271421730080016277e+04
2.960416666666666430e+01,1.537342690078459054e+04
2.962500000000000000e+01,1.615387091387282999e+04
2.964583333333333215e+01,1.357477311234673107e+04
2.966666666666666430e+01,1.271291860100056147e+04
2.968750000000000000e+01,1.529027874104555303e+04
2.970833333333333215e+01,1.615052558145985677e+04
2.972916666666666430e+01,1.357203410653145329e+04
2.975000000000000000e+01,1.271080897656116576e+04
2.977083333333333215e+01,1.528831309741206860e+04
2.979166666666666430e+01,1.588395659849913500e+04
2.981250000000000000e+01,1.350095269508499769e+04
2.983333333333333215e+01,1.271358555950365189e+04
2.985416666666666430e+01,1.529096386393528519e+04
2.987500000000000000e+01,1.615149970660772306e+04
2.989583333333333215e+01,1.357306366987274669e+04
2.991666666666666430e+01,1.271198582970839198e+04
2.993750000000000000e+01,1.528943231854154874e+04
2.995833333333333215e+01,1.614951887953888945e+04
2.997916666666666430e+01,1.346299426596415287e+04
3.000000000000000000e+01,1.271220589554252365e+04
3.002083333333333215e+01,1.528931958301545819e+04
3.004166666666666430e+01,1.614935227096152812e+04
3.006250000000000000e+01,1.345359928101506739e+04
3.008333333333333215e+01,1.271249475202672329e+04
3.010416666666666430e+01,1.528928524716624452e+04
3.012500000000000000e+01,1.614930640502965252e+04
3.014583333333333215e+01,1.348970442854267822e+04
3.016666666666666430e+01,1.271239867971957938e+04
3.018750000000000000e+01,1.528887207456215765e+04
3.020833333333333215e+01,1.614900157259117623e+04
3.022916666666666430e+01,1.330636636799462212e+04
3.025000000000000000e+01,1.271389813448163113e+04
3.027083333333333215e+01,1.529051168619094096e+04
3.029166666666666430e+01,1.615030955005498981e+04
3.031250000000000000e+01,1.357281236302881734e+04
3.033333333333333215e+01,1.277577174791755533e+04
3.035416666666666430e+01,1.529144525331834666e+04
3.037500000000000000e+01,1.614962903702260883e+04
3.039583333333333215e+01,1.357159850517447921e+04
3.041666666666666430e+01,1.271284077167385840e+04
3.043750000000000000e+01,1.529058603275948190e+04
3.045833333333333215e+01,1.614907004889084783e+04
3.047916666666666430e+01,1.357095525486604674e+04
3.050000000000000000e+01,1.271193578049455027e+04
3.052083333333333215e+01,1.528991145718358530e+04
3.054166666666666430e+01,1.577604038417507400e+04
3.056250000000000000e+01,1.357370524463955371e+04
3.058333333333333215e+01,1.271252346992120874e+04
3.060416666666666430e+01,1.529111298311962310e+04
3.062500000000000000e+01,1.613882362128547538e+04
3.064583333333333215e+01,1.357174009946174556e+04
3.066666666666666430e+01,1.271098935548706140e+04
3.068750000000000000e+01,1.529032523127734021e+04
3.070833333333333215e+01,1.602173872893980297e+04
3.072916666666666430e+01,1.337697015892745185e+04
3.075000000000000000e+01,1.274142870640003457e+04
3.077083333333333215e+01,1.529350487758843883e+04
3.079166666666666430e+01,1.615386859866810119e+04
3.081250000000000000e+01,1.357428644185327721e+04
3.083333333333333215e+01,1.271277186306221120e+04
3.085416666666666430e+01,1.529010273312277423e+04
3.087500000000000000e+01,1.611078443082413287e+04
3.089583333333333215e+01,1.316594556047543665e+04
3.091666666666666430e+01,1.292616861911137312e+04
3.093750000000000000e+01,1.592159255348896113e+04
3.095833333333333215e+01,1.613196040382982392e+04
3.097916666666666430e+01,1.271651325113614439e+04
3.100000000000000000e+01,1.271459696150464151e+04
3.102083333333333215e+01,1.599479297021542880e+04
3.104166666666666430e+01,1.596968738185613620e+04
3.106250000000000000e+01,1.271511571010557600e+04
3.108333333333333215e+01,1.271262932108865789e+04
3.110416666666666430e+01,1.612477230621617855e+04
3.112500000000000000e+01,1.578515994164399308e+04
3.114583333333333215e+01,1.271494756640787818e+04
3.116666666666666430e+01,1.307977892136673836e+04
3.118750000000000000e+01,1.615342478507476335e+04
3.120833333333333215e+01,1.525521581927962325e+04
3.122916666666666430e+01,1.272151255512173520e+04
3.125000000000000000e+01,1.357757615503950365e+04
3.127083333333333215e+01,1.615292673709139490e+04
3.129166666666666430e+01,1.529191150327174182e+04
3.131250000000000000e+01,1.271260704990212253e+04
3.133333333333333215e+01,1.365046934605881688e+04
3.135416666666666430e+01,1.592372611521400177e+04
3.137500000000000000e+01,1.520463393898592403e+04
3.139583333333333215e+01,1.281062508353383237e+04
3.141666666666666430e+01,1.357444656684339861e+04
3.143750000000000000e+01,1.615221213844045633e+04
3.145833333333333215e+01,1.529242422239006191e+04
3.147916666666666430e+01,1.271268278056203781e+04
3.150000000000000000e+01,1.357110733928246555e+04
3.152083333333333215e+01,1.598582491466334614e+04
3.154166666666666430e+01,1.529205439630463297e+04
3.156250000000000000e+01,1.271250924515400402e+04
3.158333333333333215e+01,1.357151984529135007e+04
3.160416666666666430e+01,1.614991443801732021e+04
3.162500000000000000e+01,1.518974499435526013e+04
3.164583333333333215e+01,1.271302944488652065e+04
3.166666666666666430e+01,1.329016897815906486e+04
3.168750000000000000e+01,1.615262194993591402e+04
3.170833333333333215e+01,1.529083161743457822e+04
3.172916666666666430e+01,1.271287404004113705e+04
3.175000000000000000e+01,1.365300906499417397e+04
3.177083333333333215e+01,1.615102267095249772e+04
3.179166666666666430e+01,1.528914265463408810e+04
3.181250000000000000e+01,1.271219022737103296e+04
3.183333333333333215e+01,1.350311380887067571e+04
3.185416666666666430e+01,1.588248224815522917e+04
3.187500000000000000e+01,1.529080968334330100e+04
3.189583333333333215e+01,1.276682458816660801e+04
3.191666666666666430e+01,1.380044273025973598e+04
3.193750000000000000e+01,1.615393755686178338e+04
3.195833333333333215e+01,1.528362409617917729e+04
3.197916666666666430e+01,1.271712600784260940e+04
3.200000000000000000e+01,1.357596580963334782e+04
3.202083333333332860e+01,1.606692321985993112e+04
3.204166666666666430e+01,1.502873694098601118e+04
3.206250000000000000e+01,1.271633512766167769e+04
3.208333333333332860e+01,1.376879385788851869e+04
3.210416666666666430e+01,1.615216894991373192e+04
3.212500000000000000e+01,1.529263043228102470e+04
3.214583333333332860e+01,1.271368532415706431e+04
3.216666666666666430e+01,1.357141791640329029e+04
3.218750000000000000e+01,1.576048141034820219e+04
3.220833333333332860e+01,1.508491996948038650e+04
3.222916666666666430e+01,1.311747946906220022e+04
3.225000000000000000e+01,1.357618277804737227e+04
3.227083333333332860e+01,1.529545111669194011e+04
3.229166666666666430e+01,1.547678080988788497e+04
3.231250000000000000e+01,1.385899838798745623e+04
3.233333333333332860e+01,1.357586479274020894e+04
3.235416666666666430e+01,1.529292012230620458e+04
3.237500000000000000e+01,1.529083277871537575e+04
3.239583333333332860e+01,1.323314710225509771e+04
3.241666666666666430e+01,1.363947044071515847e+04
3.243750000000000000e+01,1.529161630430865625e+04
3.245833333333332860e+01,1.528965435607303880e+04
3.247916666666666430e+01,1.365477570061052757e+04
3.250000000000000000e+01,1.407565308520602412e+04
3.252083333333332860e+01,1.529673760037680768e+04
3.254166666666666430e+01,1.501464481545234594e+04
3.256250000000000000e+01,1.357908379882830923e+04
3.258333333333332860e+01,1.390745817516355601e+04
3.260416666666666430e+01,1.529379604844639107e+04
3.262500000000000000e+01,1.514200769445304104e+04
3.264583333333332860e+01,1.343850050785559506e+04
3.266666666666666430e+01,1.339200450382781128e+04
3.268750000000000000e+01,1.529332006181769248e+04
3.270833333333332860e+01,1.529097513945014725e+04
3.272916666666666430e+01,1.357475882919946889e+04
3.275000000000000000e+01,1.376472409829070602e+04
3.277083333333332860e+01,1.529200295672325956e+04
3.279166666666666430e+01,1.529013922049148096e+04
3.281250000000000000e+01,1.357299785177984813e+04
3.283333333333332860e+01,1.381278036060002705e+04
3.285416666666666430e+01,1.529489046679583043e+04
3.287500000000000000e+01,1.529203863757860745e+04
3.289583333333332860e+01,1.357326825072128850e+04
3.291666666666666430e+01,1.368458822600536587e+04
3.293750000000000000e+01,1.529085367606661384e+04
3.295833333333332860e+01,1.528894431507406989e+04
3.297916666666666430e+01,1.335487718267303353e+04
3.300000000000000000e+01,1.355174760247944505e+04
3.302083333333332860e+01,1.529120642506987861e+04
3.304166666666666430e+01,1.528914360135248353e+04
3.306250000000000000e+01,1.357281926843331530e+04
3.308333333333332860e+01,1.390953239437230150e+04
3.310416666666666430e+01,1.529160291091233012e+04
3.312500000000000000e+01,1.509097421229272732e+04
3.314583333333332860e+01,1.357528052017701339e+04
3.316666666666666430e+01,1.338506742429444421e+04
3.318750000000000000e+01,1.529161503008353611e+04
3.320833333333332860e+01,1.528923418642677279e+04
3.322916666666666430e+01,1.368697963484124193e+04
3.325000000000000000e+01,1.379859758698298174e+04
3.327083333333332860e+01,1.529197391787024753e+04
3.329166666666666430e+01,1.526675482081055816e+04
3.331250000000000000e+01,1.357389988095057925e+04
3.333333333333332860e+01,1.353273862930347605e+04
3.335416666666666430e+01,1.529670589600061430e+04
3.337500000000000000e+01,1.529386104133005938e+04
3.339583333333332860e+01,1.357498247329939841e+04
3.341666666666666430e+01,1.357331178403974991e+04
3.343750000000000000e+01,1.529183415244953721e+04
3.345833333333332860e+01,1.529119012793125148e+04
3.347916666666666430e+01,1.357159341916150879e+04
3.350000000000000000e+01,1.357074973306466563e+04
3.352083333333332860e+01,1.529129574999642500e+04
3.354166666666666430e+01,1.529115969689044505e+04
3.356250000000000000e+01,1.357188314609183362e+04
3.358333333333332860e+01,1.371983143817037853e+04
3.360416666666666430e+01,1.529370741465278115e+04
3.362500000000000000e+01,1.529176181302823170e+04
3.364583333333332860e+01,1.357284192385955248e+04
3.366666666666666430e+01,1.367553081078183823e+04
3.368750000000000000e+01,1.529220802328507125e+04
3.370833333333332860e+01,1.529034869313568561e+04
3.372916666666666430e+01,1.330254783078768378e+04
3.375000000000000000e+01,1.357433364156049720e+04
3.377083333333332860e+01,1.529113311842055191e+04
3.379166666666666430e+01,1.528959173855375775e+04
3.381250000000000000e+01,1.360090450988837983e+04
3.383333333333332860e+01,1.421346905297513149e+04
3.385416666666666430e+01,1.529663878996632411e+04
3.387500000000000000e+01,1.476621842333795939e+04
3.389583333333332860e+01,1.357832723301926671e+04
3.391666666666666430e+01,1.410995470995772121e+04
3.393750000000000000e+01,1.529416339784961019e+04
3.395833333333332860e+01,1.488225094337212431e+04
3.397916666666666430e+01,1.357869145497154386e+04
3.400000000000000000e+01,1.375570430687322369e+04
3.402083333333332860e+01,1.541233694733308948e+04
3.404166666666666430e+01,1.510489822264667237e+04
3.406250000000000000e+01,1.357832910661941060e+04
3.408333333333332860e+01,1.357559092162532397e+04
3.410416666666666430e+01,1.529169139914360130e+04
3.412500000000000000e+01,1.529102719811383213e+04
3.414583333333332860e+01,1.357138371685512539e+04
3.416666666666666430e+01,1.387158639187651352e+04
3.418750000000000000e+01,1.511880302071085680e+04
3.420833333333332860e+01,1.529457692983110974e+04
3.422916666666666430e+01,1.357403675943175767e+04
3.425000000000000000e+01,1.357449987867039818e+04
3.427083333333332860e+01,1.529174328452489499e+04
3.429166666666666430e+01,1.529094834588723461e+04
3.431250000000000000e+01,1.357174747893929452e+04
3.433333333333332860e+01,1.357158685377876100e+04
3.435416666666666430e+01,1.528881060724999770e+04
3.437500000000000000e+01,1.529006320514674371e+04
3.439583333333332860e+01,1.367750033514822644e+04
3.441666666666666430e+01,1.357337248483095027e+04
3.443750000000000000e+01,1.529047306738427505e+04
3.445833333333332860e+01,1.529265474065916351e+04
3.447916666666666430e+01,1.357367239590324607e+04
3.450000000000000000e+01,1.357231370793862516e+04
3.452083333333332860e+01,1.508208891863304598e+04
3.454166666666666430e+01,1.529182144966306805e+04
3.456250000000000000e+01,1.357199657776345339e+04
3.458333333333332860e+01,1.372555385415256387e+04
3.460416666666666430e+01,1.552081758554126282e+04
3.462500000000000000e+01,1.529357931649063903e+04
3.464583333333332860e+01,1.359259737974347809e+04
3.466666666666666430e+01,1.357385120988300696e+04
3.468750000000000000e+01,1.529080235961193102e+04
3.470833333333332860e+01,1.529114873068240195e+04
3.472916666666666430e+01,1.345910598216107610e+04
3.475000000000000000e+01,1.357508494753174455e+04
3.477083333333332860e+01,1.529509343178074778e+04
3.479166666666666430e+01,1.529245251955407002e+04
3.481250000000000000e+01,1.357321448067069650e+04
3.483333333333332860e+01,1.387654093129215471e+04
3.485416666666666430e+01,1.545770456305443440e+04
3.487500000000000000e+01,1.529547630795999066e+04
3.489583333333332860e+01,1.357465545651279535e+04
3.491666666666666430e+01,1.357453055403097096e+04
3.493750000000000000e+01,1.515879738975731016e+04
3.495833333333332860e+01,1.513022822086099404e+04
3.497916666666666430e+01,1.357547026401744006e+04
3.500000000000000000e+01,1.357507261136499073e+04
3.502083333333332860e+01,1.529188409325089378e+04
3.504166666666666430e+01,1.526435827704911935e+04
3.506250000000000000e+01,1.331722849569242680e+04
3.508333333333332860e+01,1.357451421978954386e+04
3.510416666666666430e+01,1.534429036607054513e+04
3.512500000000000000e+01,1.529271431197895799e+04
3.514583333333332860e+01,1.357269371664005303e+04
3.516666666666666430e+01,1.389912527719209538e+04
3.518750000000000000e+01,1.529209388889553884e+04
3.520833333333332860e+01,1.529508337037113961e+04
3.522916666666666430e+01,1.357347340076942055e+04
3.525000000000000000e+01,1.357525497754362732e+04
3.527083333333332860e+01,1.542736046221594006e+04
3.529166666666666430e+01,1.517629927486640008e+04
3.531250000000000000e+01,1.357355265800337656e+04
3.533333333333332860e+01,1.357595101970735413e+04
3.535416666666666430e+01,1.529400057789557832e+04
3.537500000000000000e+01,1.529090988221302177e+04
3.539583333333332860e+01,1.357074311987257897e+04
3.541666666666666430e+01,1.357321690984290399e+04
3.543750000000000000e+01,1.529157529969012830e+04
3.545833333333332860e+01,1.529011947547974705e+04
3.547916666666666430e+01,1.357070441937462238e+04
3.550000000000000000e+01,1.376162527430399132e+04
3.552083333333332860e+01,1.529348430973107679e+04
3.554166666666666430e+01,1.529277749217288510e+04
3.556250000000000000e+01,1.339431226271426567e+04
3.558333333333332860e+01,1.357306428771904757e+04
3.560416666666666430e+01,1.528976111755776219e+04
3.562500000000000000e+01,1.529239011204268172e+04
3.564583333333332860e+01,1.379676895477885773e+04
3.566666666666666430e+01,1.357375883491877903e+04
3.568750000000000000e+01,1.529126080861936498e+04
3.570833333333332860e+01,1.529418549793649436e+04
3.572916666666666430e+01,1.357532573675910317e+04
3.575000000000000000e+01,1.372375887176804827e+04
3.577083333333332860e+01,1.521036785028544546e+04
3.579166666666666430e+01,1.529649368265918019e+04
3.581250000000000000e+01,1.357531691383403449e+04
3.583333333333332860e+01,1.357457574048858442e+04
3.585416666666666430e+01,1.529128177760025574e+04
3.587500000000000000e+01,1.529078850813312602e+04
3.589583333333332860e+01,1.361274948763918655e+04
3.591666666666666430e+01,1.357187154928991731e+04
3.593750000000000000e+01,1.528916165228846148e+04
3.595833333333332860e+01,1.529016770958502821e+04
3.597916666666666430e+01,1.357169944044526346e+04
3.600000000000000000e+01,1.369769348168562647e+04
3.602083333333332860e+01,1.529053701838054621e+04
3.604166666666666430e+01,1.529184720545880555e+04
3.606250000000000000e+01,1.339753082305879070e+04
3.608333333333332860e+01,1.357243274634771660e+04
3.610416666666666430e+01,1.528917789207977330e+04
3.612500000000000000e+01,1.529211425894388594e+04
3.614583333333332860e+01,1.357391793676635643e+04
3.616666666666666430e+01,1.361500194731833108e+04
3.618750000000000000e+01,1.528960450958355068e+04
3.620833333333332860e+01,1.529151921450134250e+04
3.622916666666666430e+01,1.357287208503098009e+04
3.625000000000000000e+01,1.371232988477735125e+04
3.627083333333332860e+01,1.536896542402708656e+04
3.629166666666666430e+01,1.529265551385157232e+04
3.631250000000000000e+01,1.357304110225335899e+04
3.633333333333332860e+01,1.357276521190499625e+04
3.635416666666666430e+01,1.529035488209491450e+04
3.637500000000000000e+01,1.528996648358791208e+04
3.639583333333332860e+01,1.357071275590695222e+04
3.641666666666666430e+01,1.357224703986171153e+04
3.643750000000000000e+01,1.539056555350937560e+04
3.645833333333332860e+01,1.529056218854624240e+04
3.647916666666666430e+01,1.357117886074172566e+04
3.650000000000000000e+01,1.363106982585727019e+04
3.652083333333332860e+01,1.529389608729469182e+04
3.654166666666666430e+01,1.529121184580533009e+04
3.656250000000000000e+01,1.357105131125705520e+04
3.658333333333332860e+01,1.366809112372810705e+04
3.660416666666666430e+01,1.515616905123440301e+04
3.662500000000000000e+01,1.529287441597382713e+04
3.664583333333332860e+01,1.357271248874644516e+04
3.666666666666666430e+01,1.357443196714738224e+04
3.668750000000000000e+01,1.529212659948160945e+04
3.670833333333332860e+01,1.512655040804847158e+04
3.672916666666666430e+01,1.351314389823459715e+04
3.675000000000000000e+01,1.364182242268753180e+04
3.677083333333332860e+01,1.529387011774479106e+04
3.679166666666666430e+01,1.529473717723915252e+04
3.681250000000000000e+01,1.357569460557124330e+04
3.683333333333332860e+01,1.363745276475018909e+04
3.685416666666666430e+01,1.529198438767292100e+04
3.687500000000000000e+01,1.529384161852321631e+04
3.689583333333332860e+01,1.384193807010376986e+04
3.691666666666666430e+01,1.359963396049567382e+04
3.693750000000000000e+01,1.523754636345752442e+04
3.695833333333332860e+01,1.529484658055356704e+04
3.697916666666666430e+01,1.357535036247161042e+04
3.700000000000000000e+01,1.369610107846906612e+04
3.702083333333332860e+01,1.545517514171820221e+04
3.704166666666666430e+01,1.529415492910077955e+04
3.706250000000000000e+01,1.357360122054392559e+04
3.708333333333332860e+01,1.357403998128329476e+04
3.710416666666666430e+01,1.497232853539234202e+04
3.712500000000000000e+01,1.529241367595279735e+04
3.714583333333332860e+01,1.389352738736327228e+04
3.716666666666666430e+01,1.357600348705221404e+04
3.718750000000000000e+01,1.495978133023362898e+04
3.720833333333332860e+01,1.529303421052596605e+04
3.722916666666666430e+01,1.395585230936938387e+04
3.725000000000000000e+01,1.357608281557675946e+04
3.727083333333332860e+01,1.479536427296170223e+04
3.729166666666666430e+01,1.529325311280770256e+04
3.731250000000000000e+01,1.443170944605059412e+04
3.733333333333332860e+01,1.358706262196480020e+04
3.735416666666666430e+01,1.484800232207790032e+04
3.737500000000000000e+01,1.529204222828281490e+04
3.739583333333332860e+01,1.396397247587576931e+04
3.741666666666666430e+01,1.327753926305067580e+04
3.743750000000000000e+01,1.529649754517634574e+04
3.745833333333332860e+01,1.540009456193785809e+04
3.747916666666666430e+01,1.358023577452801328e+04
3.750000000000000000e+01,1.312739753906135593e+04
3.752083333333332860e+01,1.529492402871533341e+04
3.754166666666666430e+01,1.591483292702923063e+04
3.756250000000000000e+01,1.353093840216732497e+04
3.758333333333332860e+01,1.293914780310865899e+04
3.760416666666666430e+01,1.529217760012486542e+04
3.762500000000000000e+01,1.611474498584024332e+04
3.764583333333332860e+01,1.357372884202292698e+04
3.766666666666666430e+01,1.271286371147550017e+04
3.768750000000000000e+01,1.528974435225978959e+04
3.770833333333332860e+01,1.584196127226573299e+04
3.772916666666666430e+01,1.333899354091956411e+04
3.775000000000000000e+01,1.287548009650258609e+04
3.777083333333332860e+01,1.529420561184986582e+04
3.779166666666666430e+01,1.615312923050000973e+04
3.781250000000000000e+01,1.357321382966290912e+04
3.783333333333332860e+01,1.271251801399518808e+04
3.785416666666666430e+01,1.529107412808305162e+04
3.787500000000000000e+01,1.615033997360918875e+04
3.789583333333332860e+01,1.357087304725095237e+04
3.791666666666666430e+01,1.271135680367685927e+04
3.793750000000000000e+01,1.529062476182723549e+04
3.795833333333332860e+01,1.615017494467000870e+04
3.797916666666666430e+01,1.341739697993618393e+04
3.800000000000000000e+01,1.271220665438992364e+04
3.802083333333332860e+01,1.529084849756413678e+04
3.804166666666666430e+01,1.615078958894526659e+04
3.806250000000000000e+01,1.352800782194739804e+04
3.808333333333332860e+01,1.271104444426297050e+04
3.810416666666666430e+01,1.528941602216392130e+04
3.812500000000000000e+01,1.601096510257681075e+04
3.814583333333332860e+01,1.338433200213705641e+04
3.816666666666666430e+01,1.271357475165068172e+04
3.818750000000000000e+01,1.529169714967693290e+04
3.820833333333332860e+01,1.615252556131154051e+04
3.822916666666666430e+01,1.357377848063793135e+04
3.825000000000000000e+01,1.271272694421603228e+04
3.827083333333332860e+01,1.529022116178009674e+04
3.829166666666666430e+01,1.614979486327743507e+04
3.831250000000000000e+01,1.357197141698439009e+04
3.833333333333332860e+01,1.271230097772812587e+04
3.835416666666666430e+01,1.528909463300306015e+04
3.837500000000000000e+01,1.614810981360832739e+04
3.839583333333332860e+01,1.351164175346014235e+04
3.841666666666666430e+01,1.287550454675949732e+04
3.843750000000000000e+01,1.529010279195651674e+04
3.845833333333332860e+01,1.612211281573574524e+04
3.847916666666666430e+01,1.323796189014713673e+04
3.850000000000000000e+01,1.271706159306600239e+04
3.852083333333332860e+01,1.549478425936275744e+04
3.854166666666666430e+01,1.615319873508935780e+04
3.856250000000000000e+01,1.355210888689464991e+04
3.858333333333332860e+01,1.271457097947811781e+04
3.860416666666666430e+01,1.529021769291295641e+04
3.862500000000000000e+01,1.552952935055018315e+04
3.864583333333332860e+01,1.341501842187176226e+04
3.866666666666666430e+01,1.300849479476548368e+04
3.868750000000000000e+01,1.529634132822633183e+04
3.870833333333332860e+01,1.590788204740753645e+04
3.872916666666666430e+01,1.357680786786922181e+04
3.875000000000000000e+01,1.271970281600132148e+04
3.877083333333332860e+01,1.529269755647150305e+04
3.879166666666666430e+01,1.615049168562616978e+04
3.881250000000000000e+01,1.357166356998468473e+04
3.883333333333332860e+01,1.323593738852276510e+04
3.885416666666666430e+01,1.529753415041130211e+04
3.887500000000000000e+01,1.605585083089642285e+04
3.889583333333332860e+01,1.357453936966890251e+04
3.891666666666666430e+01,1.271578571356678003e+04
3.893750000000000000e+01,1.529318358692185939e+04
3.895833333333332860e+01,1.611132221525882414e+04
3.897916666666666430e+01,1.357250645656704364e+04
3.900000000000000000e+01,1.271395240459642446e+04
3.902083333333332860e+01,1.529192044974951932e+04
3.904166666666666430e+01,1.579652620646923970e+04
3.906250000000000000e+01,1.345031377185732345e+04
3.908333333333332860e+01,1.271543375070331240e+04
3.910416666666666430e+01,1.529285172876631987e+04
3.912500000000000000e+01,1.600960109966252276e+04
3.914583333333332860e+01,1.357390176601823623e+04
3.916666666666666430e+01,1.271291188068500196e+04
3.918750000000000000e+01,1.529151337439483541e+04
3.920833333333332860e+01,1.615187417189101325e+04
3.922916666666666430e+01,1.324833106834476712e+04
3.925000000000000000e+01,1.271445027816188303e+04
3.927083333333332860e+01,1.535400169520432974e+04
3.929166666666666430e+01,1.615275177041584175e+04
3.931250000000000000e+01,1.357461107225959131e+04
3.933333333333332860e+01,1.296891338241918493e+04
3.935416666666666430e+01,1.529167094900066877e+04
3.937500000000000000e+01,1.615095582438652855e+04
3.939583333333332860e+01,1.357414518890024920e+04
3.941666666666666430e+01,1.271349703259535454e+04
3.943750000000000000e+01,1.528947583477163789e+04
3.945833333333332860e+01,1.592422661780043200e+04
3.947916666666666430e+01,1.324597753379774440e+04
3.950000000000000000e+01,1.272349040025366776e+04
3.952083333333332860e+01,1.547951895063658594e+04
3.954166666666666430e+01,1.615248682897210165e+04
3.956250000000000000e+01,1.357397228302861913e+04
3.958333333333332860e+01,1.271307781241122575e+04
3.960416666666666430e+01,1.528854013917694101e+04
3.962500000000000000e+01,1.595999276754784296e+04
3.964583333333332860e+01,1.349479536150072818e+04
3.966666666666666430e+01,1.302134961746212502e+04
3.968750000000000000e+01,1.529195546470764748e+04
3.970833333333332860e+01,1.584924285499865437e+04
3.972916666666666430e+01,1.357729029449235532e+04
3.975000000000000000e+01,1.298917740140319438e+04
3.977083333333332860e+01,1.529436095558246961e+04
3.979166666666666430e+01,1.615214002526615150e+04
3.981250000000000000e+01,1.357454348279931219e+04
3.983333333333332860e+01,1.271386881112399351e+04
3.985416666666666430e+01,1.528996198777374957e+04
3.987500000000000000e+01,1.603980842334695990e+04
3.989583333333332860e+01,1.316562952169295022e+04
3.991666666666666430e+01,1.271428268480581755e+04
3.993750000000000000e+01,1.581453724694124685e+04
3.995833333333332860e+01,1.605716717451082513e+04
3.997916666666666430e+01,1.271467018240985999e+04
4.000000000000000000e+01,1.271250936058942898e+04
4.002083333333332860e+01,1.615161566588401911e+04
4.004166666666666430e+01,1.542898929869882340e+04
4.006250000000000000e+01,1.272221402311352722e+04
4.008333333333332860e+01,1.310011412410017510e+04
4.010416666666666430e+01,1.615944975597874145e+04
4.012500000000000000e+01,1.571216126462051761e+04
4.014583333333332860e+01,1.271887705046215706e+04
4.016666666666666430e+01,1.336589733705463004e+04
4.018750000000000000e+01,1.615652772584501145e+04
4.020833333333332860e+01,1.529345499023535740e+04
4.022916666666666430e+01,1.271445301078538614e+04
4.025000000000000000e+01,1.357397778043041035e+04
4.027083333333332860e+01,1.615080117551100557e+04
4.029166666666666430e+01,1.529001523067908784e+04
4.031250000000000000e+01,1.271167859964920353e+04
4.033333333333332860e+01,1.357119188783891514e+04
4.035416666666666430e+01,1.603022660206462024e+04
4.037500000000000000e+01,1.529025910203958847e+04
4.039583333333332860e+01,1.271131958528612449e+04
4.041666666666666430e+01,1.357072508402019230e+04
4.043750000000000000e+01,1.606091388908008230e+04
4.045833333333332860e+01,1.523864616960891362e+04
4.047916666666666430e+01,1.271138837837810206e+04
4.050000000000000000e+01,1.357081084352557082e+04
4.052083333333332860e+01,1.591852120390818163e+04
4.054166666666666430e+01,1.529259619620677768e+04
4.056250000000000000e+01,1.271254323428603675e+04
4.058333333333332860e+01,1.357173962557402774e+04
4.060416666666666430e+01,1.615116145598623552e+04
4.062500000000000000e+01,1.529179928066370849e+04
4.064583333333332860e+01,1.271189705607705400e+04
4.066666666666666430e+01,1.357087233782656767e+04
4.068750000000000000e+01,1.615002702236123878e+04
4.070833333333332860e+01,1.529107704107894824e+04
4.072916666666666430e+01,1.271124508200168930e+04
4.075000000000000000e+01,1.345732237636013451e+04
4.077083333333332860e+01,1.589956864809455510e+04
4.079166666666666430e+01,1.529310758569889367e+04
4.081250000000000000e+01,1.276844410794044597e+04
4.083333333333332860e+01,1.357303230806635474e+04
4.085416666666666430e+01,1.615078172216502571e+04
4.087500000000000000e+01,1.529096012072403391e+04
4.089583333333332860e+01,1.271262686110154755e+04
4.091666666666666430e+01,1.357159111933765598e+04
4.093750000000000000e+01,1.614856877029638417e+04
4.095833333333332860e+01,1.528863407411940716e+04
4.097916666666666430e+01,1.272055120972100121e+04
4.100000000000000000e+01,1.370244576774535744e+04
4.102083333333332860e+01,1.614174566335392592e+04
4.104166666666666430e+01,1.493295506749691776e+04
4.106250000000000000e+01,1.271764117723534946e+04
4.108333333333332860e+01,1.400159188224697209e+04
4.110416666666666430e+01,1.615464021533976847e+04
4.112500000000000000e+01,1.458375147770678086e+04
4.114583333333332860e+01,1.278140971275959237e+04
4.116666666666666430e+01,1.443382457895422340e+04
4.118750000000000000e+01,1.592512609681932008e+04
4.120833333333332860e+01,1.443486315414678393e+04
4.122916666666666430e+01,1.274506102257463499e+04
4.125000000000000000e+01,1.443495029046218042e+04
4.127083333333332860e+01,1.615210571946547134e+04
4.129166666666666430e+01,1.418340723207953124e+04
4.131250000000000000e+01,1.306248978019514834e+04
4.133333333333332860e+01,1.443736258889338933e+04
4.135416666666666430e+01,1.547649200028984706e+04
4.137500000000000000e+01,1.443805929592065149e+04
4.139583333333332860e+01,1.377902024026445724e+04
4.141666666666666430e+01,1.422913934782633442e+04
4.143750000000000000e+01,1.529717887859226175e+04
4.145833333333332860e+01,1.446979756107856883e+04
4.147916666666666430e+01,1.357274495644929630e+04
4.150000000000000000e+01,1.446565345145781976e+04
4.152083333333332860e+01,1.529343233006070295e+04
4.154166666666666430e+01,1.457127461548194697e+04
4.156250000000000000e+01,1.357260901067442683e+04
4.158333333333332860e+01,1.446111579922333112e+04
4.160416666666666430e+01,1.529369372764971922e+04
4.162500000000000000e+01,1.467647978241718010e+04
4.164583333333332860e+01,1.365571524182255234e+04
4.166666666666666430e+01,1.443297501196797384e+04
4.168750000000000000e+01,1.529203385639307089e+04
4.170833333333332860e+01,1.443321627179222196e+04
4.172916666666666430e+01,1.357344007042094017e+04
4.175000000000000000e+01,1.415800132368318009e+04
4.177083333333332860e+01,1.529063882404783362e+04
4.179166666666666430e+01,1.461700504975363219e+04
4.181250000000000000e+01,1.378275832426962734e+04
4.183333333333332860e+01,1.443474090886969861e+04
4.185416666666666430e+01,1.529232475894232266e+04
4.187500000000000000e+01,1.443463900016655680e+04
4.189583333333332860e+01,1.357551281565845784e+04
4.191666666666666430e+01,1.443230723157343891e+04
4.193750000000000000e+01,1.529033675321302144e+04
4.195833333333332860e+01,1.443172855869843625e+04
4.197916666666666430e+01,1.357203058882360347e+04
4.200000000000000000e+01,1.442991140199247093e+04
4.202083333333332860e+01,1.528927137132743155e+04
4.204166666666666430e+01,1.455082891710625699e+04
4.206250000000000000e+01,1.357175529535834357e+04
4.208333333333332860e+01,1.442977863906682251e+04
4.210416666666666430e+01,1.528963774525130066e+04
4.212500000000000000e+01,1.458918720574106919e+04
4.214583333333332860e+01,1.373434983550627658e+04
4.216666666666666430e+01,1.443196193189943369e+04
4.218750000000000000e+01,1.529128117621270576e+04
4.220833333333332860e+01,1.443274690225971426e+04
4.222916666666666430e+01,1.357262562496766986e+04
4.225000000000000000e+01,1.443093464866442446e+04
4.227083333333332860e+01,1.528981428396464617e+04
4.229166666666666430e+01,1.443020462674924784e+04
4.231250000000000000e+01,1.357137039930866740e+04
4.233333333333332860e+01,1.427522553212187267e+04
4.235416666666666430e+01,1.529052231039033722e+04
4.237500000000000000e+01,1.443066491179888908e+04
4.239583333333332860e+01,1.371108340927963582e+04
4.241666666666666430e+01,1.443332837177655529e+04
4.243750000000000000e+01,1.529039312291766328e+04
4.245833333333332860e+01,1.443100278972309025e+04
4.247916666666666430e+01,1.369960795583078652e+04
4.250000000000000000e+01,1.443236648564166535e+04
4.252083333333332860e+01,1.528991184863859598e+04
4.254166666666666430e+01,1.443140337151253334e+04
4.256250000000000000e+01,1.373022190658563704e+04
4.258333333333332860e+01,1.443141510117986400e+04
4.260416666666666430e+01,1.529013269884455440e+04
4.262500000000000000e+01,1.469520796694789533e+04
4.264583333333332860e+01,1.357474658783217455e+04
4.266666666666666430e+01,1.435321076671679839e+04
4.268750000000000000e+01,1.529152311643319626e+04
4.270833333333332860e+01,1.443104396007968171e+04
4.272916666666666430e+01,1.395551140706226943e+04
4.275000000000000000e+01,1.443329167133312149e+04
4.277083333333332860e+01,1.490466117370989741e+04
4.279166666666666430e+01,1.427331799034950745e+04
4.281250000000000000e+01,1.424226577528055350e+04
4.283333333333332860e+01,1.443630639247467843e+04
4.285416666666666430e+01,1.443454158460375038e+04
4.287500000000000000e+01,1.443267103419677005e+04
4.289583333333332860e+01,1.443242939075583490e+04
4.291666666666666430e+01,1.443124173961116321e+04
4.293750000000000000e+01,1.443096659180376810e+04
4.295833333333332860e+01,1.469424147188670395e+04
4.297916666666666430e+01,1.443270363060533782e+04
4.300000000000000000e+01,1.443086594598399461e+04
4.302083333333332860e+01,1.443158162624463148e+04
4.304166666666666430e+01,1.471011706466424221e+04
4.306250000000000000e+01,1.443199932826043005e+04
4.308333333333332860e+01,1.443035001943321913e+04
4.310416666666666430e+01,1.449882622555621856e+04
4.312500000000000000e+01,1.457371689036757380e+04
4.314583333333332860e+01,1.443719752658480138e+04
4.316666666666666430e+01,1.415207973365056023e+04
4.318750000000000000e+01,1.443662830670525000e+04
4.320833333333332860e+01,1.476827363482402870e+04
4.322916666666666430e+01,1.443467452415523439e+04
4.325000000000000000e+01,1.425330655687459148e+04
4.327083333333332860e+01,1.443424619104064550e+04
4.329166666666666430e+01,1.447998119935637806e+04
4.331250000000000000e+01,1.443152444191521499e+04
4.333333333333332860e+01,1.442920740289127571e+04
4.335416666666666430e+01,1.472490939878049539e+04
4.337500000000000000e+01,1.476269948555471274e+04
4.339583333333332860e+01,1.443459294649097865e+04
4.341666666666666430e+01,1.443269534953951370e+04
4.343750000000000000e+01,1.443454100472173741e+04
4.345833333333332860e+01,1.443361544575642620e+04
4.347916666666666430e+01,1.443196162655302032e+04
4.350000000000000000e+01,1.443063924315508484e+04
4.352083333333332860e+01,1.443104693922664956e+04
4.354166666666666430e+01,1.423433375895161953e+04
4.356250000000000000e+01,1.443470552038518872e+04
4.358333333333332860e+01,1.443237660694288206e+04
4.360416666666666430e+01,1.443200980245398750e+04
4.362500000000000000e+01,1.486875052819137636e+04
4.364583333333332860e+01,1.443401303998965523e+04
4.366666666666666430e+01,1.443206439629473971e+04
4.368750000000000000e+01,1.443253879333120130e+04
4.370833333333332860e+01,1.443163482197794656e+04
4.372916666666666430e+01,1.443094391763323802e+04
4.375000000000000000e+01,1.442982059695481075e+04
4.377083333333332860e+01,1.443061974041551730e+04
4.379166666666666430e+01,1.473670829507883172e+04
4.381250000000000000e+01,1.443200140566011032e+04
4.383333333333332860e+01,1.438829277960747277e+04
4.385416666666666430e+01,1.457437027212868270e+04
4.387500000000000000e+01,1.440101006271529695e+04
4.389583333333332860e+01,1.443823568958184114e+04
4.391666666666666430e+01,1.443508328423963030e+04
4.393750000000000000e+01,1.443466930797576060e+04
4.395833333333332860e+01,1.443301046863446390e+04
4.397916666666666430e+01,1.443221562092471140e+04
4.400000000000000000e+01,1.443104039360880779e+04
4.402083333333332860e+01,1.443094239072400524e+04
4.404166666666666430e+01,1.457402691039321144e+04
4.406250000000000000e+01,1.443175032073173134e+04
4.408333333333332860e+01,1.443048892664564119e+04
4.410416666666666430e+01,1.443110019297686449e+04
4.412500000000000000e+01,1.470497828722597478e+04
4.414583333333332860e+01,1.443226080455656120e+04
4.416666666666666430e+01,1.443037670524046553e+04
4.418750000000000000e+01,1.443205526628210646e+04
4.420833333333332860e+01,1.469923827838379657e+04
4.422916666666666430e+01,1.443211269014084610e+04
4.425000000000000000e+01,1.443053024168523552e+04
4.427083333333332860e+01,1.451515306770135794e+04
4.429166666666666430e+01,1.473798765639348494e+04
4.431250000000000000e+01,1.443397821187011868e+04
4.433333333333332860e+01,1.423726088422716566e+04
4.435416666666666430e+01,1.443521552311695996e+04
4.437500000000000000e+01,1.421247270708238284e+04
4.439583333333332860e+01,1.443675846663224002e+04
4.441666666666666430e+01,1.443322834590288767e+04
4.443750000000000000e+01,1.459576219988708908e+04
4.445833333333332860e+01,1.458920784263031237e+04
4.447916666666666430e+01,1.443408345852849016e+04
4.450000000000000000e+01,1.443268266689413213e+04
4.452083333333332860e+01,1.443345886407376747e+04
4.454166666666666430e+01,1.452502873294249366e+04
4.456250000000000000e+01,1.443262247811918860e+04
4.458333333333332860e+01,1.443088594602627199e+04
4.460416666666666430e+01,1.443152717237242905e+04
4.462500000000000000e+01,1.484221319123699504e+04
4.464583333333332860e+01,1.443278996636353622e+04
4.466666666666666430e+01,1.400930172622461032e+04
4.468750000000000000e+01,1.443445985216351983e+04
4.470833333333332860e+01,1.529190273259563401e+04
4.472916666666666430e+01,1.425658941110622254e+04
4.475000000000000000e+01,1.357341456116631161e+04
4.477083333333332860e+01,1.443222155798989115e+04
4.479166666666666430e+01,1.531240960698673371e+04
4.481250000000000000e+01,1.442947538204607918e+04
4.483333333333332860e+01,1.382575960404704165e+04
4.485416666666666430e+01,1.443337683757442937e+04
4.487500000000000000e+01,1.545062829480700384e+04
4.489583333333332860e+01,1.443135909628805166e+04
4.491666666666666430e+01,1.357305574217014509e+04
4.493750000000000000e+01,1.443354896735397051e+04
4.495833333333332860e+01,1.523889305869087548e+04
4.497916666666666430e+01,1.443069138831458622e+04
4.500000000000000000e+01,1.369697869464382529e+04
4.502083333333332860e+01,1.460084214107194930e+04
4.504166666666666430e+01,1.529206908357205248e+04
4.506250000000000000e+01,1.443275614808072714e+04
4.508333333333332860e+01,1.331731398996993812e+04
4.510416666666666430e+01,1.443509582265749850e+04
4.512500000000000000e+01,1.533856471455974315e+04
4.514583333333332860e+01,1.443456766783004787e+04
4.516666666666666430e+01,1.357463162212586758e+04
4.518750000000000000e+01,1.443188142708694795e+04
4.520833333333332860e+01,1.541397223461039175e+04
4.522916666666666430e+01,1.443349988492126795e+04
4.525000000000000000e+01,1.357205977783222261e+04
4.527083333333332860e+01,1.443058406665920484e+04
4.529166666666666430e+01,1.529191420568382091e+04
4.531250000000000000e+01,1.443294112176925773e+04
4.533333333333332860e+01,1.357135369099402305e+04
4.535416666666666430e+01,1.443112240120232309e+04
4.537500000000000000e+01,1.533110605786732776e+04
4.539583333333332860e+01,1.443337493330134021e+04
4.541666666666666430e+01,1.357199214689249857e+04
4.543750000000000000e+01,1.484744680451654494e+04
4.545833333333332860e+01,1.534452561037099804e+04
4.547916666666666430e+01,1.414294122965266433e+04
4.550000000000000000e+01,1.357462563091257107e+04
4.552083333333332860e+01,1.489562812030857094e+04
4.554166666666666430e+01,1.529641428352973162e+04
4.556250000000000000e+01,1.393537834010690131e+04
4.558333333333332860e+01,1.364638086313888198e+04
4.560416666666666430e+01,1.529561292745565515e+04
4.562500000000000000e+01,1.529367776695469001e+04
4.564583333333332860e+01,1.335440039760303989e+04
4.566666666666666430e+01,1.354590189584151449e+04
4.568750000000000000e+01,1.529516781402902416e+04
4.570833333333332860e+01,1.529230367700685383e+04
4.572916666666666430e+01,1.357492610448114283e+04
4.575000000000000000e+01,1.372343158586624486e+04
4.577083333333332860e+01,1.529110235260882109e+04
4.579166666666666430e+01,1.528884687028047483e+04
4.581250000000000000e+01,1.353022468586342438e+04
4.583333333333332860e+01,1.330487190335368723e+04
4.585416666666666430e+01,1.529427513214347709e+04
4.587500000000000000e+01,1.570744914500281811e+04
4.589583333333332860e+01,1.357902438643540518e+04
4.591666666666666430e+01,1.292361823449263829e+04
4.593750000000000000e+01,1.556265920939331772e+04
4.595833333333332860e+01,1.614624550707838716e+04
4.597916666666666430e+01,1.332741041432436032e+04
4.600000000000000000e+01,1.271870659737108144e+04
4.602083333333332860e+01,1.501243408440411076e+04
4.604166666666666430e+01,1.615447108142960133e+04
4.606250000000000000e+01,1.357478382711802988e+04
4.608333333333332860e+01,1.271417052417049854e+04
4.610416666666666430e+01,1.529174507956254820e+04
4.612500000000000000e+01,1.615026390624025589e+04
4.614583333333332860e+01,1.357133216626260037e+04
4.616666666666666430e+01,1.271243384089932078e+04
4.618750000000000000e+01,1.529113580852137966e+04
4.620833333333332860e+01,1.614993981093663388e+04
4.622916666666666430e+01,1.349820001747781134e+04
4.625000000000000000e+01,1.271239500013175712e+04
4.627083333333332860e+01,1.529064473130984697e+04
4.629166666666666430e+01,1.608037983664174317e+04
4.631250000000000000e+01,1.324414069994516103e+04
4.633333333333332860e+01,1.271360290703840656e+04
4.635416666666666430e+01,1.550725448095283355e+04
4.637500000000000000e+01,1.615324091876743114e+04
4.639583333333332860e+01,1.344435642255307903e+04
4.641666666666666430e+01,1.271280956817174228e+04
4.643750000000000000e+01,1.529077547352449983e+04
4.645833333333332860e+01,1.610659285231868489e+04
4.647916666666666430e+01,1.338626371372034555e+04
4.650000000000000000e+01,1.271236336629886500e+04
4.652083333333332860e+01,1.529100518258000011e+04
4.654166666666666430e+01,1.615194544586298434e+04
4.656250000000000000e+01,1.357244912505457978e+04
4.658333333333332860e+01,1.271073131715149430e+04
4.660416666666666430e+01,1.528924189970595398e+04
4.662500000000000000e+01,1.609081775256920082e+04
4.664583333333332860e+01,1.323817265944884639e+04
4.666666666666666430e+01,1.271330910120834233e+04
4.668750000000000000e+01,1.560884293468458782e+04
4.670833333333332860e+01,1.610001753793897660e+04
4.672916666666666430e+01,1.312462196386518190e+04
4.675000000000000000e+01,1.271519456387740138e+04
4.677083333333332860e+01,1.594302349960420179e+04
4.679166666666666430e+01,1.605267994182845723e+04
4.681250000000000000e+01,1.271464153917406293e+04
4.683333333333332860e+01,1.271203913574010221e+04
4.685416666666666430e+01,1.615057285004233927e+04
4.687500000000000000e+01,1.584079907165212717e+04
4.689583333333332860e+01,1.271428052294061490e+04
4.691666666666666430e+01,1.287521153968523504e+04
4.693750000000000000e+01,1.615228478533220914e+04
4.695833333333332860e+01,1.573533539853914408e+04
4.697916666666666430e+01,1.271976125741972646e+04
4.700000000000000000e+01,1.271574557794205975e+04
4.702083333333332860e+01,1.615222138370940229e+04
4.704166666666666430e+01,1.584448744004999753e+04
4.706250000000000000e+01,1.271518406812138710e+04
4.708333333333332860e+01,1.276544502367806854e+04
4.710416666666666430e+01,1.615202862349680436e+04
4.712500000000000000e+01,1.603659365750862708e+04
4.714583333333332860e+01,1.271364585937380616e+04
4.716666666666666430e+01,1.271186057401201106e+04
4.718750000000000000e+01,1.615014126264757579e+04
4.720833333333332860e+01,1.595261201495951173e+04
4.722916666666666430e+01,1.271342654006779776e+04
4.725000000000000000e+01,1.271157535730750897e+04
4.727083333333332860e+01,1.606007753576500909e+04
4.729166666666666430e+01,1.586680155273769924e+04
4.731250000000000000e+01,1.271459741837137335e+04
4.733333333333332860e+01,1.286954331440099122e+04
4.735416666666666430e+01,1.615282294013399587e+04
4.737500000000000000e+01,1.594022772281907237e+04
4.739583333333332860e+01,1.271437864905843890e+04
4.741666666666666430e+01,1.271224455185033366e+04
4.743750000000000000e+01,1.615099940218129632e+04
4.745833333333332860e+01,1.532780770621085321e+04
4.747916666666666430e+01,1.272206645808481335e+04
4.750000000000000000e+01,1.345199852909652691e+04
4.752083333333332860e+01,1.615961993564251679e+04
4.754166666666666430e+01,1.529593043792476601e+04
4.756250000000000000e+01,1.271564323742537454e+04
4.758333333333332860e+01,1.357432145227070214e+04
4.760416666666666430e+01,1.615087318882338150e+04
4.762500000000000000e+01,1.528990641788968787e+04
4.764583333333332860e+01,1.271199418051388420e+04
4.766666666666666430e+01,1.369971693085110383e+04
4.768750000000000000e+01,1.592905843556965556e+04
4.770833333333332860e+01,1.529169544716499149e+04
4.772916666666666430e+01,1.271418871543647401e+04
4.775000000000000000e+01,1.363515789560748090e+04
4.777083333333332860e+01,1.615026961239880620e+04
4.779166666666666430e+01,1.528943422199624547e+04
4.781250000000000000e+01,1.271355925494392432e+04
4.783333333333332860e+01,1.357365538637152713e+04
4.785416666666666430e+01,1.614898160105262650e+04
4.787500000000000000e+01,1.528849894634342127e+04
4.789583333333332860e+01,1.271271006763169862e+04
4.791666666666666430e+01,1.348607257949960695e+04
4.793750000000000000e+01,1.586847608655698787e+04
4.795833333333332860e+01,1.529107437463361930e+04
4.797916666666666430e+01,1.285462767626830100e+04
4.800000000000000000e+01,1.357620492136406392e+04
4.802083333333332860e+01,1.615097853593588297e+04
4.804166666666666430e+01,1.528972958053329785e+04
4.806250000000000000e+01,1.271282414453835008e+04
4.808333333333332860e+01,1.357295101658313797e+04
4.810416666666666430e+01,1.579545499595315414e+04
4.812500000000000000e+01,1.529113144751148866e+04
4.814583333333332860e+01,1.291272300325547621e+04
4.816666666666666430e+01,1.357524166768123177e+04
4.818750000000000000e+01,1.615131294074566176e+04
4.820833333333332860e+01,1.529024300303083874e+04
4.822916666666666430e+01,1.271149785861571218e+04
4.825000000000000000e+01,1.330143926657042175e+04
4.827083333333332860e+01,1.615223335440736264e+04
4.829166666666666430e+01,1.529121547529204690e+04
4.831250000000000000e+01,1.271179924810907687e+04
4.833333333333332860e+01,1.357160613639928124e+04
4.835416666666666430e+01,1.615105286347961010e+04
4.837500000000000000e+01,1.497593288241600021e+04
4.839583333333332860e+01,1.271355069636015469e+04
4.841666666666666430e+01,1.385369478493171118e+04
4.843750000000000000e+01,1.594548844295381787e+04
4.845833333333332860e+01,1.521488891583932491e+04
4.847916666666666430e+01,1.271527146822399300e+04
4.850000000000000000e+01,1.357415632712353909e+04
4.852083333333332860e+01,1.615319654962548157e+04
4.854166666666666430e+01,1.529300910719480817e+04
4.856250000000000000e+01,1.271288956331892405e+04
4.858333333333332860e+01,1.357159173161512444e+04
4.860416666666666430e+01,1.615037350366380997e+04
4.862500000000000000e+01,1.529090205367514500e+04
4.864583333333332860e+01,1.271195232720757485e+04
4.866666666666666430e+01,1.357118829716516484e+04
4.868750000000000000e+01,1.578270380516514342e+04
4.870833333333332860e+01,1.529147310070499589e+04
4.872916666666666430e+01,1.306409987719389756e+04
4.875000000000000000e+01,1.404518282984329926e+04
4.877083333333332860e+01,1.555576520407289354e+04
4.879166666666666430e+01,1.500616877995502728e+04
4.881250000000000000e+01,1.357947736986935342e+04
4.883333333333332860e+01,1.399699516904587290e+04
4.885416666666666430e+01,1.529512932223598182e+04
4.887500000000000000e+01,1.489082730940477995e+04
4.889583333333332860e+01,1.357743438754355520e+04
4.891666666666666430e+01,1.412743570081843063e+04
4.893750000000000000e+01,1.503485065832996042e+04
4.895833333333332860e+01,1.467177800062691676e+04
4.897916666666666430e+01,1.382402239573778934e+04
4.900000000000000000e+01,1.443575535488720925e+04
4.902083333333332860e+01,1.529249209161110412e+04
4.904166666666666430e+01,1.443252050515846349e+04
4.906250000000000000e+01,1.357303467230178649e+04
4.908333333333332860e+01,1.443149621953208043e+04
4.910416666666666430e+01,1.528942227855735837e+04
4.912500000000000000e+01,1.442964974756865558e+04
4.914583333333332860e+01,1.357138111182451030e+04
4.916666666666666430e+01,1.442148554974356739e+04
4.918750000000000000e+01,1.528829618229328480e+04
4.920833333333332860e+01,1.453134219934420616e+04
4.922916666666666430e+01,1.386783943564429501e+04
4.925000000000000000e+01,1.436929668847996072e+04
4.927083333333332860e+01,1.504872684923307315e+04
4.929166666666666430e+01,1.443344483020853295e+04
4.931250000000000000e+01,1.380246731495299173e+04
4.933333333333332860e+01,1.443524405232219578e+04
4.935416666666666430e+01,1.529168630824715365e+04
4.937500000000000000e+01,1.443184302037376983e+04
4.939583333333332860e+01,1.357314977202685986e+04
4.941666666666666430e+01,1.443162097552431078e+04
4.943750000000000000e+01,1.528983506766632490e+04
4.945833333333332860e+01,1.450016385810940483e+04
4.947916666666666430e+01,1.370837045953636334e+04
4.950000000000000000e+01,1.443083787499077880e+04
4.952083333333332860e+01,1.529027149621113858e+04
4.954166666666666430e+01,1.459455514149824376e+04
4.956250000000000000e+01,1.366701755666930330e+04
4.958333333333332860e+01,1.443138356067916538e+04
4.960416666666666430e+01,1.529175257779344975e+04
4.962500000000000000e+01,1.443429131841409253e+04
4.964583333333332860e+01,1.388746851381848683e+04
4.966666666666666430e+01,1.443281428992263318e+04
4.968750000000000000e+01,1.521635425910800041e+04
4.970833333333332860e+01,1.443582537264205530e+04
4.972916666666666430e+01,1.357461631653926452e+04
4.975000000000000000e+01,1.443173568584375971e+04
4.977083333333332860e+01,1.529071079927147730e+04
4.979166666666666430e+01,1.443169496134298606e+04
4.981250000000000000e+01,1.357223836453659533e+04
4.983333333333332860e+01,1.437478528010060108e+04
4.985416666666666430e+01,1.528902350009361908e+04
4.987500000000000000e+01,1.451604509015761141e+04
4.989583333333332860e+01,1.390909676158039292e+04
4.991666666666666430e+01,1.436645547127734244e+04
4.993750000000000000e+01,1.486269900093594697e+04
4.995833333333332860e+01,1.443442712231116093e+04
4.997916666666666430e+01,1.443530827944961493e+04
5.000000000000000000e+01,1.427271080090488977e+04
5.002083333333332860e+01,1.443432132531522075e+04
5.004166666666666430e+01,1.443261874290689229e+04
5.006250000000000000e+01,1.443401472839008056e+04
5.008333333333332860e+01,1.443281423898538560e+04
5.010416666666666430e+01,1.481840932987051929e+04
5.012500000000000000e+01,1.464671885283005031e+04
5.014583333333332860e+01,1.443461456744217139e+04
5.016666666666666430e+01,1.443249103452093186e+04
5.018750000000000000e+01,1.443320282007891001e+04
5.020833333333332860e+01,1.417468538486573379e+04
5.022916666666666430e+01,1.443579753727019488e+04
5.025000000000000000e+01,1.443228147647762307e+04
5.027083333333332860e+01,1.478016773440954421e+04
5.029166666666666430e+01,1.443621053683101854e+04
5.031250000000000000e+01,1.443373905228460717e+04
5.033333333333332860e+01,1.443208162943879506e+04
5.035416666666666430e+01,1.443457543160354544e+04
5.037500000000000000e+01,1.486908735064099528e+04
5.039583333333332860e+01,1.443423836021109673e+04
5.041666666666666430e+01,1.392806475256437261e+04
5.043750000000000000e+01,1.443590076701796715e+04
5.045833333333332860e+01,1.577483551184369207e+04
5.047916666666666430e+01,1.519705677024800752e+04
5.050000000000000000e+01,1.449706141128550371e+04
5.052083333333332860e+01,1.543667570183171119e+04
5.054166666666666430e+01,1.632632700404072239e+04
5.056250000000000000e+01,1.546796967623027740e+04
5.058333333333332860e+01,1.424354657553562720e+04
5.060416666666666430e+01,1.541920103604260657e+04
5.062500000000000000e+01,1.658451502897337195e+04
5.064583333333332860e+01,1.534293526366076912e+04
5.066666666666666430e+01,1.405738430276515646e+04
5.068750000000000000e+01,1.555178214757208480e+04
5.070833333333332860e+01,1.655984751664329815e+04
5.072916666666666430e+01,1.513324315231734363e+04
5.075000000000000000e+01,1.341862597183899197e+04
5.077083333333332860e+01,1.536768168244187473e+04
5.079166666666666430e+01,1.678248002999952951e+04
5.081250000000000000e+01,1.476124054779521248e+04
5.083333333333332860e+01,1.327815752529487509e+04
5.085416666666666430e+01,1.496391610447688799e+04
5.087500000000000000e+01,1.665502301190558865e+04
5.089583333333332860e+01,1.483524242129908453e+04
5.091666666666666430e+01,1.316444386812809171e+04
5.093750000000000000e+01,1.502249470091467811e+04
5.095833333333332860e+01,1.631337061233213899e+04
5.097916666666666430e+01,1.482031225125409401e+04
5.100000000000000000e+01,1.307958049953760565e+04
5.102083333333332860e+01,1.477683922253196943e+04
5.104166666666666430e+01,1.647751111568152191e+04
5.106250000000000000e+01,1.474150315689890340e+04
5.108333333333332860e+01,1.300658456603758168e+04
5.110416666666666430e+01,1.470892714221378992e+04
5.112500000000000000e+01,1.641414315061577508e+04
5.114583333333332860e+01,1.468218605182327155e+04
5.116666666666666430e+01,1.295083935874211602e+04
5.118750000000000000e+01,1.465654155247103699e+04
5.120833333333332860e+01,1.636501437169199562e+04
5.122916666666666430e+01,1.463601891162408356e+04
5.125000000000000000e+01,1.290721397904022524e+04
5.127083333333332860e+01,1.461541192013490945e+04
5.129166666666666430e+01,1.623775713749138595e+04
5.131250000000000000e+01,1.444285912436216677e+04
5.133333333333332860e+01,1.287627939446956952e+04
5.135416666666666430e+01,1.458643184375248893e+04
5.137500000000000000e+01,1.627056911958151250e+04
5.139583333333332860e+01,1.457345056670298436e+04
5.141666666666666430e+01,1.284922126669670615e+04
5.143750000000000000e+01,1.465952774681831579e+04
5.145833333333332860e+01,1.609773865372144064e+04
5.147916666666666430e+01,1.455190197982028258e+04
5.150000000000000000e+01,1.283006502355333942e+04
5.152083333333332860e+01,1.470075357424306276e+04
5.154166666666666430e+01,1.624882393522628990e+04
5.156250000000000000e+01,1.451976134104564335e+04
5.158333333333332860e+01,1.279917902515479000e+04
5.160416666666666430e+01,1.468198934403395106e+04
5.162500000000000000e+01,1.622571604894434859e+04
5.164583333333332860e+01,1.450258073190913638e+04
5.166666666666666430e+01,1.278477678880748499e+04
5.168750000000000000e+01,1.450042614358568244e+04
5.170833333333332860e+01,1.607990251068686848e+04
5.172916666666666430e+01,1.431067870058288827e+04
5.175000000000000000e+01,1.277635965543305792e+04
5.177083333333332860e+01,1.400186101116134159e+04
5.179166666666666430e+01,1.443409369393022280e+04
5.181250000000000000e+01,1.256086033472359486e+04
5.183333333333332860e+01,1.226422158773022602e+04
5.185416666666666430e+01,1.361542309763486992e+04
5.187500000000000000e+01,1.389888225028280431e+04
5.189583333333332860e+01,1.369448577163852678e+04
5.191666666666666430e+01,1.332145664513084193e+04
5.193750000000000000e+01,1.387559611767267779e+04
5.195833333333332860e+01,1.464051896062538435e+04
5.197916666666666430e+01,1.415833526545753557e+04
5.200000000000000000e+01,1.364114904736295648e+04
5.202083333333332860e+01,1.508764011400163508e+04
5.204166666666666430e+01,1.561721344904226135e+04
5.206250000000000000e+01,1.359925150221393415e+04
5.208333333333332860e+01,1.407128932804363285e+04
5.210416666666666430e+01,1.540518496724149009e+04
5.212500000000000000e+01,1.574216224895024061e+04
5.214583333333332860e+01,1.473804931579060212e+04
5.216666666666666430e+01,1.454784238048447514e+04
5.218750000000000000e+01,1.401766612229843668e+04
5.220833333333332860e+01,1.538092829566507862e+04
5.222916666666666430e+01,1.553835854074051895e+04
5.225000000000000000e+01,1.489142393107575845e+04
5.227083333333332860e+01,1.420305643926488119e+04
5.229166666666666430e+01,1.433309972554374690e+04
5.231250000000000000e+01,1.473368618363770656e+04
5.233333333333332860e+01,1.640388631529767372e+04
5.235416666666666430e+01,1.424964545738791639e+04
5.237500000000000000e+01,1.382637422468415753e+04
5.239583333333332860e+01,1.498587889612829531e+04
5.241666666666666430e+01,1.550569396312478420e+04
5.243750000000000000e+01,1.373337425157059261e+04
5.245833333333332860e+01,1.394008422672204324e+04
5.247916666666666430e+01,1.578306000805489020e+04
5.250000000000000000e+01,1.428744588786745953e+04
5.252083333333332860e+01,1.317629541581722151e+04
5.254166666666666430e+01,1.500243364531540647e+04
5.256250000000000000e+01,1.516476447334465411e+04
5.258333333333332860e+01,1.336059087026797715e+04
5.260416666666666430e+01,1.400202170692403524e+04
5.262500000000000000e+01,1.525372889272235625e+04
5.264583333333332860e+01,1.426149343769990446e+04
5.266666666666666430e+01,1.313707497317324305e+04
5.268750000000000000e+01,1.440044186596401414e+04
5.270833333333332860e+01,1.543828559694603973e+04
5.272916666666666430e+01,1.434442433045478901e+04
5.275000000000000000e+01,1.310142468331504642e+04
5.277083333333332860e+01,1.462819925322790368e+04
5.279166666666666430e+01,1.555144544642224355e+04
5.281250000000000000e+01,1.433971787520822909e+04
5.283333333333332860e+01,1.281728084811619192e+04
5.285416666666666430e+01,1.438140783912927509e+04
5.287500000000000000e+01,1.608915203756333358e+04
5.289583333333332860e+01,1.425988079352645582e+04
5.291666666666666430e+01,1.266026728576616733e+04
5.293750000000000000e+01,1.438012287225379623e+04
5.295833333333332860e+01,1.591219503094753600e+04
5.297916666666666430e+01,1.439571488020955439e+04
5.300000000000000000e+01,1.267777784160265946e+04
5.302083333333332860e+01,1.439679342315408940e+04
5.304166666666666430e+01,1.612046560358292845e+04
5.306250000000000000e+01,1.440605660261056255e+04
5.308333333333332860e+01,1.268963791491850498e+04
5.310416666666666430e+01,1.522770279483810373e+04
5.312500000000000000e+01,1.556699086418949810e+04
5.314583333333332860e+01,1.354796745898026711e+04
5.316666666666666430e+01,1.341873937636120172e+04
5.318750000000000000e+01,1.362172298679586675e+04
5.320833333333332860e+01,1.347477095322430614e+04
5.322916666666666430e+01,1.355335690779714423e+04
5.325000000000000000e+01,1.340747381612637037e+04
5.327083333333332860e+01,1.391611738237912141e+04
5.329166666666666430e+01,1.420330755421116555e+04
5.331250000000000000e+01,1.395388854437373811e+04
5.333333333333332860e+01,1.326110666129712627e+04
5.335416666666666430e+01,1.412787003279122291e+04
5.337500000000000000e+01,1.504119312023598468e+04
5.339583333333332860e+01,1.295669783035964065e+04
5.341666666666666430e+01,1.342459061044234841e+04
5.343750000000000000e+01,1.517863875896590980e+04
5.345833333333332860e+01,1.473717735495937450e+04
5.347916666666666430e+01,1.502443398612403689e+04
5.350000000000000000e+01,1.268240878922440970e+04
5.352083333333332860e+01,1.339353072299093037e+04
5.354166666666666430e+01,1.368750217957421046e+04
5.356250000000000000e+01,1.620156695278580810e+04
5.358333333333332860e+01,1.449199904214106573e+04
5.360416666666666430e+01,1.473438322868861724e+04
5.362500000000000000e+01,1.366969413788242309e+04
5.364583333333332860e+01,1.391946803819284469e+04
5.366666666666666430e+01,1.371317910991861936e+04
5.368750000000000000e+01,1.537443626700385357e+04
5.370833333333332860e+01,1.537671164803872307e+04
5.372916666666666430e+01,1.538616633119839025e+04
5.375000000000000000e+01,1.365660889691704870e+04
5.377083333333332860e+01,1.282082387409183866e+04
5.379166666666666430e+01,1.455114021704010884e+04
5.381250000000000000e+01,1.618668502604293826e+04
5.383333333333332860e+01,1.524625010432338240e+04
5.385416666666666430e+01,1.274344907879474704e+04
5.387500000000000000e+01,1.374376268941107992e+04
5.389583333333332860e+01,1.607762116510785563e+04
5.391666666666666430e+01,1.539917542764394238e+04
5.393750000000000000e+01,1.259450038649649650e+04
5.395833333333332860e+01,1.325118363933246292e+04
5.397916666666666430e+01,1.601029932890754935e+04
5.400000000000000000e+01,1.512472131539340262e+04
5.402083333333332860e+01,1.255822862295519735e+04
5.404166666666666430e+01,1.341911977456379464e+04
5.406250000000000000e+01,1.599848990912250520e+04
5.408333333333332860e+01,1.546443941293438911e+04
5.410416666666666430e+01,1.256900906534907335e+04
5.412500000000000000e+01,1.343060884260750390e+04
5.414583333333332860e+01,1.601383269959610698e+04
5.416666666666666430e+01,1.516334890764124066e+04
5.418750000000000000e+01,1.259174387414962621e+04
5.420833333333332860e+01,1.345409054118056883e+04
5.422916666666666430e+01,1.561563527532243097e+04
5.425000000000000000e+01,1.518727142376402844e+04
5.427083333333332860e+01,1.307336450579245502e+04
5.429166666666666430e+01,1.347606752835509178e+04
5.431250000000000000e+01,1.519964152854447821e+04
5.433333333333332860e+01,1.520305243239521587e+04
5.435416666666666430e+01,1.348572667437121709e+04
5.437500000000000000e+01,1.362479851347703152e+04
5.439583333333332860e+01,1.521358579646566432e+04
5.441666666666666430e+01,1.521491506003150425e+04
5.443750000000000000e+01,1.410371186161911100e+04
5.445833333333332860e+01,1.407707029041478381e+04
5.447916666666666430e+01,1.615333153902597769e+04
5.450000000000000000e+01,1.623569430537116932e+04
5.452083333333332860e+01,1.455502881585022260e+04
5.454166666666666430e+01,1.459251858462251766e+04
5.456250000000000000e+01,1.626108705531888700e+04
5.458333333333332860e+01,1.623154755704704803e+04
5.460416666666666430e+01,1.448229677781960709e+04
5.462500000000000000e+01,1.482667442379581189e+04
5.464583333333332860e+01,1.612299774847453591e+04
5.466666666666666430e+01,1.590600793384802819e+04
5.468750000000000000e+01,1.432459885401859719e+04
5.470833333333332860e+01,1.415424116958409286e+04
5.472916666666666430e+01,1.595843780694091765e+04
5.475000000000000000e+01,1.591803030619380297e+04
5.477083333333332860e+01,1.416853758270048274e+04
5.479166666666666430e+01,1.418004153021216553e+04
5.481250000000000000e+01,1.581913657905640139e+04
5.483333333333332860e+01,1.578612229559403931e+04
5.485416666666666430e+01,1.404360157778104985e+04
5.487500000000000000e+01,1.397975591153792629e+04
5.489583333333332860e+01,1.570536711932712933e+04
5.491666666666666430e+01,1.567826418003554863e+04
5.493750000000000000e+01,1.394112300686908202e+04
5.495833333333332860e+01,1.391168314724544325e+04
5.497916666666666430e+01,1.562191280684410958e+04
5.500000000000000000e+01,1.592128916200486856e+04
5.502083333333332860e+01,1.386935752105926076e+04
5.504166666666666430e+01,1.306623824016443541e+04
5.506250000000000000e+01,1.570950785812473987e+04
5.508333333333332860e+01,1.639489459599955080e+04
5.510416666666666430e+01,1.380093568656441494e+04
5.512500000000000000e+01,1.293254758368273542e+04
5.514583333333332860e+01,1.549213299286755137e+04
5.516666666666666430e+01,1.621072792796377689e+04
5.518750000000000000e+01,1.345478108645704924e+04
5.520833333333332860e+01,1.293018109798150908e+04
5.522916666666666430e+01,1.545206905408167222e+04
5.525000000000000000e+01,1.630152017392390189e+04
5.527083333333332860e+01,1.371180450766874492e+04
5.529166666666666430e+01,1.284410323499805600e+04
5.531250000000000000e+01,1.541645714846851479e+04
5.533333333333332860e+01,1.626758798160435981e+04
5.535416666666666430e+01,1.368037353434033867e+04
5.537500000000000000e+01,1.281593478867328668e+04
5.539583333333332860e+01,1.539020231147731465e+04
5.541666666666666430e+01,1.624287825332915963e+04
5.543750000000000000e+01,1.364160689086278944e+04
5.545833333333332860e+01,1.279417739751651970e+04
5.547916666666666430e+01,1.536812977459932154e+04
5.550000000000000000e+01,1.582827875657601180e+04
5.552083333333332860e+01,1.364263572463447053e+04
5.554166666666666430e+01,1.277759228899280424e+04
5.556250000000000000e+01,1.535103232889732681e+04
5.558333333333332860e+01,1.620686684240876275e+04
5.560416666666666430e+01,1.362619530840426523e+04
5.562500000000000000e+01,1.299521797823303859e+04
5.564583333333332860e+01,1.533805854012929922e+04
5.566666666666666430e+01,1.619499712103722777e+04
5.568750000000000000e+01,1.343520562692566091e+04
5.570833333333332860e+01,1.275524099323596238e+04
5.572916666666666430e+01,1.532829649313510163e+04
5.575000000000000000e+01,1.603302583575473545e+04
5.577083333333332860e+01,1.360833506376358491e+04
5.579166666666666430e+01,1.274430011260645915e+04
5.581250000000000000e+01,1.531814919946686132e+04
5.583333333333332860e+01,1.606899384422877120e+04
5.585416666666666430e+01,1.335573583087488805e+04
5.587500000000000000e+01,1.273901564704511111e+04
5.589583333333332860e+01,1.536524218182110053e+04
5.591666666666666430e+01,1.617437205716724930e+04
5.593750000000000000e+01,1.359469032405441249e+04
5.595833333333332860e+01,1.273213404821145741e+04
5.597916666666666430e+01,1.530827060214112862e+04
5.600000000000000000e+01,1.616679888862057851e+04
5.602083333333332860e+01,1.358695198504885775e+04
5.604166666666666430e+01,1.272590369833989098e+04
5.606250000000000000e+01,1.530383923961666005e+04
5.608333333333332860e+01,1.591799879357638565e+04
5.610416666666666430e+01,1.356507763466191318e+04
5.612500000000000000e+01,1.285284805630331175e+04
5.614583333333332860e+01,1.530505829325546802e+04
5.616666666666666430e+01,1.599274501794355092e+04
5.618750000000000000e+01,1.342601673885784112e+04
5.620833333333332860e+01,1.289071500793053565e+04
5.622916666666666430e+01,1.530192584141912448e+04
5.625000000000000000e+01,1.616008043304122111e+04
5.627083333333332860e+01,1.358135833313668991e+04
5.629166666666666430e+01,1.272063492193248749e+04
5.631250000000000000e+01,1.529681989303079172e+04
5.633333333333332860e+01,1.615518580775263763e+04
5.635416666666666430e+01,1.357758455363980465e+04
5.637500000000000000e+01,1.271809118440626480e+04
5.639583333333332860e+01,1.529449454226492526e+04
5.641666666666666430e+01,1.615328763084405728e+04
5.643750000000000000e+01,1.317527846726717689e+04
5.645833333333332860e+01,1.271879369563060391e+04
5.647916666666666430e+01,1.567370638502427391e+04
5.650000000000000000e+01,1.615610423032094332e+04
5.652083333333332860e+01,1.282863911085635118e+04
5.654166666666666430e+01,1.276735109219462538e+04
5.656250000000000000e+01,1.613013907694425870e+04
5.658333333333332860e+01,1.574009459432492804e+04
5.660416666666666430e+01,1.271819769115551753e+04
5.662500000000000000e+01,1.317810475560086707e+04
5.664583333333332860e+01,1.615588493588520578e+04
5.666666666666666430e+01,1.507817515758744048e+04
5.668750000000000000e+01,1.273177213494120588e+04
5.670833333333332860e+01,1.357690507452813108e+04
5.672916666666666430e+01,1.615379015500551031e+04
5.675000000000000000e+01,1.529358014698588158e+04
5.677083333333332860e+01,1.271441531292635409e+04
5.679166666666666430e+01,1.357259362810911989e+04
5.681250000000000000e+01,1.615074174714506444e+04
5.683333333333332860e+01,1.529196465105968673e+04
5.685416666666666430e+01,1.271310210532979545e+04
5.687500000000000000e+01,1.357155424889874121e+04
5.689583333333332860e+01,1.600118184211165135e+04
5.691666666666666430e+01,1.529257070371741065e+04
5.693750000000000000e+01,1.271283615259424550e+04
5.695833333333332860e+01,1.357177444931659920e+04
5.697916666666666430e+01,1.604930629843321003e+04
5.700000000000000000e+01,1.529205320180190029e+04
5.702083333333332860e+01,1.271188369876564684e+04
5.704166666666666430e+01,1.357156078151097245e+04
5.706250000000000000e+01,1.585421644168537387e+04
5.708333333333332860e+01,1.527934808063632227e+04
5.710416666666666430e+01,1.272189085833328500e+04
5.712500000000000000e+01,1.370786572541307396e+04
5.714583333333332860e+01,1.615592552547078230e+04
5.716666666666666430e+01,1.529493915143481718e+04
5.718750000000000000e+01,1.271419873193119929e+04
5.720833333333332860e+01,1.357202657480792550e+04
5.722916666666666430e+01,1.615077042284826894e+04
5.725000000000000000e+01,1.529218985340524159e+04
5.727083333333332860e+01,1.271285408743696462e+04
5.729166666666666430e+01,1.357058558601494587e+04
5.731250000000000000e+01,1.614950330108606431e+04
5.733333333333332860e+01,1.529162276455431856e+04
5.735416666666666430e+01,1.271274168999269750e+04
5.737500000000000000e+01,1.357085258161737147e+04
5.739583333333332860e+01,1.584525214491253064e+04
5.741666666666666430e+01,1.529275146756073809e+04
5.743750000000000000e+01,1.272602794537509180e+04
5.745833333333332860e+01,1.357204878128689597e+04
5.747916666666666430e+01,1.614950983191960768e+04
5.750000000000000000e+01,1.529040218122706574e+04
5.752083333333332860e+01,1.271272280706210222e+04
5.754166666666666430e+01,1.357148413674573749e+04
5.756250000000000000e+01,1.614846795617698081e+04
5.758333333333332860e+01,1.528629534055893600e+04
5.760416666666666430e+01,1.271232727014277771e+04
5.762500000000000000e+01,1.353475722497473907e+04
5.764583333333332860e+01,1.581335428709188636e+04
5.766666666666666430e+01,1.528157731822021378e+04
5.768750000000000000e+01,1.307258323857190408e+04
5.770833333333332860e+01,1.375540193071890462e+04
5.772916666666666430e+01,1.547232474487477521e+04
5.775000000000000000e+01,1.529396367274274235e+04
5.777083333333332860e+01,1.357744634794850572e+04
5.779166666666666430e+01,1.357666241888399600e+04
5.781250000000000000e+01,1.529182719063743571e+04
5.783333333333332860e+01,1.528944326256034401e+04
5.785416666666666430e+01,1.357329210069038527e+04
5.787500000000000000e+01,1.342076257322963284e+04
5.789583333333332860e+01,1.529279705337486303e+04
5.791666666666666430e+01,1.529086973625522296e+04
5.793750000000000000e+01,1.357472673693194156e+04
5.795833333333332860e+01,1.374498486035364112e+04
5.797916666666666430e+01,1.529434532643757848e+04
5.800000000000000000e+01,1.529152282133960762e+04
5.802083333333332860e+01,1.357324062819675964e+04
5.804166666666666430e+01,1.380873209577098169e+04
5.806250000000000000e+01,1.529231699588397896e+04
5.808333333333332860e+01,1.529117717314662877e+04
5.810416666666666430e+01,1.357290253201343512e+04
5.812500000000000000e+01,1.364806970452026871e+04
5.814583333333332860e+01,1.529279933457033621e+04
5.816666666666666430e+01,1.529140082599579546e+04
5.818750000000000000e+01,1.348663649785346206e+04
5.820833333333332860e+01,1.331151224706892754e+04
5.822916666666666430e+01,1.529435930458951043e+04
5.825000000000000000e+01,1.552013953723036320e+04
5.827083333333332860e+01,1.357542933008812543e+04
5.829166666666666430e+01,1.338068400205810394e+04
5.831250000000000000e+01,1.529374750041296647e+04
5.833333333333332860e+01,1.529155526303645092e+04
5.835416666666666430e+01,1.381065624850370659e+04
5.837500000000000000e+01,1.375197694885624878e+04
5.839583333333332860e+01,1.529438501674084182e+04
5.841666666666666430e+01,1.529159125437302282e+04
5.843750000000000000e+01,1.357402102653073598e+04
5.845833333333332860e+01,1.340003062979599417e+04
5.847916666666666430e+01,1.529100462048279951e+04
5.850000000000000000e+01,1.528887375471958148e+04
5.852083333333332860e+01,1.369204424477613793e+04
5.854166666666666430e+01,1.380821950974992069e+04
5.856250000000000000e+01,1.529208163447177867e+04
5.858333333333332860e+01,1.525972246216345957e+04
5.860416666666666430e+01,1.357489242008654401e+04
5.862500000000000000e+01,1.319818363821971070e+04
5.864583333333332860e+01,1.529331711398733751e+04
5.866666666666666430e+01,1.567190171122867105e+04
5.868750000000000000e+01,1.357668459787268148e+04
5.870833333333332860e+01,1.306854057311472934e+04
5.872916666666666430e+01,1.532044794586787611e+04
5.875000000000000000e+01,1.615459580510196611e+04
5.877083333333332860e+01,1.357430913604118905e+04
5.879166666666666430e+01,1.271309313230087719e+04
5.881250000000000000e+01,1.529102765507930599e+04
5.883333333333332860e+01,1.598919585657579228e+04
5.885416666666666430e+01,1.341845953813191227e+04
5.887500000000000000e+01,1.271382908366638367e+04
5.889583333333332860e+01,1.529275813350080352e+04
5.891666666666666430e+01,1.587242349482623467e+04
5.893750000000000000e+01,1.357848404994808152e+04
5.895833333333332860e+01,1.271604351248042440e+04
5.897916666666666430e+01,1.529279322900639090e+04
5.900000000000000000e+01,1.611231471506389789e+04
5.902083333333332860e+01,1.324229567432975819e+04
5.904166666666666430e+01,1.316076115935070993e+04
5.906250000000000000e+01,1.553547237372868403e+04
5.908333333333332860e+01,1.614908891872061940e+04
5.910416666666666430e+01,1.350493525029499870e+04
5.912500000000000000e+01,1.271594098378214403e+04
5.914583333333332860e+01,1.529116452460320943e+04
5.916666666666666430e+01,1.593858712085224397e+04
5.918750000000000000e+01,1.322266228599803435e+04
5.920833333333332860e+01,1.271523394729471693e+04
5.922916666666666430e+01,1.555430053205476725e+04
5.925000000000000000e+01,1.613472977829985757e+04
5.927083333333332860e+01,1.334951159184845892e+04
5.929166666666666430e+01,1.271547732310340871e+04
5.931250000000000000e+01,1.529087244034531614e+04
5.933333333333332860e+01,1.598432917476628427e+04
5.935416666666666430e+01,1.357618172773532933e+04
5.937500000000000000e+01,1.291941082457095763e+04
5.939583333333332860e+01,1.529234556278137825e+04
5.941666666666666430e+01,1.615062795315808035e+04
5.943750000000000000e+01,1.357419139561940756e+04
5.945833333333332860e+01,1.271439495370541044e+04
5.947916666666666430e+01,1.529013848653724199e+04
5.950000000000000000e+01,1.590655482835039220e+04
5.952083333333332860e+01,1.329421857810559595e+04
5.954166666666666430e+01,1.273205011308094981e+04
5.956250000000000000e+01,1.547355808009346583e+04
5.958333333333332860e+01,1.615294919551312705e+04
5.960416666666666430e+01,1.357354608964084036e+04
5.962500000000000000e+01,1.280142616984972483e+04
5.964583333333332860e+01,1.529154685466009687e+04
5.966666666666666430e+01,1.592554118911782643e+04
5.968750000000000000e+01,1.350152067397415522e+04
5.970833333333332860e+01,1.271331158152388525e+04
5.972916666666666430e+01,1.529131655867077643e+04
5.975000000000000000e+01,1.615197265282425724e+04
5.977083333333332860e+01,1.357258123334099582e+04
5.979166666666666430e+01,1.271120472382880689e+04
5.981250000000000000e+01,1.528999410254614122e+04
5.983333333333332860e+01,1.613718131268458455e+04
5.985416666666666430e+01,1.346392295208955329e+04
5.987500000000000000e+01,1.271122247385394076e+04
5.989583333333332860e+01,1.529033343495353984e+04
5.991666666666666430e+01,1.610104837008726099e+04
5.993750000000000000e+01,1.346409275788236482e+04
5.995833333333332860e+01,1.271204866922117435e+04
5.997916666666666430e+01,1.529109079012835355e+04
6.000000000000000000e+01,1.615226683719088760e+04
6.002083333333332860e+01,1.348787275219968797e+04
6.004166666666666430e+01,1.271209532914943702e+04
6.006250000000000000e+01,1.529023557410638387e+04
6.008333333333332860e+01,1.606529723727035162e+04
6.010416666666666430e+01,1.338382020210638439e+04
6.012500000000000000e+01,1.271464444253762849e+04
6.014583333333332860e+01,1.529129652685817200e+04
6.016666666666666430e+01,1.615140937632961140e+04
6.018750000000000000e+01,1.357402356477497960e+04
6.020833333333332860e+01,1.285766518764059947e+04
6.022916666666666430e+01,1.529043252350472176e+04
6.025000000000000000e+01,1.614974994264673660e+04
6.027083333333332860e+01,1.357401760253309840e+04
6.029166666666666430e+01,1.271411656161239080e+04
6.031250000000000000e+01,1.528890649685504104e+04
6.033333333333332860e+01,1.598632656471561131e+04
6.035416666666666430e+01,1.347901318987597551e+04
6.037500000000000000e+01,1.271582296726512141e+04
6.039583333333332860e+01,1.529036715239356272e+04
6.041666666666666430e+01,1.614963017326643967e+04
6.043750000000000000e+01,1.357431376889792591e+04
6.045833333333332860e+01,1.271460363731771940e+04
6.047916666666666430e+01,1.528928001511712500e+04
6.050000000000000000e+01,1.614827393701277470e+04
6.052083333333332860e+01,1.342139892081617654e+04
6.054166666666666430e+01,1.271499587840499225e+04
6.056250000000000000e+01,1.528990499050209473e+04
6.058333333333332860e+01,1.614910204505567162e+04
6.060416666666666430e+01,1.357323097460501594e+04
6.062500000000000000e+01,1.271327908808326174e+04
6.064583333333332860e+01,1.528883922077975149e+04
6.066666666666666430e+01,1.607911614156614087e+04
6.068750000000000000e+01,1.324980565997296799e+04
6.070833333333332860e+01,1.271502701295425868e+04
6.072916666666666430e+01,1.564254385254894805e+04
6.075000000000000000e+01,1.608001085554746169e+04
6.077083333333332860e+01,1.295541127532161045e+04
6.079166666666666430e+01,1.271533659772521423e+04
6.081250000000000000e+01,1.601352766024183074e+04
6.083333333333332860e+01,1.577288989740310353e+04
6.085416666666666430e+01,1.271943921299927024e+04
6.087500000000000000e+01,1.278277962085173567e+04
6.089583333333332860e+01,1.615615485543552859e+04
6.091666666666666430e+01,1.585489194686761402e+04
6.093750000000000000e+01,1.271686933955582572e+04
6.095833333333332860e+01,1.272216530097798386e+04
6.097916666666666430e+01,1.615269385063521622e+04
6.100000000000000000e+01,1.615176848736577813e+04
6.102083333333332860e+01,1.271285283698225976e+04
6.104166666666666430e+01,1.271110222161009006e+04
6.106250000000000000e+01,1.608347797999071918e+04
6.108333333333332860e+01,1.582782687209283176e+04
6.110416666666666430e+01,1.271549188321207112e+04
6.112500000000000000e+01,1.292169194993129349e+04
6.114583333333332860e+01,1.615361797089997708e+04
6.116666666666666430e+01,1.597539825264214232e+04
6.118750000000000000e+01,1.271756765046544024e+04
6.120833333333332860e+01,1.271419689752830891e+04
6.122916666666666430e+01,1.589682367013411204e+04
6.125000000000000000e+01,1.576334398723040067e+04
6.127083333333332860e+01,1.271711409549820019e+04
6.129166666666666430e+01,1.288439306663096795e+04
6.131250000000000000e+01,1.615405846922451383e+04
6.133333333333332860e+01,1.615242702549587557e+04
6.135416666666666430e+01,1.271365743479549565e+04
6.137500000000000000e+01,1.271166269999437282e+04
6.139583333333332860e+01,1.581694461111744749e+04
6.141666666666666430e+01,1.615245169679274477e+04
6.143750000000000000e+01,1.271437957386509515e+04
6.145833333333332860e+01,1.271330025181743258e+04
6.147916666666666430e+01,1.615132613159100947e+04
6.150000000000000000e+01,1.607180065217839365e+04
6.152083333333332860e+01,1.271378526855662494e+04
6.154166666666666430e+01,1.271205966498596536e+04
6.156250000000000000e+01,1.614997472271195147e+04
6.158333333333332860e+01,1.536265197003119829e+04
6.160416666666666430e+01,1.272059601487443433e+04
6.162500000000000000e+01,1.333551705223959289e+04
6.164583333333332860e+01,1.615733200609068081e+04
6.166666666666666430e+01,1.507965913383530642e+04
6.168750000000000000e+01,1.271623384376309332e+04
6.170833333333332860e+01,1.368843021748069441e+04
6.172916666666666430e+01,1.615472233394707655e+04
6.175000000000000000e+01,1.529321159427408929e+04
6.177083333333332860e+01,1.283984012421834996e+04
6.179166666666666430e+01,1.372334926448434999e+04
6.181250000000000000e+01,1.609825898489914834e+04
6.183333333333332860e+01,1.529108658798390388e+04
6.185416666666666430e+01,1.271327851633261889e+04
6.187500000000000000e+01,1.345286803911303286e+04
6.189583333333332860e+01,1.593248860040767613e+04
6.191666666666666430e+01,1.529215936784936639e+04
6.193750000000000000e+01,1.271429851729904112e+04
6.195833333333332860e+01,1.357432773250576793e+04
6.197916666666666430e+01,1.615127634664749348e+04
6.200000000000000000e+01,1.522388177311071195e+04
6.202083333333332860e+01,1.271284740025916471e+04
6.204166666666666430e+01,1.357144310771671735e+04
6.206250000000000000e+01,1.614946606099675409e+04
6.208333333333332860e+01,1.529052239208406536e+04
6.210416666666666430e+01,1.271163525561821371e+04
6.212500000000000000e+01,1.356997492827805763e+04
6.214583333333332860e+01,1.614355350529969292e+04
6.216666666666666430e+01,1.516318068238822889e+04
6.218750000000000000e+01,1.271225969959074428e+04
6.220833333333332860e+01,1.333720162003341829e+04
6.222916666666666430e+01,1.606463762340153335e+04
6.225000000000000000e+01,1.529376280894175216e+04
6.227083333333332860e+01,1.271371288100869424e+04
6.229166666666666430e+01,1.357302171865439595e+04
6.231250000000000000e+01,1.615131962657521217e+04
6.233333333333332860e+01,1.529072728157017627e+04
6.235416666666666430e+01,1.271195872864737248e+04
6.237500000000000000e+01,1.372648114511841050e+04
6.239583333333332860e+01,1.593324925108217940e+04
6.241666666666666430e+01,1.529134694924632640e+04
6.243750000000000000e+01,1.271387073628270082e+04
6.245833333333332860e+01,1.357424642232168117e+04
6.247916666666666430e+01,1.615037631777839488e+04
6.250000000000000000e+01,1.528922975617758857e+04
6.252083333333332860e+01,1.271250832772057765e+04
6.254166666666666430e+01,1.357309270817770812e+04
6.256250000000000000e+01,1.597544453230663567e+04
6.258333333333332860e+01,1.528938405166281518e+04
6.260416666666666430e+01,1.271317776991146093e+04
6.262500000000000000e+01,1.370192888743517688e+04
6.264583333333332860e+01,1.615116504611284836e+04
6.266666666666666430e+01,1.526922435066543403e+04
6.268750000000000000e+01,1.271429976671243639e+04
6.270833333333332860e+01,1.356064484765899033e+04
6.272916666666666430e+01,1.574374195573729230e+04
6.275000000000000000e+01,1.528452573997745276e+04
6.277083333333332860e+01,1.323362638653087924e+04
6.279166666666666430e+01,1.357672766736033373e+04
6.281250000000000000e+01,1.529290551302574022e+04
6.283333333333332860e+01,1.529136620630635662e+04
6.285416666666666430e+01,1.357285764494756222e+04
6.287500000000000000e+01,1.357186519157287694e+04
6.289583333333332860e+01,1.529143760309681238e+04
6.291666666666666430e+01,1.529123388033324591e+04
6.293750000000000000e+01,1.357157575438506319e+04
6.295833333333332860e+01,1.357093588915853252e+04
6.297916666666666430e+01,1.529170704889758053e+04
6.300000000000000000e+01,1.529145498929919631e+04
6.302083333333332860e+01,1.354225517862641209e+04
6.304166666666666430e+01,1.373823484407042633e+04
6.306250000000000000e+01,1.530046095669976057e+04
6.308333333333332860e+01,1.579216949343999295e+04
6.310416666666666430e+01,1.357799487345036687e+04
6.312500000000000000e+01,1.271533979416397051e+04
6.314583333333332860e+01,1.529210218751650609e+04
6.316666666666666430e+01,1.606757666634417546e+04
6.318750000000000000e+01,1.357234303512389670e+04
6.320833333333332860e+01,1.271211185053849113e+04
6.322916666666666430e+01,1.529068114327239164e+04
6.325000000000000000e+01,1.595082339150671760e+04
6.327083333333332860e+01,1.357516370011240360e+04
6.329166666666666430e+01,1.271375496328930603e+04
6.331250000000000000e+01,1.529109233478107490e+04
6.333333333333332860e+01,1.589756207335083673e+04
6.335416666666666430e+01,1.353199398498331357e+04
6.337500000000000000e+01,1.273777361398086941e+04
6.339583333333332860e+01,1.529125251811360431e+04
6.341666666666666430e+01,1.615143764720365289e+04
6.343750000000000000e+01,1.357322550018608672e+04
6.345833333333332860e+01,1.290974241578462170e+04
6.347916666666666430e+01,1.529265326528079822e+04
6.350000000000000000e+01,1.607153048495929033e+04
6.352083333333332860e+01,1.324872022300888420e+04
6.354166666666666430e+01,1.271639080648176241e+04
6.356250000000000000e+01,1.565202071152010103e+04
6.358333333333332860e+01,1.615353317175787743e+04
6.360416666666666430e+01,1.291525199316008366e+04
6.362500000000000000e+01,1.271712289161255467e+04
6.364583333333332860e+01,1.615170828298524430e+04
6.366666666666666430e+01,1.580388400492230721e+04
6.368750000000000000e+01,1.272135949094464377e+04
6.370833333333332860e+01,1.271872433352106600e+04
6.372916666666666430e+01,1.615268838399190281e+04
6.375000000000000000e+01,1.602999762262662989e+04
6.377083333333332860e+01,1.271589874695093386e+04
6.379166666666666430e+01,1.290724385536198679e+04
6.381250000000000000e+01,1.588077437786724113e+04
6.383333333333332860e+01,1.604157520102247508e+04
6.385416666666666430e+01,1.271618294341906949e+04
6.387500000000000000e+01,1.271346663925995381e+04
6.389583333333332860e+01,1.615169646843542796e+04
6.391666666666666430e+01,1.573163246366394378e+04
6.393750000000000000e+01,1.271678865195708931e+04
6.395833333333332860e+01,1.271381132243158208e+04
6.397916666666666430e+01,1.605982924646903848e+04
6.400000000000000000e+01,1.585162919624441929e+04
6.402083333333332860e+01,1.271710245212546943e+04
6.404166666666665719e+01,1.291115199467437924e+04
6.406250000000000000e+01,1.615563843561428803e+04
6.408333333333332860e+01,1.593189513193062885e+04
6.410416666666665719e+01,1.271876472440665020e+04
6.412500000000000000e+01,1.271509431574221526e+04
6.414583333333332860e+01,1.603754012618630441e+04
6.416666666666665719e+01,1.594815960605274086e+04
6.418750000000000000e+01,1.271645833182497881e+04
6.420833333333332860e+01,1.273470810538340447e+04
6.422916666666665719e+01,1.615316589363256207e+04
6.425000000000000000e+01,1.583186247463137988e+04
6.427083333333332860e+01,1.271628573854888964e+04
6.429166666666665719e+01,1.275988992062963371e+04
6.431250000000000000e+01,1.615096738010462650e+04
6.433333333333332860e+01,1.614939658147492810e+04
6.435416666666665719e+01,1.271379255374047352e+04
6.437500000000000000e+01,1.271363818521754365e+04
6.439583333333332860e+01,1.614896112897652347e+04
6.441666666666665719e+01,1.614820235069809496e+04
6.443750000000000000e+01,1.271392318272722332e+04
6.445833333333332860e+01,1.271382158139005332e+04
6.447916666666665719e+01,1.603097784470860643e+04
6.450000000000000000e+01,1.567996564959543321e+04
6.452083333333332860e+01,1.272007402123455540e+04
6.454166666666665719e+01,1.283271244411270163e+04
6.456250000000000000e+01,1.608491450425607036e+04
6.458333333333332860e+01,1.580272923126611931e+04
6.460416666666665719e+01,1.271659107170414427e+04
6.462500000000000000e+01,1.298364534721184464e+04
6.464583333333332860e+01,1.615363028589531677e+04
6.466666666666665719e+01,1.561163383317494299e+04
6.468750000000000000e+01,1.271691482189995804e+04
6.470833333333332860e+01,1.295112361732370846e+04
6.472916666666665719e+01,1.615452476096675673e+04
6.475000000000000000e+01,1.592912436855382475e+04
6.477083333333332860e+01,1.271549000926948065e+04
6.479166666666665719e+01,1.271301822909627299e+04
6.481250000000000000e+01,1.615121274680275747e+04
6.483333333333332860e+01,1.582889797743823874e+04
6.485416666666665719e+01,1.271733566608163164e+04
6.487500000000000000e+01,1.271358809679641490e+04
6.489583333333332860e+01,1.615175346483062458e+04
6.491666666666665719e+01,1.556495567276294969e+04
6.493750000000000000e+01,1.271648110624670517e+04
6.495833333333332860e+01,1.292680625338323807e+04
6.497916666666665719e+01,1.615532362769975589e+04
6.500000000000000000e+01,1.615344815161204315e+04
6.502083333333332860e+01,1.271403498169637896e+04
6.504166666666665719e+01,1.271187520405518080e+04
6.506250000000000000e+01,1.607226756979743368e+04
6.508333333333332860e+01,1.586639137926233889e+04
6.510416666666665719e+01,1.271483252314247147e+04
6.512500000000000000e+01,1.290640370547293787e+04
6.514583333333332860e+01,1.615260162340280658e+04
6.516666666666665719e+01,1.615116426876457990e+04
6.518750000000000000e+01,1.271310887705536879e+04
6.520833333333332860e+01,1.271104446750866191e+04
6.522916666666665719e+01,1.574470966893928926e+04
6.525000000000000000e+01,1.602661930659698555e+04
6.527083333333332860e+01,1.271478182192780514e+04
6.529166666666665719e+01,1.271279834030144775e+04
6.531250000000000000e+01,1.615154987761406301e+04
6.533333333333332860e+01,1.615118430235915730e+04
6.535416666666665719e+01,1.271203352844603432e+04
6.537500000000000000e+01,1.271005558242142797e+04
6.539583333333332860e+01,1.590021977327805143e+04
6.541666666666665719e+01,1.577579150084432331e+04
6.543750000000000000e+01,1.271961516206887973e+04
6.545833333333332860e+01,1.275230255676577144e+04
6.547916666666665719e+01,1.608904180919694409e+04
6.550000000000000000e+01,1.584392800289029765e+04
6.552083333333332860e+01,1.271615753911110005e+04
6.554166666666665719e+01,1.305868889079835208e+04
6.556250000000000000e+01,1.615665773210138650e+04
6.558333333333332860e+01,1.591000507557020683e+04
6.560416666666665719e+01,1.271635965317105729e+04
6.562500000000000000e+01,1.271336171583350733e+04
6.564583333333332860e+01,1.615192376636140398e+04
6.566666666666665719e+01,1.603195110598349129e+04
6.568750000000000000e+01,1.271305157043580766e+04
6.570833333333332860e+01,1.271070567161134022e+04
6.572916666666665719e+01,1.614988827570930152e+04
6.575000000000000000e+01,1.563873711399846070e+04
6.577083333333332860e+01,1.271583262114605168e+04
6.579166666666665719e+01,1.309058047867005735e+04
6.581250000000000000e+01,1.615439101178180135e+04
6.583333333333332860e+01,1.536129525737984659e+04
6.585416666666665719e+01,1.271786510108270159e+04
6.587500000000000000e+01,1.357400108849424578e+04
6.589583333333332860e+01,1.615175738739945882e+04
6.591666666666665719e+01,1.514220370334718609e+04
6.593750000000000000e+01,1.271404556847237473e+04
6.595833333333332860e+01,1.357216088901032708e+04
6.597916666666665719e+01,1.595213127607129354e+04
6.600000000000000000e+01,1.529306638117568582e+04
6.602083333333332860e+01,1.271377345615204104e+04
6.604166666666665719e+01,1.385106744833144694e+04
6.606250000000000000e+01,1.615135646695946343e+04
6.608333333333332860e+01,1.525004746903652631e+04
6.610416666666665719e+01,1.271367718123771192e+04
6.612500000000000000e+01,1.357258215838045726e+04
6.614583333333332860e+01,1.580364277128234244e+04
6.616666666666665719e+01,1.529171247962564667e+04
6.618750000000000000e+01,1.286289247285581587e+04
6.620833333333332860e+01,1.357410247304259610e+04
6.622916666666665719e+01,1.615076909498442910e+04
6.625000000000000000e+01,1.529028681378935289e+04
6.627083333333332860e+01,1.271139841824978794e+04
6.629166666666665719e+01,1.344255292112159441e+04
6.631250000000000000e+01,1.590230517883430730e+04
6.633333333333332860e+01,1.526977753387147823e+04
6.635416666666665719e+01,1.283119366302196067e+04
6.637500000000000000e+01,1.358115091694053262e+04
6.639583333333332860e+01,1.615207669110155985e+04
6.641666666666665719e+01,1.525811201164686281e+04
6.643750000000000000e+01,1.271182770825157422e+04
6.645833333333332860e+01,1.360185316367104679e+04
6.647916666666665719e+01,1.582937134692090694e+04
6.650000000000000000e+01,1.529383769694895454e+04
6.652083333333332860e+01,1.284900295412416745e+04
6.654166666666665719e+01,1.357361075173837889e+04
6.656250000000000000e+01,1.615242817601784554e+04
6.658333333333332860e+01,1.529242474599751586e+04
6.660416666666665719e+01,1.271198331224068534e+04
6.662500000000000000e+01,1.357090788374035765e+04
6.664583333333332860e+01,1.574281815955692218e+04
6.666666666666665719e+01,1.529314123750770159e+04
6.668750000000000000e+01,1.313152832849453989e+04
6.670833333333332860e+01,1.357502931383177201e+04
6.672916666666665719e+01,1.531895369794725411e+04
6.675000000000000000e+01,1.549013830491290355e+04
6.677083333333332860e+01,1.375821374753702185e+04
6.679166666666665719e+01,1.380460174710660431e+04
6.681250000000000000e+01,1.529754113359984331e+04
6.683333333333332860e+01,1.529420511365415587e+04
6.685416666666665719e+01,1.357629103183884581e+04
6.687500000000000000e+01,1.338007477134248256e+04
6.689583333333332860e+01,1.529268996083180537e+04
6.691666666666665719e+01,1.529044783811560774e+04
6.693750000000000000e+01,1.357377472333908372e+04
6.695833333333332860e+01,1.357345978864084827e+04
6.697916666666665719e+01,1.528911108109891575e+04
6.700000000000000000e+01,1.528680321421865301e+04
6.702083333333332860e+01,1.378291611483353336e+04
6.704166666666665719e+01,1.326881747002446355e+04
6.706250000000000000e+01,1.529332720391891780e+04
6.708333333333332860e+01,1.549099522829254784e+04
6.710416666666665719e+01,1.357793703302756330e+04
6.712500000000000000e+01,1.357882719632807130e+04
6.714583333333332860e+01,1.529329210171452723e+04
6.716666666666665719e+01,1.529007387255355206e+04
6.718750000000000000e+01,1.353217778425893266e+04
6.720833333333332860e+01,1.336879354711292763e+04
6.722916666666665719e+01,1.529557653378016039e+04
6.725000000000000000e+01,1.565628177432742450e+04
6.727083333333332860e+01,1.357750816493442107e+04
6.729166666666665719e+01,1.318714219319693075e+04
6.731250000000000000e+01,1.529534363924772697e+04
6.733333333333332860e+01,1.608576439109139028e+04
6.735416666666665719e+01,1.357547595667132555e+04
6.737500000000000000e+01,1.271453359245672254e+04
6.739583333333332860e+01,1.529081272051012274e+04
6.741666666666665719e+01,1.580997497498708981e+04
6.743750000000000000e+01,1.334526133970742740e+04
6.745833333333332860e+01,1.273885210535691294e+04
6.747916666666665719e+01,1.529361257612572808e+04
6.750000000000000000e+01,1.615279117021931961e+04
6.752083333333332860e+01,1.357340898064626890e+04
6.754166666666665719e+01,1.274040249006156228e+04
6.756250000000000000e+01,1.529103526708287609e+04
6.758333333333332860e+01,1.614962167992068498e+04
6.760416666666665719e+01,1.357155730598246009e+04
6.762500000000000000e+01,1.283342348953148394e+04
6.764583333333332860e+01,1.529025024035186652e+04
6.766666666666665719e+01,1.611775362923342254e+04
6.768750000000000000e+01,1.315005144947125518e+04
6.770833333333332860e+01,1.271521647482712069e+04
6.772916666666665719e+01,1.576551482079406924e+04
6.775000000000000000e+01,1.613461853729738141e+04
6.777083333333332860e+01,1.271495799283529414e+04
6.779166666666665719e+01,1.271336269575115512e+04
6.781250000000000000e+01,1.613863590928378835e+04
6.783333333333332860e+01,1.555033251171023949e+04
6.785416666666665719e+01,1.271810963927678677e+04
6.787500000000000000e+01,1.328110870801244528e+04
6.789583333333332860e+01,1.615364207547695696e+04
6.791666666666665719e+01,1.529158527200201934e+04
6.793750000000000000e+01,1.271339245833589666e+04
6.795833333333332860e+01,1.357339736057357004e+04
6.797916666666665719e+01,1.614980151131712773e+04
6.800000000000000000e+01,1.528834219047010993e+04
6.802083333333332860e+01,1.271106058682225921e+04
6.804166666666665719e+01,1.347722517159865674e+04
6.806250000000000000e+01,1.597779356615565484e+04
6.808333333333332860e+01,1.529142581277118370e+04
6.810416666666665719e+01,1.271486795424786760e+04
6.812500000000000000e+01,1.373129558577994612e+04
6.814583333333332860e+01,1.615347501124582413e+04
6.816666666666665719e+01,1.529199392368626650e+04
6.818750000000000000e+01,1.271565015012909498e+04
6.820833333333332860e+01,1.357501747288972183e+04
6.822916666666665719e+01,1.615063067350537312e+04
6.825000000000000000e+01,1.529111597836903820e+04
6.827083333333332860e+01,1.271380831549502182e+04
6.829166666666665719e+01,1.360462923172836963e+04
6.831250000000000000e+01,1.603235422496711544e+04
6.833333333333332860e+01,1.506979147363987795e+04
6.835416666666665719e+01,1.271631238824734828e+04
6.837500000000000000e+01,1.365388801663149934e+04
6.839583333333332860e+01,1.614041290602272784e+04
6.841666666666665719e+01,1.529401753199435188e+04
6.843750000000000000e+01,1.271397746319651924e+04
6.845833333333332860e+01,1.322853159277976738e+04
6.847916666666665719e+01,1.615322644270330784e+04
6.850000000000000000e+01,1.529219878589461587e+04
6.852083333333332860e+01,1.271318639455570519e+04
6.854166666666665719e+01,1.357261518433988022e+04
6.856250000000000000e+01,1.614987056936250883e+04
6.858333333333332860e+01,1.528930023308405725e+04
6.860416666666665719e+01,1.271169642029212991e+04
6.862500000000000000e+01,1.381923563948482843e+04
6.864583333333332860e+01,1.600984547424838092e+04
6.866666666666665719e+01,1.527955652982855099e+04
6.868750000000000000e+01,1.271420790366025176e+04
6.870833333333332860e+01,1.357420051521106507e+04
6.872916666666665719e+01,1.615102320238096218e+04
6.875000000000000000e+01,1.501910883754091628e+04
6.877083333333332860e+01,1.271276682470405649e+04
6.879166666666665719e+01,1.350760748028075977e+04
6.881250000000000000e+01,1.602675684992079550e+04
6.883333333333332860e+01,1.529266457135172823e+04
6.885416666666665719e+01,1.271391037206716646e+04
6.887500000000000000e+01,1.357450730295783069e+04
6.889583333333332860e+01,1.615170017151879074e+04
6.891666666666665719e+01,1.529034169701837163e+04
6.893750000000000000e+01,1.271221695655095027e+04
6.895833333333332860e+01,1.357220525422261562e+04
6.897916666666665719e+01,1.614922303389403532e+04
6.900000000000000000e+01,1.528871615529281917e+04
6.902083333333332860e+01,1.271132039456046550e+04
6.904166666666665719e+01,1.357148529873522421e+04
6.906250000000000000e+01,1.584832415648076858e+04
6.908333333333332860e+01,1.577181493220491029e+04
6.910416666666665719e+01,1.363696375861788329e+04
6.912500000000000000e+01,1.463212710633218740e+04
6.914583333333332860e+01,1.715628763233684003e+04
6.916666666666665719e+01,1.632727866228544008e+04
6.918750000000000000e+01,1.375102361597008712e+04
6.920833333333332860e+01,1.459149904981057625e+04
6.922916666666665719e+01,1.675481761323772298e+04
6.925000000000000000e+01,1.624058576747539701e+04
6.927083333333332860e+01,1.394273126330742889e+04
6.929166666666665719e+01,1.454799658414314399e+04
6.931250000000000000e+01,1.654742329075706220e+04
6.933333333333332860e+01,1.607531915631772790e+04
6.935416666666665719e+01,1.394723049725585224e+04
6.937500000000000000e+01,1.427628561930909927e+04
6.939583333333332860e+01,1.595664392447393402e+04
6.941666666666665719e+01,1.592006061054576639e+04
6.943750000000000000e+01,1.416669542757726231e+04
6.945833333333332860e+01,1.413355276311160924e+04
6.947916666666665719e+01,1.582384662571016815e+04
6.950000000000000000e+01,1.579521000447668848e+04
6.952083333333332860e+01,1.404860311718308367e+04
6.954166666666665719e+01,1.460206311559259484e+04
6.956250000000000000e+01,1.572501924292893455e+04
6.958333333333332860e+01,1.555175264035190412e+04
6.960416666666665719e+01,1.395953532693679153e+04
6.962500000000000000e+01,1.393735150671774682e+04
6.964583333333332860e+01,1.563625075133510472e+04
6.966666666666665719e+01,1.561627443838665204e+04
6.968750000000000000e+01,1.378255552927141980e+04
6.970833333333332860e+01,1.387158184810113744e+04
6.972916666666665719e+01,1.557179973459305620e+04
6.975000000000000000e+01,1.555596360221502619e+04
6.977083333333332860e+01,1.382659602788590928e+04
6.979166666666665719e+01,1.381353035314048611e+04
6.981250000000000000e+01,1.551750968037608618e+04
6.983333333333332860e+01,1.550443994166549237e+04
6.985416666666665719e+01,1.386475111630249376e+04
6.987500000000000000e+01,1.405233950643258140e+04
6.989583333333332860e+01,1.547859794826458528e+04
6.991666666666665719e+01,1.531056807261588256e+04
6.993750000000000000e+01,1.374548249273292822e+04
6.995833333333332860e+01,1.349894894429986016e+04
6.997916666666665719e+01,1.544655316448930535e+04
7.000000000000000000e+01,1.543723464371853697e+04
7.002083333333332860e+01,1.371444840790193120e+04
7.004166666666665719e+01,1.400376213587104940e+04
7.006250000000000000e+01,1.542081552005816411e+04
7.008333333333332860e+01,1.536707243681948239e+04
7.010416666666665719e+01,1.369228769027320959e+04
7.012500000000000000e+01,1.399198938798224845e+04
7.014583333333332860e+01,1.540517852789818062e+04
7.016666666666665719e+01,1.539747284507302902e+04
7.018750000000000000e+01,1.367428987830585538e+04
7.020833333333332860e+01,1.326128992357258903e+04
7.022916666666665719e+01,1.538627763658396361e+04
7.025000000000000000e+01,1.585231957193865310e+04
7.027083333333332860e+01,1.366229579791457218e+04
7.029166666666665719e+01,1.279772773178502393e+04
7.031250000000000000e+01,1.536555464950274109e+04
7.033333333333332860e+01,1.605933631319178312e+04
7.035416666666665719e+01,1.363648681058130751e+04
7.037500000000000000e+01,1.277193567046254611e+04
7.039583333333332860e+01,1.485010541400945294e+04
7.041666666666665719e+01,1.538952197679364690e+04
7.043750000000000000e+01,1.261999839457472626e+04
7.045833333333332860e+01,1.268016882511210497e+04
7.047916666666665719e+01,1.512601349584129639e+04
7.050000000000000000e+01,1.520760508336772182e+04
7.052083333333332860e+01,1.276834018433514575e+04
7.054166666666665719e+01,1.208270583183196322e+04
7.056250000000000000e+01,1.481151488899618198e+04
7.058333333333332860e+01,1.558286816233946956e+04
7.060416666666665719e+01,1.287098254545615418e+04
7.062500000000000000e+01,1.255411647031829489e+04
7.064583333333332860e+01,1.521004642573618185e+04
7.066666666666665719e+01,1.611846092221179060e+04
7.068750000000000000e+01,1.277837160297882292e+04
7.070833333333332860e+01,1.278835543193285048e+04
7.072916666666665719e+01,1.523992289318601252e+04
7.075000000000000000e+01,1.599078719500129591e+04
7.077083333333332860e+01,1.372612833189835146e+04
7.079166666666665719e+01,1.288828940401675573e+04
7.081250000000000000e+01,1.523236752476225229e+04
7.083333333333332860e+01,1.508529792490404361e+04
7.085416666666665719e+01,1.380367680933106385e+04
7.087500000000000000e+01,1.468228568625487242e+04
7.089583333333332860e+01,1.490919255869524932e+04
7.091666666666665719e+01,1.469299952168866002e+04
7.093750000000000000e+01,1.470460333703893048e+04
7.095833333333332860e+01,1.461804497074116807e+04
7.097916666666665719e+01,1.467447920545079978e+04
7.100000000000000000e+01,1.510971686075643447e+04
7.102083333333332860e+01,1.466453157704158730e+04
7.104166666666665719e+01,1.464570525433962757e+04
7.106250000000000000e+01,1.460185452993342915e+04
7.108333333333332860e+01,1.513044979284868168e+04
7.110416666666665719e+01,1.454379261660612974e+04
7.112500000000000000e+01,1.365085852235753919e+04
7.114583333333332860e+01,1.468246027030642654e+04
7.116666666666665719e+01,1.491215820904328939e+04
7.118750000000000000e+01,1.443590398841406932e+04
7.120833333333332860e+01,1.390983180671488299e+04
7.122916666666665719e+01,1.459676931883765428e+04
7.125000000000000000e+01,1.522714920903383245e+04
7.127083333333332860e+01,1.436604199049137969e+04
7.129166666666665719e+01,1.387990853975282880e+04
7.131250000000000000e+01,1.441074780615012060e+04
7.133333333333332860e+01,1.531009405044517553e+04
7.135416666666665719e+01,1.434126912109342084e+04
7.137500000000000000e+01,1.348056044127315545e+04
7.139583333333332860e+01,1.471772000467386533e+04
7.141666666666665719e+01,1.520391024102402662e+04
7.143750000000000000e+01,1.428093984774585988e+04
7.145833333333332860e+01,1.329503688245539888e+04
7.147916666666665719e+01,1.436439469068109611e+04
7.150000000000000000e+01,1.522838751836367373e+04
7.152083333333332860e+01,1.437030063447097564e+04
7.154166666666665719e+01,1.351833377754443791e+04
7.156250000000000000e+01,1.438306510615991647e+04
7.158333333333332860e+01,1.561120443976835668e+04
7.160416666666665719e+01,1.438780710572886528e+04
7.162500000000000000e+01,1.317858539066896628e+04
7.164583333333332860e+01,1.464116584526070437e+04
7.166666666666665719e+01,1.558257945390456734e+04
7.168750000000000000e+01,1.438477611742925001e+04
7.170833333333332860e+01,1.333269827886020357e+04
7.172916666666665719e+01,1.436911047219769898e+04
7.175000000000000000e+01,1.384369891174631630e+04
7.177083333333332860e+01,1.268042260796356641e+04
7.179166666666665719e+01,1.263961408861411110e+04
7.181250000000000000e+01,1.385691401234312070e+04
7.183333333333332860e+01,1.421389687022705766e+04
7.185416666666665719e+01,1.265658014393833946e+04
7.187500000000000000e+01,1.299669879762336859e+04
7.189583333333332860e+01,1.460104330848018435e+04
7.191666666666665719e+01,1.470753137583996067e+04
7.193750000000000000e+01,1.308254883149686793e+04
7.195833333333332860e+01,1.397821384299318379e+04
7.197916666666665719e+01,1.493930606076927506e+04
7.200000000000000000e+01,1.419138864138939607e+04
7.202083333333332860e+01,1.389920971636284230e+04
7.204166666666665719e+01,1.423213842496096186e+04
7.206250000000000000e+01,1.555643659219367328e+04
7.208333333333332860e+01,1.468822974973296732e+04
7.210416666666665719e+01,1.346414862333247220e+04
7.212500000000000000e+01,1.352473759031727604e+04
7.214583333333332860e+01,1.523717619761668902e+04
7.216666666666665719e+01,1.580751602153482963e+04
7.218750000000000000e+01,1.375439805252756560e+04
7.220833333333332860e+01,1.366602297104271565e+04
7.222916666666665719e+01,1.532375302907012519e+04
7.225000000000000000e+01,1.604423587169325037e+04
7.227083333333332860e+01,1.361571053927066532e+04
7.229166666666665719e+01,1.277053415802085146e+04
7.231250000000000000e+01,1.534448049699282637e+04
7.233333333333332860e+01,1.594168881328209318e+04
7.235416666666665719e+01,1.358422361692324921e+04
7.237500000000000000e+01,1.272820836592679916e+04
7.239583333333332860e+01,1.529538587042396102e+04
7.241666666666665719e+01,1.586421372587822771e+04
7.243750000000000000e+01,1.332221761822185363e+04
7.245833333333332860e+01,1.264879265877292710e+04
7.247916666666665719e+01,1.520903776668835053e+04
7.250000000000000000e+01,1.604195556849296554e+04
7.252083333333332860e+01,1.332590212168057769e+04
7.254166666666665719e+01,1.259023017700117998e+04
7.256250000000000000e+01,1.516200635522003358e+04
7.258333333333332860e+01,1.536016529335081214e+04
7.260416666666665719e+01,1.342202983244844290e+04
7.262500000000000000e+01,1.278016855717146245e+04
7.264583333333332860e+01,1.514011771047957882e+04
7.266666666666665719e+01,1.593394117942731827e+04
7.268750000000000000e+01,1.292696838888794809e+04
7.270833333333332860e+01,1.266666506224215118e+04
7.272916666666665719e+01,1.564395306021929355e+04
7.275000000000000000e+01,1.601680178039029124e+04
7.277083333333332860e+01,1.258384979852151446e+04
7.279166666666665719e+01,1.258750847619253182e+04
7.281250000000000000e+01,1.603090994990507534e+04
7.283333333333332860e+01,1.584619559415647745e+04
7.285416666666665719e+01,1.260540854084462262e+04
7.287500000000000000e+01,1.260685139092628015e+04
7.289583333333332860e+01,1.574657664008788925e+04
7.291666666666665719e+01,1.570791381846875083e+04
7.293750000000000000e+01,1.262438181838237870e+04
7.295833333333332860e+01,1.293607814821316788e+04
7.297916666666665719e+01,1.607263815561100637e+04
7.300000000000000000e+01,1.570152164075132168e+04
7.302083333333332860e+01,1.264033352317566823e+04
7.304166666666665719e+01,1.286318907150223095e+04
7.306250000000000000e+01,1.656642322441227589e+04
7.308333333333332860e+01,1.667544409962323698e+04
7.310416666666665719e+01,1.357684145183650253e+04
7.312500000000000000e+01,1.365796414960296170e+04
7.314583333333332860e+01,1.713013193527563271e+04
7.316666666666665719e+01,1.702152194309698461e+04
7.318750000000000000e+01,1.368478506790504616e+04
7.320833333333332860e+01,1.365445637128896487e+04
7.322916666666665719e+01,1.680689874716831400e+04
7.325000000000000000e+01,1.669106363474285536e+04
7.327083333333332860e+01,1.354367852398768082e+04
7.329166666666665719e+01,1.359179161145311082e+04
7.331250000000000000e+01,1.689810538376072145e+04
7.333333333333332860e+01,1.675681990332855639e+04
7.335416666666665719e+01,1.338178735079935359e+04
7.337500000000000000e+01,1.334181494964840022e+04
7.339583333333332860e+01,1.674387231617311045e+04
7.341666666666665719e+01,1.646607515808399694e+04
7.343750000000000000e+01,1.324217089899569328e+04
7.345833333333332860e+01,1.321045311576834138e+04
7.347916666666665719e+01,1.661967733493787819e+04
7.350000000000000000e+01,1.616189493489694360e+04
7.352083333333332860e+01,1.313079628078132737e+04
7.354166666666665719e+01,1.362377247088597142e+04
7.356250000000000000e+01,1.652039823185751084e+04
7.358333333333332860e+01,1.547184139854424575e+04
7.360416666666665719e+01,1.304371132948209561e+04
7.362500000000000000e+01,1.419008668278902041e+04
7.364583333333332860e+01,1.644234482460360596e+04
7.366666666666665719e+01,1.539029995861050338e+04
7.368750000000000000e+01,1.297490376018019379e+04
7.370833333333332860e+01,1.381818452737655025e+04
7.372916666666665719e+01,1.636319273443689963e+04
7.375000000000000000e+01,1.550405442185005450e+04
7.377083333333332860e+01,1.291489532661263729e+04
7.379166666666665719e+01,1.378232278225955451e+04
7.381250000000000000e+01,1.632171880266611333e+04
7.383333333333332860e+01,1.546181082184493062e+04
7.385416666666665719e+01,1.287411526128540208e+04
7.387500000000000000e+01,1.372524992203251168e+04
7.389583333333332860e+01,1.629239147163937741e+04
7.391666666666665719e+01,1.527991600497886611e+04
7.393750000000000000e+01,1.283881127348926748e+04
7.395833333333332860e+01,1.353499094187563969e+04
7.397916666666665719e+01,1.616795849686009024e+04
7.400000000000000000e+01,1.509290355925322729e+04
7.402083333333332860e+01,1.281308236474397563e+04
7.404166666666665719e+01,1.384309639405779308e+04
7.406250000000000000e+01,1.624236490199490800e+04
7.408333333333332860e+01,1.537505112191340959e+04
7.410416666666665719e+01,1.278970525602539419e+04
7.412500000000000000e+01,1.364417912164451263e+04
7.414583333333332860e+01,1.621889650917476320e+04
7.416666666666665719e+01,1.535498879408779976e+04
7.418750000000000000e+01,1.277086469776999365e+04
7.420833333333332860e+01,1.362617695564411042e+04
7.422916666666665719e+01,1.600395086474511481e+04
7.425000000000000000e+01,1.515857522688426616e+04
7.427083333333332860e+01,1.276116572035046556e+04
7.429166666666665719e+01,1.361761415314589249e+04
7.431250000000000000e+01,1.619484257553230782e+04
7.433333333333332860e+01,1.533284182330555268e+04
7.435416666666665719e+01,1.275084331974947781e+04
7.437500000000000000e+01,1.392013558654749431e+04
7.439583333333332860e+01,1.618466464474423992e+04
7.441666666666665719e+01,1.517572980417640429e+04
7.443750000000000000e+01,1.274306401076957991e+04
7.445833333333332860e+01,1.353829742515222460e+04
7.447916666666665719e+01,1.582157412253522125e+04
7.450000000000000000e+01,1.531618955653707962e+04
7.452083333333332860e+01,1.315252407731777203e+04
7.454166666666665719e+01,1.371265428937306933e+04
7.456250000000000000e+01,1.531278771023960144e+04
7.458333333333332860e+01,1.555168653534907571e+04
7.460416666666665719e+01,1.359376015709489729e+04
7.462500000000000000e+01,1.364806561889810473e+04
7.464583333333332860e+01,1.530991984081702685e+04
7.466666666666665719e+01,1.530679954791012642e+04
7.468750000000000000e+01,1.358982573659325499e+04
7.470833333333332860e+01,1.378424289109523306e+04
7.472916666666665719e+01,1.530722502415456620e+04
7.475000000000000000e+01,1.530263967138954831e+04
7.477083333333332860e+01,1.336236620119820509e+04
7.479166666666665719e+01,1.367081429449468123e+04
7.481250000000000000e+01,1.530309364980378814e+04
7.483333333333332860e+01,1.530019793375012159e+04
7.485416666666665719e+01,1.358428434763009136e+04
7.487500000000000000e+01,1.358355961767323970e+04
7.489583333333332860e+01,1.529819955068711351e+04
7.491666666666665719e+01,1.529548516718137398e+04
7.493750000000000000e+01,1.357915080964459048e+04
7.495833333333332860e+01,1.359110010898283144e+04
7.497916666666665719e+01,1.529832917206205093e+04
7.500000000000000000e+01,1.529619383330567871e+04
7.502083333333332860e+01,1.357953060058968185e+04
7.504166666666665719e+01,1.381333411516029446e+04
7.506250000000000000e+01,1.530022876114728933e+04
7.508333333333332860e+01,1.529703459232095702e+04
7.510416666666665719e+01,1.357789268539606564e+04
7.512500000000000000e+01,1.357663288732030924e+04
7.514583333333332860e+01,1.529424597830127459e+04
7.516666666666665719e+01,1.529257694873002765e+04
7.518750000000000000e+01,1.343493476995570381e+04
7.520833333333332860e+01,1.364587280930423367e+04
7.522916666666665719e+01,1.529671288792433188e+04
7.525000000000000000e+01,1.530293490998072230e+04
7.527083333333332860e+01,1.357652649962422583e+04
7.529166666666665719e+01,1.357502995753339928e+04
7.531250000000000000e+01,1.529329902863137613e+04
7.533333333333332860e+01,1.529255275898426407e+04
7.535416666666665719e+01,1.357322536892511926e+04
7.537500000000000000e+01,1.357233880238505299e+04
7.539583333333332860e+01,1.529221119877907404e+04
7.541666666666665719e+01,1.529172583788050542e+04
7.543750000000000000e+01,1.379844903111354142e+04
7.545833333333332860e+01,1.378470733496316461e+04
7.547916666666665719e+01,1.529641607910846142e+04
7.550000000000000000e+01,1.529431856364888154e+04
7.552083333333332860e+01,1.357581442980493375e+04
7.554166666666665719e+01,1.319445924441808529e+04
7.556250000000000000e+01,1.529394002636254299e+04
7.558333333333332860e+01,1.553295673332322258e+04
7.560416666666665719e+01,1.357635106387359338e+04
7.562500000000000000e+01,1.366237027992252115e+04
7.564583333333332860e+01,1.529742451224547403e+04
7.566666666666665719e+01,1.529452331209516706e+04
7.568750000000000000e+01,1.357698427162481676e+04
7.570833333333332860e+01,1.357567645720347355e+04
7.572916666666665719e+01,1.529198048165908767e+04
7.575000000000000000e+01,1.529026844935282861e+04
7.577083333333332860e+01,1.357294114624663416e+04
7.579166666666665719e+01,1.353431256560656038e+04
7.581250000000000000e+01,1.529340510140482729e+04
7.583333333333332860e+01,1.529080470764770507e+04
7.585416666666665719e+01,1.357379408375454659e+04
7.587500000000000000e+01,1.391454581038824108e+04
7.589583333333332860e+01,1.529240080506155573e+04
7.591666666666665719e+01,1.493488086576994829e+04
7.593750000000000000e+01,1.357638353077651846e+04
7.595833333333332860e+01,1.391853623306717054e+04
7.597916666666665719e+01,1.529551075872701040e+04
7.600000000000000000e+01,1.470377380604759674e+04
7.602083333333332860e+01,1.357788001113021528e+04
7.604166666666665719e+01,1.449565962903963373e+04
7.606250000000000000e+01,1.529324593204307530e+04
7.608333333333332860e+01,1.443185645126018790e+04
7.610416666666665719e+01,1.381121346546031782e+04
7.612500000000000000e+01,1.443396548741208244e+04
7.614583333333332860e+01,1.529065831660016920e+04
7.616666666666665719e+01,1.443062395585831109e+04
7.618750000000000000e+01,1.357245986813592390e+04
7.620833333333332860e+01,1.443157766546570565e+04
7.622916666666665719e+01,1.528909830747147498e+04
7.625000000000000000e+01,1.442963020865958242e+04
7.627083333333332860e+01,1.378268627722610836e+04
7.629166666666665719e+01,1.443236228943870810e+04
7.631250000000000000e+01,1.528999541263381980e+04
7.633333333333332860e+01,1.443105761621916463e+04
7.635416666666665719e+01,1.357240880735587780e+04
7.637500000000000000e+01,1.443053709048365999e+04
7.639583333333332860e+01,1.528886641884216442e+04
7.641666666666665719e+01,1.443578080998997393e+04
7.643750000000000000e+01,1.397762488447436044e+04
7.645833333333332860e+01,1.443179509432733539e+04
7.647916666666665719e+01,1.490614787041488671e+04
7.650000000000000000e+01,1.472423680489138133e+04
7.652083333333332860e+01,1.421274116246170161e+04
7.654166666666665719e+01,1.443521586560130527e+04
7.656250000000000000e+01,1.443613524157392021e+04
7.658333333333332860e+01,1.443491341976620970e+04
7.660416666666665719e+01,1.443248993416968733e+04
7.662500000000000000e+01,1.443046145574504772e+04
7.664583333333332860e+01,1.455875251633114749e+04
7.666666666666665719e+01,1.427732413802756128e+04
7.668750000000000000e+01,1.444010144910597955e+04
7.670833333333332860e+01,1.449984258708532070e+04
7.672916666666665719e+01,1.443828245376385166e+04
7.675000000000000000e+01,1.443545452247189678e+04
7.677083333333332860e+01,1.443368297597837591e+04
7.679166666666665719e+01,1.443171200370724910e+04
7.681250000000000000e+01,1.443147522468114403e+04
7.683333333333332860e+01,1.478991405554057201e+04
7.685416666666665719e+01,1.443288969671232189e+04
7.687500000000000000e+01,1.417565578382596141e+04
7.689583333333332860e+01,1.443380843492458735e+04
7.691666666666665719e+01,1.484521088411837991e+04
7.693750000000000000e+01,1.443464998390418987e+04
7.695833333333332860e+01,1.443240201016194987e+04
7.697916666666665719e+01,1.443263344642071752e+04
7.700000000000000000e+01,1.443566699300398977e+04
7.702083333333332860e+01,1.443074901743432565e+04
7.704166666666665719e+01,1.442929370985830610e+04
7.706250000000000000e+01,1.475433217404114839e+04
7.708333333333332860e+01,1.443341503531501075e+04
7.710416666666665719e+01,1.443238634783990346e+04
7.712500000000000000e+01,1.491312890420727126e+04
7.714583333333332860e+01,1.519778125038636063e+04
7.716666666666665719e+01,1.545722878442331785e+04
7.718750000000000000e+01,1.543814524252944830e+04
7.720833333333332860e+01,1.546729777488414402e+04
7.722916666666665719e+01,1.546919944625084099e+04
7.725000000000000000e+01,1.533708834131006734e+04
7.727083333333332860e+01,1.542360781574118300e+04
7.729166666666665719e+01,1.538160288277915242e+04
7.731250000000000000e+01,1.534248112270508500e+04
7.733333333333332860e+01,1.569660792209882493e+04
7.735416666666665719e+01,1.525552554557998883e+04
7.737500000000000000e+01,1.483485780545361195e+04
7.739583333333332860e+01,1.525756092843572333e+04
7.741666666666665719e+01,1.624033982369880323e+04
7.743750000000000000e+01,1.480786777296062428e+04
7.745833333333332860e+01,1.390960862290380464e+04
7.747916666666665719e+01,1.528370315145271161e+04
7.750000000000000000e+01,1.590575501270705354e+04
7.752083333333332860e+01,1.496718708332317328e+04
7.754166666666665719e+01,1.416365775473822578e+04
7.756250000000000000e+01,1.491165418473029786e+04
7.758333333333332860e+01,1.574516692189601963e+04
7.760416666666665719e+01,1.486002794739225283e+04
7.762500000000000000e+01,1.397626267677693977e+04
7.764583333333332860e+01,1.481455605397249019e+04
7.766666666666665719e+01,1.565487738085533420e+04
7.768750000000000000e+01,1.477632854637479977e+04
7.770833333333332860e+01,1.389829497264187739e+04
7.772916666666665719e+01,1.503590426808105985e+04
7.775000000000000000e+01,1.558541490843460997e+04
7.777083333333332860e+01,1.471124191028450514e+04
7.779166666666665719e+01,1.364265603636589731e+04
7.781250000000000000e+01,1.468347868492154157e+04
7.783333333333332860e+01,1.552976086390451383e+04
7.785416666666665719e+01,1.466057777310364327e+04
7.787500000000000000e+01,1.379030657231212899e+04
7.789583333333332860e+01,1.463716481988623491e+04
7.791666666666665719e+01,1.548563263125709636e+04
7.793750000000000000e+01,1.461753281721995518e+04
7.795833333333332860e+01,1.407000862265316391e+04
7.797916666666665719e+01,1.460364815829327927e+04
7.800000000000000000e+01,1.550403329022596154e+04
7.802083333333332860e+01,1.459020642593099910e+04
7.804166666666665719e+01,1.372374637526719380e+04
7.806250000000000000e+01,1.457596051943455677e+04
7.808333333333332860e+01,1.542629369822560329e+04
7.810416666666665719e+01,1.455939875787429992e+04
7.812500000000000000e+01,1.369579759454247687e+04
7.814583333333332860e+01,1.490252656734317497e+04
7.816666666666665719e+01,1.540530377218365902e+04
7.818750000000000000e+01,1.429982703924756061e+04
7.820833333333332860e+01,1.358258284478190399e+04
7.822916666666665719e+01,1.467440741634184815e+04
7.825000000000000000e+01,1.538851536089991714e+04
7.827083333333332860e+01,1.452493945300081396e+04
7.829166666666665719e+01,1.366319206563309854e+04
7.831250000000000000e+01,1.451789549733492458e+04
7.833333333333332860e+01,1.537174502384173320e+04
7.835416666666665719e+01,1.450997188072572681e+04
7.837500000000000000e+01,1.394314049557137332e+04
7.839583333333332860e+01,1.458244209089256765e+04
7.841666666666665719e+01,1.536481188999614096e+04
7.843750000000000000e+01,1.400786335453247739e+04
7.845833333333332860e+01,1.370203743653617130e+04
7.847916666666665719e+01,1.435415944819734068e+04
7.850000000000000000e+01,1.417475760207434723e+04
7.852083333333332860e+01,1.345213317585210098e+04
7.854166666666665719e+01,1.269945733452908098e+04
7.856250000000000000e+01,1.406375223686941172e+04
7.858333333333332860e+01,1.547834265867364593e+04
7.860416666666665719e+01,1.259254167220199088e+04
7.862500000000000000e+01,1.250227918305059939e+04
7.864583333333332860e+01,1.577837227043704843e+04
7.866666666666665719e+01,1.513108478375794220e+04
7.868750000000000000e+01,1.263321629322814988e+04
7.870833333333332860e+01,1.336686793677085370e+04
7.872916666666665719e+01,1.537396909653836337e+04
7.875000000000000000e+01,1.461122834462497121e+04
7.877083333333332860e+01,1.366790360663807587e+04
7.879166666666665719e+01,1.350733587910427377e+04
7.881250000000000000e+01,1.535745169440755490e+04
7.883333333333332860e+01,1.490561178135758746e+04
7.885416666666665719e+01,1.445287551220817841e+04
7.887500000000000000e+01,1.375890648697388679e+04
7.889583333333332860e+01,1.379411734933057596e+04
7.891666666666665719e+01,1.551668485959193276e+04
7.893750000000000000e+01,1.543069458444848351e+04
7.895833333333332860e+01,1.501876326611039622e+04
7.897916666666665719e+01,1.386620596445834235e+04
7.900000000000000000e+01,1.353077039628876446e+04
7.902083333333332860e+01,1.449083839567176256e+04
7.904166666666665719e+01,1.556868648912919161e+04
7.906250000000000000e+01,1.605115344023425496e+04
7.908333333333332860e+01,1.381477638426226622e+04
7.910416666666665719e+01,1.293542139561938529e+04
7.912500000000000000e+01,1.544367601999061662e+04
7.914583333333332860e+01,1.628297015091027060e+04
7.916666666666665719e+01,1.394712823921259042e+04
7.918750000000000000e+01,1.313120891978772852e+04
7.920833333333332860e+01,1.530114655837464670e+04
7.922916666666665719e+01,1.613630428751223008e+04
7.925000000000000000e+01,1.353482406212985734e+04
7.927083333333332860e+01,1.264871165640121399e+04
7.929166666666665719e+01,1.535278337471974373e+04
7.931250000000000000e+01,1.600868853924591531e+04
7.933333333333332860e+01,1.348073236996529522e+04
7.935416666666665719e+01,1.288710752642655643e+04
7.937500000000000000e+01,1.550494459713355536e+04
7.939583333333332860e+01,1.583329040536676985e+04
7.941666666666665719e+01,1.344273209744094129e+04
7.943750000000000000e+01,1.262635754452463880e+04
7.945833333333332860e+01,1.520766561823514348e+04
7.947916666666665719e+01,1.607001770789374859e+04
7.950000000000000000e+01,1.336108487181655801e+04
7.952083333333332860e+01,1.264791635664828573e+04
7.954166666666665719e+01,1.523146747967437113e+04
7.956250000000000000e+01,1.600492942454572767e+04
7.958333333333332860e+01,1.342970283118049338e+04
7.960416666666665719e+01,1.266901888325791515e+04
7.962500000000000000e+01,1.525305136190434860e+04
7.964583333333332860e+01,1.576418274486069276e+04
7.966666666666665719e+01,1.344471915661014282e+04
7.968750000000000000e+01,1.268856935775641250e+04
7.970833333333332860e+01,1.527158856396659030e+04
7.972916666666665719e+01,1.613484783546061226e+04
7.975000000000000000e+01,1.341251400584614021e+04
7.977083333333332860e+01,1.264705229112719098e+04
7.979166666666665719e+01,1.466964022852010021e+04
7.981250000000000000e+01,1.364933616077344050e+04
7.983333333333332860e+01,1.167858203829020931e+04
7.985416666666665719e+01,1.248888396092597395e+04
7.987500000000000000e+01,1.401576993739437239e+04
7.989583333333332860e+01,1.397451231771203311e+04
7.991666666666665719e+01,1.346177701221595635e+04
7.993750000000000000e+01,1.325823848263720356e+04
7.995833333333332860e+01,1.437076954111879968e+04
7.997916666666665719e+01,1.498597660921428542e+04
8.000000000000000000e+01,1.418632521762053511e+04
8.002083333333332860e+01,1.371401203617406281e+04
8.004166666666665719e+01,1.527339951235264743e+04
8.006250000000000000e+01,1.558097915819438640e+04
8.008333333333332860e+01,1.351857112759693337e+04
8.010416666666665719e+01,1.391372961053846302e+04
8.012500000000000000e+01,1.529168520809519396e+04
8.014583333333332860e+01,1.581689364542775002e+04
8.016666666666665719e+01,1.517639729301854095e+04
8.018750000000000000e+01,1.392518586865098041e+04
8.020833333333332860e+01,1.383191747495620439e+04
8.022916666666665719e+01,1.488427506782334603e+04
8.025000000000000000e+01,1.562802502059227845e+04
8.027083333333332860e+01,1.546880571130097087e+04
8.029166666666665719e+01,1.375701039555696843e+04
8.031250000000000000e+01,1.420503612845968382e+04
8.033333333333332860e+01,1.392874252611847260e+04
8.035416666666665719e+01,1.547034232356338180e+04
8.037500000000000000e+01,1.527077918482026871e+04
8.039583333333332860e+01,1.534384714002118199e+04
8.041666666666665719e+01,1.423237431362777716e+04
8.043750000000000000e+01,1.342319857271675937e+04
8.045833333333332860e+01,1.389713652167272085e+04
8.047916666666665719e+01,1.529879218961626975e+04
8.050000000000000000e+01,1.469320549162865791e+04
8.052083333333332860e+01,1.353379594346092927e+04
8.054166666666665719e+01,1.437939439506546842e+04
8.056250000000000000e+01,1.521675611643620869e+04
8.058333333333332860e+01,1.346713981461887670e+04
8.060416666666665719e+01,1.343679942350155034e+04
8.062500000000000000e+01,1.513862261339271936e+04
8.064583333333332860e+01,1.511139320867770948e+04
8.066666666666665719e+01,1.305840340316925722e+04
8.068750000000000000e+01,1.255210064867850451e+04
8.070833333333332860e+01,1.559698784349474226e+04
8.072916666666665719e+01,1.595036752124535997e+04
8.075000000000000000e+01,1.255740695618544123e+04
8.077083333333332860e+01,1.255943750468848157e+04
8.079166666666665719e+01,1.525117772223301654e+04
8.081250000000000000e+01,1.572092649873606570e+04
8.083333333333332860e+01,1.345693622421512191e+04
8.085416666666665719e+01,1.284841926647317086e+04
8.087500000000000000e+01,1.517818979349027359e+04
8.089583333333332860e+01,1.582676531890430124e+04
8.091666666666665719e+01,1.335745801951054455e+04
8.093750000000000000e+01,1.283401269541510192e+04
8.095833333333332860e+01,1.524247438838399830e+04
8.097916666666665719e+01,1.607346392630517585e+04
8.100000000000000000e+01,1.350059521081295316e+04
8.102083333333332860e+01,1.263946432402826395e+04
8.104166666666665719e+01,1.536183165397020275e+04
8.106250000000000000e+01,1.607899165056964557e+04
