0.000000000000000000e+00,0.000000000000000000e+00
2.083333333333333218e-02,0.000000000000000000e+00
4.166666666666666435e-02,0.000000000000000000e+00
6.250000000000000000e-02,0.000000000000000000e+00
8.333333333333332871e-02,0.000000000000000000e+00
1.041666666666666574e-01,0.000000000000000000e+00
1.250000000000000000e-01,0.000000000000000000e+00
1.458333333333333148e-01,0.000000000000000000e+00
1.666666666666666574e-01,0.000000000000000000e+00
1.875000000000000000e-01,0.000000000000000000e+00
2.083333333333333148e-01,0.000000000000000000e+00
2.291666666666666574e-01,0.000000000000000000e+00
2.500000000000000000e-01,0.000000000000000000e+00
2.708333333333333148e-01,0.000000000000000000e+00
2.916666666666666297e-01,0.000000000000000000e+00
3.125000000000000000e-01,0.000000000000000000e+00
3.333333333333333148e-01,0.000000000000000000e+00
3.541666666666666297e-01,0.000000000000000000e+00
3.750000000000000000e-01,0.000000000000000000e+00
3.958333333333333148e-01,0.000000000000000000e+00
4.166666666666666297e-01,0.000000000000000000e+00
4.375000000000000000e-01,0.000000000000000000e+00
4.583333333333333148e-01,0.000000000000000000e+00
4.791666666666666297e-01,0.000000000000000000e+00
5.000000000000000000e-01,0.000000000000000000e+00
5.208333333333332593e-01,0.000000000000000000e+00
5.416666666666666297e-01,0.000000000000000000e+00
5.625000000000000000e-01,0.000000000000000000e+00
5.833333333333332593e-01,0.000000000000000000e+00
6.041666666666666297e-01,0.000000000000000000e+00
6.250000000000000000e-01,0.000000000000000000e+00
6.458333333333332593e-01,0.000000000000000000e+00
6.666666666666666297e-01,0.000000000000000000e+00
6.875000000000000000e-01,0.000000000000000000e+00
7.083333333333332593e-01,0.000000000000000000e+00
7.291666666666666297e-01,0.000000000000000000e+00
7.500000000000000000e-01,0.000000000000000000e+00
7.708333333333332593e-01,0.000000000000000000e+00
7.916666666666666297e-01,0.000000000000000000e+00
8.125000000000000000e-01,0.000000000000000000e+00
8.333333333333332593e-01,0.000000000000000000e+00
8.541666666666666297e-01,0.000000000000000000e+00
8.750000000000000000e-01,0.000000000000000000e+00
8.958333333333332593e-01,0.000000000000000000e+00
9.166666666666666297e-01,0.000000000000000000e+00
9.375000000000000000e-01,0.000000000000000000e+00
9.583333333333332593e-01,0.000000000000000000e+00
9.791666666666666297e-01,0.000000000000000000e+00
1.000000000000000000e+00,0.000000000000000000e+00
1.020833333333333259e+00,0.000000000000000000e+00
1.041666666666666519e+00,0.000000000000000000e+00
1.062500000000000000e+00,0.000000000000000000e+00
1.083333333333333259e+00,0.000000000000000000e+00
1.104166666666666519e+00,0.000000000000000000e+00
1.125000000000000000e+00,0.000000000000000000e+00
1.145833333333333259e+00,0.000000000000000000e+00
1.166666666666666519e+00,0.000000000000000000e+00
1.187500000000000000e+00,0.000000000000000000e+00
1.208333333333333259e+00,0.000000000000000000e+00
1.229166666666666519e+00,0.000000000000000000e+00
1.250000000000000000e+00,0.000000000000000000e+00
1.270833333333333259e+00,0.000000000000000000e+00
1.291666666666666519e+00,0.000000000000000000e+00
1.312500000000000000e+00,0.000000000000000000e+00
1.333333333333333259e+00,0.000000000000000000e+00
1.354166666666666519e+00,0.000000000000000000e+00
1.375000000000000000e+00,0.000000000000000000e+00
1.395833333333333259e+00,0.000000000000000000e+00
1.416666666666666519e+00,0.000000000000000000e+00
1.437500000000000000e+00,0.000000000000000000e+00
1.458333333333333259e+00,0.000000000000000000e+00
1.479166666666666519e+00,0.000000000000000000e+00
1.500000000000000000e+00,0.000000000000000000e+00
1.520833333333333259e+00,0.000000000000000000e+00
1.541666666666666519e+00,0.000000000000000000e+00
1.562500000000000000e+00,0.000000000000000000e+00
1.583333333333333259e+00,0.000000000000000000e+00
1.604166666666666519e+00,0.000000000000000000e+00
1.625000000000000000e+00,0.000000000000000000e+00
1.645833333333333259e+00,0.000000000000000000e+00
1.666666666666666519e+00,0.000000000000000000e+00
1.687500000000000000e+00,0.000000000000000000e+00
1.708333333333333259e+00,0.000000000000000000e+00
1.729166666666666519e+00,0.000000000000000000e+00
1.750000000000000000e+00,0.000000000000000000e+00
1.770833333333333259e+00,0.000000000000000000e+00
1.791666666666666519e+00,0.000000000000000000e+00
1.812500000000000000e+00,0.000000000000000000e+00
1.833333333333333259e+00,0.000000000000000000e+00
1.854166666666666519e+00,0.000000000000000000e+00
1.875000000000000000e+00,0.000000000000000000e+00
1.895833333333333259e+00,0.000000000000000000e+00
1.916666666666666519e+00,0.000000000000000000e+00
1.937500000000000000e+00,0.000000000000000000e+00
1.958333333333333259e+00,0.000000000000000000e+00
1.979166666666666519e+00,0.000000000000000000e+00
2.000000000000000000e+00,0.000000000000000000e+00
2.020833333333333037e+00,0.000000000000000000e+00
2.041666666666666519e+00,0.000000000000000000e+00
2.062500000000000000e+00,0.000000000000000000e+00
2.083333333333333037e+00,0.000000000000000000e+00
2.104166666666666519e+00,0.000000000000000000e+00
2.125000000000000000e+00,0.000000000000000000e+00
2.145833333333333037e+00,0.000000000000000000e+00
2.166666666666666519e+00,0.000000000000000000e+00
2.187500000000000000e+00,0.000000000000000000e+00
2.208333333333333037e+00,0.000000000000000000e+00
2.229166666666666519e+00,0.000000000000000000e+00
2.250000000000000000e+00,0.000000000000000000e+00
2.270833333333333037e+00,0.000000000000000000e+00
2.291666666666666519e+00,0.000000000000000000e+00
2.312500000000000000e+00,0.000000000000000000e+00
2.333333333333333037e+00,0.000000000000000000e+00
2.354166666666666519e+00,0.000000000000000000e+00
2.375000000000000000e+00,0.000000000000000000e+00
2.395833333333333037e+00,0.000000000000000000e+00
2.416666666666666519e+00,0.000000000000000000e+00
2.437500000000000000e+00,0.000000000000000000e+00
2.458333333333333037e+00,0.000000000000000000e+00
2.479166666666666519e+00,0.000000000000000000e+00
2.500000000000000000e+00,0.000000000000000000e+00
2.520833333333333037e+00,0.000000000000000000e+00
2.541666666666666519e+00,0.000000000000000000e+00
2.562500000000000000e+00,0.000000000000000000e+00
2.583333333333333037e+00,0.000000000000000000e+00
2.604166666666666519e+00,0.000000000000000000e+00
2.625000000000000000e+00,0.000000000000000000e+00
2.645833333333333037e+00,0.000000000000000000e+00
2.666666666666666519e+00,0.000000000000000000e+00
2.687500000000000000e+00,0.000000000000000000e+00
2.708333333333333037e+00,0.000000000000000000e+00
2.729166666666666519e+00,0.000000000000000000e+00
2.750000000000000000e+00,0.000000000000000000e+00
2.770833333333333037e+00,0.000000000000000000e+00
2.791666666666666519e+00,0.000000000000000000e+00
2.812500000000000000e+00,0.000000000000000000e+00
2.833333333333333037e+00,0.000000000000000000e+00
2.854166666666666519e+00,0.000000000000000000e+00
2.875000000000000000e+00,0.000000000000000000e+00
2.895833333333333037e+00,0.000000000000000000e+00
2.916666666666666519e+00,0.000000000000000000e+00
2.937500000000000000e+00,0.000000000000000000e+00
2.958333333333333037e+00,0.000000000000000000e+00
2.979166666666666519e+00,0.000000000000000000e+00
3.000000000000000000e+00,0.000000000000000000e+00
3.020833333333333037e+00,0.000000000000000000e+00
3.041666666666666519e+00,0.000000000000000000e+00
3.062500000000000000e+00,0.000000000000000000e+00
3.083333333333333037e+00,0.000000000000000000e+00
3.104166666666666519e+00,0.000000000000000000e+00
3.125000000000000000e+00,0.000000000000000000e+00
3.145833333333333037e+00,0.000000000000000000e+00
3.166666666666666519e+00,0.000000000000000000e+00
3.187500000000000000e+00,0.000000000000000000e+00
3.208333333333333037e+00,0.000000000000000000e+00
3.229166666666666519e+00,0.000000000000000000e+00
3.250000000000000000e+00,0.000000000000000000e+00
3.270833333333333037e+00,0.000000000000000000e+00
3.291666666666666519e+00,0.000000000000000000e+00
3.312500000000000000e+00,0.000000000000000000e+00
3.333333333333333037e+00,0.000000000000000000e+00
3.354166666666666519e+00,0.000000000000000000e+00
3.375000000000000000e+00,0.000000000000000000e+00
3.395833333333333037e+00,0.000000000000000000e+00
3.416666666666666519e+00,0.000000000000000000e+00
3.437500000000000000e+00,0.000000000000000000e+00
3.458333333333333037e+00,0.000000000000000000e+00
3.479166666666666519e+00,0.000000000000000000e+00
3.500000000000000000e+00,0.000000000000000000e+00
3.520833333333333037e+00,0.000000000000000000e+00
3.541666666666666519e+00,0.000000000000000000e+00
3.562500000000000000e+00,0.000000000000000000e+00
3.583333333333333037e+00,0.000000000000000000e+00
3.604166666666666519e+00,0.000000000000000000e+00
3.625000000000000000e+00,0.000000000000000000e+00
3.645833333333333037e+00,0.000000000000000000e+00
3.666666666666666519e+00,0.000000000000000000e+00
3.687500000000000000e+00,0.000000000000000000e+00
3.708333333333333037e+00,0.000000000000000000e+00
3.729166666666666519e+00,0.000000000000000000e+00
3.750000000000000000e+00,0.000000000000000000e+00
3.770833333333333037e+00,0.000000000000000000e+00
3.791666666666666519e+00,0.000000000000000000e+00
3.812500000000000000e+00,0.000000000000000000e+00
3.833333333333333037e+00,0.000000000000000000e+00
3.854166666666666519e+00,0.000000000000000000e+00
3.875000000000000000e+00,0.000000000000000000e+00
3.895833333333333037e+00,0.000000000000000000e+00
3.916666666666666519e+00,0.000000000000000000e+00
3.937500000000000000e+00,0.000000000000000000e+00
3.958333333333333037e+00,0.000000000000000000e+00
3.979166666666666519e+00,0.000000000000000000e+00
4.000000000000000000e+00,0.000000000000000000e+00
4.020833333333333037e+00,0.000000000000000000e+00
4.041666666666666075e+00,0.000000000000000000e+00
4.062500000000000000e+00,0.000000000000000000e+00
4.083333333333333037e+00,0.000000000000000000e+00
4.104166666666666075e+00,0.000000000000000000e+00
4.125000000000000000e+00,0.000000000000000000e+00
4.145833333333333037e+00,0.000000000000000000e+00
4.166666666666666075e+00,0.000000000000000000e+00
4.187500000000000000e+00,0.000000000000000000e+00
4.208333333333333037e+00,0.000000000000000000e+00
4.229166666666666075e+00,0.000000000000000000e+00
4.250000000000000000e+00,0.000000000000000000e+00
4.270833333333333037e+00,0.000000000000000000e+00
4.291666666666666075e+00,0.000000000000000000e+00
4.312500000000000000e+00,0.000000000000000000e+00
4.333333333333333037e+00,0.000000000000000000e+00
4.354166666666666075e+00,0.000000000000000000e+00
4.375000000000000000e+00,0.000000000000000000e+00
4.395833333333333037e+00,0.000000000000000000e+00
4.416666666666666075e+00,0.000000000000000000e+00
4.437500000000000000e+00,0.000000000000000000e+00
4.458333333333333037e+00,0.000000000000000000e+00
4.479166666666666075e+00,0.000000000000000000e+00
4.500000000000000000e+00,0.000000000000000000e+00
4.520833333333333037e+00,0.000000000000000000e+00
4.541666666666666075e+00,0.000000000000000000e+00
4.562500000000000000e+00,0.000000000000000000e+00
4.583333333333333037e+00,0.000000000000000000e+00
4.604166666666666075e+00,0.000000000000000000e+00
4.625000000000000000e+00,0.000000000000000000e+00
4.645833333333333037e+00,0.000000000000000000e+00
4.666666666666666075e+00,0.000000000000000000e+00
4.687500000000000000e+00,0.000000000000000000e+00
4.708333333333333037e+00,0.000000000000000000e+00
4.729166666666666075e+00,0.000000000000000000e+00
4.750000000000000000e+00,0.000000000000000000e+00
4.770833333333333037e+00,0.000000000000000000e+00
4.791666666666666075e+00,0.000000000000000000e+00
4.812500000000000000e+00,0.000000000000000000e+00
4.833333333333333037e+00,0.000000000000000000e+00
4.854166666666666075e+00,0.000000000000000000e+00
4.875000000000000000e+00,0.000000000000000000e+00
4.895833333333333037e+00,0.000000000000000000e+00
4.916666666666666075e+00,0.000000000000000000e+00
4.937500000000000000e+00,0.000000000000000000e+00
4.958333333333333037e+00,0.000000000000000000e+00
4.979166666666666075e+00,0.000000000000000000e+00
5.000000000000000000e+00,0.000000000000000000e+00
5.020833333333333037e+00,0.000000000000000000e+00
5.041666666666666075e+00,0.000000000000000000e+00
5.062500000000000000e+00,0.000000000000000000e+00
5.083333333333333037e+00,0.000000000000000000e+00
5.104166666666666075e+00,0.000000000000000000e+00
5.125000000000000000e+00,0.000000000000000000e+00
5.145833333333333037e+00,0.000000000000000000e+00
5.166666666666666075e+00,0.000000000000000000e+00
5.187500000000000000e+00,0.000000000000000000e+00
5.208333333333333037e+00,0.000000000000000000e+00
5.229166666666666075e+00,0.000000000000000000e+00
5.250000000000000000e+00,0.000000000000000000e+00
5.270833333333333037e+00,0.000000000000000000e+00
5.291666666666666075e+00,0.000000000000000000e+00
5.312500000000000000e+00,0.000000000000000000e+00
5.333333333333333037e+00,0.000000000000000000e+00
5.354166666666666075e+00,0.000000000000000000e+00
5.375000000000000000e+00,0.000000000000000000e+00
5.395833333333333037e+00,0.000000000000000000e+00
5.416666666666666075e+00,0.000000000000000000e+00
5.437500000000000000e+00,0.000000000000000000e+00
5.458333333333333037e+00,0.000000000000000000e+00
5.479166666666666075e+00,0.000000000000000000e+00
5.500000000000000000e+00,0.000000000000000000e+00
5.520833333333333037e+00,0.000000000000000000e+00
5.541666666666666075e+00,0.000000000000000000e+00
5.562500000000000000e+00,0.000000000000000000e+00
5.583333333333333037e+00,0.000000000000000000e+00
5.604166666666666075e+00,0.000000000000000000e+00
5.625000000000000000e+00,0.000000000000000000e+00
5.645833333333333037e+00,0.000000000000000000e+00
5.666666666666666075e+00,0.000000000000000000e+00
5.687500000000000000e+00,0.000000000000000000e+00
5.708333333333333037e+00,0.000000000000000000e+00
5.729166666666666075e+00,0.000000000000000000e+00
5.750000000000000000e+00,0.000000000000000000e+00
5.770833333333333037e+00,0.000000000000000000e+00
5.791666666666666075e+00,0.000000000000000000e+00
5.812500000000000000e+00,0.000000000000000000e+00
5.833333333333333037e+00,0.000000000000000000e+00
5.854166666666666075e+00,0.000000000000000000e+00
5.875000000000000000e+00,0.000000000000000000e+00
5.895833333333333037e+00,0.000000000000000000e+00
5.916666666666666075e+00,0.000000000000000000e+00
5.937500000000000000e+00,0.000000000000000000e+00
5.958333333333333037e+00,0.000000000000000000e+00
5.979166666666666075e+00,0.000000000000000000e+00
6.000000000000000000e+00,0.000000000000000000e+00
6.020833333333333037e+00,0.000000000000000000e+00
6.041666666666666075e+00,0.000000000000000000e+00
6.062500000000000000e+00,0.000000000000000000e+00
6.083333333333333037e+00,0.000000000000000000e+00
6.104166666666666075e+00,0.000000000000000000e+00
6.125000000000000000e+00,0.000000000000000000e+00
6.145833333333333037e+00,0.000000000000000000e+00
6.166666666666666075e+00,0.000000000000000000e+00
6.187500000000000000e+00,0.000000000000000000e+00
6.208333333333333037e+00,0.000000000000000000e+00
6.229166666666666075e+00,0.000000000000000000e+00
6.250000000000000000e+00,0.000000000000000000e+00
6.270833333333333037e+00,0.000000000000000000e+00
6.291666666666666075e+00,0.000000000000000000e+00
6.312500000000000000e+00,0.000000000000000000e+00
6.333333333333333037e+00,0.000000000000000000e+00
6.354166666666666075e+00,0.000000000000000000e+00
6.375000000000000000e+00,0.000000000000000000e+00
6.395833333333333037e+00,0.000000000000000000e+00
6.416666666666666075e+00,0.000000000000000000e+00
6.437500000000000000e+00,0.000000000000000000e+00
6.458333333333333037e+00,0.000000000000000000e+00
6.479166666666666075e+00,0.000000000000000000e+00
6.500000000000000000e+00,0.000000000000000000e+00
6.520833333333333037e+00,0.000000000000000000e+00
6.541666666666666075e+00,0.000000000000000000e+00
6.562500000000000000e+00,0.000000000000000000e+00
6.583333333333333037e+00,0.000000000000000000e+00
6.604166666666666075e+00,0.000000000000000000e+00
6.625000000000000000e+00,0.000000000000000000e+00
6.645833333333333037e+00,0.000000000000000000e+00
6.666666666666666075e+00,0.000000000000000000e+00
6.687500000000000000e+00,0.000000000000000000e+00
6.708333333333333037e+00,0.000000000000000000e+00
6.729166666666666075e+00,0.000000000000000000e+00
6.750000000000000000e+00,0.000000000000000000e+00
6.770833333333333037e+00,0.000000000000000000e+00
6.791666666666666075e+00,0.000000000000000000e+00
6.812500000000000000e+00,0.000000000000000000e+00
6.833333333333333037e+00,0.000000000000000000e+00
6.854166666666666075e+00,0.000000000000000000e+00
6.875000000000000000e+00,0.000000000000000000e+00
6.895833333333333037e+00,0.000000000000000000e+00
6.916666666666666075e+00,0.000000000000000000e+00
6.937500000000000000e+00,0.000000000000000000e+00
6.958333333333333037e+00,0.000000000000000000e+00
6.979166666666666075e+00,0.000000000000000000e+00
7.000000000000000000e+00,0.000000000000000000e+00
7.020833333333333037e+00,0.000000000000000000e+00
7.041666666666666075e+00,0.000000000000000000e+00
7.062500000000000000e+00,0.000000000000000000e+00
7.083333333333333037e+00,0.000000000000000000e+00
7.104166666666666075e+00,0.000000000000000000e+00
7.125000000000000000e+00,0.000000000000000000e+00
7.145833333333333037e+00,0.000000000000000000e+00
7.166666666666666075e+00,0.000000000000000000e+00
7.187500000000000000e+00,0.000000000000000000e+00
7.208333333333333037e+00,0.000000000000000000e+00
7.229166666666666075e+00,0.000000000000000000e+00
7.250000000000000000e+00,0.000000000000000000e+00
7.270833333333333037e+00,0.000000000000000000e+00
7.291666666666666075e+00,0.000000000000000000e+00
7.312500000000000000e+00,0.000000000000000000e+00
7.333333333333333037e+00,0.000000000000000000e+00
7.354166666666666075e+00,0.000000000000000000e+00
7.375000000000000000e+00,0.000000000000000000e+00
7.395833333333333037e+00,0.000000000000000000e+00
7.416666666666666075e+00,0.000000000000000000e+00
7.437500000000000000e+00,0.000000000000000000e+00
7.458333333333333037e+00,0.000000000000000000e+00
7.479166666666666075e+00,0.000000000000000000e+00
7.500000000000000000e+00,0.000000000000000000e+00
7.520833333333333037e+00,0.000000000000000000e+00
7.541666666666666075e+00,0.000000000000000000e+00
7.562500000000000000e+00,0.000000000000000000e+00
7.583333333333333037e+00,0.000000000000000000e+00
7.604166666666666075e+00,0.000000000000000000e+00
7.625000000000000000e+00,0.000000000000000000e+00
7.645833333333333037e+00,0.000000000000000000e+00
7.666666666666666075e+00,0.000000000000000000e+00
7.687500000000000000e+00,0.000000000000000000e+00
7.708333333333333037e+00,0.000000000000000000e+00
7.729166666666666075e+00,0.000000000000000000e+00
7.750000000000000000e+00,0.000000000000000000e+00
7.770833333333333037e+00,0.000000000000000000e+00
7.791666666666666075e+00,0.000000000000000000e+00
7.812500000000000000e+00,0.000000000000000000e+00
7.833333333333333037e+00,0.000000000000000000e+00
7.854166666666666075e+00,0.000000000000000000e+00
7.875000000000000000e+00,0.000000000000000000e+00
7.895833333333333037e+00,0.000000000000000000e+00
7.916666666666666075e+00,0.000000000000000000e+00
7.937500000000000000e+00,0.000000000000000000e+00
7.958333333333333037e+00,0.000000000000000000e+00
7.979166666666666075e+00,0.000000000000000000e+00
8.000000000000000000e+00,0.000000000000000000e+00
8.020833333333332149e+00,0.000000000000000000e+00
8.041666666666666075e+00,0.000000000000000000e+00
8.062500000000000000e+00,0.000000000000000000e+00
8.083333333333332149e+00,0.000000000000000000e+00
8.104166666666666075e+00,0.000000000000000000e+00
8.125000000000000000e+00,0.000000000000000000e+00
8.145833333333332149e+00,0.000000000000000000e+00
8.166666666666666075e+00,0.000000000000000000e+00
8.187500000000000000e+00,0.000000000000000000e+00
8.208333333333332149e+00,0.000000000000000000e+00
8.229166666666666075e+00,0.000000000000000000e+00
8.250000000000000000e+00,0.000000000000000000e+00
8.270833333333332149e+00,0.000000000000000000e+00
8.291666666666666075e+00,0.000000000000000000e+00
8.312500000000000000e+00,0.000000000000000000e+00
8.333333333333332149e+00,0.000000000000000000e+00
8.354166666666666075e+00,0.000000000000000000e+00
8.375000000000000000e+00,0.000000000000000000e+00
8.395833333333332149e+00,0.000000000000000000e+00
8.416666666666666075e+00,0.000000000000000000e+00
8.437500000000000000e+00,0.000000000000000000e+00
8.458333333333332149e+00,0.000000000000000000e+00
8.479166666666666075e+00,0.000000000000000000e+00
8.500000000000000000e+00,0.000000000000000000e+00
8.520833333333332149e+00,0.000000000000000000e+00
8.541666666666666075e+00,0.000000000000000000e+00
8.562500000000000000e+00,0.000000000000000000e+00
8.583333333333332149e+00,0.000000000000000000e+00
8.604166666666666075e+00,0.000000000000000000e+00
8.625000000000000000e+00,0.000000000000000000e+00
8.645833333333332149e+00,0.000000000000000000e+00
8.666666666666666075e+00,0.000000000000000000e+00
8.687500000000000000e+00,0.000000000000000000e+00
8.708333333333332149e+00,0.000000000000000000e+00
8.729166666666666075e+00,0.000000000000000000e+00
8.750000000000000000e+00,0.000000000000000000e+00
8.770833333333332149e+00,0.000000000000000000e+00
8.791666666666666075e+00,0.000000000000000000e+00
8.812500000000000000e+00,0.000000000000000000e+00
8.833333333333332149e+00,0.000000000000000000e+00
8.854166666666666075e+00,0.000000000000000000e+00
8.875000000000000000e+00,0.000000000000000000e+00
8.895833333333332149e+00,0.000000000000000000e+00
8.916666666666666075e+00,0.000000000000000000e+00
8.937500000000000000e+00,0.000000000000000000e+00
8.958333333333332149e+00,0.000000000000000000e+00
8.979166666666666075e+00,0.000000000000000000e+00
9.000000000000000000e+00,0.000000000000000000e+00
9.020833333333332149e+00,0.000000000000000000e+00
9.041666666666666075e+00,0.000000000000000000e+00
9.062500000000000000e+00,0.000000000000000000e+00
9.083333333333332149e+00,0.000000000000000000e+00
9.104166666666666075e+00,0.000000000000000000e+00
9.125000000000000000e+00,0.000000000000000000e+00
9.145833333333332149e+00,0.000000000000000000e+00
9.166666666666666075e+00,0.000000000000000000e+00
9.187500000000000000e+00,0.000000000000000000e+00
9.208333333333332149e+00,0.000000000000000000e+00
9.229166666666666075e+00,0.000000000000000000e+00
9.250000000000000000e+00,0.000000000000000000e+00
9.270833333333332149e+00,0.000000000000000000e+00
9.291666666666666075e+00,0.000000000000000000e+00
9.312500000000000000e+00,0.000000000000000000e+00
9.333333333333332149e+00,0.000000000000000000e+00
9.354166666666666075e+00,0.000000000000000000e+00
9.375000000000000000e+00,0.000000000000000000e+00
9.395833333333332149e+00,0.000000000000000000e+00
9.416666666666666075e+00,0.000000000000000000e+00
9.437500000000000000e+00,0.000000000000000000e+00
9.458333333333332149e+00,0.000000000000000000e+00
9.479166666666666075e+00,0.000000000000000000e+00
9.500000000000000000e+00,0.000000000000000000e+00
9.520833333333332149e+00,0.000000000000000000e+00
9.541666666666666075e+00,0.000000000000000000e+00
9.562500000000000000e+00,0.000000000000000000e+00
9.583333333333332149e+00,0.000000000000000000e+00
9.604166666666666075e+00,0.000000000000000000e+00
9.625000000000000000e+00,0.000000000000000000e+00
9.645833333333332149e+00,0.000000000000000000e+00
9.666666666666666075e+00,0.000000000000000000e+00
9.687500000000000000e+00,0.000000000000000000e+00
9.708333333333332149e+00,0.000000000000000000e+00
9.729166666666666075e+00,0.000000000000000000e+00
9.750000000000000000e+00,0.000000000000000000e+00
9.770833333333332149e+00,0.000000000000000000e+00
9.791666666666666075e+00,0.000000000000000000e+00
9.812500000000000000e+00,0.000000000000000000e+00
9.833333333333332149e+00,0.000000000000000000e+00
9.854166666666666075e+00,0.000000000000000000e+00
9.875000000000000000e+00,0.000000000000000000e+00
9.895833333333332149e+00,0.000000000000000000e+00
9.916666666666666075e+00,0.000000000000000000e+00
9.937500000000000000e+00,0.000000000000000000e+00
9.958333333333332149e+00,0.000000000000000000e+00
9.979166666666666075e+00,0.000000000000000000e+00
1.000000000000000000e+01,0.000000000000000000e+00
1.002083333333333215e+01,0.000000000000000000e+00
1.004166666666666607e+01,0.000000000000000000e+00
1.006250000000000000e+01,0.000000000000000000e+00
1.008333333333333215e+01,0.000000000000000000e+00
1.010416666666666607e+01,0.000000000000000000e+00
1.012500000000000000e+01,0.000000000000000000e+00
1.014583333333333215e+01,0.000000000000000000e+00
1.016666666666666607e+01,0.000000000000000000e+00
1.018750000000000000e+01,0.000000000000000000e+00
1.020833333333333215e+01,0.000000000000000000e+00
1.022916666666666607e+01,0.000000000000000000e+00
1.025000000000000000e+01,0.000000000000000000e+00
1.027083333333333215e+01,0.000000000000000000e+00
1.029166666666666607e+01,0.000000000000000000e+00
1.031250000000000000e+01,0.000000000000000000e+00
1.033333333333333215e+01,0.000000000000000000e+00
1.035416666666666607e+01,0.000000000000000000e+00
1.037500000000000000e+01,0.000000000000000000e+00
1.039583333333333215e+01,0.000000000000000000e+00
1.041666666666666607e+01,0.000000000000000000e+00
1.043750000000000000e+01,0.000000000000000000e+00
1.045833333333333215e+01,0.000000000000000000e+00
1.047916666666666607e+01,0.000000000000000000e+00
1.050000000000000000e+01,0.000000000000000000e+00
1.052083333333333215e+01,0.000000000000000000e+00
1.054166666666666607e+01,0.000000000000000000e+00
1.056250000000000000e+01,0.000000000000000000e+00
1.058333333333333215e+01,0.000000000000000000e+00
1.060416666666666607e+01,0.000000000000000000e+00
1.062500000000000000e+01,0.000000000000000000e+00
1.064583333333333215e+01,0.000000000000000000e+00
1.066666666666666607e+01,0.000000000000000000e+00
1.068750000000000000e+01,0.000000000000000000e+00
1.070833333333333215e+01,0.000000000000000000e+00
1.072916666666666607e+01,0.000000000000000000e+00
1.075000000000000000e+01,0.000000000000000000e+00
1.077083333333333215e+01,0.000000000000000000e+00
1.079166666666666607e+01,0.000000000000000000e+00
1.081250000000000000e+01,0.000000000000000000e+00
1.083333333333333215e+01,0.000000000000000000e+00
1.085416666666666607e+01,0.000000000000000000e+00
1.087500000000000000e+01,0.000000000000000000e+00
1.089583333333333215e+01,0.000000000000000000e+00
1.091666666666666607e+01,0.000000000000000000e+00
1.093750000000000000e+01,0.000000000000000000e+00
1.095833333333333215e+01,0.000000000000000000e+00
1.097916666666666607e+01,0.000000000000000000e+00
1.100000000000000000e+01,0.000000000000000000e+00
1.102083333333333215e+01,0.000000000000000000e+00
1.104166666666666607e+01,0.000000000000000000e+00
1.106250000000000000e+01,0.000000000000000000e+00
1.108333333333333215e+01,0.000000000000000000e+00
1.110416666666666607e+01,0.000000000000000000e+00
1.112500000000000000e+01,0.000000000000000000e+00
1.114583333333333215e+01,0.000000000000000000e+00
1.116666666666666607e+01,0.000000000000000000e+00
1.118750000000000000e+01,0.000000000000000000e+00
1.120833333333333215e+01,0.000000000000000000e+00
1.122916666666666607e+01,0.000000000000000000e+00
1.125000000000000000e+01,0.000000000000000000e+00
1.127083333333333215e+01,0.000000000000000000e+00
1.129166666666666607e+01,0.000000000000000000e+00
1.131250000000000000e+01,0.000000000000000000e+00
1.133333333333333215e+01,0.000000000000000000e+00
1.135416666666666607e+01,0.000000000000000000e+00
1.137500000000000000e+01,0.000000000000000000e+00
1.139583333333333215e+01,0.000000000000000000e+00
1.141666666666666607e+01,0.000000000000000000e+00
1.143750000000000000e+01,0.000000000000000000e+00
1.145833333333333215e+01,0.000000000000000000e+00
1.147916666666666607e+01,0.000000000000000000e+00
1.150000000000000000e+01,0.000000000000000000e+00
1.152083333333333215e+01,0.000000000000000000e+00
1.154166666666666607e+01,0.000000000000000000e+00
1.156250000000000000e+01,0.000000000000000000e+00
1.158333333333333215e+01,0.000000000000000000e+00
1.160416666666666607e+01,0.000000000000000000e+00
1.162500000000000000e+01,0.000000000000000000e+00
1.164583333333333215e+01,0.000000000000000000e+00
1.166666666666666607e+01,0.000000000000000000e+00
1.168750000000000000e+01,0.000000000000000000e+00
1.170833333333333215e+01,0.000000000000000000e+00
1.172916666666666607e+01,0.000000000000000000e+00
1.175000000000000000e+01,0.000000000000000000e+00
1.177083333333333215e+01,0.000000000000000000e+00
1.179166666666666607e+01,0.000000000000000000e+00
1.181250000000000000e+01,0.000000000000000000e+00
1.183333333333333215e+01,0.000000000000000000e+00
1.185416666666666607e+01,0.000000000000000000e+00
1.187500000000000000e+01,0.000000000000000000e+00
1.189583333333333215e+01,0.000000000000000000e+00
1.191666666666666607e+01,0.000000000000000000e+00
1.193750000000000000e+01,0.000000000000000000e+00
1.195833333333333215e+01,0.000000000000000000e+00
1.197916666666666607e+01,0.000000000000000000e+00
1.200000000000000000e+01,0.000000000000000000e+00
1.202083333333333215e+01,0.000000000000000000e+00
1.204166666666666607e+01,0.000000000000000000e+00
1.206250000000000000e+01,0.000000000000000000e+00
1.208333333333333215e+01,0.000000000000000000e+00
1.210416666666666607e+01,0.000000000000000000e+00
1.212500000000000000e+01,0.000000000000000000e+00
1.214583333333333215e+01,0.000000000000000000e+00
1.216666666666666607e+01,0.000000000000000000e+00
1.218750000000000000e+01,0.000000000000000000e+00
1.220833333333333215e+01,0.000000000000000000e+00
1.222916666666666607e+01,0.000000000000000000e+00
1.225000000000000000e+01,0.000000000000000000e+00
1.227083333333333215e+01,0.000000000000000000e+00
1.229166666666666607e+01,0.000000000000000000e+00
1.231250000000000000e+01,0.000000000000000000e+00
1.233333333333333215e+01,0.000000000000000000e+00
1.235416666666666607e+01,0.000000000000000000e+00
1.237500000000000000e+01,0.000000000000000000e+00
1.239583333333333215e+01,0.000000000000000000e+00
1.241666666666666607e+01,0.000000000000000000e+00
1.243750000000000000e+01,0.000000000000000000e+00
1.245833333333333215e+01,0.000000000000000000e+00
1.247916666666666607e+01,0.000000000000000000e+00
1.250000000000000000e+01,0.000000000000000000e+00
1.252083333333333215e+01,0.000000000000000000e+00
1.254166666666666607e+01,0.000000000000000000e+00
1.256250000000000000e+01,0.000000000000000000e+00
1.258333333333333215e+01,0.000000000000000000e+00
1.260416666666666607e+01,0.000000000000000000e+00
1.262500000000000000e+01,0.000000000000000000e+00
1.264583333333333215e+01,0.000000000000000000e+00
1.266666666666666607e+01,0.000000000000000000e+00
1.268750000000000000e+01,0.000000000000000000e+00
1.270833333333333215e+01,0.000000000000000000e+00
1.272916666666666607e+01,0.000000000000000000e+00
1.275000000000000000e+01,0.000000000000000000e+00
1.277083333333333215e+01,0.000000000000000000e+00
1.279166666666666607e+01,0.000000000000000000e+00
1.281250000000000000e+01,0.000000000000000000e+00
1.283333333333333215e+01,0.000000000000000000e+00
1.285416666666666607e+01,0.000000000000000000e+00
1.287500000000000000e+01,0.000000000000000000e+00
1.289583333333333215e+01,0.000000000000000000e+00
1.291666666666666607e+01,0.000000000000000000e+00
1.293750000000000000e+01,0.000000000000000000e+00
1.295833333333333215e+01,0.000000000000000000e+00
1.297916666666666607e+01,0.000000000000000000e+00
1.300000000000000000e+01,0.000000000000000000e+00
1.302083333333333215e+01,0.000000000000000000e+00
1.304166666666666607e+01,0.000000000000000000e+00
1.306250000000000000e+01,0.000000000000000000e+00
1.308333333333333215e+01,0.000000000000000000e+00
1.310416666666666607e+01,0.000000000000000000e+00
1.312500000000000000e+01,0.000000000000000000e+00
1.314583333333333215e+01,0.000000000000000000e+00
1.316666666666666607e+01,0.000000000000000000e+00
1.318750000000000000e+01,0.000000000000000000e+00
1.320833333333333215e+01,0.000000000000000000e+00
1.322916666666666607e+01,0.000000000000000000e+00
1.325000000000000000e+01,0.000000000000000000e+00
1.327083333333333215e+01,0.000000000000000000e+00
1.329166666666666607e+01,0.000000000000000000e+00
1.331250000000000000e+01,0.000000000000000000e+00
1.333333333333333215e+01,0.000000000000000000e+00
1.335416666666666607e+01,0.000000000000000000e+00
1.337500000000000000e+01,0.000000000000000000e+00
1.339583333333333215e+01,0.000000000000000000e+00
1.341666666666666607e+01,0.000000000000000000e+00
1.343750000000000000e+01,0.000000000000000000e+00
1.345833333333333215e+01,0.000000000000000000e+00
1.347916666666666607e+01,0.000000000000000000e+00
1.350000000000000000e+01,0.000000000000000000e+00
1.352083333333333215e+01,0.000000000000000000e+00
1.354166666666666607e+01,0.000000000000000000e+00
1.356250000000000000e+01,0.000000000000000000e+00
1.358333333333333215e+01,0.000000000000000000e+00
1.360416666666666607e+01,0.000000000000000000e+00
1.362500000000000000e+01,3.958257317095657019e-20
1.364583333333333215e+01,5.602460944221616787e-19
1.366666666666666607e+01,1.571970974045304189e-18
1.368750000000000000e+01,3.303861912965710361e-18
1.370833333333333215e+01,5.617129606513539580e-18
1.372916666666666607e+01,5.296412256411915729e-18
1.375000000000000000e+01,7.137829044386883131e-18
1.377083333333333215e+01,8.180481650753346121e-18
1.379166666666666607e+01,4.091514873425148220e-18
1.381250000000000000e+01,1.452619894437163775e-17
1.383333333333333215e+01,5.596295388723178934e-18
1.385416666666666607e+01,-3.338870505730446394e-18
1.387500000000000000e+01,3.141325584985228494e-17
1.389583333333333215e+01,-8.656973045398047161e-18
1.391666666666666607e+01,-3.539748475561441930e-18
1.393750000000000000e+01,8.203054997346751230e-17
1.395833333333333215e+01,-7.085012089079281335e-17
1.397916666666666607e+01,1.340272516835665028e-17
1.400000000000000000e+01,1.715107679090134439e-16
1.402083333333333215e+01,-2.738608452343009803e-16
1.404166666666666607e+01,1.700660971357785893e-16
1.406250000000000000e+01,3.599508371739233180e-16
1.408333333333333215e+01,-7.499119129829972888e-16
1.410416666666666607e+01,7.478742699574489240e-16
1.412500000000000000e+01,5.394868672763637395e-16
1.414583333333333215e+01,-1.871403434583237064e-15
1.416666666666666607e+01,2.153883547185668864e-15
1.418750000000000000e+01,-2.338680360958855209e-16
1.420833333333333215e+01,-4.082637139148332489e-15
1.422916666666666607e+01,5.947568139900172873e-15
1.425000000000000000e+01,-3.307973616162734165e-15
1.427083333333333215e+01,-5.659955829347734832e-15
1.429166666666666607e+01,1.578982063430018547e-14
1.431250000000000000e+01,-1.366946660732997390e-14
1.433333333333333215e+01,-2.032053525970264709e-15
1.435416666666666607e+01,3.406038133197443172e-14
1.437500000000000000e+01,-4.729120121585302878e-14
1.439583333333333215e+01,1.922363970824690669e-14
1.441666666666666607e+01,5.475653627611083093e-14
1.443750000000000000e+01,-1.335159020864985490e-13
1.445833333333333215e+01,1.082790667905511230e-13
1.447916666666666607e+01,5.745255817823253587e-14
1.450000000000000000e+01,-3.077981482435830984e-13
1.452083333333333215e+01,3.944532452923023899e-13
1.454166666666666607e+01,-7.844321648134931159e-14
1.456250000000000000e+01,-6.121224916829243658e-13
1.458333333333333215e+01,1.135902707626106011e-12
1.460416666666666607e+01,-7.732844587309610951e-13
1.462500000000000000e+01,-8.974498159965159466e-13
1.464583333333333215e+01,2.888356181115411131e-12
1.466666666666666607e+01,-3.122397482754005461e-12
1.468750000000000000e+01,-2.455394347458484931e-13
1.470833333333333215e+01,6.238354996979681288e-12
1.472916666666666607e+01,-1.000609055073868818e-11
1.475000000000000000e+01,4.752444258487727249e-12
1.477083333333333215e+01,1.071231766349754832e-11
1.479166666666666607e+01,-2.695156981809063985e-11
1.481250000000000000e+01,2.483253099023923038e-11
1.483333333333333215e+01,9.427807141465193215e-12
1.485416666666666607e+01,-6.233509317552119176e-11
1.487500000000000000e+01,8.625078892977143148e-11
1.489583333333333215e+01,-2.573227783794366108e-11
1.491666666666666607e+01,-1.162526495403394210e-10
1.493750000000000000e+01,2.454453210222303205e-10
1.495833333333333215e+01,-1.594592383884419968e-10
1.497916666666666607e+01,-1.809767509293802016e-10
1.500000000000000000e+01,5.058945923903595190e-10
1.502083333333333215e+01,-4.771396444127492649e-10
1.504166666666666607e+01,-2.411898271907699827e-10
1.506250000000000000e+01,1.127846749601419079e-09
1.508333333333333215e+01,-1.380222215168147682e-09
1.510416666666666607e+01,3.748752045360646834e-11
1.512500000000000000e+01,2.350394745849011698e-09
1.514583333333333215e+01,-4.011345126527048105e-09
1.516666666666666607e+01,2.179452859398182551e-09
1.518750000000000000e+01,4.180288038586854776e-09
1.520833333333333215e+01,-1.126851548292328566e-08
1.522916666666666607e+01,1.194256760068583789e-08
1.525000000000000000e+01,2.429450200105459100e-09
1.527083333333333215e+01,-3.165068818196789926e-08
1.529166666666666607e+01,4.625071363350322659e-08
1.531250000000000000e+01,-1.961211075696005840e-08
1.533333333333333215e+01,-6.120935340331688096e-08
1.535416666666666607e+01,1.578420430184766360e-07
1.537500000000000000e+01,-1.241512743859788842e-07
1.539583333333333215e+01,-6.992937251787950728e-08
1.541666666666666607e+01,4.525596737863442035e-07
1.543750000000000000e+01,-4.789253047385878217e-07
1.545833333333333215e+01,7.707213746627012832e-08
1.547916666666666607e+01,1.060020220507521697e-06
1.550000000000000000e+01,-1.521080833080472329e-06
1.552083333333333215e+01,6.978859271732410081e-07
1.554166666666666607e+01,1.688008568602174707e-06
1.556250000000000000e+01,-4.243817393089808170e-06
1.558333333333333215e+01,2.969621788111473095e-06
1.560416666666666607e+01,1.589260806219302009e-06
1.562500000000000000e+01,-9.266251738029360451e-06
1.564583333333333215e+01,1.118847702752780518e-05
1.566666666666666607e+01,-1.654883554484362537e-06
1.568750000000000000e+01,-1.590305260036882720e-05
1.570833333333333215e+01,3.323826446329686583e-05
1.572916666666666607e+01,-2.022140005331855145e-05
1.575000000000000000e+01,-2.277151593343459534e-05
1.577083333333333215e+01,7.914566754131191571e-05
1.579166666666666607e+01,-8.581422904917001366e-05
1.581250000000000000e+01,-7.019768778066422775e-06
1.583333333333333215e+01,1.687209287308657558e-04
1.585416666666666607e+01,-3.009688043595192940e-04
1.587500000000000000e+01,-1.639402036168625531e-04
1.589583333333333215e+01,1.056123799954337240e-04
1.591666666666666607e+01,-1.239161783101462057e-03
1.593750000000000000e+01,-2.915506377257467453e-03
1.595833333333333215e+01,-2.653689911996285223e-03
1.597916666666666607e+01,-1.648521363715291406e-03
1.600000000000000000e+01,-2.180239613800977107e-03
1.602083333333333215e+01,-3.056962539032494729e-03
1.604166666666666430e+01,-2.008685410774673896e-03
1.606250000000000000e+01,-2.405104313432985760e-04
1.608333333333333215e+01,-4.796649965656230811e-05
1.610416666666666430e+01,-2.498607721573554942e-04
1.612500000000000000e+01,1.432689652890788536e-03
1.614583333333333215e+01,3.781709442942748304e-03
1.616666666666666430e+01,4.516165471758018871e-03
1.618750000000000000e+01,4.842331631690763999e-03
1.620833333333333215e+01,7.093354107497628486e-03
1.622916666666666430e+01,1.010919262622474862e-02
1.625000000000000000e+01,1.164244274296444281e-02
1.627083333333333215e+01,1.294252480269028269e-02
1.629166666666666430e+01,1.561070983538265407e-02
1.631250000000000000e+01,1.786355119063285854e-02
1.633333333333333215e+01,1.696202251012933482e-02
1.635416666666666430e+01,1.445974842238972706e-02
1.637500000000000000e+01,1.336907975043055176e-02
1.639583333333333215e+01,1.230928959936268725e-02
1.641666666666666430e+01,8.619057253627295662e-03
1.643750000000000000e+01,3.909962900293920476e-03
1.645833333333333215e+01,1.159389259862127512e-03
1.647916666666666430e+01,-9.035449468654905766e-04
1.650000000000000000e+01,-4.819723580504196511e-03
1.652083333333333215e+01,-8.978857909100329548e-03
1.654166666666666430e+01,-1.048851544178298033e-02
1.656250000000000000e+01,-1.062671068443041614e-02
1.658333333333333215e+01,-1.191022332892386661e-02
1.660416666666666430e+01,-1.282012101109592482e-02
1.662500000000000000e+01,-1.072187756937676047e-02
1.664583333333333215e+01,-6.901195885374390715e-03
1.666666666666666430e+01,-3.958684271717623736e-03
1.668750000000000000e+01,-1.813588835866386398e-03
1.670833333333333215e+01,1.616519897972835051e-03
1.672916666666666430e+01,5.174412647124764994e-03
1.675000000000000000e+01,6.535652684343506644e-03
1.677083333333333215e+01,7.201545750419758619e-03
1.679166666666666430e+01,9.846393157934025392e-03
1.681250000000000000e+01,1.324639428250580162e-02
1.683333333333333215e+01,1.500436906691656261e-02
1.685416666666666430e+01,1.634072543831008306e-02
1.687500000000000000e+01,1.844004918404830093e-02
1.689583333333333215e+01,1.959428432702955969e-02
1.691666666666666430e+01,1.862609707831955341e-02
1.693750000000000000e+01,1.725195120830379583e-02
1.695833333333333215e+01,1.746766418549121347e-02
1.697916666666666430e+01,1.774338258043875460e-02
1.700000000000000000e+01,1.569307124370604434e-02
1.702083333333333215e+01,1.257287157578549502e-02
1.704166666666666430e+01,1.084885210022779219e-02
1.706250000000000000e+01,9.206169525950361546e-03
1.708333333333333215e+01,5.183865226065863252e-03
1.710416666666666430e+01,-5.170680071613239191e-05
1.712500000000000000e+01,-4.181723887452555924e-03
1.714583333333333215e+01,-8.232571709877067878e-03
1.716666666666666430e+01,-1.317896497804293618e-02
1.718750000000000000e+01,-1.737143911518884698e-02
1.720833333333333215e+01,-1.937063357391182600e-02
1.722916666666666430e+01,-2.091040989253463087e-02
1.725000000000000000e+01,-2.450891865053479030e-02
1.727083333333333215e+01,-2.907691494336716101e-02
1.729166666666666430e+01,-3.224487481603234562e-02
1.731250000000000000e+01,-3.402379114777809299e-02
1.733333333333333215e+01,-3.633406754533199251e-02
1.735416666666666430e+01,-3.805251806189632185e-02
1.737500000000000000e+01,-3.696101014460273504e-02
1.739583333333333215e+01,-3.448427167828891499e-02
1.741666666666666430e+01,-3.317828677591269648e-02
1.743750000000000000e+01,-3.196176862755539111e-02
1.745833333333333215e+01,-2.862718364024924994e-02
1.747916666666666430e+01,-2.451631841947007895e-02
1.750000000000000000e+01,-2.213350776225478031e-02
1.752083333333333215e+01,-2.039756598458497203e-02
1.754166666666666430e+01,-1.713148528585653474e-02
1.756250000000000000e+01,-1.373304901741180008e-02
1.758333333333333215e+01,-1.272487107993740089e-02
1.760416666666666430e+01,-1.304576387161071604e-02
1.762500000000000000e+01,-1.240275980877898927e-02
1.764583333333333215e+01,-1.117503501999140766e-02
1.766666666666666430e+01,-1.130949810160953098e-02
1.768750000000000000e+01,-1.167982982390514818e-02
1.770833333333333215e+01,-1.011337961346211664e-02
1.772916666666666430e+01,-7.999287659465071851e-03
1.775000000000000000e+01,-7.862057698040237144e-03
1.777083333333333215e+01,-8.650012308632392538e-03
1.779166666666666430e+01,-8.193195426427745884e-03
1.781250000000000000e+01,-7.653171823292517773e-03
1.783333333333333215e+01,-7.797814754219193310e-03
1.785416666666666430e+01,-7.080556344077490460e-03
1.787500000000000000e+01,-5.610119238899939978e-03
1.789583333333333215e+01,-5.329224334541684746e-03
1.791666666666666430e+01,-5.205310189137990311e-03
1.793750000000000000e+01,-3.074506717439365149e-03
1.795833333333333215e+01,-3.124399580341646627e-04
1.797916666666666430e+01,6.743793470538588658e-04
1.800000000000000000e+01,9.760631866630768098e-04
1.802083333333333215e+01,2.810951886319730617e-03
1.804166666666666430e+01,4.819268413666016188e-03
1.806250000000000000e+01,4.573999636097383567e-03
1.808333333333333215e+01,3.158181655172340781e-03
1.810416666666666430e+01,2.791015176245435336e-03
1.812500000000000000e+01,2.637611839202992029e-03
1.814583333333333215e+01,1.409868674220321168e-03
1.816666666666666430e+01,5.776004202684738298e-04
1.818750000000000000e+01,2.051653343150580504e-03
1.820833333333333215e+01,4.300369949096429986e-03
1.822916666666666430e+01,4.852188932325223435e-03
1.825000000000000000e+01,4.784517444568863777e-03
1.827083333333333215e+01,6.282888027068429457e-03
1.829166666666666430e+01,7.960335644850480979e-03
1.831250000000000000e+01,7.420829842875849292e-03
1.833333333333333215e+01,5.783027697010468919e-03
1.835416666666666430e+01,5.307343410627190193e-03
1.837500000000000000e+01,4.855417750181139323e-03
1.839583333333333215e+01,3.483676341271968804e-03
1.841666666666666430e+01,2.804255609112060992e-03
1.843750000000000000e+01,3.580964292818255169e-03
1.845833333333333215e+01,4.077552853314380873e-03
1.847916666666666430e+01,3.999355992163695396e-03
1.850000000000000000e+01,4.969331194642568131e-03
1.852083333333333215e+01,5.878475545078337694e-03
1.854166666666666430e+01,5.075317367328084812e-03
1.856250000000000000e+01,4.148709808743059058e-03
1.858333333333333215e+01,5.406485362682543656e-03
1.860416666666666430e+01,7.642338072132168550e-03
1.862500000000000000e+01,8.446465281151119969e-03
1.864583333333333215e+01,9.059776542258424215e-03
1.866666666666666430e+01,1.177535477976937063e-02
1.868750000000000000e+01,1.538274859628188315e-02
1.870833333333333215e+01,1.749552618762481582e-02
1.872916666666666430e+01,1.928497565008988057e-02
1.875000000000000000e+01,2.232521303674017341e-02
1.877083333333333215e+01,2.510534642205956152e-02
1.879166666666666430e+01,2.525899862714178767e-02
1.881250000000000000e+01,2.404568018044613703e-02
1.883333333333333215e+01,2.377780400292155497e-02
1.885416666666666430e+01,2.329197394858740361e-02
1.887500000000000000e+01,2.023958160925522914e-02
1.889583333333333215e+01,1.586347328851662672e-02
1.891666666666666430e+01,1.244436480217959128e-02
1.893750000000000000e+01,9.087811027753993007e-03
1.895833333333333215e+01,4.708228336200400918e-03
1.897916666666666430e+01,9.581978706478866186e-04
1.900000000000000000e+01,-8.928069152085620422e-04
1.902083333333333215e+01,-2.424838834362540770e-03
1.904166666666666430e+01,-5.754039368221058534e-03
1.906250000000000000e+01,-9.526502529109814182e-03
1.908333333333333215e+01,-1.146611746668464715e-02
1.910416666666666430e+01,-1.275172895482552630e-02
1.912500000000000000e+01,-1.569603635857533611e-02
1.914583333333333215e+01,-1.898907253087779579e-02
1.916666666666666430e+01,-2.028511860116701676e-02
1.918750000000000000e+01,-2.077367367379904031e-02
1.920833333333333215e+01,-2.286241881679743418e-02
1.922916666666666430e+01,-2.533435737576129887e-02
1.925000000000000000e+01,-2.589278751760963615e-02
1.927083333333333215e+01,-2.570851086845916608e-02
1.929166666666666430e+01,-2.677850029661068415e-02
1.931250000000000000e+01,-2.766761003244602377e-02
1.933333333333333215e+01,-2.609972003121220283e-02
1.935416666666666430e+01,-2.329335519787803163e-02
1.937500000000000000e+01,-2.163826827880930767e-02
1.939583333333333215e+01,-1.987206949618035984e-02
1.941666666666666430e+01,-1.564081669182618498e-02
1.943750000000000000e+01,-1.010772751678572050e-02
1.945833333333333215e+01,-5.641803480040518542e-03
1.947916666666666430e+01,-1.129177816441061764e-03
1.950000000000000000e+01,4.681298124674789993e-03
1.952083333333333215e+01,1.014292732940308417e-02
1.954166666666666430e+01,1.288330363032632632e-02
1.956250000000000000e+01,1.415925196850784801e-02
1.958333333333333215e+01,1.626077608115737358e-02
1.960416666666666430e+01,1.805761788469310847e-02
1.962500000000000000e+01,1.766558361079277953e-02
1.964583333333333215e+01,1.655843797125410022e-02
1.966666666666666430e+01,1.703437979937532168e-02
1.968750000000000000e+01,1.789353521618583173e-02
1.970833333333333215e+01,1.674684282746527822e-02
1.972916666666666430e+01,1.485950380941243078e-02
1.975000000000000000e+01,1.453909831952341497e-02
1.977083333333333215e+01,1.458218014886152741e-02
1.979166666666666430e+01,1.258560157600761842e-02
1.981250000000000000e+01,9.774314092171098103e-03
1.983333333333333215e+01,8.448802651710171988e-03
1.985416666666666430e+01,7.398073225383216232e-03
1.987500000000000000e+01,4.234685537320283071e-03
1.989583333333333215e+01,2.228082788808579805e-04
1.991666666666666430e+01,-2.352642635342820296e-03
1.993750000000000000e+01,-4.564463401928771022e-03
1.995833333333333215e+01,-7.747227755866054402e-03
1.997916666666666430e+01,-1.020649939541428027e-02
2.000000000000000000e+01,-9.787636318359351634e-03
2.002083333333333215e+01,-7.735327073644998261e-03
2.004166666666666430e+01,-6.414990239744291015e-03
2.006250000000000000e+01,-4.721493673769206444e-03
2.008333333333333215e+01,-1.492024097663644314e-03
2.010416666666666430e+01,1.603239980901481360e-03
2.012500000000000000e+01,2.212255448755876854e-03
2.014583333333333215e+01,1.575217059368859722e-03
2.016666666666666430e+01,1.963354441616528123e-03
2.018750000000000000e+01,2.323538927595408029e-03
2.020833333333333215e+01,1.319515989722885732e-03
2.022916666666666430e+01,6.030092796903861393e-04
2.025000000000000000e+01,2.083022286938871013e-03
2.027083333333333215e+01,4.398956163054547168e-03
2.029166666666666430e+01,5.162879595066119202e-03
2.031250000000000000e+01,5.609945646048404740e-03
2.033333333333333215e+01,8.025382448701037438e-03
2.035416666666666430e+01,1.121083939597467341e-02
2.037500000000000000e+01,1.284771300205335941e-02
2.039583333333333215e+01,1.417845392384713306e-02
2.041666666666666430e+01,1.709768394002122646e-02
2.043750000000000000e+01,2.021889446901018253e-02
2.045833333333333215e+01,2.116415362896306024e-02
2.047916666666666430e+01,2.119360727173376716e-02
2.050000000000000000e+01,2.259166379559636451e-02
2.052083333333333215e+01,2.416092412755447075e-02
2.054166666666666430e+01,2.353294711637879746e-02
2.056250000000000000e+01,2.197336389958271657e-02
2.058333333333333215e+01,2.185288532068640002e-02
2.060416666666666430e+01,2.205561861493112938e-02
2.062500000000000000e+01,2.032765552224257560e-02
2.064583333333333215e+01,1.799885237915804098e-02
2.066666666666666430e+01,1.755963395572258598e-02
2.068750000000000000e+01,1.788081139987854687e-02
2.070833333333333215e+01,1.674698130106324484e-02
2.072916666666666430e+01,1.538526198741396560e-02
2.075000000000000000e+01,1.569767331483981274e-02
2.077083333333333215e+01,1.627312816442322632e-02
2.079166666666666430e+01,1.485805616119467362e-02
2.081250000000000000e+01,1.263992534803736432e-02
2.083333333333333215e+01,1.194129418806443542e-02
2.085416666666666430e+01,1.146859231902214171e-02
2.087500000000000000e+01,8.907960788327557236e-03
2.089583333333333215e+01,5.469079612420706116e-03
2.091666666666666430e+01,3.567618079986975641e-03
2.093750000000000000e+01,1.954767815586755299e-03
2.095833333333333215e+01,-1.680687673274170076e-03
2.097916666666666430e+01,-6.139792516939723485e-03
2.100000000000000000e+01,-9.043689979980973695e-03
2.102083333333333215e+01,-1.160428477313392437e-02
2.104166666666666430e+01,-1.572784341868996988e-02
2.106250000000000000e+01,-2.005474318164291586e-02
2.108333333333333215e+01,-2.220778102176697300e-02
2.110416666666666430e+01,-2.343600209413789631e-02
2.112500000000000000e+01,-2.602140010014983643e-02
2.114583333333333215e+01,-2.877479759903408055e-02
2.116666666666666430e+01,-2.932311838864621809e-02
2.118750000000000000e+01,-2.892042716118306545e-02
2.120833333333333215e+01,-2.986246210351379410e-02
2.122916666666666430e+01,-3.095311840234834730e-02
2.125000000000000000e+01,-2.979742213381178506e-02
2.127083333333333215e+01,-2.761595827037079814e-02
2.129166666666666430e+01,-2.670106507103929550e-02
2.131250000000000000e+01,-2.585117938068825019e-02
2.133333333333333215e+01,-2.269341916673934395e-02
2.135416666666666430e+01,-1.849121919351607440e-02
2.137500000000000000e+01,-1.552548671092279786e-02
2.139583333333333215e+01,-1.260291787429885027e-02
2.141666666666666430e+01,-7.388432712212140291e-03
2.143750000000000000e+01,-1.157339396713619271e-03
2.145833333333333215e+01,3.796399886575964767e-03
2.147916666666666430e+01,8.395307485939133840e-03
2.150000000000000000e+01,1.367492122013160526e-02
2.152083333333333215e+01,1.794403526964971282e-02
2.154166666666666430e+01,2.005353124728926836e-02
2.156250000000000000e+01,2.164690824585028400e-02
2.158333333333333215e+01,2.477789133840343355e-02
2.160416666666666430e+01,2.806040378223826487e-02
2.162500000000000000e+01,2.916902729726037966e-02
2.164583333333333215e+01,2.926047614873384523e-02
2.166666666666666430e+01,3.069645812364543702e-02
2.168750000000000000e+01,3.222825995664584803e-02
2.170833333333333215e+01,3.157237287067436726e-02
2.172916666666666430e+01,2.992104066892308303e-02
2.175000000000000000e+01,2.965439627326460145e-02
2.177083333333333215e+01,2.954181231882249334e-02
2.179166666666666430e+01,2.729952467934580046e-02
2.181250000000000000e+01,2.412658081552217920e-02
2.183333333333333215e+01,2.238207524054450226e-02
2.185416666666666430e+01,2.080035795654862005e-02
2.187500000000000000e+01,1.710072416837143602e-02
2.189583333333333215e+01,1.247996940647660806e-02
2.191666666666666430e+01,9.309864573499252588e-03
2.193750000000000000e+01,6.340780699780595303e-03
2.195833333333333215e+01,1.296901073624951448e-03
2.197916666666666430e+01,-4.631713869778017814e-03
2.200000000000000000e+01,-9.096071264068203779e-03
2.202083333333333215e+01,-1.320937330367382735e-02
2.204166666666666430e+01,-1.814576746901841800e-02
2.206250000000000000e+01,-2.227531379695412567e-02
2.208333333333333215e+01,-2.369911116629520170e-02
2.210416666666666430e+01,-2.388398488347121679e-02
2.212500000000000000e+01,-2.513071645896535616e-02
2.214583333333333215e+01,-2.624125344103315702e-02
2.216666666666666430e+01,-2.482490610183038515e-02
2.218750000000000000e+01,-2.213426856633731940e-02
2.220833333333333215e+01,-2.047754864319822204e-02
2.222916666666666430e+01,-1.868851682308497048e-02
2.225000000000000000e+01,-1.468251349115707628e-02
2.227083333333333215e+01,-9.883948094818347657e-03
2.229166666666666430e+01,-6.654852027055783124e-03
2.231250000000000000e+01,-3.834861068416678311e-03
2.233333333333333215e+01,9.388507094276411693e-04
2.235416666666666430e+01,6.432479908849148345e-03
2.237500000000000000e+01,1.032940079535181986e-02
2.239583333333333215e+01,1.361899508623464275e-02
2.241666666666666430e+01,1.756349224465703074e-02
2.243750000000000000e+01,2.049710526553854065e-02
2.245833333333333215e+01,2.075812730401495332e-02
2.247916666666666430e+01,1.981223122416750013e-02
2.250000000000000000e+01,2.003150650504582561e-02
2.252083333333333215e+01,2.016476942744539758e-02
2.254166666666666430e+01,1.793600822617195251e-02
2.256250000000000000e+01,1.453226944014533381e-02
2.258333333333333215e+01,1.228296716022927830e-02
2.260416666666666430e+01,9.939676184529238831e-03
2.262500000000000000e+01,5.363056888317763692e-03
2.264583333333333215e+01,-1.849608048425119364e-04
2.266666666666666430e+01,-4.331151247605205534e-03
2.268750000000000000e+01,-8.203282004748544548e-03
2.270833333333333215e+01,-1.309551983218684539e-02
2.272916666666666430e+01,-1.736985055320392976e-02
2.275000000000000000e+01,-1.864843276508362097e-02
2.277083333333333215e+01,-1.820157159215595247e-02
2.279166666666666430e+01,-1.836853173038563783e-02
2.281250000000000000e+01,-1.810732993533561291e-02
2.283333333333333215e+01,-1.610839414011743659e-02
2.285416666666666430e+01,-1.407841909318442199e-02
2.287500000000000000e+01,-1.431407017386958185e-02
2.289583333333333215e+01,-1.561110895434533047e-02
2.291666666666666430e+01,-1.557965127079326446e-02
2.293750000000000000e+01,-1.539322634262010013e-02
2.295833333333333215e+01,-1.664815239170635772e-02
2.297916666666666430e+01,-1.783713233907751813e-02
2.300000000000000000e+01,-1.657120633874055449e-02
2.302083333333333215e+01,-1.411544235067475894e-02
2.304166666666666430e+01,-1.277732485390919125e-02
2.306250000000000000e+01,-1.137820456062773114e-02
2.308333333333333215e+01,-7.701274208233828758e-03
2.310416666666666430e+01,-3.057185607225007280e-03
2.312500000000000000e+01,2.461432793491961099e-04
2.314583333333333215e+01,3.287152989464125867e-03
2.316666666666666430e+01,7.461427752082193041e-03
2.318750000000000000e+01,1.106410341610110717e-02
2.320833333333333215e+01,1.180103759754165364e-02
2.322916666666666430e+01,1.087531261272352105e-02
2.325000000000000000e+01,1.067168726308558198e-02
2.327083333333333215e+01,1.008079721229620390e-02
2.329166666666666430e+01,7.988976151897479033e-03
2.331250000000000000e+01,6.040306614618121649e-03
2.333333333333333215e+01,6.049787753276681529e-03
2.335416666666666430e+01,6.509688285574305108e-03
2.337500000000000000e+01,5.101325080556483663e-03
2.339583333333333215e+01,3.005882684552356725e-03
2.341666666666666430e+01,2.601654559918725653e-03
2.343750000000000000e+01,2.635237064435308994e-03
2.345833333333333215e+01,8.128103947818506210e-04
2.347916666666666430e+01,-1.668631169953640634e-03
2.350000000000000000e+01,-2.411991534203395109e-03
2.352083333333333215e+01,-2.651336617365307978e-03
2.354166666666666430e+01,-4.674146382602205677e-03
2.356250000000000000e+01,-7.283599656089921950e-03
2.358333333333333215e+01,-8.137334146714051905e-03
2.360416666666666430e+01,-8.514745495308909118e-03
2.362500000000000000e+01,-1.070947936582149554e-02
2.364583333333333215e+01,-1.351890831550451449e-02
2.366666666666666430e+01,-1.456555639132710474e-02
2.368750000000000000e+01,-1.510355829423540817e-02
2.370833333333333215e+01,-1.738817411162063217e-02
2.372916666666666430e+01,-2.020989217354456774e-02
2.375000000000000000e+01,-2.119759092826751720e-02
2.377083333333333215e+01,-2.156674023438511639e-02
2.379166666666666430e+01,-2.328414776190681351e-02
2.381250000000000000e+01,-2.501572570266568860e-02
2.383333333333333215e+01,-2.438767436628791127e-02
2.385416666666666430e+01,-2.265997101147735129e-02
2.387500000000000000e+01,-2.212900746976712713e-02
2.389583333333333215e+01,-2.159815926383011966e-02
2.391666666666666430e+01,-1.868114811642878140e-02
2.393750000000000000e+01,-1.465673658144792633e-02
2.395833333333333215e+01,-1.188814271144282911e-02
2.397916666666666430e+01,-9.222495107194698255e-03
2.400000000000000000e+01,-4.316202704464618470e-03
2.402083333333333215e+01,1.608465486433911925e-03
2.404166666666666430e+01,6.244353454236468114e-03
2.406250000000000000e+01,1.062577872589314833e-02
2.408333333333333215e+01,1.582019567063898402e-02
2.410416666666666430e+01,2.010157655969293730e-02
2.412500000000000000e+01,2.213282353401407540e-02
2.414583333333333215e+01,2.355073527033473696e-02
2.416666666666666430e+01,2.673293024969412499e-02
2.418750000000000000e+01,3.043097049425757400e-02
2.420833333333333215e+01,3.235741299397738857e-02
2.422916666666666430e+01,3.359556720467340302e-02
2.425000000000000000e+01,3.567162776792813517e-02
2.427083333333333215e+01,3.699049686558288780e-02
2.429166666666666430e+01,3.526390361494225606e-02
2.431250000000000000e+01,3.170249692493068427e-02
2.433333333333333215e+01,2.868925230028407380e-02
2.435416666666666430e+01,2.516574223471937724e-02
2.437500000000000000e+01,2.040520687532401331e-02
2.439583333333333215e+01,1.606868853477622788e-02
2.441666666666666430e+01,1.275954736699149057e-02
2.443750000000000000e+01,8.865336843596621080e-03
2.445833333333333215e+01,5.237530188723956391e-03
2.447916666666666430e+01,3.164176508383778098e-03
2.450000000000000000e+01,1.142283914681870840e-03
2.452083333333333215e+01,-2.802413611166647365e-03
2.454166666666666430e+01,-7.326145651189578875e-03
2.456250000000000000e+01,-1.018316501628445218e-02
2.458333333333333215e+01,-1.262857786979798037e-02
2.460416666666666430e+01,-1.669602236274166790e-02
2.462500000000000000e+01,-2.111453989926900809e-02
2.464583333333333215e+01,-2.371685841239030632e-02
2.466666666666666430e+01,-2.578709001147146129e-02
2.468750000000000000e+01,-2.877747119196556735e-02
2.470833333333333215e+01,-3.116888575724121105e-02
2.472916666666666430e+01,-3.079732227533414288e-02
2.475000000000000000e+01,-2.907032508172486748e-02
2.477083333333333215e+01,-2.849411221788788334e-02
2.479166666666666430e+01,-2.802352603580915424e-02
2.481250000000000000e+01,-2.548833346820026172e-02
2.483333333333333215e+01,-2.228578121028259099e-02
2.485416666666666430e+01,-2.092880712955738978e-02
2.487500000000000000e+01,-2.037894912308061898e-02
2.489583333333333215e+01,-1.844545131014950143e-02
2.491666666666666430e+01,-1.633158575795006298e-02
2.493750000000000000e+01,-1.565950926853887024e-02
2.495833333333333215e+01,-1.499704668889053662e-02
2.497916666666666430e+01,-1.216326087516991436e-02
2.500000000000000000e+01,-8.579771817053922708e-03
2.502083333333333215e+01,-6.711998102543197293e-03
2.504166666666666430e+01,-5.485758965317936130e-03
2.506250000000000000e+01,-2.720138068537794780e-03
2.508333333333333215e+01,1.774091072115350685e-04
2.510416666666666430e+01,7.179199341137849346e-04
2.512500000000000000e+01,-4.072502955658862246e-05
2.514583333333333215e+01,1.499358247582680220e-04
2.516666666666666430e+01,5.494889268828537753e-04
2.518750000000000000e+01,-2.294252220028191293e-04
2.520833333333333215e+01,-7.413305215239791727e-04
2.522916666666666430e+01,1.216614441063491696e-03
2.525000000000000000e+01,4.258156327557960710e-03
2.527083333333333215e+01,5.873261539942810361e-03
2.529166666666666430e+01,7.108173007940110991e-03
2.531250000000000000e+01,1.015031177532257564e-02
2.533333333333333215e+01,1.364797311401650184e-02
2.535416666666666430e+01,1.518230784205856082e-02
2.537500000000000000e+01,1.583665350257082785e-02
2.539583333333333215e+01,1.777862361399069543e-02
2.541666666666666430e+01,1.958907503987293922e-02
2.543750000000000000e+01,1.877391884606867400e-02
2.545833333333333215e+01,1.639343288922445047e-02
2.547916666666666430e+01,1.468559080382967480e-02
2.550000000000000000e+01,1.293604168862859914e-02
2.552083333333333215e+01,9.926261972417771764e-03
2.554166666666666430e+01,7.147573648173321387e-03
2.556250000000000000e+01,6.702311873111518707e-03
2.558333333333333215e+01,7.172383315144230213e-03
2.560416666666666430e+01,6.102291742045574431e-03
2.562500000000000000e+01,4.571381652772523764e-03
2.564583333333333215e+01,4.757633741715283637e-03
2.566666666666666430e+01,5.254080675431223486e-03
2.568750000000000000e+01,3.590595687689195330e-03
2.570833333333333215e+01,8.595114076772525022e-04
2.572916666666666430e+01,-7.518234756137799017e-04
2.575000000000000000e+01,-2.414643666288824198e-03
2.577083333333333215e+01,-4.862620618826474228e-03
2.579166666666666430e+01,-6.504433437975240713e-03
2.581250000000000000e+01,-7.037697294063853873e-03
2.583333333333333215e+01,-8.209405059562364937e-03
2.585416666666666430e+01,-8.942696562563854853e-03
2.587500000000000000e+01,-7.501269792676448431e-03
2.589583333333333215e+01,-5.413673658168419861e-03
2.591666666666666430e+01,-5.135583713275962588e-03
2.593750000000000000e+01,-5.537846931608472571e-03
2.595833333333333215e+01,-4.442073075153387361e-03
2.597916666666666430e+01,-3.240156774353791704e-03
2.600000000000000000e+01,-4.420357045528917200e-03
2.602083333333333215e+01,-6.897477811284358218e-03
2.604166666666666430e+01,-8.359819078869597589e-03
2.606250000000000000e+01,-8.924621713732656947e-03
2.608333333333333215e+01,-1.051859260395819097e-02
2.610416666666666430e+01,-1.206074085236681637e-02
2.612500000000000000e+01,-1.140564553041163200e-02
2.614583333333333215e+01,-9.957612427901187807e-03
2.616666666666666430e+01,-1.020504770170085548e-02
2.618750000000000000e+01,-1.106881451236011067e-02
2.620833333333333215e+01,-1.040724640125657678e-02
2.622916666666666430e+01,-9.544850781686844282e-03
2.625000000000000000e+01,-1.024382192277730787e-02
2.627083333333333215e+01,-1.110723981396364961e-02
2.629166666666666430e+01,-9.986450974267729874e-03
2.631250000000000000e+01,-8.236686509445912546e-03
2.633333333333333215e+01,-8.320904802354906968e-03
2.635416666666666430e+01,-9.174031588949095248e-03
2.637500000000000000e+01,-8.665092181150454986e-03
2.639583333333333215e+01,-8.006052125531026159e-03
2.641666666666666430e+01,-8.158554639671116576e-03
2.643750000000000000e+01,-7.550087323048550181e-03
2.645833333333333215e+01,-5.747297566146407702e-03
2.647916666666666430e+01,-4.424215200860835348e-03
2.650000000000000000e+01,-2.687793061582125637e-03
2.652083333333333215e+01,4.538838649014071986e-04
2.654166666666666430e+01,3.233480630117937377e-03
2.656250000000000000e+01,4.445382172310205493e-03
2.658333333333333215e+01,5.696018125436724984e-03
2.660416666666666430e+01,9.021834325877546579e-03
2.662500000000000000e+01,1.294230510060059673e-02
2.664583333333333215e+01,1.495793074401536443e-02
2.666666666666666430e+01,1.612686727812288889e-02
2.668750000000000000e+01,1.864422095383532624e-02
2.670833333333333215e+01,2.110679111536570979e-02
2.672916666666666430e+01,2.098707848309528529e-02
2.675000000000000000e+01,1.933214154819090647e-02
2.677083333333333215e+01,1.837804899647723852e-02
2.679166666666666430e+01,1.720266879274878064e-02
2.681250000000000000e+01,1.484573887436847241e-02
2.683333333333333215e+01,1.284711411452764754e-02
2.685416666666666430e+01,1.212169192261426318e-02
2.687500000000000000e+01,1.098409331279853740e-02
2.689583333333333215e+01,9.091267095516745653e-03
2.691666666666666430e+01,8.022933865029601222e-03
2.693750000000000000e+01,6.747805027631910597e-03
2.695833333333333215e+01,4.752357960971398398e-03
2.697916666666666430e+01,3.602386231400248311e-03
2.700000000000000000e+01,2.509635949741786162e-03
2.702083333333333215e+01,3.095371289712003926e-04
2.704166666666666430e+01,-1.504165375567367152e-03
2.706250000000000000e+01,-1.110658578995412423e-03
2.708333333333333215e+01,-3.878202299630587784e-05
2.710416666666666430e+01,-7.590739517430298471e-04
2.712500000000000000e+01,-2.223243056034836674e-03
2.714583333333333215e+01,-2.264949197202168699e-03
2.716666666666666430e+01,-2.194705512498312805e-03
2.718750000000000000e+01,-3.856637382964474801e-03
2.720833333333333215e+01,-5.893568810620674822e-03
2.722916666666666430e+01,-6.103687257383125231e-03
2.725000000000000000e+01,-5.880703936804450131e-03
2.727083333333333215e+01,-7.700118948180235436e-03
2.729166666666666430e+01,-1.047208002122303194e-02
2.731250000000000000e+01,-1.192922850008733791e-02
2.733333333333333215e+01,-1.273649509783994320e-02
2.735416666666666430e+01,-1.438903670165076788e-02
2.737500000000000000e+01,-1.549624257405668795e-02
2.739583333333333215e+01,-1.381212431821379413e-02
2.741666666666666430e+01,-1.066841619232397793e-02
2.743750000000000000e+01,-8.381295285485968610e-03
2.745833333333333215e+01,-5.868529985950183409e-03
2.747916666666666430e+01,-1.611628315520544303e-03
2.750000000000000000e+01,2.753647205206265734e-03
2.752083333333333215e+01,4.914218774418895042e-03
2.754166666666666430e+01,6.030408663017224578e-03
2.756250000000000000e+01,8.489677000777589091e-03
2.758333333333333215e+01,1.113506487176718976e-02
2.760416666666666430e+01,1.172578546807282601e-02
2.762500000000000000e+01,1.158974583709445651e-02
2.764583333333333215e+01,1.320909418253730580e-02
2.766666666666666430e+01,1.551936902070798381e-02
2.768750000000000000e+01,1.633698366846645864e-02
2.770833333333333215e+01,1.699385917692240386e-02
2.772916666666666430e+01,1.935528949004464844e-02
2.775000000000000000e+01,2.206364713937515598e-02
2.777083333333333215e+01,2.293501025559018316e-02
2.779166666666666430e+01,2.334879755552837083e-02
2.781250000000000000e+01,2.558526816934006062e-02
2.783333333333333215e+01,2.848777505126976264e-02
2.785416666666666430e+01,2.985432305145694840e-02
2.787500000000000000e+01,3.064918423861371852e-02
2.789583333333333215e+01,3.193169656622524277e-02
2.791666666666666430e+01,3.221804861981525381e-02
2.793750000000000000e+01,3.052096503878180822e-02
2.795833333333333215e+01,2.859541958694833408e-02
2.797916666666666430e+01,2.763516305527486186e-02
2.800000000000000000e+01,2.609614457099921139e-02
2.802083333333333215e+01,2.234324933481810979e-02
2.804166666666666430e+01,1.800445561354967194e-02
2.806250000000000000e+01,1.553026391549558981e-02
2.808333333333333215e+01,1.385355265651966317e-02
2.810416666666666430e+01,1.081123030107751862e-02
2.812500000000000000e+01,7.763287551043788516e-03
2.814583333333333215e+01,6.852481056470652483e-03
2.816666666666666430e+01,6.871605177352906046e-03
2.818750000000000000e+01,5.641300498276065507e-03
2.820833333333333215e+01,4.414082207360007365e-03
2.822916666666666430e+01,4.446230524577115054e-03
2.825000000000000000e+01,4.160709349193682065e-03
2.827083333333333215e+01,1.640591236790213360e-03
2.829166666666666430e+01,-1.583623726003598534e-03
2.831250000000000000e+01,-3.007893492293422372e-03
2.833333333333333215e+01,-3.686313173406099899e-03
2.835416666666666430e+01,-5.783840713430676676e-03
2.837500000000000000e+01,-7.901299974896866876e-03
2.839583333333333215e+01,-7.541958571553681635e-03
2.841666666666666430e+01,-5.750047171623507390e-03
2.843750000000000000e+01,-4.809210990254149908e-03
2.845833333333333215e+01,-4.301796514606739258e-03
2.847916666666666430e+01,-2.502912930829713153e-03
2.850000000000000000e+01,-6.391085161254006584e-04
2.852083333333333215e+01,-9.318268921845131907e-04
2.854166666666666430e+01,-2.022635259371751565e-03
2.856250000000000000e+01,-1.484914471352421442e-03
2.858333333333333215e+01,-4.090976833903050419e-04
2.860416666666666430e+01,-9.769697366121968610e-04
2.862500000000000000e+01,-1.790233222510267822e-03
2.864583333333333215e+01,-3.378343104262505870e-04
2.866666666666666430e+01,2.328415197534139999e-03
2.868750000000000000e+01,3.891183813331124987e-03
2.870833333333333215e+01,4.695041084435977799e-03
2.872916666666666430e+01,6.733040455295561701e-03
2.875000000000000000e+01,8.906315494070209809e-03
2.877083333333333215e+01,9.023990053374600709e-03
2.879166666666666430e+01,8.441552715422292325e-03
2.881250000000000000e+01,9.598228665913139182e-03
2.883333333333333215e+01,1.141538182132844498e-02
2.885416666666666430e+01,1.172282323122755300e-02
2.887500000000000000e+01,1.172098031818877631e-02
2.889583333333333215e+01,1.245526972083529395e-02
2.891666666666666430e+01,1.237512136028144118e-02
2.893750000000000000e+01,1.036148870877324699e-02
2.895833333333333215e+01,8.183684184075154522e-03
2.897916666666666430e+01,7.506796557798702668e-03
2.900000000000000000e+01,6.911800831796793831e-03
2.902083333333333215e+01,4.223292177087853080e-03
2.904166666666666430e+01,8.477222846434384574e-04
2.906250000000000000e+01,-7.112883899646593299e-04
2.908333333333333215e+01,-1.498921722705753162e-03
2.910416666666666430e+01,-3.685063059901710469e-03
2.912500000000000000e+01,-5.927181755147031827e-03
2.914583333333333215e+01,-5.950069555036071461e-03
2.916666666666666430e+01,-4.897497003244884184e-03
2.918750000000000000e+01,-4.953952747441407560e-03
2.920833333333333215e+01,-4.950457101364345858e-03
2.922916666666666430e+01,-4.056627713000552846e-03
2.925000000000000000e+01,-3.826336020409119767e-03
2.927083333333333215e+01,-4.755416127894680246e-03
2.929166666666666430e+01,-5.155647625386274198e-03
2.931250000000000000e+01,-5.826147459505067946e-03
2.933333333333333215e+01,-7.981146486035763446e-03
2.935416666666666430e+01,-9.941717377002071143e-03
2.937500000000000000e+01,-9.851684362649118509e-03
2.939583333333333215e+01,-9.061799509076333761e-03
2.941666666666666430e+01,-9.726414897732535078e-03
2.943750000000000000e+01,-1.044274754592992675e-02
2.945833333333333215e+01,-8.739557524024174975e-03
2.947916666666666430e+01,-5.703780626901522322e-03
2.950000000000000000e+01,-3.660424899633908831e-03
2.952083333333333215e+01,-2.542140896253697151e-03
2.954166666666666430e+01,-4.305471018351079288e-04
2.956250000000000000e+01,1.616167590138410529e-03
2.958333333333333215e+01,1.446535354354369727e-03
2.960416666666666430e+01,4.554193783118661389e-04
2.962500000000000000e+01,1.150949623367876701e-03
2.964583333333333215e+01,2.479065530879290095e-03
2.966666666666666430e+01,2.278981730538834523e-03
2.968750000000000000e+01,1.825274660777104251e-03
2.970833333333333215e+01,3.068755806253206826e-03
2.972916666666666430e+01,4.741181990594782979e-03
2.975000000000000000e+01,4.695341732166492810e-03
2.977083333333333215e+01,4.252658393615537172e-03
2.979166666666666430e+01,5.523982803898767197e-03
2.981250000000000000e+01,7.263345517817431339e-03
2.983333333333333215e+01,7.287706663409942130e-03
2.985416666666666430e+01,6.877228329463996870e-03
2.987500000000000000e+01,7.825267733708165738e-03
2.989583333333333215e+01,8.767182261919829675e-03
2.991666666666666430e+01,7.525306117636977252e-03
2.993750000000000000e+01,5.474867604785097451e-03
2.995833333333333215e+01,5.139465725765840834e-03
2.997916666666666430e+01,5.473149435337278448e-03
3.000000000000000000e+01,4.311615553419732329e-03
3.002083333333333215e+01,2.927245374221668604e-03
3.004166666666666430e+01,2.925619521137385812e-03
3.006250000000000000e+01,2.853634279219940430e-03
3.008333333333333215e+01,5.535991106190810574e-04
3.010416666666666430e+01,-2.574848041420923356e-03
3.012500000000000000e+01,-4.022115277318051921e-03
3.014583333333333215e+01,-4.888264344524028901e-03
3.016666666666666430e+01,-7.344465674086076562e-03
3.018750000000000000e+01,-9.971611019539991169e-03
3.020833333333333215e+01,-1.025440617186852178e-02
3.022916666666666430e+01,-9.281428777555934123e-03
3.025000000000000000e+01,-9.251487998341540592e-03
3.027083333333333215e+01,-9.209398025036674706e-03
3.029166666666666430e+01,-7.952886170631588009e-03
3.031250000000000000e+01,-7.066073321916134346e-03
3.033333333333333215e+01,-8.602880862251634925e-03
3.035416666666666430e+01,-1.113563404881467295e-02
3.037500000000000000e+01,-1.217917182889724503e-02
3.039583333333333215e+01,-1.279675264817890616e-02
3.041666666666666430e+01,-1.512902601681804376e-02
3.043750000000000000e+01,-1.777800921410188986e-02
3.045833333333333215e+01,-1.824794453978950334e-02
3.047916666666666430e+01,-1.759528756856956755e-02
3.050000000000000000e+01,-1.796657372526703697e-02
3.052083333333333215e+01,-1.806352294715170628e-02
3.054166666666666430e+01,-1.609772215771339277e-02
3.056250000000000000e+01,-1.342966607160108079e-02
3.058333333333333215e+01,-1.221015551847684684e-02
3.060416666666666430e+01,-1.109944221658352298e-02
3.062500000000000000e+01,-7.912404210966153886e-03
3.064583333333333215e+01,-3.832322712460204967e-03
3.066666666666666430e+01,-1.022516286844144581e-03
3.068750000000000000e+01,1.576856158996945778e-03
3.070833333333333215e+01,4.536480999047068016e-03
3.072916666666666430e+01,6.316045519430381686e-03
3.075000000000000000e+01,7.588396800509810206e-03
3.077083333333333215e+01,9.802964232589965465e-03
3.079166666666666430e+01,1.158792960039103231e-02
3.081250000000000000e+01,1.078679845305357578e-02
3.083333333333333215e+01,8.776470003346061033e-03
3.085416666666666430e+01,7.976832896495722816e-03
3.087500000000000000e+01,7.312309206934492455e-03
3.089583333333333215e+01,4.614632665066500591e-03
3.091666666666666430e+01,1.277164236738579381e-03
3.093750000000000000e+01,-1.995476543741698193e-04
3.095833333333333215e+01,-8.584517375449021975e-04
3.097916666666666430e+01,-2.876060918523623208e-03
3.100000000000000000e+01,-4.863189976616414875e-03
3.102083333333333215e+01,-4.441351300475879053e-03
3.104166666666666430e+01,-2.724346525903072712e-03
3.106250000000000000e+01,-1.979435756285357565e-03
3.108333333333333215e+01,-1.595070347116976520e-03
3.110416666666666430e+01,4.370028920146342777e-05
3.112500000000000000e+01,1.635497356111901114e-03
3.114583333333333215e+01,1.010702299196021949e-03
3.116666666666666430e+01,-4.543371326331943280e-04
3.118750000000000000e+01,-3.536458033061503107e-04
3.120833333333333215e+01,2.061157108712089717e-04
3.122916666666666430e+01,-1.005037968185805257e-03
3.125000000000000000e+01,-2.630646687232567234e-03
3.127083333333333215e+01,-2.283076880675977225e-03
3.129166666666666430e+01,-1.091201257358374822e-03
3.131250000000000000e+01,-1.363653422384131838e-03
3.133333333333333215e+01,-1.835458056354998240e-03
3.135416666666666430e+01,-4.609468378861822043e-04
3.137500000000000000e+01,1.463851584865846680e-03
3.139583333333333215e+01,1.577100502268738436e-03
3.141666666666666430e+01,1.151363092312629411e-03
3.143750000000000000e+01,2.489685346327277782e-03
3.145833333333333215e+01,4.413866803281647593e-03
3.147916666666666430e+01,4.582731218695991482e-03
3.150000000000000000e+01,4.234186001059194425e-03
3.152083333333333215e+01,5.635316812643591765e-03
3.154166666666666430e+01,7.586693228351788255e-03
3.156250000000000000e+01,7.737172969753607771e-03
3.158333333333333215e+01,7.372555711276290724e-03
3.160416666666666430e+01,8.786486271677910673e-03
3.162500000000000000e+01,1.078549331227990175e-02
3.164583333333333215e+01,1.101432496702390608e-02
3.166666666666666430e+01,1.070711266834602216e-02
3.168750000000000000e+01,1.180472802988159070e-02
3.170833333333333215e+01,1.296409931269156685e-02
3.172916666666666430e+01,1.182469522039578114e-02
3.175000000000000000e+01,9.660306169291246400e-03
3.177083333333333215e+01,8.778806567913872289e-03
3.179166666666666430e+01,8.000904798253603498e-03
3.181250000000000000e+01,4.953042504430042389e-03
3.183333333333333215e+01,8.324261867460327428e-04
3.185416666666666430e+01,-2.089552283219901687e-03
3.187500000000000000e+01,-4.971271651355549555e-03
3.189583333333333215e+01,-9.922007676269137960e-03
3.191666666666666430e+01,-1.555616915855832089e-02
3.193750000000000000e+01,-1.957413935133003186e-02
3.195833333333333215e+01,-2.308200062890768817e-02
3.197916666666666430e+01,-2.786456551464520232e-02
3.200000000000000000e+01,-3.243295975682383009e-02
3.202083333333332860e+01,-3.450017747654607336e-02
3.204166666666666430e+01,-3.524976738063302639e-02
3.206250000000000000e+01,-3.705381366739068233e-02
3.208333333333332860e+01,-3.869666935180078593e-02
3.210416666666666430e+01,-3.790310803726837374e-02
3.212500000000000000e+01,-3.585956570658464099e-02
3.214583333333332860e+01,-3.493034690082669202e-02
3.216666666666666430e+01,-3.384987237525588499e-02
3.218750000000000000e+01,-3.031610439117540454e-02
3.220833333333332860e+01,-2.550219367631613443e-02
3.222916666666666430e+01,-2.179335853850150953e-02
3.225000000000000000e+01,-1.807985636052610381e-02
3.227083333333332860e+01,-1.273310359863507983e-02
3.229166666666666430e+01,-7.246504434402256320e-03
3.231250000000000000e+01,-4.014425973911337278e-03
3.233333333333332860e+01,-1.786162287156512971e-03
3.235416666666666430e+01,1.751162079724425964e-03
3.237500000000000000e+01,5.442331299949594581e-03
3.239583333333332860e+01,6.923626198762548520e-03
3.241666666666666430e+01,7.385495710050019383e-03
3.243750000000000000e+01,9.100815261100264619e-03
3.245833333333332860e+01,1.087331289862336972e-02
3.247916666666666430e+01,1.032284197223234945e-02
3.250000000000000000e+01,8.710898801219509047e-03
3.252083333333332860e+01,8.346268911204901900e-03
3.254166666666666430e+01,8.055675470648143710e-03
3.256250000000000000e+01,5.470987811496448236e-03
3.258333333333332860e+01,1.857487357062959608e-03
3.260416666666666430e+01,-4.749050347568139845e-04
3.262500000000000000e+01,-2.604198624463589622e-03
3.264583333333332860e+01,-6.149000238514383543e-03
3.266666666666666430e+01,-9.587036064761517498e-03
3.268750000000000000e+01,-1.066038559561157534e-02
3.270833333333332860e+01,-1.059216923980520544e-02
3.272916666666666430e+01,-1.175021134133374771e-02
3.275000000000000000e+01,-1.285188136948612128e-02
3.277083333333332860e+01,-1.159895687752759801e-02
3.279166666666666430e+01,-9.185486360845132939e-03
3.281250000000000000e+01,-7.979455253464513148e-03
3.283333333333332860e+01,-6.760403856130474572e-03
3.285416666666666430e+01,-3.319272549410866909e-03
3.287500000000000000e+01,1.113666954693775775e-03
3.289583333333332860e+01,4.189884333133452737e-03
3.291666666666666430e+01,7.052627573777717727e-03
3.293750000000000000e+01,1.081801019352138585e-02
3.295833333333332860e+01,1.385096391515104781e-02
3.297916666666666430e+01,1.447485276364389797e-02
3.300000000000000000e+01,1.423041970560349687e-02
3.302083333333332860e+01,1.538721966910669078e-02
3.304166666666666430e+01,1.673879279136045520e-02
3.306250000000000000e+01,1.593935105166854188e-02
3.308333333333332860e+01,1.428579523104641334e-02
3.310416666666666430e+01,1.407119242110289013e-02
3.312500000000000000e+01,1.409878863698088916e-02
3.314583333333332860e+01,1.200973541067213227e-02
3.316666666666666430e+01,8.991727585047579532e-03
3.318750000000000000e+01,7.272938763369173054e-03
3.320833333333332860e+01,5.570315758975618627e-03
3.322916666666666430e+01,1.596129253546939037e-03
3.325000000000000000e+01,-3.514448902099140057e-03
3.327083333333332860e+01,-7.465922091247891024e-03
3.329166666666666430e+01,-1.079226583476211587e-02
3.331250000000000000e+01,-1.507672490123107209e-02
3.333333333333332860e+01,-1.901911956509009377e-02
3.335416666666666430e+01,-2.044158505081035068e-02
3.337500000000000000e+01,-2.071848116463050407e-02
3.339583333333332860e+01,-2.226905679043871683e-02
3.341666666666666430e+01,-2.397413133061126675e-02
3.343750000000000000e+01,-2.360822938848908606e-02
3.345833333333332860e+01,-2.254250302551577545e-02
3.347916666666666430e+01,-2.321374678815814330e-02
3.350000000000000000e+01,-2.453721612833269922e-02
3.352083333333332860e+01,-2.435893048983815701e-02
3.354166666666666430e+01,-2.389605965415656993e-02
3.356250000000000000e+01,-2.412391785028352581e-02
3.358333333333332860e+01,-2.348644599964949328e-02
3.360416666666666430e+01,-2.103187348225286565e-02
3.362500000000000000e+01,-1.852777258299656560e-02
3.364583333333332860e+01,-1.719881105056217038e-02
3.366666666666666430e+01,-1.548703889259247721e-02
3.368750000000000000e+01,-1.146255271807346265e-02
3.370833333333332860e+01,-6.614879385470058375e-03
3.372916666666666430e+01,-3.435347489491400591e-03
3.375000000000000000e+01,-8.915966327509904175e-04
3.377083333333332860e+01,3.181092503069663999e-03
3.379166666666666430e+01,7.399503586838300159e-03
3.381250000000000000e+01,9.314672228024796496e-03
3.383333333333332860e+01,9.989351307212915310e-03
3.385416666666666430e+01,1.159750131325468919e-02
3.387500000000000000e+01,1.285758185149118646e-02
3.389583333333332860e+01,1.222530280115383117e-02
3.391666666666666430e+01,1.117313945556166685e-02
3.393750000000000000e+01,1.189497683888890781e-02
3.395833333333332860e+01,1.305458098954317969e-02
3.397916666666666430e+01,1.217997817211718091e-02
3.400000000000000000e+01,1.034355920710326726e-02
3.402083333333332860e+01,9.726158060202071132e-03
3.404166666666666430e+01,9.031478706678516821e-03
3.406250000000000000e+01,6.693275320298749595e-03
3.408333333333332860e+01,4.200209850468602547e-03
3.410416666666666430e+01,3.731710067877429000e-03
3.412500000000000000e+01,3.885928607740092924e-03
3.414583333333332860e+01,2.255254703323670944e-03
3.416666666666666430e+01,-3.409974599538406412e-05
3.418750000000000000e+01,-7.351413400004508901e-04
3.420833333333332860e+01,-1.158617552899877164e-03
3.422916666666666430e+01,-3.409737800153963844e-03
3.425000000000000000e+01,-6.208420343135253802e-03
3.427083333333332860e+01,-7.186770236714102623e-03
3.429166666666666430e+01,-7.608513166636594188e-03
3.431250000000000000e+01,-9.779127504920187564e-03
3.433333333333332860e+01,-1.253115276992361124e-02
3.435416666666666430e+01,-1.349126465786595203e-02
3.437500000000000000e+01,-1.385070289827281149e-02
3.439583333333332860e+01,-1.550952552101486984e-02
3.441666666666666430e+01,-1.714043161656036984e-02
3.443750000000000000e+01,-1.643087447080292945e-02
3.445833333333332860e+01,-1.464130653511179839e-02
3.447916666666666430e+01,-1.407817149564759805e-02
3.450000000000000000e+01,-1.357123691226267553e-02
3.452083333333332860e+01,-1.074893939929835382e-02
3.454166666666666430e+01,-6.873574530408826586e-03
3.456250000000000000e+01,-4.256007674377768057e-03
3.458333333333332860e+01,-1.722696468568517009e-03
3.460416666666666430e+01,3.099800231229295037e-03
3.462500000000000000e+01,9.033780590170965852e-03
3.464583333333332860e+01,1.375943996061678581e-02
3.466666666666666430e+01,1.792495284671354397e-02
3.468750000000000000e+01,2.298548832450422741e-02
3.470833333333332860e+01,2.747379831193128355e-02
3.472916666666666430e+01,2.916936459606149501e-02
3.475000000000000000e+01,2.941362851857329264e-02
3.477083333333332860e+01,3.065820912485047248e-02
3.479166666666666430e+01,3.185353843541773727e-02
3.481250000000000000e+01,3.085215039110977484e-02
3.483333333333332860e+01,2.904812681562508880e-02
3.485416666666666430e+01,2.892937725058202306e-02
3.487500000000000000e+01,2.945786923852596051e-02
3.489583333333332860e+01,2.847454167373428963e-02
3.491666666666666430e+01,2.724523593663432178e-02
3.493750000000000000e+01,2.725575860383723861e-02
3.495833333333332860e+01,2.699874623627851813e-02
3.497916666666666430e+01,2.422066933817991485e-02
3.500000000000000000e+01,2.026748180828807228e-02
3.502083333333332860e+01,1.746255679744353542e-02
3.504166666666666430e+01,1.463236759704305591e-02
3.506250000000000000e+01,9.498889157651100451e-03
3.508333333333332860e+01,3.393441899244488413e-03
3.510416666666666430e+01,-1.381232435125747749e-03
3.512500000000000000e+01,-5.805199431830851929e-03
3.514583333333332860e+01,-1.095543960179599582e-02
3.516666666666666430e+01,-1.518249232251698416e-02
3.518750000000000000e+01,-1.712012720134227159e-02
3.520833333333332860e+01,-1.837556948568095164e-02
3.522916666666666430e+01,-2.131716661693455403e-02
3.525000000000000000e+01,-2.467284082229640602e-02
3.527083333333332860e+01,-2.614191836485722092e-02
3.529166666666666430e+01,-2.686405427646623018e-02
3.531250000000000000e+01,-2.893074186719256369e-02
3.533333333333332860e+01,-3.102234639659739307e-02
3.535416666666666430e+01,-3.086412921540097887e-02
3.537500000000000000e+01,-2.963146050383046182e-02
3.539583333333332860e+01,-2.968486890871766676e-02
3.541666666666666430e+01,-2.976756349906652804e-02
3.543750000000000000e+01,-2.757197648759675615e-02
3.545833333333332860e+01,-2.426294806933334408e-02
3.547916666666666430e+01,-2.221926442364985724e-02
3.550000000000000000e+01,-2.019901298604934864e-02
3.552083333333332860e+01,-1.588804750582577252e-02
3.554166666666666430e+01,-1.044000174661293898e-02
3.556250000000000000e+01,-6.225717579856600639e-03
3.558333333333332860e+01,-2.119876367526986414e-03
3.560416666666666430e+01,3.626158871812629452e-03
3.562500000000000000e+01,9.594188531963056960e-03
3.564583333333332860e+01,1.339848430619498300e-02
3.566666666666666430e+01,1.628506929327710670e-02
3.568750000000000000e+01,2.056711839838122613e-02
3.570833333333332860e+01,2.509018375544455615e-02
3.572916666666666430e+01,2.747567703069782666e-02
3.575000000000000000e+01,2.895997328496222045e-02
3.577083333333332860e+01,3.186240711079692950e-02
3.579166666666666430e+01,3.504247425052657572e-02
3.581250000000000000e+01,3.619948178554451695e-02
3.583333333333332860e+01,3.656356349301209674e-02
3.585416666666666430e+01,3.812466659332790220e-02
3.587500000000000000e+01,3.958041767405981459e-02
3.589583333333332860e+01,3.855481673472271886e-02
3.591666666666666430e+01,3.629533736995967097e-02
3.593750000000000000e+01,3.511613325292828325e-02
3.595833333333332860e+01,3.386002486720497001e-02
3.597916666666666430e+01,3.018831328475537687e-02
3.600000000000000000e+01,2.533943236504391031e-02
3.602083333333332860e+01,2.159671573460055297e-02
3.604166666666666430e+01,1.778644584005631413e-02
3.606250000000000000e+01,1.164688169141728062e-02
3.608333333333332860e+01,4.494445753085671638e-03
3.610416666666666430e+01,-1.362133914715598802e-03
3.612500000000000000e+01,-6.845005199487761739e-03
3.614583333333332860e+01,-1.297644624400558222e-02
3.616666666666666430e+01,-1.804297024797387253e-02
3.618750000000000000e+01,-2.082284238749684130e-02
3.620833333333332860e+01,-2.296319973496511666e-02
3.622916666666666430e+01,-2.674895746997811921e-02
3.625000000000000000e+01,-3.087530479869889793e-02
3.627083333333332860e+01,-3.303434107407481751e-02
3.629166666666666430e+01,-3.435074790701845432e-02
3.631250000000000000e+01,-3.677908117633444524e-02
3.633333333333332860e+01,-3.886998712827234581e-02
3.635416666666666430e+01,-3.831255109970488348e-02
3.637500000000000000e+01,-3.628049920796776878e-02
3.639583333333332860e+01,-3.507552875250007085e-02
3.641666666666666430e+01,-3.338932692254222706e-02
3.643750000000000000e+01,-2.892797841447974916e-02
3.645833333333332860e+01,-2.289208065270390349e-02
3.647916666666666430e+01,-1.768015541741204191e-02
3.650000000000000000e+01,-1.245267040421760285e-02
3.652083333333332860e+01,-6.253451030235918952e-03
3.654166666666666430e+01,-6.779167858110646348e-04
3.656250000000000000e+01,3.064053817187177477e-03
3.658333333333332860e+01,6.583447153078216853e-03
3.660416666666666430e+01,1.127543171217981234e-02
3.662500000000000000e+01,1.554066257600910522e-02
3.664583333333332860e+01,1.704390348301484254e-02
3.666666666666666430e+01,1.709186308652493186e-02
3.668750000000000000e+01,1.797578630717278775e-02
3.670833333333332860e+01,1.853441486737254437e-02
3.672916666666666430e+01,1.669792787327176870e-02
3.675000000000000000e+01,1.386971546868870017e-02
3.677083333333332860e+01,1.234853448775444056e-02
3.679166666666666430e+01,1.095644894032976602e-02
3.681250000000000000e+01,7.329000634172694838e-03
3.683333333333332860e+01,2.721845684697172738e-03
3.685416666666666430e+01,-5.570197506599960371e-04
3.687500000000000000e+01,-3.496503231482400720e-03
3.689583333333332860e+01,-7.196298314810211164e-03
3.691666666666666430e+01,-1.003266950459995310e-02
3.693750000000000000e+01,-1.077737740817412589e-02
3.695833333333332860e+01,-1.109642287779791757e-02
3.697916666666666430e+01,-1.311243358645460509e-02
3.700000000000000000e+01,-1.550194111250870720e-02
3.702083333333332860e+01,-1.599375074840242092e-02
3.704166666666666430e+01,-1.578307959951065834e-02
3.706250000000000000e+01,-1.722851083895447083e-02
3.708333333333332860e+01,-1.904408596623237415e-02
3.710416666666666430e+01,-1.893032572751784590e-02
3.712500000000000000e+01,-1.808016878806967265e-02
3.714583333333332860e+01,-1.885022986942664833e-02
3.716666666666666430e+01,-1.995550685550993159e-02
3.718750000000000000e+01,-1.909737355712460422e-02
3.720833333333332860e+01,-1.746855526538064821e-02
3.722916666666666430e+01,-1.744016599747007235e-02
3.725000000000000000e+01,-1.781699250574815888e-02
3.727083333333332860e+01,-1.635784177090827615e-02
3.729166666666666430e+01,-1.428900714866716132e-02
3.731250000000000000e+01,-1.396791704191588206e-02
3.733333333333332860e+01,-1.410030279425599463e-02
3.735416666666666430e+01,-1.239314295950491585e-02
3.737500000000000000e+01,-1.004529672828519127e-02
3.739583333333332860e+01,-9.419679316128219335e-03
3.741666666666666430e+01,-9.285756817472090932e-03
3.743750000000000000e+01,-7.383377418231393957e-03
3.745833333333332860e+01,-4.918524449262625872e-03
3.747916666666666430e+01,-4.239761498606522266e-03
3.750000000000000000e+01,-4.053881347153961458e-03
3.752083333333332860e+01,-2.068440401684493342e-03
3.754166666666666430e+01,5.201657702497570470e-04
3.756250000000000000e+01,1.344430457943669287e-03
3.758333333333332860e+01,1.604371903413329874e-03
3.760416666666666430e+01,3.538099459452301136e-03
3.762500000000000000e+01,5.912626177836259427e-03
3.764583333333332860e+01,6.362067102243538184e-03
3.766666666666666430e+01,6.171517465079121544e-03
3.768750000000000000e+01,7.637825251087822405e-03
3.770833333333332860e+01,9.574167432260442465e-03
3.772916666666666430e+01,9.610677785678116078e-03
3.775000000000000000e+01,8.955356023381169650e-03
3.777083333333332860e+01,9.871284402218322152e-03
3.779166666666666430e+01,1.116805823430744825e-02
3.781250000000000000e+01,1.049122921342675666e-02
3.783333333333332860e+01,9.114711637466584027e-03
3.785416666666666430e+01,9.338270772565351180e-03
3.787500000000000000e+01,9.986349383803303642e-03
3.789583333333332860e+01,8.692560124951545855e-03
3.791666666666666430e+01,6.711607307613273038e-03
3.793750000000000000e+01,6.352531305995673047e-03
3.795833333333332860e+01,6.456260174955106082e-03
3.797916666666666430e+01,4.652541398531919760e-03
3.800000000000000000e+01,2.187116727464283056e-03
3.802083333333332860e+01,1.380052622915341155e-03
3.804166666666666430e+01,1.091236779236027903e-03
3.806250000000000000e+01,-9.645497237245777549e-04
3.808333333333332860e+01,-3.497323260509901076e-03
3.810416666666666430e+01,-4.202661906783372245e-03
3.812500000000000000e+01,-4.248573686949565220e-03
3.814583333333332860e+01,-6.008603370472495944e-03
3.816666666666666430e+01,-8.230717235647498284e-03
3.818750000000000000e+01,-8.604298614887817553e-03
3.820833333333332860e+01,-8.279095544399938528e-03
3.822916666666666430e+01,-9.525773030410838310e-03
3.825000000000000000e+01,-1.105163758244855424e-02
3.827083333333332860e+01,-1.056260897669344251e-02
3.829166666666666430e+01,-9.236575486213960060e-03
3.831250000000000000e+01,-9.441722373437280713e-03
3.833333333333332860e+01,-9.916892405889870393e-03
3.835416666666666430e+01,-8.357463502745451911e-03
3.837500000000000000e+01,-5.934518296141006420e-03
3.839583333333332860e+01,-5.025638122326474277e-03
3.841666666666666430e+01,-4.406824586964811115e-03
3.843750000000000000e+01,-1.791340244884967545e-03
3.845833333333332860e+01,1.646237875519396179e-03
3.847916666666666430e+01,3.536435298969615223e-03
3.850000000000000000e+01,5.135812000385760884e-03
3.852083333333332860e+01,8.751508867239642803e-03
3.854166666666666430e+01,1.321793364331828695e-02
3.856250000000000000e+01,1.615125253893793730e-02
3.858333333333332860e+01,1.874601028351658566e-02
3.860416666666666430e+01,2.322991769352981961e-02
3.862500000000000000e+01,2.840899688066361034e-02
3.864583333333332860e+01,3.191877773626272674e-02
3.866666666666666430e+01,3.487315101937071143e-02
3.868750000000000000e+01,3.847068278363561383e-02
3.870833333333332860e+01,4.110490637281827286e-02
3.872916666666666430e+01,4.078506187957463974e-02
3.875000000000000000e+01,3.892536051526598873e-02
3.877083333333332860e+01,3.784325082837191462e-02
3.879166666666666430e+01,3.638468008473861454e-02
3.881250000000000000e+01,3.217250586453668931e-02
3.883333333333332860e+01,2.644873137940310925e-02
3.885416666666666430e+01,2.160291814701445837e-02
3.887500000000000000e+01,1.706851181004366905e-02
3.889583333333332860e+01,1.126503975817136523e-02
3.891666666666666430e+01,5.661954633469858458e-03
3.893750000000000000e+01,2.573266666309287527e-03
3.895833333333332860e+01,8.463280830803756195e-04
3.897916666666666430e+01,-1.917362954760322598e-03
3.900000000000000000e+01,-4.580524322589120227e-03
3.902083333333332860e+01,-4.906661981043583705e-03
3.904166666666666430e+01,-4.243691598798149910e-03
3.906250000000000000e+01,-5.045290289211594795e-03
3.908333333333332860e+01,-6.223188163357444048e-03
3.910416666666666430e+01,-5.596312552632920316e-03
3.912500000000000000e+01,-4.587440909635249857e-03
3.914583333333332860e+01,-5.718653815178669116e-03
3.916666666666666430e+01,-7.927060784805971608e-03
3.918750000000000000e+01,-8.981075803633711482e-03
3.920833333333332860e+01,-9.784544827301093137e-03
3.922916666666666430e+01,-1.145338213122113966e-02
3.925000000000000000e+01,-1.248632429807066020e-02
3.927083333333332860e+01,-1.164434252609616166e-02
3.929166666666666430e+01,-1.066894459375280872e-02
3.931250000000000000e+01,-1.136997679622962602e-02
3.933333333333332860e+01,-1.238099827980870121e-02
3.935416666666666430e+01,-1.151818280444306432e-02
3.937500000000000000e+01,-1.015288678424982466e-02
3.939583333333332860e+01,-1.072366022705352993e-02
3.941666666666666430e+01,-1.213534847435707512e-02
3.943750000000000000e+01,-1.221551972684865525e-02
3.945833333333332860e+01,-1.217522427493593871e-02
3.947916666666666430e+01,-1.285529359867940494e-02
3.950000000000000000e+01,-1.267262997932460701e-02
3.952083333333332860e+01,-1.114775668633106662e-02
3.954166666666666430e+01,-1.004066465446075418e-02
3.956250000000000000e+01,-8.667592012468141108e-03
3.958333333333332860e+01,-5.354950758901627986e-03
3.960416666666666430e+01,-1.605088500456965323e-03
3.962500000000000000e+01,8.063986083112353138e-05
3.964583333333332860e+01,7.499807522784058276e-04
3.966666666666666430e+01,2.560794150112314423e-03
3.968750000000000000e+01,4.210495527040647966e-03
3.970833333333332860e+01,3.875398973934453435e-03
3.972916666666666430e+01,2.913531410899500643e-03
3.975000000000000000e+01,3.475159124276613106e-03
3.977083333333332860e+01,4.178667821730030867e-03
3.979166666666666430e+01,2.539042476900698654e-03
3.981250000000000000e+01,-3.769533251619654624e-04
3.983333333333332860e+01,-2.264753485918552783e-03
3.985416666666666430e+01,-3.243315440471372137e-03
3.987500000000000000e+01,-5.250513288687180119e-03
3.989583333333332860e+01,-7.235511706648183571e-03
3.991666666666666430e+01,-7.054289434715947313e-03
3.993750000000000000e+01,-6.092557815133316061e-03
3.995833333333332860e+01,-6.849637078740254334e-03
3.997916666666666430e+01,-8.228897986954204768e-03
4.000000000000000000e+01,-8.040888625446830987e-03
4.002083333333332860e+01,-7.543931102395585314e-03
4.004166666666666430e+01,-8.280993601729047179e-03
4.006250000000000000e+01,-8.759341957017427460e-03
4.008333333333332860e+01,-6.792629180748554693e-03
4.010416666666666430e+01,-3.771785192223284754e-03
4.012500000000000000e+01,-2.228661398938766407e-03
4.014583333333332860e+01,-1.105309818682165095e-03
4.016666666666666430e+01,1.768788601592671816e-03
4.018750000000000000e+01,5.051860002747720485e-03
4.020833333333332860e+01,6.261687222231594394e-03
4.022916666666666430e+01,6.463053155641094484e-03
4.025000000000000000e+01,7.803568503355947511e-03
4.027083333333332860e+01,8.995365100717040568e-03
4.029166666666666430e+01,8.357665707593935067e-03
4.031250000000000000e+01,7.330575987084569228e-03
4.033333333333332860e+01,8.068064107255308592e-03
4.035416666666666430e+01,9.159151181679217602e-03
4.037500000000000000e+01,8.104185156922898148e-03
4.039583333333332860e+01,5.979019161615619672e-03
4.041666666666666430e+01,4.938980665969818287e-03
4.043750000000000000e+01,3.861784465507384426e-03
4.045833333333332860e+01,2.096830507912104784e-03
4.047916666666666430e+01,1.218236420487019264e-03
4.050000000000000000e+01,9.745480969774103627e-04
4.052083333333332860e+01,-6.494767619032140900e-04
4.054166666666666430e+01,-2.604355889885462232e-03
4.056250000000000000e+01,-2.702734203049147847e-03
4.058333333333332860e+01,-2.342988513226879673e-03
4.060416666666666430e+01,-3.998445221579784679e-03
4.062500000000000000e+01,-6.586386557017555841e-03
4.064583333333332860e+01,-7.840515985241647973e-03
4.066666666666666430e+01,-8.458776688790713150e-03
4.068750000000000000e+01,-1.002258677265437103e-02
4.070833333333332860e+01,-1.118119342436662417e-02
4.072916666666666430e+01,-9.742154254307423475e-03
4.075000000000000000e+01,-7.090022573520508506e-03
4.077083333333332860e+01,-5.634955687250224263e-03
4.079166666666666430e+01,-4.261521542802391462e-03
4.081250000000000000e+01,-7.418234668248793870e-04
4.083333333333332860e+01,3.528017315530989836e-03
4.085416666666666430e+01,6.107751973556170381e-03
4.087500000000000000e+01,8.089274559742953841e-03
4.089583333333332860e+01,1.163761846447443349e-02
4.091666666666666430e+01,1.533242183112250474e-02
4.093750000000000000e+01,1.667268272613661728e-02
4.095833333333332860e+01,1.671892105053943839e-02
4.097916666666666430e+01,1.764114576849198923e-02
4.100000000000000000e+01,1.815556210631638634e-02
4.102083333333332860e+01,1.674433237443232608e-02
4.104166666666666430e+01,1.489305359644441801e-02
4.106250000000000000e+01,1.477956787012243284e-02
4.108333333333332860e+01,1.499814936108889371e-02
4.110416666666666430e+01,1.303145229238723835e-02
4.112500000000000000e+01,9.933227876374505286e-03
4.114583333333332860e+01,7.899087749217813606e-03
4.116666666666666430e+01,5.799235150181132094e-03
4.118750000000000000e+01,3.043734551082692696e-03
4.120833333333332860e+01,1.232094456740198164e-03
4.122916666666666430e+01,-4.095944629098970417e-05
4.125000000000000000e+01,-2.605498067355457512e-03
4.127083333333332860e+01,-5.287482113253803503e-03
4.129166666666666430e+01,-5.924093814032203691e-03
4.131250000000000000e+01,-5.913152178251637053e-03
4.133333333333332860e+01,-7.768755764511395615e-03
4.135416666666666430e+01,-1.042310313843185753e-02
4.137500000000000000e+01,-1.167921726312281215e-02
4.139583333333332860e+01,-1.248870935897651753e-02
4.141666666666666430e+01,-1.413454659253786730e-02
4.143750000000000000e+01,-1.509259509530838823e-02
4.145833333333332860e+01,-1.335698207249897546e-02
4.147916666666666430e+01,-1.039394052388121700e-02
4.150000000000000000e+01,-8.700760360393937007e-03
4.152083333333332860e+01,-7.215805937959594157e-03
4.154166666666666430e+01,-3.798613303373833162e-03
4.156250000000000000e+01,1.543211167390831509e-04
4.158333333333332860e+01,2.159161166560775742e-03
4.160416666666666430e+01,3.366529433119774904e-03
4.162500000000000000e+01,5.985976312495880358e-03
4.164583333333332860e+01,8.725306006342617784e-03
4.166666666666666430e+01,9.144629399978074571e-03
4.168750000000000000e+01,8.485742391518221600e-03
4.170833333333332860e+01,9.067210712742542963e-03
4.172916666666666430e+01,9.711712145456250292e-03
4.175000000000000000e+01,8.060135480179841591e-03
4.177083333333332860e+01,5.377313680815976396e-03
4.179166666666666430e+01,3.963853866717987132e-03
4.181250000000000000e+01,2.746955660857270960e-03
4.183333333333332860e+01,3.362609166448760067e-04
4.185416666666666430e+01,-1.607885332413127493e-03
4.187500000000000000e+01,-9.009463793741915834e-04
4.189583333333332860e+01,1.198886656446301316e-03
4.191666666666666430e+01,2.318600304094025222e-03
4.193750000000000000e+01,3.610433431894942251e-03
4.195833333333332860e+01,6.398315734596822513e-03
4.197916666666666430e+01,9.045507591453630369e-03
4.200000000000000000e+01,9.165503827874685663e-03
4.202083333333332860e+01,8.024851405717976088e-03
4.204166666666666430e+01,7.921107333892906527e-03
4.206250000000000000e+01,7.745651579152521178e-03
4.208333333333332860e+01,5.847586105297806168e-03
4.210416666666666430e+01,3.819802518701347679e-03
4.212500000000000000e+01,4.008278655555168844e-03
4.214583333333332860e+01,5.247213491520281645e-03
4.216666666666666430e+01,5.160046712063445264e-03
4.218750000000000000e+01,4.996253922033672482e-03
4.220833333333332860e+01,7.044297914466217739e-03
4.222916666666666430e+01,1.010854066151208215e-02
4.225000000000000000e+01,1.179330108466505878e-02
4.227083333333332860e+01,1.323885448773958785e-02
4.229166666666666430e+01,1.597815206486786002e-02
4.231250000000000000e+01,1.849001471030575078e-02
4.233333333333332860e+01,1.845053669722148890e-02
4.235416666666666430e+01,1.714878024865234413e-02
4.237500000000000000e+01,1.688273799801519315e-02
4.239583333333332860e+01,1.644965791661049184e-02
4.241666666666666430e+01,1.347083069024789838e-02
4.243750000000000000e+01,9.214330392179562873e-03
4.245833333333332860e+01,6.018624163532135946e-03
4.247916666666666430e+01,3.021897025284132378e-03
4.250000000000000000e+01,-1.133811350111634106e-03
4.252083333333332860e+01,-4.790598745107728200e-03
4.254166666666666430e+01,-5.672342315591874171e-03
4.256250000000000000e+01,-4.971447183748360643e-03
4.258333333333332860e+01,-5.059879803683210893e-03
4.260416666666666430e+01,-4.826432151067937097e-03
4.262500000000000000e+01,-3.091101312661893082e-03
4.264583333333332860e+01,-1.493786475404796027e-03
4.266666666666666430e+01,-2.113602554709100717e-03
4.268750000000000000e+01,-3.557613170037833908e-03
4.270833333333332860e+01,-3.506889211448269931e-03
4.272916666666666430e+01,-3.148368992304540533e-03
4.275000000000000000e+01,-4.876691751773052502e-03
4.277083333333332860e+01,-7.476455092900758173e-03
4.279166666666666430e+01,-8.654285319383525979e-03
4.281250000000000000e+01,-9.519067171914426251e-03
4.283333333333332860e+01,-1.172899277892987258e-02
4.285416666666666430e+01,-1.371197268674422334e-02
4.287500000000000000e+01,-1.319358848428249693e-02
4.289583333333332860e+01,-1.137701826472276891e-02
4.291666666666666430e+01,-1.063463168755800561e-02
4.293750000000000000e+01,-9.735197176856136628e-03
4.295833333333332860e+01,-6.507663945010190229e-03
4.297916666666666430e+01,-2.184437341885793558e-03
4.300000000000000000e+01,9.114043122227538261e-04
4.302083333333332860e+01,3.891903775979890529e-03
4.304166666666666430e+01,7.754758399596489195e-03
4.306250000000000000e+01,1.087993797834750642e-02
4.308333333333332860e+01,1.218414852894351454e-02
4.310416666666666430e+01,1.336026435076718109e-02
4.312500000000000000e+01,1.562447364043763331e-02
4.314583333333332860e+01,1.733922854885227086e-02
4.316666666666666430e+01,1.648908255336409973e-02
4.318750000000000000e+01,1.450374749614875142e-02
4.320833333333332860e+01,1.368793698470180051e-02
4.322916666666666430e+01,1.284080382415663836e-02
4.325000000000000000e+01,9.570105519012491596e-03
4.327083333333332860e+01,5.143302688779143733e-03
4.329166666666666430e+01,1.887956579136829518e-03
4.331250000000000000e+01,-1.115452291565270258e-03
4.333333333333332860e+01,-5.123545504560207166e-03
4.335416666666666430e+01,-8.489323119757679476e-03
4.337500000000000000e+01,-9.315783211612188933e-03
4.339583333333332860e+01,-8.992844989501425079e-03
4.341666666666666430e+01,-9.913018956018294914e-03
4.343750000000000000e+01,-1.081302571857814185e-02
4.345833333333332860e+01,-9.406130934587676740e-03
4.347916666666666430e+01,-6.893235742779440546e-03
4.350000000000000000e+01,-5.645505653367619003e-03
4.352083333333332860e+01,-4.421271339953587037e-03
4.354166666666666430e+01,-1.024984442938969842e-03
4.356250000000000000e+01,3.317527793465447229e-03
4.358333333333332860e+01,6.247887621240300234e-03
4.360416666666666430e+01,8.893170723753592369e-03
4.362500000000000000e+01,1.260732437013264463e-02
4.364583333333332860e+01,1.580489400142521747e-02
4.366666666666666430e+01,1.613852015983861798e-02
4.368750000000000000e+01,1.484920362125572227e-02
4.370833333333332860e+01,1.420686630989933391e-02
4.372916666666666430e+01,1.317726789432464157e-02
4.375000000000000000e+01,1.055231791074162130e-02
4.377083333333332860e+01,8.030742595383024568e-03
4.379166666666666430e+01,7.471378213712517175e-03
4.381250000000000000e+01,7.505578802781668127e-03
4.383333333333332860e+01,5.767023979302430409e-03
4.385416666666666430e+01,3.507602627387467788e-03
4.387500000000000000e+01,3.023297781837792735e-03
4.389583333333332860e+01,3.119526720796060928e-03
4.391666666666666430e+01,1.437993166674514291e-03
4.393750000000000000e+01,-7.627066200717952729e-04
4.395833333333332860e+01,-1.176200342536499891e-03
4.397916666666666430e+01,-1.018842489066696267e-03
4.400000000000000000e+01,-2.691383727582455539e-03
4.402083333333332860e+01,-4.923388689713471128e-03
4.404166666666666430e+01,-5.412927999851748807e-03
4.406250000000000000e+01,-5.367397738801068380e-03
4.408333333333332860e+01,-7.176895777372031306e-03
4.410416666666666430e+01,-9.574606254788557702e-03
4.412500000000000000e+01,-1.025850711318103056e-02
4.414583333333332860e+01,-1.042958018548217208e-02
4.416666666666666430e+01,-1.247637587937818621e-02
4.418750000000000000e+01,-1.513103024432356503e-02
4.420833333333332860e+01,-1.603297517717382908e-02
4.422916666666666430e+01,-1.632349095363820959e-02
4.425000000000000000e+01,-1.830070985911311232e-02
4.427083333333332860e+01,-2.065241143686298922e-02
4.429166666666666430e+01,-2.101986256182792820e-02
4.431250000000000000e+01,-2.056763155180934416e-02
4.433333333333332860e+01,-2.165815143554327207e-02
4.435416666666666430e+01,-2.305032559528279526e-02
4.437500000000000000e+01,-2.244927067457366809e-02
4.439583333333332860e+01,-2.105689451312279040e-02
4.441666666666666430e+01,-2.125339031862783987e-02
4.443750000000000000e+01,-2.177938756951099813e-02
4.445833333333332860e+01,-2.035182258030952471e-02
4.447916666666666430e+01,-1.815834498337601244e-02
4.450000000000000000e+01,-1.753512161877637116e-02
4.452083333333332860e+01,-1.721784609581539921e-02
4.454166666666666430e+01,-1.493022596915918182e-02
4.456250000000000000e+01,-1.186587475312750502e-02
4.458333333333332860e+01,-1.038991858671356981e-02
4.460416666666666430e+01,-9.252867587648882369e-03
4.462500000000000000e+01,-6.180394017560554218e-03
4.464583333333332860e+01,-2.362489200335960663e-03
4.466666666666666430e+01,-1.638223485304759553e-04
4.468750000000000000e+01,1.665940811080379594e-03
4.470833333333332860e+01,5.407535845262283550e-03
4.472916666666666430e+01,9.868902039876451676e-03
4.475000000000000000e+01,1.267627508050897522e-02
4.477083333333332860e+01,1.508555031166156080e-02
4.479166666666666430e+01,1.939196086243680922e-02
4.481250000000000000e+01,2.439728291987917214e-02
4.483333333333332860e+01,2.770103125529830082e-02
4.485416666666666430e+01,3.041480358912891646e-02
4.487500000000000000e+01,3.375320940530110447e-02
4.489583333333332860e+01,3.609246325555507534e-02
4.491666666666666430e+01,3.549255145959848839e-02
4.493750000000000000e+01,3.341570435586139337e-02
4.495833333333332860e+01,3.216801556225241249e-02
4.497916666666666430e+01,3.055852990953137130e-02
4.500000000000000000e+01,2.621464365391812379e-02
4.502083333333332860e+01,2.040386059237727506e-02
4.504166666666666430e+01,1.552490909428722553e-02
4.506250000000000000e+01,1.106401393332236659e-02
4.508333333333332860e+01,5.093640596736934145e-03
4.510416666666666430e+01,-1.073994958276549682e-03
4.512500000000000000e+01,-5.168984786664970743e-03
4.514583333333332860e+01,-8.375123163164950243e-03
4.516666666666666430e+01,-1.305751424159977588e-02
4.518750000000000000e+01,-1.797250438645905946e-02
4.520833333333332860e+01,-2.084475615475891649e-02
4.522916666666666430e+01,-2.283835089863361922e-02
4.525000000000000000e+01,-2.615635722196688051e-02
4.527083333333332860e+01,-2.946155313704322196e-02
4.529166666666666430e+01,-3.044653965112527338e-02
4.531250000000000000e+01,-3.031830060074947389e-02
4.533333333333332860e+01,-3.148635551281001033e-02
4.535416666666666430e+01,-3.271618436718654738e-02
4.537500000000000000e+01,-3.170738593781421977e-02
4.539583333333332860e+01,-2.967638508010608106e-02
4.541666666666666430e+01,-2.902009718667836191e-02
4.543750000000000000e+01,-2.847288068713495213e-02
4.545833333333332860e+01,-2.574256551643239188e-02
4.547916666666666430e+01,-2.203343204782970757e-02
4.550000000000000000e+01,-1.972280602001006203e-02
4.552083333333332860e+01,-1.754899724352427040e-02
4.554166666666666430e+01,-1.317180985392054499e-02
4.556250000000000000e+01,-7.750027912982866869e-03
4.558333333333332860e+01,-3.633465499997692340e-03
4.560416666666666430e+01,3.844495590280201961e-04
4.562500000000000000e+01,6.327771817942479636e-03
4.564583333333332860e+01,1.291356893324406736e-02
4.566666666666666430e+01,1.786642810829961250e-02
4.568750000000000000e+01,2.232768260691481155e-02
4.570833333333332860e+01,2.755681649464720995e-02
4.572916666666666430e+01,3.192410752198461543e-02
4.575000000000000000e+01,3.325588219817157687e-02
4.577083333333332860e+01,3.290679064331945847e-02
4.579166666666666430e+01,3.328234014348142172e-02
4.581250000000000000e+01,3.326857759508444756e-02
4.583333333333332860e+01,3.066478402913806051e-02
4.585416666666666430e+01,2.683502516342633690e-02
4.587500000000000000e+01,2.427923509162896107e-02
4.589583333333332860e+01,2.193085056851773809e-02
4.591666666666666430e+01,1.764094010973760174e-02
4.593750000000000000e+01,1.281702910542704618e-02
4.595833333333332860e+01,9.957091085672966496e-03
4.597916666666666430e+01,7.984328268262735548e-03
4.600000000000000000e+01,4.754691173526716559e-03
4.602083333333332860e+01,1.661978732029489479e-03
4.604166666666666430e+01,1.196634234314258773e-03
4.606250000000000000e+01,2.279511137117711406e-03
4.608333333333332860e+01,2.684139045016346436e-03
4.610416666666666430e+01,3.062633851974399819e-03
4.612500000000000000e+01,4.725751097199067628e-03
4.614583333333332860e+01,6.208791292133063362e-03
4.616666666666666430e+01,5.364739999260847124e-03
4.618750000000000000e+01,3.593608186421646221e-03
4.620833333333332860e+01,3.401211765364225460e-03
4.622916666666666430e+01,3.729522258727184514e-03
4.625000000000000000e+01,2.424882040158127423e-03
4.627083333333332860e+01,8.743772552033838913e-04
4.629166666666666430e+01,1.585883850148571937e-03
4.631250000000000000e+01,3.492732509542605720e-03
4.633333333333332860e+01,4.422246708329595835e-03
4.635416666666666430e+01,5.505062480028255663e-03
4.637500000000000000e+01,7.306803175993628260e-03
4.639583333333332860e+01,8.243028905483739538e-03
4.641666666666666430e+01,8.708843753209074071e-03
4.643750000000000000e+01,1.055855768508784202e-02
4.645833333333332860e+01,1.266535252402723084e-02
4.647916666666666430e+01,1.286154086793361503e-02
4.650000000000000000e+01,1.249532558473168478e-02
4.652083333333332860e+01,1.398947644264973526e-02
4.654166666666666430e+01,1.625495997026712297e-02
4.656250000000000000e+01,1.710561188003174513e-02
4.658333333333332860e+01,1.766761908461953953e-02
4.660416666666666430e+01,1.879592300634489940e-02
4.662500000000000000e+01,1.895039292387902183e-02
4.664583333333332860e+01,1.786706395836949388e-02
4.666666666666666430e+01,1.734630526428084310e-02
4.668750000000000000e+01,1.637310687394203171e-02
4.670833333333332860e+01,1.315694064468704225e-02
4.672916666666666430e+01,9.231253829930315472e-03
4.675000000000000000e+01,7.097756522066412006e-03
4.677083333333332860e+01,5.684710468765126479e-03
4.679166666666666430e+01,2.838422872285977124e-03
4.681250000000000000e+01,-4.207244297052764939e-05
4.683333333333332860e+01,-4.502829430263163065e-04
4.685416666666666430e+01,5.505435598057841027e-04
4.687500000000000000e+01,6.877708588841062887e-04
4.689583333333332860e+01,4.063107364747325489e-04
4.691666666666666430e+01,1.524492618660634345e-03
4.693750000000000000e+01,2.862662335876465288e-03
4.695833333333332860e+01,2.259067347176659836e-03
4.697916666666666430e+01,1.091361921527413082e-03
4.700000000000000000e+01,1.875631261611664623e-03
4.702083333333332860e+01,3.554523986768695805e-03
4.704166666666666430e+01,3.947827899432432286e-03
4.706250000000000000e+01,4.240864983663795822e-03
4.708333333333332860e+01,5.417385713674572820e-03
4.710416666666666430e+01,5.890927300315499694e-03
4.712500000000000000e+01,4.585409207401561563e-03
4.714583333333332860e+01,3.245285443584182937e-03
4.716666666666666430e+01,3.501988241768441354e-03
4.718750000000000000e+01,3.912167304573511625e-03
4.720833333333332860e+01,2.318362002215930157e-03
4.722916666666666430e+01,9.421146639669835798e-05
4.725000000000000000e+01,-2.751428415513265929e-04
4.727083333333332860e+01,1.391484657490424045e-04
4.729166666666666430e+01,-8.066628813652365268e-04
4.731250000000000000e+01,-1.801837625355154739e-03
4.733333333333332860e+01,-1.019045423103462963e-03
4.735416666666666430e+01,1.846179279226597557e-04
4.737500000000000000e+01,-3.304748694119120185e-04
4.739583333333332860e+01,-1.159797060362712179e-03
4.741666666666666430e+01,1.914489276213346587e-04
4.743750000000000000e+01,2.660029733248599378e-03
4.745833333333332860e+01,3.984358421228440493e-03
4.747916666666666430e+01,4.581686255941896761e-03
4.750000000000000000e+01,6.187819229543842052e-03
4.752083333333332860e+01,7.593842799704376458e-03
4.754166666666666430e+01,6.652366039451981447e-03
4.756250000000000000e+01,4.748721607963981260e-03
4.758333333333332860e+01,4.375832485884662004e-03
4.760416666666666430e+01,4.390301705592810841e-03
4.762500000000000000e+01,2.565400294787864924e-03
4.764583333333332860e+01,1.942197539967782942e-04
4.766666666666666430e+01,-2.579970548924660507e-04
4.768750000000000000e+01,-1.153410623350132014e-06
4.770833333333332860e+01,-1.318373627139697232e-03
4.772916666666666430e+01,-2.996535270456238825e-03
4.775000000000000000e+01,-2.637825026526686555e-03
4.777083333333332860e+01,-1.512136099547343755e-03
4.779166666666666430e+01,-1.922064758885902707e-03
4.781250000000000000e+01,-2.662786890158527937e-03
4.783333333333332860e+01,-1.345048596620667530e-03
4.785416666666666430e+01,7.650936715825822987e-04
4.787500000000000000e+01,1.366712154137035779e-03
4.789583333333332860e+01,1.585202573950658016e-03
4.791666666666666430e+01,3.200474091345555713e-03
4.793750000000000000e+01,4.686108030161647078e-03
4.795833333333332860e+01,3.691013009491969643e-03
4.797916666666666430e+01,1.371899827183724503e-03
4.800000000000000000e+01,4.249967434697294330e-05
4.802083333333332860e+01,-1.532863253226526314e-03
4.804166666666666430e+01,-5.298010111601115200e-03
4.806250000000000000e+01,-9.892354929473875375e-03
4.808333333333332860e+01,-1.293066791495976753e-02
4.810416666666666430e+01,-1.564989258094484637e-02
4.812500000000000000e+01,-2.016957454008327932e-02
4.814583333333332860e+01,-2.521446146180981313e-02
4.816666666666666430e+01,-2.840298205740288823e-02
4.818750000000000000e+01,-3.092682033778113709e-02
4.820833333333332860e+01,-3.457167218153518046e-02
4.822916666666666430e+01,-3.791315908995663425e-02
4.825000000000000000e+01,-3.855881469012054086e-02
4.827083333333332860e+01,-3.775883438774654127e-02
4.829166666666666430e+01,-3.781384053705430515e-02
4.831250000000000000e+01,-3.752494750514315941e-02
4.833333333333332860e+01,-3.451301612420008824e-02
4.835416666666666430e+01,-3.005095754824253437e-02
4.837500000000000000e+01,-2.644290731454132168e-02
4.839583333333332860e+01,-2.264710701199667761e-02
4.841666666666666430e+01,-1.748113468780570709e-02
4.843750000000000000e+01,-1.267657507909094455e-02
4.845833333333332860e+01,-9.840250779762468175e-03
4.847916666666666430e+01,-7.453628372358120369e-03
4.850000000000000000e+01,-3.106413556426667472e-03
4.852083333333332860e+01,1.957338787816477292e-03
4.854166666666666430e+01,5.415776583507633454e-03
4.856250000000000000e+01,8.418801443806587029e-03
4.858333333333332860e+01,1.285572586077207528e-02
4.860416666666666430e+01,1.722766978321604511e-02
4.862500000000000000e+01,1.918279854560289710e-02
4.864583333333332860e+01,1.987268694081497852e-02
4.866666666666666430e+01,2.162663724641844185e-02
4.868750000000000000e+01,2.316429615234630660e-02
4.870833333333332860e+01,2.219481621641273411e-02
4.872916666666666430e+01,1.991825544928523331e-02
4.875000000000000000e+01,1.871671648583976902e-02
4.877083333333332860e+01,1.733287213560008588e-02
4.879166666666666430e+01,1.346859318050198581e-02
4.881250000000000000e+01,8.319243051587425775e-03
4.883333333333332860e+01,4.266281695308390097e-03
4.885416666666666430e+01,2.407663241402594519e-04
4.887500000000000000e+01,-4.612287274802561420e-03
4.889583333333332860e+01,-8.629569674524387862e-03
4.891666666666666430e+01,-1.083618813556869870e-02
4.893750000000000000e+01,-1.290862086361543697e-02
4.895833333333332860e+01,-1.570641662471600197e-02
4.897916666666666430e+01,-1.761682937203925756e-02
4.900000000000000000e+01,-1.799869354901962107e-02
4.902083333333332860e+01,-1.854406419195544359e-02
4.904166666666666430e+01,-1.894538270468419661e-02
4.906250000000000000e+01,-1.732320943939320845e-02
4.908333333333332860e+01,-1.487058520234140618e-02
4.910416666666666430e+01,-1.395923359637948023e-02
4.912500000000000000e+01,-1.338328302171167342e-02
4.914583333333332860e+01,-1.088473844520725618e-02
4.916666666666666430e+01,-7.707428343211488418e-03
4.918750000000000000e+01,-6.228820456701272650e-03
4.920833333333332860e+01,-5.172194276541104870e-03
4.922916666666666430e+01,-2.238146259328581498e-03
4.925000000000000000e+01,1.400449668857956876e-03
4.927083333333332860e+01,3.419584452744707428e-03
4.929166666666666430e+01,5.072621928916565444e-03
4.931250000000000000e+01,8.614939357640096634e-03
4.933333333333332860e+01,1.286113739657685634e-02
4.935416666666666430e+01,1.548606280942015252e-02
4.937500000000000000e+01,1.760722378979102595e-02
4.939583333333332860e+01,2.046691299739251957e-02
4.941666666666666430e+01,2.247333588749187566e-02
4.943750000000000000e+01,2.166599186172183875e-02
4.945833333333332860e+01,1.949961312511035161e-02
4.947916666666666430e+01,1.829558904808425632e-02
4.950000000000000000e+01,1.688574747267131831e-02
4.952083333333332860e+01,1.293645373902290591e-02
4.954166666666666430e+01,7.696451030021544265e-03
4.956250000000000000e+01,3.480373228606940816e-03
4.958333333333332860e+01,-4.745091132813639102e-04
4.960416666666666430e+01,-5.516551009892540526e-03
4.962500000000000000e+01,-9.978306138264217071e-03
4.964583333333332860e+01,-1.157105022922485377e-02
4.966666666666666430e+01,-1.149588652712433233e-02
4.968750000000000000e+01,-1.210967846682729950e-02
4.970833333333332860e+01,-1.228122811150695465e-02
4.972916666666666430e+01,-1.093182034901522479e-02
4.975000000000000000e+01,-9.713920070517901434e-03
4.977083333333332860e+01,-1.038761444981992077e-02
4.979166666666666430e+01,-1.140961725013096145e-02
4.981250000000000000e+01,-1.047890237075027944e-02
4.983333333333332860e+01,-8.787089855478741329e-03
4.985416666666666430e+01,-8.700327952167522666e-03
4.987500000000000000e+01,-8.976873389864066174e-03
4.989583333333332860e+01,-7.337606674938186059e-03
4.991666666666666430e+01,-4.979107300885122350e-03
4.993750000000000000e+01,-4.267097311485505869e-03
4.995833333333332860e+01,-3.980951063357678413e-03
4.997916666666666430e+01,-1.864230912266134303e-03
5.000000000000000000e+01,8.762165692533464747e-04
5.002083333333332860e+01,1.892888994925611638e-03
5.004166666666666430e+01,2.479751118522961501e-03
5.006250000000000000e+01,4.928361318292737679e-03
5.008333333333332860e+01,8.040649905062773398e-03
5.010416666666666430e+01,9.451423616810152029e-03
5.012500000000000000e+01,1.036617558866868502e-02
5.014583333333332860e+01,1.301882801821873867e-02
5.016666666666666430e+01,1.618786308683123690e-02
5.018750000000000000e+01,1.752401174010661047e-02
5.020833333333332860e+01,1.827515709133393021e-02
5.022916666666666430e+01,2.036300838527314860e-02
5.025000000000000000e+01,2.242913394215905257e-02
5.027083333333332860e+01,2.212193758865302340e-02
5.029166666666666430e+01,2.072529776328420337e-02
5.031250000000000000e+01,2.053912844888274719e-02
5.033333333333332860e+01,2.037775063758464830e-02
5.035416666666666430e+01,1.787660117186485459e-02
5.037500000000000000e+01,1.426956378359989577e-02
5.039583333333332860e+01,1.184210406566073640e-02
5.041666666666666430e+01,9.410319019152922626e-03
5.043750000000000000e+01,4.613416584805281849e-03
5.045833333333332860e+01,-1.669642915801492628e-03
5.047916666666666430e+01,-6.786549909663927745e-03
5.050000000000000000e+01,-1.172182666732604975e-02
5.052083333333332860e+01,-1.749423514796862034e-02
5.054166666666666430e+01,-2.209000483513613028e-02
5.056250000000000000e+01,-2.472361353402867737e-02
5.058333333333332860e+01,-2.742504037109391377e-02
5.060416666666666430e+01,-2.951876781334712360e-02
5.062500000000000000e+01,-2.893570463891991656e-02
5.064583333333332860e+01,-2.748176405131368474e-02
5.066666666666666430e+01,-2.817535531691198886e-02
5.068750000000000000e+01,-2.974111491722412209e-02
5.070833333333332860e+01,-2.959621562824576654e-02
5.072916666666666430e+01,-2.917606572672936868e-02
5.075000000000000000e+01,-3.003614700985664243e-02
5.077083333333332860e+01,-3.036447065558338029e-02
5.079166666666666430e+01,-2.763999466673320790e-02
5.081250000000000000e+01,-2.341169421938249506e-02
5.083333333333332860e+01,-2.051449999529866841e-02
5.085416666666666430e+01,-1.777706537805860687e-02
5.087500000000000000e+01,-1.279363987188532857e-02
5.089583333333332860e+01,-7.088446128361995495e-03
5.091666666666666430e+01,-3.419043535120498342e-03
5.093750000000000000e+01,-6.320384311083797032e-04
5.095833333333332860e+01,3.632517039991705731e-03
5.097916666666666430e+01,7.884803102840521813e-03
5.100000000000000000e+01,9.423536896469511190e-03
5.102083333333332860e+01,9.386442161848147780e-03
5.104166666666666430e+01,1.009883673007069653e-02
5.106250000000000000e+01,1.031355241211479382e-02
5.108333333333332860e+01,9.097623289071972083e-03
5.110416666666666430e+01,8.142013496403893713e-03
5.112500000000000000e+01,8.302770828841499889e-03
5.114583333333332860e+01,7.845418613665930407e-03
5.116666666666666430e+01,6.865268255565722122e-03
5.118750000000000000e+01,7.193877633371599523e-03
5.120833333333332860e+01,7.383191404845406217e-03
5.122916666666666430e+01,4.940250936038386755e-03
5.125000000000000000e+01,1.014201690856218752e-03
5.127083333333332860e+01,-1.955707734547414318e-03
5.129166666666666430e+01,-4.065012644566956025e-03
5.131250000000000000e+01,-7.257674352261021984e-03
5.133333333333332860e+01,-1.039265239637888853e-02
5.135416666666666430e+01,-1.122449742342314892e-02
5.137500000000000000e+01,-1.121949090399796366e-02
5.139583333333332860e+01,-1.296559796000930700e-02
5.141666666666666430e+01,-1.536210870115409591e-02
5.143750000000000000e+01,-1.616098388001521030e-02
5.145833333333332860e+01,-1.665263623601954610e-02
5.147916666666666430e+01,-1.813728332366696533e-02
5.150000000000000000e+01,-1.897300346267950452e-02
5.152083333333332860e+01,-1.702406280034995251e-02
5.154166666666666430e+01,-1.378469124533585922e-02
5.156250000000000000e+01,-1.183155877400767289e-02
5.158333333333332860e+01,-1.009482980221631729e-02
5.160416666666666430e+01,-6.347786492224392549e-03
5.162500000000000000e+01,-2.003767624387351766e-03
5.164583333333332860e+01,4.983515079822804393e-04
5.166666666666666430e+01,2.289362046076898888e-03
5.168750000000000000e+01,5.658038703227875020e-03
5.170833333333332860e+01,9.234726586271547327e-03
5.172916666666666430e+01,1.067287594148441654e-02
5.175000000000000000e+01,1.117899152306092020e-02
5.177083333333332860e+01,1.301209649098781368e-02
5.179166666666666430e+01,1.535023491134704030e-02
5.181250000000000000e+01,1.923140998214894690e-02
5.183333333333332860e+01,2.688421005928759086e-02
5.185416666666666430e+01,4.047375821477433577e-02
5.187500000000000000e+01,6.196326826726811232e-02
5.189583333333332860e+01,9.079418302641585614e-02
5.191666666666666430e+01,1.269019134103070434e-01
5.193750000000000000e+01,1.722284858406386010e-01
5.195833333333332860e+01,2.254839873843179909e-01
5.197916666666666430e+01,2.855312585383151802e-01
5.200000000000000000e+01,3.536951419281705311e-01
5.202083333333332860e+01,4.300000358635251430e-01
5.204166666666666430e+01,5.119195111976579948e-01
5.206250000000000000e+01,5.975202540477708713e-01
5.208333333333332860e+01,6.877847769482773321e-01
5.210416666666666430e+01,7.831278550318105935e-01
5.212500000000000000e+01,8.812181355203282385e-01
5.214583333333332860e+01,9.792668913403836939e-01
5.216666666666666430e+01,1.077659222474636413e+00
5.218750000000000000e+01,1.177265386617524889e+00
5.220833333333332860e+01,1.276713305653974562e+00
5.222916666666666430e+01,1.373274858285448152e+00
5.225000000000000000e+01,1.464993316193142547e+00
5.227083333333332860e+01,1.552621984615794037e+00
5.229166666666666430e+01,1.637804199127153471e+00
5.231250000000000000e+01,1.719265084548687428e+00
5.233333333333332860e+01,1.794431341905207811e+00
5.235416666666666430e+01,1.861722293145325446e+00
5.237500000000000000e+01,1.922225288563969237e+00
5.239583333333332860e+01,1.977779169341004284e+00
5.241666666666666430e+01,2.027237786962792221e+00
5.243750000000000000e+01,2.068441920296730352e+00
5.245833333333332860e+01,2.102734014271486984e+00
5.247916666666666430e+01,2.132244484894608938e+00
5.250000000000000000e+01,2.156352308993396250e+00
5.252083333333332860e+01,2.174242943349915969e+00
5.254166666666666430e+01,2.187766791570077363e+00
5.256250000000000000e+01,2.199460169532671650e+00
5.258333333333332860e+01,2.208233732735141785e+00
5.260416666666666430e+01,2.212047572816248753e+00
5.262500000000000000e+01,2.212320582584727635e+00
5.264583333333332860e+01,2.211564930751386715e+00
5.266666666666666430e+01,2.209320530583902098e+00
5.268750000000000000e+01,2.205026858145736401e+00
5.270833333333332860e+01,2.200520773194160729e+00
5.272916666666666430e+01,2.197251646704692085e+00
5.275000000000000000e+01,2.193876580551640032e+00
5.277083333333332860e+01,2.189237937081931040e+00
5.279166666666666430e+01,2.185122304765402035e+00
5.281250000000000000e+01,2.183972039892287054e+00
5.283333333333332860e+01,2.184735876847415881e+00
5.285416666666666430e+01,2.185257273173816905e+00
5.287500000000000000e+01,2.186764203662102446e+00
5.289583333333332860e+01,2.190775008117723299e+00
5.291666666666666430e+01,2.195722228092169104e+00
5.293750000000000000e+01,2.199473168332179540e+00
5.295833333333332860e+01,2.203406159484183835e+00
5.297916666666666430e+01,2.209993867335780404e+00
5.300000000000000000e+01,2.218184801751821311e+00
5.302083333333332860e+01,2.225834368142214359e+00
5.304166666666666430e+01,2.234168155208089424e+00
5.306250000000000000e+01,2.244528347787111855e+00
5.308333333333332860e+01,2.255355057765018767e+00
5.310416666666666430e+01,2.263994299524423326e+00
5.312500000000000000e+01,2.267798216118487531e+00
5.314583333333332860e+01,2.267034844471973454e+00
5.316666666666666430e+01,2.260669183805350091e+00
5.318750000000000000e+01,2.247068328076778254e+00
5.320833333333332860e+01,2.226441403123497143e+00
5.322916666666666430e+01,2.198152607590149632e+00
5.325000000000000000e+01,2.160736741310036013e+00
5.327083333333332860e+01,2.115115045061172427e+00
5.329166666666666430e+01,2.063669273050663833e+00
5.331250000000000000e+01,2.005405294212701861e+00
5.333333333333332860e+01,1.937972951287894485e+00
5.335416666666666430e+01,1.862780284161852817e+00
5.337500000000000000e+01,1.782539120679491385e+00
5.339583333333332860e+01,1.699320527604316622e+00
5.341666666666666430e+01,1.611966816179239759e+00
5.343750000000000000e+01,1.519604032937527771e+00
5.345833333333332860e+01,1.423559462837603373e+00
5.347916666666666430e+01,1.326732460515964496e+00
5.350000000000000000e+01,1.231062991994472444e+00
5.352083333333332860e+01,1.135748800120325974e+00
5.354166666666666430e+01,1.041890430566461578e+00
5.356250000000000000e+01,9.515451691806313672e-01
5.358333333333332860e+01,8.656309340288003140e-01
5.360416666666666430e+01,7.834155542726097821e-01
5.362500000000000000e+01,7.057418747148598293e-01
5.364583333333332860e+01,6.329845201265204002e-01
5.366666666666666430e+01,5.641906463622657908e-01
5.368750000000000000e+01,5.006481123990349502e-01
5.370833333333332860e+01,4.445972500985165832e-01
5.372916666666666430e+01,3.949852151446256454e-01
5.375000000000000000e+01,3.496675210325387861e-01
5.377083333333332860e+01,3.097133935557173645e-01
5.379166666666666430e+01,2.775467009682707764e-01
5.381250000000000000e+01,2.519600624253211518e-01
5.383333333333332860e+01,2.306132014597029600e-01
5.385416666666666430e+01,2.130529807960285515e-01
5.387500000000000000e+01,2.007591711000891732e-01
5.389583333333332860e+01,1.925810779439391385e-01
5.391666666666666430e+01,1.863667995707391500e-01
5.393750000000000000e+01,1.830747209053034674e-01
5.395833333333332860e+01,1.822102470508499550e-01
5.397916666666666430e+01,1.818891303301067297e-01
5.400000000000000000e+01,1.831634098251279374e-01
5.402083333333332860e+01,1.861850710587589219e-01
5.404166666666666430e+01,1.891690283930188565e-01
5.406250000000000000e+01,1.919984424202689777e-01
5.408333333333332860e+01,1.961977007575017584e-01
5.410416666666666430e+01,2.004813546587798367e-01
5.412500000000000000e+01,2.025752481774223956e-01
5.414583333333332860e+01,2.036247554693518536e-01
5.416666666666666430e+01,2.059401363468547075e-01
5.418750000000000000e+01,2.082959572614418164e-01
5.420833333333332860e+01,2.084782737609320868e-01
5.422916666666666430e+01,2.075063589409104348e-01
5.425000000000000000e+01,2.063971992949065748e-01
5.427083333333332860e+01,2.035238240735054993e-01
5.429166666666666430e+01,1.980368858010386757e-01
5.431250000000000000e+01,1.916073127318396185e-01
5.433333333333332860e+01,1.854577598142397032e-01
5.435416666666666430e+01,1.780108420862931140e-01
5.437500000000000000e+01,1.680151730873430393e-01
5.439583333333332860e+01,1.571212125154567707e-01
5.441666666666666430e+01,1.477166155019970506e-01
5.443750000000000000e+01,1.379165295531262492e-01
5.445833333333332860e+01,1.253391271377673477e-01
5.447916666666666430e+01,1.113774008581813191e-01
5.450000000000000000e+01,9.874615687445120749e-02
5.452083333333332860e+01,8.613490499092776864e-02
5.454166666666666430e+01,7.230102831563683941e-02
5.456250000000000000e+01,5.928121757836184863e-02
5.458333333333332860e+01,4.977878777600990706e-02
5.460416666666666430e+01,4.213467663058746010e-02
5.462500000000000000e+01,3.334475556962187420e-02
5.464583333333332860e+01,2.467822527443696429e-02
5.466666666666666430e+01,1.868420734300383496e-02
5.468750000000000000e+01,1.372592096815105148e-02
5.470833333333332860e+01,6.935569486707475473e-03
5.472916666666666430e+01,-4.486866135267378840e-04
5.475000000000000000e+01,-5.936406844594062197e-03
5.477083333333332860e+01,-1.060700887539726620e-02
5.479166666666666430e+01,-1.554309829425948829e-02
5.481250000000000000e+01,-1.906858887594992114e-02
5.483333333333332860e+01,-2.043477736456745034e-02
5.485416666666666430e+01,-2.153248895850449693e-02
5.487500000000000000e+01,-2.235875122873369480e-02
5.489583333333332860e+01,-2.105899406908496446e-02
5.491666666666666430e+01,-1.915648288661749021e-02
5.493750000000000000e+01,-1.933627639807783752e-02
5.495833333333332860e+01,-2.046557964933068408e-02
5.497916666666666430e+01,-2.019296978171228329e-02
5.500000000000000000e+01,-1.956695730765268745e-02
5.502083333333332860e+01,-1.976976249592939799e-02
5.504166666666666430e+01,-1.923592476119249592e-02
5.506250000000000000e+01,-1.663571563043184098e-02
5.508333333333332860e+01,-1.381616052220603109e-02
5.510416666666666430e+01,-1.315298490791021527e-02
5.512500000000000000e+01,-1.341972273489216647e-02
5.514583333333332860e+01,-1.226008854496683613e-02
5.516666666666666430e+01,-1.094895313687222795e-02
5.518750000000000000e+01,-1.095861492249152608e-02
5.520833333333332860e+01,-1.062594778693399904e-02
5.522916666666666430e+01,-7.501775828647362122e-03
5.525000000000000000e+01,-2.927565010146467896e-03
5.527083333333332860e+01,6.377601279344783519e-04
5.529166666666666430e+01,3.751150672393525811e-03
5.531250000000000000e+01,8.144309721220594281e-03
5.533333333333332860e+01,1.233657385165475712e-02
5.535416666666666430e+01,1.399810415585217051e-02
5.537500000000000000e+01,1.435722709322390274e-02
5.539583333333332860e+01,1.581963648698824984e-02
5.541666666666666430e+01,1.708377648007835051e-02
5.543750000000000000e+01,1.581054656687741131e-02
5.545833333333332860e+01,1.320359122410165280e-02
5.547916666666666430e+01,1.167163497118308725e-02
5.550000000000000000e+01,9.989069445460537974e-03
5.552083333333332860e+01,6.192321577921564534e-03
5.554166666666666430e+01,1.623845800188254262e-03
5.556250000000000000e+01,-1.381620354249827459e-03
5.558333333333332860e+01,-4.091463372120014534e-03
5.560416666666666430e+01,-8.738900382459901389e-03
5.562500000000000000e+01,-1.410146448411416821e-02
5.564583333333332860e+01,-1.778318701787511003e-02
5.566666666666666430e+01,-2.093786492641271785e-02
5.568750000000000000e+01,-2.506266534270580951e-02
5.570833333333332860e+01,-2.862065022673065257e-02
5.572916666666666430e+01,-2.921535860307809124e-02
5.575000000000000000e+01,-2.804704485683207418e-02
5.577083333333332860e+01,-2.739784624435127533e-02
5.579166666666666430e+01,-2.620612767712758237e-02
5.581250000000000000e+01,-2.351112086481826902e-02
5.583333333333332860e+01,-2.104912335740380391e-02
5.585416666666666430e+01,-1.992967390889395160e-02
5.587500000000000000e+01,-1.858268727928451616e-02
5.589583333333332860e+01,-1.557017200460538917e-02
5.591666666666666430e+01,-1.251695409069650787e-02
5.593750000000000000e+01,-1.172192502836082346e-02
5.595833333333332860e+01,-1.201039841201746207e-02
5.597916666666666430e+01,-1.099943288999564485e-02
5.600000000000000000e+01,-9.941346745355962924e-03
5.602083333333332860e+01,-1.115371143457635425e-02
5.604166666666666430e+01,-1.347187067184402003e-02
5.606250000000000000e+01,-1.450906479479737929e-02
5.608333333333332860e+01,-1.540734167314230553e-02
5.610416666666666430e+01,-1.769927133087197818e-02
5.612500000000000000e+01,-1.988475578462950769e-02
5.614583333333332860e+01,-1.957096349732184715e-02
5.616666666666666430e+01,-1.795641226689208281e-02
5.618750000000000000e+01,-1.734265794326321150e-02
5.620833333333332860e+01,-1.663351162320489407e-02
5.622916666666666430e+01,-1.394427295070190150e-02
5.625000000000000000e+01,-1.073919946768925326e-02
5.627083333333332860e+01,-9.338730915174420569e-03
5.629166666666666430e+01,-8.585263866082592024e-03
5.631250000000000000e+01,-6.088981833809748064e-03
5.633333333333332860e+01,-3.038816565373830391e-03
5.635416666666666430e+01,-1.720325237049026221e-03
5.637500000000000000e+01,-9.590861514744237690e-04
5.639583333333332860e+01,1.616619361314667984e-03
5.641666666666666430e+01,4.748609704217776097e-03
5.643750000000000000e+01,6.128481394417221832e-03
5.645833333333332860e+01,6.886219758575515618e-03
5.647916666666666430e+01,9.086374088031128754e-03
5.650000000000000000e+01,1.133931253914703847e-02
5.652083333333332860e+01,1.133284738136665012e-02
5.654166666666666430e+01,1.023243665861854265e-02
5.656250000000000000e+01,1.042510995659333417e-02
5.658333333333332860e+01,1.074384813032981667e-02
5.660416666666666430e+01,8.950612308421935712e-03
5.662500000000000000e+01,6.343643400517169281e-03
5.664583333333332860e+01,5.387581476565386773e-03
5.666666666666666430e+01,5.013631760939271827e-03
5.668750000000000000e+01,3.037499922488962750e-03
5.670833333333332860e+01,7.985059102289622165e-04
5.672916666666666430e+01,2.249323195261696906e-04
5.675000000000000000e+01,3.486786172910029792e-06
5.677083333333332860e+01,-2.053325860421678292e-03
5.679166666666666430e+01,-4.530855548090633941e-03
5.681250000000000000e+01,-4.937462017464165631e-03
5.683333333333332860e+01,-4.343341855969006307e-03
5.685416666666666430e+01,-4.990405598120905943e-03
5.687500000000000000e+01,-6.011155650731667133e-03
5.689583333333332860e+01,-6.169936181973622799e-03
5.691666666666666430e+01,-6.919621858087109112e-03
5.693750000000000000e+01,-9.763273750802096973e-03
5.695833333333332860e+01,-1.301263555575972106e-02
5.697916666666666430e+01,-1.421839293477702645e-02
5.700000000000000000e+01,-1.444585796301743781e-02
5.702083333333332860e+01,-1.584937280991641217e-02
5.704166666666666430e+01,-1.719711909859523644e-02
5.706250000000000000e+01,-1.731583419968493395e-02
5.708333333333332860e+01,-1.775988663232972928e-02
5.710416666666666430e+01,-2.023888817710550042e-02
5.712500000000000000e+01,-2.317643365492517288e-02
5.714583333333332860e+01,-2.416982401694179813e-02
5.716666666666666430e+01,-2.430857413046359425e-02
5.718750000000000000e+01,-2.579709521350760301e-02
5.720833333333332860e+01,-2.727196044713969814e-02
5.722916666666666430e+01,-2.629208069966302089e-02
5.725000000000000000e+01,-2.392307180534648109e-02
5.727083333333332860e+01,-2.246525865293064889e-02
5.729166666666666430e+01,-2.163865492773289420e-02
5.731250000000000000e+01,-1.945225101972227963e-02
5.733333333333332860e+01,-1.696512742288700318e-02
5.735416666666666430e+01,-1.634811459854374274e-02
5.737500000000000000e+01,-1.620372782196273509e-02
5.739583333333332860e+01,-1.407713909470197783e-02
5.741666666666666430e+01,-1.106142774221381513e-02
5.743750000000000000e+01,-9.404748005030915889e-03
5.745833333333332860e+01,-8.399453640238191757e-03
5.747916666666666430e+01,-6.522973469505709970e-03
5.750000000000000000e+01,-5.142335396952447089e-03
5.752083333333332860e+01,-6.425939868935576574e-03
5.754166666666666430e+01,-8.967683046510136619e-03
5.756250000000000000e+01,-1.027125774514571314e-02
5.758333333333332860e+01,-1.139079712642161735e-02
5.760416666666666430e+01,-1.450043742402087367e-02
5.762500000000000000e+01,-1.820456947857405222e-02
5.764583333333332860e+01,-2.009332843990827705e-02
5.766666666666666430e+01,-2.127880083650287441e-02
5.768750000000000000e+01,-2.400761662501380012e-02
5.770833333333332860e+01,-2.690787916732385529e-02
5.772916666666666430e+01,-2.759833410857038052e-02
5.775000000000000000e+01,-2.721956785599747436e-02
5.777083333333332860e+01,-2.811428751334786244e-02
5.779166666666666430e+01,-2.904437013231017661e-02
5.781250000000000000e+01,-2.774413999397105229e-02
5.783333333333332860e+01,-2.541262765051667538e-02
5.785416666666666430e+01,-2.440241126828945548e-02
5.787500000000000000e+01,-2.351900830666358438e-02
5.789583333333332860e+01,-2.112777871227444065e-02
5.791666666666666430e+01,-1.870081013520015142e-02
5.793750000000000000e+01,-1.860057297879630020e-02
5.795833333333332860e+01,-1.956587117560470643e-02
5.797916666666666430e+01,-1.928761975940553389e-02
5.800000000000000000e+01,-1.893045387370419219e-02
5.802083333333332860e+01,-2.087131932553898395e-02
5.804166666666666430e+01,-2.386913718239560764e-02
5.806250000000000000e+01,-2.560532411823815413e-02
5.808333333333332860e+01,-2.714584808215765588e-02
5.810416666666666430e+01,-3.025351686977641522e-02
5.812500000000000000e+01,-3.339992881184804252e-02
5.814583333333332860e+01,-3.427655745670134257e-02
5.816666666666666430e+01,-3.405658062293952237e-02
5.818750000000000000e+01,-3.511527661543099865e-02
5.820833333333332860e+01,-3.619978398243725581e-02
5.822916666666666430e+01,-3.500929308379744503e-02
5.825000000000000000e+01,-3.272377529087619474e-02
5.827083333333332860e+01,-3.167607115142804380e-02
5.829166666666666430e+01,-3.060998375109837827e-02
5.831250000000000000e+01,-2.724840886933369011e-02
5.833333333333332860e+01,-2.279832036806616821e-02
5.835416666666666430e+01,-1.960628343593295506e-02
5.837500000000000000e+01,-1.654275094645253283e-02
5.839583333333332860e+01,-1.261539090130579105e-02
5.841666666666666430e+01,-9.463380289552666969e-03
5.843750000000000000e+01,-8.349398968851904149e-03
5.845833333333332860e+01,-7.540690553506708416e-03
5.847916666666666430e+01,-4.963047144310703089e-03
5.850000000000000000e+01,-1.909090592309576609e-03
5.852083333333332860e+01,-7.328439791222016685e-04
5.854166666666666430e+01,-1.520006081273531703e-04
5.856250000000000000e+01,2.132322638767602477e-03
5.858333333333332860e+01,4.932181376726341854e-03
5.860416666666666430e+01,5.883848124735966030e-03
5.862500000000000000e+01,6.193632892757160863e-03
5.864583333333332860e+01,7.803362846980645660e-03
5.866666666666666430e+01,9.375759704291410784e-03
5.868750000000000000e+01,8.541423533191394926e-03
5.870833333333332860e+01,6.504693717970726902e-03
5.872916666666666430e+01,5.528950243672269352e-03
5.875000000000000000e+01,4.418973182489848404e-03
5.877083333333332860e+01,8.234091238425090458e-04
5.879166666666666430e+01,-3.974774219320968000e-03
5.881250000000000000e+01,-7.677135226142188171e-03
5.883333333333332860e+01,-1.138012885897373566e-02
5.885416666666666430e+01,-1.676875443764508367e-02
5.887500000000000000e+01,-2.227545379987938903e-02
5.889583333333332860e+01,-2.559798654813130736e-02
5.891666666666666430e+01,-2.791166344968808166e-02
5.893750000000000000e+01,-3.159120455765234564e-02
5.895833333333332860e+01,-3.543298542135260576e-02
5.897916666666666430e+01,-3.715593673905368682e-02
5.900000000000000000e+01,-3.793807052402695112e-02
5.902083333333332860e+01,-4.014667013267479018e-02
5.904166666666666430e+01,-4.252508910124974673e-02
5.906250000000000000e+01,-4.276692516463492105e-02
5.908333333333332860e+01,-4.203680060200746388e-02
5.910416666666666430e+01,-4.272092918888186625e-02
5.912500000000000000e+01,-4.364122609793189694e-02
5.914583333333332860e+01,-4.253076083039293576e-02
5.916666666666666430e+01,-4.059176314656398610e-02
5.918750000000000000e+01,-4.019613120923199584e-02
5.920833333333332860e+01,-4.009178156030392820e-02
5.922916666666666430e+01,-3.796375070259665890e-02
5.925000000000000000e+01,-3.497511726408560756e-02
5.927083333333332860e+01,-3.351196336018017613e-02
5.929166666666666430e+01,-3.237006765650274343e-02
5.931250000000000000e+01,-2.927499115950002451e-02
5.933333333333332860e+01,-2.541208473943362689e-02
5.935416666666666430e+01,-2.314539423496646264e-02
5.937500000000000000e+01,-2.120250128262390205e-02
5.939583333333332860e+01,-1.728354986544829858e-02
5.941666666666666430e+01,-1.257456210113247659e-02
5.943750000000000000e+01,-9.437001921996793566e-03
5.945833333333332860e+01,-6.612327254484418222e-03
5.947916666666666430e+01,-1.927125763371898047e-03
5.950000000000000000e+01,3.377082993505595501e-03
5.952083333333332860e+01,6.940441129246815825e-03
5.954166666666666430e+01,9.883091605158335000e-03
5.956250000000000000e+01,1.372642038886129172e-02
5.958333333333332860e+01,1.692484821443576704e-02
5.960416666666666430e+01,1.711935759813242031e-02
5.962500000000000000e+01,1.561178633935088843e-02
5.964583333333332860e+01,1.470693541966628520e-02
5.966666666666666430e+01,1.330221165329645294e-02
5.968750000000000000e+01,9.757695672734672046e-03
5.970833333333332860e+01,5.660709529739879446e-03
5.972916666666666430e+01,3.302917381896579296e-03
5.975000000000000000e+01,1.493575715007746827e-03
5.977083333333332860e+01,-2.133604167142553153e-03
5.979166666666666430e+01,-6.411000172143622305e-03
5.981250000000000000e+01,-9.111898279760817163e-03
5.983333333333332860e+01,-1.155869545155693151e-02
5.985416666666666430e+01,-1.614532617837478173e-02
5.987500000000000000e+01,-2.178658915218419090e-02
5.989583333333332860e+01,-2.614974176194141686e-02
5.991666666666666430e+01,-2.933715986625824376e-02
5.993750000000000000e+01,-3.327522003645733140e-02
5.995833333333332860e+01,-3.689148481694037862e-02
5.997916666666666430e+01,-3.801054631993959487e-02
6.000000000000000000e+01,-3.803344940525616585e-02
6.002083333333332860e+01,-3.941884375612431102e-02
6.004166666666666430e+01,-4.108351992265653341e-02
6.006250000000000000e+01,-4.086007191070447492e-02
6.008333333333332860e+01,-4.007575172870625480e-02
6.010416666666666430e+01,-4.055042556503722639e-02
6.012500000000000000e+01,-4.092787758772569590e-02
6.014583333333332860e+01,-3.903044602128095952e-02
6.016666666666666430e+01,-3.626958251104239750e-02
6.018750000000000000e+01,-3.515665797586500080e-02
6.020833333333332860e+01,-3.463585230563440143e-02
6.022916666666666430e+01,-3.251350632802869900e-02
6.025000000000000000e+01,-3.006242820283152109e-02
6.027083333333332860e+01,-2.891189380965848710e-02
6.029166666666666430e+01,-2.761252668670378940e-02
6.031250000000000000e+01,-2.395432287367374458e-02
6.033333333333332860e+01,-1.934977650742546879e-02
6.035416666666666430e+01,-1.631869553702150477e-02
6.037500000000000000e+01,-1.380273971719407113e-02
6.039583333333332860e+01,-9.606951614197589348e-03
6.041666666666666430e+01,-5.137351831089255645e-03
6.043750000000000000e+01,-2.804509475738300919e-03
6.045833333333332860e+01,-1.495501450649680975e-03
6.047916666666666430e+01,1.027215082270723596e-03
6.050000000000000000e+01,3.378585846990542728e-03
6.052083333333332860e+01,3.114388306809300674e-03
6.054166666666666430e+01,1.333786617143829312e-03
6.056250000000000000e+01,3.446944093802903450e-04
6.058333333333332860e+01,-2.465194974113742990e-04
6.060416666666666430e+01,-2.336549613039643619e-03
6.062500000000000000e+01,-4.782064479732311968e-03
6.064583333333332860e+01,-5.395544196389157922e-03
6.066666666666666430e+01,-5.589980418740702305e-03
6.068750000000000000e+01,-7.871266178145768996e-03
6.070833333333332860e+01,-1.116295207847802645e-02
6.072916666666666430e+01,-1.318561357111128381e-02
6.075000000000000000e+01,-1.456961784117624670e-02
6.077083333333332860e+01,-1.691056228075637699e-02
6.079166666666666430e+01,-1.889070238480189054e-02
6.081250000000000000e+01,-1.832737572403752430e-02
6.083333333333332860e+01,-1.657888022672840758e-02
6.085416666666666430e+01,-1.606861563197316614e-02
6.087500000000000000e+01,-1.571248055622320033e-02
6.089583333333332860e+01,-1.333503232842075427e-02
6.091666666666666430e+01,-1.033271538088632868e-02
6.093750000000000000e+01,-9.200499021920497539e-03
6.095833333333332860e+01,-8.892845828066911831e-03
6.097916666666666430e+01,-7.245539039486813618e-03
6.100000000000000000e+01,-5.580961277117223868e-03
6.102083333333332860e+01,-5.801419963421016075e-03
6.104166666666666430e+01,-6.593264098400693565e-03
6.106250000000000000e+01,-5.796423986447297311e-03
6.108333333333332860e+01,-4.818655925719324794e-03
6.110416666666666430e+01,-6.137587732606366100e-03
6.112500000000000000e+01,-8.682178153422089734e-03
6.114583333333332860e+01,-1.013503956536424520e-02
6.116666666666666430e+01,-1.080642009612808527e-02
6.118750000000000000e+01,-1.270026138613022416e-02
6.120833333333332860e+01,-1.473121563771237139e-02
6.122916666666666430e+01,-1.472185150761331184e-02
6.125000000000000000e+01,-1.407834842523983908e-02
6.127083333333332860e+01,-1.530088056333440798e-02
6.129166666666666430e+01,-1.733689075259928214e-02
6.131250000000000000e+01,-1.796059641212173832e-02
6.133333333333332860e+01,-1.806917566174539094e-02
6.135416666666666430e+01,-1.892442169656908396e-02
6.137500000000000000e+01,-1.906401507244898444e-02
6.139583333333332860e+01,-1.687843052248786876e-02
6.141666666666666430e+01,-1.402147573206053398e-02
6.143750000000000000e+01,-1.297618971900742733e-02
6.145833333333332860e+01,-1.268068653571469487e-02
6.147916666666666430e+01,-1.095198062089489111e-02
6.150000000000000000e+01,-9.098346495956990965e-03
6.152083333333332860e+01,-8.835176548765788160e-03
6.154166666666666430e+01,-8.751799869002251445e-03
6.156250000000000000e+01,-6.651069630298113954e-03
6.158333333333332860e+01,-3.936370560289858579e-03
6.160416666666666430e+01,-3.126074392001008864e-03
6.162500000000000000e+01,-3.166094286625418218e-03
6.164583333333332860e+01,-1.868949877629541914e-03
6.166666666666666430e+01,-5.614335461413149687e-04
6.168750000000000000e+01,-1.077372083356183986e-03
6.170833333333332860e+01,-2.051227665202235394e-03
6.172916666666666430e+01,-1.300240279223479874e-03
6.175000000000000000e+01,-2.398863706496991383e-04
6.177083333333332860e+01,-1.378192658972307366e-03
6.179166666666666430e+01,-3.658216963053835188e-03
6.181250000000000000e+01,-4.835164689703731061e-03
6.183333333333332860e+01,-5.608823633926282755e-03
6.185416666666666430e+01,-7.428275447646565458e-03
6.187500000000000000e+01,-8.903772935456827353e-03
6.189583333333332860e+01,-7.869257317108692765e-03
6.191666666666666430e+01,-5.712323123723409175e-03
6.193750000000000000e+01,-4.854100135598573250e-03
6.195833333333332860e+01,-4.207644335478397633e-03
6.197916666666666430e+01,-1.593600004162330124e-03
6.200000000000000000e+01,1.591968081166795536e-03
6.202083333333332860e+01,2.847388252705203727e-03
6.204166666666666430e+01,3.219720154225311475e-03
6.206250000000000000e+01,4.883741552623038079e-03
6.208333333333332860e+01,6.443187452570895216e-03
6.210416666666666430e+01,5.428960874164371134e-03
6.212500000000000000e+01,2.916929387318027873e-03
6.214583333333332860e+01,1.239032933055043105e-03
6.216666666666666430e+01,1.593750541260856779e-04
6.218750000000000000e+01,-2.312125394135860611e-03
6.220833333333332860e+01,-5.101312017203006588e-03
6.222916666666666430e+01,-6.018796792780204200e-03
6.225000000000000000e+01,-6.433247044300742339e-03
6.227083333333332860e+01,-8.779407357012887492e-03
6.229166666666666430e+01,-1.196441239779745015e-02
6.231250000000000000e+01,-1.378115513550348323e-02
6.233333333333332860e+01,-1.513912976471670953e-02
6.235416666666666430e+01,-1.721066035761662991e-02
6.237500000000000000e+01,-1.850129023256870744e-02
6.239583333333332860e+01,-1.744824570850423903e-02
6.241666666666666430e+01,-1.571967582349386230e-02
6.243750000000000000e+01,-1.581446169248556036e-02
6.245833333333332860e+01,-1.668212611171551729e-02
6.247916666666666430e+01,-1.615476138882323415e-02
6.250000000000000000e+01,-1.546731716160118682e-02
6.252083333333332860e+01,-1.580634713292625865e-02
6.254166666666666430e+01,-1.560093135673455179e-02
6.256250000000000000e+01,-1.307526631576936410e-02
6.258333333333332860e+01,-9.811704303183638870e-03
6.260416666666666430e+01,-8.315226725112766920e-03
6.262500000000000000e+01,-7.535313989858395851e-03
6.264583333333332860e+01,-5.268715772188708145e-03
6.266666666666666430e+01,-2.832167007920569166e-03
6.268750000000000000e+01,-2.709423149818587090e-03
6.270833333333332860e+01,-3.836715727324020980e-03
6.272916666666666430e+01,-3.955246588565545195e-03
6.275000000000000000e+01,-3.788312800935892972e-03
6.277083333333332860e+01,-4.831592534675881699e-03
6.279166666666666430e+01,-5.689134770616619333e-03
6.281250000000000000e+01,-4.170666157427479863e-03
6.283333333333332860e+01,-1.653123974980880585e-03
6.285416666666666430e+01,-5.660206330988106589e-04
6.287500000000000000e+01,1.946982502499661335e-04
6.289583333333332860e+01,2.830567832028443517e-03
6.291666666666666430e+01,5.931312297215969934e-03
6.293750000000000000e+01,6.976750819212231350e-03
6.295833333333332860e+01,7.027080653431461502e-03
6.297916666666666430e+01,8.271311190621554940e-03
6.300000000000000000e+01,9.323351518450909495e-03
6.302083333333332860e+01,7.895076957781306526e-03
6.304166666666666430e+01,5.158378268380260645e-03
6.306250000000000000e+01,3.346688573788028382e-03
6.308333333333332860e+01,1.652069947433464298e-03
6.310416666666666430e+01,-1.119215449603395106e-03
6.312500000000000000e+01,-3.456959648514170216e-03
6.314583333333332860e+01,-3.486432652773665229e-03
6.316666666666666430e+01,-2.743727251343653414e-03
6.318750000000000000e+01,-3.729414440467025606e-03
6.320833333333332860e+01,-5.393529897402254275e-03
6.322916666666666430e+01,-5.570318188173969780e-03
6.325000000000000000e+01,-5.615581354944175312e-03
6.327083333333332860e+01,-7.702882526412066153e-03
6.329166666666666430e+01,-1.064598218896745628e-02
6.331250000000000000e+01,-1.226794856491680852e-02
6.333333333333332860e+01,-1.370847569688326585e-02
6.335416666666666430e+01,-1.571990972610209231e-02
6.337500000000000000e+01,-1.675133925936266727e-02
6.339583333333332860e+01,-1.664099618018437601e-02
6.341666666666666430e+01,-1.718236152976891987e-02
6.343750000000000000e+01,-1.728630843125370312e-02
6.345833333333332860e+01,-1.493764379502498900e-02
6.347916666666666430e+01,-1.157257616762908704e-02
6.350000000000000000e+01,-9.708196364025277469e-03
6.352083333333332860e+01,-8.283677120779611713e-03
6.354166666666666430e+01,-5.122424123426673817e-03
6.356250000000000000e+01,-1.601346882543334439e-03
6.358333333333332860e+01,-2.427328567206756362e-04
6.360416666666666430e+01,2.192110402753002108e-06
6.362500000000000000e+01,1.299880468360490367e-03
6.364583333333332860e+01,2.373639934466081208e-03
6.366666666666666430e+01,1.598569879006784232e-03
6.368750000000000000e+01,4.223290729543019298e-04
6.370833333333332860e+01,1.004842506683519508e-03
6.372916666666666430e+01,1.944024750046629332e-03
6.375000000000000000e+01,7.294214543057387073e-04
6.377083333333332860e+01,-1.567621407143079612e-03
6.379166666666666430e+01,-2.779500625592564150e-03
6.381250000000000000e+01,-4.019585855291422753e-03
6.383333333333332860e+01,-6.156554624687369387e-03
6.385416666666666430e+01,-7.592552214817676476e-03
6.387500000000000000e+01,-7.541631256237941484e-03
6.389583333333332860e+01,-7.715049056512725788e-03
6.391666666666666430e+01,-8.423208984683440426e-03
6.393750000000000000e+01,-8.089639027343277847e-03
6.395833333333332860e+01,-7.909967525906115918e-03
6.397916666666666430e+01,-8.640754930379324419e-03
6.400000000000000000e+01,-8.702528320437389470e-03
6.402083333333332860e+01,-7.860011029791454107e-03
6.404166666666665719e+01,-7.919361088269037674e-03
6.406250000000000000e+01,-7.825600894512101807e-03
6.408333333333332860e+01,-5.421456199950408505e-03
6.410416666666665719e+01,-2.098354742224833869e-03
6.412500000000000000e+01,-3.656714856956925705e-04
6.414583333333332860e+01,8.377670144810144817e-04
6.416666666666665719e+01,3.667618138584164637e-03
6.418750000000000000e+01,6.728305098443200169e-03
6.420833333333332860e+01,7.513823979389005862e-03
6.422916666666665719e+01,7.089666767650934683e-03
6.425000000000000000e+01,7.610220219174661932e-03
6.427083333333332860e+01,7.785531680501795587e-03
6.429166666666665719e+01,5.993848703411608012e-03
6.431250000000000000e+01,3.692141808100047294e-03
6.433333333333332860e+01,3.031686677869001832e-03
6.435416666666665719e+01,2.604530531288262382e-03
6.437500000000000000e+01,-9.187020977056254648e-05
6.439583333333332860e+01,-3.980659334336434513e-03
6.441666666666665719e+01,-6.806236680725408564e-03
6.443750000000000000e+01,-9.084142080681388565e-03
6.445833333333332860e+01,-1.244166735434059506e-02
6.447916666666665719e+01,-1.557888960387971734e-02
6.450000000000000000e+01,-1.635028988208504092e-02
6.452083333333332860e+01,-1.617205709433081062e-02
6.454166666666665719e+01,-1.754589872338968917e-02
6.456250000000000000e+01,-1.939221942407549915e-02
6.458333333333332860e+01,-1.956467073970473425e-02
6.460416666666665719e+01,-1.940182145929390464e-02
6.462500000000000000e+01,-2.078101050086822443e-02
6.464583333333332860e+01,-2.234900424014093362e-02
6.466666666666665719e+01,-2.195957284740888971e-02
6.468750000000000000e+01,-2.103218021110512745e-02
6.470833333333332860e+01,-2.206617333924847796e-02
6.472916666666665719e+01,-2.397807064198331436e-02
6.475000000000000000e+01,-2.450730922930796987e-02
6.477083333333332860e+01,-2.416122794067103105e-02
6.479166666666665719e+01,-2.502827670614459626e-02
6.481250000000000000e+01,-2.603296115752743237e-02
6.483333333333332860e+01,-2.503822055783397338e-02
6.485416666666665719e+01,-2.344552844860186419e-02
6.487500000000000000e+01,-2.366307573886215071e-02
6.489583333333332860e+01,-2.458186897545018568e-02
6.491666666666665719e+01,-2.401721881271951659e-02
6.493750000000000000e+01,-2.287668928604417312e-02
6.495833333333332860e+01,-2.244214464971813067e-02
6.497916666666665719e+01,-2.126036285513311849e-02
6.500000000000000000e+01,-1.777288416166262000e-02
6.502083333333332860e+01,-1.364556900007487042e-02
6.504166666666665719e+01,-1.137437505680049046e-02
6.506250000000000000e+01,-9.888380033046375098e-03
6.508333333333332860e+01,-7.044383542083551206e-03
6.510416666666665719e+01,-4.153637301872975356e-03
6.512500000000000000e+01,-2.953069839610196479e-03
6.514583333333332860e+01,-2.001208034013537192e-03
6.516666666666665719e+01,8.751192380262370072e-04
6.518750000000000000e+01,4.260900146509295772e-03
6.520833333333332860e+01,5.642961003922701731e-03
6.522916666666665719e+01,6.101223957773961939e-03
6.525000000000000000e+01,7.799014898286557931e-03
6.527083333333332860e+01,9.389890650157486571e-03
6.529166666666665719e+01,8.779959557645366022e-03
6.531250000000000000e+01,7.222298799558793565e-03
6.533333333333332860e+01,6.884248815196791077e-03
6.535416666666665719e+01,6.545584341203094549e-03
6.537500000000000000e+01,4.743947470473460631e-03
6.539583333333332860e+01,2.978836830635148668e-03
6.541666666666665719e+01,3.397387938342984887e-03
6.543750000000000000e+01,4.609277589295448542e-03
6.545833333333332860e+01,4.110325235830998569e-03
6.547916666666665719e+01,2.950646716162056218e-03
6.550000000000000000e+01,3.280906598034176534e-03
6.552083333333332860e+01,3.743997191374775178e-03
6.554166666666665719e+01,2.039880812643292060e-03
6.556250000000000000e+01,-6.864418207680880258e-04
6.558333333333332860e+01,-2.237888930056924647e-03
6.560416666666665719e+01,-3.523515826718114172e-03
6.562500000000000000e+01,-5.474214953823912030e-03
6.564583333333332860e+01,-6.608470204218437269e-03
6.566666666666665719e+01,-6.424917169776294193e-03
6.568750000000000000e+01,-6.595834198290711180e-03
6.570833333333332860e+01,-6.304994146889715198e-03
6.572916666666665719e+01,-4.338329227046797305e-03
6.575000000000000000e+01,-2.407542739799102549e-03
6.577083333333332860e+01,-2.478039252917177675e-03
6.579166666666665719e+01,-3.291145830944159061e-03
6.581250000000000000e+01,-2.685294152137435858e-03
6.583333333333332860e+01,-1.954693271522432545e-03
6.585416666666665719e+01,-2.876074071805431558e-03
6.587500000000000000e+01,-4.064685884367248876e-03
6.589583333333332860e+01,-3.228791165945244911e-03
6.591666666666665719e+01,-1.672788076956963728e-03
6.593750000000000000e+01,-1.697125042656805020e-03
6.595833333333332860e+01,-2.112751700285553022e-03
6.597916666666665719e+01,-5.594584676439419988e-04
6.600000000000000000e+01,1.679868967902092619e-03
6.602083333333332860e+01,2.303033535885774460e-03
6.604166666666665719e+01,2.492944510557818655e-03
6.606250000000000000e+01,4.548612850144343432e-03
6.608333333333332860e+01,7.144757902631082569e-03
6.610416666666665719e+01,7.992010154591109791e-03
6.612500000000000000e+01,8.292885271532823843e-03
6.614583333333332860e+01,1.039316555132374295e-02
6.616666666666665719e+01,1.299679800869513874e-02
6.618750000000000000e+01,1.381354255117323536e-02
6.620833333333332860e+01,1.403973117550300076e-02
6.622916666666665719e+01,1.603746625440322440e-02
6.625000000000000000e+01,1.861974364447614022e-02
6.627083333333332860e+01,1.955937095430191827e-02
6.629166666666665719e+01,2.009922804839600965e-02
6.631250000000000000e+01,2.215691198820844351e-02
6.633333333333332860e+01,2.443074125004458461e-02
6.635416666666665719e+01,2.471751065594577496e-02
6.637500000000000000e+01,2.440032699543241007e-02
6.639583333333332860e+01,2.599143321756409650e-02
6.641666666666665719e+01,2.844128656361989346e-02
6.643750000000000000e+01,2.943238541933981822e-02
6.645833333333332860e+01,2.930485299393489548e-02
6.647916666666665719e+01,3.002155257172813008e-02
6.650000000000000000e+01,3.046453841702954218e-02
6.652083333333332860e+01,2.841042481449871510e-02
6.654166666666665719e+01,2.523822366219979560e-02
6.656250000000000000e+01,2.340468393280770165e-02
6.658333333333332860e+01,2.184462828155639066e-02
6.660416666666665719e+01,1.836698069793896160e-02
6.662500000000000000e+01,1.435764126033995704e-02
6.664583333333332860e+01,1.231557714290144011e-02
6.666666666666665719e+01,1.120222582357114673e-02
6.668750000000000000e+01,8.842706014880770751e-03
6.670833333333332860e+01,6.453367948542888984e-03
6.672916666666665719e+01,5.013230845359038443e-03
6.675000000000000000e+01,2.984704205453352164e-03
6.677083333333332860e+01,-4.129353930214112222e-04
6.679166666666665719e+01,-3.426426785904651898e-03
6.681250000000000000e+01,-5.713300846053580642e-03
6.683333333333332860e+01,-8.848200181751652432e-03
6.685416666666665719e+01,-1.174411170193571767e-02
6.687500000000000000e+01,-1.285792256992090987e-02
6.689583333333332860e+01,-1.379338836518206185e-02
6.691666666666665719e+01,-1.682500817010785382e-02
6.693750000000000000e+01,-2.076620269751547690e-02
6.695833333333332860e+01,-2.328007852796847368e-02
6.697916666666665719e+01,-2.551391169560398436e-02
6.700000000000000000e+01,-2.886529242079288390e-02
6.702083333333332860e+01,-3.175064011040338446e-02
6.704166666666665719e+01,-3.179882490176224458e-02
6.706250000000000000e+01,-3.026943449321897392e-02
6.708333333333332860e+01,-2.945726682115824141e-02
6.710416666666665719e+01,-2.829397210339233693e-02
6.712500000000000000e+01,-2.539295222690337098e-02
6.714583333333332860e+01,-2.245779319696071877e-02
6.716666666666665719e+01,-2.179625356450814316e-02
6.718750000000000000e+01,-2.220291955060199954e-02
6.720833333333332860e+01,-2.126896406665724007e-02
6.722916666666665719e+01,-2.020516512906593912e-02
6.725000000000000000e+01,-2.121893960587167838e-02
6.727083333333332860e+01,-2.307749526295512291e-02
6.729166666666665719e+01,-2.345448236305344714e-02
6.731250000000000000e+01,-2.353897875924302122e-02
6.733333333333332860e+01,-2.489303394073743778e-02
6.735416666666665719e+01,-2.600474920230329973e-02
6.737500000000000000e+01,-2.450648658289139581e-02
6.739583333333332860e+01,-2.165384715019467304e-02
6.741666666666665719e+01,-1.972908647035759647e-02
6.743750000000000000e+01,-1.761986615630875899e-02
6.745833333333332860e+01,-1.356091252334136812e-02
6.747916666666665719e+01,-9.076188968472436586e-03
6.750000000000000000e+01,-6.473655809344855058e-03
6.752083333333332860e+01,-4.587938072579443062e-03
6.754166666666665719e+01,-1.056252137948375525e-03
6.756250000000000000e+01,2.877600642947042084e-03
6.758333333333332860e+01,4.938118436857821640e-03
6.760416666666665719e+01,6.312562346462433256e-03
6.762500000000000000e+01,9.376079589659540650e-03
6.764583333333332860e+01,1.288019019104004459e-02
6.766666666666665719e+01,1.453860058515384600e-02
6.768750000000000000e+01,1.554933092020344132e-02
6.770833333333332860e+01,1.811810708960420388e-02
6.772916666666665719e+01,2.093354394096843749e-02
6.775000000000000000e+01,2.169479319079457152e-02
6.777083333333332860e+01,2.162690140550629567e-02
6.779166666666665719e+01,2.312769756558994208e-02
6.781250000000000000e+01,2.493265461206576120e-02
6.783333333333332860e+01,2.476001088535547540e-02
6.785416666666665719e+01,2.382255149038087216e-02
6.787500000000000000e+01,2.444351534009144011e-02
6.789583333333332860e+01,2.533665665901822101e-02
6.791666666666665719e+01,2.420907309226960277e-02
6.793750000000000000e+01,2.225908773782133906e-02
6.795833333333332860e+01,2.187481053793173882e-02
6.797916666666665719e+01,2.178379957762919400e-02
6.800000000000000000e+01,1.960312804337725409e-02
6.802083333333332860e+01,1.647403056465644722e-02
6.804166666666665719e+01,1.465165081476097267e-02
6.806250000000000000e+01,1.280314995346278073e-02
6.808333333333332860e+01,8.468110593154349469e-03
6.810416666666665719e+01,2.746446923298792066e-03
6.812500000000000000e+01,-2.154758489135137449e-03
6.814583333333332860e+01,-7.161781185998973911e-03
6.816666666666665719e+01,-1.294054970472136371e-02
6.818750000000000000e+01,-1.789435516828050479e-02
6.820833333333332860e+01,-2.163593786253571044e-02
6.822916666666665719e+01,-2.586447803830457803e-02
6.825000000000000000e+01,-2.954250926050863008e-02
6.827083333333332860e+01,-3.071971144104087767e-02
6.829166666666665719e+01,-3.089204935313014447e-02
6.831250000000000000e+01,-3.253709799599672353e-02
6.833333333333332860e+01,-3.457414697966641054e-02
6.835416666666665719e+01,-3.482350644837812342e-02
6.837500000000000000e+01,-3.463103327572814027e-02
6.839583333333332860e+01,-3.628216062692909277e-02
6.841666666666665719e+01,-3.863167172902959301e-02
6.843750000000000000e+01,-3.950880835770882726e-02
6.845833333333332860e+01,-3.995396261279551137e-02
6.847916666666665719e+01,-4.090964843750854313e-02
6.850000000000000000e+01,-4.085200469832703934e-02
6.852083333333332860e+01,-3.896260395349272071e-02
6.854166666666665719e+01,-3.700676963065601538e-02
6.856250000000000000e+01,-3.569186968527579551e-02
6.858333333333332860e+01,-3.345765702992431478e-02
6.860416666666665719e+01,-3.020690529099024496e-02
6.862500000000000000e+01,-2.779940313479931438e-02
6.864583333333332860e+01,-2.519246933922759252e-02
6.866666666666665719e+01,-2.024475189467165454e-02
6.868750000000000000e+01,-1.433624620004312310e-02
6.870833333333332860e+01,-9.968889492046249107e-03
6.872916666666665719e+01,-6.077325745053137850e-03
6.875000000000000000e+01,-4.985025779915028092e-04
6.877083333333332860e+01,5.398848816934161306e-03
6.879166666666665719e+01,9.101218866774011401e-03
6.881250000000000000e+01,1.166253856069511888e-02
6.883333333333332860e+01,1.525038857913827914e-02
6.885416666666665719e+01,1.849940411693629799e-02
6.887500000000000000e+01,1.889981277959194156e-02
6.889583333333332860e+01,1.752602633111622829e-02
6.891666666666665719e+01,1.658659723475267717e-02
6.893750000000000000e+01,1.513188177709633847e-02
6.895833333333332860e+01,1.256955741732442705e-02
6.897916666666665719e+01,1.046035901453452183e-02
6.900000000000000000e+01,8.558610691058281261e-03
6.902083333333332860e+01,4.983526851143367867e-03
6.904166666666665719e+01,8.299633712067557316e-04
6.906250000000000000e+01,-1.725724682832286251e-03
6.908333333333332860e+01,-4.172468879183419133e-03
6.910416666666665719e+01,-8.699140391749521015e-03
6.912500000000000000e+01,-1.375940512816648670e-02
6.914583333333332860e+01,-1.650954066804573642e-02
6.916666666666665719e+01,-1.846630460299215556e-02
6.918750000000000000e+01,-2.243075522108447378e-02
6.920833333333332860e+01,-2.691678026966590892e-02
6.922916666666665719e+01,-2.904361852019977583e-02
6.925000000000000000e+01,-3.032520839988232797e-02
6.927083333333332860e+01,-3.312253124069627214e-02
6.929166666666665719e+01,-3.582183141432576656e-02
6.931250000000000000e+01,-3.566211506045945806e-02
6.933333333333332860e+01,-3.413617758376241706e-02
6.935416666666665719e+01,-3.390651529167563322e-02
6.937500000000000000e+01,-3.357012905971323152e-02
6.939583333333332860e+01,-3.043751656924354940e-02
6.941666666666665719e+01,-2.600263154292935253e-02
6.943750000000000000e+01,-2.287665673931562477e-02
6.945833333333332860e+01,-1.970744481436230433e-02
6.947916666666665719e+01,-1.386752122086208280e-02
6.950000000000000000e+01,-6.794179225473045633e-03
6.952083333333332860e+01,-1.037756861187912787e-03
6.954166666666665719e+01,4.520123178024713917e-03
6.956250000000000000e+01,1.100180931389015300e-02
6.958333333333332860e+01,1.650029457265232702e-02
6.960416666666665719e+01,1.948989668952107526e-02
6.962500000000000000e+01,2.166750759103506715e-02
6.964583333333332860e+01,2.558670441259905740e-02
6.966666666666665719e+01,2.992113621255287903e-02
6.968750000000000000e+01,3.221813116310716374e-02
6.970833333333332860e+01,3.369739877489623392e-02
6.972916666666665719e+01,3.657787258845991013e-02
6.975000000000000000e+01,3.945289948776495303e-02
6.977083333333332860e+01,3.992171012923900059e-02
6.979166666666665719e+01,3.923508738215385899e-02
6.981250000000000000e+01,3.987820874403037036e-02
6.983333333333332860e+01,4.052955826138434497e-02
6.985416666666665719e+01,3.878195644798335812e-02
6.987500000000000000e+01,3.586067953985881684e-02
6.989583333333332860e+01,3.423993341762859161e-02
6.991666666666665719e+01,3.262462931713702025e-02
6.993750000000000000e+01,2.861761058524383422e-02
6.995833333333332860e+01,2.341500331750580310e-02
6.997916666666665719e+01,1.938469721443565261e-02
7.000000000000000000e+01,1.523612767852199068e-02
7.002083333333332860e+01,8.804579790579889625e-03
7.004166666666665719e+01,1.384760187965928266e-03
7.006250000000000000e+01,-4.583042223555330343e-03
7.008333333333332860e+01,-1.020171916970348362e-02
7.010416666666665719e+01,-1.651072143634342571e-02
7.012500000000000000e+01,-2.185334802338412263e-02
7.014583333333332860e+01,-2.475051163779128441e-02
7.016666666666665719e+01,-2.686042753939931610e-02
7.018750000000000000e+01,-3.053519273883445115e-02
7.020833333333332860e+01,-3.459339546987828806e-02
7.022916666666665719e+01,-3.661024948892264291e-02
7.025000000000000000e+01,-3.780161958524761584e-02
7.027083333333332860e+01,-4.015274449893272563e-02
7.029166666666665719e+01,-4.233473536384544517e-02
7.031250000000000000e+01,-4.199015538217234361e-02
7.033333333333332860e+01,-4.040312082891097528e-02
7.035416666666665719e+01,-3.991412702123343925e-02
7.037500000000000000e+01,-3.934438748617895970e-02
7.039583333333332860e+01,-3.648597408389258473e-02
7.041666666666665719e+01,-3.260854435764938553e-02
7.043750000000000000e+01,-2.973579881859105684e-02
7.045833333333332860e+01,-2.677753673698047426e-02
7.047916666666665719e+01,-2.165065452252168052e-02
7.050000000000000000e+01,-1.519483048385878235e-02
7.052083333333332860e+01,-9.572878668527261270e-03
7.054166666666665719e+01,-5.051682328354051461e-03
7.056250000000000000e+01,-9.743165310047608059e-05
7.058333333333332860e+01,5.198006165562916482e-03
7.060416666666665719e+01,8.875952655075455139e-03
7.062500000000000000e+01,1.112713143969616160e-02
7.064583333333332860e+01,1.393184065841373762e-02
7.066666666666665719e+01,1.747023520502308247e-02
7.068750000000000000e+01,1.967843932044720592e-02
7.070833333333332860e+01,1.851489248654949668e-02
7.072916666666665719e+01,1.533801519680315362e-02
7.075000000000000000e+01,1.307349002357129954e-02
7.077083333333332860e+01,1.415096709002695331e-02
7.079166666666665719e+01,1.739886336537210809e-02
7.081250000000000000e+01,2.030522516750348991e-02
7.083333333333332860e+01,2.298032929443763472e-02
7.085416666666665719e+01,2.526254127645299191e-02
7.087500000000000000e+01,2.520409328324753687e-02
7.089583333333332860e+01,2.323965092352914957e-02
7.091666666666665719e+01,2.156374200139693151e-02
7.093750000000000000e+01,2.066280996857885674e-02
7.095833333333332860e+01,1.866624059986923129e-02
7.097916666666665719e+01,1.556196433323701715e-02
7.100000000000000000e+01,1.330775044974821623e-02
7.102083333333332860e+01,1.168151756928010807e-02
7.104166666666665719e+01,8.644059806662322820e-03
7.106250000000000000e+01,5.315072891076341732e-03
7.108333333333332860e+01,3.929713059476424263e-03
7.110416666666665719e+01,3.195053153719036847e-03
7.112500000000000000e+01,6.691127114357705652e-04
7.114583333333332860e+01,-2.428080585766701199e-03
7.116666666666665719e+01,-3.801060442044974178e-03
7.118750000000000000e+01,-4.621375547644030433e-03
7.120833333333332860e+01,-7.219714023595009966e-03
7.122916666666665719e+01,-1.035352480288459151e-02
7.125000000000000000e+01,-1.178782231097245080e-02
7.127083333333332860e+01,-1.277853197820286862e-02
7.129166666666665719e+01,-1.568582354849774180e-02
7.131250000000000000e+01,-1.927588882675609905e-02
7.133333333333332860e+01,-2.131833805830680301e-02
7.135416666666665719e+01,-2.290016120979272360e-02
7.137500000000000000e+01,-2.574875376867452603e-02
7.139583333333332860e+01,-2.837687464885447347e-02
7.141666666666665719e+01,-2.855507899749042122e-02
7.143750000000000000e+01,-2.744981235733865918e-02
7.145833333333332860e+01,-2.731251128901742917e-02
7.147916666666665719e+01,-2.684039821766394385e-02
7.150000000000000000e+01,-2.366335991960092505e-02
7.152083333333332860e+01,-1.890284937267866158e-02
7.154166666666665719e+01,-1.487499788461667770e-02
7.156250000000000000e+01,-1.122339917365212936e-02
7.158333333333332860e+01,-5.909307077669553876e-03
7.160416666666665719e+01,5.727752012683537397e-06
7.162500000000000000e+01,4.378753005111752153e-03
7.164583333333332860e+01,8.454585194016461455e-03
7.166666666666665719e+01,1.353894942342497021e-02
7.168750000000000000e+01,1.803563215926469107e-02
7.170833333333332860e+01,1.979811630395717642e-02
7.172916666666665719e+01,2.023435152179636071e-02
7.175000000000000000e+01,2.173017591301602824e-02
7.177083333333332860e+01,2.330477645522688324e-02
7.179166666666665719e+01,2.304643690391960931e-02
7.181250000000000000e+01,2.180463648543078808e-02
7.183333333333332860e+01,2.141257783417424912e-02
7.185416666666665719e+01,2.108717838755477803e-02
7.187500000000000000e+01,1.895060936676931651e-02
7.189583333333332860e+01,1.595628732394458252e-02
7.191666666666665719e+01,1.402153620394465568e-02
7.193750000000000000e+01,1.223327105251968000e-02
7.195833333333332860e+01,8.863964597666015854e-03
7.197916666666665719e+01,5.044642175387330750e-03
7.200000000000000000e+01,1.814377620363474613e-03
7.202083333333332860e+01,-1.906455099825817793e-03
7.204166666666665719e+01,-4.785570295610789594e-03
7.206250000000000000e+01,-5.016893780904967126e-03
7.208333333333332860e+01,-4.048597578895645095e-03
7.210416666666665719e+01,-4.139726415872369350e-03
7.212500000000000000e+01,-3.934219689355302960e-03
7.214583333333332860e+01,-9.326413809447884132e-04
7.216666666666665719e+01,3.791104618880805546e-03
7.218750000000000000e+01,7.861302140380964365e-03
7.220833333333332860e+01,1.217777565693259519e-02
7.222916666666665719e+01,1.637821668959478505e-02
7.225000000000000000e+01,1.834445549785566551e-02
7.227083333333332860e+01,1.842314344979191151e-02
7.229166666666665719e+01,1.865639451197908735e-02
7.231250000000000000e+01,1.940847028201238278e-02
7.233333333333332860e+01,1.873046380870040800e-02
7.235416666666665719e+01,1.575335707936482976e-02
7.237500000000000000e+01,1.235614942750198897e-02
7.239583333333332860e+01,1.106079326393142465e-02
7.241666666666665719e+01,1.078098689107301333e-02
7.243750000000000000e+01,9.211390503930275836e-03
7.245833333333332860e+01,7.507181862930413681e-03
7.247916666666665719e+01,7.395674617265737306e-03
7.250000000000000000e+01,7.535804652942546498e-03
7.252083333333332860e+01,5.733440665529274290e-03
7.254166666666665719e+01,3.320569306041275866e-03
7.256250000000000000e+01,2.631261000561822046e-03
7.258333333333332860e+01,2.569772018454519278e-03
7.260416666666665719e+01,8.843424548352423701e-04
7.262500000000000000e+01,-1.204847009512485193e-03
7.264583333333332860e+01,-1.479122785700511629e-03
7.266666666666665719e+01,-1.087069942485169739e-03
7.268750000000000000e+01,-2.339309084883466061e-03
7.270833333333332860e+01,-4.128344130983166091e-03
7.272916666666665719e+01,-4.293080959378853603e-03
7.275000000000000000e+01,-4.036743915925291963e-03
7.277083333333332860e+01,-5.684077424462807837e-03
7.279166666666665719e+01,-8.103222615472803134e-03
7.281250000000000000e+01,-9.120944224336471895e-03
7.283333333333332860e+01,-9.975802896214145191e-03
7.285416666666665719e+01,-1.302199312549222159e-02
7.287500000000000000e+01,-1.716168850246775623e-02
7.289583333333332860e+01,-2.023706463152410637e-02
7.291666666666665719e+01,-2.328713384125480693e-02
7.293750000000000000e+01,-2.692406192048379249e-02
7.295833333333332860e+01,-2.956974841157200204e-02
7.297916666666665719e+01,-3.134139673346992422e-02
7.300000000000000000e+01,-3.417348865226196158e-02
7.302083333333332860e+01,-3.702118808868568034e-02
7.304166666666665719e+01,-3.775666991812972467e-02
7.306250000000000000e+01,-3.776655425047311526e-02
7.308333333333332860e+01,-3.975696185441131986e-02
7.310416666666665719e+01,-4.251723063104137501e-02
7.312500000000000000e+01,-4.344888817497744027e-02
7.314583333333332860e+01,-4.399883176024213527e-02
7.316666666666665719e+01,-4.545991713877437640e-02
7.318750000000000000e+01,-4.577878376265209770e-02
7.320833333333332860e+01,-4.254798488508558518e-02
7.322916666666665719e+01,-3.755399275460835629e-02
7.325000000000000000e+01,-3.379866230951026479e-02
7.327083333333332860e+01,-3.001604395706914188e-02
7.329166666666665719e+01,-2.367135973937189997e-02
7.331250000000000000e+01,-1.640058739403521190e-02
7.333333333333332860e+01,-1.109891796391669801e-02
7.335416666666665719e+01,-6.536040795166811641e-03
7.337500000000000000e+01,-2.455436395131132318e-04
7.339583333333332860e+01,6.230502673831811271e-03
7.341666666666665719e+01,1.009784436830298351e-02
7.343750000000000000e+01,1.254109469902042751e-02
7.345833333333332860e+01,1.596333889274272055e-02
7.347916666666665719e+01,1.885713054784033185e-02
7.350000000000000000e+01,1.848786721834712321e-02
7.352083333333332860e+01,1.600664717914557916e-02
7.354166666666665719e+01,1.394764133190431847e-02
7.356250000000000000e+01,1.221885626888413560e-02
7.358333333333332860e+01,8.738145924343021509e-03
7.360416666666665719e+01,4.678221427728850371e-03
7.362500000000000000e+01,2.397651997420701796e-03
7.364583333333332860e+01,4.361288142896373827e-04
7.366666666666665719e+01,-3.850255912931511114e-03
7.368750000000000000e+01,-9.336880548349803591e-03
7.370833333333332860e+01,-1.355713171878493092e-02
7.372916666666665719e+01,-1.656141259095254489e-02
7.375000000000000000e+01,-2.037238469319645542e-02
7.377083333333332860e+01,-2.389926296682057943e-02
7.379166666666665719e+01,-2.489047247712171396e-02
7.381250000000000000e+01,-2.478462501127093667e-02
7.383333333333332860e+01,-2.619531130662946725e-02
7.385416666666665719e+01,-2.803443572185982877e-02
7.387500000000000000e+01,-2.806628194468062040e-02
7.389583333333332860e+01,-2.757071304615493768e-02
7.391666666666665719e+01,-2.797592870411279645e-02
7.393750000000000000e+01,-2.767203367763523131e-02
7.395833333333332860e+01,-2.449180174300870025e-02
7.397916666666665719e+01,-1.989838726583784134e-02
7.400000000000000000e+01,-1.648345757565465933e-02
7.402083333333332860e+01,-1.316445435724041685e-02
7.404166666666665719e+01,-7.722793053014551448e-03
7.406250000000000000e+01,-1.551425461934728255e-03
7.408333333333332860e+01,2.790819496879173162e-03
7.410416666666665719e+01,6.378220530636673907e-03
7.412500000000000000e+01,1.141416081537720804e-02
7.414583333333332860e+01,1.653530302199726285e-02
7.416666666666665719e+01,1.921074205260449655e-02
7.418750000000000000e+01,2.050073697703893444e-02
7.420833333333332860e+01,2.259217131605399664e-02
7.422916666666665719e+01,2.411484676551878606e-02
7.425000000000000000e+01,2.269643791773625491e-02
7.427083333333332860e+01,1.946322521151900090e-02
7.429166666666665719e+01,1.678169794718386079e-02
7.431250000000000000e+01,1.469710310036556264e-02
7.433333333333332860e+01,1.130423993585142131e-02
7.435416666666665719e+01,7.644477114852967631e-03
7.437500000000000000e+01,5.893588184983682837e-03
7.439583333333332860e+01,4.673798431619833466e-03
7.441666666666665719e+01,1.455793947494100037e-03
7.443750000000000000e+01,-2.719666355131516132e-03
7.445833333333332860e+01,-5.627181715827930114e-03
7.447916666666665719e+01,-8.129751124736243201e-03
7.450000000000000000e+01,-1.128664849853057255e-02
7.452083333333332860e+01,-1.360694663011820238e-02
7.454166666666665719e+01,-1.394725507029068688e-02
7.456250000000000000e+01,-1.400391233631021956e-02
7.458333333333332860e+01,-1.528096579122350911e-02
7.460416666666665719e+01,-1.628733226979886539e-02
7.462500000000000000e+01,-1.485339936292516538e-02
7.464583333333332860e+01,-1.236377443610834487e-02
7.466666666666665719e+01,-1.134361513812925590e-02
7.468750000000000000e+01,-1.074495138520096919e-02
7.470833333333332860e+01,-8.401096170192520057e-03
7.472916666666665719e+01,-5.696989492925148141e-03
7.475000000000000000e+01,-5.151439861993669864e-03
7.477083333333332860e+01,-5.712125434461244079e-03
7.479166666666665719e+01,-5.213974775480547524e-03
7.481250000000000000e+01,-4.805424625788953623e-03
7.483333333333332860e+01,-5.103569886874627197e-03
7.485416666666665719e+01,-4.571232540993654982e-03
7.487500000000000000e+01,-3.748276518076362231e-03
7.489583333333332860e+01,-4.308578511468225819e-03
7.491666666666665719e+01,-4.997776228761750643e-03
7.493750000000000000e+01,-3.641365087050396979e-03
7.495833333333332860e+01,-1.639356988425876103e-03
7.497916666666665719e+01,-1.515787256233802616e-03
7.500000000000000000e+01,-2.230701917931472884e-03
7.502083333333332860e+01,-1.586114301740687571e-03
7.504166666666665719e+01,-8.506016930049076739e-04
7.506250000000000000e+01,-1.764106135003274929e-03
7.508333333333332860e+01,-2.921294898580072390e-03
7.510416666666665719e+01,-2.134031464613782552e-03
7.512500000000000000e+01,-8.099715869992259610e-04
7.514583333333332860e+01,-1.451449993817144953e-03
7.516666666666665719e+01,-3.005504868963341375e-03
7.518750000000000000e+01,-3.305598809493191532e-03
7.520833333333332860e+01,-3.542564420049913471e-03
7.522916666666665719e+01,-4.629131062691790865e-03
7.525000000000000000e+01,-5.019412557800126407e-03
7.527083333333332860e+01,-4.072403862334735350e-03
7.529166666666665719e+01,-3.488289306670907738e-03
7.531250000000000000e+01,-2.911130475429020859e-03
7.533333333333332860e+01,-5.055052521564401026e-04
7.535416666666665719e+01,2.321006492420455130e-03
7.537500000000000000e+01,3.068997538712992142e-03
7.539583333333332860e+01,2.843455791765448718e-03
7.541666666666665719e+01,3.815226289862083675e-03
7.543750000000000000e+01,4.678286938116113687e-03
7.545833333333332860e+01,3.782293597136193730e-03
7.547916666666665719e+01,2.583139394039983723e-03
7.550000000000000000e+01,3.243359526907644164e-03
7.552083333333332860e+01,4.364352868322708169e-03
7.554166666666665719e+01,3.440796170592875201e-03
7.556250000000000000e+01,1.547307284848730910e-03
7.558333333333332860e+01,8.517823319985312440e-04
7.560416666666665719e+01,1.837293049996656217e-04
7.562500000000000000e+01,-1.639988989242197482e-03
7.564583333333332860e+01,-3.014799501087217157e-03
7.566666666666665719e+01,-1.879199844557126724e-03
7.568750000000000000e+01,3.408936819442388616e-04
7.570833333333332860e+01,1.151150370615572609e-03
7.572916666666665719e+01,1.647504057970373666e-03
7.575000000000000000e+01,4.001493034553682895e-03
7.577083333333332860e+01,6.818186340403942398e-03
7.579166666666665719e+01,7.587113102498278458e-03
7.581250000000000000e+01,7.365928017067953706e-03
7.583333333333332860e+01,8.315135225761929524e-03
7.585416666666665719e+01,9.105365101603720909e-03
7.587500000000000000e+01,7.690051711027584731e-03
7.589583333333332860e+01,5.324898019668383026e-03
7.591666666666665719e+01,4.175211918496752467e-03
7.593750000000000000e+01,3.028560365613348643e-03
7.595833333333332860e+01,6.312827678745792882e-04
7.597916666666665719e+01,-1.422793506508319115e-03
7.600000000000000000e+01,-9.689229312568348748e-04
7.602083333333332860e+01,6.344899168310038197e-04
7.604166666666665719e+01,8.781324616107485416e-04
7.606250000000000000e+01,7.974684670672523490e-04
7.608333333333332860e+01,2.555005988348183626e-03
7.610416666666665719e+01,4.783339414896787233e-03
7.612500000000000000e+01,4.966779164560190286e-03
7.614583333333332860e+01,4.138208974177355962e-03
7.616666666666665719e+01,4.462841190950124146e-03
7.618750000000000000e+01,4.681943287284126218e-03
7.620833333333332860e+01,3.113492110726038837e-03
7.622916666666665719e+01,1.153309353081110721e-03
7.625000000000000000e+01,9.664961219366024819e-04
7.627083333333332860e+01,1.188590003782343148e-03
7.629166666666665719e+01,-6.992781732167725316e-04
7.631250000000000000e+01,-3.664976002925894680e-03
7.633333333333332860e+01,-5.493990817042718015e-03
7.635416666666665719e+01,-6.990054122926474441e-03
7.637500000000000000e+01,-9.098975075487460498e-03
7.639583333333332860e+01,-1.035619377033910465e-02
7.641666666666665719e+01,-1.036821817059240675e-02
7.643750000000000000e+01,-1.085321267675244325e-02
7.645833333333332860e+01,-1.085670721897910411e-02
7.647916666666665719e+01,-8.772861797507280554e-03
7.650000000000000000e+01,-6.212714769196834956e-03
7.652083333333332860e+01,-5.580074170003435780e-03
7.654166666666665719e+01,-5.787826665801535687e-03
7.656250000000000000e+01,-4.614723642073224712e-03
7.658333333333332860e+01,-3.353631119083539617e-03
7.660416666666665719e+01,-3.952780416596587444e-03
7.662500000000000000e+01,-5.114345260488145119e-03
7.664583333333332860e+01,-4.632612338824472313e-03
7.666666666666665719e+01,-3.881936109281466148e-03
7.668750000000000000e+01,-5.300331973341902009e-03
7.670833333333332860e+01,-7.804243871376781265e-03
7.672916666666665719e+01,-9.081033578924277080e-03
7.675000000000000000e+01,-9.539144452964450072e-03
7.677083333333332860e+01,-1.124437192422427650e-02
7.679166666666665719e+01,-1.312548220438282745e-02
7.681250000000000000e+01,-1.300244780658624429e-02
7.683333333333332860e+01,-1.229336266576000307e-02
7.685416666666665719e+01,-1.351912562708686497e-02
7.687500000000000000e+01,-1.561737158609430125e-02
7.689583333333332860e+01,-1.628617089082520092e-02
7.691666666666665719e+01,-1.603105178429000896e-02
7.693750000000000000e+01,-1.686748027068236608e-02
7.695833333333332860e+01,-1.767448410764319022e-02
7.697916666666665719e+01,-1.627717631532164116e-02
7.700000000000000000e+01,-1.410238935910793079e-02
7.702083333333332860e+01,-1.366611322711732725e-02
7.704166666666665719e+01,-1.390710001393607488e-02
7.706250000000000000e+01,-1.265161772959349541e-02
7.708333333333332860e+01,-1.114304427388882433e-02
7.710416666666665719e+01,-1.054109649157957372e-02
7.712500000000000000e+01,-9.227063816389827894e-03
7.714583333333332860e+01,-5.732484561189175355e-03
7.716666666666665719e+01,-2.123647500150782543e-03
7.718750000000000000e+01,-1.294318030421821126e-03
7.720833333333332860e+01,-1.898173965816156612e-03
7.722916666666665719e+01,-1.216309318042479992e-03
7.725000000000000000e+01,-5.016837404430177184e-04
7.727083333333332860e+01,-8.343734105104349055e-04
7.729166666666665719e+01,-3.327903944352404546e-04
7.731250000000000000e+01,1.758628292099304741e-03
7.733333333333332860e+01,3.328999364454836123e-03
7.735416666666665719e+01,4.598452664415494245e-03
7.737500000000000000e+01,7.683780612468665491e-03
7.739583333333332860e+01,1.099130995955247860e-02
7.741666666666665719e+01,1.161709881425110856e-02
7.743750000000000000e+01,1.077906371059623829e-02
7.745833333333332860e+01,1.097327001241484024e-02
7.747916666666665719e+01,1.095594280993790297e-02
7.750000000000000000e+01,9.920664988829906022e-03
7.752083333333332860e+01,9.607456362480223250e-03
7.754166666666665719e+01,1.005390370516602225e-02
7.756250000000000000e+01,9.204103888715155224e-03
7.758333333333332860e+01,8.213326071151849997e-03
7.760416666666665719e+01,9.445996457681089115e-03
7.762500000000000000e+01,1.138684644700800955e-02
7.764583333333332860e+01,1.142789322806444900e-02
7.766666666666665719e+01,1.078031850635642955e-02
7.768750000000000000e+01,1.185909187005348975e-02
7.770833333333332860e+01,1.320404178068235006e-02
7.772916666666665719e+01,1.226660918978592953e-02
7.775000000000000000e+01,1.027487466272069237e-02
7.777083333333332860e+01,9.712039837603360370e-03
7.779166666666665719e+01,9.283967053468900055e-03
7.781250000000000000e+01,6.870734308804060317e-03
7.783333333333332860e+01,3.865303095706444127e-03
7.785416666666665719e+01,2.732764749068074001e-03
7.787500000000000000e+01,2.118288541240543991e-03
7.789583333333332860e+01,-3.755894787184307394e-04
7.791666666666665719e+01,-3.497006591578458948e-03
7.793750000000000000e+01,-4.796749263908867307e-03
7.795833333333332860e+01,-5.584324808897726464e-03
7.797916666666665719e+01,-8.050442035433723331e-03
7.800000000000000000e+01,-1.087711636419952388e-02
7.802083333333332860e+01,-1.161986560307427460e-02
7.804166666666665719e+01,-1.155509229936084979e-02
7.806250000000000000e+01,-1.303239552678646385e-02
7.808333333333332860e+01,-1.482436981093806713e-02
7.810416666666665719e+01,-1.450675702098915693e-02
7.812500000000000000e+01,-1.338279148096839684e-02
7.814583333333332860e+01,-1.381034774066650962e-02
7.816666666666665719e+01,-1.458043650567600151e-02
7.818750000000000000e+01,-1.332275409223553433e-02
7.820833333333332860e+01,-1.134316888772982090e-02
7.822916666666665719e+01,-1.097354558362756936e-02
7.825000000000000000e+01,-1.099295363624614927e-02
7.827083333333332860e+01,-9.000792555010989071e-03
7.829166666666665719e+01,-6.303076797123204587e-03
7.831250000000000000e+01,-5.241666719502063691e-03
7.833333333333332860e+01,-4.610515815446510589e-03
7.835416666666665719e+01,-2.003710516810104821e-03
7.837500000000000000e+01,1.323252121915162883e-03
7.839583333333332860e+01,3.046834661269993191e-03
7.841666666666665719e+01,4.367599388280480471e-03
7.843750000000000000e+01,7.468926358546578576e-03
7.845833333333332860e+01,1.113884000593280861e-02
7.847916666666665719e+01,1.310758106678687300e-02
7.850000000000000000e+01,1.115502519481777546e-02
7.852083333333332860e+01,2.906135740675933575e-03
7.854166666666665719e+01,-1.382060936157722929e-02
7.856250000000000000e+01,-3.911839004141913489e-02
7.858333333333332860e+01,-7.252261648838725927e-02
7.860416666666665719e+01,-1.155798797112024545e-01
7.862500000000000000e+01,-1.692336221319463152e-01
7.864583333333332860e+01,-2.315141150329299013e-01
7.866666666666665719e+01,-3.001238971757619334e-01
7.868750000000000000e+01,-3.762336827793797411e-01
7.870833333333332860e+01,-4.622665352773278058e-01
7.872916666666665719e+01,-5.567800220054998084e-01
7.875000000000000000e+01,-6.566951574155124316e-01
7.877083333333332860e+01,-7.589125162968722860e-01
7.879166666666665719e+01,-8.622666996568377762e-01
7.881250000000000000e+01,-9.672403291353280919e-01
7.883333333333332860e+01,-1.072528413287289872e+00
7.885416666666665719e+01,-1.175401299035416125e+00
7.887500000000000000e+01,-1.273649773244304173e+00
7.889583333333332860e+01,-1.368949506313042130e+00
7.891666666666665719e+01,-1.463129118986397303e+00
7.893750000000000000e+01,-1.554507281430004051e+00
7.895833333333332860e+01,-1.640993958540642783e+00
7.897916666666665719e+01,-1.719855300947125576e+00
7.900000000000000000e+01,-1.791742039862667113e+00
7.902083333333332860e+01,-1.859470476969272035e+00
7.904166666666665719e+01,-1.921736840012453706e+00
7.906250000000000000e+01,-1.976205146204209839e+00
7.908333333333332860e+01,-2.023830205151821993e+00
7.910416666666665719e+01,-2.066805708093466087e+00
7.912500000000000000e+01,-2.104533596351418456e+00
7.914583333333332860e+01,-2.134696293804165368e+00
7.916666666666665719e+01,-2.158714268382722068e+00
7.918750000000000000e+01,-2.178813517973331670e+00
7.920833333333332860e+01,-2.194069753751677787e+00
7.922916666666665719e+01,-2.204130343895548183e+00
7.925000000000000000e+01,-2.210878654858479120e+00
7.927083333333332860e+01,-2.216367141523552853e+00
7.929166666666665719e+01,-2.219373372835645508e+00
7.931250000000000000e+01,-2.217781412994415557e+00
7.933333333333332860e+01,-2.212995153451894126e+00
7.935416666666665719e+01,-2.207804008314682154e+00
7.937500000000000000e+01,-2.203593638888054596e+00
7.939583333333332860e+01,-2.199029263338175166e+00
7.941666666666665719e+01,-2.193269204462133803e+00
7.943750000000000000e+01,-2.188187239142253659e+00
7.945833333333332860e+01,-2.185882360320279272e+00
7.947916666666665719e+01,-2.185172314211926370e+00
7.950000000000000000e+01,-2.183905912025601470e+00
7.952083333333332860e+01,-2.183432640870738517e+00
7.954166666666665719e+01,-2.186144683352110984e+00
7.956250000000000000e+01,-2.190927331254250099e+00
7.958333333333332860e+01,-2.195596543374333187e+00
7.960416666666665719e+01,-2.201247500967424831e+00
7.962500000000000000e+01,-2.208703512115199441e+00
7.964583333333332860e+01,-2.216284597992423500e+00
7.966666666666665719e+01,-2.223699064508945167e+00
7.968750000000000000e+01,-2.232613882345308998e+00
7.970833333333332860e+01,-2.241906353541335939e+00
7.972916666666665719e+01,-2.249393829923993504e+00
7.975000000000000000e+01,-2.256441097945021124e+00
7.977083333333332860e+01,-2.265356390616193760e+00
7.979166666666665719e+01,-2.273842554897085755e+00
7.981250000000000000e+01,-2.280004551672087487e+00
7.983333333333332860e+01,-2.281993763109765538e+00
7.985416666666665719e+01,-2.277877475063019741e+00
7.987500000000000000e+01,-2.265390873214113032e+00
7.989583333333332860e+01,-2.242409696500419880e+00
7.991666666666665719e+01,-2.209729864288572543e+00
7.993750000000000000e+01,-2.169545010521550132e+00
7.995833333333332860e+01,-2.120417651340199328e+00
7.997916666666665719e+01,-2.060368982035011953e+00
8.000000000000000000e+01,-1.990320699577759811e+00
8.002083333333332860e+01,-1.913097365285457041e+00
8.004166666666665719e+01,-1.830039647966414496e+00
8.006250000000000000e+01,-1.740096205020945197e+00
8.008333333333332860e+01,-1.645397887573095685e+00
8.010416666666665719e+01,-1.548211174060135864e+00
8.012500000000000000e+01,-1.447818473764897362e+00
8.014583333333332860e+01,-1.345735631920799813e+00
8.016666666666665719e+01,-1.244277888571334145e+00
8.018750000000000000e+01,-1.145442597418114827e+00
8.020833333333332860e+01,-1.048266789354383555e+00
8.022916666666665719e+01,-9.517488853214538524e-01
8.025000000000000000e+01,-8.577561837830653957e-01
8.027083333333332860e+01,-7.689386878275117354e-01
8.029166666666665719e+01,-6.858555451398623548e-01
8.031250000000000000e+01,-6.079526204357722508e-01
8.033333333333332860e+01,-5.346684689965069959e-01
8.035416666666665719e+01,-4.681317576650610435e-01
8.037500000000000000e+01,-4.100668730774374438e-01
8.039583333333332860e+01,-3.588059815632916316e-01
8.041666666666665719e+01,-3.123716407637463499e-01
8.043750000000000000e+01,-2.714644463891211501e-01
8.045833333333332860e+01,-2.385766758347273309e-01
8.047916666666665719e+01,-2.122607128774344210e-01
8.050000000000000000e+01,-1.902180657394227370e-01
8.052083333333332860e+01,-1.733829329759209448e-01
8.054166666666665719e+01,-1.620422247076651057e-01
8.056250000000000000e+01,-1.542675068459244403e-01
8.058333333333332860e+01,-1.484162696004469040e-01
8.060416666666665719e+01,-1.458294063299545307e-01
8.062500000000000000e+01,-1.470852679601881430e-01
8.064583333333332860e+01,-1.502811686908710198e-01
8.066666666666665719e+01,-1.530726660052927068e-01
8.068750000000000000e+01,-1.566786428651169849e-01
8.070833333333332860e+01,-1.633182739998138844e-01
8.072916666666665719e+01,-1.718201833911539023e-01
8.075000000000000000e+01,-1.796453018378850464e-01
8.077083333333332860e+01,-1.862815234459049285e-01
8.079166666666665719e+01,-1.931768150920791793e-01
8.081250000000000000e+01,-1.991760492946563210e-01
8.083333333333332860e+01,-2.019744899370367053e-01
8.085416666666665719e+01,-2.027939631534119991e-01
8.087500000000000000e+01,-2.038633532462544584e-01
8.089583333333332860e+01,-2.040246964021416864e-01
8.091666666666665719e+01,-2.010254146390524632e-01
8.093750000000000000e+01,-1.961561470180998579e-01
8.095833333333332860e+01,-1.917338250693695345e-01
8.097916666666665719e+01,-1.866260697179368544e-01
8.100000000000000000e+01,-1.785140979663947525e-01
8.102083333333332860e+01,-1.686512472090553882e-01
8.104166666666665719e+01,-1.592956972626311529e-01
8.106250000000000000e+01,-1.494393547626474694e-01
