0.000000000000000000e+00,-8.999999999999999667e-02
2.083333333333333218e-02,-8.999999999999999667e-02
4.166666666666666435e-02,-8.997958136152760245e-02
6.250000000000000000e-02,-8.998297662785308126e-02
8.333333333333332871e-02,-8.999403596087682256e-02
1.041666666666666574e-01,-9.001728111161808044e-02
1.250000000000000000e-01,-9.003396006438205146e-02
1.458333333333333148e-01,-9.004817948846445541e-02
1.666666666666666574e-01,-9.006988844213911771e-02
1.875000000000000000e-01,-9.007482898120147685e-02
2.083333333333333148e-01,-9.004855220463939269e-02
2.291666666666666574e-01,-9.002362296014913834e-02
2.500000000000000000e-01,-9.003613566729323781e-02
2.708333333333333148e-01,-9.007320637362795090e-02
2.916666666666666297e-01,-9.011414574466601601e-02
3.125000000000000000e-01,-9.018677723521222045e-02
3.333333333333333148e-01,-9.032670115564304936e-02
3.541666666666666297e-01,-9.052096848893298464e-02
3.750000000000000000e-01,-9.074800547997721734e-02
3.958333333333333148e-01,-9.102125202509118995e-02
4.166666666666666297e-01,-9.134510263952158593e-02
4.375000000000000000e-01,-9.167670475013221798e-02
4.583333333333333148e-01,-9.196944287522711148e-02
4.791666666666666297e-01,-9.222579703967428988e-02
5.000000000000000000e-01,-9.245652002990907559e-02
5.208333333333332593e-01,-9.263202841437849500e-02
5.416666666666666297e-01,-9.272532332819002909e-02
5.625000000000000000e-01,-9.275909629435653836e-02
5.833333333333332593e-01,-9.276384665981485256e-02
6.041666666666666297e-01,-9.272151656550643717e-02
6.250000000000000000e-01,-9.260629712906273681e-02
6.458333333333332593e-01,-9.244099406694707144e-02
6.666666666666666297e-01,-9.225631414810470110e-02
6.875000000000000000e-01,-9.203446288432695632e-02
7.083333333333332593e-01,-9.174990648174989605e-02
7.291666666666666297e-01,-9.142571573474581048e-02
7.500000000000000000e-01,-9.109274485262741639e-02
7.708333333333332593e-01,-9.073319536844189070e-02
7.916666666666666297e-01,-9.032128508492923147e-02
8.125000000000000000e-01,-8.987965671123832045e-02
8.333333333333332593e-01,-8.943851381588478755e-02
8.541666666666666297e-01,-8.897928379993047532e-02
8.750000000000000000e-01,-8.847545627440024651e-02
8.958333333333332593e-01,-8.794906827307254205e-02
9.166666666666666297e-01,-8.743027229268500455e-02
9.375000000000000000e-01,-8.690282550500387504e-02
9.583333333333332593e-01,-8.634577160052540890e-02
9.791666666666666297e-01,-8.578795567173994052e-02
1.000000000000000000e+00,-8.526738604458421189e-02
1.020833333333333259e+00,-8.477450909107719923e-02
1.041666666666666519e+00,-8.429292534888072064e-02
1.062500000000000000e+00,-8.385517485096223578e-02
1.083333333333333259e+00,-8.350115025191628959e-02
1.104166666666666519e+00,-8.322106795487246855e-02
1.125000000000000000e+00,-8.299593877637745365e-02
1.145833333333333259e+00,-8.285387943889445383e-02
1.166666666666666519e+00,-8.282904201239146835e-02
1.187500000000000000e+00,-8.290504177318062939e-02
1.208333333333333259e+00,-8.305466967908128884e-02
1.229166666666666519e+00,-8.329679606552260751e-02
1.250000000000000000e+00,-8.365605495356313870e-02
1.270833333333333259e+00,-8.410656963265475405e-02
1.291666666666666519e+00,-8.461213283780720518e-02
1.312500000000000000e+00,-8.518168709384929538e-02
1.333333333333333259e+00,-8.582893107560198021e-02
1.354166666666666519e+00,-8.651580061259483978e-02
1.375000000000000000e+00,-8.719338298610834759e-02
1.395833333333333259e+00,-8.785767158904110585e-02
1.416666666666666519e+00,-8.851014925944966638e-02
1.437500000000000000e+00,-8.911544035175357481e-02
1.458333333333333259e+00,-8.964566127361496550e-02
1.479166666666666519e+00,-9.012164420150006738e-02
1.500000000000000000e+00,-9.057108765724740385e-02
1.520833333333333259e+00,-9.097279141857313178e-02
1.541666666666666519e+00,-9.129859154909368557e-02
1.562500000000000000e+00,-9.156906649127283249e-02
1.583333333333333259e+00,-9.181233510829524269e-02
1.604166666666666519e+00,-9.200774339373830879e-02
1.625000000000000000e+00,-9.212751587000406195e-02
1.645833333333333259e+00,-9.219226748793937776e-02
1.666666666666666519e+00,-9.223176973720612071e-02
1.687500000000000000e+00,-9.222853069282405114e-02
1.708333333333333259e+00,-9.215888571543510988e-02
1.729166666666666519e+00,-9.204969233406909424e-02
1.750000000000000000e+00,-9.193890541124430382e-02
1.770833333333333259e+00,-9.181835151242065396e-02
1.791666666666666519e+00,-9.167429792784219378e-02
1.812500000000000000e+00,-9.154204052217829179e-02
1.833333333333333259e+00,-9.146348903566187127e-02
1.854166666666666519e+00,-9.143424968461721924e-02
1.875000000000000000e+00,-9.143942822798992176e-02
1.895833333333333259e+00,-9.149224977621127353e-02
1.916666666666666519e+00,-9.159475301902131328e-02
1.937500000000000000e+00,-9.171653588236053367e-02
1.958333333333333259e+00,-9.184054614994595356e-02
1.979166666666666519e+00,-9.198293101070743882e-02
2.000000000000000000e+00,-9.214551368191563341e-02
2.020833333333333037e+00,-9.230106865899767588e-02
2.041666666666666519e+00,-9.244034961577411724e-02
2.062500000000000000e+00,-9.257441203728157542e-02
2.083333333333333037e+00,-9.268589868211400684e-02
2.104166666666666519e+00,-9.275204095300849938e-02
2.125000000000000000e+00,-9.279820856360723735e-02
2.145833333333333037e+00,-9.285773813903470952e-02
2.166666666666666519e+00,-9.291480945234004141e-02
2.187500000000000000e+00,-9.294593303094941805e-02
2.208333333333333037e+00,-9.297592549505676041e-02
2.229166666666666519e+00,-9.303732355464579273e-02
2.250000000000000000e+00,-9.311329235360220336e-02
2.270833333333333037e+00,-9.317926802244309858e-02
2.291666666666666519e+00,-9.325923836207358764e-02
2.312500000000000000e+00,-9.338517421021402809e-02
2.333333333333333037e+00,-9.353964898405076056e-02
2.354166666666666519e+00,-9.369748342143620345e-02
2.375000000000000000e+00,-9.388127297048350084e-02
2.395833333333333037e+00,-9.412070405204073231e-02
2.416666666666666519e+00,-9.439628842207373194e-02
2.437500000000000000e+00,-9.468059747323298581e-02
2.458333333333333037e+00,-9.498953237979186615e-02
2.479166666666666519e+00,-9.534086326453523885e-02
2.500000000000000000e+00,-9.570292283442165260e-02
2.520833333333333037e+00,-9.603651116997030668e-02
2.541666666666666519e+00,-9.635037396423117018e-02
2.562500000000000000e+00,-9.666158613470940408e-02
2.583333333333333037e+00,-9.693842894739589100e-02
2.604166666666666519e+00,-9.714073524644373236e-02
2.625000000000000000e+00,-9.727658544530466689e-02
2.645833333333333037e+00,-9.736223943830397964e-02
2.666666666666666519e+00,-9.736745334052730738e-02
2.687500000000000000e+00,-9.725777577077132641e-02
2.708333333333333037e+00,-9.704770236071671996e-02
2.729166666666666519e+00,-9.676045281528576625e-02
2.750000000000000000e+00,-9.638157114400978942e-02
2.770833333333333037e+00,-9.590373210840404117e-02
2.791666666666666519e+00,-9.536962857081209000e-02
2.812500000000000000e+00,-9.482961023781819043e-02
2.833333333333333037e+00,-9.428449713161882184e-02
2.854166666666666519e+00,-9.372720942398728161e-02
2.875000000000000000e+00,-9.319651481827843920e-02
2.895833333333333037e+00,-9.273578754348250908e-02
2.916666666666666519e+00,-9.233882251839853339e-02
2.937500000000000000e+00,-9.199117952397310727e-02
2.958333333333333037e+00,-9.171747095348802004e-02
2.979166666666666519e+00,-9.153870826114501869e-02
3.000000000000000000e+00,-9.142579723616570120e-02
3.020833333333333037e+00,-9.134209092520075013e-02
3.041666666666666519e+00,-9.129880719440856829e-02
3.062500000000000000e+00,-9.131564661453117626e-02
3.083333333333333037e+00,-9.136434600921448934e-02
3.104166666666666519e+00,-9.140897300880632126e-02
3.125000000000000000e+00,-9.146161071799394082e-02
3.145833333333333037e+00,-9.154232483424665223e-02
3.166666666666666519e+00,-9.162218117524140171e-02
3.187500000000000000e+00,-9.166454966895128120e-02
3.208333333333333037e+00,-9.168107129128195976e-02
3.229166666666666519e+00,-9.169130229281054201e-02
3.250000000000000000e+00,-9.166555189191891162e-02
3.270833333333333037e+00,-9.156642720338011021e-02
3.291666666666666519e+00,-9.140503721483711486e-02
3.312500000000000000e+00,-9.120145092818571220e-02
3.333333333333333037e+00,-9.094190330731026506e-02
3.354166666666666519e+00,-9.062381224994858764e-02
3.375000000000000000e+00,-9.028538931515397992e-02
3.395833333333333037e+00,-8.996057626597263324e-02
3.416666666666666519e+00,-8.963272476051788173e-02
3.437500000000000000e+00,-8.927750471092649187e-02
3.458333333333333037e+00,-8.891890656020554062e-02
3.479166666666666519e+00,-8.858886524237183369e-02
3.500000000000000000e+00,-8.827029808849488901e-02
3.520833333333333037e+00,-8.793851523803304648e-02
3.541666666666666519e+00,-8.761684232288496910e-02
3.562500000000000000e+00,-8.733673957780030417e-02
3.583333333333333037e+00,-8.708004808834342303e-02
3.604166666666666519e+00,-8.681951472153696947e-02
3.625000000000000000e+00,-8.657505069224342986e-02
3.645833333333333037e+00,-8.637298491089866193e-02
3.666666666666666519e+00,-8.618895253952690849e-02
3.687500000000000000e+00,-8.598891983526529836e-02
3.708333333333333037e+00,-8.578451555035740417e-02
3.729166666666666519e+00,-8.559346047998608875e-02
3.750000000000000000e+00,-8.539703328012827888e-02
3.770833333333333037e+00,-8.518366210533022398e-02
3.791666666666666519e+00,-8.498960543093882214e-02
3.812500000000000000e+00,-8.485549463089223088e-02
3.833333333333333037e+00,-8.476987290735162051e-02
3.854166666666666519e+00,-8.471130692435811793e-02
3.875000000000000000e+00,-8.470537087855614655e-02
3.895833333333333037e+00,-8.478367132778767690e-02
3.916666666666666519e+00,-8.492783807317780265e-02
3.937500000000000000e+00,-8.511092778058797215e-02
3.958333333333333037e+00,-8.535472627245942190e-02
3.979166666666666519e+00,-8.568905299202136949e-02
4.000000000000000000e+00,-8.609567449904534375e-02
4.020833333333333037e+00,-8.654795072032091252e-02
4.041666666666666075e+00,-8.705913783484663104e-02
4.062500000000000000e+00,-8.763885244533556329e-02
4.083333333333333037e+00,-8.824766559873273297e-02
4.104166666666666075e+00,-8.883787516686250663e-02
4.125000000000000000e+00,-8.940976926813687387e-02
4.145833333333333037e+00,-8.997133252334635345e-02
4.166666666666666075e+00,-9.048328191710984514e-02
4.187500000000000000e+00,-9.089925764497636118e-02
4.208333333333333037e+00,-9.122202764704524791e-02
4.229166666666666075e+00,-9.146466031475650182e-02
4.250000000000000000e+00,-9.161071357808948934e-02
4.270833333333333037e+00,-9.165622498478394331e-02
4.291666666666666075e+00,-9.163505669682817101e-02
4.312500000000000000e+00,-9.157220660292218761e-02
4.333333333333333037e+00,-9.144704188564832525e-02
4.354166666666666075e+00,-9.123612878542160243e-02
4.375000000000000000e+00,-9.096723742712722882e-02
4.395833333333333037e+00,-9.067918148567608028e-02
4.416666666666666075e+00,-9.036501744259366198e-02
4.437500000000000000e+00,-9.001342347353954998e-02
4.458333333333333037e+00,-8.966503281711891982e-02
4.479166666666666075e+00,-8.937097707636344757e-02
4.500000000000000000e+00,-8.913524411107270895e-02
4.520833333333333037e+00,-8.894568247151873885e-02
4.541666666666666075e+00,-8.882032716262648619e-02
4.562500000000000000e+00,-8.877756605790429467e-02
4.583333333333333037e+00,-8.878942220067853608e-02
4.604166666666666075e+00,-8.882273849373326091e-02
4.625000000000000000e+00,-8.889545767316124614e-02
4.645833333333333037e+00,-8.903698087465826416e-02
4.666666666666666075e+00,-8.923111348691697975e-02
4.687500000000000000e+00,-8.945622085851420713e-02
4.708333333333333037e+00,-8.973052913579207535e-02
4.729166666666666075e+00,-9.006850574752880978e-02
4.750000000000000000e+00,-9.043709687302942113e-02
4.770833333333333037e+00,-9.079827624922226503e-02
4.791666666666666075e+00,-9.116570391391207173e-02
4.812500000000000000e+00,-9.156478189517081034e-02
4.833333333333333037e+00,-9.197547363329228176e-02
4.854166666666666075e+00,-9.237258582392510187e-02
4.875000000000000000e+00,-9.277723139178919998e-02
4.895833333333333037e+00,-9.321493576362534228e-02
4.916666666666666075e+00,-9.366459393652029619e-02
4.937500000000000000e+00,-9.409975166100516264e-02
4.958333333333333037e+00,-9.453761314559462614e-02
4.979166666666666075e+00,-9.499714396563813112e-02
5.000000000000000000e+00,-9.545102305831967837e-02
5.020833333333333037e+00,-9.586715466417480846e-02
5.041666666666666075e+00,-9.626502892888465224e-02
5.062500000000000000e+00,-9.667579376908513877e-02
5.083333333333333037e+00,-9.708529276557069376e-02
5.104166666666666075e+00,-9.747208478274597965e-02
5.125000000000000000e+00,-9.784397943647045459e-02
5.145833333333333037e+00,-9.819595827269556043e-02
5.166666666666666075e+00,-9.850218368815567838e-02
5.187500000000000000e+00,-9.876250280547049787e-02
5.208333333333333037e+00,-9.898425784608323730e-02
5.229166666666666075e+00,-9.913289104085529213e-02
5.250000000000000000e+00,-9.917299548811819854e-02
5.270833333333333037e+00,-9.912098648265459111e-02
5.291666666666666075e+00,-9.900391622162028893e-02
5.312500000000000000e+00,-9.880408815297592184e-02
5.333333333333333037e+00,-9.849834895432960091e-02
5.354166666666666075e+00,-9.811413587370738931e-02
5.375000000000000000e+00,-9.768995224335204342e-02
5.395833333333333037e+00,-9.721946597136396639e-02
5.416666666666666075e+00,-9.669157238664190246e-02
5.437500000000000000e+00,-9.614653392453874348e-02
5.458333333333333037e+00,-9.563533872715679340e-02
5.479166666666666075e+00,-9.516349866070808461e-02
5.500000000000000000e+00,-9.472046187310610710e-02
5.520833333333333037e+00,-9.432584043671696228e-02
5.541666666666666075e+00,-9.399908192499087378e-02
5.562500000000000000e+00,-9.371382887224834202e-02
5.583333333333333037e+00,-9.343908193025990405e-02
5.604166666666666075e+00,-9.319523295526625783e-02
5.625000000000000000e+00,-9.301332551829594175e-02
5.645833333333333037e+00,-9.287968326211903936e-02
5.666666666666666075e+00,-9.277541103904871078e-02
5.687500000000000000e+00,-9.272121806777665343e-02
5.708333333333333037e+00,-9.273376335875965770e-02
5.729166666666666075e+00,-9.278258891857445179e-02
5.750000000000000000e+00,-9.283164816924599494e-02
5.770833333333333037e+00,-9.289610298636953589e-02
5.791666666666666075e+00,-9.300161250269842195e-02
5.812500000000000000e+00,-9.312911903717827067e-02
5.833333333333333037e+00,-9.325447282098178747e-02
5.854166666666666075e+00,-9.340166814422388997e-02
5.875000000000000000e+00,-9.360216271806050259e-02
5.895833333333333037e+00,-9.384226035763854057e-02
5.916666666666666075e+00,-9.410147470778933154e-02
5.937500000000000000e+00,-9.438792567052942117e-02
5.958333333333333037e+00,-9.469463198129825232e-02
5.979166666666666075e+00,-9.499290643516401789e-02
6.000000000000000000e+00,-9.527933504608276927e-02
6.020833333333333037e+00,-9.555868537928517703e-02
6.041666666666666075e+00,-9.579469893874816011e-02
6.062500000000000000e+00,-9.595288791340883527e-02
6.083333333333333037e+00,-9.605134639898228743e-02
6.104166666666666075e+00,-9.611883984126147473e-02
6.125000000000000000e+00,-9.613834786649329278e-02
6.145833333333333037e+00,-9.608868163994374600e-02
6.166666666666666075e+00,-9.600040020202869895e-02
6.187500000000000000e+00,-9.591507452614328466e-02
6.208333333333333037e+00,-9.582875740032481549e-02
6.229166666666666075e+00,-9.573098984271678769e-02
6.250000000000000000e+00,-9.564016606150087252e-02
6.270833333333333037e+00,-9.555993729532946679e-02
6.291666666666666075e+00,-9.546863424852342073e-02
6.312500000000000000e+00,-9.536615179572274781e-02
6.333333333333333037e+00,-9.526056586991019093e-02
6.354166666666666075e+00,-9.512698499586612344e-02
6.375000000000000000e+00,-9.495091037256964128e-02
6.395833333333333037e+00,-9.476434146313637841e-02
6.416666666666666075e+00,-9.460171761582930605e-02
6.437500000000000000e+00,-9.444994900930531179e-02
6.458333333333333037e+00,-9.428918413834783130e-02
6.479166666666666075e+00,-9.414853788061203210e-02
6.500000000000000000e+00,-9.406492927380580293e-02
6.520833333333333037e+00,-9.402671786004002108e-02
6.541666666666666075e+00,-9.401296321759644581e-02
6.562500000000000000e+00,-9.403933940374345490e-02
6.583333333333333037e+00,-9.411382893870534616e-02
6.604166666666666075e+00,-9.419427361959027689e-02
6.625000000000000000e+00,-9.423033889871464119e-02
6.645833333333333037e+00,-9.422078237060982353e-02
6.666666666666666075e+00,-9.417641065525565736e-02
6.687500000000000000e+00,-9.407678068226624224e-02
6.708333333333333037e+00,-9.390858925666277501e-02
6.729166666666666075e+00,-9.370819556829447505e-02
6.750000000000000000e+00,-9.351920062390284283e-02
6.770833333333333037e+00,-9.333663805774607136e-02
6.791666666666666075e+00,-9.314690534911901354e-02
6.812500000000000000e+00,-9.297577198830640766e-02
6.833333333333333037e+00,-9.284432655022370473e-02
6.854166666666666075e+00,-9.272379309654787960e-02
6.875000000000000000e+00,-9.257593044256016979e-02
6.895833333333333037e+00,-9.240940319793444768e-02
6.916666666666666075e+00,-9.223910256023833132e-02
6.937500000000000000e+00,-9.203876729188083250e-02
6.958333333333333037e+00,-9.178302940071274285e-02
6.979166666666666075e+00,-9.149271310002589364e-02
7.000000000000000000e+00,-9.119335067528205885e-02
7.020833333333333037e+00,-9.085901860133582808e-02
7.041666666666666075e+00,-9.045314292415608526e-02
7.062500000000000000e+00,-8.998486726474536068e-02
7.083333333333333037e+00,-8.948242439053528952e-02
7.104166666666666075e+00,-8.894070008585298892e-02
7.125000000000000000e+00,-8.834580933440104589e-02
7.145833333333333037e+00,-8.772862227164651694e-02
7.166666666666666075e+00,-8.712441879607761563e-02
7.187500000000000000e+00,-8.651789721920978560e-02
7.208333333333333037e+00,-8.588409886660447468e-02
7.229166666666666075e+00,-8.524375005646786518e-02
7.250000000000000000e+00,-8.462390350790813254e-02
7.270833333333333037e+00,-8.401308879612905123e-02
7.291666666666666075e+00,-8.340527513326299880e-02
7.312500000000000000e+00,-8.284090328795216951e-02
7.333333333333333037e+00,-8.236472962691313016e-02
7.354166666666666075e+00,-8.197106991923862329e-02
7.375000000000000000e+00,-8.164443392825200541e-02
7.395833333333333037e+00,-8.141459502394872427e-02
7.416666666666666075e+00,-8.131653393135361563e-02
7.437500000000000000e+00,-8.133355189719605749e-02
7.458333333333333037e+00,-8.143804121241193794e-02
7.479166666666666075e+00,-8.164735778368487074e-02
7.500000000000000000e+00,-8.198335047817488508e-02
7.520833333333333037e+00,-8.241659445660344530e-02
7.541666666666666075e+00,-8.290740850545104401e-02
7.562500000000000000e+00,-8.346124450514282034e-02
7.583333333333333037e+00,-8.408817167826833361e-02
7.604166666666666075e+00,-8.474658525646966423e-02
7.625000000000000000e+00,-8.538429553336483735e-02
7.645833333333333037e+00,-8.599421476991601920e-02
7.666666666666666075e+00,-8.657576482296938658e-02
7.687500000000000000e+00,-8.710331191442463594e-02
7.708333333333333037e+00,-8.757121482693525083e-02
7.729166666666666075e+00,-8.799024032132397866e-02
7.750000000000000000e+00,-8.833914764729543234e-02
7.770833333333333037e+00,-8.858873148257395691e-02
7.791666666666666075e+00,-8.875527612299580205e-02
7.812500000000000000e+00,-8.885956812601691901e-02
7.833333333333333037e+00,-8.887993402696744982e-02
7.854166666666666075e+00,-8.879557160796264226e-02
7.875000000000000000e+00,-8.863244982329740451e-02
7.895833333333333037e+00,-8.842149428680459722e-02
7.916666666666666075e+00,-8.814302909295806954e-02
7.937500000000000000e+00,-8.776725123538037243e-02
7.958333333333333037e+00,-8.731119322673863703e-02
7.979166666666666075e+00,-8.680498619282775441e-02
8.000000000000000000e+00,-8.624752034377294874e-02
8.020833333333332149e+00,-8.564069690718723038e-02
8.041666666666666075e+00,-8.503336748783817123e-02
8.062500000000000000e+00,-8.447820543894604683e-02
8.083333333333332149e+00,-8.397582061238459405e-02
8.104166666666666075e+00,-8.351601351729169564e-02
8.125000000000000000e+00,-8.313416125954628533e-02
8.145833333333332149e+00,-8.286949440487297036e-02
8.166666666666666075e+00,-8.270927154823001781e-02
8.187500000000000000e+00,-8.262996722753168655e-02
8.208333333333332149e+00,-8.265362727623652705e-02
8.229166666666666075e+00,-8.280622861755738973e-02
8.250000000000000000e+00,-8.306185041782056244e-02
8.270833333333332149e+00,-8.338375524946428641e-02
8.291666666666666075e+00,-8.378079674765530338e-02
8.312500000000000000e+00,-8.426586911452453588e-02
8.333333333333332149e+00,-8.479998300103344655e-02
8.354166666666666075e+00,-8.533326926158221748e-02
8.375000000000000000e+00,-8.586150854058469117e-02
8.395833333333332149e+00,-8.638575092918164555e-02
8.416666666666666075e+00,-8.687387350592619406e-02
8.437500000000000000e+00,-8.730615843989400493e-02
8.458333333333332149e+00,-8.770991784938562963e-02
8.479166666666666075e+00,-8.811531625646977506e-02
8.500000000000000000e+00,-8.850053219339194810e-02
8.520833333333332149e+00,-8.883305922979037317e-02
8.541666666666666075e+00,-8.912638280024051674e-02
8.562500000000000000e+00,-8.939849730163394737e-02
8.583333333333332149e+00,-8.961585584735182186e-02
8.604166666666666075e+00,-8.973366025712088689e-02
8.625000000000000000e+00,-8.975360705242853288e-02
8.645833333333332149e+00,-8.970163122439475667e-02
8.666666666666666075e+00,-8.957687718811151167e-02
8.687500000000000000e+00,-8.936973198878861435e-02
8.708333333333332149e+00,-8.911580647611505590e-02
8.729166666666666075e+00,-8.885536363960851169e-02
8.750000000000000000e+00,-8.857704895021760449e-02
8.770833333333332149e+00,-8.825788017123883944e-02
8.791666666666666075e+00,-8.792013235689970230e-02
8.812500000000000000e+00,-8.759118591096752560e-02
8.833333333333332149e+00,-8.724788131232069643e-02
8.854166666666666075e+00,-8.685641851467953978e-02
8.875000000000000000e+00,-8.642891074681401109e-02
8.895833333333332149e+00,-8.598993205513257021e-02
8.916666666666666075e+00,-8.553427672540349358e-02
8.937500000000000000e+00,-8.506219975648639242e-02
8.958333333333332149e+00,-8.461122584682401193e-02
8.979166666666666075e+00,-8.421138929912133642e-02
9.000000000000000000e+00,-8.383979837571328697e-02
9.020833333333332149e+00,-8.346198486807754335e-02
9.041666666666666075e+00,-8.308929105063370124e-02
9.062500000000000000e+00,-8.274126566508119285e-02
9.083333333333332149e+00,-8.240678680634450082e-02
9.104166666666666075e+00,-8.208539648863656668e-02
9.125000000000000000e+00,-8.180830515835105232e-02
9.145833333333332149e+00,-8.159191419012484792e-02
9.166666666666666075e+00,-8.141573382319945706e-02
9.187500000000000000e+00,-8.126885079269023648e-02
9.208333333333332149e+00,-8.118336817996694987e-02
9.229166666666666075e+00,-8.119047392642390892e-02
9.250000000000000000e+00,-8.126902971749686011e-02
9.270833333333332149e+00,-8.138700913804858272e-02
9.291666666666666075e+00,-8.155880526578486445e-02
9.312500000000000000e+00,-8.180380089682624811e-02
9.333333333333332149e+00,-8.208986732889393678e-02
9.354166666666666075e+00,-8.237322450628457859e-02
9.375000000000000000e+00,-8.265529801447053793e-02
9.395833333333332149e+00,-8.294353306439829210e-02
9.416666666666666075e+00,-8.321603722957049420e-02
9.437500000000000000e+00,-8.346595693397131088e-02
9.458333333333332149e+00,-8.371330668916929230e-02
9.479166666666666075e+00,-8.395899153588722019e-02
9.500000000000000000e+00,-8.419245425506810543e-02
9.520833333333332149e+00,-8.443609029306038682e-02
9.541666666666666075e+00,-8.470788513003996156e-02
9.562500000000000000e+00,-8.497298437450963304e-02
9.583333333333332149e+00,-8.518563207253659897e-02
9.604166666666666075e+00,-8.534592697670570494e-02
9.625000000000000000e+00,-8.547210001562398352e-02
9.645833333333332149e+00,-8.555035655777934456e-02
9.666666666666666075e+00,-8.556159235411261998e-02
9.687500000000000000e+00,-8.553191889232678036e-02
9.708333333333332149e+00,-8.549245268692025335e-02
9.729166666666666075e+00,-8.542408841357575222e-02
9.750000000000000000e+00,-8.529759810523809826e-02
9.770833333333332149e+00,-8.512887344018026103e-02
9.791666666666666075e+00,-8.493984139385477028e-02
9.812500000000000000e+00,-8.471784463348931704e-02
9.833333333333332149e+00,-8.446058768531805594e-02
9.854166666666666075e+00,-8.420804695680510210e-02
9.875000000000000000e+00,-8.399804987021905478e-02
9.895833333333332149e+00,-8.381532437541318326e-02
9.916666666666666075e+00,-8.363367424655025750e-02
9.937500000000000000e+00,-8.347216183915835697e-02
9.958333333333332149e+00,-8.335435050250104838e-02
9.979166666666666075e+00,-8.325313247771141956e-02
1.000000000000000000e+01,-8.313182188585553634e-02
1.002083333333333215e+01,-8.299996775024055806e-02
1.004166666666666607e+01,-8.287547098689446168e-02
1.006250000000000000e+01,-8.274601563678113392e-02
1.008333333333333215e+01,-8.261208479595988363e-02
1.010416666666666607e+01,-8.250169165748456879e-02
1.012500000000000000e+01,-8.242428151378589085e-02
1.014583333333333215e+01,-8.236986913388033571e-02
1.016666666666666607e+01,-8.235859238398308968e-02
1.018750000000000000e+01,-8.241281735838433542e-02
1.020833333333333215e+01,-8.250309381125248143e-02
1.022916666666666607e+01,-8.258924207952211827e-02
1.025000000000000000e+01,-8.267659703074557720e-02
1.027083333333333215e+01,-8.277587506475024559e-02
1.029166666666666607e+01,-8.286999790463044080e-02
1.031250000000000000e+01,-8.295923361571097554e-02
1.033333333333333215e+01,-8.306051865461887285e-02
1.035416666666666607e+01,-8.315827484494456301e-02
1.037500000000000000e+01,-8.322897230754221221e-02
1.039583333333333215e+01,-8.329514132839611895e-02
1.041666666666666607e+01,-8.338455909322708970e-02
1.043750000000000000e+01,-8.347255354785274029e-02
1.045833333333333215e+01,-8.352336946531832562e-02
1.047916666666666607e+01,-8.354666251701162172e-02
1.050000000000000000e+01,-8.355810073410013805e-02
1.052083333333333215e+01,-8.354482547408867421e-02
1.054166666666666607e+01,-8.351077400156034503e-02
1.056250000000000000e+01,-8.347869576766392408e-02
1.058333333333333215e+01,-8.344194394107797008e-02
1.060416666666666607e+01,-8.338578070884614113e-02
1.062500000000000000e+01,-8.334140011860420583e-02
1.064583333333333215e+01,-8.334420886117112348e-02
1.066666666666666607e+01,-8.337796093635378714e-02
1.068750000000000000e+01,-8.341518674972919767e-02
1.070833333333333215e+01,-8.347371655595270390e-02
1.072916666666666607e+01,-8.357689197666147429e-02
1.075000000000000000e+01,-8.369721132961159549e-02
1.077083333333333215e+01,-8.379607317782966636e-02
1.079166666666666607e+01,-8.388089693787299794e-02
1.081250000000000000e+01,-8.396488014424410840e-02
1.083333333333333215e+01,-8.403159566625890975e-02
1.085416666666666607e+01,-8.408001516215034277e-02
1.087500000000000000e+01,-8.413242341262872070e-02
1.089583333333333215e+01,-8.418634335574719241e-02
1.091666666666666607e+01,-8.423109092085152849e-02
1.093750000000000000e+01,-8.429976272999382958e-02
1.095833333333333215e+01,-8.442812723151082999e-02
1.097916666666666607e+01,-8.460049041605800790e-02
1.100000000000000000e+01,-8.479117892108070653e-02
1.102083333333333215e+01,-8.501993747756293740e-02
1.104166666666666607e+01,-8.531136066870499690e-02
1.106250000000000000e+01,-8.563793156657639738e-02
1.108333333333333215e+01,-8.596102424862506197e-02
1.110416666666666607e+01,-8.628708905188314793e-02
1.112500000000000000e+01,-8.662762754619529604e-02
1.114583333333333215e+01,-8.694923850594765691e-02
1.116666666666666607e+01,-8.721616633407237862e-02
1.118750000000000000e+01,-8.743851097421634355e-02
1.120833333333333215e+01,-8.763178317224516733e-02
1.122916666666666607e+01,-8.777417546310288532e-02
1.125000000000000000e+01,-8.785126404456083948e-02
1.127083333333333215e+01,-8.789555975568605350e-02
1.129166666666666607e+01,-8.794395229215631882e-02
1.131250000000000000e+01,-8.798236189774646943e-02
1.133333333333333215e+01,-8.798689598318956695e-02
1.135416666666666607e+01,-8.797872863301954560e-02
1.137500000000000000e+01,-8.798366744452945643e-02
1.139583333333333215e+01,-8.797589550735293584e-02
1.141666666666666607e+01,-8.791886619881940368e-02
1.143750000000000000e+01,-8.782101667697284064e-02
1.145833333333333215e+01,-8.769961209842508376e-02
1.147916666666666607e+01,-8.754371793036094807e-02
1.150000000000000000e+01,-8.735513082316469224e-02
1.152083333333333215e+01,-8.716352719937023319e-02
1.154166666666666607e+01,-8.698068136966596864e-02
1.156250000000000000e+01,-8.679724700067793786e-02
1.158333333333333215e+01,-8.663166138379183034e-02
1.160416666666666607e+01,-8.650613404415169461e-02
1.162500000000000000e+01,-8.639267582089407704e-02
1.164583333333333215e+01,-8.625346341837657194e-02
1.166666666666666607e+01,-8.609797531115835623e-02
1.168750000000000000e+01,-8.594441701444521797e-02
1.170833333333333215e+01,-8.577844401971516930e-02
1.172916666666666607e+01,-8.559663980510817671e-02
1.175000000000000000e+01,-8.543347915778365387e-02
1.177083333333333215e+01,-8.531422505929238398e-02
1.179166666666666607e+01,-8.521414145544367602e-02
1.181250000000000000e+01,-8.510023261116887727e-02
1.183333333333333215e+01,-8.498779447522547548e-02
1.185416666666666607e+01,-8.489980988411688356e-02
1.187500000000000000e+01,-8.481226304859575127e-02
1.189583333333333215e+01,-8.469442953865989610e-02
1.191666666666666607e+01,-8.456522162065373271e-02
1.193750000000000000e+01,-8.445200220547884051e-02
1.195833333333333215e+01,-8.433396214013155756e-02
1.197916666666666607e+01,-8.418245328751251810e-02
1.200000000000000000e+01,-8.401793515169607429e-02
1.202083333333333215e+01,-8.386847760482060710e-02
1.204166666666666607e+01,-8.371425195057283219e-02
1.206250000000000000e+01,-8.352762405893549014e-02
1.208333333333333215e+01,-8.332950555215420940e-02
1.210416666666666607e+01,-8.314839369258104906e-02
1.212500000000000000e+01,-8.296516104538816105e-02
1.214583333333333215e+01,-8.275318031439476973e-02
1.216666666666666607e+01,-8.253444417203682770e-02
1.218750000000000000e+01,-8.233851797980594467e-02
1.220833333333333215e+01,-8.214723780560020949e-02
1.222916666666666607e+01,-8.193438101239272631e-02
1.225000000000000000e+01,-8.172196630570202625e-02
1.227083333333333215e+01,-8.153959561723103655e-02
1.229166666666666607e+01,-8.136911583858935648e-02
1.231250000000000000e+01,-8.118449932313445694e-02
1.233333333333333215e+01,-8.100830743000465850e-02
1.235416666666666607e+01,-8.087069425653133081e-02
1.237500000000000000e+01,-8.075440497260800987e-02
1.239583333333333215e+01,-8.063464369127891496e-02
1.241666666666666607e+01,-8.053492850599693054e-02
1.243750000000000000e+01,-8.048633466110299839e-02
1.245833333333333215e+01,-8.047238019114742735e-02
1.247916666666666607e+01,-8.046844669868832844e-02
1.250000000000000000e+01,-8.049788981715774727e-02
1.252083333333333215e+01,-8.059168836869955166e-02
1.254166666666666607e+01,-8.073321799308452729e-02
1.256250000000000000e+01,-8.089798961737321159e-02
1.258333333333333215e+01,-8.111104906422964000e-02
1.260416666666666607e+01,-8.140607369870286880e-02
1.262500000000000000e+01,-8.176855116136609591e-02
1.264583333333333215e+01,-8.217575358312001477e-02
1.266666666666666607e+01,-8.264938866285852226e-02
1.268750000000000000e+01,-8.321283668768089670e-02
1.270833333333333215e+01,-8.384050415586154215e-02
1.272916666666666607e+01,-8.449893480016358593e-02
1.275000000000000000e+01,-8.520387229055706446e-02
1.277083333333333215e+01,-8.597866643049051349e-02
1.279166666666666607e+01,-8.679936361466611405e-02
1.281250000000000000e+01,-8.763475825237690420e-02
1.283333333333333215e+01,-8.849660322563975001e-02
1.285416666666666607e+01,-8.939712847166848830e-02
1.287500000000000000e+01,-9.030011630688244972e-02
1.289583333333333215e+01,-9.116101210665401855e-02
1.291666666666666607e+01,-9.198320160074742458e-02
1.293750000000000000e+01,-9.277781047867922348e-02
1.295833333333333215e+01,-9.350811992539678763e-02
1.297916666666666607e+01,-9.412955444954784756e-02
1.300000000000000000e+01,-9.464695719845259148e-02
1.302083333333333215e+01,-9.507378621662311569e-02
1.304166666666666607e+01,-9.538561089432134876e-02
1.306250000000000000e+01,-9.556357000837324700e-02
1.308333333333333215e+01,-9.563968375808450106e-02
1.310416666666666607e+01,-9.565363030276055611e-02
1.312500000000000000e+01,-9.559652576310131988e-02
1.314583333333333215e+01,-9.545152630616587919e-02
1.316666666666666607e+01,-9.525107954118337827e-02
1.318750000000000000e+01,-9.503526040278199860e-02
1.320833333333333215e+01,-9.479576183408387757e-02
1.322916666666666607e+01,-9.451638290524984332e-02
1.325000000000000000e+01,-9.422997546220654441e-02
1.327083333333333215e+01,-9.397695699119110180e-02
1.329166666666666607e+01,-9.374966465836906404e-02
1.331250000000000000e+01,-9.353213042386641918e-02
1.333333333333333215e+01,-9.335609085333657076e-02
1.335416666666666607e+01,-9.326023471290657840e-02
1.337500000000000000e+01,-9.323586615250906151e-02
1.339583333333333215e+01,-9.326486055228902505e-02
1.341666666666666607e+01,-9.335920312584400360e-02
1.343750000000000000e+01,-9.351809900131000108e-02
1.345833333333333215e+01,-9.370631897004268185e-02
1.347916666666666607e+01,-9.389962577612465111e-02
1.350000000000000000e+01,-9.411768394779861102e-02
1.352083333333333215e+01,-9.437919676335386476e-02
1.354166666666666607e+01,-9.465315097200288630e-02
1.356250000000000000e+01,-9.490057198236141744e-02
1.358333333333333215e+01,-9.513210742074026949e-02
1.360416666666666607e+01,-9.536616137026014683e-02
1.362500000000000000e+01,-9.557309524411290724e-02
1.364583333333333215e+01,-9.571601255562163513e-02
1.366666666666666607e+01,-9.580728045889658206e-02
1.368750000000000000e+01,-9.586693753344052715e-02
1.370833333333333215e+01,-9.586680675804838681e-02
1.372916666666666607e+01,-9.577079938659413538e-02
1.375000000000000000e+01,-9.559168823552169347e-02
1.377083333333333215e+01,-9.535067678457333218e-02
1.379166666666666607e+01,-9.503502663629360969e-02
1.381250000000000000e+01,-9.464076683018042557e-02
1.383333333333333215e+01,-9.421146296581679735e-02
1.385416666666666607e+01,-9.379534742325386365e-02
1.387500000000000000e+01,-9.339202112405266265e-02
1.389583333333333215e+01,-9.299258852459679758e-02
1.391666666666666607e+01,-9.262970954795395062e-02
1.393750000000000000e+01,-9.233410799780226996e-02
1.395833333333333215e+01,-9.208686374045632617e-02
1.397916666666666607e+01,-9.186104799315954195e-02
1.400000000000000000e+01,-9.167921686035340745e-02
1.402083333333333215e+01,-9.157162166514427881e-02
1.404166666666666607e+01,-9.151980695508314667e-02
1.406250000000000000e+01,-9.149732683055836202e-02
1.408333333333333215e+01,-9.152730104956925683e-02
1.410416666666666607e+01,-9.164054623102776964e-02
1.412500000000000000e+01,-9.181980250667147458e-02
1.414583333333333215e+01,-9.203997788152677717e-02
1.416666666666666607e+01,-9.231731943338875035e-02
1.418750000000000000e+01,-9.266578849445970822e-02
1.420833333333333215e+01,-9.304999470929903316e-02
1.422916666666666607e+01,-9.342663098997867899e-02
1.425000000000000000e+01,-9.380136272965991506e-02
1.427083333333333215e+01,-9.418747364132963595e-02
1.429166666666666607e+01,-9.455034307447383879e-02
1.431250000000000000e+01,-9.484704856890907587e-02
1.433333333333333215e+01,-9.508285485131832970e-02
1.435416666666666607e+01,-9.527118777630046165e-02
1.437500000000000000e+01,-9.538494032182663618e-02
1.439583333333333215e+01,-9.539831428667887303e-02
1.441666666666666607e+01,-9.533533343864056264e-02
1.443750000000000000e+01,-9.522768139697174172e-02
1.445833333333333215e+01,-9.505900903571361249e-02
1.447916666666666607e+01,-9.480507015923998748e-02
1.450000000000000000e+01,-9.449083363678185965e-02
1.452083333333333215e+01,-9.414932989522943607e-02
1.454166666666666607e+01,-9.376545135130028019e-02
1.456250000000000000e+01,-9.331621354500067855e-02
1.458333333333333215e+01,-9.282759608497857806e-02
1.460416666666666607e+01,-9.233316213396508543e-02
1.462500000000000000e+01,-9.181848471368947440e-02
1.464583333333333215e+01,-9.126095333555214739e-02
1.466666666666666607e+01,-9.068632442000619520e-02
1.468750000000000000e+01,-9.012793441541649964e-02
1.470833333333333215e+01,-8.957106068925220488e-02
1.472916666666666607e+01,-8.899306998742484431e-02
1.475000000000000000e+01,-8.842023962589534714e-02
1.477083333333333215e+01,-8.788644363925189607e-02
1.479166666666666607e+01,-8.737742199137428500e-02
1.481250000000000000e+01,-8.687102822250461487e-02
1.483333333333333215e+01,-8.639404771740163969e-02
1.485416666666666607e+01,-8.598084953013686305e-02
1.487500000000000000e+01,-8.561798890210135793e-02
1.489583333333333215e+01,-8.528435877524620512e-02
1.491666666666666607e+01,-8.500745528952281804e-02
1.493750000000000000e+01,-8.482230577141443295e-02
1.495833333333333215e+01,-8.471629119180139333e-02
1.497916666666666607e+01,-8.466890291230839971e-02
1.500000000000000000e+01,-8.470769203219173649e-02
1.502083333333333215e+01,-8.486774071169228550e-02
1.504166666666666607e+01,-8.513632305922386179e-02
1.506250000000000000e+01,-8.549135250365746952e-02
1.508333333333333215e+01,-8.594047658768544373e-02
1.510416666666666607e+01,-8.647654954087377610e-02
1.512500000000000000e+01,-8.706068550052215027e-02
1.514583333333333215e+01,-8.766846104203666890e-02
1.516666666666666607e+01,-8.830833736421014879e-02
1.518750000000000000e+01,-8.897460060330369958e-02
1.520833333333333215e+01,-8.963351879868874938e-02
1.522916666666666607e+01,-9.026968204410965035e-02
1.525000000000000000e+01,-9.088718094550650439e-02
1.527083333333333215e+01,-9.146003410035261072e-02
1.529166666666666607e+01,-9.195718975445900389e-02
1.531250000000000000e+01,-9.239434571837183696e-02
1.533333333333333215e+01,-9.279346337307446679e-02
1.535416666666666607e+01,-9.312753576543766898e-02
1.537500000000000000e+01,-9.336232766822992468e-02
1.539583333333333215e+01,-9.351289272061087676e-02
1.541666666666666607e+01,-9.360321625444659177e-02
1.543750000000000000e+01,-9.360910258809169993e-02
1.545833333333333215e+01,-9.349875899780697719e-02
1.547916666666666607e+01,-9.328891262682553753e-02
1.550000000000000000e+01,-9.300625257755150421e-02
1.552083333333333215e+01,-9.264141369722589392e-02
1.554166666666666607e+01,-9.219196765153729600e-02
1.556250000000000000e+01,-9.170557774662936590e-02
1.558333333333333215e+01,-9.123867474009617062e-02
1.560416666666666607e+01,-9.079879477465550852e-02
1.562500000000000000e+01,-9.038347116883981014e-02
1.564583333333333215e+01,-9.001976864684291257e-02
1.566666666666666607e+01,-8.972196158679453248e-02
1.568750000000000000e+01,-8.946724465022019845e-02
1.570833333333333215e+01,-8.924199674826489848e-02
1.572916666666666607e+01,-8.907536228332546546e-02
1.575000000000000000e+01,-8.899556456456107767e-02
1.577083333333333215e+01,-8.898107622084114321e-02
1.579166666666666607e+01,-8.900276728221301337e-02
1.581250000000000000e+01,-8.907928830592609648e-02
1.583333333333333215e+01,-8.923713342803846205e-02
1.585416666666666607e+01,-8.945421045457718767e-02
1.587500000000000000e+01,-8.970074227759032570e-02
1.589583333333333215e+01,-8.999544270090405196e-02
1.591666666666666607e+01,-9.036547319551717361e-02
1.593750000000000000e+01,-9.078928348566372986e-02
1.595833333333333215e+01,-9.123768882534023794e-02
1.597916666666666607e+01,-9.172671697383000255e-02
1.600000000000000000e+01,-9.227757809068970474e-02
1.602083333333333215e+01,-9.286351461680622532e-02
1.604166666666666430e+01,-9.345049011775959091e-02
1.606250000000000000e+01,-9.405336349231843696e-02
1.608333333333333215e+01,-9.469535565311311409e-02
1.610416666666666430e+01,-9.535092365450652252e-02
1.612500000000000000e+01,-9.598711958153102741e-02
1.614583333333333215e+01,-9.661785060681254977e-02
1.616666666666666430e+01,-9.726297748518247799e-02
1.618750000000000000e+01,-9.789337638673860365e-02
1.620833333333333215e+01,-9.847285806306305123e-02
1.622916666666666430e+01,-9.901321142561059219e-02
1.625000000000000000e+01,-9.953409941954792506e-02
1.627083333333333215e+01,-1.000069842022907329e-01
1.629166666666666430e+01,-1.003960028664390297e-01
1.631250000000000000e+01,-1.007138634850032882e-01
1.633333333333333215e+01,-1.009814258949417454e-01
1.635416666666666430e+01,-1.011707471184315893e-01
1.637500000000000000e+01,-1.012467056108481700e-01
1.639583333333333215e+01,-1.012226843238257096e-01
1.641666666666666430e+01,-1.011201059406884456e-01
1.643750000000000000e+01,-1.009137032114364591e-01
1.645833333333333215e+01,-1.005738372335591435e-01
1.647916666666666430e+01,-1.001194973786746351e-01
1.650000000000000000e+01,-9.957921225920118857e-02
1.652083333333333215e+01,-9.894381683341833822e-02
1.654166666666666430e+01,-9.821039150654897742e-02
1.656250000000000000e+01,-9.742812787803295516e-02
1.658333333333333215e+01,-9.665700309315243544e-02
1.660416666666666430e+01,-9.591126852866793673e-02
1.662500000000000000e+01,-9.518923911130980353e-02
1.664583333333333215e+01,-9.451804053164598873e-02
1.666666666666666430e+01,-9.392228610068051320e-02
1.668750000000000000e+01,-9.338046798389058878e-02
1.670833333333333215e+01,-9.286636603378679855e-02
1.672916666666666430e+01,-9.240422741168020926e-02
1.675000000000000000e+01,-9.202804216680418592e-02
1.677083333333333215e+01,-9.172558109787866398e-02
1.679166666666666430e+01,-9.147798257407868672e-02
1.681250000000000000e+01,-9.131078468534004067e-02
1.683333333333333215e+01,-9.125125973252821987e-02
1.685416666666666430e+01,-9.127855589733896435e-02
1.687500000000000000e+01,-9.136472723576770372e-02
1.689583333333333215e+01,-9.152782559670478990e-02
1.691666666666666430e+01,-9.178932363568201303e-02
1.693750000000000000e+01,-9.212217679395628966e-02
1.695833333333333215e+01,-9.249190421704980847e-02
1.697916666666666430e+01,-9.291283152765149322e-02
1.700000000000000000e+01,-9.340630966406976432e-02
1.702083333333333215e+01,-9.394516373255283603e-02
1.704166666666666430e+01,-9.449332548634392648e-02
1.706250000000000000e+01,-9.506238771236366625e-02
1.708333333333333215e+01,-9.567145467572417405e-02
1.710416666666666430e+01,-9.629120990222968246e-02
1.712500000000000000e+01,-9.688388335515502048e-02
1.714583333333333215e+01,-9.746045431110325619e-02
1.716666666666666430e+01,-9.803960194748395640e-02
1.718750000000000000e+01,-9.859159827888767935e-02
1.720833333333333215e+01,-9.907819717464300124e-02
1.722916666666666430e+01,-9.951003346669151650e-02
1.725000000000000000e+01,-9.990583290366379654e-02
1.727083333333333215e+01,-1.002359755599830510e-01
1.729166666666666430e+01,-1.004621104563775402e-01
1.731250000000000000e+01,-1.005942028502778141e-01
1.733333333333333215e+01,-1.006496705805004638e-01
1.735416666666666430e+01,-1.005980780737494584e-01
1.737500000000000000e+01,-1.004008806256282554e-01
1.739583333333333215e+01,-1.000680819410140615e-01
1.741666666666666430e+01,-9.962724132526334930e-02
1.743750000000000000e+01,-9.907274150105248312e-02
1.745833333333333215e+01,-9.839590843630298400e-02
1.747916666666666430e+01,-9.763730206975855530e-02
1.750000000000000000e+01,-9.684453462379018218e-02
1.752083333333333215e+01,-9.601662693063220400e-02
1.754166666666666430e+01,-9.514365664400674383e-02
1.756250000000000000e+01,-9.426346784701393478e-02
1.758333333333333215e+01,-9.342138044408405950e-02
1.760416666666666430e+01,-9.261417380565720170e-02
1.762500000000000000e+01,-9.183012537308096745e-02
1.764583333333333215e+01,-9.110620316617781822e-02
1.766666666666666430e+01,-9.048695718314937741e-02
1.768750000000000000e+01,-8.996844010622016830e-02
1.770833333333333215e+01,-8.953705408170946345e-02
1.772916666666666430e+01,-8.921365194321424774e-02
1.775000000000000000e+01,-8.900906597971534884e-02
1.777083333333333215e+01,-8.888357027179194514e-02
1.779166666666666430e+01,-8.878784642634855728e-02
1.781250000000000000e+01,-8.872000336760495209e-02
1.783333333333333215e+01,-8.868702833109898265e-02
1.785416666666666430e+01,-8.866517572835817818e-02
1.787500000000000000e+01,-8.864188848711447577e-02
1.789583333333333215e+01,-8.864087016200795921e-02
1.791666666666666430e+01,-8.867560154904392811e-02
1.793750000000000000e+01,-8.871396830115933774e-02
1.795833333333333215e+01,-8.872320748218581743e-02
1.797916666666666430e+01,-8.871668497938667297e-02
1.800000000000000000e+01,-8.871256364746102352e-02
1.802083333333333215e+01,-8.868349841873564288e-02
1.804166666666666430e+01,-8.859888445997064765e-02
1.806250000000000000e+01,-8.847397176275760555e-02
1.808333333333333215e+01,-8.832953424391347397e-02
1.810416666666666430e+01,-8.814686387234506315e-02
1.812500000000000000e+01,-8.791201594690385701e-02
1.814583333333333215e+01,-8.765833501229408631e-02
1.816666666666666430e+01,-8.742404154779115366e-02
1.818750000000000000e+01,-8.719509835193606229e-02
1.820833333333333215e+01,-8.694671497192228704e-02
1.822916666666666430e+01,-8.669943992286985313e-02
1.825000000000000000e+01,-8.647913712396931851e-02
1.827083333333333215e+01,-8.626094955561607047e-02
1.829166666666666430e+01,-8.600930542457702055e-02
1.831250000000000000e+01,-8.573393351248982663e-02
1.833333333333333215e+01,-8.545529749024693977e-02
1.835416666666666430e+01,-8.516349982497677107e-02
1.837500000000000000e+01,-8.485653750986223154e-02
1.839583333333333215e+01,-8.457176641388050586e-02
1.841666666666666430e+01,-8.434200511993972249e-02
1.843750000000000000e+01,-8.414839862235498624e-02
1.845833333333333215e+01,-8.396182249727651703e-02
1.847916666666666430e+01,-8.379809325442297285e-02
1.850000000000000000e+01,-8.367806485693744800e-02
1.852083333333333215e+01,-8.357445360596875428e-02
1.854166666666666430e+01,-8.345322684729482299e-02
1.856250000000000000e+01,-8.332561186421535981e-02
1.858333333333333215e+01,-8.320877266884410539e-02
1.860416666666666430e+01,-8.308869505737072336e-02
1.862500000000000000e+01,-8.296479907139538146e-02
1.864583333333333215e+01,-8.286371898500945188e-02
1.866666666666666430e+01,-8.279338346421405426e-02
1.868750000000000000e+01,-8.274497931631187575e-02
1.870833333333333215e+01,-8.274173484507163501e-02
1.872916666666666430e+01,-8.280759711983479154e-02
1.875000000000000000e+01,-8.291449427044926546e-02
1.877083333333333215e+01,-8.302374765124274913e-02
1.879166666666666430e+01,-8.314242033832291989e-02
1.881250000000000000e+01,-8.328255635679578106e-02
1.883333333333333215e+01,-8.342130067466921317e-02
1.885416666666666430e+01,-8.354603141629077245e-02
1.887500000000000000e+01,-8.368747848143376356e-02
1.889583333333333215e+01,-8.387468090262653608e-02
1.891666666666666430e+01,-8.408416841604497705e-02
1.893750000000000000e+01,-8.428158745755920389e-02
1.895833333333333215e+01,-8.447828611394926634e-02
1.897916666666666430e+01,-8.469001229262945740e-02
1.900000000000000000e+01,-8.488532678555732458e-02
1.902083333333333215e+01,-8.502779830290244090e-02
1.904166666666666430e+01,-8.512731857308877825e-02
1.906250000000000000e+01,-8.519926668838427586e-02
1.908333333333333215e+01,-8.522715522884459494e-02
1.910416666666666430e+01,-8.520789123978005086e-02
1.912500000000000000e+01,-8.517653272592996816e-02
1.914583333333333215e+01,-8.515989213460095630e-02
1.916666666666666430e+01,-8.513164231204337073e-02
1.918750000000000000e+01,-8.505542973082232117e-02
1.920833333333333215e+01,-8.494222405668208631e-02
1.922916666666666430e+01,-8.481438232132039456e-02
1.925000000000000000e+01,-8.465784771899760586e-02
1.927083333333333215e+01,-8.446065994666361598e-02
1.929166666666666430e+01,-8.426127782007837574e-02
1.931250000000000000e+01,-8.410617660436353615e-02
1.933333333333333215e+01,-8.399334936992573775e-02
1.935416666666666430e+01,-8.391215706220543635e-02
1.937500000000000000e+01,-8.389205350558294472e-02
1.939583333333333215e+01,-8.395877923861416736e-02
1.941666666666666430e+01,-8.408857374336894952e-02
1.943750000000000000e+01,-8.424973511969746642e-02
1.945833333333333215e+01,-8.446054384171834684e-02
1.947916666666666430e+01,-8.474812967723843737e-02
1.950000000000000000e+01,-8.509189109072892720e-02
1.952083333333333215e+01,-8.546372850441583124e-02
1.954166666666666430e+01,-8.588414438413467800e-02
1.956250000000000000e+01,-8.638119683959469275e-02
1.958333333333333215e+01,-8.693494364519771533e-02
1.960416666666666430e+01,-8.751711551973322123e-02
1.962500000000000000e+01,-8.814069390012517491e-02
1.964583333333333215e+01,-8.881673746061584385e-02
1.966666666666666430e+01,-8.950737374287487391e-02
1.968750000000000000e+01,-9.016679278549130649e-02
1.970833333333333215e+01,-9.079779078581989848e-02
1.972916666666666430e+01,-9.141079367253647503e-02
1.975000000000000000e+01,-9.196840412895521122e-02
1.977083333333333215e+01,-9.242540219665008883e-02
1.979166666666666430e+01,-9.278524371525688486e-02
1.981250000000000000e+01,-9.306011691545043596e-02
1.983333333333333215e+01,-9.323280309302769964e-02
1.985416666666666430e+01,-9.329995231233419173e-02
1.987500000000000000e+01,-9.329415340111547883e-02
1.989583333333333215e+01,-9.323767143461644813e-02
1.991666666666666430e+01,-9.310999444859921481e-02
1.993750000000000000e+01,-9.289157675868224551e-02
1.995833333333333215e+01,-9.261265388282313715e-02
1.997916666666666430e+01,-9.231109376730073368e-02
2.000000000000000000e+01,-9.197662703855628841e-02
2.002083333333333215e+01,-9.159102489569163896e-02
2.004166666666666430e+01,-9.118504003875584074e-02
2.006250000000000000e+01,-9.079705557512368630e-02
2.008333333333333215e+01,-9.041721822897677563e-02
2.010416666666666430e+01,-9.002772811693296462e-02
2.012500000000000000e+01,-8.965978670970005393e-02
2.014583333333333215e+01,-8.935219513997388896e-02
2.016666666666666430e+01,-8.909560217057378717e-02
2.018750000000000000e+01,-8.887275431815742921e-02
2.020833333333333215e+01,-8.871523171959812271e-02
2.022916666666666430e+01,-8.866215167159385846e-02
2.025000000000000000e+01,-8.870464501745382868e-02
2.027083333333333215e+01,-8.882302445860285056e-02
2.029166666666666430e+01,-8.902758574429903149e-02
2.031250000000000000e+01,-8.931679809128448277e-02
2.033333333333333215e+01,-8.965087272327802725e-02
2.035416666666666430e+01,-8.999689567141619384e-02
2.037500000000000000e+01,-9.037261154642291239e-02
2.039583333333333215e+01,-9.080341563527734305e-02
2.041666666666666430e+01,-9.126621032092920027e-02
2.043750000000000000e+01,-9.172989935872506717e-02
2.045833333333333215e+01,-9.221265853259368039e-02
2.047916666666666430e+01,-9.274036939884899855e-02
2.050000000000000000e+01,-9.329061829429635688e-02
2.052083333333333215e+01,-9.383291006148340718e-02
2.054166666666666430e+01,-9.438200246762733225e-02
2.056250000000000000e+01,-9.495542794699804445e-02
2.058333333333333215e+01,-9.552197601949814765e-02
2.060416666666666430e+01,-9.604252828350882953e-02
2.062500000000000000e+01,-9.652689735707735419e-02
2.064583333333333215e+01,-9.699250625216790378e-02
2.066666666666666430e+01,-9.740891579726486393e-02
2.068750000000000000e+01,-9.773729728857352694e-02
2.070833333333333215e+01,-9.798696952961830076e-02
2.072916666666666430e+01,-9.817499499734287649e-02
2.075000000000000000e+01,-9.827050504969135625e-02
2.077083333333333215e+01,-9.823472591412321653e-02
2.079166666666666430e+01,-9.807797994469129310e-02
2.081250000000000000e+01,-9.782171785359890237e-02
2.083333333333333215e+01,-9.745970332987717588e-02
2.085416666666666430e+01,-9.699889081830891102e-02
2.087500000000000000e+01,-9.647485255771107160e-02
2.089583333333333215e+01,-9.590441266830460054e-02
2.091666666666666430e+01,-9.529169996894648609e-02
2.093750000000000000e+01,-9.467022629113062970e-02
2.095833333333333215e+01,-9.407115966429487053e-02
2.097916666666666430e+01,-9.347850248668217177e-02
2.100000000000000000e+01,-9.287086244499070942e-02
2.102083333333333215e+01,-9.227903274046389548e-02
2.104166666666666430e+01,-9.174482704992695248e-02
2.106250000000000000e+01,-9.126477585976987272e-02
2.108333333333333215e+01,-9.082986633221447337e-02
2.110416666666666430e+01,-9.046818403041173573e-02
2.112500000000000000e+01,-9.020015190868566068e-02
2.114583333333333215e+01,-8.999915644505146473e-02
2.116666666666666430e+01,-8.983383922207840988e-02
2.118750000000000000e+01,-8.972420715482522235e-02
2.120833333333333215e+01,-8.970074886810162906e-02
2.122916666666666430e+01,-8.974896122716044533e-02
2.125000000000000000e+01,-8.984874321549987664e-02
2.127083333333333215e+01,-9.001630939514994323e-02
2.129166666666666430e+01,-9.025925665166666112e-02
2.131250000000000000e+01,-9.053794258911888881e-02
2.133333333333333215e+01,-9.080828695075274237e-02
2.135416666666666430e+01,-9.107817541217762269e-02
2.137500000000000000e+01,-9.136609706737924830e-02
2.139583333333333215e+01,-9.164525918236936242e-02
2.141666666666666430e+01,-9.188423857878003087e-02
2.143750000000000000e+01,-9.210234731447507206e-02
2.145833333333333215e+01,-9.232843194715233126e-02
2.147916666666666430e+01,-9.254492045042313209e-02
2.150000000000000000e+01,-9.272835945997756624e-02
2.152083333333333215e+01,-9.290580127196934601e-02
2.154166666666666430e+01,-9.311346993559391216e-02
2.156250000000000000e+01,-9.334062216580175930e-02
2.158333333333333215e+01,-9.356885366762009160e-02
2.160416666666666430e+01,-9.381180648102745157e-02
2.162500000000000000e+01,-9.407074692559402873e-02
2.164583333333333215e+01,-9.431397174961639318e-02
2.166666666666666430e+01,-9.452266911811642303e-02
2.168750000000000000e+01,-9.471638917442917749e-02
2.170833333333333215e+01,-9.490673179492041533e-02
2.172916666666666430e+01,-9.505818612349603569e-02
2.175000000000000000e+01,-9.513058825887536762e-02
2.177083333333333215e+01,-9.513295947263046559e-02
2.179166666666666430e+01,-9.508248680028198729e-02
2.181250000000000000e+01,-9.495821564320507113e-02
2.183333333333333215e+01,-9.474394114446252346e-02
2.185416666666666430e+01,-9.447361069773058118e-02
2.187500000000000000e+01,-9.418838209855640020e-02
2.189583333333333215e+01,-9.388140058186601744e-02
2.191666666666666430e+01,-9.353761853610120802e-02
2.193750000000000000e+01,-9.318998872696246383e-02
2.195833333333333215e+01,-9.287888026773509498e-02
2.197916666666666430e+01,-9.259608625272992832e-02
2.200000000000000000e+01,-9.232512896240095690e-02
2.202083333333333215e+01,-9.209825662169877913e-02
2.204166666666666430e+01,-9.195488997961991096e-02
2.206250000000000000e+01,-9.188589597501448103e-02
2.208333333333333215e+01,-9.187278469469720155e-02
2.210416666666666430e+01,-9.192901551381985059e-02
2.212500000000000000e+01,-9.205535298036286729e-02
2.214583333333333215e+01,-9.221395005294884262e-02
2.216666666666666430e+01,-9.237372451112356442e-02
2.218750000000000000e+01,-9.255349297930701158e-02
2.220833333333333215e+01,-9.277928506339486181e-02
2.222916666666666430e+01,-9.302859560223379620e-02
2.225000000000000000e+01,-9.327080854894823081e-02
2.227083333333333215e+01,-9.352398759619823254e-02
2.229166666666666430e+01,-9.381332282286579394e-02
2.231250000000000000e+01,-9.411565492609659522e-02
2.233333333333333215e+01,-9.439898084493719699e-02
2.235416666666666430e+01,-9.467880810540869885e-02
2.237500000000000000e+01,-9.497722319116476408e-02
2.239583333333333215e+01,-9.526677089263772824e-02
2.241666666666666430e+01,-9.551120052493393409e-02
2.243750000000000000e+01,-9.572218730282466836e-02
2.245833333333333215e+01,-9.591859540778464865e-02
2.247916666666666430e+01,-9.607074624647177208e-02
2.250000000000000000e+01,-9.614104723674243846e-02
2.252083333333333215e+01,-9.614079563320922228e-02
2.254166666666666430e+01,-9.608864515768193726e-02
2.256250000000000000e+01,-9.595971708498594877e-02
2.258333333333333215e+01,-9.572768148358874740e-02
2.260416666666666430e+01,-9.541573150167487194e-02
2.262500000000000000e+01,-9.505387480906907216e-02
2.264583333333333215e+01,-9.462360507037863300e-02
2.266666666666666430e+01,-9.409795533120057787e-02
2.268750000000000000e+01,-9.349774352550269119e-02
2.270833333333333215e+01,-9.285151784007164566e-02
2.272916666666666430e+01,-9.215281935724424500e-02
2.275000000000000000e+01,-9.140419325899601377e-02
2.277083333333333215e+01,-9.065431387672349961e-02
2.279166666666666430e+01,-8.995294014240157177e-02
2.281250000000000000e+01,-8.930053137608531810e-02
2.283333333333333215e+01,-8.868893441367425856e-02
2.285416666666666430e+01,-8.815506196086583812e-02
2.287500000000000000e+01,-8.773920635705083348e-02
2.289583333333333215e+01,-8.743270427852548043e-02
2.291666666666666430e+01,-8.721832738038057253e-02
2.293750000000000000e+01,-8.711516545525266331e-02
2.295833333333333215e+01,-8.713350277379756925e-02
2.297916666666666430e+01,-8.723330191370042008e-02
2.300000000000000000e+01,-8.736558205847715086e-02
2.302083333333333215e+01,-8.752868497663571223e-02
2.304166666666666430e+01,-8.772825565818498372e-02
2.306250000000000000e+01,-8.793247058082649670e-02
2.308333333333333215e+01,-8.811617515994524252e-02
2.310416666666666430e+01,-8.830442961817627778e-02
2.312500000000000000e+01,-8.852925266560403295e-02
2.314583333333333215e+01,-8.877414603990652076e-02
2.316666666666666430e+01,-8.901341701386458749e-02
2.318750000000000000e+01,-8.926841757831838198e-02
2.320833333333333215e+01,-8.956639338863242594e-02
2.322916666666666430e+01,-8.988422293465508917e-02
2.325000000000000000e+01,-9.018773475492829206e-02
2.327083333333333215e+01,-9.048794509882994441e-02
2.329166666666666430e+01,-9.080090700231124856e-02
2.331250000000000000e+01,-9.109102946928940292e-02
2.333333333333333215e+01,-9.131190497457121469e-02
2.335416666666666430e+01,-9.146260477553269652e-02
2.337500000000000000e+01,-9.155805237034000954e-02
2.339583333333333215e+01,-9.158362131533942518e-02
2.341666666666666430e+01,-9.152603180893684187e-02
2.343750000000000000e+01,-9.141795271304746506e-02
2.345833333333333215e+01,-9.129646779388821132e-02
2.347916666666666430e+01,-9.114784601064430947e-02
2.350000000000000000e+01,-9.094891629927297216e-02
2.352083333333333215e+01,-9.072291832169852854e-02
2.354166666666666430e+01,-9.049896730578042836e-02
2.356250000000000000e+01,-9.025534611978958122e-02
2.358333333333333215e+01,-8.996094207676431920e-02
2.360416666666666430e+01,-8.963088614631592455e-02
2.362500000000000000e+01,-8.928684094106599523e-02
2.364583333333333215e+01,-8.891463776194008517e-02
2.366666666666666430e+01,-8.850927549802783956e-02
2.368750000000000000e+01,-8.811157088209679855e-02
2.370833333333333215e+01,-8.776506980220764864e-02
2.372916666666666430e+01,-8.746160555194662511e-02
2.375000000000000000e+01,-8.718241708601481843e-02
2.377083333333333215e+01,-8.695360626796955206e-02
2.379166666666666430e+01,-8.680575092245063074e-02
2.381250000000000000e+01,-8.671775664333998546e-02
2.383333333333333215e+01,-8.665787627927491743e-02
2.385416666666666430e+01,-8.663925008391458460e-02
2.387500000000000000e+01,-8.668046405625834394e-02
2.389583333333333215e+01,-8.674987944579648502e-02
2.391666666666666430e+01,-8.680506324393647000e-02
2.393750000000000000e+01,-8.684847712158090538e-02
2.395833333333333215e+01,-8.688953171134382314e-02
2.397916666666666430e+01,-8.691042786984012891e-02
2.400000000000000000e+01,-8.691022473963763706e-02
2.402083333333333215e+01,-8.690854646082088464e-02
2.404166666666666430e+01,-8.689813427490389319e-02
2.406250000000000000e+01,-8.686383222412738525e-02
2.408333333333333215e+01,-8.683613816374535777e-02
2.410416666666666430e+01,-8.684944114645201663e-02
2.412500000000000000e+01,-8.688626934440667193e-02
2.414583333333333215e+01,-8.691830682109667749e-02
2.416666666666666430e+01,-8.696272381411998542e-02
2.418750000000000000e+01,-8.704078522284780517e-02
2.420833333333333215e+01,-8.712197067875106227e-02
2.422916666666666430e+01,-8.716474288715020391e-02
2.425000000000000000e+01,-8.717337367928842951e-02
2.427083333333333215e+01,-8.716286481607968262e-02
2.429166666666666430e+01,-8.711876775962347497e-02
2.431250000000000000e+01,-8.703494787416492240e-02
2.433333333333333215e+01,-8.694417421503955468e-02
2.435416666666666430e+01,-8.687299194028119675e-02
2.437500000000000000e+01,-8.679506937504066766e-02
2.439583333333333215e+01,-8.667255562310675898e-02
2.441666666666666430e+01,-8.651339634829510739e-02
2.443750000000000000e+01,-8.633790700151348918e-02
2.445833333333333215e+01,-8.613560252018613583e-02
2.447916666666666430e+01,-8.590060384015418826e-02
2.450000000000000000e+01,-8.567182788479817124e-02
2.452083333333333215e+01,-8.548988766334990330e-02
2.454166666666666430e+01,-8.534324771732182402e-02
2.456250000000000000e+01,-8.520903080514437289e-02
2.458333333333333215e+01,-8.510985122287088867e-02
2.460416666666666430e+01,-8.507317494626444321e-02
2.462500000000000000e+01,-8.507515886480716827e-02
2.464583333333333215e+01,-8.508111245293152602e-02
2.466666666666666430e+01,-8.510226032117164385e-02
2.468750000000000000e+01,-8.515429157699576368e-02
2.470833333333333215e+01,-8.520739864340357017e-02
2.472916666666666430e+01,-8.522959338085131509e-02
2.475000000000000000e+01,-8.523592697988552347e-02
2.477083333333333215e+01,-8.524582935431231079e-02
2.479166666666666430e+01,-8.523335164279390030e-02
2.481250000000000000e+01,-8.517017160770055939e-02
2.483333333333333215e+01,-8.507462302777743512e-02
2.485416666666666430e+01,-8.496950190789753776e-02
2.487500000000000000e+01,-8.483404997919456736e-02
2.489583333333333215e+01,-8.464740743641974152e-02
2.491666666666666430e+01,-8.443566660924253786e-02
2.493750000000000000e+01,-8.422898846045438759e-02
2.495833333333333215e+01,-8.400588078381968082e-02
2.497916666666666430e+01,-8.373397552854776327e-02
2.500000000000000000e+01,-8.342675613715438976e-02
2.502083333333333215e+01,-8.311111663394064875e-02
2.504166666666666430e+01,-8.278008509694829986e-02
2.506250000000000000e+01,-8.242514157448577183e-02
2.508333333333333215e+01,-8.208394134154363420e-02
2.510416666666666430e+01,-8.179823840934569157e-02
2.512500000000000000e+01,-8.155809723165945158e-02
2.514583333333333215e+01,-8.134253547880676560e-02
2.516666666666666430e+01,-8.117590502644189687e-02
2.518750000000000000e+01,-8.108787433136627198e-02
2.520833333333333215e+01,-8.105752464098610333e-02
2.522916666666666430e+01,-8.105362865065166011e-02
2.525000000000000000e+01,-8.109137630421868470e-02
2.527083333333333215e+01,-8.119029697968437043e-02
2.529166666666666430e+01,-8.131808067770099346e-02
2.531250000000000000e+01,-8.143131588233482043e-02
2.533333333333333215e+01,-8.153271658422434065e-02
2.535416666666666430e+01,-8.163969325583252112e-02
2.537500000000000000e+01,-8.173820568178717660e-02
2.539583333333333215e+01,-8.181435216901609964e-02
2.541666666666666430e+01,-8.190081406454254032e-02
2.543750000000000000e+01,-8.203473535278782425e-02
2.545833333333333215e+01,-8.220149315629475539e-02
2.547916666666666430e+01,-8.237519795321657234e-02
2.550000000000000000e+01,-8.257552341820936781e-02
2.552083333333333215e+01,-8.282657950627321519e-02
2.554166666666666430e+01,-8.310057181617983013e-02
2.556250000000000000e+01,-8.335835732676274978e-02
2.558333333333333215e+01,-8.360636712715675822e-02
2.560416666666666430e+01,-8.385658308329135835e-02
2.562500000000000000e+01,-8.408563201794436170e-02
2.564583333333333215e+01,-8.427934419575543179e-02
2.566666666666666430e+01,-8.447129007459704131e-02
2.568750000000000000e+01,-8.469968887890597098e-02
2.570833333333333215e+01,-8.495088333330444441e-02
2.572916666666666430e+01,-8.519955011326138528e-02
2.575000000000000000e+01,-8.546582251732839919e-02
2.577083333333333215e+01,-8.577482023175549142e-02
2.579166666666666430e+01,-8.610004473567893502e-02
2.581250000000000000e+01,-8.640408111199340824e-02
2.583333333333333215e+01,-8.669583473566824794e-02
2.585416666666666430e+01,-8.698947133615136940e-02
2.587500000000000000e+01,-8.725251066757859497e-02
2.589583333333333215e+01,-8.744692467418284376e-02
2.591666666666666430e+01,-8.758062946972917928e-02
2.593750000000000000e+01,-8.766909299135819400e-02
2.595833333333333215e+01,-8.769959268175234191e-02
2.597916666666666430e+01,-8.767361475708565499e-02
2.600000000000000000e+01,-8.761874992195813061e-02
2.602083333333333215e+01,-8.754306425074483144e-02
2.604166666666666430e+01,-8.744420594946403225e-02
2.606250000000000000e+01,-8.735116040865713305e-02
2.608333333333333215e+01,-8.728530859299278577e-02
2.610416666666666430e+01,-8.721715578374400479e-02
2.612500000000000000e+01,-8.710909016581637465e-02
2.614583333333333215e+01,-8.696898545294658167e-02
2.616666666666666430e+01,-8.681568675717402095e-02
2.618750000000000000e+01,-8.663860261649374006e-02
2.620833333333333215e+01,-8.643550249052908696e-02
2.622916666666666430e+01,-8.624166899736175618e-02
2.625000000000000000e+01,-8.608521137243589638e-02
2.627083333333333215e+01,-8.594175777768330027e-02
2.629166666666666430e+01,-8.577670722017305405e-02
2.631250000000000000e+01,-8.560067081081330909e-02
2.633333333333333215e+01,-8.543034769869316258e-02
2.635416666666666430e+01,-8.525251474264167184e-02
2.637500000000000000e+01,-8.506919813728522350e-02
2.639583333333333215e+01,-8.490711161865910350e-02
2.641666666666666430e+01,-8.477089660702352703e-02
2.643750000000000000e+01,-8.465603967131712926e-02
2.645833333333333215e+01,-8.458887895294654735e-02
2.647916666666666430e+01,-8.458307801797126935e-02
2.650000000000000000e+01,-8.461153619099233414e-02
2.652083333333333215e+01,-8.465181147258982186e-02
2.654166666666666430e+01,-8.472843930750788288e-02
2.656250000000000000e+01,-8.487046932585269599e-02
2.658333333333333215e+01,-8.505540225120573894e-02
2.660416666666666430e+01,-8.524936328762020010e-02
2.662500000000000000e+01,-8.546417436747623386e-02
2.664583333333333215e+01,-8.571714653608807077e-02
2.666666666666666430e+01,-8.597422903100515601e-02
2.668750000000000000e+01,-8.618994392710717378e-02
2.670833333333333215e+01,-8.636512356915454491e-02
2.672916666666666430e+01,-8.651582704025582993e-02
2.675000000000000000e+01,-8.662765932215292508e-02
2.677083333333333215e+01,-8.668737138459167713e-02
2.679166666666666430e+01,-8.672867757465378691e-02
2.681250000000000000e+01,-8.679014023953557366e-02
2.683333333333333215e+01,-8.685845690332839875e-02
2.685416666666666430e+01,-8.690957621926212462e-02
2.687500000000000000e+01,-8.696604246656607085e-02
2.689583333333333215e+01,-8.705543236942185625e-02
2.691666666666666430e+01,-8.715380672769111603e-02
2.693750000000000000e+01,-8.722551026610908531e-02
2.695833333333333215e+01,-8.728013162446365825e-02
2.697916666666666430e+01,-8.733347696985505060e-02
2.700000000000000000e+01,-8.736396063030918424e-02
2.702083333333333215e+01,-8.735548767907365397e-02
2.704166666666666430e+01,-8.733935728281082278e-02
2.706250000000000000e+01,-8.735164510360692025e-02
2.708333333333333215e+01,-8.737652920000969770e-02
2.710416666666666430e+01,-8.738667243737129053e-02
2.712500000000000000e+01,-8.740044484782029388e-02
2.714583333333333215e+01,-8.744107724743666044e-02
2.716666666666666430e+01,-8.748005332098959808e-02
2.718750000000000000e+01,-8.747761029306810876e-02
2.720833333333333215e+01,-8.744026111070622720e-02
2.722916666666666430e+01,-8.738624888489508746e-02
2.725000000000000000e+01,-8.730157714327164975e-02
2.727083333333333215e+01,-8.717602176954851456e-02
2.729166666666666430e+01,-8.704618817609828529e-02
2.731250000000000000e+01,-8.695355383558849016e-02
2.733333333333333215e+01,-8.688797471514993209e-02
2.735416666666666430e+01,-8.682747778243825321e-02
2.737500000000000000e+01,-8.679531481100372092e-02
2.739583333333333215e+01,-8.681981517378815905e-02
2.741666666666666430e+01,-8.687783572936812193e-02
2.743750000000000000e+01,-8.693443925034390063e-02
2.745833333333333215e+01,-8.699998453438828605e-02
2.747916666666666430e+01,-8.709014268176747120e-02
2.750000000000000000e+01,-8.717710755677045287e-02
2.752083333333333215e+01,-8.723165455158037040e-02
2.754166666666666430e+01,-8.727112189889513205e-02
2.756250000000000000e+01,-8.731841135629388184e-02
2.758333333333333215e+01,-8.734549567611954446e-02
2.760416666666666430e+01,-8.731361333380177614e-02
2.762500000000000000e+01,-8.723095293842536568e-02
2.764583333333333215e+01,-8.711930594978464781e-02
2.766666666666666430e+01,-8.696926217596022413e-02
2.768750000000000000e+01,-8.677413315572085617e-02
2.770833333333333215e+01,-8.657424291374976599e-02
2.772916666666666430e+01,-8.641422646878330061e-02
2.775000000000000000e+01,-8.628669098418134675e-02
2.777083333333333215e+01,-8.617307395986836815e-02
2.779166666666666430e+01,-8.610044252435211654e-02
2.781250000000000000e+01,-8.610008179630813940e-02
2.783333333333333215e+01,-8.615130446242580398e-02
2.785416666666666430e+01,-8.622266101041160813e-02
2.787500000000000000e+01,-8.632859502011887287e-02
2.789583333333333215e+01,-8.648774179032060749e-02
2.791666666666666430e+01,-8.666690196327841988e-02
2.793750000000000000e+01,-8.682196884905295231e-02
2.795833333333333215e+01,-8.695486919465779396e-02
2.797916666666666430e+01,-8.707982995615969057e-02
2.800000000000000000e+01,-8.717763530379461778e-02
2.802083333333333215e+01,-8.723097074319142996e-02
2.804166666666666430e+01,-8.727009251347164764e-02
2.806250000000000000e+01,-8.733069427477158087e-02
2.808333333333333215e+01,-8.739844935604250409e-02
2.810416666666666430e+01,-8.744945027476694333e-02
2.812500000000000000e+01,-8.750646697013264586e-02
2.814583333333333215e+01,-8.759843685880443209e-02
2.816666666666666430e+01,-8.770506153863320831e-02
2.818750000000000000e+01,-8.779800744708834981e-02
2.820833333333333215e+01,-8.789826354481126980e-02
2.822916666666666430e+01,-8.803554246223864455e-02
2.825000000000000000e+01,-8.819177024391644526e-02
2.827083333333333215e+01,-8.834101304503812202e-02
2.829166666666666430e+01,-8.850602505812413257e-02
2.831250000000000000e+01,-8.871711527346420878e-02
2.833333333333333215e+01,-8.895676505595510875e-02
2.835416666666666430e+01,-8.919932829635930649e-02
2.837500000000000000e+01,-8.946735622223059292e-02
2.839583333333333215e+01,-8.979093838592318300e-02
2.841666666666666430e+01,-9.015253524790763084e-02
2.843750000000000000e+01,-9.052687470681695936e-02
2.845833333333333215e+01,-9.093420215091931047e-02
2.847916666666666430e+01,-9.139827652365332955e-02
2.850000000000000000e+01,-9.189435216615537971e-02
2.852083333333333215e+01,-9.238974951979757322e-02
2.854166666666666430e+01,-9.290079730319664164e-02
2.856250000000000000e+01,-9.345150628319663644e-02
2.858333333333333215e+01,-9.401771868814934319e-02
2.860416666666666430e+01,-9.456734575940177467e-02
2.862500000000000000e+01,-9.511733194089108667e-02
2.864583333333333215e+01,-9.569227259834900412e-02
2.866666666666666430e+01,-9.626864883370310488e-02
2.868750000000000000e+01,-9.681503574949915092e-02
2.870833333333333215e+01,-9.734872319154974640e-02
2.872916666666666430e+01,-9.789438506365960579e-02
2.875000000000000000e+01,-9.842879100860296715e-02
2.877083333333333215e+01,-9.892047891264958703e-02
2.879166666666666430e+01,-9.938663554168852832e-02
2.881250000000000000e+01,-9.985256311519591366e-02
2.883333333333333215e+01,-1.002954147205642188e-01
2.885416666666666430e+01,-1.006844095610553436e-01
2.887500000000000000e+01,-1.010379323188583672e-01
2.889583333333333215e+01,-1.013820116400040577e-01
2.891666666666666430e+01,-1.016942679521890269e-01
2.893750000000000000e+01,-1.019444016633051786e-01
2.895833333333333215e+01,-1.021514079801628949e-01
2.897916666666666430e+01,-1.023419498759174373e-01
2.900000000000000000e+01,-1.024945071907951283e-01
2.902083333333333215e+01,-1.025799312547839987e-01
2.904166666666666430e+01,-1.026182196118378409e-01
2.906250000000000000e+01,-1.026370322948277902e-01
2.908333333333333215e+01,-1.026163470819037860e-01
2.910416666666666430e+01,-1.025287790674496435e-01
2.912500000000000000e+01,-1.023956019456077476e-01
2.914583333333333215e+01,-1.022456355040444187e-01
2.916666666666666430e+01,-1.020600563234380781e-01
2.918750000000000000e+01,-1.018115360250940044e-01
2.920833333333333215e+01,-1.015205247265641292e-01
2.922916666666666430e+01,-1.012152192765470998e-01
2.925000000000000000e+01,-1.008759936629080034e-01
2.927083333333333215e+01,-1.004752718620194191e-01
2.929166666666666430e+01,-1.000344563240316148e-01
2.931250000000000000e+01,-9.958247193707096823e-02
2.933333333333333215e+01,-9.909970213992115584e-02
2.935416666666666430e+01,-9.855853083834771600e-02
2.937500000000000000e+01,-9.798044602533009795e-02
2.939583333333333215e+01,-9.739458975393679163e-02
2.941666666666666430e+01,-9.678188070504582796e-02
2.943750000000000000e+01,-9.611532705987042846e-02
2.945833333333333215e+01,-9.541717074664272935e-02
2.947916666666666430e+01,-9.471772551892480851e-02
2.950000000000000000e+01,-9.400040607245255253e-02
2.952083333333333215e+01,-9.324180533053302855e-02
2.954166666666666430e+01,-9.246706250146501105e-02
2.956250000000000000e+01,-9.170891599735503386e-02
2.958333333333333215e+01,-9.095200415901157076e-02
2.960416666666666430e+01,-9.017304466537091889e-02
2.962500000000000000e+01,-8.939771091925867441e-02
2.964583333333333215e+01,-8.865928796208294438e-02
2.966666666666666430e+01,-8.794290474643737254e-02
2.968750000000000000e+01,-8.722579358084553425e-02
2.970833333333333215e+01,-8.653414126299964482e-02
2.972916666666666430e+01,-8.590172291171989383e-02
2.975000000000000000e+01,-8.531426237784299482e-02
2.977083333333333215e+01,-8.474959469370152432e-02
2.979166666666666430e+01,-8.423427874302326368e-02
2.981250000000000000e+01,-8.380241320171433195e-02
2.983333333333333215e+01,-8.344018951317688781e-02
2.985416666666666430e+01,-8.312568414003701500e-02
2.987500000000000000e+01,-8.288510442231057651e-02
2.989583333333333215e+01,-8.275213337878922770e-02
2.991666666666666430e+01,-8.271241858165347127e-02
2.993750000000000000e+01,-8.274364814574937388e-02
2.995833333333333215e+01,-8.287249582475476883e-02
2.997916666666666430e+01,-8.313324925838738721e-02
3.000000000000000000e+01,-8.351188966850030260e-02
3.002083333333333215e+01,-8.398320645328091749e-02
3.004166666666666430e+01,-8.455399273428625129e-02
3.006250000000000000e+01,-8.522097786940829867e-02
3.008333333333333215e+01,-8.593507866978833398e-02
3.010416666666666430e+01,-8.664470075457958442e-02
3.012500000000000000e+01,-8.734777779701560774e-02
3.014583333333333215e+01,-8.805011308429201711e-02
3.016666666666666430e+01,-8.871121768516747330e-02
3.018750000000000000e+01,-8.928490489170115563e-02
3.020833333333333215e+01,-8.977496087755403031e-02
3.022916666666666430e+01,-9.019479410275214881e-02
3.025000000000000000e+01,-9.052329378545062588e-02
3.027083333333333215e+01,-9.074854859295933274e-02
3.029166666666666430e+01,-9.090904798714963264e-02
3.031250000000000000e+01,-9.105044352553276488e-02
3.033333333333333215e+01,-9.117044110650715516e-02
3.035416666666666430e+01,-9.125775995953866460e-02
3.037500000000000000e+01,-9.133850524380890401e-02
3.039583333333333215e+01,-9.143305303362461722e-02
3.041666666666666430e+01,-9.151246100123464067e-02
3.043750000000000000e+01,-9.153997121219739630e-02
3.045833333333333215e+01,-9.152883191442184874e-02
3.047916666666666430e+01,-9.150125689601185108e-02
3.050000000000000000e+01,-9.143196615329578225e-02
3.052083333333333215e+01,-9.128902768008427537e-02
3.054166666666666430e+01,-9.109048114963577691e-02
3.056250000000000000e+01,-9.086299160475182213e-02
3.058333333333333215e+01,-9.058727595609618322e-02
3.060416666666666430e+01,-9.023943643619436461e-02
3.062500000000000000e+01,-8.984545798097196001e-02
3.064583333333333215e+01,-8.943892353654703253e-02
3.066666666666666430e+01,-8.900582282586988470e-02
3.068750000000000000e+01,-8.852552542280488213e-02
3.070833333333333215e+01,-8.802735307567449707e-02
3.072916666666666430e+01,-8.754949184649982175e-02
3.075000000000000000e+01,-8.708291555747262047e-02
3.077083333333333215e+01,-8.661180615621001666e-02
3.079166666666666430e+01,-8.616959487703225451e-02
3.081250000000000000e+01,-8.579792194100137326e-02
3.083333333333333215e+01,-8.549049648531181766e-02
3.085416666666666430e+01,-8.523278543776369176e-02
3.087500000000000000e+01,-8.505827587575556792e-02
3.089583333333333215e+01,-8.500794975137551668e-02
3.091666666666666430e+01,-8.507451972412596874e-02
3.093750000000000000e+01,-8.523810401781413415e-02
3.095833333333333215e+01,-8.550819094061894166e-02
3.097916666666666430e+01,-8.588316173771895490e-02
3.100000000000000000e+01,-8.632213887209430614e-02
3.102083333333333215e+01,-8.679021959747983128e-02
3.104166666666666430e+01,-8.730337222151163257e-02
3.106250000000000000e+01,-8.788522009937832502e-02
3.108333333333333215e+01,-8.851063953589986821e-02
3.110416666666666430e+01,-8.914649134882196568e-02
3.112500000000000000e+01,-8.980904892579663623e-02
3.114583333333333215e+01,-9.052227088013459211e-02
3.116666666666666430e+01,-9.126176441917069337e-02
3.118750000000000000e+01,-9.199509081496901053e-02
3.120833333333333215e+01,-9.273549808833292385e-02
3.122916666666666430e+01,-9.349957426358763979e-02
3.125000000000000000e+01,-9.425540725874842485e-02
3.127083333333333215e+01,-9.496287849928075619e-02
3.129166666666666430e+01,-9.563022750437945307e-02
3.131250000000000000e+01,-9.627336338648290193e-02
3.133333333333333215e+01,-9.686039937816016965e-02
3.135416666666666430e+01,-9.735172871373898307e-02
3.137500000000000000e+01,-9.775651302929598552e-02
3.139583333333333215e+01,-9.809156304000819782e-02
3.141666666666666430e+01,-9.832584743592626131e-02
3.143750000000000000e+01,-9.842049015568964110e-02
3.145833333333333215e+01,-9.838531119249110946e-02
3.147916666666666430e+01,-9.824019492683357113e-02
3.150000000000000000e+01,-9.797724743070732045e-02
3.152083333333333215e+01,-9.760203861236976808e-02
3.154166666666666430e+01,-9.714999207834996986e-02
3.156250000000000000e+01,-9.664026849126129692e-02
3.158333333333333215e+01,-9.607315370386403097e-02
3.160416666666666430e+01,-9.547792214209972761e-02
3.162500000000000000e+01,-9.489106540203144646e-02
3.164583333333333215e+01,-9.430202135955109699e-02
3.166666666666666430e+01,-9.369421953681589255e-02
3.168750000000000000e+01,-9.310171960045846018e-02
3.170833333333333215e+01,-9.256968399180179330e-02
3.172916666666666430e+01,-9.209779348672920973e-02
3.175000000000000000e+01,-9.167943980153100969e-02
3.177083333333333215e+01,-9.133838639861979747e-02
3.179166666666666430e+01,-9.108286236112247969e-02
3.181250000000000000e+01,-9.088756525315215551e-02
3.183333333333333215e+01,-9.073976861586958986e-02
3.185416666666666430e+01,-9.065864200055603894e-02
3.187500000000000000e+01,-9.064732137039274718e-02
3.189583333333333215e+01,-9.068038326176555697e-02
3.191666666666666430e+01,-9.075037774501200361e-02
3.193750000000000000e+01,-9.086472006291665404e-02
3.195833333333333215e+01,-9.099571631133039629e-02
3.197916666666666430e+01,-9.111405809773338860e-02
3.200000000000000000e+01,-9.124250044711357255e-02
3.202083333333332860e+01,-9.141513991107905190e-02
3.204166666666666430e+01,-9.162054906011624089e-02
3.206250000000000000e+01,-9.184173898226377641e-02
3.208333333333332860e+01,-9.209495732447385563e-02
3.210416666666666430e+01,-9.238479825548615021e-02
3.212500000000000000e+01,-9.267675123215270150e-02
3.214583333333332860e+01,-9.294322918513105158e-02
3.216666666666666430e+01,-9.320962208237762447e-02
3.218750000000000000e+01,-9.351254586715837536e-02
3.220833333333332860e+01,-9.384281980400992207e-02
3.222916666666666430e+01,-9.417963798990738877e-02
3.225000000000000000e+01,-9.453270540769070918e-02
3.227083333333332860e+01,-9.490598814084515167e-02
3.229166666666666430e+01,-9.526178789025976923e-02
3.231250000000000000e+01,-9.556493520308249889e-02
3.233333333333332860e+01,-9.583276098554888156e-02
3.235416666666666430e+01,-9.609384671462027627e-02
3.237500000000000000e+01,-9.633137590731145894e-02
3.239583333333332860e+01,-9.652354832899998072e-02
3.241666666666666430e+01,-9.669739052026168902e-02
3.243750000000000000e+01,-9.688802761442737166e-02
3.245833333333332860e+01,-9.708462706965965971e-02
3.247916666666666430e+01,-9.727061866035774385e-02
3.250000000000000000e+01,-9.745915591205069062e-02
3.252083333333332860e+01,-9.764843716675616903e-02
3.254166666666666430e+01,-9.781413677139745577e-02
3.256250000000000000e+01,-9.795726752715380736e-02
3.258333333333332860e+01,-9.808707706989110153e-02
3.260416666666666430e+01,-9.816994314049579118e-02
3.262500000000000000e+01,-9.817039289822161729e-02
3.264583333333332860e+01,-9.810378835249523866e-02
3.266666666666666430e+01,-9.799528341299876266e-02
3.268750000000000000e+01,-9.782412684510835565e-02
3.270833333333332860e+01,-9.756373747566872423e-02
3.272916666666666430e+01,-9.723891316095294168e-02
3.275000000000000000e+01,-9.688500864859736494e-02
3.277083333333332860e+01,-9.649240579151124875e-02
3.279166666666666430e+01,-9.604691616909936946e-02
3.281250000000000000e+01,-9.558522323613596883e-02
3.283333333333332860e+01,-9.515399214633885050e-02
3.285416666666666430e+01,-9.475482760543835203e-02
3.287500000000000000e+01,-9.438204181669337944e-02
3.289583333333332860e+01,-9.405631266476401076e-02
3.291666666666666430e+01,-9.378084939476148685e-02
3.293750000000000000e+01,-9.353985390409051692e-02
3.295833333333332860e+01,-9.334648244010847196e-02
3.297916666666666430e+01,-9.322235911245445317e-02
3.300000000000000000e+01,-9.314363995118012107e-02
3.302083333333332860e+01,-9.308130697743942361e-02
3.304166666666666430e+01,-9.305714060528187670e-02
3.306250000000000000e+01,-9.310343898038944688e-02
3.308333333333332860e+01,-9.320605659068095794e-02
3.310416666666666430e+01,-9.334508388691005465e-02
3.312500000000000000e+01,-9.353305066949693658e-02
3.314583333333332860e+01,-9.377033375983140351e-02
3.316666666666666430e+01,-9.402223981481229453e-02
3.318750000000000000e+01,-9.426492381185531955e-02
3.320833333333332860e+01,-9.451861044058018635e-02
3.322916666666666430e+01,-9.480352081968464184e-02
3.325000000000000000e+01,-9.509309875728902406e-02
3.327083333333332860e+01,-9.535616769671777238e-02
3.329166666666666430e+01,-9.561342491629749862e-02
3.331250000000000000e+01,-9.589695576117383824e-02
3.333333333333332860e+01,-9.619330605067114015e-02
3.335416666666666430e+01,-9.648333355343619022e-02
3.337500000000000000e+01,-9.677877533337425620e-02
3.339583333333332860e+01,-9.707748900375524903e-02
3.341666666666666430e+01,-9.734905646456890049e-02
3.343750000000000000e+01,-9.758196478521199979e-02
3.345833333333332860e+01,-9.778690052586944126e-02
3.347916666666666430e+01,-9.794802586075179729e-02
3.350000000000000000e+01,-9.804670230750767157e-02
3.352083333333332860e+01,-9.811154641366272300e-02
3.354166666666666430e+01,-9.817612235783640395e-02
3.356250000000000000e+01,-9.822801373788464518e-02
3.358333333333332860e+01,-9.824935470921417058e-02
3.360416666666666430e+01,-9.826302147689318367e-02
3.362500000000000000e+01,-9.828869890071222082e-02
3.364583333333332860e+01,-9.829942218043589974e-02
3.366666666666666430e+01,-9.826366794157367912e-02
3.368750000000000000e+01,-9.820160347576487037e-02
3.370833333333332860e+01,-9.814404300962739636e-02
3.372916666666666430e+01,-9.807692520011059012e-02
3.375000000000000000e+01,-9.798150691435404680e-02
3.377083333333332860e+01,-9.788549950979974490e-02
3.379166666666666430e+01,-9.782102420516354535e-02
3.381250000000000000e+01,-9.777474629686036534e-02
3.383333333333332860e+01,-9.772770709932968036e-02
3.385416666666666430e+01,-9.769998822586442588e-02
3.387500000000000000e+01,-9.770747351066827457e-02
3.389583333333332860e+01,-9.771923897793327596e-02
3.391666666666666430e+01,-9.769964165672179179e-02
3.393750000000000000e+01,-9.766517039800372280e-02
3.395833333333332860e+01,-9.764331298735785813e-02
3.397916666666666430e+01,-9.761627610148601586e-02
3.400000000000000000e+01,-9.756170468943958785e-02
3.402083333333332860e+01,-9.750891401889870413e-02
3.404166666666666430e+01,-9.749751323043634454e-02
3.406250000000000000e+01,-9.752114156939417633e-02
3.408333333333332860e+01,-9.755863062050366963e-02
3.410416666666666430e+01,-9.762093352953142567e-02
3.412500000000000000e+01,-9.771888528020281073e-02
3.414583333333332860e+01,-9.781710500759439875e-02
3.416666666666666430e+01,-9.787565542342237246e-02
3.418750000000000000e+01,-9.790583621061924036e-02
3.420833333333332860e+01,-9.792913567681700571e-02
3.422916666666666430e+01,-9.792207363019482524e-02
3.425000000000000000e+01,-9.785655075793653346e-02
3.427083333333332860e+01,-9.775536974381440758e-02
3.429166666666666430e+01,-9.765160338826833764e-02
3.431250000000000000e+01,-9.753330626230607980e-02
3.433333333333332860e+01,-9.738345679374897645e-02
3.435416666666666430e+01,-9.723204202012893094e-02
3.437500000000000000e+01,-9.711370852595005432e-02
3.439583333333332860e+01,-9.701689917284853082e-02
3.441666666666666430e+01,-9.692412143316952999e-02
3.443750000000000000e+01,-9.685461826528285467e-02
3.445833333333332860e+01,-9.681966411131202876e-02
3.447916666666666430e+01,-9.678237437998954418e-02
3.450000000000000000e+01,-9.670028568181041062e-02
3.452083333333332860e+01,-9.658246261676559086e-02
3.454166666666666430e+01,-9.644825836180728751e-02
3.456250000000000000e+01,-9.627184524666455856e-02
3.458333333333332860e+01,-9.602290008362844576e-02
3.460416666666666430e+01,-9.572254667729801492e-02
3.462500000000000000e+01,-9.540237055534257771e-02
3.464583333333332860e+01,-9.504904664084778965e-02
3.466666666666666430e+01,-9.464427869551281236e-02
3.468750000000000000e+01,-9.422042155106262473e-02
3.470833333333332860e+01,-9.382021467497360379e-02
3.472916666666666430e+01,-9.344140662735744840e-02
3.475000000000000000e+01,-9.307595061568421646e-02
3.477083333333332860e+01,-9.275031578051405601e-02
3.479166666666666430e+01,-9.248045235908154693e-02
3.481250000000000000e+01,-9.223531025035082431e-02
3.483333333333332860e+01,-9.197945466601235853e-02
3.485416666666666430e+01,-9.172903319651209975e-02
3.487500000000000000e+01,-9.151092672363594915e-02
3.489583333333332860e+01,-9.130732239623592927e-02
3.491666666666666430e+01,-9.109596734767147486e-02
3.493750000000000000e+01,-9.090513676085454353e-02
3.495833333333332860e+01,-9.077291203684322018e-02
3.497916666666666430e+01,-9.069235073967733818e-02
3.500000000000000000e+01,-9.065026980085502673e-02
3.502083333333332860e+01,-9.066239435917251843e-02
3.504166666666666430e+01,-9.072805950315800116e-02
3.506250000000000000e+01,-9.082190123005648430e-02
3.508333333333332860e+01,-9.094073764341924215e-02
3.510416666666666430e+01,-9.109010394300720570e-02
3.512500000000000000e+01,-9.123858852648655815e-02
3.514583333333332860e+01,-9.136080444285010760e-02
3.516666666666666430e+01,-9.148428598147465007e-02
3.518750000000000000e+01,-9.164803498072821020e-02
3.520833333333332860e+01,-9.184520591810163559e-02
3.522916666666666430e+01,-9.205656886684993045e-02
3.525000000000000000e+01,-9.229311498490470889e-02
3.527083333333332860e+01,-9.256063881140497163e-02
3.529166666666666430e+01,-9.282156566897221961e-02
3.531250000000000000e+01,-9.303797599392850393e-02
3.533333333333332860e+01,-9.322393358964746468e-02
3.535416666666666430e+01,-9.340513567680820695e-02
3.537500000000000000e+01,-9.356169789879204002e-02
3.539583333333332860e+01,-9.366882197927328679e-02
3.541666666666666430e+01,-9.375355589594716599e-02
3.543750000000000000e+01,-9.385463419179286559e-02
3.545833333333332860e+01,-9.396503198381894739e-02
3.547916666666666430e+01,-9.407003052147752675e-02
3.550000000000000000e+01,-9.418674291772625995e-02
3.552083333333332860e+01,-9.432076704412763191e-02
3.554166666666666430e+01,-9.443795604042148906e-02
3.556250000000000000e+01,-9.451008132574306719e-02
3.558333333333332860e+01,-9.456056636042675656e-02
3.560416666666666430e+01,-9.462250625229859380e-02
3.562500000000000000e+01,-9.468139854028537195e-02
3.564583333333332860e+01,-9.471518428611978846e-02
3.566666666666666430e+01,-9.474943317371918583e-02
3.568750000000000000e+01,-9.481652337677255737e-02
3.570833333333332860e+01,-9.489946287194177266e-02
3.572916666666666430e+01,-9.497327294420745969e-02
3.575000000000000000e+01,-9.506113473521572710e-02
3.577083333333332860e+01,-9.519417576080525800e-02
3.579166666666666430e+01,-9.535473650189288386e-02
3.581250000000000000e+01,-9.551730014660102241e-02
3.583333333333332860e+01,-9.569904542581188223e-02
3.585416666666666430e+01,-9.591920471054195263e-02
3.587500000000000000e+01,-9.614764796416656878e-02
3.589583333333332860e+01,-9.634577118284921859e-02
3.591666666666666430e+01,-9.652342492518425909e-02
3.593750000000000000e+01,-9.669851667280351948e-02
3.595833333333332860e+01,-9.683960743178707253e-02
3.597916666666666430e+01,-9.690763861457656059e-02
3.600000000000000000e+01,-9.691153959040718635e-02
3.602083333333332860e+01,-9.686774445936476019e-02
3.604166666666666430e+01,-9.674861417785564355e-02
3.606250000000000000e+01,-9.652545354409008960e-02
3.608333333333332860e+01,-9.621878619828017065e-02
3.610416666666666430e+01,-9.585714433492441289e-02
3.612500000000000000e+01,-9.541972637580549421e-02
3.614583333333332860e+01,-9.487803490804777584e-02
3.616666666666666430e+01,-9.425199914757499686e-02
3.618750000000000000e+01,-9.357048427527230039e-02
3.620833333333332860e+01,-9.282875403728065022e-02
3.622916666666666430e+01,-9.203329735098488007e-02
3.625000000000000000e+01,-9.122813758831212205e-02
3.627083333333332860e+01,-9.044896076346238545e-02
3.629166666666666430e+01,-8.967992713955681705e-02
3.631250000000000000e+01,-8.889679435766614790e-02
3.633333333333332860e+01,-8.812351730456483012e-02
3.635416666666666430e+01,-8.739215082830147086e-02
3.637500000000000000e+01,-8.668601039673816400e-02
3.639583333333332860e+01,-8.598076929084814968e-02
3.641666666666666430e+01,-8.529935496443759313e-02
3.643750000000000000e+01,-8.467139435173870465e-02
3.645833333333332860e+01,-8.407703010087033690e-02
3.647916666666666430e+01,-8.348793224990488926e-02
3.650000000000000000e+01,-8.292375445408528556e-02
3.652083333333332860e+01,-8.241210417135007293e-02
3.654166666666666430e+01,-8.193334712254668473e-02
3.656250000000000000e+01,-8.146227583800769168e-02
3.658333333333332860e+01,-8.102102275868654224e-02
3.660416666666666430e+01,-8.063885351839331084e-02
3.662500000000000000e+01,-8.029653276586624921e-02
3.664583333333332860e+01,-7.996684956393308730e-02
3.666666666666666430e+01,-7.967009977966886536e-02
3.668750000000000000e+01,-7.943454661231126590e-02
3.670833333333332860e+01,-7.924020146429934519e-02
3.672916666666666430e+01,-7.905948540214700893e-02
3.675000000000000000e+01,-7.891230540868862664e-02
3.677083333333332860e+01,-7.882660048041670309e-02
3.679166666666666430e+01,-7.878116544672950083e-02
3.681250000000000000e+01,-7.874594648351779247e-02
3.683333333333332860e+01,-7.873856414565033601e-02
3.685416666666666430e+01,-7.878420548642273147e-02
3.687500000000000000e+01,-7.885916419232019692e-02
3.689583333333332860e+01,-7.893213831359281729e-02
3.691666666666666430e+01,-7.901989165918708868e-02
3.693750000000000000e+01,-7.914706439294623419e-02
3.695833333333332860e+01,-7.928940365139047763e-02
3.697916666666666430e+01,-7.941506984377537381e-02
3.700000000000000000e+01,-7.954021397997185217e-02
3.702083333333332860e+01,-7.968881892443978321e-02
3.704166666666666430e+01,-7.983612110593216182e-02
3.706250000000000000e+01,-7.994977354946591896e-02
3.708333333333332860e+01,-8.004437399314344448e-02
3.710416666666666430e+01,-8.014211414832289604e-02
3.712500000000000000e+01,-8.022186189526916977e-02
3.714583333333332860e+01,-8.026050474578418081e-02
3.716666666666666430e+01,-8.028339845210689940e-02
3.718750000000000000e+01,-8.032382886646244335e-02
3.720833333333332860e+01,-8.036611407613257485e-02
3.722916666666666430e+01,-8.038683806920553232e-02
3.725000000000000000e+01,-8.041085020240595904e-02
3.727083333333332860e+01,-8.047098252451460876e-02
3.729166666666666430e+01,-8.055078168313316300e-02
3.731250000000000000e+01,-8.062610530540374743e-02
3.733333333333332860e+01,-8.072138942818719853e-02
3.735416666666666430e+01,-8.086906300636827194e-02
3.737500000000000000e+01,-8.105217076613192850e-02
3.739583333333332860e+01,-8.124604751866097707e-02
3.741666666666666430e+01,-8.147451948985931502e-02
3.743750000000000000e+01,-8.176936568715229003e-02
3.745833333333332860e+01,-8.211311602019036315e-02
3.747916666666666430e+01,-8.248064288342187023e-02
3.750000000000000000e+01,-8.289509619734249102e-02
3.752083333333332860e+01,-8.338751355467428905e-02
3.754166666666666430e+01,-8.393999555913975175e-02
3.756250000000000000e+01,-8.452656076439907240e-02
3.758333333333332860e+01,-8.516070795857803855e-02
3.760416666666666430e+01,-8.585402491504755262e-02
3.762500000000000000e+01,-8.656902730484787589e-02
3.764583333333332860e+01,-8.726066725454917350e-02
3.766666666666666430e+01,-8.793223263696380021e-02
3.768750000000000000e+01,-8.859503987424903471e-02
3.770833333333332860e+01,-8.921108179241726832e-02
3.772916666666666430e+01,-8.973449235833209914e-02
3.775000000000000000e+01,-9.016795734691539221e-02
3.777083333333332860e+01,-9.052337490291460786e-02
3.779166666666666430e+01,-9.078260674215450632e-02
3.781250000000000000e+01,-9.094308252381845536e-02
3.783333333333332860e+01,-9.103410900946075357e-02
3.785416666666666430e+01,-9.107026141784003992e-02
3.787500000000000000e+01,-9.103912189360602314e-02
3.789583333333332860e+01,-9.094952785150620111e-02
3.791666666666666430e+01,-9.082033045367510216e-02
3.793750000000000000e+01,-9.063739710971398245e-02
3.795833333333332860e+01,-9.039012765940175609e-02
3.797916666666666430e+01,-9.011730001218444530e-02
3.800000000000000000e+01,-8.986544460864769046e-02
3.802083333333332860e+01,-8.963255101988881757e-02
3.804166666666666430e+01,-8.940742678585350545e-02
3.806250000000000000e+01,-8.921946755957160802e-02
3.808333333333332860e+01,-8.909560836726473920e-02
3.810416666666666430e+01,-8.901320184491641474e-02
3.812500000000000000e+01,-8.894083285792658833e-02
3.814583333333332860e+01,-8.889545485257549506e-02
3.816666666666666430e+01,-8.890167499509138427e-02
3.818750000000000000e+01,-8.893563435916644611e-02
3.820833333333332860e+01,-8.896433594133955347e-02
3.822916666666666430e+01,-8.900276174528108653e-02
3.825000000000000000e+01,-8.907372228457455243e-02
3.827083333333332860e+01,-8.915158837630374200e-02
3.829166666666666430e+01,-8.920202224763615351e-02
3.831250000000000000e+01,-8.923935264374464882e-02
3.833333333333332860e+01,-8.928565852070970144e-02
3.835416666666666430e+01,-8.931459850374703913e-02
3.837500000000000000e+01,-8.929098004137965561e-02
3.839583333333332860e+01,-8.922795139388987884e-02
3.841666666666666430e+01,-8.914667011568812305e-02
3.843750000000000000e+01,-8.902416410368899080e-02
3.845833333333332860e+01,-8.883337959520933025e-02
3.847916666666666430e+01,-8.859559470965271133e-02
3.850000000000000000e+01,-8.834013488934949754e-02
3.852083333333332860e+01,-8.804785883418896064e-02
3.854166666666666430e+01,-8.769070401953023286e-02
3.856250000000000000e+01,-8.728924780909071146e-02
3.858333333333332860e+01,-8.687239466081413120e-02
3.860416666666666430e+01,-8.642802152821782435e-02
3.862500000000000000e+01,-8.594457927518853180e-02
3.864583333333332860e+01,-8.546014327262858867e-02
3.866666666666666430e+01,-8.502044767706498640e-02
3.868750000000000000e+01,-8.462269725309069790e-02
3.870833333333332860e+01,-8.425506220732338625e-02
3.872916666666666430e+01,-8.395380319371641142e-02
3.875000000000000000e+01,-8.376286966891760555e-02
3.877083333333332860e+01,-8.367770673102327417e-02
3.879166666666666430e+01,-8.368358589977936690e-02
3.881250000000000000e+01,-8.379396462722585315e-02
3.883333333333332860e+01,-8.400612792296766052e-02
3.885416666666666430e+01,-8.428898424645250853e-02
3.887500000000000000e+01,-8.462882591839977764e-02
3.889583333333332860e+01,-8.502886811625731678e-02
3.891666666666666430e+01,-8.545986513820116870e-02
3.893750000000000000e+01,-8.588666822425176928e-02
3.895833333333332860e+01,-8.632180718155384180e-02
3.897916666666666430e+01,-8.678570671834233419e-02
3.900000000000000000e+01,-8.725029877501676301e-02
3.902083333333332860e+01,-8.767994182607456721e-02
3.904166666666666430e+01,-8.808670502153619075e-02
3.906250000000000000e+01,-8.849058138452431388e-02
3.908333333333332860e+01,-8.886316611108947827e-02
3.910416666666666430e+01,-8.916851737595209160e-02
3.912500000000000000e+01,-8.941836244208987983e-02
3.914583333333332860e+01,-8.963254519981608825e-02
3.916666666666666430e+01,-8.978335053504712948e-02
3.918750000000000000e+01,-8.983615935073818726e-02
3.920833333333332860e+01,-8.980413682049186164e-02
3.922916666666666430e+01,-8.970935953720518552e-02
3.925000000000000000e+01,-8.954164405970917173e-02
3.927083333333332860e+01,-8.930292714334384097e-02
3.929166666666666430e+01,-8.903034441338952831e-02
3.931250000000000000e+01,-8.875087565543815504e-02
3.933333333333332860e+01,-8.844663372402804258e-02
3.935416666666666430e+01,-8.809941821270204920e-02
3.937500000000000000e+01,-8.774019997373355695e-02
3.939583333333332860e+01,-8.740762372276890402e-02
3.941666666666666430e+01,-8.709091448796429935e-02
3.943750000000000000e+01,-8.677158978464337424e-02
3.945833333333332860e+01,-8.647859661575293955e-02
3.947916666666666430e+01,-8.624766818648760269e-02
3.950000000000000000e+01,-8.606543790294328422e-02
3.952083333333332860e+01,-8.591061821430540091e-02
3.954166666666666430e+01,-8.580969274840642702e-02
3.956250000000000000e+01,-8.579732699863511225e-02
3.958333333333332860e+01,-8.585990717926790528e-02
3.960416666666666430e+01,-8.597598254349593516e-02
3.962500000000000000e+01,-8.616902270870956115e-02
3.964583333333332860e+01,-8.646673052474952714e-02
3.966666666666666430e+01,-8.684774744758076703e-02
3.968750000000000000e+01,-8.728288796667443838e-02
3.970833333333332860e+01,-8.778714131249533426e-02
3.972916666666666430e+01,-8.837876024711077694e-02
3.975000000000000000e+01,-8.902691090316475209e-02
3.977083333333332860e+01,-8.969321407377406352e-02
3.979166666666666430e+01,-9.038701361446073446e-02
3.981250000000000000e+01,-9.112594858008270238e-02
3.983333333333332860e+01,-9.187962514433248296e-02
3.985416666666666430e+01,-9.261003981361136395e-02
3.987500000000000000e+01,-9.332712668511732035e-02
3.989583333333332860e+01,-9.404878142049573342e-02
3.991666666666666430e+01,-9.474402774727586074e-02
3.993750000000000000e+01,-9.537424732641450187e-02
3.995833333333332860e+01,-9.594905934694228367e-02
3.997916666666666430e+01,-9.648606807216426884e-02
4.000000000000000000e+01,-9.695378276530476624e-02
4.002083333333332860e+01,-9.731307240366873779e-02
4.004166666666666430e+01,-9.757311471916450818e-02
4.006250000000000000e+01,-9.775126123079659612e-02
4.008333333333332860e+01,-9.781959265254142055e-02
4.010416666666666430e+01,-9.774741333534638088e-02
4.012500000000000000e+01,-9.755243359416314319e-02
4.014583333333332860e+01,-9.726063044682653480e-02
4.016666666666666430e+01,-9.686004175480758538e-02
4.018750000000000000e+01,-9.634480657215443999e-02
4.020833333333332860e+01,-9.575846943062822636e-02
4.022916666666666430e+01,-9.515259876522393079e-02
4.025000000000000000e+01,-9.453039546267807958e-02
4.027083333333332860e+01,-9.388730512133044992e-02
4.029166666666666430e+01,-9.326463154246744658e-02
4.031250000000000000e+01,-9.270919847278184800e-02
4.033333333333332860e+01,-9.221887393600378124e-02
4.035416666666666430e+01,-9.178291854864582822e-02
4.037500000000000000e+01,-9.142412177811566620e-02
4.039583333333332860e+01,-9.115579820730809746e-02
4.041666666666666430e+01,-9.094314983209370040e-02
4.043750000000000000e+01,-9.074638628982160948e-02
4.045833333333332860e+01,-9.057243680775006744e-02
4.047916666666666430e+01,-9.043423452021225051e-02
4.050000000000000000e+01,-9.030310705422539552e-02
4.052083333333332860e+01,-9.015188539141245905e-02
4.054166666666666430e+01,-9.000051009233990540e-02
4.056250000000000000e+01,-8.987338927433170810e-02
4.058333333333332860e+01,-8.974292518697103704e-02
4.060416666666666430e+01,-8.957033450954267340e-02
4.062500000000000000e+01,-8.936287042092516675e-02
4.064583333333332860e+01,-8.913797283024139928e-02
4.066666666666666430e+01,-8.888219255114682138e-02
4.068750000000000000e+01,-8.859015133662961894e-02
4.070833333333332860e+01,-8.830048511775301368e-02
4.072916666666666430e+01,-8.805129454289731261e-02
4.075000000000000000e+01,-8.782812937053531555e-02
4.077083333333332860e+01,-8.760614599616012299e-02
4.079166666666666430e+01,-8.740669562647264412e-02
4.081250000000000000e+01,-8.725526020196727739e-02
4.083333333333332860e+01,-8.712558017031636626e-02
4.085416666666666430e+01,-8.698054992284946774e-02
4.087500000000000000e+01,-8.682848023370862145e-02
4.089583333333332860e+01,-8.668286454558138399e-02
4.091666666666666430e+01,-8.652632698589639293e-02
4.093750000000000000e+01,-8.635588334944759026e-02
4.095833333333332860e+01,-8.619975694892359486e-02
4.097916666666666430e+01,-8.607015493234697334e-02
4.100000000000000000e+01,-8.594932829895257642e-02
4.102083333333332860e+01,-8.583700547182471219e-02
4.104166666666666430e+01,-8.575045880381004793e-02
4.106250000000000000e+01,-8.567591061976104205e-02
4.108333333333332860e+01,-8.559206569783228691e-02
4.110416666666666430e+01,-8.552376054330582122e-02
4.112500000000000000e+01,-8.550108406738567146e-02
4.114583333333332860e+01,-8.550186038709314817e-02
4.116666666666666430e+01,-8.549309128941270930e-02
4.118750000000000000e+01,-8.548714340310233084e-02
4.120833333333332860e+01,-8.550202873946002868e-02
4.122916666666666430e+01,-8.550981585307754207e-02
4.125000000000000000e+01,-8.547786261630968552e-02
4.127083333333332860e+01,-8.541917669013519843e-02
4.129166666666666430e+01,-8.535236045765774715e-02
4.131250000000000000e+01,-8.525998936545782503e-02
4.133333333333332860e+01,-8.513334668158908936e-02
4.135416666666666430e+01,-8.501072625853517417e-02
4.137500000000000000e+01,-8.493517010966102065e-02
4.139583333333332860e+01,-8.489903089530013991e-02
4.141666666666666430e+01,-8.488470016967154808e-02
4.143750000000000000e+01,-8.492067040335168904e-02
4.145833333333332860e+01,-8.504122255958930510e-02
4.147916666666666430e+01,-8.522902137619932372e-02
4.150000000000000000e+01,-8.545613401907226070e-02
4.152083333333332860e+01,-8.573982712022151786e-02
4.154166666666666430e+01,-8.610195565316697275e-02
4.156250000000000000e+01,-8.651300515602529384e-02
4.158333333333332860e+01,-8.693319969633281352e-02
4.160416666666666430e+01,-8.736795072112611693e-02
4.162500000000000000e+01,-8.782735896758907257e-02
4.164583333333332860e+01,-8.826973550453842687e-02
4.166666666666666430e+01,-8.864263299636324089e-02
4.168750000000000000e+01,-8.893983422442867937e-02
4.170833333333332860e+01,-8.918140267898488904e-02
4.172916666666666430e+01,-8.936375282589799351e-02
4.175000000000000000e+01,-8.947631182911475189e-02
4.177083333333332860e+01,-8.955357935692272175e-02
4.179166666666666430e+01,-8.963478549655982952e-02
4.181250000000000000e+01,-8.970712624679984259e-02
4.183333333333332860e+01,-8.974679549991977645e-02
4.185416666666666430e+01,-8.977556006738954264e-02
4.187500000000000000e+01,-8.982008208202860167e-02
4.189583333333332860e+01,-8.985499575951683138e-02
4.191666666666666430e+01,-8.984439568294387557e-02
4.193750000000000000e+01,-8.979771517124413016e-02
4.195833333333332860e+01,-8.973025755512128998e-02
4.197916666666666430e+01,-8.962441191904420290e-02
4.200000000000000000e+01,-8.947448397314403112e-02
4.202083333333332860e+01,-8.931402560858824058e-02
4.204166666666666430e+01,-8.917086348401971618e-02
4.206250000000000000e+01,-8.902062883144866434e-02
4.208333333333332860e+01,-8.882887566928585055e-02
4.210416666666666430e+01,-8.860609266747469792e-02
4.212500000000000000e+01,-8.836877739022458433e-02
4.214583333333332860e+01,-8.810528640696461966e-02
4.216666666666666430e+01,-8.782086269095891462e-02
4.218750000000000000e+01,-8.754036996890314504e-02
4.220833333333332860e+01,-8.726047949583987107e-02
4.222916666666666430e+01,-8.696994425943038731e-02
4.225000000000000000e+01,-8.670340180151753229e-02
4.227083333333332860e+01,-8.649948121038698867e-02
4.229166666666666430e+01,-8.634500812727505248e-02
4.231250000000000000e+01,-8.621593899780802261e-02
4.233333333333332860e+01,-8.613365116159694967e-02
4.235416666666666430e+01,-8.612355167279645007e-02
4.237500000000000000e+01,-8.615930593136977844e-02
4.239583333333332860e+01,-8.620368325232047324e-02
4.241666666666666430e+01,-8.626489403901788089e-02
4.243750000000000000e+01,-8.635584885303979052e-02
4.245833333333332860e+01,-8.644763347338300929e-02
4.247916666666666430e+01,-8.651272531288757561e-02
4.250000000000000000e+01,-8.657038848027155675e-02
4.252083333333332860e+01,-8.664480327888884892e-02
4.254166666666666430e+01,-8.670910398463407831e-02
4.256250000000000000e+01,-8.672544793039642375e-02
4.258333333333332860e+01,-8.670192685244373920e-02
4.260416666666666430e+01,-8.665479678715187761e-02
4.262500000000000000e+01,-8.657100272086223902e-02
4.264583333333332860e+01,-8.645034491508481189e-02
4.266666666666666430e+01,-8.632365706839373320e-02
4.268750000000000000e+01,-8.620545484121799884e-02
4.270833333333332860e+01,-8.608071900208283389e-02
4.272916666666666430e+01,-8.595199943222896211e-02
4.275000000000000000e+01,-8.583929942894515108e-02
4.277083333333332860e+01,-8.573129680699435873e-02
4.279166666666666430e+01,-8.560846936927543616e-02
4.281250000000000000e+01,-8.549617276872584215e-02
4.283333333333332860e+01,-8.542419275183542327e-02
4.285416666666666430e+01,-8.537181011860263402e-02
4.287500000000000000e+01,-8.530853145012290417e-02
4.289583333333332860e+01,-8.524917734082480825e-02
4.291666666666666430e+01,-8.521404589376622984e-02
4.293750000000000000e+01,-8.517631456343979779e-02
4.295833333333332860e+01,-8.510405602432974392e-02
4.297916666666666430e+01,-8.501118974820755236e-02
4.300000000000000000e+01,-8.491718509473734910e-02
4.302083333333332860e+01,-8.480534557098239057e-02
4.304166666666666430e+01,-8.466809572304874465e-02
4.306250000000000000e+01,-8.454410997818266604e-02
4.308333333333332860e+01,-8.447538592051120898e-02
4.310416666666666430e+01,-8.445265542146561388e-02
4.312500000000000000e+01,-8.445636855340417359e-02
4.314583333333332860e+01,-8.451263749591227115e-02
4.316666666666666430e+01,-8.465240218132419336e-02
4.318750000000000000e+01,-8.485411852062399451e-02
4.320833333333332860e+01,-8.508510395090208844e-02
4.322916666666666430e+01,-8.535818285126194060e-02
4.325000000000000000e+01,-8.569082883116399540e-02
4.327083333333332860e+01,-8.604826013913186022e-02
4.329166666666666430e+01,-8.638487511127680707e-02
4.331250000000000000e+01,-8.670045267469697614e-02
4.333333333333332860e+01,-8.700139894833089360e-02
4.335416666666666430e+01,-8.726811679908282049e-02
4.337500000000000000e+01,-8.749969572177418442e-02
4.339583333333332860e+01,-8.771048493698571646e-02
4.341666666666666430e+01,-8.788203894882699874e-02
4.343750000000000000e+01,-8.798895689022026567e-02
4.345833333333332860e+01,-8.805202292618448390e-02
4.347916666666666430e+01,-8.809619790969008823e-02
4.350000000000000000e+01,-8.809467403838250332e-02
4.352083333333332860e+01,-8.800946808343704242e-02
4.354166666666666430e+01,-8.784901296107457125e-02
4.356250000000000000e+01,-8.764182026170437567e-02
4.358333333333332860e+01,-8.738424894292348699e-02
4.360416666666666430e+01,-8.706344836022733569e-02
4.362500000000000000e+01,-8.671215410397895007e-02
4.364583333333332860e+01,-8.636737486614018411e-02
4.366666666666666430e+01,-8.601419189278713961e-02
4.368750000000000000e+01,-8.562716779702102265e-02
4.370833333333332860e+01,-8.522695390756467038e-02
4.372916666666666430e+01,-8.483914723416810522e-02
4.375000000000000000e+01,-8.445038637635145229e-02
4.377083333333332860e+01,-8.405220847223200675e-02
4.379166666666666430e+01,-8.368326216749497060e-02
4.381250000000000000e+01,-8.338738913243420869e-02
4.383333333333332860e+01,-8.315718495409123168e-02
4.385416666666666430e+01,-8.297377592323126883e-02
4.387500000000000000e+01,-8.286391516412794367e-02
4.389583333333332860e+01,-8.285862901740401187e-02
4.391666666666666430e+01,-8.293691581893088138e-02
4.393750000000000000e+01,-8.306767912216492245e-02
4.395833333333332860e+01,-8.326605965803439424e-02
4.397916666666666430e+01,-8.355153759556015192e-02
4.400000000000000000e+01,-8.389193631521718597e-02
4.402083333333332860e+01,-8.424384416898490768e-02
4.404166666666666430e+01,-8.460940688118778752e-02
4.406250000000000000e+01,-8.499616270073910573e-02
4.408333333333332860e+01,-8.537238441960398605e-02
4.410416666666666430e+01,-8.571042179012937356e-02
4.412500000000000000e+01,-8.602981079004268228e-02
4.414583333333332860e+01,-8.635490023446344698e-02
4.416666666666666430e+01,-8.665840791038664781e-02
4.418750000000000000e+01,-8.690263605476242215e-02
4.420833333333332860e+01,-8.709673098074557918e-02
4.422916666666666430e+01,-8.725682950886308464e-02
4.425000000000000000e+01,-8.736389175835226895e-02
4.427083333333332860e+01,-8.740772578451626307e-02
4.429166666666666430e+01,-8.742741700313839959e-02
4.431250000000000000e+01,-8.746929146239332264e-02
4.433333333333332860e+01,-8.753119281025729947e-02
4.435416666666666430e+01,-8.760265320079801965e-02
4.437500000000000000e+01,-8.770710613323270954e-02
4.439583333333332860e+01,-8.785680978236391769e-02
4.441666666666666430e+01,-8.802051787977811792e-02
4.443750000000000000e+01,-8.816738418535692567e-02
4.445833333333332860e+01,-8.831708446453559458e-02
4.447916666666666430e+01,-8.849795221671964696e-02
4.450000000000000000e+01,-8.869066157836082154e-02
4.452083333333332860e+01,-8.886887053592060215e-02
4.454166666666666430e+01,-8.905523968774296806e-02
4.456250000000000000e+01,-8.927998341430050389e-02
4.458333333333332860e+01,-8.952541036481385939e-02
4.460416666666666430e+01,-8.976539099455069226e-02
4.462500000000000000e+01,-9.002222634636153353e-02
4.464583333333332860e+01,-9.032625270658035943e-02
4.466666666666666430e+01,-9.065916685496942795e-02
4.468750000000000000e+01,-9.099466327988021963e-02
4.470833333333332860e+01,-9.135576512225919432e-02
4.472916666666666430e+01,-9.177312047405218609e-02
4.475000000000000000e+01,-9.222912658174488298e-02
4.477083333333332860e+01,-9.269791179964148586e-02
4.479166666666666430e+01,-9.319237563909324451e-02
4.481250000000000000e+01,-9.371993519725903277e-02
4.483333333333332860e+01,-9.423871986213587515e-02
4.485416666666666430e+01,-9.469947026392107337e-02
4.487500000000000000e+01,-9.510190869613739661e-02
4.489583333333332860e+01,-9.545403317403007570e-02
4.491666666666666430e+01,-9.572632490148326456e-02
4.493750000000000000e+01,-9.589418302502253355e-02
4.495833333333332860e+01,-9.598281946765821471e-02
4.497916666666666430e+01,-9.602504564096960016e-02
4.500000000000000000e+01,-9.600595420780431988e-02
4.502083333333332860e+01,-9.590264740694008638e-02
4.504166666666666430e+01,-9.574055671221851083e-02
4.506250000000000000e+01,-9.555270606612492612e-02
4.508333333333332860e+01,-9.532475874829351992e-02
4.510416666666666430e+01,-9.503460452469268682e-02
4.512500000000000000e+01,-9.470823669303392311e-02
4.514583333333332860e+01,-9.437926742985400241e-02
4.516666666666666430e+01,-9.403377515373906315e-02
4.518750000000000000e+01,-9.364994462753910287e-02
4.520833333333332860e+01,-9.325430530561558407e-02
4.522916666666666430e+01,-9.288095507606221324e-02
4.525000000000000000e+01,-9.251643119612629196e-02
4.527083333333332860e+01,-9.213922710716758446e-02
4.529166666666666430e+01,-9.177656282886316463e-02
4.531250000000000000e+01,-9.146393844180139565e-02
4.533333333333332860e+01,-9.118903367234340585e-02
4.535416666666666430e+01,-9.093163260017372851e-02
4.537500000000000000e+01,-9.072027863851871154e-02
4.539583333333332860e+01,-9.059108341390686991e-02
4.541666666666666430e+01,-9.053221663744562275e-02
4.543750000000000000e+01,-9.052340504713975167e-02
4.545833333333332860e+01,-9.058366557854373446e-02
4.547916666666666430e+01,-9.072770386696764333e-02
4.550000000000000000e+01,-9.092108620980199341e-02
4.552083333333332860e+01,-9.112136282930961839e-02
4.554166666666666430e+01,-9.133446655826517324e-02
4.556250000000000000e+01,-9.157392559188359815e-02
4.558333333333332860e+01,-9.180535048552265764e-02
4.560416666666666430e+01,-9.198649819264929917e-02
4.562500000000000000e+01,-9.212404008320970727e-02
4.564583333333332860e+01,-9.223278625633692107e-02
4.566666666666666430e+01,-9.228765617714219938e-02
4.568750000000000000e+01,-9.226594037454925734e-02
4.570833333333332860e+01,-9.219494383456161568e-02
4.572916666666666430e+01,-9.210955619805649697e-02
4.575000000000000000e+01,-9.199666196128264417e-02
4.577083333333332860e+01,-9.183527877319126731e-02
4.579166666666666430e+01,-9.165315068913279517e-02
4.581250000000000000e+01,-9.148556821263637007e-02
4.583333333333332860e+01,-9.132001074746770586e-02
4.585416666666666430e+01,-9.113565586650280992e-02
4.587500000000000000e+01,-9.095968242184002128e-02
4.589583333333332860e+01,-9.082681358093935842e-02
4.591666666666666430e+01,-9.072366757497217493e-02
4.593750000000000000e+01,-9.062886372941911239e-02
4.595833333333332860e+01,-9.057004831699597136e-02
4.597916666666666430e+01,-9.058208729724670505e-02
4.600000000000000000e+01,-9.065119696318282849e-02
4.602083333333332860e+01,-9.075544756409366365e-02
4.604166666666666430e+01,-9.091652171999528576e-02
4.606250000000000000e+01,-9.115684792842437822e-02
4.608333333333332860e+01,-9.144957297049709222e-02
4.610416666666666430e+01,-9.175978092392526875e-02
4.612500000000000000e+01,-9.210174946765739556e-02
4.614583333333332860e+01,-9.249745309389227621e-02
4.616666666666666430e+01,-9.292058664465956130e-02
4.618750000000000000e+01,-9.333684954837308256e-02
4.620833333333332860e+01,-9.376087922843445721e-02
4.622916666666666430e+01,-9.421492176204368518e-02
4.625000000000000000e+01,-9.467321494224459344e-02
4.627083333333332860e+01,-9.510167326448891456e-02
4.629166666666666430e+01,-9.551528982673854196e-02
4.631250000000000000e+01,-9.593766413697932260e-02
4.633333333333332860e+01,-9.634461828985411980e-02
4.635416666666666430e+01,-9.670461940766608699e-02
4.637500000000000000e+01,-9.703515585545244293e-02
4.639583333333332860e+01,-9.736131267825072488e-02
4.641666666666666430e+01,-9.766025068036408852e-02
4.643750000000000000e+01,-9.790093434521345006e-02
4.645833333333332860e+01,-9.810067589022807011e-02
4.647916666666666430e+01,-9.828439657600998580e-02
4.650000000000000000e+01,-9.842894276483618587e-02
4.652083333333332860e+01,-9.850325427387909838e-02
4.654166666666666430e+01,-9.852526426118435321e-02
4.656250000000000000e+01,-9.852053592344321709e-02
4.658333333333332860e+01,-9.846640575454186639e-02
4.660416666666666430e+01,-9.833232056533794396e-02
4.662500000000000000e+01,-9.813680181223445598e-02
4.664583333333332860e+01,-9.790603907687681073e-02
4.666666666666666430e+01,-9.761908998130201798e-02
4.668750000000000000e+01,-9.724846119226875085e-02
4.670833333333332860e+01,-9.681670090513765092e-02
4.672916666666666430e+01,-9.635585022853396242e-02
4.675000000000000000e+01,-9.585209796807180049e-02
4.677083333333332860e+01,-9.528617323855469168e-02
4.679166666666666430e+01,-9.469028353637182205e-02
4.681250000000000000e+01,-9.410822853863949622e-02
4.683333333333332860e+01,-9.353846890413423931e-02
4.685416666666666430e+01,-9.297396384390486934e-02
4.687500000000000000e+01,-9.245230804514437128e-02
4.689583333333332860e+01,-9.201432284903421355e-02
4.691666666666666430e+01,-9.165450841230177170e-02
4.693750000000000000e+01,-9.136096799231831211e-02
4.695833333333332860e+01,-9.115211822922178464e-02
4.697916666666666430e+01,-9.103234865746209770e-02
4.700000000000000000e+01,-9.097394088858376526e-02
4.702083333333332860e+01,-9.096343722348984584e-02
4.704166666666666430e+01,-9.101307629942832766e-02
4.706250000000000000e+01,-9.111338640958951962e-02
4.708333333333332860e+01,-9.124909105220946337e-02
4.710416666666666430e+01,-9.143239236056925623e-02
4.712500000000000000e+01,-9.166045538607776877e-02
4.714583333333332860e+01,-9.190602032786811260e-02
4.716666666666666430e+01,-9.216410438623677537e-02
4.718750000000000000e+01,-9.243844140812568222e-02
4.720833333333332860e+01,-9.269748614246048346e-02
4.722916666666666430e+01,-9.291787029072055837e-02
4.725000000000000000e+01,-9.312928734367599548e-02
4.727083333333332860e+01,-9.337268415455593495e-02
4.729166666666666430e+01,-9.364290836390129491e-02
4.731250000000000000e+01,-9.391795737707984981e-02
4.733333333333332860e+01,-9.420813652333524801e-02
4.735416666666666430e+01,-9.452824325265987704e-02
4.737500000000000000e+01,-9.484717692656735588e-02
4.739583333333332860e+01,-9.512943786713749794e-02
4.741666666666666430e+01,-9.539125319847209516e-02
4.743750000000000000e+01,-9.566015395485216732e-02
4.745833333333332860e+01,-9.591825956262287067e-02
4.747916666666666430e+01,-9.614207072716789149e-02
4.750000000000000000e+01,-9.635536180964315855e-02
4.752083333333332860e+01,-9.658795067960060376e-02
4.754166666666666430e+01,-9.682255508933823585e-02
4.756250000000000000e+01,-9.703674810677720419e-02
4.758333333333332860e+01,-9.725000889356871792e-02
4.760416666666666430e+01,-9.748064446681226070e-02
4.762500000000000000e+01,-9.770010823171781933e-02
4.764583333333332860e+01,-9.787542630493488438e-02
4.766666666666666430e+01,-9.802549667322640881e-02
4.768750000000000000e+01,-9.818055273783901638e-02
4.770833333333332860e+01,-9.832532521508854928e-02
4.772916666666666430e+01,-9.843948046260246609e-02
4.775000000000000000e+01,-9.854493156478295879e-02
4.777083333333332860e+01,-9.866300632175993568e-02
4.779166666666666430e+01,-9.876826067489949401e-02
4.781250000000000000e+01,-9.883066525240048750e-02
4.783333333333332860e+01,-9.887198801887785160e-02
4.785416666666666430e+01,-9.892545924779302946e-02
4.787500000000000000e+01,-9.897881071186105661e-02
4.789583333333332860e+01,-9.901422925176676937e-02
4.791666666666666430e+01,-9.905062869255404356e-02
4.793750000000000000e+01,-9.909961737398530202e-02
4.795833333333332860e+01,-9.912532703116418153e-02
4.797916666666666430e+01,-9.908714080064670582e-02
4.800000000000000000e+01,-9.899625431475821136e-02
4.802083333333332860e+01,-9.887560182750533555e-02
4.804166666666666430e+01,-9.870272100964351536e-02
4.806250000000000000e+01,-9.845008508257903357e-02
4.808333333333332860e+01,-9.814178496997758017e-02
4.810416666666666430e+01,-9.781366456669937648e-02
4.812500000000000000e+01,-9.745605522570842394e-02
4.814583333333332860e+01,-9.705443641884935191e-02
4.816666666666666430e+01,-9.664600961000600898e-02
4.818750000000000000e+01,-9.627853299033169165e-02
4.820833333333332860e+01,-9.595263646923093970e-02
4.822916666666666430e+01,-9.565393925935215813e-02
4.825000000000000000e+01,-9.540156406026530089e-02
4.827083333333332860e+01,-9.521762054727993252e-02
4.829166666666666430e+01,-9.507819432404686355e-02
4.831250000000000000e+01,-9.495487942725590325e-02
4.833333333333332860e+01,-9.487090282896487592e-02
4.835416666666666430e+01,-9.486081039776297907e-02
4.837500000000000000e+01,-9.491357640378496330e-02
4.839583333333332860e+01,-9.500792789660687798e-02
4.841666666666666430e+01,-9.515123757477583766e-02
4.843750000000000000e+01,-9.534113471287573860e-02
4.845833333333332860e+01,-9.554439816127643925e-02
4.847916666666666430e+01,-9.574241223332026485e-02
4.850000000000000000e+01,-9.594548824518669972e-02
4.852083333333332860e+01,-9.614666351628511909e-02
4.854166666666666430e+01,-9.632688252882673496e-02
4.856250000000000000e+01,-9.650017424288802326e-02
4.858333333333332860e+01,-9.668189294904579179e-02
4.860416666666666430e+01,-9.684108878541891618e-02
4.862500000000000000e+01,-9.694213263762967159e-02
4.864583333333332860e+01,-9.700163850106555130e-02
4.866666666666666430e+01,-9.704717944681616471e-02
4.868750000000000000e+01,-9.706109870314787169e-02
4.870833333333332860e+01,-9.702120437298167310e-02
4.872916666666666430e+01,-9.695645421092287386e-02
4.875000000000000000e+01,-9.690583193270715934e-02
4.877083333333332860e+01,-9.686328522679726882e-02
4.879166666666666430e+01,-9.681635718465830820e-02
4.881250000000000000e+01,-9.678009941686946394e-02
4.883333333333332860e+01,-9.675268206775616830e-02
4.885416666666666430e+01,-9.671423380958843463e-02
4.887500000000000000e+01,-9.667515092391328058e-02
4.889583333333332860e+01,-9.665467266300928340e-02
4.891666666666666430e+01,-9.662658221446049356e-02
4.893750000000000000e+01,-9.656023825118843773e-02
4.895833333333332860e+01,-9.647678114505577052e-02
4.897916666666666430e+01,-9.640880070160952331e-02
4.900000000000000000e+01,-9.634347335797494027e-02
4.902083333333332860e+01,-9.626259002551326716e-02
4.904166666666666430e+01,-9.619182587101662851e-02
4.906250000000000000e+01,-9.615890732508501626e-02
4.908333333333332860e+01,-9.614507013575344929e-02
4.910416666666666430e+01,-9.612672634320304499e-02
4.912500000000000000e+01,-9.612959059325966449e-02
4.914583333333332860e+01,-9.618773333941005310e-02
4.916666666666666430e+01,-9.628918062615800244e-02
4.918750000000000000e+01,-9.641239987081171026e-02
4.920833333333332860e+01,-9.656656239647480600e-02
4.922916666666666430e+01,-9.675215983452310764e-02
4.925000000000000000e+01,-9.693197926607811932e-02
4.927083333333332860e+01,-9.707677459872383896e-02
4.929166666666666430e+01,-9.721046107441784490e-02
4.931250000000000000e+01,-9.736825260900609791e-02
4.933333333333332860e+01,-9.753961389484445965e-02
4.935416666666666430e+01,-9.770389825760078528e-02
4.937500000000000000e+01,-9.787205286282803229e-02
4.939583333333332860e+01,-9.804832193434832865e-02
4.941666666666666430e+01,-9.819550709926085086e-02
4.943750000000000000e+01,-9.827941228386490036e-02
4.945833333333332860e+01,-9.831844749269537387e-02
4.947916666666666430e+01,-9.834230262573900871e-02
4.950000000000000000e+01,-9.833523494062287873e-02
4.952083333333332860e+01,-9.827704561218465751e-02
4.954166666666666430e+01,-9.819887712237657107e-02
4.956250000000000000e+01,-9.814264103265130101e-02
4.958333333333332860e+01,-9.810412414541533344e-02
4.960416666666666430e+01,-9.806373679348653893e-02
4.962500000000000000e+01,-9.803434799413512923e-02
4.964583333333332860e+01,-9.803112620104713348e-02
4.966666666666666430e+01,-9.802299933985500480e-02
4.968750000000000000e+01,-9.797443387034232565e-02
4.970833333333332860e+01,-9.790169387358024777e-02
4.972916666666666430e+01,-9.783243044450441739e-02
4.975000000000000000e+01,-9.774886881927234705e-02
4.977083333333332860e+01,-9.762868676674534008e-02
4.979166666666666430e+01,-9.750130752140122314e-02
4.981250000000000000e+01,-9.740757463607187250e-02
4.983333333333332860e+01,-9.734231586820610294e-02
4.985416666666666430e+01,-9.728570209512034384e-02
4.987500000000000000e+01,-9.725026439853853844e-02
4.989583333333332860e+01,-9.724929401760555592e-02
4.991666666666666430e+01,-9.724938127025524459e-02
4.993750000000000000e+01,-9.721249358572629784e-02
4.995833333333332860e+01,-9.715266525797920660e-02
4.997916666666666430e+01,-9.709504052059947377e-02
5.000000000000000000e+01,-9.701860196551538584e-02
5.002083333333332860e+01,-9.689746939830974626e-02
5.004166666666666430e+01,-9.675753159445150964e-02
5.006250000000000000e+01,-9.663636613024736977e-02
5.008333333333332860e+01,-9.652610923111375196e-02
5.010416666666666430e+01,-9.641288157047671337e-02
5.012500000000000000e+01,-9.631657495626469445e-02
5.014583333333332860e+01,-9.624600895893166419e-02
5.016666666666666430e+01,-9.616597581062698297e-02
5.018750000000000000e+01,-9.604195059821502012e-02
5.020833333333332860e+01,-9.589146267353547415e-02
5.022916666666666430e+01,-9.574385108545935275e-02
5.025000000000000000e+01,-9.558335505778768615e-02
5.027083333333332860e+01,-9.538868959354375454e-02
5.029166666666666430e+01,-9.518943910531928176e-02
5.031250000000000000e+01,-9.502683036367702563e-02
5.033333333333332860e+01,-9.489633249594223163e-02
5.035416666666666430e+01,-9.478289318222239690e-02
5.037500000000000000e+01,-9.470059146934108052e-02
5.039583333333332860e+01,-9.465426124214577908e-02
5.041666666666666430e+01,-9.461384629721238115e-02
5.043750000000000000e+01,-9.455983486128401172e-02
5.045833333333332860e+01,-9.451651940317376543e-02
5.047916666666666430e+01,-9.450790520936636074e-02
5.050000000000000000e+01,-9.451129768833495259e-02
5.052083333333332860e+01,-9.449910827132047830e-02
5.054166666666666430e+01,-9.449546961402277567e-02
5.056250000000000000e+01,-9.453626994235722614e-02
5.058333333333332860e+01,-9.461178592235480744e-02
5.060416666666666430e+01,-9.470266208608237035e-02
5.062500000000000000e+01,-9.481944002522109394e-02
5.064583333333332860e+01,-9.496321456980540143e-02
5.066666666666666430e+01,-9.510095181893021832e-02
5.068750000000000000e+01,-9.521096558950023492e-02
5.070833333333332860e+01,-9.531465933097385546e-02
5.072916666666666430e+01,-9.543227862949711648e-02
5.075000000000000000e+01,-9.553731569942679192e-02
5.077083333333332860e+01,-9.559843140683506324e-02
5.079166666666666430e+01,-9.563600225410946731e-02
5.081250000000000000e+01,-9.568206817838736944e-02
5.083333333333332860e+01,-9.572329831647193032e-02
5.085416666666666430e+01,-9.574095465410055461e-02
5.087500000000000000e+01,-9.575670166577562870e-02
5.089583333333332860e+01,-9.578963593144909638e-02
5.091666666666666430e+01,-9.581193425413522813e-02
5.093750000000000000e+01,-9.579038947880927357e-02
5.095833333333332860e+01,-9.574283538709361940e-02
5.097916666666666430e+01,-9.569815500462072744e-02
5.100000000000000000e+01,-9.563908553987171546e-02
5.102083333333332860e+01,-9.554374287211478411e-02
5.104166666666666430e+01,-9.544224862834423118e-02
5.106250000000000000e+01,-9.537574659983220904e-02
5.108333333333332860e+01,-9.533876375457320251e-02
5.110416666666666430e+01,-9.531156749700724073e-02
5.112500000000000000e+01,-9.530912701424404387e-02
5.114583333333332860e+01,-9.534946872543827168e-02
5.116666666666666430e+01,-9.540414115637031733e-02
5.118750000000000000e+01,-9.544023779249917461e-02
5.120833333333332860e+01,-9.547665750641279314e-02
5.122916666666666430e+01,-9.554338178999739750e-02
5.125000000000000000e+01,-9.562474793992911670e-02
5.127083333333332860e+01,-9.569997056210956254e-02
5.129166666666666430e+01,-9.578799145041201613e-02
5.131250000000000000e+01,-9.590397388241539423e-02
5.133333333333332860e+01,-9.601611233228589393e-02
5.135416666666666430e+01,-9.608827948193218726e-02
5.137500000000000000e+01,-9.613607840255899983e-02
5.139583333333332860e+01,-9.618633145881341773e-02
5.141666666666666430e+01,-9.622049812532570967e-02
5.143750000000000000e+01,-9.621569474748148387e-02
5.145833333333332860e+01,-9.620072860839357087e-02
5.147916666666666430e+01,-9.621557291141374924e-02
5.150000000000000000e+01,-9.625414599116866032e-02
5.152083333333332860e+01,-9.629459090361454365e-02
5.154166666666666430e+01,-9.634805831915807528e-02
5.156250000000000000e+01,-9.642948207374325842e-02
5.158333333333332860e+01,-9.650779039799356473e-02
5.160416666666666430e+01,-9.654759994332146045e-02
5.162500000000000000e+01,-9.656527808843380634e-02
5.164583333333332860e+01,-9.658840900707878208e-02
5.166666666666666430e+01,-9.659918990617652468e-02
5.168750000000000000e+01,-9.657529270536809041e-02
5.170833333333332860e+01,-9.654326462283477350e-02
5.172916666666666430e+01,-9.653733101052040799e-02
5.175000000000000000e+01,-9.654591002312697123e-02
5.177083333333332860e+01,-9.655126166834945844e-02
5.179166666666666430e+01,-9.656599803012223815e-02
5.181250000000000000e+01,-9.658923205443735449e-02
5.183333333333332860e+01,-9.659611328250501672e-02
5.185416666666666430e+01,-9.658526399993255795e-02
5.187500000000000000e+01,-9.656371620614569162e-02
5.189583333333332860e+01,-9.650047665512016815e-02
5.191666666666666430e+01,-9.636875705317524132e-02
5.193750000000000000e+01,-9.619365291798581685e-02
5.195833333333332860e+01,-9.601034512978409707e-02
5.197916666666666430e+01,-9.580899327066426385e-02
5.200000000000000000e+01,-9.557453331256370033e-02
5.202083333333332860e+01,-9.533770950442599368e-02
5.204166666666666430e+01,-9.513300353627364425e-02
5.206250000000000000e+01,-9.494929238994670451e-02
5.208333333333332860e+01,-9.476991547651035519e-02
5.210416666666666430e+01,-9.461596043739997630e-02
5.212500000000000000e+01,-9.450213540004445689e-02
5.214583333333332860e+01,-9.439652623056353498e-02
5.216666666666666430e+01,-9.426268798125730930e-02
5.218750000000000000e+01,-9.411573881476512082e-02
5.220833333333332860e+01,-9.398152127223734220e-02
5.222916666666666430e+01,-9.384115489942063126e-02
5.225000000000000000e+01,-9.367138806503895465e-02
5.227083333333332860e+01,-9.349988118235834367e-02
5.229166666666666430e+01,-9.336436640225355410e-02
5.231250000000000000e+01,-9.325778865857406452e-02
5.233333333333332860e+01,-9.316717107534276676e-02
5.235416666666666430e+01,-9.310624572904219187e-02
5.237500000000000000e+01,-9.307040287139049795e-02
5.239583333333332860e+01,-9.304078409498620084e-02
5.241666666666666430e+01,-9.303236001960908663e-02
5.243750000000000000e+01,-9.306749516814039058e-02
5.245833333333332860e+01,-9.312299023849289481e-02
5.247916666666666430e+01,-9.317109226115598275e-02
5.250000000000000000e+01,-9.323536480652139247e-02
5.252083333333332860e+01,-9.335039794968520710e-02
5.254166666666666430e+01,-9.350490252272417036e-02
5.256250000000000000e+01,-9.367650620328422939e-02
5.258333333333332860e+01,-9.387351985162828427e-02
5.260416666666666430e+01,-9.409791278170262507e-02
5.262500000000000000e+01,-9.431082557814750300e-02
5.264583333333332860e+01,-9.447714584022443018e-02
5.266666666666666430e+01,-9.461450313629862774e-02
5.268750000000000000e+01,-9.475191733027261975e-02
5.270833333333332860e+01,-9.487295610685253511e-02
5.272916666666666430e+01,-9.495626632043450976e-02
5.275000000000000000e+01,-9.502685559538731619e-02
5.277083333333332860e+01,-9.511453842191440466e-02
5.279166666666666430e+01,-9.520298595702482436e-02
5.281250000000000000e+01,-9.527039991522004425e-02
5.283333333333332860e+01,-9.533796402155107763e-02
5.285416666666666430e+01,-9.542777886667859477e-02
5.287500000000000000e+01,-9.551533169592717198e-02
5.289583333333332860e+01,-9.557138476913039360e-02
5.291666666666666430e+01,-9.561850505570239356e-02
5.293750000000000000e+01,-9.569078871361884342e-02
5.295833333333332860e+01,-9.577679300541450114e-02
5.297916666666666430e+01,-9.585817527662837678e-02
5.300000000000000000e+01,-9.594709375248831884e-02
5.302083333333332860e+01,-9.604313031814755430e-02
5.304166666666666430e+01,-9.611621141411684499e-02
5.306250000000000000e+01,-9.615333648387537624e-02
5.308333333333332860e+01,-9.616887151242813070e-02
5.310416666666666430e+01,-9.615741498619630179e-02
5.312500000000000000e+01,-9.610635653628119002e-02
5.314583333333332860e+01,-9.603313763112560075e-02
5.316666666666666430e+01,-9.594627320040140239e-02
5.318750000000000000e+01,-9.581935132468308303e-02
5.320833333333332860e+01,-9.563631578920130105e-02
5.322916666666666430e+01,-9.542915456964833065e-02
5.325000000000000000e+01,-9.523391143247539326e-02
5.327083333333332860e+01,-9.504106782232059347e-02
5.329166666666666430e+01,-9.483584750767243277e-02
5.331250000000000000e+01,-9.464116721696062828e-02
5.333333333333332860e+01,-9.447359503063625097e-02
5.335416666666666430e+01,-9.430298108912514576e-02
5.337500000000000000e+01,-9.409457590884461042e-02
5.339583333333332860e+01,-9.386565748632853812e-02
5.341666666666666430e+01,-9.364443706227670861e-02
5.343750000000000000e+01,-9.341347395314239521e-02
5.345833333333332860e+01,-9.314986025023594407e-02
5.347916666666666430e+01,-9.288168102090471612e-02
5.350000000000000000e+01,-9.264734262612950300e-02
5.352083333333332860e+01,-9.243994839044102074e-02
5.354166666666666430e+01,-9.224668367782269673e-02
5.356250000000000000e+01,-9.208676427380052543e-02
5.358333333333332860e+01,-9.196623796263810047e-02
5.360416666666666430e+01,-9.185668956815473685e-02
5.362500000000000000e+01,-9.174094390847134517e-02
5.364583333333332860e+01,-9.164327191884236168e-02
5.366666666666666430e+01,-9.158353576638270099e-02
5.368750000000000000e+01,-9.153495788195868677e-02
5.370833333333332860e+01,-9.146629452823351603e-02
5.372916666666666430e+01,-9.139788014887924306e-02
5.375000000000000000e+01,-9.136052455324619737e-02
5.377083333333332860e+01,-9.134012927726394004e-02
5.379166666666666430e+01,-9.131739514018977211e-02
5.381250000000000000e+01,-9.131570926180182513e-02
5.383333333333332860e+01,-9.135870897240608302e-02
5.385416666666666430e+01,-9.142332915978876318e-02
5.387500000000000000e+01,-9.148099799187932313e-02
5.389583333333332860e+01,-9.155488955200405399e-02
5.391666666666666430e+01,-9.167901901167942180e-02
5.393750000000000000e+01,-9.184206411158260530e-02
5.395833333333332860e+01,-9.202286253092789581e-02
5.397916666666666430e+01,-9.223113614060962639e-02
5.400000000000000000e+01,-9.246804081296242095e-02
5.402083333333332860e+01,-9.269559527636320184e-02
5.404166666666666430e+01,-9.288140858979812564e-02
5.406250000000000000e+01,-9.304641690302722923e-02
5.408333333333332860e+01,-9.322257520690427346e-02
5.410416666666666430e+01,-9.339657650788646404e-02
5.412500000000000000e+01,-9.354957821168234655e-02
5.414583333333332860e+01,-9.369830312162925889e-02
5.416666666666666430e+01,-9.385004588681507276e-02
5.418750000000000000e+01,-9.396879750917154495e-02
5.420833333333332860e+01,-9.401904010342881923e-02
5.422916666666666430e+01,-9.401760046025681161e-02
5.425000000000000000e+01,-9.399203915579697199e-02
5.427083333333332860e+01,-9.392503569942221853e-02
5.429166666666666430e+01,-9.379454491811482775e-02
5.431250000000000000e+01,-9.362869094470366305e-02
5.433333333333332860e+01,-9.346551623241938778e-02
5.435416666666666430e+01,-9.329763488113530789e-02
5.437500000000000000e+01,-9.311154308470333263e-02
5.439583333333332860e+01,-9.293272854155462670e-02
5.441666666666666430e+01,-9.278154340731510630e-02
5.443750000000000000e+01,-9.263108647311926735e-02
5.445833333333332860e+01,-9.244961943671770044e-02
5.447916666666666430e+01,-9.225767303733757585e-02
5.450000000000000000e+01,-9.208662322320874949e-02
5.452083333333332860e+01,-9.192248550024616216e-02
5.454166666666666430e+01,-9.174647020293144606e-02
5.456250000000000000e+01,-9.158863506710702984e-02
5.458333333333332860e+01,-9.148625741085425478e-02
5.460416666666666430e+01,-9.143013437936589605e-02
5.462500000000000000e+01,-9.140375158296355773e-02
5.464583333333332860e+01,-9.141883198357020346e-02
5.466666666666666430e+01,-9.147040175909594562e-02
5.468750000000000000e+01,-9.153305031407987791e-02
5.470833333333332860e+01,-9.160869763961193568e-02
5.472916666666666430e+01,-9.170508931596607627e-02
5.475000000000000000e+01,-9.178360515940447995e-02
5.477083333333332860e+01,-9.180075576756137334e-02
5.479166666666666430e+01,-9.176133618769602429e-02
5.481250000000000000e+01,-9.167903107736599666e-02
5.483333333333332860e+01,-9.153309243663682038e-02
5.485416666666666430e+01,-9.131275389931967079e-02
5.487500000000000000e+01,-9.105694157197928573e-02
5.489583333333332860e+01,-9.081220179897232792e-02
5.491666666666666430e+01,-9.057613652507592872e-02
5.493750000000000000e+01,-9.033798485458993666e-02
5.495833333333332860e+01,-9.012287226745117896e-02
5.497916666666666430e+01,-8.994866112611413222e-02
5.500000000000000000e+01,-8.978294470605002742e-02
5.502083333333332860e+01,-8.958574065652040452e-02
5.504166666666666430e+01,-8.936486484031486155e-02
5.506250000000000000e+01,-8.913668939641601618e-02
5.508333333333332860e+01,-8.887982699319420254e-02
5.510416666666666430e+01,-8.857875679421607640e-02
5.512500000000000000e+01,-8.826698428241998295e-02
5.514583333333332860e+01,-8.798629533967144978e-02
5.516666666666666430e+01,-8.772990839927584383e-02
5.518750000000000000e+01,-8.748242708690115443e-02
5.520833333333332860e+01,-8.727476484812979329e-02
5.522916666666666430e+01,-8.714354411215351204e-02
5.525000000000000000e+01,-8.707581557600765909e-02
5.527083333333332860e+01,-8.705092627763894031e-02
5.529166666666666430e+01,-8.708927338515244643e-02
5.531250000000000000e+01,-8.720904819545677311e-02
5.533333333333332860e+01,-8.737803368691690609e-02
5.535416666666666430e+01,-8.755640141147955080e-02
5.537500000000000000e+01,-8.775228221023412267e-02
5.539583333333332860e+01,-8.798180973072297628e-02
5.541666666666666430e+01,-8.821279981481874866e-02
5.543750000000000000e+01,-8.840547584856187080e-02
5.545833333333332860e+01,-8.856811579880551066e-02
5.547916666666666430e+01,-8.871694602324220469e-02
5.550000000000000000e+01,-8.881932832706272707e-02
5.552083333333332860e+01,-8.883502571874640763e-02
5.554166666666666430e+01,-8.877145616572344744e-02
5.556250000000000000e+01,-8.864583389355745746e-02
5.558333333333332860e+01,-8.844631663552386669e-02
5.560416666666666430e+01,-8.817513600452563105e-02
5.562500000000000000e+01,-8.786578236630748773e-02
5.564583333333332860e+01,-8.753724878978690060e-02
5.566666666666666430e+01,-8.717867445818837380e-02
5.568750000000000000e+01,-8.679619574814283200e-02
5.570833333333332860e+01,-8.641335471004291113e-02
5.572916666666666430e+01,-8.602314411686573514e-02
5.575000000000000000e+01,-8.561224480350478061e-02
5.577083333333332860e+01,-8.521495864632269712e-02
5.579166666666666430e+01,-8.487278221282434920e-02
5.581250000000000000e+01,-8.457871062867750034e-02
5.583333333333332860e+01,-8.431732972905708889e-02
5.585416666666666430e+01,-8.412050026290066040e-02
5.587500000000000000e+01,-8.402575925375756205e-02
5.589583333333332860e+01,-8.402182771293538466e-02
5.591666666666666430e+01,-8.408742083781159393e-02
5.593750000000000000e+01,-8.423731214849936033e-02
5.595833333333332860e+01,-8.447939147487025513e-02
5.597916666666666430e+01,-8.477134848981143778e-02
5.600000000000000000e+01,-8.506217750051774107e-02
5.602083333333332860e+01,-8.534968837668505115e-02
5.604166666666666430e+01,-8.564025951464017405e-02
5.606250000000000000e+01,-8.590406758583217506e-02
5.608333333333332860e+01,-8.611800363885502296e-02
5.610416666666666430e+01,-8.630930848498435948e-02
5.612500000000000000e+01,-8.651289960771742227e-02
5.614583333333332860e+01,-8.671524086407336740e-02
5.616666666666666430e+01,-8.689412828667096578e-02
5.618750000000000000e+01,-8.707598131291299781e-02
5.620833333333332860e+01,-8.729503104920240120e-02
5.622916666666666430e+01,-8.753767318304456202e-02
5.625000000000000000e+01,-8.778148193736305671e-02
5.627083333333332860e+01,-8.804526938682162573e-02
5.629166666666666430e+01,-8.834709520503976343e-02
5.631250000000000000e+01,-8.865558282729664452e-02
5.633333333333332860e+01,-8.893063327295835929e-02
5.635416666666666430e+01,-8.918090310065403259e-02
5.637500000000000000e+01,-8.942278632717536035e-02
5.639583333333332860e+01,-8.962423042420632202e-02
5.641666666666666430e+01,-8.974476447825391334e-02
5.643750000000000000e+01,-8.979265622572971117e-02
5.645833333333332860e+01,-8.978439568092595746e-02
5.647916666666666430e+01,-8.970030701001621698e-02
5.650000000000000000e+01,-8.952780739871389615e-02
5.652083333333332860e+01,-8.930457253254678318e-02
5.654166666666666430e+01,-8.907556161734370148e-02
5.656250000000000000e+01,-8.883801356706813590e-02
5.658333333333332860e+01,-8.858134123450038533e-02
5.660416666666666430e+01,-8.833826141476966431e-02
5.662500000000000000e+01,-8.814238047351122263e-02
5.664583333333332860e+01,-8.797806762147339366e-02
5.666666666666666430e+01,-8.782129403607426277e-02
5.668750000000000000e+01,-8.769674354758168200e-02
5.670833333333332860e+01,-8.763653718225812572e-02
5.672916666666666430e+01,-8.762465206397859752e-02
5.675000000000000000e+01,-8.763622700717381420e-02
5.677083333333332860e+01,-8.769405739471106132e-02
5.679166666666666430e+01,-8.782792782063557346e-02
5.681250000000000000e+01,-8.801810150440583791e-02
5.683333333333332860e+01,-8.823575412183906619e-02
5.685416666666666430e+01,-8.849947577060073012e-02
5.687500000000000000e+01,-8.883458519930109709e-02
5.689583333333332860e+01,-8.921784575584623678e-02
5.691666666666666430e+01,-8.961741803266327910e-02
5.693750000000000000e+01,-9.004757274687416602e-02
5.695833333333332860e+01,-9.052681371103252217e-02
5.697916666666666430e+01,-9.102480052993396076e-02
5.700000000000000000e+01,-9.150187868560945292e-02
5.702083333333332860e+01,-9.196599167414232223e-02
5.704166666666666430e+01,-9.243246305380109495e-02
5.706250000000000000e+01,-9.286769184645843334e-02
5.708333333333332860e+01,-9.322957576251003631e-02
5.710416666666666430e+01,-9.352478415928873468e-02
5.712500000000000000e+01,-9.376752973469329455e-02
5.714583333333332860e+01,-9.392360491339404871e-02
5.716666666666666430e+01,-9.395022407054570701e-02
5.718750000000000000e+01,-9.385352635525440190e-02
5.720833333333332860e+01,-9.365603849578764406e-02
5.722916666666666430e+01,-9.334780540464027165e-02
5.725000000000000000e+01,-9.291722238516761379e-02
5.727083333333332860e+01,-9.240108851448687599e-02
5.729166666666666430e+01,-9.184390997809771529e-02
5.731250000000000000e+01,-9.124166086918870933e-02
5.733333333333332860e+01,-9.058166853278150354e-02
5.735416666666666430e+01,-8.989993579124561096e-02
5.737500000000000000e+01,-8.924006151860489067e-02
5.739583333333332860e+01,-8.859712893201700246e-02
5.741666666666666430e+01,-8.795774828696972802e-02
5.743750000000000000e+01,-8.735717569916949532e-02
5.745833333333332860e+01,-8.683809305121686917e-02
5.747916666666666430e+01,-8.639490747757715139e-02
5.750000000000000000e+01,-8.601251869630846536e-02
5.752083333333332860e+01,-8.571684422028574835e-02
5.754166666666666430e+01,-8.553214361398349397e-02
5.756250000000000000e+01,-8.543133661801458056e-02
5.758333333333332860e+01,-8.537618080673683996e-02
5.760416666666666430e+01,-8.537453998337220240e-02
5.762500000000000000e+01,-8.543967001985784682e-02
5.764583333333332860e+01,-8.553260888452068889e-02
5.766666666666666430e+01,-8.560366939430047450e-02
5.768750000000000000e+01,-8.564936160690647671e-02
5.770833333333332860e+01,-8.568350516611439316e-02
5.772916666666666430e+01,-8.568711457585435898e-02
5.775000000000000000e+01,-8.563623808744898203e-02
5.777083333333332860e+01,-8.555247523924784658e-02
5.779166666666666430e+01,-8.546205157603850577e-02
5.781250000000000000e+01,-8.533975630973732185e-02
5.783333333333332860e+01,-8.514995093819428817e-02
5.785416666666666430e+01,-8.490240001994571462e-02
5.787500000000000000e+01,-8.461952749012348340e-02
5.789583333333332860e+01,-8.429435082087587128e-02
5.791666666666666430e+01,-8.392608936876527759e-02
5.793750000000000000e+01,-8.355626155611148298e-02
5.795833333333332860e+01,-8.322529019940240469e-02
5.797916666666666430e+01,-8.292369224961439189e-02
5.800000000000000000e+01,-8.263425501173068954e-02
5.802083333333332860e+01,-8.238827371550187795e-02
5.804166666666666430e+01,-8.222544887643777611e-02
5.806250000000000000e+01,-8.213668466684245772e-02
5.808333333333332860e+01,-8.210489261403587646e-02
5.810416666666666430e+01,-8.215317123621695972e-02
5.812500000000000000e+01,-8.230241964818556244e-02
5.814583333333332860e+01,-8.252365741940564936e-02
5.816666666666666430e+01,-8.278066254885124708e-02
5.818750000000000000e+01,-8.308570031640999387e-02
5.820833333333332860e+01,-8.345913268108508254e-02
5.822916666666666430e+01,-8.387270074154502819e-02
5.825000000000000000e+01,-8.429101867669894221e-02
5.827083333333332860e+01,-8.472614856129472016e-02
5.829166666666666430e+01,-8.519702570527250274e-02
5.831250000000000000e+01,-8.567365622206997433e-02
5.833333333333332860e+01,-8.611856933638782630e-02
5.835416666666666430e+01,-8.654281424506800324e-02
5.837500000000000000e+01,-8.696573887138768499e-02
5.839583333333332860e+01,-8.735797792806559992e-02
5.841666666666666430e+01,-8.768282625471107705e-02
5.843750000000000000e+01,-8.795180641126207344e-02
5.845833333333332860e+01,-8.818536623591761991e-02
5.847916666666666430e+01,-8.835644432548575566e-02
5.850000000000000000e+01,-8.843126368290332717e-02
5.852083333333332860e+01,-8.842592574963005492e-02
5.854166666666666430e+01,-8.836644214176930801e-02
5.856250000000000000e+01,-8.823193748591562358e-02
5.858333333333332860e+01,-8.799626340132070401e-02
5.860416666666666430e+01,-8.768423099972909307e-02
5.862500000000000000e+01,-8.733111828494616313e-02
5.864583333333332860e+01,-8.692681836673731011e-02
5.866666666666666430e+01,-8.645648150658107045e-02
5.868750000000000000e+01,-8.595732263533020778e-02
5.870833333333332860e+01,-8.547746058702226923e-02
5.872916666666666430e+01,-8.501984905297571560e-02
5.875000000000000000e+01,-8.458190379563128303e-02
5.877083333333332860e+01,-8.419681687124647151e-02
5.879166666666666430e+01,-8.388844716838524118e-02
5.881250000000000000e+01,-8.363348676898173240e-02
5.883333333333332860e+01,-8.340371040879777931e-02
5.885416666666666430e+01,-8.322164271966533966e-02
5.887500000000000000e+01,-8.312022890864385893e-02
5.889583333333332860e+01,-8.308742735510479815e-02
5.891666666666666430e+01,-8.310583318621458937e-02
5.893750000000000000e+01,-8.319918809767229417e-02
5.895833333333332860e+01,-8.338890198573666035e-02
5.897916666666666430e+01,-8.365019199631615332e-02
5.900000000000000000e+01,-8.395369833989328734e-02
5.902083333333332860e+01,-8.432115518852410785e-02
5.904166666666666430e+01,-8.478452781119263926e-02
5.906250000000000000e+01,-8.533016515870711638e-02
5.908333333333332860e+01,-8.592696201605941331e-02
5.910416666666666430e+01,-8.657748643801721489e-02
5.912500000000000000e+01,-8.729114345379374029e-02
5.914583333333332860e+01,-8.803175477089639211e-02
5.916666666666666430e+01,-8.875831175457150890e-02
5.918750000000000000e+01,-8.948213543294139538e-02
5.920833333333332860e+01,-9.022559542597743953e-02
5.922916666666666430e+01,-9.096564627858039209e-02
5.925000000000000000e+01,-9.167394819520893745e-02
5.927083333333332860e+01,-9.236112318160477619e-02
5.929166666666666430e+01,-9.303222043419585863e-02
5.931250000000000000e+01,-9.364436618091882825e-02
5.933333333333332860e+01,-9.414920453819372592e-02
5.935416666666666430e+01,-9.455032613560129806e-02
5.937500000000000000e+01,-9.486211080945097796e-02
5.939583333333332860e+01,-9.505703684204870607e-02
5.941666666666666430e+01,-9.510740816055932023e-02
5.943750000000000000e+01,-9.503694631064742160e-02
5.945833333333332860e+01,-9.487922504906616539e-02
5.947916666666666430e+01,-9.462275083966248390e-02
5.950000000000000000e+01,-9.425141722606499017e-02
5.952083333333332860e+01,-9.380004126978699897e-02
5.954166666666666430e+01,-9.331382832747306399e-02
5.956250000000000000e+01,-9.279302980216949659e-02
5.958333333333332860e+01,-9.223278040584714788e-02
5.960416666666666430e+01,-9.167435318227090679e-02
5.962500000000000000e+01,-9.116269424547933375e-02
5.964583333333332860e+01,-9.069656750263686840e-02
5.966666666666666430e+01,-9.026875557341094980e-02
5.968750000000000000e+01,-8.990178118866082313e-02
5.970833333333332860e+01,-8.960186543425185945e-02
5.972916666666666430e+01,-8.934724197830036518e-02
5.975000000000000000e+01,-8.913487308485178173e-02
5.977083333333332860e+01,-8.897336432778046866e-02
5.979166666666666430e+01,-8.883654165202879704e-02
5.981250000000000000e+01,-8.870185732645104182e-02
5.983333333333332860e+01,-8.859903155512315054e-02
5.985416666666666430e+01,-8.856944381197880134e-02
5.987500000000000000e+01,-8.860841580189672551e-02
5.989583333333332860e+01,-8.869424628608260641e-02
5.991666666666666430e+01,-8.883728364728545046e-02
5.993750000000000000e+01,-8.905211829702368298e-02
5.995833333333332860e+01,-8.930737550500647548e-02
5.997916666666666430e+01,-8.956667005125280856e-02
6.000000000000000000e+01,-8.984514787776599898e-02
6.002083333333332860e+01,-9.016959566291350703e-02
6.004166666666666430e+01,-9.052131985303404904e-02
6.006250000000000000e+01,-9.087609176806048239e-02
6.008333333333332860e+01,-9.124838776661607642e-02
6.010416666666666430e+01,-9.164784719806438884e-02
6.012500000000000000e+01,-9.203686714447649464e-02
6.014583333333332860e+01,-9.237318089492538298e-02
6.016666666666666430e+01,-9.266639612497569456e-02
6.018750000000000000e+01,-9.293770854091776279e-02
6.020833333333332860e+01,-9.316284639384060651e-02
6.022916666666666430e+01,-9.331285989549853443e-02
6.025000000000000000e+01,-9.341062055621553173e-02
6.027083333333332860e+01,-9.349054903305724362e-02
6.029166666666666430e+01,-9.354157441526080030e-02
6.031250000000000000e+01,-9.354756057818021386e-02
6.033333333333332860e+01,-9.353810524337397014e-02
6.035416666666666430e+01,-9.354678877738080434e-02
6.037500000000000000e+01,-9.356089017725705004e-02
6.039583333333332860e+01,-9.356236326426549399e-02
6.041666666666666430e+01,-9.357496069814509598e-02
6.043750000000000000e+01,-9.362121033276120385e-02
6.045833333333332860e+01,-9.367647405210743905e-02
6.047916666666666430e+01,-9.371125146800163286e-02
6.050000000000000000e+01,-9.374765396549544771e-02
6.052083333333332860e+01,-9.381948414254970281e-02
6.054166666666666430e+01,-9.391526150358811553e-02
6.056250000000000000e+01,-9.401732867541061356e-02
6.058333333333332860e+01,-9.413807798779262603e-02
6.060416666666666430e+01,-9.427596539856550328e-02
6.062500000000000000e+01,-9.440245730264057444e-02
6.064583333333332860e+01,-9.450814962554085485e-02
6.066666666666666430e+01,-9.459955387575516572e-02
6.068750000000000000e+01,-9.464977227491153111e-02
6.070833333333332860e+01,-9.462883506855675197e-02
6.072916666666666430e+01,-9.455738386242767968e-02
6.075000000000000000e+01,-9.446575095146207690e-02
6.077083333333332860e+01,-9.433930550085734001e-02
6.079166666666666430e+01,-9.415869260877907099e-02
6.081250000000000000e+01,-9.395614596434423427e-02
6.083333333333332860e+01,-9.377473591986694446e-02
6.085416666666666430e+01,-9.361248480711521769e-02
6.087500000000000000e+01,-9.345723868622222985e-02
6.089583333333332860e+01,-9.332495853985706136e-02
6.091666666666666430e+01,-9.322064379823552516e-02
6.093750000000000000e+01,-9.311667546366811377e-02
6.095833333333332860e+01,-9.299820610477829708e-02
6.097916666666666430e+01,-9.288927403914599978e-02
6.100000000000000000e+01,-9.280623436638361923e-02
6.102083333333332860e+01,-9.271821179463424212e-02
6.104166666666666430e+01,-9.258959765806934472e-02
6.106250000000000000e+01,-9.243674669458742943e-02
6.108333333333332860e+01,-9.228680012987701409e-02
6.110416666666666430e+01,-9.212146849662689041e-02
6.112500000000000000e+01,-9.191772791336032256e-02
6.114583333333332860e+01,-9.170365248687357973e-02
6.116666666666666430e+01,-9.151701073023602029e-02
6.118750000000000000e+01,-9.134916842580989571e-02
6.120833333333332860e+01,-9.118504013381320550e-02
6.122916666666666430e+01,-9.104986075759496922e-02
6.125000000000000000e+01,-9.096494163572725611e-02
6.127083333333332860e+01,-9.090451968312703024e-02
6.129166666666666430e+01,-9.083820221894853275e-02
6.131250000000000000e+01,-9.078784501877142088e-02
6.133333333333332860e+01,-9.078616189714255880e-02
6.135416666666666430e+01,-9.082059362431102456e-02
6.137500000000000000e+01,-9.087266928037478209e-02
6.139583333333332860e+01,-9.095864171731478376e-02
6.141666666666666430e+01,-9.108508059747393026e-02
6.143750000000000000e+01,-9.121523173081448610e-02
6.145833333333332860e+01,-9.131251795686406991e-02
6.147916666666666430e+01,-9.139207420317420338e-02
6.150000000000000000e+01,-9.147951687796550269e-02
6.152083333333332860e+01,-9.155553786172371256e-02
6.154166666666666430e+01,-9.159612489648079336e-02
6.156250000000000000e+01,-9.162913125505009471e-02
6.158333333333332860e+01,-9.169332852617778640e-02
6.160416666666666430e+01,-9.178188610248205759e-02
6.162500000000000000e+01,-9.187582347226497248e-02
6.164583333333332860e+01,-9.198802359974708742e-02
6.166666666666666430e+01,-9.212675405807592421e-02
6.168750000000000000e+01,-9.225401713228027767e-02
6.170833333333332860e+01,-9.232833975354015621e-02
6.172916666666666430e+01,-9.236039623164533918e-02
6.175000000000000000e+01,-9.237123985504071266e-02
6.177083333333332860e+01,-9.233644463783274858e-02
6.179166666666666430e+01,-9.222661627620407088e-02
6.181250000000000000e+01,-9.206309285197357417e-02
6.183333333333332860e+01,-9.187721617011421205e-02
6.185416666666666430e+01,-9.165483663827188321e-02
6.187500000000000000e+01,-9.137702858903667957e-02
6.189583333333332860e+01,-9.107701639275084249e-02
6.191666666666666430e+01,-9.079900387227891889e-02
6.193750000000000000e+01,-9.054203432783372585e-02
6.195833333333332860e+01,-9.029909534415396510e-02
6.197916666666666430e+01,-9.009053327869637195e-02
6.200000000000000000e+01,-8.991851513088652825e-02
6.202083333333332860e+01,-8.976479113763065343e-02
6.204166666666666430e+01,-8.963836332248037442e-02
6.206250000000000000e+01,-8.955558239475280846e-02
6.208333333333332860e+01,-8.948662757514848354e-02
6.210416666666666430e+01,-8.939664940335582954e-02
6.212500000000000000e+01,-8.930160113949281442e-02
6.214583333333332860e+01,-8.922849043954420023e-02
6.216666666666666430e+01,-8.915891084661288490e-02
6.218750000000000000e+01,-8.907010767614260971e-02
6.220833333333332860e+01,-8.899103111323727888e-02
6.222916666666666430e+01,-8.896185688469820940e-02
6.225000000000000000e+01,-8.897706164947424834e-02
6.227083333333332860e+01,-8.902073996591126914e-02
6.229166666666666430e+01,-8.910568117751879735e-02
6.231250000000000000e+01,-8.923504184529161554e-02
6.233333333333332860e+01,-8.937773674973539806e-02
6.235416666666666430e+01,-8.951400844728873984e-02
6.237500000000000000e+01,-8.966395052275864808e-02
6.239583333333332860e+01,-8.984222204574822401e-02
6.241666666666666430e+01,-9.001634253049652090e-02
6.243750000000000000e+01,-9.014810140755159795e-02
6.245833333333332860e+01,-9.025003622145688631e-02
6.247916666666666430e+01,-9.034511100199263400e-02
6.250000000000000000e+01,-9.040937687456648830e-02
6.252083333333332860e+01,-9.041395278416734793e-02
6.254166666666666430e+01,-9.038153814462965285e-02
6.256250000000000000e+01,-9.034597113081245523e-02
6.258333333333332860e+01,-9.029540951334254217e-02
6.260416666666666430e+01,-9.021372088974145831e-02
6.262500000000000000e+01,-9.013492591870211901e-02
6.264583333333332860e+01,-9.010133276396892210e-02
6.266666666666666430e+01,-9.010846238250706797e-02
6.268750000000000000e+01,-9.013880093624476730e-02
6.270833333333332860e+01,-9.020640908672679370e-02
6.272916666666666430e+01,-9.032289941879384498e-02
6.275000000000000000e+01,-9.045303258889859921e-02
6.277083333333332860e+01,-9.055705112315423633e-02
6.279166666666666430e+01,-9.064698986137319225e-02
6.281250000000000000e+01,-9.074640344804335568e-02
6.283333333333332860e+01,-9.083335074483123162e-02
6.285416666666666430e+01,-9.088112496232218784e-02
6.287500000000000000e+01,-9.091477107597047136e-02
6.289583333333332860e+01,-9.097027614258000605e-02
6.291666666666666430e+01,-9.103737906413196523e-02
6.293750000000000000e+01,-9.109987295593814649e-02
6.295833333333332860e+01,-9.117817486148223349e-02
6.297916666666666430e+01,-9.128591881527875485e-02
6.300000000000000000e+01,-9.138957613134487956e-02
6.302083333333332860e+01,-9.145065763986280627e-02
6.304166666666666430e+01,-9.148215234233472715e-02
6.306250000000000000e+01,-9.150888909212630262e-02
6.308333333333332860e+01,-9.151052340930361517e-02
6.310416666666666430e+01,-9.146123189872906734e-02
6.312500000000000000e+01,-9.138621255925825915e-02
6.314583333333332860e+01,-9.132232438714044109e-02
6.316666666666666430e+01,-9.126086323194237959e-02
6.318750000000000000e+01,-9.118748804520047935e-02
6.320833333333332860e+01,-9.112695579962562520e-02
6.322916666666666430e+01,-9.109977039372582630e-02
6.325000000000000000e+01,-9.107919079970543119e-02
6.327083333333332860e+01,-9.103363585895003773e-02
6.329166666666666430e+01,-9.098335001903272434e-02
6.331250000000000000e+01,-9.095979301877252232e-02
6.333333333333332860e+01,-9.094839122406023213e-02
6.335416666666666430e+01,-9.092931273875269615e-02
6.337500000000000000e+01,-9.092989659782142742e-02
6.339583333333332860e+01,-9.098370864008234471e-02
6.341666666666666430e+01,-9.107843455608771732e-02
6.343750000000000000e+01,-9.119552919367890365e-02
6.345833333333332860e+01,-9.134682859702472624e-02
6.347916666666666430e+01,-9.153062286736715625e-02
6.350000000000000000e+01,-9.171734718053944913e-02
6.352083333333332860e+01,-9.189552782566259848e-02
6.354166666666666430e+01,-9.207085777841853003e-02
6.356250000000000000e+01,-9.221729716803668542e-02
6.358333333333332860e+01,-9.230570803009355285e-02
6.360416666666666430e+01,-9.235714199784929301e-02
6.362500000000000000e+01,-9.240221648143505384e-02
6.364583333333332860e+01,-9.242480387371214412e-02
6.366666666666666430e+01,-9.240183714544637772e-02
6.368750000000000000e+01,-9.235920685153255205e-02
6.370833333333332860e+01,-9.233075962130198044e-02
6.372916666666666430e+01,-9.230176992331048935e-02
6.375000000000000000e+01,-9.224878249216880710e-02
6.377083333333332860e+01,-9.219708202789887730e-02
6.379166666666666430e+01,-9.217955937725838544e-02
6.381250000000000000e+01,-9.218059112516782672e-02
6.383333333333332860e+01,-9.217621050357961698e-02
6.385416666666666430e+01,-9.219058038850752590e-02
6.387500000000000000e+01,-9.225433637441621260e-02
6.389583333333332860e+01,-9.234955317004202302e-02
6.391666666666666430e+01,-9.245019194908830895e-02
6.393750000000000000e+01,-9.257559619360328229e-02
6.395833333333332860e+01,-9.274783424191992975e-02
6.397916666666666430e+01,-9.294100711037392437e-02
6.400000000000000000e+01,-9.312246406453668357e-02
6.402083333333332860e+01,-9.330855515492010588e-02
6.404166666666665719e+01,-9.352284962983005434e-02
6.406250000000000000e+01,-9.374039703647205068e-02
6.408333333333332860e+01,-9.392840026794080366e-02
6.410416666666665719e+01,-9.410293308196437945e-02
6.412500000000000000e+01,-9.428704162880584272e-02
6.414583333333332860e+01,-9.445555174653372243e-02
6.416666666666665719e+01,-9.457498328246016772e-02
6.418750000000000000e+01,-9.465970038530008290e-02
6.420833333333332860e+01,-9.473114292283447979e-02
6.422916666666665719e+01,-9.476203133354185737e-02
6.425000000000000000e+01,-9.471718854086354222e-02
6.427083333333332860e+01,-9.461035559819204466e-02
6.429166666666665719e+01,-9.446228922960173136e-02
6.431250000000000000e+01,-9.424523115482551228e-02
6.433333333333332860e+01,-9.392380150446594245e-02
6.435416666666665719e+01,-9.351156689739735517e-02
6.437500000000000000e+01,-9.303103808449537937e-02
6.439583333333332860e+01,-9.247353226983537344e-02
6.441666666666665719e+01,-9.184179518777310647e-02
6.443750000000000000e+01,-9.117736024667980055e-02
6.445833333333332860e+01,-9.051383287653394505e-02
6.447916666666665719e+01,-8.983462918036630440e-02
6.450000000000000000e+01,-8.911491296756603175e-02
6.452083333333332860e+01,-8.837791257512268850e-02
6.454166666666665719e+01,-8.765377410107953737e-02
6.456250000000000000e+01,-8.692461342124262191e-02
6.458333333333332860e+01,-8.616551618552667491e-02
6.460416666666665719e+01,-8.540047526113465903e-02
6.462500000000000000e+01,-8.466043985039048425e-02
6.464583333333332860e+01,-8.393035159896095054e-02
6.466666666666665719e+01,-8.319018937873554065e-02
6.468750000000000000e+01,-8.246876020158971921e-02
6.470833333333332860e+01,-8.180206321337177289e-02
6.472916666666665719e+01,-8.117752545254412755e-02
6.475000000000000000e+01,-8.057457479326293748e-02
6.477083333333332860e+01,-8.002146850633062858e-02
6.479166666666665719e+01,-7.955358438068040050e-02
6.481250000000000000e+01,-7.915772345906524343e-02
6.483333333333332860e+01,-7.881223432995418388e-02
6.485416666666665719e+01,-7.854363008234906129e-02
6.487500000000000000e+01,-7.838563489388353234e-02
6.489583333333332860e+01,-7.832347670163046505e-02
6.491666666666665719e+01,-7.833428258113890597e-02
6.493750000000000000e+01,-7.844390267760516233e-02
6.495833333333332860e+01,-7.868538055706017498e-02
6.497916666666665719e+01,-7.904340115530560096e-02
6.500000000000000000e+01,-7.949251058862684405e-02
6.502083333333332860e+01,-8.003858428367889577e-02
6.504166666666665719e+01,-8.067418682399583874e-02
6.506250000000000000e+01,-8.135670072769364547e-02
6.508333333333332860e+01,-8.205500892727927986e-02
6.510416666666665719e+01,-8.278152014023554273e-02
6.512500000000000000e+01,-8.354791309218755069e-02
6.514583333333332860e+01,-8.431309426250148398e-02
6.516666666666665719e+01,-8.502512676469775599e-02
6.518750000000000000e+01,-8.567757149285659679e-02
6.520833333333332860e+01,-8.627218481472698208e-02
6.522916666666665719e+01,-8.678602804250511171e-02
6.525000000000000000e+01,-8.721471486658533001e-02
6.527083333333332860e+01,-8.757325254138034754e-02
6.529166666666665719e+01,-8.784777945500407692e-02
6.531250000000000000e+01,-8.801651809139429683e-02
6.533333333333332860e+01,-8.810389715518301967e-02
6.535416666666665719e+01,-8.813848951826552813e-02
6.537500000000000000e+01,-8.809718243572940699e-02
6.539583333333332860e+01,-8.794614976584023969e-02
6.541666666666665719e+01,-8.769778405933478793e-02
6.543750000000000000e+01,-8.737849660487287395e-02
6.545833333333332860e+01,-8.698464902365422857e-02
6.547916666666665719e+01,-8.651600533923650693e-02
6.550000000000000000e+01,-8.601981510283508714e-02
6.552083333333332860e+01,-8.554748881525134352e-02
6.554166666666665719e+01,-8.509839683421105416e-02
6.556250000000000000e+01,-8.466066262612340076e-02
6.558333333333332860e+01,-8.426791626597016083e-02
6.560416666666665719e+01,-8.395816655387082494e-02
6.562500000000000000e+01,-8.371750807628570989e-02
6.564583333333332860e+01,-8.352058062805491068e-02
6.566666666666665719e+01,-8.338747752941053082e-02
6.568750000000000000e+01,-8.334312832511735214e-02
6.570833333333332860e+01,-8.336077426618043740e-02
6.572916666666665719e+01,-8.340203789385544630e-02
6.575000000000000000e+01,-8.347408960481450535e-02
6.577083333333332860e+01,-8.358909532881270144e-02
6.579166666666665719e+01,-8.371090996825802932e-02
6.581250000000000000e+01,-8.379685864665238626e-02
6.583333333333332860e+01,-8.385123404481996390e-02
6.585416666666665719e+01,-8.388765929137513566e-02
6.587500000000000000e+01,-8.388909848135431280e-02
6.589583333333332860e+01,-8.384773558694554041e-02
6.591666666666665719e+01,-8.379711775128581563e-02
6.593750000000000000e+01,-8.376844582639630943e-02
6.595833333333332860e+01,-8.374096268366133800e-02
6.597916666666665719e+01,-8.368222850926335110e-02
6.600000000000000000e+01,-8.360519066776228581e-02
6.602083333333332860e+01,-8.352847510112591800e-02
6.604166666666665719e+01,-8.343112439799978131e-02
6.606250000000000000e+01,-8.329550555807624379e-02
6.608333333333332860e+01,-8.315097966196680068e-02
6.610416666666665719e+01,-8.303175662485978714e-02
6.612500000000000000e+01,-8.292032177197831977e-02
6.614583333333332860e+01,-8.278742928123408729e-02
6.616666666666665719e+01,-8.264919896954575629e-02
6.618750000000000000e+01,-8.252700947373627083e-02
6.620833333333332860e+01,-8.239756292510409807e-02
6.622916666666665719e+01,-8.223464250297456146e-02
6.625000000000000000e+01,-8.205836283551257160e-02
6.627083333333332860e+01,-8.189417642860505331e-02
6.629166666666665719e+01,-8.171895574825910336e-02
6.631250000000000000e+01,-8.150147094153095684e-02
6.633333333333332860e+01,-8.125646921525962740e-02
6.635416666666665719e+01,-8.100477914860466921e-02
6.637500000000000000e+01,-8.073631368112284268e-02
6.639583333333332860e+01,-8.045441622225724121e-02
6.641666666666665719e+01,-8.019096734687405914e-02
6.643750000000000000e+01,-7.995970745757813303e-02
6.645833333333332860e+01,-7.975039502266595415e-02
6.647916666666665719e+01,-7.957641370005588688e-02
6.650000000000000000e+01,-7.945421786196521508e-02
6.652083333333332860e+01,-7.936201280219412624e-02
6.654166666666665719e+01,-7.928369087626913059e-02
6.656250000000000000e+01,-7.924959028093626900e-02
6.658333333333332860e+01,-7.929448397381282099e-02
6.660416666666665719e+01,-7.940172802480319203e-02
6.662500000000000000e+01,-7.954409272866340419e-02
6.664583333333332860e+01,-7.973898722178676679e-02
6.666666666666665719e+01,-8.000806644160184111e-02
6.668750000000000000e+01,-8.032286245845138284e-02
6.670833333333332860e+01,-8.064545045670948320e-02
6.672916666666665719e+01,-8.098417156926165927e-02
6.675000000000000000e+01,-8.135363368079347179e-02
6.677083333333332860e+01,-8.171887294080340536e-02
6.679166666666665719e+01,-8.203664457010644007e-02
6.681250000000000000e+01,-8.231213045249247129e-02
6.683333333333332860e+01,-8.255942750639631844e-02
6.685416666666665719e+01,-8.276013983362201509e-02
6.687500000000000000e+01,-8.290875329091437762e-02
6.689583333333332860e+01,-8.303737307820004132e-02
6.691666666666665719e+01,-8.317003634459435579e-02
6.693750000000000000e+01,-8.328076311911361551e-02
6.695833333333332860e+01,-8.333629020869676163e-02
6.697916666666665719e+01,-8.335186196170342454e-02
6.700000000000000000e+01,-8.335115841093651556e-02
6.702083333333332860e+01,-8.331334986752254868e-02
6.704166666666665719e+01,-8.321554177710772937e-02
6.706250000000000000e+01,-8.308387452328239164e-02
6.708333333333332860e+01,-8.295299946872845831e-02
6.710416666666665719e+01,-8.280903267001694934e-02
6.712500000000000000e+01,-8.263042333023201680e-02
6.714583333333332860e+01,-8.244410967375230548e-02
6.716666666666665719e+01,-8.228679918905858204e-02
6.718750000000000000e+01,-8.214797629185688344e-02
6.720833333333332860e+01,-8.201092258536023250e-02
6.722916666666665719e+01,-8.190968771623451106e-02
6.725000000000000000e+01,-8.188944731176917013e-02
6.727083333333332860e+01,-8.194903972103387280e-02
6.729166666666665719e+01,-8.207271221126102856e-02
6.731250000000000000e+01,-8.227483679853059284e-02
6.733333333333332860e+01,-8.256560568925964960e-02
6.735416666666665719e+01,-8.290818735213316415e-02
6.737500000000000000e+01,-8.326117977112898472e-02
6.739583333333332860e+01,-8.363549348550776419e-02
6.741666666666665719e+01,-8.405288108352937382e-02
6.743750000000000000e+01,-8.448983367323530114e-02
6.745833333333332860e+01,-8.491840323590053863e-02
6.747916666666665719e+01,-8.536199121738768936e-02
6.750000000000000000e+01,-8.585406777374846032e-02
6.752083333333332860e+01,-8.638288380282406476e-02
6.754166666666665719e+01,-8.692791449590027419e-02
6.756250000000000000e+01,-8.749697572750202157e-02
6.758333333333332860e+01,-8.808531202024326434e-02
6.760416666666665719e+01,-8.866150063520350511e-02
6.762500000000000000e+01,-8.921340989729051318e-02
6.764583333333332860e+01,-8.974666329129597775e-02
6.766666666666665719e+01,-9.023446862293553472e-02
6.768750000000000000e+01,-9.064731953827083466e-02
6.770833333333332860e+01,-9.100750868531870541e-02
6.772916666666665719e+01,-9.134840641247110593e-02
6.775000000000000000e+01,-9.165793231523777784e-02
6.777083333333332860e+01,-9.191915417787313580e-02
6.779166666666665719e+01,-9.215778664189026859e-02
6.781250000000000000e+01,-9.239943709142575679e-02
6.783333333333332860e+01,-9.262309638527542466e-02
6.785416666666665719e+01,-9.280325766693982292e-02
6.787500000000000000e+01,-9.296611024979622995e-02
6.789583333333332860e+01,-9.314928057593685473e-02
6.791666666666665719e+01,-9.334482844942924851e-02
6.793750000000000000e+01,-9.353573835698437977e-02
6.795833333333332860e+01,-9.373436380213893970e-02
6.797916666666665719e+01,-9.394249437749568887e-02
6.800000000000000000e+01,-9.413144720805623200e-02
6.802083333333332860e+01,-9.428742860618399835e-02
6.804166666666665719e+01,-9.442589772756054822e-02
6.806250000000000000e+01,-9.454562028128515871e-02
6.808333333333332860e+01,-9.463082339864964387e-02
6.810416666666665719e+01,-9.469929751586217415e-02
6.812500000000000000e+01,-9.477548909252339615e-02
6.814583333333332860e+01,-9.483878762238000248e-02
6.816666666666665719e+01,-9.486398436655711641e-02
6.818750000000000000e+01,-9.487713011976611766e-02
6.820833333333332860e+01,-9.491481423627724789e-02
6.822916666666665719e+01,-9.496879424199060338e-02
6.825000000000000000e+01,-9.502369080561506864e-02
6.827083333333332860e+01,-9.509207833460987802e-02
6.829166666666665719e+01,-9.517143340621136982e-02
6.831250000000000000e+01,-9.523871614937214070e-02
6.833333333333332860e+01,-9.529767616370925232e-02
6.835416666666665719e+01,-9.536027869686773684e-02
6.837500000000000000e+01,-9.539302976275070012e-02
6.839583333333332860e+01,-9.535840966461894830e-02
6.841666666666665719e+01,-9.527074042138197751e-02
6.843750000000000000e+01,-9.515529744747509844e-02
6.845833333333332860e+01,-9.499189288717109492e-02
6.847916666666665719e+01,-9.475622710549738703e-02
6.850000000000000000e+01,-9.447578353583110933e-02
6.852083333333332860e+01,-9.418903057328628647e-02
6.854166666666665719e+01,-9.388893421321577171e-02
6.856250000000000000e+01,-9.356362969526407780e-02
6.858333333333332860e+01,-9.324769485793410473e-02
6.860416666666665719e+01,-9.298043242132826569e-02
6.862500000000000000e+01,-9.275481414096502231e-02
6.864583333333332860e+01,-9.255828230832889580e-02
6.866666666666665719e+01,-9.240963335600202444e-02
6.868750000000000000e+01,-9.231391063367641592e-02
6.870833333333332860e+01,-9.224272811039385678e-02
6.872916666666665719e+01,-9.218086352853062382e-02
6.875000000000000000e+01,-9.214818927177913233e-02
6.877083333333332860e+01,-9.215287946326285173e-02
6.879166666666665719e+01,-9.216323990506505859e-02
6.881250000000000000e+01,-9.215316251392710600e-02
6.883333333333332860e+01,-9.214941834977781465e-02
6.885416666666665719e+01,-9.219038030231777037e-02
6.887500000000000000e+01,-9.226867255707742188e-02
6.889583333333332860e+01,-9.236594119278036807e-02
6.891666666666665719e+01,-9.249508416213517159e-02
6.893750000000000000e+01,-9.266267346623993650e-02
6.895833333333332860e+01,-9.282960080385235790e-02
6.897916666666665719e+01,-9.295429526532748843e-02
6.900000000000000000e+01,-9.304731884382658191e-02
6.902083333333332860e+01,-9.313055901307513984e-02
6.904166666666665719e+01,-9.318037184791871930e-02
6.906250000000000000e+01,-9.316884708060269027e-02
6.908333333333332860e+01,-9.311996845487915953e-02
6.910416666666665719e+01,-9.306854369132101790e-02
6.912500000000000000e+01,-9.300365271861418814e-02
6.914583333333332860e+01,-9.291005076855025913e-02
6.916666666666665719e+01,-9.282004529739504295e-02
6.918750000000000000e+01,-9.277137313280886532e-02
6.920833333333332860e+01,-9.275556297060354172e-02
6.922916666666665719e+01,-9.275829324384947394e-02
6.925000000000000000e+01,-9.279537649724156623e-02
6.927083333333332860e+01,-9.286802158529655626e-02
6.929166666666665719e+01,-9.294589126145610947e-02
6.931250000000000000e+01,-9.301442228579789862e-02
6.933333333333332860e+01,-9.309159260851695983e-02
6.935416666666665719e+01,-9.318038053551432054e-02
6.937500000000000000e+01,-9.325395449416647164e-02
6.939583333333332860e+01,-9.330291997855358344e-02
6.941666666666665719e+01,-9.334381195029677059e-02
6.943750000000000000e+01,-9.337145149144313039e-02
6.945833333333332860e+01,-9.337544912430613409e-02
6.947916666666665719e+01,-9.337464561170065458e-02
6.950000000000000000e+01,-9.337420956395182936e-02
6.952083333333332860e+01,-9.335156018916014597e-02
6.954166666666665719e+01,-9.330285974587711195e-02
6.956250000000000000e+01,-9.324169780359946313e-02
6.958333333333332860e+01,-9.314890148593465979e-02
6.960416666666665719e+01,-9.300264151211501407e-02
6.962500000000000000e+01,-9.283282573188107734e-02
6.964583333333332860e+01,-9.268024673343708275e-02
6.966666666666665719e+01,-9.254026508944110385e-02
6.968750000000000000e+01,-9.240293901885243688e-02
6.970833333333332860e+01,-9.228977805323987371e-02
6.972916666666665719e+01,-9.220863643384433206e-02
6.975000000000000000e+01,-9.213230608585730452e-02
6.977083333333332860e+01,-9.204435386473666658e-02
6.979166666666665719e+01,-9.197161844766461869e-02
6.981250000000000000e+01,-9.193996395696450719e-02
6.983333333333332860e+01,-9.192797196673777038e-02
6.985416666666665719e+01,-9.190998311769292550e-02
6.987500000000000000e+01,-9.191228480230344278e-02
6.989583333333332860e+01,-9.197225853589209577e-02
6.991666666666665719e+01,-9.208120308480219340e-02
6.993750000000000000e+01,-9.221748811950514213e-02
6.995833333333332860e+01,-9.239318434720010520e-02
6.997916666666665719e+01,-9.261947522921677722e-02
7.000000000000000000e+01,-9.285969970714516575e-02
7.002083333333332860e+01,-9.307105596702389128e-02
7.004166666666665719e+01,-9.326052156369139812e-02
7.006250000000000000e+01,-9.344328950349503615e-02
7.008333333333332860e+01,-9.358464349905712409e-02
7.010416666666665719e+01,-9.364085607206662498e-02
7.012500000000000000e+01,-9.361536078517074255e-02
7.014583333333332860e+01,-9.352207600768119855e-02
7.016666666666665719e+01,-9.334725910789012926e-02
7.018750000000000000e+01,-9.309099094057751711e-02
7.020833333333332860e+01,-9.278221912150634576e-02
7.022916666666665719e+01,-9.243283977608138247e-02
7.025000000000000000e+01,-9.203747188293644188e-02
7.027083333333332860e+01,-9.162260715884749940e-02
7.029166666666665719e+01,-9.121785675655366687e-02
7.031250000000000000e+01,-9.080128202970055851e-02
7.033333333333332860e+01,-9.034042916834078563e-02
7.035416666666665719e+01,-8.984777660663210985e-02
7.037500000000000000e+01,-8.934234631185801467e-02
7.039583333333332860e+01,-8.881263917305033673e-02
7.041666666666665719e+01,-8.826041673295439982e-02
7.043750000000000000e+01,-8.771990172204502390e-02
7.045833333333332860e+01,-8.721198389192771905e-02
7.047916666666665719e+01,-8.671827778232849004e-02
7.050000000000000000e+01,-8.622741291141679254e-02
7.052083333333332860e+01,-8.577474144771936315e-02
7.054166666666665719e+01,-8.540022697818795694e-02
7.056250000000000000e+01,-8.509219887887381484e-02
7.058333333333332860e+01,-8.482815011286980178e-02
7.060416666666665719e+01,-8.463031951777466588e-02
7.062500000000000000e+01,-8.452568048522282607e-02
7.064583333333332860e+01,-8.449096199527515727e-02
7.066666666666665719e+01,-8.449280594576456804e-02
7.068750000000000000e+01,-8.454303299029428120e-02
7.070833333333332860e+01,-8.465869096532131766e-02
7.072916666666665719e+01,-8.480519479835740837e-02
7.075000000000000000e+01,-8.493700869123631259e-02
7.077083333333332860e+01,-8.505387285219184745e-02
7.079166666666665719e+01,-8.516603690026369744e-02
7.081250000000000000e+01,-8.525444554417481446e-02
7.083333333333332860e+01,-8.530971826224376109e-02
7.085416666666665719e+01,-8.535897602031708442e-02
7.087500000000000000e+01,-8.542068413619957612e-02
7.089583333333332860e+01,-8.546450655391789331e-02
7.091666666666665719e+01,-8.545496650811224004e-02
7.093750000000000000e+01,-8.540212049527828864e-02
7.095833333333332860e+01,-8.532225963547918068e-02
7.097916666666665719e+01,-8.520160011140182066e-02
7.100000000000000000e+01,-8.504050577231218877e-02
7.102083333333332860e+01,-8.486846784722064385e-02
7.104166666666665719e+01,-8.469823159783998467e-02
7.106250000000000000e+01,-8.451877489983566916e-02
7.108333333333332860e+01,-8.434352497182129316e-02
7.110416666666665719e+01,-8.418864807307883946e-02
7.112500000000000000e+01,-8.403327346715790125e-02
7.114583333333332860e+01,-8.386386401717052519e-02
7.116666666666665719e+01,-8.371425654561151508e-02
7.118750000000000000e+01,-8.362259329100642236e-02
7.120833333333332860e+01,-8.357529474432334737e-02
7.122916666666665719e+01,-8.354748226540464895e-02
7.125000000000000000e+01,-8.355963662802826097e-02
7.127083333333332860e+01,-8.363727722411344601e-02
7.129166666666665719e+01,-8.375468808333592918e-02
7.131250000000000000e+01,-8.387471162196198649e-02
7.133333333333332860e+01,-8.400579417749251543e-02
7.135416666666665719e+01,-8.416160252319189461e-02
7.137500000000000000e+01,-8.431015214749794373e-02
7.139583333333332860e+01,-8.441555021012266125e-02
7.141666666666665719e+01,-8.448840577755355186e-02
7.143750000000000000e+01,-8.454491991039973786e-02
7.145833333333332860e+01,-8.456334084619084035e-02
7.147916666666665719e+01,-8.452853787329525637e-02
7.150000000000000000e+01,-8.447363427123778801e-02
7.152083333333332860e+01,-8.443661130373619761e-02
7.154166666666665719e+01,-8.440384129372698052e-02
7.156250000000000000e+01,-8.435006460462932121e-02
7.158333333333332860e+01,-8.429524705032295784e-02
7.160416666666665719e+01,-8.426409761724387715e-02
7.162500000000000000e+01,-8.422977049293313423e-02
7.164583333333332860e+01,-8.415383002827551973e-02
7.166666666666665719e+01,-8.404352170765093388e-02
7.168750000000000000e+01,-8.391860834601788666e-02
7.170833333333332860e+01,-8.376742433912147401e-02
7.172916666666665719e+01,-8.358207427522781896e-02
7.175000000000000000e+01,-8.340184942818562597e-02
7.177083333333332860e+01,-8.327070948932313588e-02
7.179166666666665719e+01,-8.318062277352301914e-02
7.181250000000000000e+01,-8.311298605323294564e-02
7.183333333333332860e+01,-8.309584890884628983e-02
7.185416666666665719e+01,-8.316250770295756378e-02
7.187500000000000000e+01,-8.329504114283897698e-02
7.189583333333332860e+01,-8.346390849915100163e-02
7.191666666666665719e+01,-8.368490063450677308e-02
7.193750000000000000e+01,-8.397860162185638577e-02
7.195833333333332860e+01,-8.431396680963576529e-02
7.197916666666665719e+01,-8.464832551364107061e-02
7.200000000000000000e+01,-8.498436974233333774e-02
7.202083333333332860e+01,-8.533033415703157598e-02
7.204166666666665719e+01,-8.565476277299929886e-02
7.206250000000000000e+01,-8.592947251498958550e-02
7.208333333333332860e+01,-8.617324467199023730e-02
7.210416666666665719e+01,-8.640992232552067998e-02
7.212500000000000000e+01,-8.661191258832605377e-02
7.214583333333332860e+01,-8.673994243646451774e-02
7.216666666666665719e+01,-8.680046348291414748e-02
7.218750000000000000e+01,-8.681041951600187989e-02
7.220833333333332860e+01,-8.675880854533238318e-02
7.222916666666665719e+01,-8.664533462195064817e-02
7.225000000000000000e+01,-8.650131663147640759e-02
7.227083333333332860e+01,-8.634412135357545648e-02
7.229166666666665719e+01,-8.616080028311519368e-02
7.231250000000000000e+01,-8.595440149319848178e-02
7.233333333333332860e+01,-8.574799267936290825e-02
7.235416666666665719e+01,-8.553719522458612390e-02
7.237500000000000000e+01,-8.531002797410532079e-02
7.239583333333332860e+01,-8.509948665565543469e-02
7.241666666666665719e+01,-8.494348679222053777e-02
7.243750000000000000e+01,-8.482843681466076258e-02
7.245833333333332860e+01,-8.472980113110573086e-02
7.247916666666665719e+01,-8.466775755021942185e-02
7.250000000000000000e+01,-8.466710520629494585e-02
7.252083333333332860e+01,-8.470139899128707739e-02
7.254166666666665719e+01,-8.473357356005208063e-02
7.256250000000000000e+01,-8.477127015656127362e-02
7.258333333333332860e+01,-8.482745843850535150e-02
7.260416666666665719e+01,-8.487772064847144693e-02
7.262500000000000000e+01,-8.490464717212803381e-02
7.264583333333332860e+01,-8.493746920994393879e-02
7.266666666666665719e+01,-8.500973016944178562e-02
7.268750000000000000e+01,-8.510432226041285408e-02
7.270833333333332860e+01,-8.519435356814143712e-02
7.272916666666665719e+01,-8.529777331897525627e-02
7.275000000000000000e+01,-8.543716755131124108e-02
7.277083333333332860e+01,-8.558369530841786199e-02
7.279166666666665719e+01,-8.569780850730238098e-02
7.281250000000000000e+01,-8.578466862325598297e-02
7.283333333333332860e+01,-8.585532244679092151e-02
7.285416666666665719e+01,-8.589297640591804506e-02
7.287500000000000000e+01,-8.589813074583316221e-02
7.289583333333332860e+01,-8.589238620117699285e-02
7.291666666666665719e+01,-8.587107301012096572e-02
7.293750000000000000e+01,-8.582255592260966404e-02
7.295833333333332860e+01,-8.578199095469429825e-02
7.297916666666665719e+01,-8.579089908483750193e-02
7.300000000000000000e+01,-8.584146910884909998e-02
7.302083333333332860e+01,-8.591723582918960045e-02
7.304166666666665719e+01,-8.604206575029506310e-02
7.306250000000000000e+01,-8.623696739683790746e-02
7.308333333333332860e+01,-8.647387788162559652e-02
7.310416666666665719e+01,-8.671676041435683047e-02
7.312500000000000000e+01,-8.697940663706504871e-02
7.314583333333332860e+01,-8.728452694083994878e-02
7.316666666666665719e+01,-8.760749022653735452e-02
7.318750000000000000e+01,-8.791688307492051546e-02
7.320833333333332860e+01,-8.823075906631935861e-02
7.322916666666665719e+01,-8.857536255497031052e-02
7.325000000000000000e+01,-8.892888261168760411e-02
7.327083333333332860e+01,-8.926163161234429433e-02
7.329166666666665719e+01,-8.959276447331616933e-02
7.331250000000000000e+01,-8.994901372240723947e-02
7.333333333333332860e+01,-9.030923249764413741e-02
7.335416666666665719e+01,-9.064399516786203481e-02
7.337500000000000000e+01,-9.097199284738642644e-02
7.339583333333332860e+01,-9.131949630059209289e-02
7.341666666666665719e+01,-9.166465048320714126e-02
7.343750000000000000e+01,-9.197763071616728292e-02
7.345833333333332860e+01,-9.227773580824580324e-02
7.347916666666665719e+01,-9.259196515812287420e-02
7.350000000000000000e+01,-9.289945238330411803e-02
7.352083333333332860e+01,-9.317203151402239647e-02
7.354166666666665719e+01,-9.343081292548130468e-02
7.356250000000000000e+01,-9.370466499168191021e-02
7.358333333333332860e+01,-9.397403147233469867e-02
7.360416666666665719e+01,-9.421133451085912658e-02
7.362500000000000000e+01,-9.443832026034895688e-02
7.364583333333332860e+01,-9.468446647415831863e-02
7.366666666666665719e+01,-9.493075642699688732e-02
7.368750000000000000e+01,-9.515015531193340981e-02
7.370833333333332860e+01,-9.536490586461399133e-02
7.372916666666665719e+01,-9.560492983234288034e-02
7.375000000000000000e+01,-9.585177040457194819e-02
7.377083333333332860e+01,-9.607881819702684956e-02
7.379166666666665719e+01,-9.630542899045516081e-02
7.381250000000000000e+01,-9.655462529843877872e-02
7.383333333333332860e+01,-9.680060615504983146e-02
7.385416666666665719e+01,-9.700965737511367537e-02
7.387500000000000000e+01,-9.719713535421364847e-02
7.389583333333332860e+01,-9.738605190074095530e-02
7.391666666666665719e+01,-9.755194383615671538e-02
7.393750000000000000e+01,-9.766295653485078387e-02
7.395833333333332860e+01,-9.773562947682515323e-02
7.397916666666665719e+01,-9.779413879923416764e-02
7.400000000000000000e+01,-9.781489708843996156e-02
7.402083333333332860e+01,-9.776644365913042534e-02
7.404166666666665719e+01,-9.766593233635477433e-02
7.406250000000000000e+01,-9.753812212234796997e-02
7.408333333333332860e+01,-9.736004810714163349e-02
7.410416666666665719e+01,-9.710076755897401046e-02
7.412500000000000000e+01,-9.677777297655734690e-02
7.414583333333332860e+01,-9.641619942494056295e-02
7.416666666666665719e+01,-9.599352582463997752e-02
7.418750000000000000e+01,-9.547925870476753341e-02
7.420833333333332860e+01,-9.489170554789802536e-02
7.422916666666665719e+01,-9.425802089217637236e-02
7.425000000000000000e+01,-9.356862668250831572e-02
7.427083333333332860e+01,-9.282006196247898078e-02
7.429166666666665719e+01,-9.205913678763677499e-02
7.431250000000000000e+01,-9.134016561382532484e-02
7.433333333333332860e+01,-9.066945698155121081e-02
7.435416666666665719e+01,-9.004420792999523471e-02
7.437500000000000000e+01,-8.949194332075892377e-02
7.439583333333332860e+01,-8.902553915507693816e-02
7.441666666666665719e+01,-8.861875251154101296e-02
7.443750000000000000e+01,-8.825155055988359587e-02
7.445833333333332860e+01,-8.795410165348235831e-02
7.447916666666665719e+01,-8.776412688962222097e-02
7.450000000000000000e+01,-8.767204262851269192e-02
7.452083333333332860e+01,-8.765981519136865907e-02
7.454166666666665719e+01,-8.773970339977495148e-02
7.456250000000000000e+01,-8.790962537080189432e-02
7.458333333333332860e+01,-8.813233760022924634e-02
7.460416666666665719e+01,-8.838077326177608273e-02
7.462500000000000000e+01,-8.867367529387805425e-02
7.464583333333332860e+01,-8.903230911967492667e-02
7.466666666666665719e+01,-8.942987646896920217e-02
7.468750000000000000e+01,-8.983155277734206079e-02
7.470833333333332860e+01,-9.025189173021423705e-02
7.472916666666665719e+01,-9.071413875717840303e-02
7.475000000000000000e+01,-9.119368008642482482e-02
7.477083333333332860e+01,-9.165846793988483010e-02
7.479166666666665719e+01,-9.212567990980680133e-02
7.481250000000000000e+01,-9.262016824765982592e-02
7.483333333333332860e+01,-9.311844151407901171e-02
7.485416666666665719e+01,-9.358908011411777583e-02
7.487500000000000000e+01,-9.404989256347365267e-02
7.489583333333332860e+01,-9.452634891371165804e-02
7.491666666666665719e+01,-9.499560893802774797e-02
7.493750000000000000e+01,-9.542694613121659175e-02
7.495833333333332860e+01,-9.583875470859348766e-02
7.497916666666665719e+01,-9.625705197548906078e-02
7.500000000000000000e+01,-9.665975667066353805e-02
7.502083333333332860e+01,-9.701679129365414767e-02
7.504166666666665719e+01,-9.734675673444904975e-02
7.506250000000000000e+01,-9.767584677351894007e-02
7.508333333333332860e+01,-9.798233387822187501e-02
7.510416666666665719e+01,-9.823654801718632867e-02
7.512500000000000000e+01,-9.845740037071447348e-02
7.514583333333332860e+01,-9.867143412584437889e-02
7.516666666666665719e+01,-9.885828664335842564e-02
7.518750000000000000e+01,-9.899069492467958697e-02
7.520833333333332860e+01,-9.909064318051265252e-02
7.522916666666665719e+01,-9.918903128370207267e-02
7.525000000000000000e+01,-9.926947764764323945e-02
7.527083333333332860e+01,-9.930799763237513345e-02
7.529166666666665719e+01,-9.932838763642524993e-02
7.531250000000000000e+01,-9.936129418551993553e-02
7.533333333333332860e+01,-9.938973025731159816e-02
7.535416666666665719e+01,-9.938860409359975834e-02
7.537500000000000000e+01,-9.938028210979900356e-02
7.539583333333332860e+01,-9.939388510060785664e-02
7.541666666666665719e+01,-9.941081347182940953e-02
7.543750000000000000e+01,-9.940455851388339814e-02
7.545833333333332860e+01,-9.939666727294363402e-02
7.547916666666665719e+01,-9.941568731749941823e-02
7.550000000000000000e+01,-9.944239169965281289e-02
7.552083333333332860e+01,-9.944964385891058578e-02
7.554166666666665719e+01,-9.945809722751283721e-02
7.556250000000000000e+01,-9.949493837483654179e-02
7.558333333333332860e+01,-9.953922953305437138e-02
7.560416666666665719e+01,-9.956194237462015484e-02
7.562500000000000000e+01,-9.958254954506720602e-02
7.564583333333332860e+01,-9.962807983165254677e-02
7.566666666666665719e+01,-9.967818297290795271e-02
7.568750000000000000e+01,-9.970549426204231014e-02
7.570833333333332860e+01,-9.973120911076585604e-02
7.572916666666665719e+01,-9.978385733556099924e-02
7.575000000000000000e+01,-9.984400834637507938e-02
7.577083333333332860e+01,-9.988421058750242276e-02
7.579166666666665719e+01,-9.992416783696546345e-02
7.581250000000000000e+01,-9.998905073327202242e-02
7.583333333333332860e+01,-1.000555221836628983e-01
7.585416666666665719e+01,-1.000923761238886878e-01
7.587500000000000000e+01,-1.001175495242768443e-01
7.589583333333332860e+01,-1.001566107966363889e-01
7.591666666666665719e+01,-1.001871431191056483e-01
7.593750000000000000e+01,-1.001790779926086533e-01
7.595833333333332860e+01,-1.001511942668255467e-01
7.597916666666665719e+01,-1.001298687737164350e-01
7.600000000000000000e+01,-1.000941952596050705e-01
7.602083333333332860e+01,-1.000153896121492303e-01
7.604166666666665719e+01,-9.991245757572893293e-02
7.606250000000000000e+01,-9.981216016246424738e-02
7.608333333333332860e+01,-9.969352058918201642e-02
7.610416666666665719e+01,-9.952762434843598349e-02
7.612500000000000000e+01,-9.933453078944519399e-02
7.614583333333332860e+01,-9.914175831514668302e-02
7.616666666666665719e+01,-9.892819034158614744e-02
7.618750000000000000e+01,-9.866469017843072786e-02
7.620833333333332860e+01,-9.837114677942780661e-02
7.622916666666665719e+01,-9.807506628548891270e-02
7.625000000000000000e+01,-9.775587441028406321e-02
7.627083333333332860e+01,-9.738504145205079121e-02
7.629166666666665719e+01,-9.698388878125970003e-02
7.631250000000000000e+01,-9.658288185671476400e-02
7.633333333333332860e+01,-9.616558722604601206e-02
7.635416666666665719e+01,-9.570897799652620941e-02
7.637500000000000000e+01,-9.524056537144211243e-02
7.639583333333332860e+01,-9.479798500466625477e-02
7.641666666666665719e+01,-9.437323290583674029e-02
7.643750000000000000e+01,-9.395309902674060798e-02
7.645833333333332860e+01,-9.356769715336565874e-02
7.647916666666665719e+01,-9.324806814543824818e-02
7.650000000000000000e+01,-9.297866252584464919e-02
7.652083333333332860e+01,-9.273883057124013285e-02
7.654166666666665719e+01,-9.255400976365223131e-02
7.656250000000000000e+01,-9.245411721633706170e-02
7.658333333333332860e+01,-9.242278574439613537e-02
7.660416666666665719e+01,-9.243812282549417059e-02
7.662500000000000000e+01,-9.251300009519745904e-02
7.664583333333332860e+01,-9.265033711936974947e-02
7.666666666666665719e+01,-9.280845337375503989e-02
7.668750000000000000e+01,-9.294532321324669444e-02
7.670833333333332860e+01,-9.307126758690748014e-02
7.672916666666665719e+01,-9.320791916769863295e-02
7.675000000000000000e+01,-9.333141215789513001e-02
7.677083333333332860e+01,-9.341347329610995287e-02
7.679166666666665719e+01,-9.347768386847764288e-02
7.681250000000000000e+01,-9.355889896826483088e-02
7.683333333333332860e+01,-9.364645510733683731e-02
7.685416666666665719e+01,-9.372418017598994899e-02
7.687500000000000000e+01,-9.380965961786205676e-02
7.689583333333332860e+01,-9.390955053502980654e-02
7.691666666666665719e+01,-9.398922916347964007e-02
7.693750000000000000e+01,-9.401791631937186922e-02
7.695833333333332860e+01,-9.401755462929223262e-02
7.697916666666665719e+01,-9.402147349013051381e-02
7.700000000000000000e+01,-9.401754385364095856e-02
7.702083333333332860e+01,-9.398856706391797711e-02
7.704166666666665719e+01,-9.396087139744332961e-02
7.706250000000000000e+01,-9.396196528987883767e-02
7.708333333333332860e+01,-9.397282273290358257e-02
7.710416666666665719e+01,-9.396972774727141431e-02
7.712500000000000000e+01,-9.398062681453320244e-02
7.714583333333332860e+01,-9.404417101691039949e-02
7.716666666666665719e+01,-9.415193998866971947e-02
7.718750000000000000e+01,-9.427819392773760521e-02
7.720833333333332860e+01,-9.443215163370739795e-02
7.722916666666665719e+01,-9.463173487344755941e-02
7.725000000000000000e+01,-9.484957535580197663e-02
7.727083333333332860e+01,-9.505337308607914037e-02
7.729166666666665719e+01,-9.526225933645959820e-02
7.731250000000000000e+01,-9.550708198867219334e-02
7.733333333333332860e+01,-9.577327384052636283e-02
7.735416666666665719e+01,-9.603705477457187556e-02
7.737500000000000000e+01,-9.630446420025517984e-02
7.739583333333332860e+01,-9.657082682076785496e-02
7.741666666666665719e+01,-9.680614459091832491e-02
7.743750000000000000e+01,-9.700208743963459335e-02
7.745833333333332860e+01,-9.716006164426019276e-02
7.747916666666665719e+01,-9.725303852356448342e-02
7.750000000000000000e+01,-9.726660592783614723e-02
7.752083333333332860e+01,-9.722739171930788737e-02
7.754166666666665719e+01,-9.715750143263794658e-02
7.756250000000000000e+01,-9.703260874034730366e-02
7.758333333333332860e+01,-9.682375267125996332e-02
7.760416666666665719e+01,-9.655363547421645654e-02
7.762500000000000000e+01,-9.625578187134530006e-02
7.764583333333332860e+01,-9.591880455472602540e-02
7.766666666666665719e+01,-9.552602865280494793e-02
7.768750000000000000e+01,-9.511157937297699816e-02
7.770833333333332860e+01,-9.472049529895316955e-02
7.772916666666665719e+01,-9.435268321779721745e-02
7.775000000000000000e+01,-9.399876622679373406e-02
7.777083333333332860e+01,-9.367758812053381123e-02
7.779166666666665719e+01,-9.339543260586240236e-02
7.781250000000000000e+01,-9.312795070399265684e-02
7.783333333333332860e+01,-9.286565818043587828e-02
7.785416666666665719e+01,-9.262658364169032432e-02
7.787500000000000000e+01,-9.240895231015935907e-02
7.789583333333332860e+01,-9.220029725167966372e-02
7.791666666666665719e+01,-9.201839436967096386e-02
7.793750000000000000e+01,-9.187769184410203571e-02
7.795833333333332860e+01,-9.174566821922518212e-02
7.797916666666665719e+01,-9.158498369364936886e-02
7.800000000000000000e+01,-9.140913888483476191e-02
7.802083333333332860e+01,-9.124245615023474087e-02
7.804166666666665719e+01,-9.106361753094059652e-02
7.806250000000000000e+01,-9.084716245717523730e-02
7.808333333333332860e+01,-9.061964448746404055e-02
7.810416666666665719e+01,-9.041882152536470652e-02
7.812500000000000000e+01,-9.023684263772253911e-02
7.814583333333332860e+01,-9.006060507010783811e-02
7.816666666666665719e+01,-8.991575125664090506e-02
7.818750000000000000e+01,-8.982276724783919142e-02
7.820833333333332860e+01,-8.975463261359326039e-02
7.822916666666665719e+01,-8.967926136957161953e-02
7.825000000000000000e+01,-8.961604061117421638e-02
7.827083333333332860e+01,-8.959573996741015955e-02
7.829166666666665719e+01,-8.960334435335166881e-02
7.831250000000000000e+01,-8.961879830695122784e-02
7.833333333333332860e+01,-8.966738224374533328e-02
7.835416666666665719e+01,-8.977755011197859070e-02
7.837500000000000000e+01,-8.993136438507580432e-02
7.839583333333332860e+01,-9.010591554419056237e-02
7.841666666666665719e+01,-9.031873735135970138e-02
7.843750000000000000e+01,-9.058380784573828726e-02
7.845833333333332860e+01,-9.086775369205257746e-02
7.847916666666665719e+01,-9.113313322526833682e-02
7.850000000000000000e+01,-9.139425336679662948e-02
7.852083333333332860e+01,-9.167609132882011125e-02
7.854166666666665719e+01,-9.195803516862117999e-02
7.856250000000000000e+01,-9.221516890707687208e-02
7.858333333333332860e+01,-9.246989020034521167e-02
7.860416666666665719e+01,-9.275012390953855934e-02
7.862500000000000000e+01,-9.303785579765624925e-02
7.864583333333332860e+01,-9.330949527217974326e-02
7.866666666666665719e+01,-9.357990206616262352e-02
7.868750000000000000e+01,-9.385929631311441812e-02
7.870833333333332860e+01,-9.411068354133102221e-02
7.872916666666665719e+01,-9.429266313487139062e-02
7.875000000000000000e+01,-9.441576081593130998e-02
7.877083333333332860e+01,-9.450201593638038466e-02
7.879166666666665719e+01,-9.452804360333538769e-02
7.881250000000000000e+01,-9.446542902852710089e-02
7.883333333333332860e+01,-9.433731755040214439e-02
7.885416666666665719e+01,-9.417845269121580265e-02
7.887500000000000000e+01,-9.397796301151445375e-02
7.889583333333332860e+01,-9.372031679363791723e-02
7.891666666666665719e+01,-9.344186028323349380e-02
7.893750000000000000e+01,-9.319025576196619809e-02
7.895833333333332860e+01,-9.296674172773700118e-02
7.897916666666665719e+01,-9.275540721409028522e-02
7.900000000000000000e+01,-9.257445476735018386e-02
7.902083333333332860e+01,-9.244891602811103337e-02
7.904166666666665719e+01,-9.235785562888819411e-02
7.906250000000000000e+01,-9.227613971479585453e-02
7.908333333333332860e+01,-9.223046689142479215e-02
7.910416666666665719e+01,-9.225741205018578306e-02
7.912500000000000000e+01,-9.234627001595571705e-02
7.914583333333332860e+01,-9.247027541611856083e-02
7.916666666666665719e+01,-9.263932003198536991e-02
7.918750000000000000e+01,-9.287052509650428611e-02
7.920833333333332860e+01,-9.313237296599567727e-02
7.922916666666665719e+01,-9.338448842444818654e-02
7.925000000000000000e+01,-9.363373323090629086e-02
7.927083333333332860e+01,-9.389411029191838121e-02
7.929166666666665719e+01,-9.413083720738241178e-02
7.931250000000000000e+01,-9.430144069327686673e-02
7.933333333333332860e+01,-9.441142581079937923e-02
7.935416666666665719e+01,-9.447464383172493596e-02
7.937500000000000000e+01,-9.446073532818609342e-02
7.939583333333332860e+01,-9.433773576719016452e-02
7.941666666666665719e+01,-9.412198871373941844e-02
7.943750000000000000e+01,-9.383716827993208998e-02
7.945833333333332860e+01,-9.346543303703445937e-02
7.947916666666665719e+01,-9.299093850567033415e-02
7.950000000000000000e+01,-9.244716438179827189e-02
7.952083333333332860e+01,-9.187548573803604179e-02
7.954166666666665719e+01,-9.126778949940324293e-02
7.956250000000000000e+01,-9.060790092153427067e-02
7.958333333333332860e+01,-8.992787582617160769e-02
7.960416666666665719e+01,-8.926758260469845607e-02
7.962500000000000000e+01,-8.861775502080118661e-02
7.964583333333332860e+01,-8.796149719749343787e-02
7.966666666666665719e+01,-8.732985746947642680e-02
7.968750000000000000e+01,-8.676232652226162356e-02
7.970833333333332860e+01,-8.625030393404409246e-02
7.972916666666665719e+01,-8.577755135578003787e-02
7.975000000000000000e+01,-8.537615564224859677e-02
7.977083333333332860e+01,-8.508620142022034483e-02
7.979166666666665719e+01,-8.489837059103540196e-02
7.981250000000000000e+01,-8.479510704300331769e-02
7.983333333333332860e+01,-8.479134759423048728e-02
7.985416666666665719e+01,-8.488948478159644151e-02
7.987500000000000000e+01,-8.504627730012509490e-02
7.989583333333332860e+01,-8.521757816459632484e-02
7.991666666666665719e+01,-8.540568790363599339e-02
7.993750000000000000e+01,-8.561808074486428055e-02
7.995833333333332860e+01,-8.581876209633555741e-02
7.997916666666665719e+01,-8.597021593530149164e-02
8.000000000000000000e+01,-8.608130392551134602e-02
8.002083333333332860e+01,-8.616653806544391503e-02
8.004166666666665719e+01,-8.620177438788340085e-02
8.006250000000000000e+01,-8.616720582935928630e-02
8.008333333333332860e+01,-8.608999424589076910e-02
8.010416666666665719e+01,-8.600239068634225881e-02
8.012500000000000000e+01,-8.588540227773835967e-02
8.014583333333332860e+01,-8.570846281406448164e-02
8.016666666666665719e+01,-8.548642114060356345e-02
8.018750000000000000e+01,-8.523991259115289154e-02
8.020833333333332860e+01,-8.495500046458168142e-02
8.022916666666665719e+01,-8.462730602390827750e-02
8.025000000000000000e+01,-8.429428002132786923e-02
8.027083333333332860e+01,-8.399091148575299481e-02
8.029166666666665719e+01,-8.369979388620014948e-02
8.031250000000000000e+01,-8.339188575286504701e-02
8.033333333333332860e+01,-8.308363083514228031e-02
8.035416666666665719e+01,-8.279683353457117923e-02
8.037500000000000000e+01,-8.251082032331444327e-02
8.039583333333332860e+01,-8.220488349727267385e-02
8.041666666666665719e+01,-8.190503188734211959e-02
8.043750000000000000e+01,-8.164220668826399629e-02
8.045833333333332860e+01,-8.139562196072691602e-02
8.047916666666665719e+01,-8.113278976961825484e-02
8.050000000000000000e+01,-8.086673021863401145e-02
8.052083333333332860e+01,-8.061633586168333310e-02
8.054166666666665719e+01,-8.036683547911691039e-02
8.056250000000000000e+01,-8.011401423051119075e-02
8.058333333333332860e+01,-7.989208875246306407e-02
8.060416666666665719e+01,-7.972806855743777565e-02
8.062500000000000000e+01,-7.959584500168588594e-02
8.064583333333332860e+01,-7.945775528510921892e-02
8.066666666666665719e+01,-7.932176264465400084e-02
8.068750000000000000e+01,-7.920410207646079448e-02
8.070833333333332860e+01,-7.908980065213740140e-02
8.072916666666665719e+01,-7.897380197071128538e-02
8.075000000000000000e+01,-7.888801784159366060e-02
8.077083333333332860e+01,-7.885550808495053743e-02
8.079166666666665719e+01,-7.884610154209115152e-02
8.081250000000000000e+01,-7.881804885610650679e-02
8.083333333333332860e+01,-7.877568785363707471e-02
8.085416666666665719e+01,-7.873953525908403139e-02
8.087500000000000000e+01,-7.869536898552867421e-02
8.089583333333332860e+01,-7.862249507766888579e-02
8.091666666666665719e+01,-7.854601393171367629e-02
8.093750000000000000e+01,-7.849584569109395449e-02
8.095833333333332860e+01,-7.845015428692446446e-02
8.097916666666665719e+01,-7.837537320173831867e-02
8.100000000000000000e+01,-7.828338649314701969e-02
8.102083333333332860e+01,-7.819289279348261290e-02
8.104166666666665719e+01,-7.809122966700467183e-02
8.106250000000000000e+01,-7.797757080455750001e-02
8.108333333333332860e+01,-7.788487965921109257e-02
8.110416666666665719e+01,-7.783366369577526811e-02
8.112500000000000000e+01,-7.780025211599134183e-02
8.114583333333332860e+01,-7.776115071218692165e-02
8.116666666666665719e+01,-7.773951550542174127e-02
8.118750000000000000e+01,-7.776332618378604955e-02
8.120833333333332860e+01,-7.780886145946930288e-02
8.122916666666665719e+01,-7.784078166569007029e-02
8.125000000000000000e+01,-7.786918652997114332e-02
8.127083333333332860e+01,-7.791010669973580383e-02
8.129166666666665719e+01,-7.794638697333988731e-02
8.131250000000000000e+01,-7.797184258637079868e-02
8.133333333333332860e+01,-7.801858205887376996e-02
8.135416666666665719e+01,-7.811152710242466601e-02
8.137500000000000000e+01,-7.822271138539295399e-02
8.139583333333332860e+01,-7.831243738220561301e-02
8.141666666666665719e+01,-7.838658757110338049e-02
8.143750000000000000e+01,-7.846210862839117506e-02
8.145833333333332860e+01,-7.852588644298030829e-02
8.147916666666665719e+01,-7.857186887577351231e-02
8.150000000000000000e+01,-7.863111299859386338e-02
8.152083333333332860e+01,-7.872678997130955203e-02
8.154166666666665719e+01,-7.882993292693787901e-02
8.156250000000000000e+01,-7.890104647404325156e-02
8.158333333333332860e+01,-7.894664989087554763e-02
8.160416666666665719e+01,-7.898546882972196093e-02
8.162500000000000000e+01,-7.900707437468802719e-02
8.164583333333332860e+01,-7.900822123511165584e-02
8.166666666666665719e+01,-7.901932632208122365e-02
8.168750000000000000e+01,-7.905840215778339730e-02
8.170833333333332860e+01,-7.910449750544040759e-02
8.172916666666665719e+01,-7.914412953214865210e-02
8.175000000000000000e+01,-7.921156204868240458e-02
8.177083333333332860e+01,-7.934554361136025857e-02
8.179166666666665719e+01,-7.953278790722495550e-02
8.181250000000000000e+01,-7.974954729059331726e-02
8.183333333333332860e+01,-8.001863522808808082e-02
8.185416666666665719e+01,-8.036760773466186669e-02
8.187500000000000000e+01,-8.077251707127179603e-02
8.189583333333332860e+01,-8.119802628877564876e-02
8.191666666666665719e+01,-8.165409695366249165e-02
8.193750000000000000e+01,-8.215571366314297630e-02
8.195833333333332860e+01,-8.266671494605479231e-02
8.197916666666665719e+01,-8.313968348234877792e-02
8.200000000000000000e+01,-8.357302496280215320e-02
8.202083333333332860e+01,-8.397449547967102135e-02
8.204166666666665719e+01,-8.432378734949176613e-02
8.206250000000000000e+01,-8.461297372362025504e-02
8.208333333333332860e+01,-8.486741246374146508e-02
8.210416666666665719e+01,-8.509954339496271503e-02
8.212500000000000000e+01,-8.528727764219307117e-02
8.214583333333332860e+01,-8.542087620556190752e-02
8.216666666666665719e+01,-8.553101909752518217e-02
8.218750000000000000e+01,-8.564341075568503159e-02
8.220833333333332860e+01,-8.573097275759801461e-02
8.222916666666665719e+01,-8.575512113263950020e-02
8.225000000000000000e+01,-8.572307540038440199e-02
8.227083333333332860e+01,-8.565400424628692722e-02
8.229166666666665719e+01,-8.553592893776465478e-02
8.231250000000000000e+01,-8.536170691645986186e-02
8.233333333333332860e+01,-8.517124885924308442e-02
8.235416666666665719e+01,-8.500942767815759804e-02
8.237500000000000000e+01,-8.486951213819740603e-02
8.239583333333332860e+01,-8.473302287745702877e-02
8.241666666666665719e+01,-8.462688651385405492e-02
8.243750000000000000e+01,-8.458278706453763174e-02
8.245833333333332860e+01,-8.458063472342010336e-02
8.247916666666665719e+01,-8.458877988580869312e-02
8.250000000000000000e+01,-8.462102577623013822e-02
8.252083333333332860e+01,-8.469581404296316895e-02
8.254166666666665719e+01,-8.477985506440549601e-02
8.256250000000000000e+01,-8.482898471293766340e-02
8.258333333333332860e+01,-8.484560659307681385e-02
8.260416666666665719e+01,-8.484697760902322472e-02
8.262500000000000000e+01,-8.481834758293124721e-02
8.264583333333332860e+01,-8.474406946558181442e-02
8.266666666666665719e+01,-8.465471719936883133e-02
8.268750000000000000e+01,-8.458531872205905799e-02
8.270833333333332860e+01,-8.451939238493580420e-02
8.272916666666665719e+01,-8.442930677163973385e-02
8.275000000000000000e+01,-8.433283456626823604e-02
8.277083333333332860e+01,-8.425303758019998812e-02
8.279166666666665719e+01,-8.416376525308261192e-02
8.281250000000000000e+01,-8.403028212616207859e-02
8.283333333333332860e+01,-8.386435200157085768e-02
8.285416666666665719e+01,-8.368411968395067513e-02
8.287500000000000000e+01,-8.347977099387238198e-02
8.289583333333332860e+01,-8.325779384010612016e-02
8.291666666666665719e+01,-8.304320458059462340e-02
8.293750000000000000e+01,-8.282983176638061829e-02
8.295833333333332860e+01,-8.260267554370076537e-02
8.297916666666665719e+01,-8.239230366598404576e-02
8.300000000000000000e+01,-8.223388264754856458e-02
8.302083333333332860e+01,-8.211054757498531531e-02
8.304166666666665719e+01,-8.199495831470055007e-02
8.306250000000000000e+01,-8.190531143481234733e-02
8.308333333333332860e+01,-8.186443109045940525e-02
8.310416666666665719e+01,-8.184348738273575230e-02
8.312500000000000000e+01,-8.180335039589779755e-02
8.314583333333332860e+01,-8.175051022511779786e-02
8.316666666666665719e+01,-8.170253257854902251e-02
8.318750000000000000e+01,-8.164615702344825421e-02
8.320833333333332860e+01,-8.157519891103205689e-02
8.322916666666665719e+01,-8.152446751048110507e-02
8.325000000000000000e+01,-8.152594675114295530e-02
8.327083333333332860e+01,-8.155979760948357804e-02
8.329166666666665719e+01,-8.159613453088668256e-02
8.331250000000000000e+01,-8.165015176142711995e-02
8.333333333333332860e+01,-8.174184817571364392e-02
8.335416666666665719e+01,-8.183967196255602372e-02
8.337500000000000000e+01,-8.190131234898263834e-02
8.339583333333332860e+01,-8.193015359128076602e-02
8.341666666666665719e+01,-8.194850062291983428e-02
8.343750000000000000e+01,-8.194536804233784610e-02
8.345833333333332860e+01,-8.190124156778855191e-02
8.347916666666665719e+01,-8.184141125682480034e-02
8.350000000000000000e+01,-8.179564406728762060e-02
8.352083333333332860e+01,-8.174194623227144796e-02
8.354166666666665719e+01,-8.164759013373340535e-02
8.356250000000000000e+01,-8.152497986178784684e-02
8.358333333333332860e+01,-8.139461207325811298e-02
8.360416666666665719e+01,-8.124811936732878603e-02
8.362500000000000000e+01,-8.109001136742721716e-02
8.364583333333332860e+01,-8.095029775052885179e-02
8.366666666666665719e+01,-8.083795194239237758e-02
8.368750000000000000e+01,-8.074922012861349141e-02
8.370833333333332860e+01,-8.071069910447258022e-02
8.372916666666665719e+01,-8.074359342758402613e-02
8.375000000000000000e+01,-8.081948931042405582e-02
8.377083333333332860e+01,-8.090213492719093569e-02
8.379166666666665719e+01,-8.100440160701205539e-02
8.381250000000000000e+01,-8.114680962639866935e-02
8.383333333333332860e+01,-8.130248236540911499e-02
8.385416666666665719e+01,-8.143723346016769338e-02
8.387500000000000000e+01,-8.156523293069406488e-02
8.389583333333332860e+01,-8.170826630810376634e-02
8.391666666666665719e+01,-8.184046776894948749e-02
8.393750000000000000e+01,-8.192810239876392731e-02
8.395833333333332860e+01,-8.198587629483333750e-02
8.397916666666665719e+01,-8.203640558494397494e-02
8.400000000000000000e+01,-8.206039888772653779e-02
8.402083333333332860e+01,-8.203740555925656541e-02
8.404166666666665719e+01,-8.199687757000137522e-02
8.406250000000000000e+01,-8.197727285335230929e-02
8.408333333333332860e+01,-8.196974274278866213e-02
8.410416666666665719e+01,-8.195853105993008980e-02
8.412500000000000000e+01,-8.197736669283997579e-02
8.414583333333332860e+01,-8.206814749721247360e-02
8.416666666666665719e+01,-8.222430531521648933e-02
8.418750000000000000e+01,-8.243033668796341529e-02
8.420833333333332860e+01,-8.270540015281806212e-02
8.422916666666665719e+01,-8.305795729774463620e-02
8.425000000000000000e+01,-8.344832120192167968e-02
8.427083333333332860e+01,-8.383210688730773075e-02
8.429166666666665719e+01,-8.421488808955394922e-02
8.431250000000000000e+01,-8.461001798239461968e-02
8.433333333333332860e+01,-8.498283648842640259e-02
8.435416666666665719e+01,-8.529155063729058905e-02
8.437500000000000000e+01,-8.554391044899628538e-02
8.439583333333332860e+01,-8.575619885703507361e-02
8.441666666666665719e+01,-8.591000803851341072e-02
8.443750000000000000e+01,-8.599614453180050300e-02
8.445833333333332860e+01,-8.605579823477185752e-02
8.447916666666665719e+01,-8.613731599216196966e-02
8.450000000000000000e+01,-8.624102000896614884e-02
8.452083333333332860e+01,-8.635761854216020272e-02
8.454166666666665719e+01,-8.650667748291906989e-02
8.456250000000000000e+01,-8.669284690824054229e-02
8.458333333333332860e+01,-8.689222547938187102e-02
8.460416666666665719e+01,-8.709832056765261232e-02
8.462500000000000000e+01,-8.732277021406965878e-02
8.464583333333332860e+01,-8.754528270389816402e-02
8.466666666666665719e+01,-8.774060026414563784e-02
8.468750000000000000e+01,-8.793333206516769363e-02
8.470833333333332860e+01,-8.815817214306366500e-02
8.472916666666665719e+01,-8.840278659619411894e-02
8.475000000000000000e+01,-8.864893139088352025e-02
8.477083333333332860e+01,-8.892026185451744336e-02
8.479166666666665719e+01,-8.923890059462546986e-02
8.481250000000000000e+01,-8.957972113380222035e-02
8.483333333333332860e+01,-8.991229909455944469e-02
8.485416666666665719e+01,-9.025815526024115465e-02
8.487500000000000000e+01,-9.064949207691884447e-02
8.489583333333332860e+01,-9.107340870776754749e-02
8.491666666666665719e+01,-9.151025199413852229e-02
8.493750000000000000e+01,-9.196906094937720710e-02
8.495833333333332860e+01,-9.244399019780100146e-02
8.497916666666665719e+01,-9.290613617074908182e-02
8.500000000000000000e+01,-9.335025897184262567e-02
8.502083333333332860e+01,-9.377991495028599467e-02
8.504166666666665719e+01,-9.416277778260559450e-02
8.506250000000000000e+01,-9.447367883616719642e-02
8.508333333333332860e+01,-9.474024435462594096e-02
8.510416666666665719e+01,-9.500162210937275475e-02
8.512500000000000000e+01,-9.525153750534047503e-02
8.514583333333332860e+01,-9.547496587276430025e-02
8.516666666666665719e+01,-9.568590404404833660e-02
8.518750000000000000e+01,-9.588684665226085424e-02
8.520833333333332860e+01,-9.605475189950297976e-02
8.522916666666665719e+01,-9.618751672934688912e-02
8.525000000000000000e+01,-9.629156788904642827e-02
8.527083333333332860e+01,-9.634257116094388507e-02
8.529166666666665719e+01,-9.632879242227639083e-02
8.531250000000000000e+01,-9.627980342531670954e-02
8.533333333333332860e+01,-9.622064714064215707e-02
8.535416666666665719e+01,-9.612945198632662225e-02
8.537500000000000000e+01,-9.597933021842811052e-02
8.539583333333332860e+01,-9.579533810944192151e-02
8.541666666666665719e+01,-9.561363518013947516e-02
8.543750000000000000e+01,-9.542536611895105492e-02
8.545833333333332860e+01,-9.521663389685107448e-02
8.547916666666665719e+01,-9.501908461449681820e-02
8.550000000000000000e+01,-9.486750663612540657e-02
8.552083333333332860e+01,-9.475103341882221142e-02
8.554166666666665719e+01,-9.465337128172829351e-02
8.556250000000000000e+01,-9.459457433082947564e-02
8.558333333333332860e+01,-9.458640835812839875e-02
8.560416666666665719e+01,-9.459382584826052376e-02
8.562500000000000000e+01,-9.457705604188684778e-02
8.564583333333332860e+01,-9.454696170823012613e-02
8.566666666666665719e+01,-9.452457202284544890e-02
8.568750000000000000e+01,-9.448582584218763458e-02
8.570833333333332860e+01,-9.440185295623493289e-02
8.572916666666665719e+01,-9.429563400112808691e-02
8.575000000000000000e+01,-9.420115716174323750e-02
8.577083333333332860e+01,-9.410738941372200073e-02
8.579166666666665719e+01,-9.399833694262950401e-02
8.581250000000000000e+01,-9.390393357109468042e-02
8.583333333333332860e+01,-9.385756115296012281e-02
8.585416666666665719e+01,-9.384689062340226262e-02
8.587500000000000000e+01,-9.385423118664283637e-02
8.589583333333332860e+01,-9.389806807607026240e-02
8.591666666666665719e+01,-9.398823595503488781e-02
8.593750000000000000e+01,-9.408767494127852349e-02
8.595833333333332860e+01,-9.415465139920450865e-02
8.597916666666665719e+01,-9.419795297961068570e-02
8.600000000000000000e+01,-9.423637787271829658e-02
8.602083333333332860e+01,-9.424341233580550703e-02
8.604166666666665719e+01,-9.418744273707423120e-02
8.606250000000000000e+01,-9.408851034841980709e-02
8.608333333333332860e+01,-9.397750074217917082e-02
8.610416666666665719e+01,-9.384047631741834761e-02
8.612500000000000000e+01,-9.365901833475660798e-02
8.614583333333332860e+01,-9.346542989038959803e-02
8.616666666666665719e+01,-9.330199181934969999e-02
8.618750000000000000e+01,-9.316604520593611827e-02
8.620833333333332860e+01,-9.304850918020581008e-02
8.622916666666665719e+01,-9.296686868805632831e-02
8.625000000000000000e+01,-9.292015550521132150e-02
8.627083333333332860e+01,-9.289000948139129743e-02
8.629166666666665719e+01,-9.288938925597102492e-02
8.631250000000000000e+01,-9.293998673515624365e-02
8.633333333333332860e+01,-9.301799928044479637e-02
8.635416666666665719e+01,-9.309548476091294988e-02
8.637500000000000000e+01,-9.319634471712753832e-02
8.639583333333332860e+01,-9.335552060838835098e-02
8.641666666666665719e+01,-9.356209811946987476e-02
8.643750000000000000e+01,-9.379423050872562340e-02
8.645833333333332860e+01,-9.406146288082029017e-02
8.647916666666665719e+01,-9.436735668701085045e-02
8.650000000000000000e+01,-9.466986503066401881e-02
8.652083333333332860e+01,-9.492477893046555315e-02
8.654166666666665719e+01,-9.513990280614562089e-02
8.656250000000000000e+01,-9.533438005883519695e-02
8.658333333333332860e+01,-9.548199565852970305e-02
8.660416666666665719e+01,-9.555202181827236740e-02
8.662500000000000000e+01,-9.556542094353299988e-02
8.664583333333332860e+01,-9.555460412183615360e-02
8.666666666666665719e+01,-9.550662312495611372e-02
8.668750000000000000e+01,-9.540383611552057108e-02
8.670833333333332860e+01,-9.528023405740707052e-02
8.672916666666665719e+01,-9.518138037001527829e-02
8.675000000000000000e+01,-9.510682354640820346e-02
8.677083333333332860e+01,-9.504010767662748882e-02
8.679166666666665719e+01,-9.499604086507570933e-02
8.681250000000000000e+01,-9.499094396030684229e-02
8.683333333333332860e+01,-9.499480216207609184e-02
8.685416666666665719e+01,-9.497294274980580542e-02
8.687500000000000000e+01,-9.494247830701388335e-02
8.689583333333332860e+01,-9.493198490897435116e-02
8.691666666666665719e+01,-9.492457759196103184e-02
8.693750000000000000e+01,-9.489838142664747123e-02
8.695833333333332860e+01,-9.488281980799301296e-02
8.697916666666665719e+01,-9.491841943999937414e-02
8.700000000000000000e+01,-9.499914378933371761e-02
8.702083333333332860e+01,-9.510213889224518324e-02
8.704166666666665719e+01,-9.523815127781763701e-02
8.706250000000000000e+01,-9.542332256771686450e-02
8.708333333333332860e+01,-9.562742466411887354e-02
8.710416666666665719e+01,-9.581613397678617750e-02
8.712500000000000000e+01,-9.600717637523401016e-02
8.714583333333332860e+01,-9.622839530468714486e-02
8.716666666666665719e+01,-9.646124822235248308e-02
8.718750000000000000e+01,-9.668259145645616282e-02
8.720833333333332860e+01,-9.691110948388471924e-02
8.722916666666665719e+01,-9.716369294971746728e-02
8.725000000000000000e+01,-9.741029426797771784e-02
8.727083333333332860e+01,-9.761605020099384245e-02
8.729166666666665719e+01,-9.779690286110440112e-02
8.731250000000000000e+01,-9.797958229774375583e-02
8.733333333333332860e+01,-9.814520121190992152e-02
8.735416666666665719e+01,-9.827057232994530767e-02
8.737500000000000000e+01,-9.838151826458443883e-02
8.739583333333332860e+01,-9.851053482236866998e-02
8.741666666666665719e+01,-9.864327102996502117e-02
8.743750000000000000e+01,-9.875949456795110604e-02
8.745833333333332860e+01,-9.887470076960053200e-02
8.747916666666665719e+01,-9.899656958920489969e-02
8.750000000000000000e+01,-9.908619881928411310e-02
8.752083333333332860e+01,-9.910047046338486820e-02
8.754166666666665719e+01,-9.904765706006497805e-02
8.756250000000000000e+01,-9.894770584539651359e-02
8.758333333333332860e+01,-9.877526998717531259e-02
8.760416666666665719e+01,-9.849957651089367994e-02
8.762500000000000000e+01,-9.814067952144961415e-02
8.764583333333332860e+01,-9.772939831389097776e-02
8.766666666666665719e+01,-9.725039609435218169e-02
8.768750000000000000e+01,-9.668407080931486208e-02
8.770833333333332860e+01,-9.606284583807010724e-02
8.772916666666665719e+01,-9.542973558336437234e-02
8.775000000000000000e+01,-9.478173120075716884e-02
8.777083333333332860e+01,-9.411176399023765682e-02
8.779166666666665719e+01,-9.346463084093654949e-02
8.781250000000000000e+01,-9.289495112885359784e-02
8.783333333333332860e+01,-9.240928947197775412e-02
8.785416666666665719e+01,-9.198805504811541356e-02
8.787500000000000000e+01,-9.163594373840816543e-02
8.789583333333332860e+01,-9.136350882604640788e-02
8.791666666666665719e+01,-9.113529199043648998e-02
8.793750000000000000e+01,-9.091089482215283790e-02
8.795833333333332860e+01,-9.069808388509503772e-02
8.797916666666665719e+01,-9.051243409832733511e-02
8.800000000000000000e+01,-9.032554479817819781e-02
8.802083333333332860e+01,-9.010754322651851056e-02
8.804166666666665719e+01,-8.987715193777180700e-02
8.806250000000000000e+01,-8.966099605302296771e-02
8.808333333333332860e+01,-8.943711212538522914e-02
8.810416666666665719e+01,-8.917599129571898708e-02
8.812500000000000000e+01,-8.889583484603924557e-02
8.814583333333332860e+01,-8.862317032107387693e-02
8.816666666666665719e+01,-8.833666405971699054e-02
8.818750000000000000e+01,-8.800736756789730164e-02
8.820833333333332860e+01,-8.765424736663383898e-02
8.822916666666665719e+01,-8.730435343892205269e-02
8.825000000000000000e+01,-8.693767941736540994e-02
8.827083333333332860e+01,-8.652915441900996263e-02
8.829166666666665719e+01,-8.610261298439868261e-02
8.831250000000000000e+01,-8.568988729316327768e-02
8.833333333333332860e+01,-8.527360145044712847e-02
8.835416666666665719e+01,-8.482872810925848328e-02
8.837500000000000000e+01,-8.437845522313940083e-02
8.839583333333332860e+01,-8.395385382655148887e-02
8.841666666666665719e+01,-8.353705763160204634e-02
8.843750000000000000e+01,-8.310261927659014225e-02
8.845833333333332860e+01,-8.267296930788117781e-02
8.847916666666665719e+01,-8.227896856725737396e-02
8.850000000000000000e+01,-8.190336167753736740e-02
8.852083333333332860e+01,-8.152109814041949565e-02
8.854166666666665719e+01,-8.115532355461918534e-02
8.856250000000000000e+01,-8.083718907363965367e-02
8.858333333333332860e+01,-8.054856058262650775e-02
8.860416666666665719e+01,-8.026394321361315920e-02
8.862500000000000000e+01,-8.000681407177499815e-02
8.864583333333332860e+01,-7.980857923898854178e-02
8.866666666666665719e+01,-7.965125031000706846e-02
8.868750000000000000e+01,-7.950919319563223842e-02
8.870833333333332860e+01,-7.940500068257839994e-02
8.872916666666665719e+01,-7.936939113768165521e-02
8.875000000000000000e+01,-7.938442688903814271e-02
8.877083333333332860e+01,-7.942454749533255087e-02
8.879166666666665719e+01,-7.951224677927844209e-02
8.881250000000000000e+01,-7.967784339095826396e-02
8.883333333333332860e+01,-7.990282043626099895e-02
8.885416666666665719e+01,-8.016102884716093391e-02
8.887500000000000000e+01,-8.047344336711383106e-02
8.889583333333332860e+01,-8.086852277415192136e-02
8.891666666666665719e+01,-8.132674609448523051e-02
8.893750000000000000e+01,-8.182087393427077415e-02
8.895833333333332860e+01,-8.237117044456697401e-02
8.897916666666665719e+01,-8.300575402109018619e-02
8.900000000000000000e+01,-8.370395511808179090e-02
8.902083333333332860e+01,-8.443656590582422627e-02
8.904166666666665719e+01,-8.521388221642940686e-02
8.906250000000000000e+01,-8.604370625213655921e-02
8.908333333333332860e+01,-8.688402715419747679e-02
8.910416666666665719e+01,-8.768526703238811726e-02
8.912500000000000000e+01,-8.844578816394768617e-02
8.914583333333332860e+01,-8.917220616588542037e-02
8.916666666666665719e+01,-8.982737226656059559e-02
8.918750000000000000e+01,-9.037274719025080449e-02
8.920833333333332860e+01,-9.081846085686656744e-02
8.922916666666665719e+01,-9.118294902277727931e-02
8.925000000000000000e+01,-9.144097681820566315e-02
8.927083333333332860e+01,-9.156562516068170177e-02
8.929166666666665719e+01,-9.157853614538320752e-02
8.931250000000000000e+01,-9.150928484600290291e-02
8.933333333333332860e+01,-9.133914108567338375e-02
8.935416666666665719e+01,-9.104247134404484798e-02
8.937500000000000000e+01,-9.064176587973676869e-02
8.939583333333332860e+01,-9.016823159059875192e-02
8.941666666666665719e+01,-8.961766131016395132e-02
8.943750000000000000e+01,-8.899506230692899589e-02
8.945833333333332860e+01,-8.835202675086957502e-02
8.947916666666665719e+01,-8.774377907887821737e-02
8.950000000000000000e+01,-8.717608996150823242e-02
8.952083333333332860e+01,-8.664635919200999736e-02
8.954166666666665719e+01,-8.618811078430577144e-02
8.956250000000000000e+01,-8.582822057710841335e-02
8.958333333333332860e+01,-8.554353692723759561e-02
8.960416666666665719e+01,-8.530325615955386409e-02
8.962500000000000000e+01,-8.512388121866577839e-02
8.964583333333332860e+01,-8.502917373253356115e-02
8.966666666666665719e+01,-8.499447886952900266e-02
8.968750000000000000e+01,-8.498755805732806368e-02
8.970833333333332860e+01,-8.502368282501913954e-02
8.972916666666665719e+01,-8.512618622209820740e-02
8.975000000000000000e+01,-8.527019109738384617e-02
8.977083333333332860e+01,-8.542308049730248931e-02
8.979166666666665719e+01,-8.559976723842821489e-02
8.981250000000000000e+01,-8.582297172270304808e-02
8.983333333333332860e+01,-8.606613531218879065e-02
8.985416666666665719e+01,-8.629405110218306418e-02
8.987500000000000000e+01,-8.651926547981377003e-02
8.989583333333332860e+01,-8.676247467731686147e-02
8.991666666666665719e+01,-8.699609973401226104e-02
8.993750000000000000e+01,-8.718504362176324185e-02
8.995833333333332860e+01,-8.734159100581602442e-02
8.997916666666665719e+01,-8.748523815968890782e-02
9.000000000000000000e+01,-8.758797331344410353e-02
9.002083333333332860e+01,-8.761570042736463448e-02
9.004166666666665719e+01,-8.758243914782354311e-02
9.006250000000000000e+01,-8.751081725500807484e-02
9.008333333333332860e+01,-8.738520957622016028e-02
9.010416666666665719e+01,-8.719574766635738994e-02
9.012500000000000000e+01,-8.698232143635183100e-02
9.014583333333332860e+01,-8.679270893106473539e-02
9.016666666666665719e+01,-8.662544317150412676e-02
9.018750000000000000e+01,-8.647088777220794664e-02
9.020833333333332860e+01,-8.635983319128733016e-02
9.022916666666665719e+01,-8.632110955649527351e-02
9.025000000000000000e+01,-8.633339213586284366e-02
9.027083333333332860e+01,-8.636774274171526988e-02
9.029166666666665719e+01,-8.644329873351037918e-02
9.031250000000000000e+01,-8.658717802849119627e-02
9.033333333333332860e+01,-8.677783273096333072e-02
9.035416666666665719e+01,-8.698612905189290201e-02
9.037500000000000000e+01,-8.723078164856429284e-02
9.039583333333332860e+01,-8.753862390308712882e-02
9.041666666666665719e+01,-8.788815719833463491e-02
9.043750000000000000e+01,-8.825028842409311791e-02
9.045833333333332860e+01,-8.864382274213955526e-02
9.047916666666665719e+01,-8.909543178194014035e-02
9.050000000000000000e+01,-8.958305429029889133e-02
9.052083333333332860e+01,-9.007700442577551425e-02
9.054166666666665719e+01,-9.059483153274185130e-02
9.056250000000000000e+01,-9.116122731594780704e-02
9.058333333333332860e+01,-9.175249986337716268e-02
9.060416666666665719e+01,-9.233739283656408614e-02
9.062500000000000000e+01,-9.293196407172042706e-02
9.064583333333332860e+01,-9.356026339134559944e-02
9.066666666666665719e+01,-9.419770072230569669e-02
9.068750000000000000e+01,-9.481117710672977428e-02
9.070833333333332860e+01,-9.541547742897281414e-02
9.072916666666665719e+01,-9.603333323518821463e-02
9.075000000000000000e+01,-9.663855669602139375e-02
9.077083333333332860e+01,-9.719732877724207576e-02
9.079166666666665719e+01,-9.772409297471230938e-02
9.081250000000000000e+01,-9.824125203480729707e-02
9.083333333333332860e+01,-9.872208302954617321e-02
9.085416666666665719e+01,-9.913222339456967402e-02
9.087500000000000000e+01,-9.948567514838299597e-02
9.089583333333332860e+01,-9.980438258560241083e-02
9.091666666666665719e+01,-1.000611293334131846e-01
9.093750000000000000e+01,-1.002210739322981631e-01
9.095833333333332860e+01,-1.002968260428664660e-01
9.097916666666665719e+01,-1.003081046086408135e-01
9.100000000000000000e+01,-1.002259985232561851e-01
9.102083333333332860e+01,-1.000140783081479440e-01
9.104166666666665719e+01,-9.968377127864984366e-02
9.106250000000000000e+01,-9.925652896114921242e-02
9.108333333333332860e+01,-9.872617222449295293e-02
9.110416666666665719e+01,-9.810233482560802576e-02
9.112500000000000000e+01,-9.741879368912267911e-02
9.114583333333332860e+01,-9.668658807996642623e-02
9.116666666666665719e+01,-9.591051282700235880e-02
9.118750000000000000e+01,-9.512949414114678370e-02
9.120833333333332860e+01,-9.437164066196535028e-02
9.122916666666665719e+01,-9.361609220145959698e-02
9.125000000000000000e+01,-9.283558478228548516e-02
9.127083333333332860e+01,-9.205176649213056561e-02
9.129166666666665719e+01,-9.129379223554187628e-02
9.131250000000000000e+01,-9.054241820622972725e-02
9.133333333333332860e+01,-8.976880622774033314e-02
9.135416666666665719e+01,-8.899143706544790366e-02
9.137500000000000000e+01,-8.823593959664541297e-02
9.139583333333332860e+01,-8.749227581935524467e-02
9.141666666666665719e+01,-8.675816554195814323e-02
9.143750000000000000e+01,-8.607688460112933315e-02
9.145833333333332860e+01,-8.549399050737410688e-02
9.147916666666665719e+01,-8.500246897328882223e-02
9.150000000000000000e+01,-8.458421339639252134e-02
9.152083333333332860e+01,-8.426618758768739115e-02
9.154166666666665719e+01,-8.407975643071145810e-02
9.156250000000000000e+01,-8.400537737622010281e-02
9.158333333333332860e+01,-8.401326104094400393e-02
9.160416666666665719e+01,-8.411842429855746761e-02
9.162500000000000000e+01,-8.434036214162048128e-02
9.164583333333332860e+01,-8.464700424907045662e-02
9.166666666666665719e+01,-8.499583968333984663e-02
9.168750000000000000e+01,-8.538967438930775145e-02
9.170833333333332860e+01,-8.583589997079602019e-02
9.172916666666665719e+01,-8.629094886094951233e-02
9.175000000000000000e+01,-8.670179858202292644e-02
9.177083333333332860e+01,-8.706250875714378890e-02
9.179166666666665719e+01,-8.738585286630971838e-02
9.181250000000000000e+01,-8.765184074768064826e-02
9.183333333333332860e+01,-8.783536352996472452e-02
9.185416666666665719e+01,-8.795732641256800988e-02
9.187500000000000000e+01,-8.804377167457833053e-02
9.189583333333332860e+01,-8.806957411063218166e-02
9.191666666666665719e+01,-8.799918466846419485e-02
9.193750000000000000e+01,-8.784322510605706291e-02
9.195833333333332860e+01,-8.762781859582757793e-02
9.197916666666665719e+01,-8.734690370162552508e-02
9.200000000000000000e+01,-8.699374754620134431e-02
9.202083333333332860e+01,-8.660780743858180475e-02
9.204166666666665719e+01,-8.623309408163780387e-02
9.206250000000000000e+01,-8.586167362390610680e-02
9.208333333333332860e+01,-8.547485536960335029e-02
9.210416666666665719e+01,-8.509885265140765265e-02
9.212500000000000000e+01,-8.476428842368934069e-02
9.214583333333332860e+01,-8.445142365161363573e-02
9.216666666666665719e+01,-8.413086475449031709e-02
9.218750000000000000e+01,-8.381894454061369903e-02
9.220833333333332860e+01,-8.353810579433290640e-02
9.222916666666665719e+01,-8.326870996161013505e-02
9.225000000000000000e+01,-8.299250571840482982e-02
9.227083333333332860e+01,-8.273776212242978101e-02
9.229166666666665719e+01,-8.253722227844988157e-02
9.231250000000000000e+01,-8.237259258199516876e-02
9.233333333333332860e+01,-8.221591428288492487e-02
9.235416666666665719e+01,-8.208499825642998071e-02
9.237500000000000000e+01,-8.200274864212839243e-02
9.239583333333332860e+01,-8.193989946208603270e-02
9.241666666666665719e+01,-8.185626041533404507e-02
9.243750000000000000e+01,-8.175759863101514369e-02
9.245833333333332860e+01,-8.166551821843351378e-02
9.247916666666665719e+01,-8.156825167577819169e-02
9.250000000000000000e+01,-8.145074819270903266e-02
9.252083333333332860e+01,-8.134370914422561771e-02
9.254166666666665719e+01,-8.128230737431810238e-02
9.256250000000000000e+01,-8.125082596394880841e-02
9.258333333333332860e+01,-8.122363158408156536e-02
9.260416666666665719e+01,-8.122010166940486775e-02
9.262500000000000000e+01,-8.126436633454368896e-02
9.264583333333332860e+01,-8.132892832446529663e-02
9.266666666666665719e+01,-8.137541029911286861e-02
9.268750000000000000e+01,-8.141043154867733112e-02
9.270833333333332860e+01,-8.145003526574791375e-02
9.272916666666665719e+01,-8.148067583891936694e-02
9.275000000000000000e+01,-8.149899734668208939e-02
9.277083333333332860e+01,-8.153465177365991357e-02
9.279166666666665719e+01,-8.160489625674724468e-02
9.281250000000000000e+01,-8.168608669191983196e-02
9.283333333333332860e+01,-8.175974689446004195e-02
9.285416666666665719e+01,-8.185433235792154150e-02
9.287500000000000000e+01,-8.200290430338549874e-02
9.289583333333332860e+01,-8.218634019148519931e-02
9.291666666666665719e+01,-8.237464297370569732e-02
9.293750000000000000e+01,-8.258329682878856604e-02
9.295833333333332860e+01,-8.283328617573783303e-02
9.297916666666665719e+01,-8.309435958240141140e-02
9.300000000000000000e+01,-8.332527243157440699e-02
9.302083333333332860e+01,-8.353044675071788494e-02
9.304166666666665719e+01,-8.372174259706335886e-02
9.306250000000000000e+01,-8.388250361742977113e-02
9.308333333333332860e+01,-8.401164981029217438e-02
9.310416666666665719e+01,-8.413236220901668116e-02
9.312500000000000000e+01,-8.424491024557635710e-02
9.314583333333332860e+01,-8.434142714776018956e-02
9.316666666666665719e+01,-8.445100668179454650e-02
9.318750000000000000e+01,-8.459606762386384649e-02
9.320833333333332860e+01,-8.474652878654365118e-02
9.322916666666665719e+01,-8.486101758794065142e-02
9.325000000000000000e+01,-8.494383245325315412e-02
9.327083333333332860e+01,-8.501072257608641158e-02
9.329166666666665719e+01,-8.504866799928995080e-02
9.331250000000000000e+01,-8.505280511085125394e-02
9.333333333333332860e+01,-8.505297330817844503e-02
9.335416666666665719e+01,-8.506765854178043040e-02
9.337500000000000000e+01,-8.507417436447586856e-02
9.339583333333332860e+01,-8.505453238190262277e-02
9.341666666666665719e+01,-8.503805075027211224e-02
9.343750000000000000e+01,-8.505816238389203587e-02
9.345833333333332860e+01,-8.509634036784483047e-02
9.347916666666665719e+01,-8.512309258339775808e-02
9.350000000000000000e+01,-8.515453564689663690e-02
9.352083333333332860e+01,-8.521090007318159187e-02
9.354166666666665719e+01,-8.526088122776927236e-02
9.356250000000000000e+01,-8.526277477733057442e-02
9.358333333333332860e+01,-8.522139414026555504e-02
9.360416666666665719e+01,-8.515949110362318331e-02
9.362500000000000000e+01,-8.506548431113966635e-02
9.364583333333332860e+01,-8.491908414244905834e-02
9.366666666666665719e+01,-8.474566420971753333e-02
9.368750000000000000e+01,-8.457459054867150217e-02
9.370833333333332860e+01,-8.438322324039211619e-02
9.372916666666665719e+01,-8.413809493110574467e-02
9.375000000000000000e+01,-8.385209226489497014e-02
9.377083333333332860e+01,-8.355368127052860416e-02
9.379166666666665719e+01,-8.323444960395287584e-02
9.381250000000000000e+01,-8.287808710618355112e-02
9.383333333333332860e+01,-8.251462828002116556e-02
9.385416666666665719e+01,-8.217817497654558712e-02
9.387500000000000000e+01,-8.185116706139637655e-02
9.389583333333332860e+01,-8.150522336300938808e-02
9.391666666666665719e+01,-8.115729728285554778e-02
9.393750000000000000e+01,-8.083032843266090006e-02
9.395833333333332860e+01,-8.051549572058359916e-02
9.397916666666665719e+01,-8.021588075306873566e-02
9.400000000000000000e+01,-7.996488589090630650e-02
9.402083333333332860e+01,-7.977877897211321789e-02
9.404166666666665719e+01,-7.964217831913183998e-02
9.406250000000000000e+01,-7.955549745523089744e-02
9.408333333333332860e+01,-7.953777182363318266e-02
9.410416666666665719e+01,-7.957727898483023254e-02
9.412500000000000000e+01,-7.965372570623027726e-02
9.414583333333332860e+01,-7.979235477760224238e-02
9.416666666666665719e+01,-8.002355430058445684e-02
9.418750000000000000e+01,-8.032681459684598568e-02
9.420833333333332860e+01,-8.067125552612845751e-02
9.422916666666665719e+01,-8.107132344530311452e-02
9.425000000000000000e+01,-8.154618733073411285e-02
9.427083333333332860e+01,-8.206325228525794546e-02
9.429166666666665719e+01,-8.257912737008463178e-02
9.431250000000000000e+01,-8.309543342907418917e-02
9.433333333333332860e+01,-8.361932187370423042e-02
9.435416666666665719e+01,-8.412151453283377156e-02
9.437500000000000000e+01,-8.458101447469071332e-02
9.439583333333332860e+01,-8.502373836460698497e-02
9.441666666666665719e+01,-8.548011577131509053e-02
9.443750000000000000e+01,-8.593012826494235423e-02
9.445833333333332860e+01,-8.634427703288247158e-02
9.447916666666665719e+01,-8.673984434576256786e-02
9.450000000000000000e+01,-8.714105247036545154e-02
9.452083333333332860e+01,-8.752307488217142550e-02
9.454166666666665719e+01,-8.785288223043999367e-02
9.456250000000000000e+01,-8.814600027973772123e-02
9.458333333333332860e+01,-8.842678855515578862e-02
9.460416666666665719e+01,-8.867090921335972487e-02
9.462500000000000000e+01,-8.884631553451209640e-02
9.464583333333332860e+01,-8.896943402184159799e-02
9.466666666666665719e+01,-8.906511896855559551e-02
9.468750000000000000e+01,-8.910951298062633197e-02
9.470833333333332860e+01,-8.907137226653426276e-02
9.472916666666665719e+01,-8.896790156352107903e-02
9.475000000000000000e+01,-8.882503043378234264e-02
9.477083333333332860e+01,-8.862883684104395920e-02
9.479166666666665719e+01,-8.836918463821505365e-02
9.481250000000000000e+01,-8.808511413288287739e-02
9.483333333333332860e+01,-8.782395146134530650e-02
9.485416666666665719e+01,-8.758512045760942499e-02
9.487500000000000000e+01,-8.736047488418152707e-02
9.489583333333332860e+01,-8.718491618294182954e-02
9.491666666666665719e+01,-8.709421889970982156e-02
9.493750000000000000e+01,-8.707451727905982097e-02
9.495833333333332860e+01,-8.710475074571505383e-02
9.497916666666665719e+01,-8.721234347264489317e-02
9.500000000000000000e+01,-8.743344812437760238e-02
9.502083333333332860e+01,-8.775595371423458579e-02
9.504166666666665719e+01,-8.815355209400786707e-02
9.506250000000000000e+01,-8.863319871671115902e-02
9.508333333333332860e+01,-8.920012565808406457e-02
9.510416666666665719e+01,-8.980979404667023547e-02
9.512500000000000000e+01,-9.041065290793313947e-02
9.514583333333332860e+01,-9.099981087946656944e-02
9.516666666666665719e+01,-9.158333185776310059e-02
9.518750000000000000e+01,-9.212223791310115983e-02
9.520833333333332860e+01,-9.257381150356261412e-02
9.522916666666665719e+01,-9.294433186444606143e-02
9.525000000000000000e+01,-9.324868728028865017e-02
9.527083333333332860e+01,-9.346360519075096185e-02
9.529166666666665719e+01,-9.357226929776660262e-02
9.531250000000000000e+01,-9.360786614251008497e-02
9.533333333333332860e+01,-9.361121068625498365e-02
9.535416666666665719e+01,-9.357420901313799610e-02
9.537500000000000000e+01,-9.348194714645147174e-02
9.539583333333332860e+01,-9.336805522489427522e-02
9.541666666666665719e+01,-9.327464998069705249e-02
9.543750000000000000e+01,-9.319615108183236518e-02
9.545833333333332860e+01,-9.311950168512884984e-02
9.547916666666665719e+01,-9.307087124549713597e-02
9.550000000000000000e+01,-9.307245765841254403e-02
9.552083333333332860e+01,-9.309629598667126804e-02
9.554166666666665719e+01,-9.310757759239957077e-02
9.556250000000000000e+01,-9.312003828368388414e-02
9.558333333333332860e+01,-9.315497241119895244e-02
9.560416666666665719e+01,-9.318483884436479237e-02
9.562500000000000000e+01,-9.317541012913041487e-02
9.564583333333332860e+01,-9.314073118545407315e-02
9.566666666666665719e+01,-9.310314294255490897e-02
9.568750000000000000e+01,-9.303740773355877181e-02
9.570833333333332860e+01,-9.291167005349698638e-02
9.572916666666665719e+01,-9.274315648770219134e-02
9.575000000000000000e+01,-9.255685190710861987e-02
9.577083333333332860e+01,-9.232890597842914604e-02
9.579166666666665719e+01,-9.202865931556181156e-02
9.581250000000000000e+01,-9.167328206113345423e-02
9.583333333333332860e+01,-9.128800461166761138e-02
9.585416666666665719e+01,-9.086162804007659466e-02
9.587500000000000000e+01,-9.039087002459281206e-02
9.589583333333332860e+01,-8.992260447939720569e-02
9.591666666666665719e+01,-8.951164475289039024e-02
9.593750000000000000e+01,-8.916342874996244228e-02
9.595833333333332860e+01,-8.886865073296092155e-02
9.597916666666665719e+01,-8.864972512478780375e-02
9.600000000000000000e+01,-8.852609056637315843e-02
9.602083333333332860e+01,-8.846731666061331822e-02
9.604166666666665719e+01,-8.843588727640691594e-02
9.606250000000000000e+01,-8.844272033992715831e-02
9.608333333333332860e+01,-8.850784606085985995e-02
9.610416666666665719e+01,-8.860391701754281868e-02
9.612500000000000000e+01,-8.869689455085769114e-02
9.614583333333332860e+01,-8.880225341633733727e-02
9.616666666666665719e+01,-8.894434468381867687e-02
9.618750000000000000e+01,-8.909947782972907349e-02
9.620833333333332860e+01,-8.923654007561029888e-02
9.622916666666665719e+01,-8.937290809491940657e-02
9.625000000000000000e+01,-8.953427021347316883e-02
9.627083333333332860e+01,-8.969761266363177055e-02
9.629166666666665719e+01,-8.983254234063579868e-02
9.631250000000000000e+01,-8.995709055193663872e-02
9.633333333333332860e+01,-9.009872367137203297e-02
9.635416666666665719e+01,-9.023768659171121920e-02
9.637500000000000000e+01,-9.034800716147081689e-02
9.639583333333332860e+01,-9.045419946943365763e-02
9.641666666666665719e+01,-9.059186595451826363e-02
9.643750000000000000e+01,-9.075053113829378848e-02
9.645833333333332860e+01,-9.091352606635308420e-02
9.647916666666665719e+01,-9.110390951102835533e-02
9.650000000000000000e+01,-9.133994895978431172e-02
9.652083333333332860e+01,-9.159284394083307135e-02
9.654166666666665719e+01,-9.182929663730685088e-02
9.656250000000000000e+01,-9.206680386020682505e-02
9.658333333333332860e+01,-9.233221374943448301e-02
9.660416666666665719e+01,-9.260575044425302382e-02
9.662500000000000000e+01,-9.286129571542806049e-02
9.664583333333332860e+01,-9.312205692506571320e-02
9.666666666666665719e+01,-9.341912853984235543e-02
9.668750000000000000e+01,-9.373474024177722019e-02
9.670833333333332860e+01,-9.404247088997341741e-02
9.672916666666665719e+01,-9.436294360834041051e-02
9.675000000000000000e+01,-9.472234071884677586e-02
9.677083333333332860e+01,-9.509859811494204840e-02
9.679166666666665719e+01,-9.546080652554012058e-02
9.681250000000000000e+01,-9.582603961082435118e-02
9.683333333333332860e+01,-9.621899631628150207e-02
9.685416666666665719e+01,-9.661515518509757039e-02
9.687500000000000000e+01,-9.698136341000793137e-02
9.689583333333332860e+01,-9.733324839601743828e-02
9.691666666666665719e+01,-9.769394452013495378e-02
9.693750000000000000e+01,-9.803872363476628937e-02
9.695833333333332860e+01,-9.833486519300647932e-02
9.697916666666665719e+01,-9.859798621982393541e-02
9.700000000000000000e+01,-9.885118660658447076e-02
9.702083333333332860e+01,-9.906899650852735162e-02
9.704166666666665719e+01,-9.921779433276101123e-02
9.706250000000000000e+01,-9.931283057773712675e-02
9.708333333333332860e+01,-9.937650788294731530e-02
9.710416666666665719e+01,-9.938281631857211196e-02
9.712500000000000000e+01,-9.929819564203148929e-02
9.714583333333332860e+01,-9.913796761694025628e-02
9.716666666666665719e+01,-9.892442728881088720e-02
9.718750000000000000e+01,-9.863300859545892640e-02
9.720833333333332860e+01,-9.823345600426175439e-02
9.722916666666665719e+01,-9.774461974351990323e-02
9.725000000000000000e+01,-9.719317866575619136e-02
9.727083333333332860e+01,-9.656869508416364434e-02
9.729166666666665719e+01,-9.586702845407278628e-02
9.731250000000000000e+01,-9.513427737133135775e-02
9.733333333333332860e+01,-9.442359882882642164e-02
9.735416666666665719e+01,-9.373998549855501461e-02
9.737500000000000000e+01,-9.307957380522247082e-02
9.739583333333332860e+01,-9.247539339771282396e-02
9.741666666666665719e+01,-9.195387570207795569e-02
9.743750000000000000e+01,-9.149136358741372099e-02
9.745833333333332860e+01,-9.105577841108049297e-02
9.747916666666665719e+01,-9.066385696167825192e-02
9.750000000000000000e+01,-9.033993919584633325e-02
9.752083333333332860e+01,-9.005991038775759683e-02
9.754166666666665719e+01,-8.979125203790379317e-02
9.756250000000000000e+01,-8.955015245838915394e-02
9.758333333333332860e+01,-8.936034173145171455e-02
9.760416666666665719e+01,-8.919711909335091560e-02
9.762500000000000000e+01,-8.902735775730706569e-02
9.764583333333332860e+01,-8.886661125640074599e-02
9.766666666666665719e+01,-8.873801451889991310e-02
9.768750000000000000e+01,-8.861625005394815902e-02
9.770833333333332860e+01,-8.846695316255001607e-02
9.772916666666665719e+01,-8.830371203690508264e-02
9.775000000000000000e+01,-8.814810994582246428e-02
9.777083333333332860e+01,-8.797711853482588495e-02
9.779166666666665719e+01,-8.776385863889565875e-02
9.781250000000000000e+01,-8.753058663747714796e-02
9.783333333333332860e+01,-8.730723210053668859e-02
9.785416666666665719e+01,-8.707619669530995699e-02
9.787500000000000000e+01,-8.681206955751952226e-02
9.789583333333332860e+01,-8.653805852435837720e-02
9.791666666666665719e+01,-8.628547928005576850e-02
9.793750000000000000e+01,-8.603715715476444037e-02
9.795833333333332860e+01,-8.576711124309233103e-02
9.797916666666665719e+01,-8.549803757668582305e-02
9.800000000000000000e+01,-8.526036797058325623e-02
9.802083333333332860e+01,-8.503629499433051908e-02
9.804166666666665719e+01,-8.479879346323367095e-02
9.806250000000000000e+01,-8.456842971778086304e-02
9.808333333333332860e+01,-8.437274001043308658e-02
9.810416666666665719e+01,-8.418956946322865564e-02
9.812500000000000000e+01,-8.398750051597138333e-02
9.814583333333332860e+01,-8.378305955451334497e-02
9.816666666666665719e+01,-8.360065669541816291e-02
9.818750000000000000e+01,-8.342083205448698469e-02
9.820833333333332860e+01,-8.322156768709880470e-02
9.822916666666665719e+01,-8.303026098076277117e-02
9.825000000000000000e+01,-8.288167836628090868e-02
9.827083333333332860e+01,-8.276205444675903411e-02
9.829166666666665719e+01,-8.264956399554648780e-02
9.831250000000000000e+01,-8.257117230636118466e-02
9.833333333333332860e+01,-8.256090901974656726e-02
9.835416666666665719e+01,-8.260419966127383051e-02
9.837500000000000000e+01,-8.267719688493854746e-02
9.839583333333332860e+01,-8.280299034919350043e-02
9.841666666666665719e+01,-8.301043231302684955e-02
9.843750000000000000e+01,-8.327807094383221642e-02
9.845833333333332860e+01,-8.357351424459974476e-02
9.847916666666665719e+01,-8.390917870794542543e-02
9.850000000000000000e+01,-8.430211864354188178e-02
9.852083333333332860e+01,-8.471841678865345282e-02
9.854166666666665719e+01,-8.511377352987334333e-02
9.856250000000000000e+01,-8.548876170709168720e-02
9.858333333333332860e+01,-8.585005673045698060e-02
9.860416666666665719e+01,-8.617722111578227095e-02
9.862500000000000000e+01,-8.646813349662986481e-02
9.864583333333332860e+01,-8.673820481589651632e-02
9.866666666666665719e+01,-8.697126936501889394e-02
9.868750000000000000e+01,-8.714190903064591986e-02
9.870833333333332860e+01,-8.727025728649531744e-02
9.872916666666665719e+01,-8.738143315940953559e-02
9.875000000000000000e+01,-8.744909308237307222e-02
9.877083333333332860e+01,-8.743590051183175449e-02
9.879166666666665719e+01,-8.735136786006376941e-02
9.881250000000000000e+01,-8.722115464415039487e-02
9.883333333333332860e+01,-8.703642326192924383e-02
9.885416666666665719e+01,-8.678248941896163360e-02
9.887500000000000000e+01,-8.649053559643254951e-02
9.889583333333332860e+01,-8.619589187906175065e-02
9.891666666666665719e+01,-8.588203881461504985e-02
9.893750000000000000e+01,-8.552180162325175028e-02
9.895833333333332860e+01,-8.513383369638163889e-02
9.897916666666665719e+01,-8.474209239475742617e-02
9.900000000000000000e+01,-8.433885732982025762e-02
9.902083333333332860e+01,-8.392949321617003411e-02
9.904166666666665719e+01,-8.354940293312512756e-02
9.906250000000000000e+01,-8.321706910648174471e-02
9.908333333333332860e+01,-8.292034884362325942e-02
9.910416666666665719e+01,-8.266316717699023764e-02
9.912500000000000000e+01,-8.246576159745912238e-02
9.914583333333332860e+01,-8.231632268912314476e-02
9.916666666666665719e+01,-8.219491520242064309e-02
9.918750000000000000e+01,-8.212643142702046040e-02
9.920833333333332860e+01,-8.214053380052449560e-02
9.922916666666665719e+01,-8.221634600318990238e-02
9.925000000000000000e+01,-8.232310341999869718e-02
9.927083333333332860e+01,-8.247596655175452873e-02
9.929166666666665719e+01,-8.269540592201585216e-02
9.931250000000000000e+01,-8.294963101514793435e-02
9.933333333333332860e+01,-8.319587101766066917e-02
9.935416666666665719e+01,-8.343681949416451027e-02
9.937500000000000000e+01,-8.368172783505808954e-02
9.939583333333332860e+01,-8.391307188508981274e-02
9.941666666666665719e+01,-8.413138019350187291e-02
9.943750000000000000e+01,-8.435397978836489674e-02
9.945833333333332860e+01,-8.456581396413689888e-02
9.947916666666665719e+01,-8.474489973785612196e-02
9.950000000000000000e+01,-8.491751902765490301e-02
9.952083333333332860e+01,-8.511783314405700629e-02
9.954166666666665719e+01,-8.533194323687773308e-02
9.956250000000000000e+01,-8.553789805695151405e-02
9.958333333333332860e+01,-8.576228537809829633e-02
9.960416666666665719e+01,-8.603924998848584693e-02
9.962500000000000000e+01,-8.635503422349660729e-02
9.964583333333332860e+01,-8.668782517295715861e-02
9.966666666666665719e+01,-8.706138589617232193e-02
9.968750000000000000e+01,-8.750319689643702714e-02
9.970833333333332860e+01,-8.799255939540827354e-02
9.972916666666665719e+01,-8.850058768201447823e-02
9.975000000000000000e+01,-8.904639266431139955e-02
9.977083333333332860e+01,-8.965663629799980328e-02
9.979166666666665719e+01,-9.031002656949835283e-02
9.981250000000000000e+01,-9.097683387533168908e-02
9.983333333333332860e+01,-9.166823768960803698e-02
9.985416666666665719e+01,-9.239295290220336798e-02
9.987500000000000000e+01,-9.311023615517763363e-02
9.989583333333332860e+01,-9.377139682705656898e-02
9.991666666666665719e+01,-9.437718019671981207e-02
9.993750000000000000e+01,-9.493618308248880089e-02
9.995833333333332860e+01,-9.541164022318102123e-02
9.997916666666665719e+01,-9.576305674060983653e-02
1.000000000000000000e+02,-9.599982867361427086e-02
1.000208333333333286e+02,-9.613989370790405886e-02
1.000416666666666572e+02,-9.616576455120377787e-02
1.000625000000000000e+02,-9.606836106597170521e-02
1.000833333333333286e+02,-9.588931317960633360e-02
1.001041666666666572e+02,-9.567782171898690791e-02
1.001250000000000000e+02,-9.543500466617713118e-02
1.001458333333333286e+02,-9.515349083129637231e-02
1.001666666666666572e+02,-9.486707472648762962e-02
1.001875000000000000e+02,-9.460787878586660038e-02
1.002083333333333286e+02,-9.435911801473954863e-02
1.002291666666666572e+02,-9.409564287039032249e-02
1.002500000000000000e+02,-9.384030583647887114e-02
1.002708333333333286e+02,-9.362355835350109901e-02
1.002916666666666572e+02,-9.342775732815787604e-02
1.003125000000000000e+02,-9.322726553319883591e-02
1.003333333333333286e+02,-9.304556037911185240e-02
1.003541666666666572e+02,-9.291360927782406354e-02
1.003750000000000000e+02,-9.281362520663294369e-02
1.003958333333333286e+02,-9.271981972661806626e-02
1.004166666666666572e+02,-9.265568965501592980e-02
1.004375000000000000e+02,-9.265236463241414977e-02
1.004583333333333286e+02,-9.269270835871622205e-02
1.004791666666666572e+02,-9.275172013584953579e-02
1.005000000000000000e+02,-9.285341565651171469e-02
1.005208333333333286e+02,-9.302942386556571630e-02
1.005416666666666572e+02,-9.326340196653892800e-02
1.005625000000000000e+02,-9.353010592385475885e-02
1.005833333333333286e+02,-9.384284261824674123e-02
1.006041666666666572e+02,-9.421065105609785495e-02
1.006250000000000000e+02,-9.459290992841264123e-02
1.006458333333333286e+02,-9.494103326012055810e-02
1.006666666666666572e+02,-9.525570412516080887e-02
1.006875000000000000e+02,-9.554569153378379698e-02
1.007083333333333286e+02,-9.577723678321717338e-02
1.007291666666666572e+02,-9.591605940216596515e-02
1.007500000000000000e+02,-9.597805523081991141e-02
1.007708333333333286e+02,-9.598681331106069525e-02
1.007916666666666572e+02,-9.591742284110540973e-02
1.008125000000000000e+02,-9.573705274029727097e-02
1.008333333333333286e+02,-9.546217541188847799e-02
1.008541666666666572e+02,-9.511770592089235921e-02
1.008750000000000000e+02,-9.469243933780194244e-02
1.008958333333333286e+02,-9.418259092608166627e-02
1.009166666666666572e+02,-9.363488010240698933e-02
1.009375000000000000e+02,-9.310357241318961696e-02
1.009583333333333286e+02,-9.259488228165123347e-02
1.009791666666666572e+02,-9.210595092858010757e-02
1.010000000000000000e+02,-9.166641932165596474e-02
1.010208333333333286e+02,-9.129380333872702535e-02
1.010416666666666572e+02,-9.096016106462576079e-02
1.010625000000000000e+02,-9.063510736669029566e-02
1.010833333333333286e+02,-9.033712515992270431e-02
1.011041666666666572e+02,-9.009227715781900625e-02
1.011250000000000000e+02,-8.987905586538384728e-02
1.011458333333333286e+02,-8.966806047396556900e-02
1.011666666666666572e+02,-8.947919557400885182e-02
1.011875000000000000e+02,-8.934111111680009820e-02
1.012083333333333286e+02,-8.923460655556510190e-02
1.012291666666666572e+02,-8.913263998502383989e-02
1.012500000000000000e+02,-8.905694904136053636e-02
1.012708333333333286e+02,-8.903684065274669601e-02
1.012916666666666572e+02,-8.905460330767069055e-02
1.013125000000000000e+02,-8.908547831214605472e-02
1.013333333333333286e+02,-8.915352653975870678e-02
1.013541666666666572e+02,-8.929118850632591919e-02
1.013750000000000000e+02,-8.948317044896315908e-02
1.013958333333333286e+02,-8.970600305520423645e-02
1.014166666666666572e+02,-8.998017885610522237e-02
1.014375000000000000e+02,-9.032782300342773185e-02
1.014583333333333286e+02,-9.072251126241022423e-02
1.014791666666666572e+02,-9.112996722479155265e-02
1.015000000000000000e+02,-9.156468885175646222e-02
1.015208333333333286e+02,-9.204877390034997553e-02
1.015416666666666572e+02,-9.255646898991960747e-02
1.015625000000000000e+02,-9.305410458850557620e-02
1.015833333333333286e+02,-9.355654814860471513e-02
1.016041666666666572e+02,-9.408625947481939755e-02
1.016250000000000000e+02,-9.461844078951632542e-02
1.016458333333333286e+02,-9.512087232300005246e-02
1.016666666666666572e+02,-9.560957766739743013e-02
1.016875000000000000e+02,-9.610818180753190332e-02
1.017083333333333286e+02,-9.659284493823611095e-02
1.017291666666666572e+02,-9.703176295963372722e-02
1.017500000000000000e+02,-9.744132598704093040e-02
1.017708333333333286e+02,-9.784553516034723286e-02
1.017916666666666572e+02,-9.822092777525680274e-02
1.018125000000000000e+02,-9.853613586163793847e-02
1.018333333333333286e+02,-9.880944761492770068e-02
1.018541666666666572e+02,-9.906851139363490044e-02
1.018750000000000000e+02,-9.929446455466595101e-02
1.018958333333333286e+02,-9.946242189364645769e-02
1.019166666666666572e+02,-9.959944065932628543e-02
1.019375000000000000e+02,-9.974338190666290349e-02
1.019583333333333286e+02,-9.988536415150994774e-02
1.019791666666666572e+02,-1.000084008010503345e-01
1.020000000000000000e+02,-1.001255122434716316e-01
1.020208333333333286e+02,-1.002382152751782884e-01
1.020416666666666572e+02,-1.003189742875134211e-01
1.020625000000000000e+02,-1.003571315851431583e-01
1.020833333333333286e+02,-1.003666748820006283e-01
1.021041666666666572e+02,-1.003393035664912475e-01
1.021250000000000000e+02,-1.002636127475177580e-01
1.021458333333333286e+02,-1.001636036095205767e-01
1.021666666666666572e+02,-1.000539902440896745e-01
1.021875000000000000e+02,-9.990361845358688986e-02
1.022083333333333286e+02,-9.967812218610712371e-02
1.022291666666666572e+02,-9.939364439456897793e-02
1.022500000000000000e+02,-9.907602434693227322e-02
1.022708333333333286e+02,-9.870458003881532605e-02
1.022916666666666572e+02,-9.825191497748547720e-02
1.023125000000000000e+02,-9.773982261966258911e-02
1.023333333333333286e+02,-9.719817274618364200e-02
1.023541666666666572e+02,-9.660798141426442387e-02
1.023750000000000000e+02,-9.594146738200627633e-02
1.023958333333333286e+02,-9.521947617340570380e-02
1.024166666666666572e+02,-9.447121413542920731e-02
1.024375000000000000e+02,-9.368835503412940857e-02
1.024583333333333286e+02,-9.286709376561151641e-02
1.024791666666666572e+02,-9.205309498315798755e-02
1.025000000000000000e+02,-9.129977135000165445e-02
1.025208333333333286e+02,-9.061198297089773090e-02
1.025416666666666572e+02,-8.998483174375551674e-02
1.025625000000000000e+02,-8.944562258673242894e-02
1.025833333333333286e+02,-8.900912753480536010e-02
1.026041666666666572e+02,-8.864653824540046079e-02
1.026250000000000000e+02,-8.832871600668923406e-02
1.026458333333333286e+02,-8.807533232030058390e-02
1.026666666666666572e+02,-8.791400649303679482e-02
1.026875000000000000e+02,-8.782390210291597665e-02
1.027083333333333286e+02,-8.777532193135847982e-02
1.027291666666666572e+02,-8.778721383315919724e-02
1.027500000000000000e+02,-8.788637602141312344e-02
1.027708333333333286e+02,-8.805120110476112594e-02
1.027916666666666572e+02,-8.825140520837577995e-02
1.028125000000000000e+02,-8.850533027059280522e-02
1.028333333333333286e+02,-8.883902923246679573e-02
1.028541666666666572e+02,-8.923067029079641277e-02
1.028750000000000000e+02,-8.964969562637484235e-02
1.028958333333333286e+02,-9.011339655377892388e-02
1.029166666666666572e+02,-9.064651420362011824e-02
1.029375000000000000e+02,-9.122459021109304012e-02
1.029583333333333286e+02,-9.181424437096444291e-02
1.029791666666666572e+02,-9.242886191925153705e-02
1.030000000000000000e+02,-9.308717857214808544e-02
1.030208333333333286e+02,-9.376003141166304455e-02
1.030416666666666572e+02,-9.441014904812154718e-02
1.030625000000000000e+02,-9.504867372244522883e-02
1.030833333333333286e+02,-9.569478537389930484e-02
1.031041666666666572e+02,-9.631920455340928222e-02
1.031250000000000000e+02,-9.688380402099379396e-02
1.031458333333333286e+02,-9.739917143988136017e-02
1.031666666666666572e+02,-9.788378299388998671e-02
1.031875000000000000e+02,-9.830768986984311786e-02
1.032083333333333286e+02,-9.863228620700613403e-02
1.032291666666666572e+02,-9.886763032038430044e-02
1.032500000000000000e+02,-9.903154816030171337e-02
1.032708333333333286e+02,-9.909415970834010989e-02
1.032916666666666572e+02,-9.901763707902962175e-02
1.033125000000000000e+02,-9.881296285315663286e-02
1.033333333333333286e+02,-9.850332833121089315e-02
1.033541666666666572e+02,-9.808112364426556373e-02
1.033750000000000000e+02,-9.754707783512019115e-02
1.033958333333333286e+02,-9.694738439843320066e-02
1.034166666666666572e+02,-9.632961037435598672e-02
1.034375000000000000e+02,-9.569208287377060917e-02
1.034583333333333286e+02,-9.502367513338488836e-02
1.034791666666666572e+02,-9.436094165227397468e-02
1.035000000000000000e+02,-9.374820571232259092e-02
1.035208333333333286e+02,-9.318119328248213040e-02
1.035416666666666572e+02,-9.264674541784261030e-02
1.035625000000000000e+02,-9.217766634932052228e-02
1.035833333333333286e+02,-9.181089279571691408e-02
1.036041666666666572e+02,-9.153447015522996055e-02
1.036250000000000000e+02,-9.132756290949686773e-02
1.036458333333333286e+02,-9.120950927807121300e-02
1.036666666666666572e+02,-9.119624546703496148e-02
1.036875000000000000e+02,-9.125407712397062832e-02
1.037083333333333286e+02,-9.134125912680418624e-02
1.037291666666666572e+02,-9.146482944385690705e-02
1.037500000000000000e+02,-9.163899510797515746e-02
1.037708333333333286e+02,-9.182945090628430451e-02
1.037916666666666572e+02,-9.199260601587296027e-02
1.038125000000000000e+02,-9.213201220095433575e-02
1.038333333333333286e+02,-9.225814507207814874e-02
1.038541666666666572e+02,-9.234251376532105759e-02
1.038750000000000000e+02,-9.236024983615694073e-02
1.038958333333333286e+02,-9.233425475454495879e-02
1.039166666666666572e+02,-9.229206284881392996e-02
1.039375000000000000e+02,-9.221031315959946073e-02
1.039583333333333286e+02,-9.205596275795803474e-02
1.039791666666666572e+02,-9.184113610571734143e-02
1.040000000000000000e+02,-9.158409240821607789e-02
1.040208333333333286e+02,-9.127292871770360805e-02
1.040416666666666572e+02,-9.091069763286933891e-02
1.040625000000000000e+02,-9.052898503260509155e-02
1.040833333333333286e+02,-9.014178548245439793e-02
1.041041666666666572e+02,-8.974206270461747292e-02
1.041250000000000000e+02,-8.935098741958730217e-02
1.041458333333333286e+02,-8.899217590206899564e-02
1.041666666666666572e+02,-8.863803502089238895e-02
1.041875000000000000e+02,-8.825048223330481112e-02
1.042083333333333286e+02,-8.783771356917548234e-02
1.042291666666666572e+02,-8.742457891707768047e-02
1.042500000000000000e+02,-8.700067353162604933e-02
1.042708333333333286e+02,-8.654811762821576493e-02
1.042916666666666572e+02,-8.609532428978004803e-02
1.043125000000000000e+02,-8.567569741136657480e-02
1.043333333333333286e+02,-8.527118039139183758e-02
1.043541666666666572e+02,-8.485197934060985381e-02
1.043750000000000000e+02,-8.443349267388340629e-02
1.043958333333333286e+02,-8.403720871391470726e-02
1.044166666666666572e+02,-8.365270214197287335e-02
1.044375000000000000e+02,-8.328111294834451839e-02
1.044583333333333286e+02,-8.295274685698092454e-02
1.044791666666666572e+02,-8.268163521441235231e-02
1.045000000000000000e+02,-8.245559822658964089e-02
1.045208333333333286e+02,-8.228247501802707364e-02
1.045416666666666572e+02,-8.217336779169601146e-02
1.045625000000000000e+02,-8.210664670327733061e-02
1.045833333333333286e+02,-8.207255828740740722e-02
1.046041666666666572e+02,-8.209661981111686380e-02
1.046250000000000000e+02,-8.219395844812568686e-02
1.046458333333333286e+02,-8.233088936750233844e-02
1.046666666666666572e+02,-8.246865965540529919e-02
1.046875000000000000e+02,-8.261415184406888101e-02
1.047083333333333286e+02,-8.277976388122842977e-02
1.047291666666666572e+02,-8.294251346058172103e-02
1.047500000000000000e+02,-8.308910144934093800e-02
1.047708333333333286e+02,-8.325240050117845014e-02
1.047916666666666572e+02,-8.346891812194391636e-02
1.048125000000000000e+02,-8.372462328420177124e-02
1.048333333333333286e+02,-8.399530275401474733e-02
1.048541666666666572e+02,-8.430167413193341563e-02
1.048750000000000000e+02,-8.466930086682632195e-02
1.048958333333333286e+02,-8.507207236821179297e-02
1.049166666666666572e+02,-8.547287620953510079e-02
1.049375000000000000e+02,-8.587947831150744005e-02
1.049583333333333286e+02,-8.630432082957327500e-02
1.049791666666666572e+02,-8.670868001768074207e-02
1.050000000000000000e+02,-8.704361424059153807e-02
1.050208333333333286e+02,-8.730619786879352529e-02
1.050416666666666572e+02,-8.751741128100934408e-02
1.050625000000000000e+02,-8.767145201567538848e-02
1.050833333333333286e+02,-8.775489971794948885e-02
1.051041666666666572e+02,-8.779911490854662437e-02
1.051250000000000000e+02,-8.784048529648877390e-02
1.051458333333333286e+02,-8.786456807270910663e-02
1.051666666666666572e+02,-8.784614270734175667e-02
1.051875000000000000e+02,-8.780513198687374399e-02
1.052083333333333286e+02,-8.776614496693166401e-02
1.052291666666666572e+02,-8.770168717847587336e-02
1.052500000000000000e+02,-8.757334886421015707e-02
1.052708333333333286e+02,-8.738880559144805715e-02
1.052916666666666572e+02,-8.717326035411734897e-02
1.053125000000000000e+02,-8.691798517281090763e-02
1.053333333333333286e+02,-8.660756815258742469e-02
1.053541666666666572e+02,-8.627227544644661128e-02
1.053750000000000000e+02,-8.594710572296428153e-02
1.053958333333333286e+02,-8.561474431013160746e-02
1.054166666666666572e+02,-8.524685953543759132e-02
1.054375000000000000e+02,-8.486041260484039617e-02
1.054583333333333286e+02,-8.447818756848347876e-02
1.054791666666666572e+02,-8.409253370654524995e-02
1.055000000000000000e+02,-8.371024279501121379e-02
1.055208333333333286e+02,-8.336170612044820072e-02
1.055416666666666572e+02,-8.305415094667185916e-02
1.055625000000000000e+02,-8.278729434540696430e-02
1.055833333333333286e+02,-8.258719991998483834e-02
1.056041666666666572e+02,-8.246252590062298771e-02
1.056250000000000000e+02,-8.239824007802627748e-02
1.056458333333333286e+02,-8.240258286841679880e-02
1.056666666666666572e+02,-8.248904436987540556e-02
1.056875000000000000e+02,-8.262412370304361708e-02
1.057083333333333286e+02,-8.276950226325714699e-02
1.057291666666666572e+02,-8.293510157692757234e-02
1.057500000000000000e+02,-8.313881579305426595e-02
1.057708333333333286e+02,-8.335033542670819418e-02
1.057916666666666572e+02,-8.353184223113831186e-02
1.058125000000000000e+02,-8.369405174482218157e-02
1.058333333333333286e+02,-8.385644195695425573e-02
1.058541666666666572e+02,-8.399600896759071289e-02
1.058750000000000000e+02,-8.409011820743772514e-02
1.058958333333333286e+02,-8.416546111965965415e-02
1.059166666666666572e+02,-8.425705353857868007e-02
1.059375000000000000e+02,-8.435117678331870150e-02
1.059583333333333286e+02,-8.442661006964496950e-02
1.059791666666666572e+02,-8.450994055894694990e-02
1.060000000000000000e+02,-8.463584117318814770e-02
1.060208333333333286e+02,-8.479056071661159044e-02
1.060416666666666572e+02,-8.495238330514535974e-02
1.060625000000000000e+02,-8.514802004934753088e-02
1.060833333333333286e+02,-8.541295337813793742e-02
1.061041666666666572e+02,-8.573385597158150739e-02
1.061250000000000000e+02,-8.608881333708694183e-02
1.061458333333333286e+02,-8.649696431153400256e-02
1.061666666666666572e+02,-8.697685488772011198e-02
1.061875000000000000e+02,-8.749732981975456847e-02
1.062083333333333286e+02,-8.801967681957227618e-02
1.062291666666666572e+02,-8.855369537944436653e-02
1.062500000000000000e+02,-8.911804322999507255e-02
1.062708333333333286e+02,-8.968328212591536452e-02
1.062916666666666572e+02,-9.021254207958645521e-02
1.063125000000000000e+02,-9.071747950065869870e-02
1.063333333333333286e+02,-9.121795526605443183e-02
1.063541666666666572e+02,-9.168506965840668432e-02
1.063750000000000000e+02,-9.208274819677229883e-02
1.063958333333333286e+02,-9.242311222006691085e-02
1.064166666666666572e+02,-9.272681546929290031e-02
1.064375000000000000e+02,-9.296689881181018078e-02
1.064583333333333286e+02,-9.310972666126304809e-02
1.064791666666666572e+02,-9.317102829050001589e-02
1.065000000000000000e+02,-9.317501960533623728e-02
1.065208333333333286e+02,-9.309917844732069903e-02
1.065416666666666572e+02,-9.291597938206379304e-02
1.065625000000000000e+02,-9.264649399794028239e-02
1.065833333333333286e+02,-9.231999800762687169e-02
1.066041666666666572e+02,-9.192372065394315006e-02
1.066250000000000000e+02,-9.144611852512081474e-02
1.066458333333333286e+02,-9.092510727424622796e-02
1.066666666666666572e+02,-9.040755329804792129e-02
1.066875000000000000e+02,-8.989294619264044661e-02
1.067083333333333286e+02,-8.937410939796359977e-02
1.067291666666666572e+02,-8.889302254368114387e-02
1.067500000000000000e+02,-8.849942281065226179e-02
1.067708333333333286e+02,-8.819384093810234138e-02
1.067916666666666572e+02,-8.796464357791025646e-02
1.068125000000000000e+02,-8.783000313025729477e-02
1.068333333333333286e+02,-8.779900339566459877e-02
1.068541666666666572e+02,-8.783513487448797730e-02
1.068750000000000000e+02,-8.790115395033344659e-02
1.068958333333333286e+02,-8.800905205111367313e-02
1.069166666666666572e+02,-8.817874266507112757e-02
1.069375000000000000e+02,-8.838135054625718967e-02
1.069583333333333286e+02,-8.858095334041556079e-02
1.069791666666666572e+02,-8.878965771609291513e-02
1.070000000000000000e+02,-8.902743418865015357e-02
1.070208333333333286e+02,-8.926590439885523365e-02
1.070416666666666572e+02,-8.946926435823691903e-02
1.070625000000000000e+02,-8.965023728455362440e-02
1.070833333333333286e+02,-8.982982877631581764e-02
1.071041666666666572e+02,-8.998027472916250713e-02
1.071250000000000000e+02,-9.006642744083770413e-02
1.071458333333333286e+02,-9.010161747634205798e-02
1.071666666666666572e+02,-9.010772841817019096e-02
1.071875000000000000e+02,-9.006337655942824039e-02
1.072083333333333286e+02,-8.994666122043276646e-02
1.072291666666666572e+02,-8.978494266692038650e-02
1.072500000000000000e+02,-8.961494020589920451e-02
1.072708333333333286e+02,-8.942600795656480139e-02
1.072916666666666572e+02,-8.920071317906938524e-02
1.073125000000000000e+02,-8.897126736676608250e-02
1.073333333333333286e+02,-8.877927392617343538e-02
1.073541666666666572e+02,-8.861862380456252131e-02
1.073750000000000000e+02,-8.847527013268571827e-02
1.073958333333333286e+02,-8.838160094864644378e-02
1.074166666666666572e+02,-8.837620642505486512e-02
1.074375000000000000e+02,-8.844872943028803114e-02
1.074583333333333286e+02,-8.858013403151551723e-02
1.074791666666666572e+02,-8.878549409461106157e-02
1.075000000000000000e+02,-8.907075877894697624e-02
1.075208333333333286e+02,-8.939462167732072084e-02
1.075416666666666572e+02,-8.971215659904600848e-02
1.075625000000000000e+02,-9.002736765328868407e-02
1.075833333333333286e+02,-9.035305967783542613e-02
1.076041666666666572e+02,-9.065375147699616942e-02
1.076250000000000000e+02,-9.088651828926903875e-02
1.076458333333333286e+02,-9.105703215569611875e-02
1.076666666666666572e+02,-9.118120613040678335e-02
1.076875000000000000e+02,-9.124004757331449778e-02
1.077083333333333286e+02,-9.122367159412995974e-02
1.077291666666666572e+02,-9.117407259106692641e-02
1.077500000000000000e+02,-9.114415956245211503e-02
1.077708333333333286e+02,-9.114009110660395430e-02
1.077916666666666572e+02,-9.114709808390676626e-02
1.078125000000000000e+02,-9.118226447816649149e-02
1.078333333333333286e+02,-9.127093109149467254e-02
1.078541666666666572e+02,-9.139348019266541057e-02
1.078750000000000000e+02,-9.152514660842687999e-02
1.078958333333333286e+02,-9.169198068633926946e-02
1.079166666666666572e+02,-9.193080473361309179e-02
1.079375000000000000e+02,-9.223274307684801998e-02
1.079583333333333286e+02,-9.257324732903580988e-02
1.079791666666666572e+02,-9.295968697054354801e-02
1.080000000000000000e+02,-9.340052902521371603e-02
1.080208333333333286e+02,-9.385833788120070964e-02
1.080416666666666572e+02,-9.429112775811959724e-02
1.080625000000000000e+02,-9.470764084724986320e-02
1.080833333333333286e+02,-9.512631491009740370e-02
1.081041666666666572e+02,-9.551926551294485923e-02
1.081250000000000000e+02,-9.585237906596913438e-02
1.081458333333333286e+02,-9.614146298031084337e-02
1.081666666666666572e+02,-9.641145428065057976e-02
1.081875000000000000e+02,-9.663898854761747426e-02
1.082083333333333286e+02,-9.679148840350663974e-02
1.082291666666666572e+02,-9.688425825765022148e-02
1.082500000000000000e+02,-9.694025452763131712e-02
1.082708333333333286e+02,-9.693391220877771441e-02
1.082916666666666572e+02,-9.683128848214370143e-02
1.083125000000000000e+02,-9.664722174257403542e-02
1.083333333333333286e+02,-9.640438930498082537e-02
1.083541666666666572e+02,-9.608512831823333433e-02
1.083750000000000000e+02,-9.567406683867407668e-02
1.083958333333333286e+02,-9.520576378558232022e-02
1.084166666666666572e+02,-9.472171872220556954e-02
1.084375000000000000e+02,-9.421492332101022438e-02
1.084583333333333286e+02,-9.366932781953596354e-02
1.084791666666666572e+02,-9.311594749061831433e-02
1.085000000000000000e+02,-9.259178484341243354e-02
1.085208333333333286e+02,-9.208430990864181764e-02
1.085416666666666572e+02,-9.157129325274156184e-02
1.085625000000000000e+02,-9.107646640916816638e-02
1.085833333333333286e+02,-9.062816830767099485e-02
1.086041666666666572e+02,-9.020311392526458860e-02
1.086250000000000000e+02,-8.976744156585153567e-02
1.086458333333333286e+02,-8.933234110802615313e-02
1.086666666666666572e+02,-8.891516750895375742e-02
1.086875000000000000e+02,-8.850277649645910127e-02
1.087083333333333286e+02,-8.809583672546399125e-02
1.087291666666666572e+02,-8.772278926712002989e-02
1.087500000000000000e+02,-8.739354488333402060e-02
1.087708333333333286e+02,-8.709697368021292185e-02
1.087916666666666572e+02,-8.685028887029075384e-02
1.088125000000000000e+02,-8.667358464890762004e-02
1.088333333333333286e+02,-8.653572213214387465e-02
1.088541666666666572e+02,-8.639449413143646117e-02
1.088750000000000000e+02,-8.625363757395175524e-02
1.088958333333333286e+02,-8.612882872490622288e-02
1.089166666666666572e+02,-8.600543289162584926e-02
1.089375000000000000e+02,-8.587445359451170712e-02
1.089583333333333286e+02,-8.576896701312404503e-02
1.089791666666666572e+02,-8.571984083398244414e-02
1.090000000000000000e+02,-8.570539591198166052e-02
1.090208333333333286e+02,-8.569280534239742675e-02
1.090416666666666572e+02,-8.569475288885002040e-02
1.090625000000000000e+02,-8.572894414509654726e-02
1.090833333333333286e+02,-8.576610253980215814e-02
1.091041666666666572e+02,-8.577136382160290007e-02
1.091250000000000000e+02,-8.575618937123957730e-02
1.091458333333333286e+02,-8.573738115821574746e-02
1.091666666666666572e+02,-8.569634111577251190e-02
1.091875000000000000e+02,-8.562405655719135256e-02
1.092083333333333286e+02,-8.555911135179605775e-02
1.092291666666666572e+02,-8.554406836296460370e-02
1.092500000000000000e+02,-8.556943913825497405e-02
1.092708333333333286e+02,-8.561541393739972861e-02
1.092916666666666572e+02,-8.570883302740903154e-02
1.093125000000000000e+02,-8.588168611805724328e-02
1.093333333333333286e+02,-8.611487402720463535e-02
1.093541666666666572e+02,-8.637787077507483313e-02
1.093750000000000000e+02,-8.668549520968284183e-02
1.093958333333333286e+02,-8.705723460245906598e-02
1.094166666666666572e+02,-8.746095300797702976e-02
1.094375000000000000e+02,-8.785299498453048861e-02
1.094583333333333286e+02,-8.823507119412174471e-02
1.094791666666666572e+02,-8.861449089805252533e-02
1.095000000000000000e+02,-8.896072635886674573e-02
1.095208333333333286e+02,-8.924887203351558607e-02
1.095416666666666572e+02,-8.950121801114908904e-02
1.095625000000000000e+02,-8.974501552428272577e-02
1.095833333333333286e+02,-8.995603453561086538e-02
1.096041666666666572e+02,-9.009835237225242988e-02
1.096250000000000000e+02,-9.018137389568398055e-02
1.096458333333333286e+02,-9.022054906503990113e-02
1.096666666666666572e+02,-9.020034117640689242e-02
1.096875000000000000e+02,-9.011858351984652904e-02
1.097083333333333286e+02,-9.000498303823262214e-02
1.097291666666666572e+02,-8.987548481410799484e-02
1.097500000000000000e+02,-8.971726983064071126e-02
1.097708333333333286e+02,-8.953490130711662387e-02
1.097916666666666572e+02,-8.934714911721022834e-02
1.098125000000000000e+02,-8.914047528318511104e-02
1.098333333333333286e+02,-8.889704428368087885e-02
1.098541666666666572e+02,-8.864442023255068859e-02
1.098750000000000000e+02,-8.841509796060482984e-02
1.098958333333333286e+02,-8.819107955100406737e-02
1.099166666666666572e+02,-8.794408021443782253e-02
1.099375000000000000e+02,-8.769079427055162523e-02
1.099583333333333286e+02,-8.745332954367616984e-02
1.099791666666666572e+02,-8.721022824148218222e-02
1.100000000000000000e+02,-8.693912037858848862e-02
1.100208333333333286e+02,-8.666360909538038670e-02
1.100416666666666572e+02,-8.641200186716298248e-02
1.100625000000000000e+02,-8.616096111096152588e-02
1.100833333333333286e+02,-8.587628118741957861e-02
1.101041666666666572e+02,-8.556897813726696556e-02
1.101250000000000000e+02,-8.526321912563285255e-02
1.101458333333333286e+02,-8.495092949785716663e-02
1.101666666666666572e+02,-8.462560580065034421e-02
1.101875000000000000e+02,-8.432665813215400874e-02
1.102083333333333286e+02,-8.409783493757273798e-02
1.102291666666666572e+02,-8.393140150613445649e-02
1.102500000000000000e+02,-8.380926785945802537e-02
1.102708333333333286e+02,-8.375862676972478660e-02
1.102916666666666572e+02,-8.381120113741506727e-02
1.103125000000000000e+02,-8.394704296678676125e-02
1.103333333333333286e+02,-8.413592449183757149e-02
1.103541666666666572e+02,-8.439318904596576632e-02
1.103750000000000000e+02,-8.473882911140492857e-02
1.103958333333333286e+02,-8.514075226228388915e-02
1.104166666666666572e+02,-8.555628566287311332e-02
1.104375000000000000e+02,-8.598838360640040368e-02
1.104583333333333286e+02,-8.644510683697302633e-02
1.104791666666666572e+02,-8.689065776193687085e-02
1.105000000000000000e+02,-8.728875981352961222e-02
1.105208333333333286e+02,-8.765116981415028985e-02
1.105416666666666572e+02,-8.799622027414148728e-02
1.105625000000000000e+02,-8.829323181260488596e-02
1.105833333333333286e+02,-8.850425743940745771e-02
1.106041666666666572e+02,-8.864020019445882637e-02
1.106250000000000000e+02,-8.872117610272661770e-02
1.106458333333333286e+02,-8.873387977595885434e-02
1.106666666666666572e+02,-8.867626515458441883e-02
1.106875000000000000e+02,-8.858652880740905400e-02
1.107083333333333286e+02,-8.849827028993448308e-02
1.107291666666666572e+02,-8.839501251246260904e-02
1.107500000000000000e+02,-8.825282922457390600e-02
1.107708333333333286e+02,-8.809599155851766117e-02
1.107916666666666572e+02,-8.795784680287332957e-02
1.108125000000000000e+02,-8.782386268852619693e-02
1.108333333333333286e+02,-8.767226608964077961e-02
1.108541666666666572e+02,-8.753107062376695724e-02
1.108750000000000000e+02,-8.743779309148642931e-02
1.108958333333333286e+02,-8.738237716550378842e-02
1.109166666666666572e+02,-8.734766089911172315e-02
1.109375000000000000e+02,-8.736538566931517646e-02
1.109583333333333286e+02,-8.747515905542374570e-02
1.109791666666666572e+02,-8.766752546750207487e-02
1.110000000000000000e+02,-8.792270003825923552e-02
1.110208333333333286e+02,-8.825226408078269691e-02
1.110416666666666572e+02,-8.865864773699393131e-02
1.110625000000000000e+02,-8.910005395824210916e-02
1.110833333333333286e+02,-8.953467805450684991e-02
1.111041666666666572e+02,-8.997006852249948838e-02
1.111250000000000000e+02,-9.042151929508809860e-02
1.111458333333333286e+02,-9.085546286769871638e-02
1.111666666666666572e+02,-9.123153195804314941e-02
1.111875000000000000e+02,-9.155797120965221414e-02
1.112083333333333286e+02,-9.185164395585600217e-02
1.112291666666666572e+02,-9.208185248911057719e-02
1.112500000000000000e+02,-9.221097374398623536e-02
1.112708333333333286e+02,-9.224995143962082256e-02
1.112916666666666572e+02,-9.221861229076548649e-02
1.113125000000000000e+02,-9.210569219174857825e-02
1.113333333333333286e+02,-9.191429048119768852e-02
1.113541666666666572e+02,-9.168024123180036622e-02
1.113750000000000000e+02,-9.142525255482859825e-02
1.113958333333333286e+02,-9.113677053060616207e-02
1.114166666666666572e+02,-9.081573014700221325e-02
1.114375000000000000e+02,-9.049571211214792188e-02
1.114583333333333286e+02,-9.019602791489292337e-02
1.114791666666666572e+02,-8.989967085675058811e-02
1.115000000000000000e+02,-8.960089512071095497e-02
1.115208333333333286e+02,-8.933376301012614651e-02
1.115416666666666572e+02,-8.912785681552955197e-02
1.115625000000000000e+02,-8.896380694863019467e-02
1.115833333333333286e+02,-8.881542232647457458e-02
1.116041666666666572e+02,-8.870572335234594430e-02
1.116250000000000000e+02,-8.866590194246970480e-02
1.116458333333333286e+02,-8.867842312511285685e-02
1.116666666666666572e+02,-8.871845195150056262e-02
1.116875000000000000e+02,-8.880847650191647791e-02
1.117083333333333286e+02,-8.897794545413498235e-02
1.117291666666666572e+02,-8.920735205486260422e-02
1.117500000000000000e+02,-8.946930533124068663e-02
1.117708333333333286e+02,-8.978483346692234246e-02
1.117916666666666572e+02,-9.018363631437022188e-02
1.118125000000000000e+02,-9.064660703774701789e-02
1.118333333333333286e+02,-9.114589608475995308e-02
1.118541666666666572e+02,-9.169215789521532878e-02
1.118750000000000000e+02,-9.229216151576359606e-02
1.118958333333333286e+02,-9.290260478491585427e-02
1.119166666666666572e+02,-9.347277903769972418e-02
1.119375000000000000e+02,-9.400037278523130924e-02
1.119583333333333286e+02,-9.449254197349482576e-02
1.119791666666666572e+02,-9.491607552644412693e-02
1.120000000000000000e+02,-9.524022585793547047e-02
1.120208333333333286e+02,-9.548520113844843893e-02
1.120416666666666572e+02,-9.568124275901591924e-02
1.120625000000000000e+02,-9.581236859854620758e-02
1.120833333333333286e+02,-9.585809489180378840e-02
1.121041666666666572e+02,-9.584858354663684799e-02
1.121250000000000000e+02,-9.582394032012589435e-02
1.121458333333333286e+02,-9.577934611077394689e-02
1.121666666666666572e+02,-9.570453077212051629e-02
1.121875000000000000e+02,-9.562700470805508834e-02
1.122083333333333286e+02,-9.556745411850994798e-02
1.122291666666666572e+02,-9.549935698053975408e-02
1.122500000000000000e+02,-9.539104132128305158e-02
1.122708333333333286e+02,-9.526187891271943597e-02
1.122916666666666572e+02,-9.514170291823992320e-02
1.123125000000000000e+02,-9.501473706157775867e-02
1.123333333333333286e+02,-9.486036255811081119e-02
1.123541666666666572e+02,-9.471040523352153295e-02
1.123750000000000000e+02,-9.460777126864115816e-02
1.123958333333333286e+02,-9.454936829010980592e-02
1.124166666666666572e+02,-9.451934310951598528e-02
1.124375000000000000e+02,-9.453244514407248278e-02
1.124583333333333286e+02,-9.459764647720345088e-02
1.124791666666666572e+02,-9.467729632151142272e-02
1.125000000000000000e+02,-9.472963936458890510e-02
1.125208333333333286e+02,-9.476385528210601317e-02
1.125416666666666572e+02,-9.479892938953557446e-02
1.125625000000000000e+02,-9.480783785554157406e-02
1.125833333333333286e+02,-9.475803468553346820e-02
1.126041666666666572e+02,-9.466835517810295864e-02
1.126250000000000000e+02,-9.456801076317555843e-02
1.126458333333333286e+02,-9.444126335626167046e-02
1.126666666666666572e+02,-9.426789302899538092e-02
1.126875000000000000e+02,-9.407811061907686567e-02
1.127083333333333286e+02,-9.391166958784544216e-02
1.127291666666666572e+02,-9.376190577878699972e-02
1.127500000000000000e+02,-9.361511346836697001e-02
1.127708333333333286e+02,-9.349751864525304712e-02
1.127916666666666572e+02,-9.343186785718207710e-02
1.128125000000000000e+02,-9.339118298699071452e-02
1.128333333333333286e+02,-9.334000109721016236e-02
1.128541666666666572e+02,-9.329158995626588013e-02
1.128750000000000000e+02,-9.326673777637295437e-02
1.128958333333333286e+02,-9.323776169620809351e-02
1.129166666666666572e+02,-9.316782864095241035e-02
1.129375000000000000e+02,-9.306784868661835408e-02
1.129583333333333286e+02,-9.295665668211994248e-02
1.129791666666666572e+02,-9.280905696474628375e-02
1.130000000000000000e+02,-9.259692765389965219e-02
1.130208333333333286e+02,-9.234147628088255899e-02
1.130416666666666572e+02,-9.207143186808902646e-02
1.130625000000000000e+02,-9.176706124209106641e-02
1.130833333333333286e+02,-9.140035747622295148e-02
1.131041666666666572e+02,-9.099200834029493035e-02
1.131250000000000000e+02,-9.057021278532462194e-02
1.131458333333333286e+02,-9.011815952608234759e-02
1.131666666666666572e+02,-8.961434756556636849e-02
1.131875000000000000e+02,-8.908557883294179747e-02
1.132083333333333286e+02,-8.856629561747515755e-02
1.132291666666666572e+02,-8.804240592547002420e-02
1.132500000000000000e+02,-8.749128828058189145e-02
1.132708333333333286e+02,-8.693905197867149437e-02
1.132916666666666572e+02,-8.641934548484718481e-02
1.133125000000000000e+02,-8.591731680844816310e-02
1.133333333333333286e+02,-8.540977736789294450e-02
1.133541666666666572e+02,-8.492224071203181845e-02
1.133750000000000000e+02,-8.448757729351184798e-02
1.133958333333333286e+02,-8.409010270399355780e-02
1.134166666666666572e+02,-8.370482603193829529e-02
1.134375000000000000e+02,-8.335417369569554646e-02
1.134583333333333286e+02,-8.306769339577554923e-02
1.134791666666666572e+02,-8.282582367009516666e-02
1.135000000000000000e+02,-8.260058812573686793e-02
1.135208333333333286e+02,-8.241272993329117058e-02
1.135416666666666572e+02,-8.229036631056975415e-02
1.135625000000000000e+02,-8.221371948678893316e-02
1.135833333333333286e+02,-8.215477871162721324e-02
1.136041666666666572e+02,-8.213363196491108020e-02
1.136250000000000000e+02,-8.217811202630011247e-02
1.136458333333333286e+02,-8.226754244675647809e-02
1.136666666666666572e+02,-8.237263743060843635e-02
1.136875000000000000e+02,-8.251285547018365196e-02
1.137083333333333286e+02,-8.271531095824825874e-02
1.137291666666666572e+02,-8.295865640924740547e-02
1.137500000000000000e+02,-8.321310664515041422e-02
1.137708333333333286e+02,-8.349757390703187176e-02
1.137916666666666572e+02,-8.383846143210248181e-02
1.138125000000000000e+02,-8.421371003547409306e-02
1.138333333333333286e+02,-8.459256787169329439e-02
1.138541666666666572e+02,-8.499252702611817534e-02
1.138750000000000000e+02,-8.543860206056357043e-02
1.138958333333333286e+02,-8.590733015221982405e-02
1.139166666666666572e+02,-8.636612390131163941e-02
1.139375000000000000e+02,-8.683028905121548124e-02
1.139583333333333286e+02,-8.732290147113139223e-02
1.139791666666666572e+02,-8.781858860842958747e-02
1.140000000000000000e+02,-8.828331960264135247e-02
1.140208333333333286e+02,-8.873175207685021770e-02
1.140416666666666572e+02,-8.918626113813647727e-02
1.140625000000000000e+02,-8.962077766810666590e-02
1.140833333333333286e+02,-9.000002692358871625e-02
1.141041666666666572e+02,-9.033670818521963297e-02
1.141250000000000000e+02,-9.065143171349361595e-02
1.141458333333333286e+02,-9.091637906939120661e-02
1.141666666666666572e+02,-9.109497947906404491e-02
1.141875000000000000e+02,-9.119934248500130569e-02
1.142083333333333286e+02,-9.124997928473232989e-02
1.142291666666666572e+02,-9.122774667823820016e-02
1.142500000000000000e+02,-9.111517090586358780e-02
1.142708333333333286e+02,-9.094391430677151167e-02
1.142916666666666572e+02,-9.075354613952098248e-02
1.143125000000000000e+02,-9.053513511479911735e-02
1.143333333333333286e+02,-9.027091957004927669e-02
1.143541666666666572e+02,-8.999177260382115739e-02
1.143750000000000000e+02,-8.973632525682453953e-02
1.143958333333333286e+02,-8.949471317960271122e-02
1.144166666666666572e+02,-8.924802961801152346e-02
1.144375000000000000e+02,-8.902554498046483245e-02
1.144583333333333286e+02,-8.886428788243667942e-02
1.144791666666666572e+02,-8.875280843691091270e-02
1.145000000000000000e+02,-8.867085348889315599e-02
1.145208333333333286e+02,-8.864663929865040926e-02
1.145416666666666572e+02,-8.871606847913270089e-02
1.145625000000000000e+02,-8.886661759637093372e-02
1.145833333333333286e+02,-8.907545084094321830e-02
1.146041666666666572e+02,-8.935680783037126818e-02
1.146250000000000000e+02,-8.971787236708958502e-02
1.146458333333333286e+02,-9.011307273575591692e-02
1.146666666666666572e+02,-9.048598737877196208e-02
1.146875000000000000e+02,-9.082678556243176105e-02
1.147083333333333286e+02,-9.114538611800857004e-02
1.147291666666666572e+02,-9.141935584590553387e-02
1.147500000000000000e+02,-9.161900577067876028e-02
1.147708333333333286e+02,-9.176022319277959971e-02
1.147916666666666572e+02,-9.186372565452964600e-02
1.148125000000000000e+02,-9.190290725557813400e-02
1.148333333333333286e+02,-9.184617176480036616e-02
1.148541666666666572e+02,-9.170878579234367778e-02
1.148750000000000000e+02,-9.151339477296963065e-02
1.148958333333333286e+02,-9.125027540050165142e-02
1.149166666666666572e+02,-9.092211053484756944e-02
1.149375000000000000e+02,-9.056816374829487759e-02
1.149583333333333286e+02,-9.021813967997968642e-02
1.149791666666666572e+02,-8.985207584896200139e-02
1.150000000000000000e+02,-8.944416921171505219e-02
1.150208333333333286e+02,-8.901727772964355967e-02
1.150416666666666572e+02,-8.860356222866927478e-02
1.150625000000000000e+02,-8.818822657083696948e-02
1.150833333333333286e+02,-8.775087550963293903e-02
1.151041666666666572e+02,-8.732115819030634996e-02
1.151250000000000000e+02,-8.693912587630035771e-02
1.151458333333333286e+02,-8.659979344838103499e-02
1.151666666666666572e+02,-8.629314842235240313e-02
1.151875000000000000e+02,-8.605688727103477653e-02
1.152083333333333286e+02,-8.593439600698743464e-02
1.152291666666666572e+02,-8.592267030549360918e-02
1.152500000000000000e+02,-8.600338694847405041e-02
1.152708333333333286e+02,-8.618745211844426601e-02
1.152916666666666572e+02,-8.648249168374755325e-02
1.153125000000000000e+02,-8.684944055618994130e-02
1.153333333333333286e+02,-8.724409411733800856e-02
1.153541666666666572e+02,-8.767333197055622585e-02
1.153750000000000000e+02,-8.815474122808343582e-02
1.153958333333333286e+02,-8.866057254921778930e-02
1.154166666666666572e+02,-8.915839962620829284e-02
1.154375000000000000e+02,-8.966796225061268721e-02
1.154583333333333286e+02,-9.021991976685878045e-02
1.154791666666666572e+02,-9.079976492640157160e-02
1.155000000000000000e+02,-9.138700558583594258e-02
1.155208333333333286e+02,-9.198920067464992634e-02
1.155416666666666572e+02,-9.259707902461582207e-02
1.155625000000000000e+02,-9.318283039672113632e-02
1.155833333333333286e+02,-9.374834060691747406e-02
1.156041666666666572e+02,-9.430182326642608248e-02
1.156250000000000000e+02,-9.480355023111504409e-02
1.156458333333333286e+02,-9.520620521526398927e-02
1.156666666666666572e+02,-9.551028020563785692e-02
1.156875000000000000e+02,-9.572726047838092667e-02
1.157083333333333286e+02,-9.584279966233094639e-02
1.157291666666666572e+02,-9.585953385505267821e-02
1.157500000000000000e+02,-9.580078437225025834e-02
1.157708333333333286e+02,-9.566239648819087338e-02
1.157916666666666572e+02,-9.543416350056667385e-02
1.158125000000000000e+02,-9.515459897716263549e-02
1.158333333333333286e+02,-9.486967327252275595e-02
1.158541666666666572e+02,-9.457682846262779885e-02
1.158750000000000000e+02,-9.426484664360933186e-02
1.158958333333333286e+02,-9.396916735798978293e-02
1.159166666666666572e+02,-9.373044596815086060e-02
1.159375000000000000e+02,-9.354101107466923637e-02
1.159583333333333286e+02,-9.338388068223034411e-02
1.159791666666666572e+02,-9.328197641867103096e-02
1.160000000000000000e+02,-9.325562641647908158e-02
1.160208333333333286e+02,-9.327470885765899722e-02
1.160416666666666572e+02,-9.330030052398208262e-02
1.160625000000000000e+02,-9.334219863600901057e-02
1.160833333333333286e+02,-9.341795313301079484e-02
1.161041666666666572e+02,-9.349717117152286927e-02
1.161250000000000000e+02,-9.354081717970870458e-02
1.161458333333333286e+02,-9.355798511386399785e-02
1.161666666666666572e+02,-9.356600106934651051e-02
1.161875000000000000e+02,-9.353604448510445535e-02
1.162083333333333286e+02,-9.343323314019372217e-02
1.162291666666666572e+02,-9.327167842659060681e-02
1.162500000000000000e+02,-9.307402864947604548e-02
1.162708333333333286e+02,-9.282322759773653509e-02
1.162916666666666572e+02,-9.250431814303174127e-02
1.163125000000000000e+02,-9.215225243741580197e-02
1.163333333333333286e+02,-9.180999828377192640e-02
1.163541666666666572e+02,-9.147205345579086100e-02
1.163750000000000000e+02,-9.112430389801207120e-02
1.163958333333333286e+02,-9.080131944854158421e-02
1.164166666666666572e+02,-9.054513865966790087e-02
1.164375000000000000e+02,-9.034932185698764384e-02
1.164583333333333286e+02,-9.019861027258053998e-02
1.164791666666666572e+02,-9.011565972482041276e-02
1.165000000000000000e+02,-9.011675258650948817e-02
1.165208333333333286e+02,-9.016951028210752617e-02
1.165416666666666572e+02,-9.023486903500561873e-02
1.165625000000000000e+02,-9.032273539321872269e-02
1.165833333333333286e+02,-9.045052091116069504e-02
1.166041666666666572e+02,-9.058715927679464319e-02
1.166250000000000000e+02,-9.069345509270568262e-02
1.166458333333333286e+02,-9.077902136450546888e-02
1.166666666666666572e+02,-9.086080723715987684e-02
1.166875000000000000e+02,-9.090925477952103984e-02
1.167083333333333286e+02,-9.088905450550803511e-02
1.167291666666666572e+02,-9.081404786349191183e-02
1.167500000000000000e+02,-9.070607664975699480e-02
1.167708333333333286e+02,-9.054561648043230049e-02
1.167916666666666572e+02,-9.031385650364949502e-02
1.168125000000000000e+02,-9.004177561676751651e-02
1.168333333333333286e+02,-8.976769385499200338e-02
1.168541666666666572e+02,-8.948138596730588479e-02
1.168750000000000000e+02,-8.916450836450202921e-02
1.168958333333333286e+02,-8.884748273370454696e-02
1.169166666666666572e+02,-8.856789755670912978e-02
1.169375000000000000e+02,-8.831518845902254500e-02
1.169583333333333286e+02,-8.807043915855207461e-02
1.169791666666666572e+02,-8.786270640159794809e-02
1.170000000000000000e+02,-8.772843620000644882e-02
1.170208333333333286e+02,-8.765540330301416216e-02
1.170416666666666572e+02,-8.762305315189176935e-02
1.170625000000000000e+02,-8.765961948362659129e-02
1.170833333333333286e+02,-8.780068400987597887e-02
1.171041666666666572e+02,-8.803334461220786722e-02
1.171250000000000000e+02,-8.833542053407852923e-02
1.171458333333333286e+02,-8.871441651165333508e-02
1.171666666666666572e+02,-8.916258674759705571e-02
1.171875000000000000e+02,-8.964646326362037121e-02
1.172083333333333286e+02,-9.015363601639456159e-02
1.172291666666666572e+02,-9.068056917864580901e-02
1.172500000000000000e+02,-9.119625743833195686e-02
1.172708333333333286e+02,-9.168388346942557554e-02
1.172916666666666572e+02,-9.215649411982895778e-02
1.173125000000000000e+02,-9.261096140900391960e-02
1.173333333333333286e+02,-9.302556946770636215e-02
1.173541666666666572e+02,-9.340968910526339930e-02
1.173750000000000000e+02,-9.377780617989497913e-02
1.173958333333333286e+02,-9.409615821850350614e-02
1.174166666666666572e+02,-9.432376554386334711e-02
1.174375000000000000e+02,-9.446854925279672688e-02
1.174583333333333286e+02,-9.454619366101407740e-02
1.174791666666666572e+02,-9.453795595446087829e-02
1.175000000000000000e+02,-9.443477661058875816e-02
1.175208333333333286e+02,-9.427815169046377397e-02
1.175416666666666572e+02,-9.411685747430115212e-02
1.175625000000000000e+02,-9.395113339734309510e-02
1.175833333333333286e+02,-9.377160856126956490e-02
1.176041666666666572e+02,-9.360555507639417572e-02
1.176250000000000000e+02,-9.347351898900520262e-02
1.176458333333333286e+02,-9.334591325408674034e-02
1.176666666666666572e+02,-9.318464358525462010e-02
1.176875000000000000e+02,-9.300042542040992677e-02
1.177083333333333286e+02,-9.281183676452454956e-02
1.177291666666666572e+02,-9.259582696313801986e-02
1.177500000000000000e+02,-9.232957145341594285e-02
1.177708333333333286e+02,-9.203987942934839517e-02
1.177916666666666572e+02,-9.176092976301850057e-02
1.178125000000000000e+02,-9.147830491708122680e-02
1.178333333333333286e+02,-9.116954844987101847e-02
1.178541666666666572e+02,-9.086106297310028723e-02
1.178750000000000000e+02,-9.058624562528058699e-02
1.178958333333333286e+02,-9.033009419497582682e-02
1.179166666666666572e+02,-9.006914922718939343e-02
1.179375000000000000e+02,-8.982768241761408812e-02
1.179583333333333286e+02,-8.963711695175423377e-02
1.179791666666666572e+02,-8.948034314578959258e-02
1.180000000000000000e+02,-8.933221510175583246e-02
1.180208333333333286e+02,-8.921641963768475736e-02
1.180416666666666572e+02,-8.916386038170408257e-02
1.180625000000000000e+02,-8.915695271459923854e-02
1.180833333333333286e+02,-8.917008587820973720e-02
1.181041666666666572e+02,-8.922638921955908242e-02
1.181250000000000000e+02,-8.935614845226931557e-02
1.181458333333333286e+02,-8.954118263506348485e-02
1.181666666666666572e+02,-8.975525297432791760e-02
1.181875000000000000e+02,-9.002066906460433338e-02
1.182083333333333286e+02,-9.036674039947147075e-02
1.182291666666666572e+02,-9.077432208002536584e-02
1.182500000000000000e+02,-9.121446193709445427e-02
1.182708333333333286e+02,-9.169934417482585032e-02
1.182916666666666572e+02,-9.223922704886264312e-02
1.183125000000000000e+02,-9.279252953549611826e-02
1.183333333333333286e+02,-9.330726464336287773e-02
1.183541666666666572e+02,-9.377722636097554632e-02
1.183750000000000000e+02,-9.420256769637871952e-02
1.183958333333333286e+02,-9.455749316473301136e-02
1.184166666666666572e+02,-9.483680426341813130e-02
1.184375000000000000e+02,-9.505437009189873776e-02
1.184583333333333286e+02,-9.519381935003590200e-02
1.184791666666666572e+02,-9.523049312755212104e-02
1.185000000000000000e+02,-9.518619976905187685e-02
1.185208333333333286e+02,-9.508791558800712418e-02
1.185416666666666572e+02,-9.491154711006331846e-02
1.185625000000000000e+02,-9.462168033502223186e-02
1.185833333333333286e+02,-9.422919660195210045e-02
1.186041666666666572e+02,-9.376493905978634802e-02
1.186250000000000000e+02,-9.322756619069993977e-02
1.186458333333333286e+02,-9.260660114103595741e-02
1.186666666666666572e+02,-9.193692284188223485e-02
1.186875000000000000e+02,-9.125767732890388562e-02
1.187083333333333286e+02,-9.055619262441498563e-02
1.187291666666666572e+02,-8.980867962576707941e-02
1.187500000000000000e+02,-8.903676994268605593e-02
1.187708333333333286e+02,-8.826753626729486046e-02
1.187916666666666572e+02,-8.749838668201671832e-02
1.188125000000000000e+02,-8.674170544811787842e-02
1.188333333333333286e+02,-8.602807261084485790e-02
1.188541666666666572e+02,-8.535841921837648838e-02
1.188750000000000000e+02,-8.472655731168526883e-02
1.188958333333333286e+02,-8.417330760916626187e-02
1.189166666666666572e+02,-8.374580942714525411e-02
1.189375000000000000e+02,-8.344196378691569327e-02
1.189583333333333286e+02,-8.325150468343693599e-02
1.189791666666666572e+02,-8.319126880998936602e-02
1.190000000000000000e+02,-8.325965434937428189e-02
1.190208333333333286e+02,-8.342898703602910637e-02
1.190416666666666572e+02,-8.369402695509652046e-02
1.190625000000000000e+02,-8.405483922251669182e-02
1.190833333333333286e+02,-8.447350322995146599e-02
1.191041666666666572e+02,-8.491717687352155763e-02
1.191250000000000000e+02,-8.540352981112038500e-02
1.191458333333333286e+02,-8.595786441432166913e-02
1.191666666666666572e+02,-8.655735259158120476e-02
1.191875000000000000e+02,-8.717124561221238632e-02
1.192083333333333286e+02,-8.781753236253073136e-02
1.192291666666666572e+02,-8.852175010496435292e-02
1.192500000000000000e+02,-8.926162170924810402e-02
1.192708333333333286e+02,-9.000607345632356815e-02
1.192916666666666572e+02,-9.076564682286206165e-02
1.193125000000000000e+02,-9.155062634128090238e-02
1.193333333333333286e+02,-9.232217634228692682e-02
1.193541666666666572e+02,-9.303354854598100410e-02
1.193750000000000000e+02,-9.368735378799805669e-02
1.193958333333333286e+02,-9.429425182797709915e-02
1.194166666666666572e+02,-9.481662936346134385e-02
1.194375000000000000e+02,-9.520900212356254999e-02
1.194583333333333286e+02,-9.547541797121812668e-02
1.194791666666666572e+02,-9.563280327304296558e-02
1.195000000000000000e+02,-9.566893983991141270e-02
1.195208333333333286e+02,-9.558107301327917193e-02
1.195416666666666572e+02,-9.540849539605396334e-02
1.195625000000000000e+02,-9.518697303973046309e-02
1.195833333333333286e+02,-9.490296496334790777e-02
1.196041666666666572e+02,-9.453495109433641963e-02
1.196250000000000000e+02,-9.411012977099469934e-02
1.196458333333333286e+02,-9.366327500597478040e-02
1.196666666666666572e+02,-9.318127851889279611e-02
1.196875000000000000e+02,-9.264284111719901793e-02
1.197083333333333286e+02,-9.207495786262386017e-02
1.197291666666666572e+02,-9.151220983957414346e-02
1.197500000000000000e+02,-9.094118475902411569e-02
1.197708333333333286e+02,-9.034055642205127135e-02
1.197916666666666572e+02,-8.973785170623500840e-02
1.198125000000000000e+02,-8.916819195571351608e-02
1.198333333333333286e+02,-8.861859160815696579e-02
1.198541666666666572e+02,-8.806816739041051223e-02
1.198750000000000000e+02,-8.754494602482341958e-02
1.198958333333333286e+02,-8.708453958132460204e-02
1.199166666666666572e+02,-8.667476565310970604e-02
1.199375000000000000e+02,-8.629583653856964798e-02
1.199583333333333286e+02,-8.597663368656303928e-02
1.199791666666666572e+02,-8.575356554389015895e-02
1.200000000000000000e+02,-8.561544827016390191e-02
1.200208333333333286e+02,-8.554309020998063229e-02
1.200416666666666572e+02,-8.556430938072492887e-02
1.200625000000000000e+02,-8.571349787925025554e-02
1.200833333333333286e+02,-8.597699961099108945e-02
1.201041666666666572e+02,-8.633040502484778944e-02
1.201250000000000000e+02,-8.677986731044452784e-02
1.201458333333333286e+02,-8.731942380482793364e-02
1.201666666666666572e+02,-8.790626184372592189e-02
1.201875000000000000e+02,-8.850707769335580677e-02
1.202083333333333286e+02,-8.913956558491785420e-02
1.202291666666666572e+02,-8.982905433868743073e-02
1.202500000000000000e+02,-9.055275463264124414e-02
1.202708333333333286e+02,-9.127947386314028133e-02
1.202916666666666572e+02,-9.201867158020782256e-02
1.203125000000000000e+02,-9.277726645097814084e-02
1.203333333333333286e+02,-9.351344074016376684e-02
1.203541666666666572e+02,-9.417676252670088843e-02
1.203750000000000000e+02,-9.476456483210275727e-02
1.203958333333333286e+02,-9.528241212280752492e-02
1.204166666666666572e+02,-9.570415393055753395e-02
1.204375000000000000e+02,-9.601637718460344362e-02
1.204583333333333286e+02,-9.624630696363097038e-02
1.204791666666666572e+02,-9.641577930590292111e-02
1.205000000000000000e+02,-9.649819509227813841e-02
1.205208333333333286e+02,-9.646046289301647703e-02
1.205416666666666572e+02,-9.632076452325276372e-02
1.205625000000000000e+02,-9.610767733337279017e-02
1.205833333333333286e+02,-9.580435147850725752e-02
1.206041666666666572e+02,-9.539036062265010552e-02
1.206250000000000000e+02,-9.489717042085807353e-02
1.206458333333333286e+02,-9.436763318557765678e-02
1.206666666666666572e+02,-9.379907551945988742e-02
1.206875000000000000e+02,-9.318424723802570808e-02
1.207083333333333286e+02,-9.256764112737578265e-02
1.207291666666666572e+02,-9.200497488133856094e-02
1.207500000000000000e+02,-9.150552535697514811e-02
1.207708333333333286e+02,-9.106051908471649026e-02
1.207916666666666572e+02,-9.069138943668819675e-02
1.208125000000000000e+02,-9.042261799288631163e-02
1.208333333333333286e+02,-9.023230804639534308e-02
1.208541666666666572e+02,-9.009432169003228630e-02
1.208750000000000000e+02,-9.003452792654556558e-02
1.208958333333333286e+02,-9.008978624400998392e-02
1.209166666666666572e+02,-9.025040670924501518e-02
1.209375000000000000e+02,-9.048888226001461366e-02
1.209583333333333286e+02,-9.081239261188712997e-02
1.209791666666666572e+02,-9.123662202725923986e-02
1.210000000000000000e+02,-9.173109774854920628e-02
1.210208333333333286e+02,-9.226122139195208627e-02
1.210416666666666572e+02,-9.284316690708258046e-02
1.210625000000000000e+02,-9.350259222173508411e-02
1.210833333333333286e+02,-9.421893064476880020e-02
1.211041666666666572e+02,-9.495712075511322792e-02
1.211250000000000000e+02,-9.571874787720202615e-02
1.211458333333333286e+02,-9.651224375420561219e-02
1.211666666666666572e+02,-9.730034428960306070e-02
1.211875000000000000e+02,-9.804196551296870399e-02
1.212083333333333286e+02,-9.874790487799776917e-02
1.212291666666666572e+02,-9.943967350157445484e-02
1.212500000000000000e+02,-1.000932891757992382e-01
1.212708333333333286e+02,-1.006805290332073305e-01
1.212916666666666572e+02,-1.012181578915995472e-01
1.213125000000000000e+02,-1.017251506599834293e-01
1.213333333333333286e+02,-1.021741216514303052e-01
1.213541666666666572e+02,-1.025337843144778771e-01
1.213750000000000000e+02,-1.028246565402657076e-01
1.213958333333333286e+02,-1.030780512279602656e-01
1.214166666666666572e+02,-1.032798226529903773e-01
1.214375000000000000e+02,-1.034111752861287953e-01
1.214583333333333286e+02,-1.034934836256014012e-01
1.214791666666666572e+02,-1.035445235455340895e-01
1.215000000000000000e+02,-1.035351135454716937e-01
1.215208333333333286e+02,-1.034320183746543081e-01
1.215416666666666572e+02,-1.032537473222910479e-01
1.215625000000000000e+02,-1.030297870353759637e-01
1.215833333333333286e+02,-1.027442177826338454e-01
1.216041666666666572e+02,-1.023765635554691328e-01
1.216250000000000000e+02,-1.019577270966333243e-01
1.216458333333333286e+02,-1.015296508446101448e-01
1.216666666666666572e+02,-1.010886884318657752e-01
1.216875000000000000e+02,-1.006259628844695109e-01
1.217083333333333286e+02,-1.001691501199100665e-01
1.217291666666666572e+02,-9.973800275867797382e-02
1.217500000000000000e+02,-9.930468031291325715e-02
1.217708333333333286e+02,-9.883685052462987120e-02
1.217916666666666572e+02,-9.835400759572965335e-02
1.218125000000000000e+02,-9.788709239056493649e-02
1.218333333333333286e+02,-9.742154320170824666e-02
1.218541666666666572e+02,-9.693809648315193650e-02
1.218750000000000000e+02,-9.646928058765404101e-02
1.218958333333333286e+02,-9.605923543871058845e-02
1.219166666666666572e+02,-9.570622291056460340e-02
1.219375000000000000e+02,-9.539703071943181345e-02
1.219583333333333286e+02,-9.514803969163340702e-02
1.219791666666666572e+02,-9.496789701203683931e-02
1.220000000000000000e+02,-9.482180757993705078e-02
1.220208333333333286e+02,-9.467536810183566076e-02
1.220416666666666572e+02,-9.454661190865575049e-02
1.220625000000000000e+02,-9.446519483615543888e-02
1.220833333333333286e+02,-9.441525416942579685e-02
1.221041666666666572e+02,-9.437591323749200400e-02
1.221250000000000000e+02,-9.437330609242312873e-02
1.221458333333333286e+02,-9.443904666579414076e-02
1.221666666666666572e+02,-9.455857451394457380e-02
1.221875000000000000e+02,-9.471149740957676699e-02
1.222083333333333286e+02,-9.490980144130724272e-02
1.222291666666666572e+02,-9.515285815405698233e-02
1.222500000000000000e+02,-9.540162795005492635e-02
1.222708333333333286e+02,-9.562494609870388074e-02
1.222916666666666572e+02,-9.584467575295171904e-02
1.223125000000000000e+02,-9.609422873523262854e-02
1.223333333333333286e+02,-9.636149050118074377e-02
1.223541666666666572e+02,-9.662504224394800889e-02
1.223750000000000000e+02,-9.689624726067518068e-02
1.223958333333333286e+02,-9.717997061063141095e-02
1.224166666666666572e+02,-9.743556772157552226e-02
1.224375000000000000e+02,-9.761972870760411702e-02
1.224583333333333286e+02,-9.774100974338234549e-02
1.224791666666666572e+02,-9.781967778428356242e-02
1.225000000000000000e+02,-9.783076579201034628e-02
1.225208333333333286e+02,-9.774443264708483625e-02
1.225416666666666572e+02,-9.758238057623949691e-02
1.225625000000000000e+02,-9.737806147777541832e-02
1.225833333333333286e+02,-9.711968859572729651e-02
1.226041666666666572e+02,-9.679041657630725604e-02
1.226250000000000000e+02,-9.642484516986617182e-02
1.226458333333333286e+02,-9.606930641933432435e-02
1.226666666666666572e+02,-9.572478778067038119e-02
1.226875000000000000e+02,-9.538557969700039996e-02
1.227083333333333286e+02,-9.507113531930094785e-02
1.227291666666666572e+02,-9.478202120424829291e-02
1.227500000000000000e+02,-9.450879983602886170e-02
1.227708333333333286e+02,-9.427022291830576550e-02
1.227916666666666572e+02,-9.407742418056762312e-02
1.228125000000000000e+02,-9.389883652336400433e-02
1.228333333333333286e+02,-9.370334703059060577e-02
1.228541666666666572e+02,-9.351213970126272257e-02
1.228750000000000000e+02,-9.335736021348954583e-02
1.228958333333333286e+02,-9.322637713591105935e-02
1.229166666666666572e+02,-9.310154755152154349e-02
1.229375000000000000e+02,-9.300968112127042109e-02
1.229583333333333286e+02,-9.297970670892509448e-02
1.229791666666666572e+02,-9.299315306344507759e-02
1.230000000000000000e+02,-9.302479852245350289e-02
1.230208333333333286e+02,-9.309737155662553554e-02
1.230416666666666572e+02,-9.323985717312842370e-02
1.230625000000000000e+02,-9.343285716531266050e-02
1.230833333333333286e+02,-9.364882791638513837e-02
1.231041666666666572e+02,-9.390199833952980746e-02
1.231250000000000000e+02,-9.420490746430972007e-02
1.231458333333333286e+02,-9.452064923378966643e-02
1.231666666666666572e+02,-9.480442074606745817e-02
1.231875000000000000e+02,-9.506024606945044642e-02
1.232083333333333286e+02,-9.529925916295754751e-02
1.232291666666666572e+02,-9.548432576092484581e-02
1.232500000000000000e+02,-9.556954285372321056e-02
1.232708333333333286e+02,-9.555721383765609922e-02
1.232916666666666572e+02,-9.546619233599006049e-02
1.233125000000000000e+02,-9.528286415706690993e-02
1.233333333333333286e+02,-9.499283629670494944e-02
1.233541666666666572e+02,-9.463109992326429465e-02
1.233750000000000000e+02,-9.423993224903545740e-02
1.233958333333333286e+02,-9.381308755006062539e-02
1.234166666666666572e+02,-9.333553409867496875e-02
1.234375000000000000e+02,-9.284027724904914125e-02
1.234583333333333286e+02,-9.236774907090149200e-02
1.234791666666666572e+02,-9.190987500437046431e-02
1.235000000000000000e+02,-9.145013928385441193e-02
1.235208333333333286e+02,-9.102060194386764336e-02
1.235416666666666572e+02,-9.066075238729250085e-02
1.235625000000000000e+02,-9.036255132599803341e-02
1.235833333333333286e+02,-9.010981704261500358e-02
1.236041666666666572e+02,-8.992656267981419260e-02
1.236250000000000000e+02,-8.983418118525889062e-02
1.236458333333333286e+02,-8.980446979491314707e-02
1.236666666666666572e+02,-8.980041391249612981e-02
1.236875000000000000e+02,-8.983389372474234746e-02
1.237083333333333286e+02,-8.992490484394667638e-02
1.237291666666666572e+02,-9.004496699107142343e-02
1.237500000000000000e+02,-9.015656207328744121e-02
1.237708333333333286e+02,-9.027037581199795491e-02
1.237916666666666572e+02,-9.040479614364292649e-02
1.238125000000000000e+02,-9.052972225484116897e-02
1.238333333333333286e+02,-9.060666849836626624e-02
1.238541666666666572e+02,-9.064594373686787887e-02
1.238750000000000000e+02,-9.066540475142537137e-02
1.238958333333333286e+02,-9.063713396125606947e-02
1.239166666666666572e+02,-9.052753697178414494e-02
1.239375000000000000e+02,-9.035108601659490313e-02
1.239583333333333286e+02,-9.013011667258485904e-02
1.239791666666666572e+02,-8.984933892401569810e-02
1.240000000000000000e+02,-8.949942095268066666e-02
1.240208333333333286e+02,-8.912140879828855944e-02
1.240416666666666572e+02,-8.876340828345767597e-02
1.240625000000000000e+02,-8.842492343843896818e-02
1.240833333333333286e+02,-8.809723032122357411e-02
1.241041666666666572e+02,-8.781239789623047909e-02
1.241250000000000000e+02,-8.759912668337987984e-02
1.241458333333333286e+02,-8.743658485043874495e-02
1.241666666666666572e+02,-8.729585818741203429e-02
1.241875000000000000e+02,-8.719596496024900611e-02
1.242083333333333286e+02,-8.716278929598260394e-02
1.242291666666666572e+02,-8.717370723250429665e-02
1.242500000000000000e+02,-8.719836787319892868e-02
1.242708333333333286e+02,-8.725523015032983498e-02
1.242916666666666572e+02,-8.736966415716872214e-02
1.243125000000000000e+02,-8.751853988287688901e-02
1.243333333333333286e+02,-8.766945844202832239e-02
1.243541666666666572e+02,-8.783692731898781747e-02
1.243750000000000000e+02,-8.804107849025379073e-02
1.243958333333333286e+02,-8.825131702376028120e-02
1.244166666666666572e+02,-8.842611336585133597e-02
1.244375000000000000e+02,-8.856906950820518654e-02
1.244583333333333286e+02,-8.868974065391679873e-02
1.244791666666666572e+02,-8.876673287666869694e-02
1.245000000000000000e+02,-8.879320754719441378e-02
1.245208333333333286e+02,-8.879591360179299453e-02
1.245416666666666572e+02,-8.878928847578831940e-02
1.245625000000000000e+02,-8.875163044710106253e-02
1.245833333333333286e+02,-8.867214350422598923e-02
1.246041666666666572e+02,-8.858398461998547024e-02
1.246250000000000000e+02,-8.852079400637807849e-02
1.246458333333333286e+02,-8.846456011576046830e-02
1.246666666666666572e+02,-8.838680021064798664e-02
1.246875000000000000e+02,-8.830388700819843950e-02
1.247083333333333286e+02,-8.823678364465270541e-02
1.247291666666666572e+02,-8.815487006453942564e-02
1.247500000000000000e+02,-8.801694319956485102e-02
1.247708333333333286e+02,-8.782771902460814739e-02
1.247916666666666572e+02,-8.760992086673694001e-02
1.248125000000000000e+02,-8.735436125810745744e-02
1.248333333333333286e+02,-8.704699452637584822e-02
1.248541666666666572e+02,-8.672060256600178096e-02
1.248750000000000000e+02,-8.641403721873980315e-02
1.248958333333333286e+02,-8.611594909152112121e-02
1.249166666666666572e+02,-8.580623012458729604e-02
1.249375000000000000e+02,-8.551314057066505825e-02
1.249583333333333286e+02,-8.527389641144401955e-02
1.249791666666666572e+02,-8.507810778787129602e-02
1.250000000000000000e+02,-8.490806337880589527e-02
1.250208333333333286e+02,-8.479457280314059431e-02
1.250416666666666572e+02,-8.477655225938927896e-02
1.250625000000000000e+02,-8.484408629741461982e-02
1.250833333333333286e+02,-8.497907438585869389e-02
1.251041666666666572e+02,-8.519629788992352792e-02
1.251250000000000000e+02,-8.549934502387049329e-02
1.251458333333333286e+02,-8.584919087443100560e-02
1.251666666666666572e+02,-8.621017900813146562e-02
1.251875000000000000e+02,-8.659630471573238897e-02
1.252083333333333286e+02,-8.702936367005502383e-02
1.252291666666666572e+02,-8.748238889241569116e-02
1.252500000000000000e+02,-8.792151169305859049e-02
1.252708333333333286e+02,-8.836058256294704316e-02
1.252916666666666572e+02,-8.882056001422651559e-02
1.253125000000000000e+02,-8.927369591889268430e-02
1.253333333333333286e+02,-8.968497609219805433e-02
1.253541666666666572e+02,-9.006790749979874666e-02
1.253750000000000000e+02,-9.044409269268881280e-02
1.253958333333333286e+02,-9.078640031352808171e-02
1.254166666666666572e+02,-9.106048877066481861e-02
1.254375000000000000e+02,-9.127928743998099670e-02
1.254583333333333286e+02,-9.146264767831183140e-02
1.254791666666666572e+02,-9.158147869664734486e-02
1.255000000000000000e+02,-9.159892713839146161e-02
1.255208333333333286e+02,-9.152662754904371256e-02
1.255416666666666572e+02,-9.138579895362403116e-02
1.255625000000000000e+02,-9.116512735736270745e-02
1.255833333333333286e+02,-9.086524183443227265e-02
1.256041666666666572e+02,-9.052573238195091299e-02
1.256250000000000000e+02,-9.018015999152223516e-02
1.256458333333333286e+02,-8.981167511688867289e-02
1.256666666666666572e+02,-8.939554956902058536e-02
1.256875000000000000e+02,-8.895552529898874405e-02
1.257083333333333286e+02,-8.852447595981212392e-02
1.257291666666666572e+02,-8.808725323976283883e-02
1.257500000000000000e+02,-8.762090874751241043e-02
1.257708333333333286e+02,-8.715094936134024084e-02
1.257916666666666572e+02,-8.671152294234578395e-02
1.258125000000000000e+02,-8.628807121881737485e-02
1.258333333333333286e+02,-8.585837058442659375e-02
1.258541666666666572e+02,-8.544864150808932635e-02
1.258750000000000000e+02,-8.509402151446353313e-02
1.258958333333333286e+02,-8.478146638223951759e-02
1.259166666666666572e+02,-8.449025214595598521e-02
1.259375000000000000e+02,-8.424809375404233858e-02
1.259583333333333286e+02,-8.409118059947627566e-02
1.259791666666666572e+02,-8.400701193158946478e-02
1.260000000000000000e+02,-8.397547693920247303e-02
1.260208333333333286e+02,-8.402385726563536827e-02
1.260416666666666572e+02,-8.418667330220699907e-02
1.260625000000000000e+02,-8.444954929065200122e-02
1.260833333333333286e+02,-8.478929032981336045e-02
1.261041666666666572e+02,-8.521577262597336555e-02
1.261250000000000000e+02,-8.572867618260913980e-02
1.261458333333333286e+02,-8.628391016364621302e-02
1.261666666666666572e+02,-8.683835142286346065e-02
1.261875000000000000e+02,-8.739832568204430885e-02
1.262083333333333286e+02,-8.797908582335454974e-02
1.262291666666666572e+02,-8.854739877085039679e-02
1.262500000000000000e+02,-8.906211683172482463e-02
1.262708333333333286e+02,-8.953064842831648384e-02
1.262916666666666572e+02,-8.997000538796541547e-02
1.263125000000000000e+02,-9.034971510792118299e-02
1.263333333333333286e+02,-9.063219087485671621e-02
1.263541666666666572e+02,-9.082929539840774169e-02
1.263750000000000000e+02,-9.096203076299051726e-02
1.263958333333333286e+02,-9.100877620615387131e-02
1.264166666666666572e+02,-9.094782011016024070e-02
1.264375000000000000e+02,-9.080679744023927025e-02
1.264583333333333286e+02,-9.062250758453269106e-02
1.264791666666666572e+02,-9.038418249784407887e-02
1.265000000000000000e+02,-9.007390812757486154e-02
1.265208333333333286e+02,-8.972271193800571143e-02
1.265416666666666572e+02,-8.936977983060390152e-02
1.265625000000000000e+02,-8.900542921625045900e-02
1.265833333333333286e+02,-8.861283094634817004e-02
1.266041666666666572e+02,-8.822366795024197406e-02
1.266250000000000000e+02,-8.787813369362416915e-02
1.266458333333333286e+02,-8.756845064854917871e-02
1.266666666666666572e+02,-8.727978563517177490e-02
1.266875000000000000e+02,-8.704573736598425482e-02
1.267083333333333286e+02,-8.690747536598798784e-02
1.267291666666666572e+02,-8.685725744572214690e-02
1.267500000000000000e+02,-8.687932267524578478e-02
1.267708333333333286e+02,-8.698791765284266675e-02
1.267916666666666572e+02,-8.718347751010015190e-02
1.268125000000000000e+02,-8.743131413523556883e-02
1.268333333333333286e+02,-8.770816459368896423e-02
1.268541666666666572e+02,-8.803247704111288874e-02
1.268750000000000000e+02,-8.841953541384364734e-02
1.268958333333333286e+02,-8.883459500413494470e-02
1.269166666666666572e+02,-8.923579125354876018e-02
1.269375000000000000e+02,-8.962980167240326701e-02
1.269583333333333286e+02,-9.003129236521936751e-02
1.269791666666666572e+02,-9.040621629877514109e-02
1.270000000000000000e+02,-9.071346011189462821e-02
1.270208333333333286e+02,-9.095955765626871636e-02
1.270416666666666572e+02,-9.115901410321967935e-02
1.270625000000000000e+02,-9.128800345730206378e-02
1.270833333333333286e+02,-9.132806458366586611e-02
1.271041666666666572e+02,-9.131061209136706602e-02
1.271250000000000000e+02,-9.127553411691990970e-02
1.271458333333333286e+02,-9.121399387779755008e-02
1.271666666666666572e+02,-9.110948956082874639e-02
1.271875000000000000e+02,-9.099396183878043221e-02
1.272083333333333286e+02,-9.090856808720197690e-02
1.272291666666666572e+02,-9.084635300809791592e-02
1.272500000000000000e+02,-9.079170594557701979e-02
1.272708333333333286e+02,-9.077030962430372718e-02
1.272916666666666572e+02,-9.080756458728483915e-02
1.273125000000000000e+02,-9.087914558652435137e-02
1.273333333333333286e+02,-9.095313135738482269e-02
1.273541666666666572e+02,-9.104611510614141201e-02
1.273750000000000000e+02,-9.118293082121266269e-02
1.273958333333333286e+02,-9.133962950280244408e-02
1.274166666666666572e+02,-9.148506973357935224e-02
1.274375000000000000e+02,-9.163666339008408324e-02
1.274583333333333286e+02,-9.182107791118986062e-02
1.274791666666666572e+02,-9.201786621953729484e-02
1.275000000000000000e+02,-9.220039685921259387e-02
1.275208333333333286e+02,-9.239158761932618480e-02
1.275416666666666572e+02,-9.262376220520772419e-02
1.275625000000000000e+02,-9.288270869791005746e-02
1.275833333333333286e+02,-9.314829080002390294e-02
1.276041666666666572e+02,-9.343375750321090967e-02
1.276250000000000000e+02,-9.374134042286395851e-02
1.276458333333333286e+02,-9.403540867814175197e-02
1.276666666666666572e+02,-9.428763642639897968e-02
1.276875000000000000e+02,-9.452269103032226449e-02
1.277083333333333286e+02,-9.477586972597752679e-02
1.277291666666666572e+02,-9.503743340799866712e-02
1.277500000000000000e+02,-9.528901752347816723e-02
1.277708333333333286e+02,-9.554285009354984703e-02
1.277916666666666572e+02,-9.580122102942252582e-02
1.278125000000000000e+02,-9.603097835276419580e-02
1.278333333333333286e+02,-9.620886452064719707e-02
1.278541666666666572e+02,-9.636362378220587888e-02
1.278750000000000000e+02,-9.653315575913999635e-02
1.278958333333333286e+02,-9.670981914907403332e-02
1.279166666666666572e+02,-9.687500602149667905e-02
1.279375000000000000e+02,-9.704009728722991224e-02
1.279583333333333286e+02,-9.720870096445878572e-02
1.279791666666666572e+02,-9.734606142857545052e-02
1.280000000000000000e+02,-9.742374829802565028e-02
1.280208333333333144e+02,-9.746379137817411109e-02
1.280416666666666572e+02,-9.749528433032056407e-02
1.280625000000000000e+02,-9.749801823241527332e-02
1.280833333333333144e+02,-9.744348501914561200e-02
1.281041666666666572e+02,-9.735192206828380268e-02
1.281250000000000000e+02,-9.725086238215852052e-02
1.281458333333333144e+02,-9.712008825250560695e-02
1.281666666666666572e+02,-9.693185390271069624e-02
1.281875000000000000e+02,-9.670706767677714200e-02
1.282083333333333144e+02,-9.647417757321397058e-02
1.282291666666666572e+02,-9.621315206767451500e-02
1.282500000000000000e+02,-9.589562395450101917e-02
1.282708333333333144e+02,-9.554194018070731598e-02
1.282916666666666572e+02,-9.517985223221998858e-02
1.283125000000000000e+02,-9.478875454829960301e-02
1.283333333333333144e+02,-9.433877814360587533e-02
1.283541666666666572e+02,-9.384748733589289016e-02
1.283750000000000000e+02,-9.333961403753517072e-02
1.283958333333333144e+02,-9.279687631945698900e-02
1.284166666666666572e+02,-9.220012532691214402e-02
1.284375000000000000e+02,-9.157900399942379976e-02
1.284583333333333144e+02,-9.097075475507711284e-02
1.284791666666666572e+02,-9.036409242581790180e-02
1.285000000000000000e+02,-8.973922129333108955e-02
1.285208333333333144e+02,-8.912504496518554309e-02
1.285416666666666572e+02,-8.855796806314933378e-02
1.285625000000000000e+02,-8.802590144423758090e-02
1.285833333333333144e+02,-8.750834531651233150e-02
1.286041666666666572e+02,-8.703337874689305587e-02
1.286250000000000000e+02,-8.663645882884005167e-02
1.286458333333333144e+02,-8.630523189014681351e-02
1.286666666666666572e+02,-8.601922669822811840e-02
1.286875000000000000e+02,-8.580615843310940294e-02
1.287083333333333144e+02,-8.570153182214197696e-02
1.287291666666666572e+02,-8.569237128861242891e-02
1.287500000000000000e+02,-8.575641084341242837e-02
1.287708333333333144e+02,-8.591065025832192448e-02
1.287916666666666572e+02,-8.616801266821583205e-02
1.288125000000000000e+02,-8.649170615728407618e-02
1.288333333333333144e+02,-8.683637398579319155e-02
1.288541666666666572e+02,-8.720534908054144996e-02
1.288750000000000000e+02,-8.760965100694681484e-02
1.288958333333333144e+02,-8.801187862200839096e-02
1.289166666666666572e+02,-8.836548350824804943e-02
1.289375000000000000e+02,-8.867197333043434770e-02
1.289583333333333144e+02,-8.894178251480257258e-02
1.289791666666666572e+02,-8.915154640476875836e-02
1.290000000000000000e+02,-8.928746814201123094e-02
1.290208333333333144e+02,-8.938469647756704106e-02
1.290416666666666572e+02,-8.948381478070466244e-02
1.290625000000000000e+02,-8.957664819267424638e-02
1.290833333333333144e+02,-8.964586525136548911e-02
1.291041666666666572e+02,-8.972153172735074234e-02
1.291250000000000000e+02,-8.984068650104763687e-02
1.291458333333333144e+02,-8.999178017111204853e-02
1.291666666666666572e+02,-9.015428612572555511e-02
1.291875000000000000e+02,-9.034791553020381227e-02
1.292083333333333144e+02,-9.058918832963046286e-02
1.292291666666666572e+02,-9.084495199586681280e-02
1.292500000000000000e+02,-9.107290965989792153e-02
1.292708333333333144e+02,-9.127845531421491243e-02
1.292916666666666572e+02,-9.147462640116077459e-02
1.293125000000000000e+02,-9.162701182690155544e-02
1.293333333333333144e+02,-9.169418928335341945e-02
1.293541666666666572e+02,-9.168377366165919584e-02
1.293750000000000000e+02,-9.161285353896146677e-02
1.293958333333333144e+02,-9.146763688583386953e-02
1.294166666666666572e+02,-9.124603873272722765e-02
1.294375000000000000e+02,-9.098366969009002991e-02
1.294583333333333144e+02,-9.070676954406926840e-02
1.294791666666666572e+02,-9.039273837540687251e-02
1.295000000000000000e+02,-9.001289170076967605e-02
1.295208333333333144e+02,-8.958752313985535176e-02
1.295416666666666572e+02,-8.914425428995541301e-02
1.295625000000000000e+02,-8.866747582707402986e-02
1.295833333333333144e+02,-8.813911450916850354e-02
1.296041666666666572e+02,-8.758916393505027098e-02
1.296250000000000000e+02,-8.705424703115884066e-02
1.296458333333333144e+02,-8.652161034612779189e-02
1.296666666666666572e+02,-8.597000386245876036e-02
1.296875000000000000e+02,-8.542641472532189195e-02
1.297083333333333144e+02,-8.492493256800744128e-02
1.297291666666666572e+02,-8.445105800237881488e-02
1.297500000000000000e+02,-8.398157028637266708e-02
1.297708333333333144e+02,-8.354113539185943627e-02
1.297916666666666572e+02,-8.316165078278227318e-02
1.298125000000000000e+02,-8.282645824032183746e-02
1.298333333333333144e+02,-8.251083738948285229e-02
1.298541666666666572e+02,-8.223888694258592313e-02
1.298750000000000000e+02,-8.204183448221678832e-02
1.298958333333333144e+02,-8.190230896987331366e-02
1.299166666666666572e+02,-8.179394398068895455e-02
1.299375000000000000e+02,-8.173785147662668282e-02
1.299583333333333144e+02,-8.176214988862864907e-02
1.299791666666666572e+02,-8.184607894163063724e-02
1.300000000000000000e+02,-8.196083756604657933e-02
1.300208333333333144e+02,-8.212647235897391207e-02
1.300416666666666572e+02,-8.237010294360321006e-02
1.300625000000000000e+02,-8.267032520273444318e-02
1.300833333333333144e+02,-8.299761531787303026e-02
1.301041666666666572e+02,-8.337084246708978408e-02
1.301250000000000000e+02,-8.381585496644591848e-02
1.301458333333333144e+02,-8.430994962847841723e-02
1.301666666666666572e+02,-8.482181235346715475e-02
1.301875000000000000e+02,-8.536794696230397272e-02
1.302083333333333144e+02,-8.597197132765813099e-02
1.302291666666666572e+02,-8.660898263280498999e-02
1.302500000000000000e+02,-8.724617715156608722e-02
1.302708333333333144e+02,-8.789962541900445125e-02
1.302916666666666572e+02,-8.859243091827080641e-02
1.303125000000000000e+02,-8.929920514996807224e-02
1.303333333333333144e+02,-8.998687303845416541e-02
1.303541666666666572e+02,-9.067121287692730958e-02
1.303750000000000000e+02,-9.137486741131695123e-02
1.303958333333333144e+02,-9.207255256875773730e-02
1.304166666666666572e+02,-9.273153329410444012e-02
1.304375000000000000e+02,-9.336756476501284485e-02
1.304583333333333144e+02,-9.400358130560611258e-02
1.304791666666666572e+02,-9.461399452977273250e-02
1.305000000000000000e+02,-9.516530889382246450e-02
1.305208333333333144e+02,-9.567289979647282394e-02
1.305416666666666572e+02,-9.615921331777092795e-02
1.305625000000000000e+02,-9.659819053287983792e-02
1.305833333333333144e+02,-9.695553335719529764e-02
1.306041666666666572e+02,-9.724528248602551384e-02
1.306250000000000000e+02,-9.748856819635266791e-02
1.306458333333333144e+02,-9.765802745648650973e-02
1.306666666666666572e+02,-9.771772842537553017e-02
1.306875000000000000e+02,-9.767979231911540217e-02
1.307083333333333144e+02,-9.756404468844610822e-02
1.307291666666666572e+02,-9.734902467991417285e-02
1.307500000000000000e+02,-9.701427443403796980e-02
1.307708333333333144e+02,-9.658909458332762266e-02
1.307916666666666572e+02,-9.610994926508144298e-02
1.308125000000000000e+02,-9.556479306555436259e-02
1.308333333333333144e+02,-9.493218968393038470e-02
1.308541666666666572e+02,-9.423793518391583579e-02
1.308750000000000000e+02,-9.351458895865903675e-02
1.308958333333333144e+02,-9.274855937905061853e-02
1.309166666666666572e+02,-9.192146614636294288e-02
1.309375000000000000e+02,-9.106305370298319046e-02
1.309583333333333144e+02,-9.021054245395113136e-02
1.309791666666666572e+02,-8.935259446926586968e-02
1.310000000000000000e+02,-8.846947786487485699e-02
1.310208333333333144e+02,-8.759021447573724084e-02
1.310416666666666572e+02,-8.675124686933673168e-02
1.310625000000000000e+02,-8.594049287050355146e-02
1.310833333333333144e+02,-8.513763656901153498e-02
1.311041666666666572e+02,-8.437108238968653307e-02
1.311250000000000000e+02,-8.367649297994775304e-02
1.311458333333333144e+02,-8.304102452608319584e-02
1.311666666666666572e+02,-8.244372913043053475e-02
1.311875000000000000e+02,-8.191232977188847575e-02
1.312083333333333144e+02,-8.148169859759062106e-02
1.312291666666666572e+02,-8.113960020344172797e-02
1.312500000000000000e+02,-8.086702603067516537e-02
1.312708333333333144e+02,-8.069383410460986839e-02
1.312916666666666572e+02,-8.065760771317520561e-02
1.313125000000000000e+02,-8.074747778384173957e-02
1.313333333333333144e+02,-8.094294699670681603e-02
1.313541666666666572e+02,-8.125569302767039759e-02
1.313750000000000000e+02,-8.168487134979836306e-02
1.313958333333333144e+02,-8.218777068083392423e-02
1.314166666666666572e+02,-8.272358265978164982e-02
1.314375000000000000e+02,-8.330103194996772709e-02
1.314583333333333144e+02,-8.393706786061648495e-02
1.314791666666666572e+02,-8.460012463256144644e-02
1.315000000000000000e+02,-8.525000701780946488e-02
1.315208333333333144e+02,-8.589533381080734220e-02
1.315416666666666572e+02,-8.655226710840314974e-02
1.315625000000000000e+02,-8.718844199409594986e-02
1.315833333333333144e+02,-8.776211122992379210e-02
1.316041666666666572e+02,-8.827887965004119208e-02
1.316250000000000000e+02,-8.875135712363896312e-02
1.316458333333333144e+02,-8.914846141498476706e-02
1.316666666666666572e+02,-8.943818151275316486e-02
1.316875000000000000e+02,-8.963789214827977414e-02
1.317083333333333144e+02,-8.977195160203610413e-02
1.317291666666666572e+02,-8.981619228416920508e-02
1.317500000000000000e+02,-8.973733903350010477e-02
1.317708333333333144e+02,-8.954990740149537665e-02
1.317916666666666572e+02,-8.928287277984087167e-02
1.318125000000000000e+02,-8.893139681324357948e-02
1.318333333333333144e+02,-8.849125918646436051e-02
1.318541666666666572e+02,-8.800788379120982885e-02
1.318750000000000000e+02,-8.753368292058374966e-02
1.318958333333333144e+02,-8.707245966606608212e-02
1.319166666666666572e+02,-8.661984465816130463e-02
1.319375000000000000e+02,-8.621402744733032419e-02
1.319583333333333144e+02,-8.589220468960985511e-02
1.319791666666666572e+02,-8.564272151514230880e-02
1.320000000000000000e+02,-8.544624066193975964e-02
1.320208333333333144e+02,-8.533164544978873167e-02
1.320416666666666572e+02,-8.533502305232111562e-02
1.320625000000000000e+02,-8.544393225346548493e-02
1.320833333333333144e+02,-8.563684692946638144e-02
1.321041666666666572e+02,-8.592404165336277322e-02
1.321250000000000000e+02,-8.630241661138500497e-02
1.321458333333333144e+02,-8.673286873811887621e-02
1.321666666666666572e+02,-8.718658259120082299e-02
1.321875000000000000e+02,-8.768054260795091204e-02
1.322083333333333144e+02,-8.823256670472974517e-02
1.322291666666666572e+02,-8.881131525674275384e-02
1.322500000000000000e+02,-8.937748756807145645e-02
1.322708333333333144e+02,-8.994048511249844169e-02
1.322916666666666572e+02,-9.051685636992275186e-02
1.323125000000000000e+02,-9.107566060035054978e-02
1.323333333333333144e+02,-9.157896171568000176e-02
1.323541666666666572e+02,-9.203776670528579507e-02
1.323750000000000000e+02,-9.247069516737049799e-02
1.323958333333333144e+02,-9.284793189971539407e-02
1.324166666666666572e+02,-9.313125982433163863e-02
1.324375000000000000e+02,-9.333118123279519895e-02
1.324583333333333144e+02,-9.346618222367072959e-02
1.324791666666666572e+02,-9.351134410731978819e-02
1.325000000000000000e+02,-9.343942961844212136e-02
1.325208333333333144e+02,-9.327269428872166090e-02
1.325416666666666572e+02,-9.304148582229811171e-02
1.325625000000000000e+02,-9.272770463730338475e-02
1.325833333333333144e+02,-9.230440805627387890e-02
1.326041666666666572e+02,-9.179329549124498611e-02
1.326250000000000000e+02,-9.122470589868730828e-02
1.326458333333333144e+02,-9.059379008511127263e-02
1.326666666666666572e+02,-8.990344047002143957e-02
1.326875000000000000e+02,-8.920332093536315066e-02
1.327083333333333144e+02,-8.854616463086026346e-02
1.327291666666666572e+02,-8.793558502680130784e-02
1.327500000000000000e+02,-8.736502303871278297e-02
1.327708333333333144e+02,-8.686929592348237306e-02
1.327916666666666572e+02,-8.648198044187420386e-02
1.328125000000000000e+02,-8.618486906884101351e-02
1.328333333333333144e+02,-8.594858761920039225e-02
1.328541666666666572e+02,-8.578945341069930952e-02
1.328750000000000000e+02,-8.572856107895929223e-02
1.328958333333333144e+02,-8.573450208106818404e-02
1.329166666666666572e+02,-8.576482915641769900e-02
1.329375000000000000e+02,-8.582262733208699534e-02
1.329583333333333144e+02,-8.591654532763494390e-02
1.329791666666666572e+02,-8.601964957962986158e-02
1.330000000000000000e+02,-8.611492774313155019e-02
1.330208333333333144e+02,-8.623122317762361988e-02
1.330416666666666572e+02,-8.639971953961929352e-02
1.330625000000000000e+02,-8.660042189763882126e-02
1.330833333333333144e+02,-8.680345828155115739e-02
1.331041666666666572e+02,-8.702399515344773351e-02
1.331250000000000000e+02,-8.728176865765341352e-02
1.331458333333333144e+02,-8.754476047923354098e-02
1.331666666666666572e+02,-8.777025559859072401e-02
1.331875000000000000e+02,-8.796055052059184587e-02
1.332083333333333144e+02,-8.812449265747233917e-02
1.332291666666666572e+02,-8.824315833515014584e-02
1.332500000000000000e+02,-8.831425209544500887e-02
1.332708333333333144e+02,-8.836050218150026669e-02
1.332916666666666572e+02,-8.838345736021070709e-02
1.333125000000000000e+02,-8.837679593613426143e-02
1.333333333333333144e+02,-8.836833513785358196e-02
1.333541666666666572e+02,-8.837570441612019323e-02
1.333750000000000000e+02,-8.836841178343617098e-02
1.333958333333333144e+02,-8.831144175850023925e-02
1.334166666666666572e+02,-8.821584684796728026e-02
1.334375000000000000e+02,-8.809830564606727088e-02
1.334583333333333144e+02,-8.794433545283429632e-02
1.334791666666666572e+02,-8.775261515543739121e-02
1.335000000000000000e+02,-8.755277525422515417e-02
1.335208333333333144e+02,-8.736023473367171555e-02
1.335416666666666572e+02,-8.716174808164549315e-02
1.335625000000000000e+02,-8.696178197104893759e-02
1.335833333333333144e+02,-8.677730221169328850e-02
1.336041666666666572e+02,-8.659228202498568672e-02
1.336250000000000000e+02,-8.639007997142580941e-02
1.336458333333333144e+02,-8.620031256113039331e-02
1.336666666666666572e+02,-8.605721270075022966e-02
1.336875000000000000e+02,-8.594378533912307161e-02
1.337083333333333144e+02,-8.583307794844262373e-02
1.337291666666666572e+02,-8.574363276200569484e-02
1.337500000000000000e+02,-8.569889366075408854e-02
1.337708333333333144e+02,-8.567008370051322486e-02
1.337916666666666572e+02,-8.561728505142518486e-02
1.338125000000000000e+02,-8.554615469103846181e-02
1.338333333333333144e+02,-8.547333147665236996e-02
1.338541666666666572e+02,-8.538458989543924738e-02
1.338750000000000000e+02,-8.527305600768851634e-02
1.338958333333333144e+02,-8.517231466506691717e-02
1.339166666666666572e+02,-8.511231690560708274e-02
1.339375000000000000e+02,-8.507086343587563770e-02
1.339583333333333144e+02,-8.501541918265445585e-02
1.339791666666666572e+02,-8.495830614787634738e-02
1.340000000000000000e+02,-8.491700221515202651e-02
1.340208333333333144e+02,-8.487053669946748036e-02
1.340416666666666572e+02,-8.480371798427481511e-02
1.340625000000000000e+02,-8.474980504786144841e-02
1.340833333333333144e+02,-8.474861352740044318e-02
1.341041666666666572e+02,-8.479092432180229677e-02
1.341250000000000000e+02,-8.485979325715344024e-02
1.341458333333333144e+02,-8.498433719416081944e-02
1.341666666666666572e+02,-8.519879753009458601e-02
1.341875000000000000e+02,-8.548829621026722558e-02
1.342083333333333144e+02,-8.582997863678226702e-02
1.342291666666666572e+02,-8.623922335728513577e-02
1.342500000000000000e+02,-8.672661556054123144e-02
1.342708333333333144e+02,-8.725259117633205053e-02
1.342916666666666572e+02,-8.777051480365265224e-02
1.343125000000000000e+02,-8.828231538171087134e-02
1.343333333333333144e+02,-8.879932595229941827e-02
1.343541666666666572e+02,-8.928598154155671651e-02
1.343750000000000000e+02,-8.970097986447551908e-02
1.343958333333333144e+02,-9.005359342507156251e-02
1.344166666666666572e+02,-9.036409928068603326e-02
1.344375000000000000e+02,-9.060777192969828031e-02
1.344583333333333144e+02,-9.075526683153267715e-02
1.344791666666666572e+02,-9.082881292446846888e-02
1.345000000000000000e+02,-9.086136766677882504e-02
1.345208333333333144e+02,-9.084106307331343833e-02
1.345416666666666572e+02,-9.075155506700313679e-02
1.345625000000000000e+02,-9.062743170004695925e-02
1.345833333333333144e+02,-9.051345508351803237e-02
1.346041666666666572e+02,-9.040952790681565376e-02
1.346250000000000000e+02,-9.030963627527287263e-02
1.346458333333333144e+02,-9.023703602735685947e-02
1.346666666666666572e+02,-9.019908365579631937e-02
1.346875000000000000e+02,-9.017517302010169544e-02
1.347083333333333144e+02,-9.016265700053766041e-02
1.347291666666666572e+02,-9.017433980688194239e-02
1.347500000000000000e+02,-9.018799539546712429e-02
1.347708333333333144e+02,-9.017846194357365119e-02
1.347916666666666572e+02,-9.017227578036343671e-02
1.348125000000000000e+02,-9.020687329977752911e-02
1.348333333333333144e+02,-9.027424614476094178e-02
1.348541666666666572e+02,-9.036038911275490193e-02
1.348750000000000000e+02,-9.048363090964708921e-02
1.348958333333333144e+02,-9.065044562312617182e-02
1.349166666666666572e+02,-9.083010773355221223e-02
1.349375000000000000e+02,-9.100139476560363538e-02
1.349583333333333144e+02,-9.119136082784425057e-02
1.349791666666666572e+02,-9.143135647865054116e-02
1.350000000000000000e+02,-9.170630685835776119e-02
1.350208333333333144e+02,-9.199607095772373289e-02
1.350416666666666572e+02,-9.231661747526077877e-02
1.350625000000000000e+02,-9.267460277499196819e-02
1.350833333333333144e+02,-9.302845122576314241e-02
1.351041666666666572e+02,-9.333228738030266425e-02
1.351250000000000000e+02,-9.359199883895374938e-02
1.351458333333333144e+02,-9.382468317619384324e-02
1.351666666666666572e+02,-9.400209799188738446e-02
1.351875000000000000e+02,-9.409163166610520768e-02
1.352083333333333144e+02,-9.411234774176568951e-02
1.352291666666666572e+02,-9.409460944452850695e-02
1.352500000000000000e+02,-9.402343879041066832e-02
1.352708333333333144e+02,-9.387932270188856232e-02
1.352916666666666572e+02,-9.369436721234375431e-02
1.353125000000000000e+02,-9.351209133566874832e-02
1.353333333333333144e+02,-9.333065211428270835e-02
1.353541666666666572e+02,-9.314231680902336497e-02
1.353750000000000000e+02,-9.297215354667220932e-02
1.353958333333333144e+02,-9.283385997256884958e-02
1.354166666666666572e+02,-9.270182093453864514e-02
1.354375000000000000e+02,-9.255549619055225552e-02
1.354583333333333144e+02,-9.242631729936459650e-02
1.354791666666666572e+02,-9.235632186055980908e-02
1.355000000000000000e+02,-9.234042768538501533e-02
1.355208333333333144e+02,-9.236233470067536921e-02
1.355416666666666572e+02,-9.243537434022251753e-02
1.355625000000000000e+02,-9.256457629481276705e-02
1.355833333333333144e+02,-9.271406058428074970e-02
1.356041666666666572e+02,-9.285212769448994430e-02
1.356250000000000000e+02,-9.299988935801173362e-02
1.356458333333333144e+02,-9.318928611167925924e-02
1.356666666666666572e+02,-9.340653482317461120e-02
1.356875000000000000e+02,-9.363273080359234279e-02
1.357083333333333144e+02,-9.388330367552336075e-02
1.357291666666666572e+02,-9.416292743886145455e-02
1.357500000000000000e+02,-9.443372599120704314e-02
1.357708333333333144e+02,-9.466044184253816218e-02
1.357916666666666572e+02,-9.486040754101701666e-02
1.358125000000000000e+02,-9.506193704612106443e-02
1.358333333333333144e+02,-9.524786324506118174e-02
1.358541666666666572e+02,-9.539676634386963505e-02
1.358750000000000000e+02,-9.553755585821886720e-02
1.358958333333333144e+02,-9.570835733624119546e-02
1.359166666666666572e+02,-9.590116336670040376e-02
1.359375000000000000e+02,-9.609534961303187184e-02
1.359583333333333144e+02,-9.630264622837249322e-02
1.359791666666666572e+02,-9.653276768539548192e-02
1.360000000000000000e+02,-9.674868407876570375e-02
1.360208333333333144e+02,-9.690902292996511624e-02
1.360416666666666572e+02,-9.702424113462827793e-02
1.360625000000000000e+02,-9.711613181769006287e-02
1.360833333333333144e+02,-9.716107273871146810e-02
1.361041666666666572e+02,-9.713093195983181494e-02
1.361250000000000000e+02,-9.704933047258297585e-02
1.361458333333333144e+02,-9.695134231983608408e-02
1.361666666666666572e+02,-9.682662494833033096e-02
1.361875000000000000e+02,-9.665998325720992490e-02
1.362083333333333144e+02,-9.648532931506494104e-02
1.362291666666666572e+02,-9.634494282032814161e-02
1.362500000000000000e+02,-9.623496520127858278e-02
1.362708333333333144e+02,-9.613970033005017624e-02
1.362916666666666572e+02,-9.607440045188667122e-02
1.363125000000000000e+02,-9.604888255744400971e-02
1.363333333333333144e+02,-9.602613201524430597e-02
1.363541666666666572e+02,-9.596493106645320736e-02
1.363750000000000000e+02,-9.587595591055744770e-02
1.363958333333333144e+02,-9.578137663581956507e-02
1.364166666666666572e+02,-9.565790151732261881e-02
1.364375000000000000e+02,-9.547774343427478660e-02
1.364583333333333144e+02,-9.526493399568136677e-02
1.364791666666666572e+02,-9.505476256908146349e-02
1.365000000000000000e+02,-9.483699610164333937e-02
1.365208333333333144e+02,-9.459696038757166303e-02
1.365416666666666572e+02,-9.437013826089619972e-02
1.365625000000000000e+02,-9.420097763693954795e-02
1.365833333333333144e+02,-9.408733368118807339e-02
1.366041666666666572e+02,-9.400966218268115571e-02
1.366250000000000000e+02,-9.398212959984321435e-02
1.366458333333333144e+02,-9.402590225170695537e-02
1.366666666666666572e+02,-9.411634009048701344e-02
1.366875000000000000e+02,-9.422482785125621541e-02
1.367083333333333144e+02,-9.437467001396276922e-02
1.367291666666666572e+02,-9.459984494310620662e-02
1.367500000000000000e+02,-9.488779186795480436e-02
1.367708333333333144e+02,-9.520828094116369489e-02
1.367916666666666572e+02,-9.556559846775630751e-02
1.368125000000000000e+02,-9.597194426252868282e-02
1.368333333333333144e+02,-9.639297908585550689e-02
1.368541666666666572e+02,-9.678835146275022172e-02
1.368750000000000000e+02,-9.716709092995533259e-02
1.368958333333333144e+02,-9.754632545352656670e-02
1.369166666666666572e+02,-9.789379785806853751e-02
1.369375000000000000e+02,-9.816832253848960244e-02
1.369583333333333144e+02,-9.837615942290618698e-02
1.369791666666666572e+02,-9.853138522680360278e-02
1.370000000000000000e+02,-9.860084870953608749e-02
1.370208333333333144e+02,-9.854498763800870198e-02
1.370416666666666572e+02,-9.837220639252997056e-02
1.370625000000000000e+02,-9.810103324094499033e-02
1.370833333333333144e+02,-9.772436157064329221e-02
1.371041666666666572e+02,-9.725325430869287413e-02
1.371250000000000000e+02,-9.671510624944162915e-02
1.371458333333333144e+02,-9.610464557553388687e-02
1.371666666666666572e+02,-9.540961182739304824e-02
1.371875000000000000e+02,-9.466573152166712912e-02
1.372083333333333144e+02,-9.391612104387785098e-02
1.372291666666666572e+02,-9.315534942638144245e-02
1.372500000000000000e+02,-9.236907904037405803e-02
1.372708333333333144e+02,-9.159110504867039315e-02
1.372916666666666572e+02,-9.086288573638875987e-02
1.373125000000000000e+02,-9.017733911969628979e-02
1.373333333333333144e+02,-8.951834948217345100e-02
1.373541666666666572e+02,-8.891813214181185088e-02
1.373750000000000000e+02,-8.841683910543879366e-02
1.373958333333333144e+02,-8.800608111399202405e-02
1.374166666666666572e+02,-8.766808325647111599e-02
1.374375000000000000e+02,-8.742919870821307116e-02
1.374583333333333144e+02,-8.731849462556859343e-02
1.374791666666666572e+02,-8.731602019014114702e-02
1.375000000000000000e+02,-8.739285800168805629e-02
1.375208333333333144e+02,-8.756715401694505074e-02
1.375416666666666572e+02,-8.786294749902705259e-02
1.375625000000000000e+02,-8.825579151031442970e-02
1.375833333333333144e+02,-8.871149924877538839e-02
1.376041666666666572e+02,-8.923918015614717980e-02
1.376250000000000000e+02,-8.984892666299706954e-02
1.376458333333333144e+02,-9.049926408637432029e-02
1.376666666666666572e+02,-9.113753937181887088e-02
1.376875000000000000e+02,-9.175685549856983647e-02
1.377083333333333144e+02,-9.235621766260247723e-02
1.377291666666666572e+02,-9.289896648249258704e-02
1.377500000000000000e+02,-9.335847820535143893e-02
1.377708333333333144e+02,-9.375609401205041438e-02
1.377916666666666572e+02,-9.411793435747151104e-02
1.378125000000000000e+02,-9.441795420756471380e-02
1.378333333333333144e+02,-9.461940225785619996e-02
1.378541666666666572e+02,-9.473076390555672244e-02
1.378750000000000000e+02,-9.476620871986361772e-02
1.378958333333333144e+02,-9.470752217536049233e-02
1.379166666666666572e+02,-9.454987623790800377e-02
1.379375000000000000e+02,-9.432753642558668050e-02
1.379583333333333144e+02,-9.406863851789065700e-02
1.379791666666666572e+02,-9.374939732420958793e-02
1.380000000000000000e+02,-9.333616266742256196e-02
1.380208333333333144e+02,-9.284130531046226598e-02
1.380416666666666572e+02,-9.229162107483640520e-02
1.380625000000000000e+02,-9.168261328074785166e-02
1.380833333333333144e+02,-9.101199448549271431e-02
1.381041666666666572e+02,-9.032413063791637498e-02
1.381250000000000000e+02,-8.966788101740666428e-02
1.381458333333333144e+02,-8.903973561821169891e-02
1.381666666666666572e+02,-8.842532379080512983e-02
1.381875000000000000e+02,-8.785568895050555049e-02
1.382083333333333144e+02,-8.736770329384375977e-02
1.382291666666666572e+02,-8.694755597836464900e-02
1.382500000000000000e+02,-8.657026162927525248e-02
1.382708333333333144e+02,-8.625609224242686279e-02
1.382916666666666572e+02,-8.603008311073899461e-02
1.383125000000000000e+02,-8.586524255637517644e-02
1.383333333333333144e+02,-8.572357876221882445e-02
1.383541666666666572e+02,-8.561207254279695755e-02
1.383750000000000000e+02,-8.554298703233885470e-02
1.383958333333333144e+02,-8.549024022067236439e-02
1.384166666666666572e+02,-8.543330909457375055e-02
1.384375000000000000e+02,-8.539840751221267068e-02
1.384583333333333144e+02,-8.541675204163177992e-02
1.384791666666666572e+02,-8.546877977394753967e-02
1.385000000000000000e+02,-8.552486880394688518e-02
1.385208333333333144e+02,-8.560124246693200101e-02
1.385416666666666572e+02,-8.571940193913668571e-02
1.385625000000000000e+02,-8.584853890954136091e-02
1.385833333333333144e+02,-8.594675852152972029e-02
1.386041666666666572e+02,-8.601784516927071800e-02
1.386250000000000000e+02,-8.607431647578953071e-02
1.386458333333333144e+02,-8.609954321289207957e-02
1.386666666666666572e+02,-8.608980019779310933e-02
1.386875000000000000e+02,-8.607095745524405428e-02
1.387083333333333144e+02,-8.605217479784567358e-02
1.387291666666666572e+02,-8.602078273485333493e-02
1.387500000000000000e+02,-8.599160177368662950e-02
1.387708333333333144e+02,-8.598231410135973030e-02
1.387916666666666572e+02,-8.596427019596231123e-02
1.388125000000000000e+02,-8.590426032727811745e-02
1.388333333333333144e+02,-8.581517124796633755e-02
1.388541666666666572e+02,-8.571539094155319893e-02
1.388750000000000000e+02,-8.558807185673619755e-02
1.388958333333333144e+02,-8.542545746162785725e-02
1.389166666666666572e+02,-8.526428961457258038e-02
1.389375000000000000e+02,-8.514205928453015548e-02
1.389583333333333144e+02,-8.504454111658774074e-02
1.389791666666666572e+02,-8.494661384018957484e-02
1.390000000000000000e+02,-8.486894147967545543e-02
1.390208333333333144e+02,-8.483625934775920752e-02
1.390416666666666572e+02,-8.482119920439368244e-02
1.390625000000000000e+02,-8.478555284699894334e-02
1.390833333333333144e+02,-8.473695737864206379e-02
1.391041666666666572e+02,-8.468874388837883960e-02
1.391250000000000000e+02,-8.462392631634643725e-02
1.391458333333333144e+02,-8.454090609953873736e-02
1.391666666666666572e+02,-8.446778378587226077e-02
1.391875000000000000e+02,-8.441448773613985379e-02
1.392083333333333144e+02,-8.436538537974849761e-02
1.392291666666666572e+02,-8.432658980893102674e-02
1.392500000000000000e+02,-8.430980809420496325e-02
1.392708333333333144e+02,-8.429661171053332014e-02
1.392916666666666572e+02,-8.428104585922711889e-02
1.393125000000000000e+02,-8.428703090104579243e-02
1.393333333333333144e+02,-8.432180433854165325e-02
1.393541666666666572e+02,-8.436836710072069534e-02
1.393750000000000000e+02,-8.443440483366537741e-02
1.393958333333333144e+02,-8.453075641320587086e-02
1.394166666666666572e+02,-8.463067254354068869e-02
1.394375000000000000e+02,-8.471389894285827338e-02
1.394583333333333144e+02,-8.480762456718640707e-02
1.394791666666666572e+02,-8.494342362769824462e-02
1.395000000000000000e+02,-8.510100866416485388e-02
1.395208333333333144e+02,-8.524891270791293274e-02
1.395416666666666572e+02,-8.540120962313797748e-02
1.395625000000000000e+02,-8.557624179316804247e-02
1.395833333333333144e+02,-8.574055417613303531e-02
1.396041666666666572e+02,-8.585032123711307250e-02
1.396250000000000000e+02,-8.590860666343611007e-02
1.396458333333333144e+02,-8.593498053822050398e-02
1.396666666666666572e+02,-8.591607231386773347e-02
1.396875000000000000e+02,-8.583359528664878668e-02
1.397083333333333144e+02,-8.571510708894902741e-02
1.397291666666666572e+02,-8.559335808160123404e-02
1.397500000000000000e+02,-8.545068177322392988e-02
1.397708333333333144e+02,-8.525953338501930656e-02
1.397916666666666572e+02,-8.503887553716413250e-02
1.398125000000000000e+02,-8.481265896012470107e-02
1.398333333333333144e+02,-8.456542266078641290e-02
1.398541666666666572e+02,-8.428602952097155598e-02
1.398750000000000000e+02,-8.401043551866721470e-02
1.398958333333333144e+02,-8.377967194714362742e-02
1.399166666666666572e+02,-8.358380829209983987e-02
1.399375000000000000e+02,-8.340203935919268674e-02
1.399583333333333144e+02,-8.325959712714114946e-02
1.399791666666666572e+02,-8.318617155923768713e-02
1.400000000000000000e+02,-8.315939579507501678e-02
1.400208333333333144e+02,-8.314539852400464059e-02
1.400416666666666572e+02,-8.315591626404256198e-02
1.400625000000000000e+02,-8.320789550900754838e-02
1.400833333333333144e+02,-8.327048843284530488e-02
1.401041666666666572e+02,-8.330706491406898728e-02
1.401250000000000000e+02,-8.332819984210115827e-02
1.401458333333333144e+02,-8.335099956565807100e-02
1.401666666666666572e+02,-8.335619384000801657e-02
1.401875000000000000e+02,-8.333151983499689774e-02
1.402083333333333144e+02,-8.331266118724474368e-02
1.402291666666666572e+02,-8.333980126845218217e-02
1.402500000000000000e+02,-8.340136583611504340e-02
1.402708333333333144e+02,-8.347450513050823362e-02
1.402916666666666572e+02,-8.358171384260786041e-02
1.403125000000000000e+02,-8.374973399785144712e-02
1.403333333333333144e+02,-8.395357940701948796e-02
1.403541666666666572e+02,-8.415723601086204375e-02
1.403750000000000000e+02,-8.437009590251309810e-02
1.403958333333333144e+02,-8.460599139090789478e-02
1.404166666666666572e+02,-8.483320218520905287e-02
1.404375000000000000e+02,-8.501698966557572068e-02
1.404583333333333144e+02,-8.516906051537936895e-02
1.404791666666666572e+02,-8.530659873960654005e-02
1.405000000000000000e+02,-8.540805739871751290e-02
1.405208333333333144e+02,-8.545653728437657692e-02
1.405416666666666572e+02,-8.548252850652024448e-02
1.405625000000000000e+02,-8.552053763382966300e-02
1.405833333333333144e+02,-8.555296870461610859e-02
1.406041666666666572e+02,-8.555123158531642569e-02
1.406250000000000000e+02,-8.553242349583022042e-02
1.406458333333333144e+02,-8.551803836200309872e-02
1.406666666666666572e+02,-8.548156353839315991e-02
1.406875000000000000e+02,-8.539130515706333524e-02
1.407083333333333144e+02,-8.526280391540158599e-02
1.407291666666666572e+02,-8.511787781209889658e-02
1.407500000000000000e+02,-8.494171668866490332e-02
1.407708333333333144e+02,-8.472623899220801946e-02
1.407916666666666572e+02,-8.451119181852317919e-02
1.408125000000000000e+02,-8.434081230276074814e-02
1.408333333333333144e+02,-8.420758977098230513e-02
1.408541666666666572e+02,-8.409259667799012794e-02
1.408750000000000000e+02,-8.402223436571609749e-02
1.408958333333333144e+02,-8.402748721277503163e-02
1.409166666666666572e+02,-8.408767996840653403e-02
1.409375000000000000e+02,-8.417062441133912887e-02
1.409583333333333144e+02,-8.428946178402520195e-02
1.409791666666666572e+02,-8.446208660182245864e-02
1.410000000000000000e+02,-8.465479199083450479e-02
1.410208333333333144e+02,-8.482224493441165025e-02
1.410416666666666572e+02,-8.496500497285680575e-02
1.410625000000000000e+02,-8.509823993710030621e-02
1.410833333333333144e+02,-8.520638775655421659e-02
1.411041666666666572e+02,-8.527525182080811228e-02
1.411250000000000000e+02,-8.533728062181469842e-02
1.411458333333333144e+02,-8.542969945294245915e-02
1.411666666666666572e+02,-8.553805814985082634e-02
1.411875000000000000e+02,-8.563643039387687506e-02
1.412083333333333144e+02,-8.574436340392012357e-02
1.412291666666666572e+02,-8.588617476185159139e-02
1.412500000000000000e+02,-8.603462851867214878e-02
1.412708333333333144e+02,-8.615131126439345977e-02
1.412916666666666572e+02,-8.624351105488159419e-02
1.413125000000000000e+02,-8.632410467026820078e-02
1.413333333333333144e+02,-8.637510503517634164e-02
1.413541666666666572e+02,-8.639289974248888504e-02
1.413750000000000000e+02,-8.640458334175200872e-02
1.413958333333333144e+02,-8.642072584200159724e-02
1.414166666666666572e+02,-8.642553290175117309e-02
1.414375000000000000e+02,-8.642478945639282817e-02
1.414583333333333144e+02,-8.643123181688372458e-02
1.414791666666666572e+02,-8.642742467709337018e-02
1.415000000000000000e+02,-8.640646987611647067e-02
1.415208333333333144e+02,-8.639622634398642920e-02
1.415416666666666572e+02,-8.641339811264134307e-02
1.415625000000000000e+02,-8.643236185170000141e-02
1.415833333333333144e+02,-8.643108082913944501e-02
1.416041666666666572e+02,-8.643542928429266692e-02
1.416250000000000000e+02,-8.647718594383589641e-02
1.416458333333333144e+02,-8.653747123931232466e-02
1.416666666666666572e+02,-8.658802611658339421e-02
1.416875000000000000e+02,-8.664727071704717010e-02
1.417083333333333144e+02,-8.673999858152468823e-02
1.417291666666666572e+02,-8.684168353501051096e-02
1.417500000000000000e+02,-8.691992876625578845e-02
1.417708333333333144e+02,-8.699119324553707122e-02
1.417916666666666572e+02,-8.708045135544008331e-02
1.418125000000000000e+02,-8.716404648533647437e-02
1.418333333333333144e+02,-8.721084683600671683e-02
1.418541666666666572e+02,-8.723793272106843133e-02
1.418750000000000000e+02,-8.727151695585064206e-02
1.418958333333333144e+02,-8.729020416146823780e-02
1.419166666666666572e+02,-8.726570974875252906e-02
1.419375000000000000e+02,-8.721967565378133114e-02
1.419583333333333144e+02,-8.718373523685390980e-02
1.419791666666666572e+02,-8.714257616799704620e-02
1.420000000000000000e+02,-8.707551713338232413e-02
1.420208333333333144e+02,-8.701291488302355381e-02
1.420416666666666572e+02,-8.699558871202520138e-02
1.420625000000000000e+02,-8.701893995536147397e-02
1.420833333333333144e+02,-8.707255681376964429e-02
1.421041666666666572e+02,-8.717833741434564965e-02
1.421250000000000000e+02,-8.734475566876430397e-02
1.421458333333333144e+02,-8.754087273815923387e-02
1.421666666666666572e+02,-8.774154910884460201e-02
1.421875000000000000e+02,-8.797333973245408112e-02
1.422083333333333144e+02,-8.827239313433773993e-02
1.422291666666666572e+02,-8.862884532376198721e-02
1.422500000000000000e+02,-8.902323943467398137e-02
1.422708333333333144e+02,-8.946551176543231232e-02
1.422916666666666572e+02,-8.995330069368188963e-02
1.423125000000000000e+02,-9.045216652622653508e-02
1.423333333333333144e+02,-9.094165986644767163e-02
1.423541666666666572e+02,-9.143556942872786697e-02
1.423750000000000000e+02,-9.193455728696085794e-02
1.423958333333333144e+02,-9.240726345083215276e-02
1.424166666666666572e+02,-9.283666145709461304e-02
1.424375000000000000e+02,-9.324115607427564678e-02
1.424583333333333144e+02,-9.362708929477117636e-02
1.424791666666666572e+02,-9.396615277333836280e-02
1.425000000000000000e+02,-9.424162009282203989e-02
1.425208333333333144e+02,-9.448075664653875216e-02
1.425416666666666572e+02,-9.470904961752968365e-02
1.425625000000000000e+02,-9.490525383806161508e-02
1.425833333333333144e+02,-9.504362910029896805e-02
1.426041666666666572e+02,-9.514965455413497419e-02
1.426250000000000000e+02,-9.525869050197832699e-02
1.426458333333333144e+02,-9.536082498257138218e-02
1.426666666666666572e+02,-9.544070624150814697e-02
1.426875000000000000e+02,-9.552154817035814205e-02
1.427083333333333144e+02,-9.562086833975640132e-02
1.427291666666666572e+02,-9.570947978202058726e-02
1.427500000000000000e+02,-9.575370159376139778e-02
1.427708333333333144e+02,-9.577144223401076739e-02
1.427916666666666572e+02,-9.579122359593091052e-02
1.428125000000000000e+02,-9.579677008566732377e-02
1.428333333333333144e+02,-9.576682109970854895e-02
1.428541666666666572e+02,-9.573033526218675815e-02
1.428750000000000000e+02,-9.572654069516400854e-02
1.428958333333333144e+02,-9.574957396781372254e-02
1.429166666666666572e+02,-9.578486870202884695e-02
1.429375000000000000e+02,-9.584646214377921802e-02
1.429583333333333144e+02,-9.593536001793936951e-02
1.429791666666666572e+02,-9.602379478505133903e-02
1.430000000000000000e+02,-9.610133768516720965e-02
1.430208333333333144e+02,-9.618024412633154052e-02
1.430416666666666572e+02,-9.624636051138243942e-02
1.430625000000000000e+02,-9.628261209267434395e-02
1.430833333333333144e+02,-9.631627965910286027e-02
1.431041666666666572e+02,-9.637625294619191207e-02
1.431250000000000000e+02,-9.644426265469882575e-02
1.431458333333333144e+02,-9.649681404575534416e-02
1.431666666666666572e+02,-9.656100232216567603e-02
1.431875000000000000e+02,-9.667480128246498661e-02
1.432083333333333144e+02,-9.683021807043029616e-02
1.432291666666666572e+02,-9.700284724139889014e-02
1.432500000000000000e+02,-9.720109728686382455e-02
1.432708333333333144e+02,-9.743672198246210170e-02
1.432916666666666572e+02,-9.767434377907985299e-02
1.433125000000000000e+02,-9.787401550005168926e-02
1.433333333333333144e+02,-9.804756791320129450e-02
1.433541666666666572e+02,-9.821804304669363994e-02
1.433750000000000000e+02,-9.836301297189471715e-02
1.433958333333333144e+02,-9.845491620493281026e-02
1.434166666666666572e+02,-9.851705145722684798e-02
1.434375000000000000e+02,-9.858303598403382606e-02
1.434583333333333144e+02,-9.864012698378964161e-02
1.434791666666666572e+02,-9.867079678346529770e-02
1.435000000000000000e+02,-9.869738228336871755e-02
1.435208333333333144e+02,-9.873776329118653938e-02
1.435416666666666572e+02,-9.876243496272690825e-02
1.435625000000000000e+02,-9.873789543107548694e-02
1.435833333333333144e+02,-9.868269192071518758e-02
1.436041666666666572e+02,-9.862538492070885288e-02
1.436250000000000000e+02,-9.854796521539863075e-02
1.436458333333333144e+02,-9.842754236753013808e-02
1.436666666666666572e+02,-9.829216956568256891e-02
1.436875000000000000e+02,-9.818075676661454365e-02
1.437083333333333144e+02,-9.808658250697185887e-02
1.437291666666666572e+02,-9.799583493533002565e-02
1.437500000000000000e+02,-9.792543994152876075e-02
1.437708333333333144e+02,-9.788027869372592504e-02
1.437916666666666572e+02,-9.782950477156220070e-02
1.438125000000000000e+02,-9.775318199659704943e-02
1.438333333333333144e+02,-9.767984955972622285e-02
1.438541666666666572e+02,-9.764289215758006901e-02
1.438750000000000000e+02,-9.762959559008613231e-02
1.438958333333333144e+02,-9.762198320800176410e-02
1.439166666666666572e+02,-9.763721853483550706e-02
1.439375000000000000e+02,-9.768301432694867503e-02
1.439583333333333144e+02,-9.772166763023923397e-02
1.439791666666666572e+02,-9.771382122587972396e-02
1.440000000000000000e+02,-9.767211483706063346e-02
1.440208333333333144e+02,-9.762055529624401318e-02
1.440416666666666572e+02,-9.753782744413859451e-02
1.440625000000000000e+02,-9.739802738589328768e-02
1.440833333333333144e+02,-9.722687030142394826e-02
1.441041666666666572e+02,-9.706157910734250494e-02
1.441250000000000000e+02,-9.689404965391709701e-02
1.441458333333333144e+02,-9.671044102187556502e-02
1.441666666666666572e+02,-9.653557794159517425e-02
1.441875000000000000e+02,-9.638996364695155694e-02
1.442083333333333144e+02,-9.624696513325994851e-02
1.442291666666666572e+02,-9.607455126408136203e-02
1.442500000000000000e+02,-9.589185389559014283e-02
1.442708333333333144e+02,-9.572951949202182509e-02
1.442916666666666572e+02,-9.557237900867240898e-02
1.443125000000000000e+02,-9.540051612244641877e-02
1.443333333333333144e+02,-9.524598632793894459e-02
1.443541666666666572e+02,-9.515096855391400044e-02
1.443750000000000000e+02,-9.510972450389597321e-02
1.443958333333333144e+02,-9.509999921476586238e-02
1.444166666666666572e+02,-9.513560181425030626e-02
1.444375000000000000e+02,-9.523549798750384487e-02
1.444583333333333144e+02,-9.536903930298190613e-02
1.444791666666666572e+02,-9.549757918468407270e-02
1.445000000000000000e+02,-9.563090333710592972e-02
1.445208333333333144e+02,-9.578676861991684832e-02
1.445416666666666572e+02,-9.593380872497962730e-02
1.445625000000000000e+02,-9.603306836138725266e-02
1.445833333333333144e+02,-9.609378928342519888e-02
1.446041666666666572e+02,-9.613326169214606032e-02
1.446250000000000000e+02,-9.612020151449794658e-02
1.446458333333333144e+02,-9.601579992930270313e-02
1.446666666666666572e+02,-9.582918298694617643e-02
1.446875000000000000e+02,-9.557848798681833902e-02
1.447083333333333144e+02,-9.525059591628233513e-02
1.447291666666666572e+02,-9.484571239416607347e-02
1.447500000000000000e+02,-9.440124405458469314e-02
1.447708333333333144e+02,-9.394630519702090732e-02
1.447916666666666572e+02,-9.345970950831368473e-02
1.448125000000000000e+02,-9.291271324062132242e-02
1.448333333333333144e+02,-9.232424908200545510e-02
1.448541666666666572e+02,-9.172185228307677685e-02
1.448750000000000000e+02,-9.109272836863493983e-02
1.448958333333333144e+02,-9.042613137004837376e-02
1.449166666666666572e+02,-8.976014565549129964e-02
1.449375000000000000e+02,-8.914073242113709772e-02
1.449583333333333144e+02,-8.856494008589298195e-02
1.449791666666666572e+02,-8.802208255268410830e-02
1.450000000000000000e+02,-8.754958010304471350e-02
1.450208333333333144e+02,-8.719275456349481757e-02
1.450416666666666572e+02,-8.694753892690361419e-02
1.450625000000000000e+02,-8.679705997567585540e-02
1.450833333333333144e+02,-8.675461370862051769e-02
1.451041666666666572e+02,-8.682519062903373830e-02
1.451250000000000000e+02,-8.696861094425763217e-02
1.451458333333333144e+02,-8.714417077088223995e-02
1.451666666666666572e+02,-8.736026785897854641e-02
1.451875000000000000e+02,-8.763324184956970686e-02
1.452083333333333144e+02,-8.792998615449360011e-02
1.452291666666666572e+02,-8.820932516758049624e-02
1.452500000000000000e+02,-8.847838266998508949e-02
1.452708333333333144e+02,-8.875215149695644956e-02
1.452916666666666572e+02,-8.899656090051671908e-02
1.453125000000000000e+02,-8.916998625051539284e-02
1.453333333333333144e+02,-8.927890642855816627e-02
1.453541666666666572e+02,-8.933900269950222073e-02
1.453750000000000000e+02,-8.933376683635588233e-02
1.453958333333333144e+02,-8.925869419788275139e-02
1.454166666666666572e+02,-8.915141407432197740e-02
1.454375000000000000e+02,-8.904718225697409728e-02
1.454583333333333144e+02,-8.893086909072527024e-02
1.454791666666666572e+02,-8.877994085245399791e-02
1.455000000000000000e+02,-8.861980588122092550e-02
1.455208333333333144e+02,-8.848268258336038083e-02
1.455416666666666572e+02,-8.835118458854286649e-02
1.455625000000000000e+02,-8.819957744082580764e-02
1.455833333333333144e+02,-8.805027138024620892e-02
1.456041666666666572e+02,-8.793357700719459102e-02
1.456250000000000000e+02,-8.783096603241410949e-02
1.456458333333333144e+02,-8.771635628455379252e-02
1.456666666666666572e+02,-8.761141733862702619e-02
1.456875000000000000e+02,-8.754626903549535266e-02
1.457083333333333144e+02,-8.750321971903887719e-02
1.457291666666666572e+02,-8.745706163833270874e-02
1.457500000000000000e+02,-8.743081152013805479e-02
1.457708333333333144e+02,-8.745545848614427742e-02
1.457916666666666572e+02,-8.751292846719646579e-02
1.458125000000000000e+02,-8.757743509585094732e-02
1.458333333333333144e+02,-8.767153538307125016e-02
1.458541666666666572e+02,-8.782576236791982127e-02
1.458750000000000000e+02,-8.802139424760369035e-02
1.458958333333333144e+02,-8.823199151426816544e-02
1.459166666666666572e+02,-8.847949196761119295e-02
1.459375000000000000e+02,-8.879370347769867389e-02
1.459583333333333144e+02,-8.915517507752175608e-02
1.459791666666666572e+02,-8.953656405038697141e-02
1.460000000000000000e+02,-8.995549270405567288e-02
1.460208333333333144e+02,-9.043324106482332481e-02
1.460416666666666572e+02,-9.094151868196359567e-02
1.460625000000000000e+02,-9.144441888590532086e-02
1.460833333333333144e+02,-9.195424937900342766e-02
1.461041666666666572e+02,-9.249123560124153376e-02
1.461250000000000000e+02,-9.302679792115657598e-02
1.461458333333333144e+02,-9.352482451726028267e-02
1.461666666666666572e+02,-9.399710027894858655e-02
1.461875000000000000e+02,-9.446395483639367929e-02
1.462083333333333144e+02,-9.489811135450716695e-02
1.462291666666666572e+02,-9.526507584892172920e-02
1.462500000000000000e+02,-9.557896843085378347e-02
1.462708333333333144e+02,-9.586195199723133997e-02
1.462916666666666572e+02,-9.608727299313961356e-02
1.463125000000000000e+02,-9.622059587105838419e-02
1.463333333333333144e+02,-9.627557779058501519e-02
1.463541666666666572e+02,-9.627383185946818134e-02
1.463750000000000000e+02,-9.618845990801036527e-02
1.463958333333333144e+02,-9.598504933458901212e-02
1.464166666666666572e+02,-9.567698523421744317e-02
1.464375000000000000e+02,-9.528681593213340906e-02
1.464583333333333144e+02,-9.480917589662551936e-02
1.464791666666666572e+02,-9.425533261336335733e-02
1.465000000000000000e+02,-9.365779221054147674e-02
1.465208333333333144e+02,-9.302288241343231734e-02
1.465416666666666572e+02,-9.235072282349419959e-02
1.465625000000000000e+02,-9.168509109131510459e-02
1.465833333333333144e+02,-9.107117443226570019e-02
1.466041666666666572e+02,-9.050489378153875331e-02
1.466250000000000000e+02,-8.997419397028323662e-02
1.466458333333333144e+02,-8.951402820922499393e-02
1.466666666666666572e+02,-8.916392681263295150e-02
1.466875000000000000e+02,-8.891450996441038757e-02
1.467083333333333144e+02,-8.874696447444359315e-02
1.467291666666666572e+02,-8.867753619083616756e-02
1.467500000000000000e+02,-8.871354078847412672e-02
1.467708333333333144e+02,-8.881182501237962212e-02
1.467916666666666572e+02,-8.892144006528993061e-02
1.468125000000000000e+02,-8.904041186018880893e-02
1.468333333333333144e+02,-8.917473100564111965e-02
1.468541666666666572e+02,-8.929805018530138916e-02
1.468750000000000000e+02,-8.939591024336000780e-02
1.468958333333333144e+02,-8.949305137760356355e-02
1.469166666666666572e+02,-8.960622100681556179e-02
1.469375000000000000e+02,-8.970204563475069059e-02
1.469583333333333144e+02,-8.973955725463723943e-02
1.469791666666666572e+02,-8.972661874237347623e-02
1.470000000000000000e+02,-8.967886633084776182e-02
1.470208333333333144e+02,-8.957960144314870699e-02
1.470416666666666572e+02,-8.942312083017232849e-02
1.470625000000000000e+02,-8.924493522862324280e-02
1.470833333333333144e+02,-8.907682301716533801e-02
1.471041666666666572e+02,-8.890052225273886721e-02
1.471250000000000000e+02,-8.868968566541075849e-02
1.471458333333333144e+02,-8.846671492130317449e-02
1.471666666666666572e+02,-8.826116402246314552e-02
1.471875000000000000e+02,-8.805403537521511170e-02
1.472083333333333144e+02,-8.781694502348674769e-02
1.472291666666666572e+02,-8.756871377726288541e-02
1.472500000000000000e+02,-8.733483098988185922e-02
1.472708333333333144e+02,-8.709115196914184176e-02
1.472916666666666572e+02,-8.680405547950711953e-02
1.473125000000000000e+02,-8.648737552194447897e-02
1.473333333333333144e+02,-8.616311808123179594e-02
1.473541666666666572e+02,-8.581918432584417777e-02
1.473750000000000000e+02,-8.545304033075323824e-02
1.473958333333333144e+02,-8.510432188532988940e-02
1.474166666666666572e+02,-8.480952059532266551e-02
1.474375000000000000e+02,-8.455541323868870363e-02
1.474583333333333144e+02,-8.431962424586508797e-02
1.474791666666666572e+02,-8.412768579083632070e-02
1.475000000000000000e+02,-8.401293373101367812e-02
1.475208333333333144e+02,-8.396024658567169396e-02
1.475416666666666572e+02,-8.394571097853346930e-02
1.475625000000000000e+02,-8.399417305241811682e-02
1.475833333333333144e+02,-8.413840883635710644e-02
1.476041666666666572e+02,-8.436268388833709220e-02
1.476250000000000000e+02,-8.464166513803321468e-02
1.476458333333333144e+02,-8.499399829648025817e-02
1.476666666666666572e+02,-8.544143959648943520e-02
1.476875000000000000e+02,-8.595674219356809476e-02
1.477083333333333144e+02,-8.650391461003946458e-02
1.477291666666666572e+02,-8.709569527155440471e-02
1.477500000000000000e+02,-8.775254736736903816e-02
1.477708333333333144e+02,-8.844649485801656108e-02
1.477916666666666572e+02,-8.914114313592706729e-02
1.478125000000000000e+02,-8.984884189022983303e-02
1.478333333333333144e+02,-9.058939873289928446e-02
1.478541666666666572e+02,-9.133416685057481332e-02
1.478750000000000000e+02,-9.204585890313399243e-02
1.478958333333333144e+02,-9.273541031502711973e-02
1.479166666666666572e+02,-9.342116141113633587e-02
1.479375000000000000e+02,-9.407298110382633638e-02
1.479583333333333144e+02,-9.465216405587539850e-02
1.479791666666666572e+02,-9.516832931350316382e-02
1.480000000000000000e+02,-9.563847436745277764e-02
1.480208333333333144e+02,-9.603112201136695947e-02
1.480416666666666572e+02,-9.630583140868974323e-02
1.480625000000000000e+02,-9.647003486286016838e-02
1.480833333333333144e+02,-9.653950794373615529e-02
1.481041666666666572e+02,-9.649517645634286822e-02
1.481250000000000000e+02,-9.632686256033598515e-02
1.481458333333333144e+02,-9.607505030230474585e-02
1.481666666666666572e+02,-9.578752651571248444e-02
1.481875000000000000e+02,-9.546352351008177695e-02
1.482083333333333144e+02,-9.509390442751888828e-02
1.482291666666666572e+02,-9.471577017015389566e-02
1.482500000000000000e+02,-9.437040726806501800e-02
1.482708333333333144e+02,-9.405065972228433824e-02
1.482916666666666572e+02,-9.374087850994951288e-02
1.483125000000000000e+02,-9.346998946546267173e-02
1.483333333333333144e+02,-9.327006639995553960e-02
1.483541666666666572e+02,-9.312413950416535691e-02
1.483750000000000000e+02,-9.300688727640571418e-02
1.483958333333333144e+02,-9.294179367313472329e-02
1.484166666666666572e+02,-9.295974868809238345e-02
1.484375000000000000e+02,-9.304315851247808855e-02
1.484583333333333144e+02,-9.316575222483325369e-02
1.484791666666666572e+02,-9.334128170568331551e-02
1.485000000000000000e+02,-9.357977903372714790e-02
1.485208333333333144e+02,-9.384162444376462076e-02
1.485416666666666572e+02,-9.407921279675043880e-02
1.485625000000000000e+02,-9.429374283931978018e-02
1.485833333333333144e+02,-9.449390425490891698e-02
1.486041666666666572e+02,-9.464535076715564765e-02
1.486250000000000000e+02,-9.471149203354523038e-02
1.486458333333333144e+02,-9.470402559380215746e-02
1.486666666666666572e+02,-9.464243745406986097e-02
1.486875000000000000e+02,-9.450257211801788015e-02
1.487083333333333144e+02,-9.425796238112109371e-02
1.487291666666666572e+02,-9.393151375771187361e-02
1.487500000000000000e+02,-9.355359502477811340e-02
1.487708333333333144e+02,-9.310612684087023194e-02
1.487916666666666572e+02,-9.256273493593211721e-02
1.488125000000000000e+02,-9.194567794293323493e-02
1.488333333333333144e+02,-9.128526740778486470e-02
1.488541666666666572e+02,-9.057494206103042234e-02
1.488750000000000000e+02,-8.981409296609906001e-02
1.488958333333333144e+02,-8.905222671548722324e-02
1.489166666666666572e+02,-8.834655180996561774e-02
1.489375000000000000e+02,-8.770569191430536982e-02
1.489583333333333144e+02,-8.712798652647930908e-02
1.489791666666666572e+02,-8.663843343174490452e-02
1.490000000000000000e+02,-8.624396090686999028e-02
1.490208333333333144e+02,-8.592541558785840583e-02
1.490416666666666572e+02,-8.568331612080017090e-02
1.490625000000000000e+02,-8.552382154552712334e-02
1.490833333333333144e+02,-8.542241208347749193e-02
1.491041666666666572e+02,-8.536700524496168563e-02
1.491250000000000000e+02,-8.537742963613287328e-02
1.491458333333333144e+02,-8.546024445347204235e-02
1.491666666666666572e+02,-8.558564048833629256e-02
1.491875000000000000e+02,-8.573332786232504277e-02
1.492083333333333144e+02,-8.592497359181351657e-02
1.492291666666666572e+02,-8.617995034069186877e-02
1.492500000000000000e+02,-8.646484600362945583e-02
1.492708333333333144e+02,-8.673586663072521685e-02
1.492916666666666572e+02,-8.699601871424472721e-02
1.493125000000000000e+02,-8.725431833371231904e-02
1.493333333333333144e+02,-8.748304953006934281e-02
1.493541666666666572e+02,-8.766149854431207200e-02
1.493750000000000000e+02,-8.781655773884078364e-02
1.493958333333333144e+02,-8.797928339073358972e-02
1.494166666666666572e+02,-8.812877774363532535e-02
1.494375000000000000e+02,-8.823334512821695563e-02
1.494583333333333144e+02,-8.830706546217151343e-02
1.494791666666666572e+02,-8.836834652898555020e-02
1.495000000000000000e+02,-8.838831817744163821e-02
1.495208333333333144e+02,-8.833310051043199995e-02
1.495416666666666572e+02,-8.821506397563190494e-02
1.495625000000000000e+02,-8.805203316917233070e-02
1.495833333333333144e+02,-8.783315769040360432e-02
1.496041666666666572e+02,-8.756435401957404774e-02
1.496250000000000000e+02,-8.727520804587615699e-02
1.496458333333333144e+02,-8.697088814080872199e-02
1.496666666666666572e+02,-8.664822139453012828e-02
1.496875000000000000e+02,-8.634304349843530124e-02
1.497083333333333144e+02,-8.608781011262574279e-02
1.497291666666666572e+02,-8.586207014435008611e-02
1.497500000000000000e+02,-8.563470395785749423e-02
1.497708333333333144e+02,-8.541970586038960533e-02
1.497916666666666572e+02,-8.523647892809960158e-02
1.498125000000000000e+02,-8.506118624052486088e-02
1.498333333333333144e+02,-8.486863203446093351e-02
1.498541666666666572e+02,-8.467965497458752877e-02
1.498750000000000000e+02,-8.451990352314062149e-02
1.498958333333333144e+02,-8.436304637811796459e-02
1.499166666666666572e+02,-8.417174417332141945e-02
1.499375000000000000e+02,-8.395445938207865555e-02
1.499583333333333144e+02,-8.373362747241479276e-02
1.499791666666666572e+02,-8.349915263844398527e-02
1.500000000000000000e+02,-8.324195877209104866e-02
1.500208333333333144e+02,-8.299959508461798863e-02
1.500416666666666572e+02,-8.281418186561893824e-02
1.500625000000000000e+02,-8.267642051355555965e-02
1.500833333333333144e+02,-8.256711104868358353e-02
1.501041666666666572e+02,-8.251275306066940818e-02
1.501250000000000000e+02,-8.254469600302218046e-02
1.501458333333333144e+02,-8.264181728087176271e-02
1.501666666666666572e+02,-8.277182550779822734e-02
1.501875000000000000e+02,-8.294788446424521122e-02
1.502083333333333144e+02,-8.318782704597538213e-02
1.502291666666666572e+02,-8.345730768764311747e-02
1.502500000000000000e+02,-8.371114472918624039e-02
1.502708333333333144e+02,-8.394965185137667762e-02
1.502916666666666572e+02,-8.418295953836504864e-02
1.503125000000000000e+02,-8.439241022169925721e-02
1.503333333333333144e+02,-8.457052018532439097e-02
1.503541666666666572e+02,-8.474298119110540428e-02
1.503750000000000000e+02,-8.492311553104317512e-02
1.503958333333333144e+02,-8.508746890482450642e-02
1.504166666666666572e+02,-8.522268519083274485e-02
1.504375000000000000e+02,-8.536182222933789976e-02
1.504583333333333144e+02,-8.554150724790551830e-02
1.504791666666666572e+02,-8.574905495677663525e-02
1.505000000000000000e+02,-8.596384866476280973e-02
1.505208333333333144e+02,-8.621369939292103379e-02
1.505416666666666572e+02,-8.653512844132577042e-02
1.505625000000000000e+02,-8.691592266352797524e-02
1.505833333333333144e+02,-8.733490821039187335e-02
1.506041666666666572e+02,-8.780293319971620158e-02
1.506250000000000000e+02,-8.831965916685576012e-02
1.506458333333333144e+02,-8.884664593536589772e-02
1.506666666666666572e+02,-8.935381446717891030e-02
1.506875000000000000e+02,-8.986068093642764210e-02
1.507083333333333144e+02,-9.039500593545307661e-02
1.507291666666666572e+02,-9.093627554244952671e-02
1.507500000000000000e+02,-9.145612341693820646e-02
1.507708333333333144e+02,-9.197470139587130000e-02
1.507916666666666572e+02,-9.252084381403556657e-02
1.508125000000000000e+02,-9.307466821969523352e-02
1.508333333333333144e+02,-9.360833329041221007e-02
1.508541666666666572e+02,-9.413748032122119802e-02
1.508750000000000000e+02,-9.467994545480916402e-02
1.508958333333333144e+02,-9.520420349248870373e-02
1.509166666666666572e+02,-9.567129833125138927e-02
1.509375000000000000e+02,-9.609080066582817437e-02
1.509583333333333144e+02,-9.648186358304623733e-02
1.509791666666666572e+02,-9.681660990503331010e-02
1.510000000000000000e+02,-9.706143924846689919e-02
1.510208333333333144e+02,-9.723374117216007639e-02
1.510416666666666572e+02,-9.736193686396227287e-02
1.510625000000000000e+02,-9.742912057831264183e-02
1.510833333333333144e+02,-9.741373020094698520e-02
1.511041666666666572e+02,-9.734625726467123485e-02
1.511250000000000000e+02,-9.726801968907619611e-02
1.511458333333333144e+02,-9.717522346978152425e-02
1.511666666666666572e+02,-9.705833051485311669e-02
1.511875000000000000e+02,-9.693745524981385586e-02
1.512083333333333144e+02,-9.681752354334399735e-02
1.512291666666666572e+02,-9.667811226671166325e-02
1.512500000000000000e+02,-9.651980490106425170e-02
1.512708333333333144e+02,-9.635244995288051728e-02
1.512916666666666572e+02,-9.615508594214422500e-02
1.513125000000000000e+02,-9.591834636788408586e-02
1.513333333333333144e+02,-9.567143799759907086e-02
1.513541666666666572e+02,-9.543685167219650989e-02
1.513750000000000000e+02,-9.518972185236665440e-02
1.513958333333333144e+02,-9.490059873822918879e-02
1.514166666666666572e+02,-9.459171903800066283e-02
1.514375000000000000e+02,-9.429687763506690301e-02
1.514583333333333144e+02,-9.400449354637227528e-02
1.514791666666666572e+02,-9.369784500165251329e-02
1.515000000000000000e+02,-9.341155684382104751e-02
1.515208333333333144e+02,-9.319182154131318285e-02
1.515416666666666572e+02,-9.303839059250300358e-02
1.515625000000000000e+02,-9.293166523964689618e-02
1.515833333333333144e+02,-9.288397724876468198e-02
1.516041666666666572e+02,-9.291488031730957275e-02
1.516250000000000000e+02,-9.299795356477351393e-02
1.516458333333333144e+02,-9.310247009501938786e-02
1.516666666666666572e+02,-9.324975193819549923e-02
1.516875000000000000e+02,-9.347200162341022522e-02
1.517083333333333144e+02,-9.375506409154138465e-02
1.517291666666666572e+02,-9.407238370122865401e-02
1.517500000000000000e+02,-9.443159092193037507e-02
1.517708333333333144e+02,-9.483946591767265788e-02
1.517916666666666572e+02,-9.525541044611822439e-02
1.518125000000000000e+02,-9.563481893197203765e-02
1.518333333333333144e+02,-9.598490859244865336e-02
1.518541666666666572e+02,-9.632364464758069733e-02
1.518750000000000000e+02,-9.662354887465439413e-02
1.518958333333333144e+02,-9.685326080507984658e-02
1.519166666666666572e+02,-9.703316414073030749e-02
1.519375000000000000e+02,-9.719439709602843702e-02
1.519583333333333144e+02,-9.732269965743797768e-02
1.519791666666666572e+02,-9.739956008778666297e-02
1.520000000000000000e+02,-9.745268287136582552e-02
1.520208333333333144e+02,-9.751370835030293005e-02
1.520416666666666572e+02,-9.756810843646737674e-02
1.520625000000000000e+02,-9.759603921384041314e-02
1.520833333333333144e+02,-9.762050565204880015e-02
1.521041666666666572e+02,-9.766519624059670501e-02
1.521250000000000000e+02,-9.770694949256411577e-02
1.521458333333333144e+02,-9.771860831465854769e-02
1.521666666666666572e+02,-9.772507941672316234e-02
1.521875000000000000e+02,-9.776129710480359336e-02
1.522083333333333144e+02,-9.781556326871289342e-02
1.522291666666666572e+02,-9.787004948485875100e-02
1.522500000000000000e+02,-9.793856145925290690e-02
1.522708333333333144e+02,-9.802253531000482134e-02
1.522916666666666572e+02,-9.808957793448516704e-02
1.523125000000000000e+02,-9.812036046822877888e-02
1.523333333333333144e+02,-9.813794627169664109e-02
1.523541666666666572e+02,-9.816226973784196452e-02
1.523750000000000000e+02,-9.816627873687598649e-02
1.523958333333333144e+02,-9.811859206354173191e-02
1.524166666666666572e+02,-9.803960941616901570e-02
1.524375000000000000e+02,-9.796101111809153716e-02
1.524583333333333144e+02,-9.786905152959712861e-02
1.524791666666666572e+02,-9.774523485950994961e-02
1.525000000000000000e+02,-9.761881070846452346e-02
1.525208333333333144e+02,-9.752548966356029692e-02
1.525416666666666572e+02,-9.745504287948893174e-02
1.525625000000000000e+02,-9.739133407052165403e-02
1.525833333333333144e+02,-9.734953566316353890e-02
1.526041666666666572e+02,-9.733190157709455115e-02
1.526250000000000000e+02,-9.730906520257151526e-02
1.526458333333333144e+02,-9.726585419506257602e-02
1.526666666666666572e+02,-9.721984572952115100e-02
1.526875000000000000e+02,-9.717542763546120621e-02
1.527083333333333144e+02,-9.710852202542291645e-02
1.527291666666666572e+02,-9.701305751213504247e-02
1.527500000000000000e+02,-9.690212429047792564e-02
1.527708333333333144e+02,-9.675885986619135737e-02
1.527916666666666572e+02,-9.656359534357293606e-02
1.528125000000000000e+02,-9.634729646518647161e-02
1.528333333333333144e+02,-9.615012710844375587e-02
1.528541666666666572e+02,-9.596553413459728288e-02
1.528750000000000000e+02,-9.577985542642085404e-02
1.528958333333333144e+02,-9.561357168660462869e-02
1.529166666666666572e+02,-9.547612395963321619e-02
1.529375000000000000e+02,-9.533336056537528025e-02
1.529583333333333144e+02,-9.515220513099650890e-02
1.529791666666666572e+02,-9.494944620751279152e-02
1.530000000000000000e+02,-9.474887329903657063e-02
1.530208333333333144e+02,-9.452569255428311390e-02
1.530416666666666572e+02,-9.424570766518917952e-02
1.530625000000000000e+02,-9.392157984675159055e-02
1.530833333333333144e+02,-9.357239148235022008e-02
1.531041666666666572e+02,-9.317809111393313137e-02
1.531250000000000000e+02,-9.272170721257332049e-02
1.531458333333333144e+02,-9.223277257911963178e-02
1.531666666666666572e+02,-9.174581464584928570e-02
1.531875000000000000e+02,-9.124407870113580843e-02
1.532083333333333144e+02,-9.070018559532933011e-02
1.532291666666666572e+02,-9.013152412970620864e-02
1.532500000000000000e+02,-8.956097998569005625e-02
1.532708333333333144e+02,-8.897584294846393183e-02
1.532916666666666572e+02,-8.837256794783353298e-02
1.533125000000000000e+02,-8.779223244776789004e-02
1.533333333333333144e+02,-8.727731656207929345e-02
1.533541666666666572e+02,-8.681944311463089814e-02
1.533750000000000000e+02,-8.640070941976740748e-02
1.533958333333333144e+02,-8.604958196660292269e-02
1.534166666666666572e+02,-8.580076384364730691e-02
1.534375000000000000e+02,-8.563930678582119815e-02
1.534583333333333144e+02,-8.554152298924240505e-02
1.534791666666666572e+02,-8.553200052557424771e-02
1.535000000000000000e+02,-8.564397047681406028e-02
1.535208333333333144e+02,-8.586212280078843462e-02
1.535416666666666572e+02,-8.616215885660082063e-02
1.535625000000000000e+02,-8.655066263863699094e-02
1.535833333333333144e+02,-8.702180852349737650e-02
1.536041666666666572e+02,-8.753462633142945759e-02
1.536250000000000000e+02,-8.805990902136788534e-02
1.536458333333333144e+02,-8.861222824668370246e-02
1.536666666666666572e+02,-8.920597369349239636e-02
1.536875000000000000e+02,-8.980587060830497181e-02
1.537083333333333144e+02,-9.036920643474596893e-02
1.537291666666666572e+02,-9.090100645273423152e-02
1.537500000000000000e+02,-9.141391983996398352e-02
1.537708333333333144e+02,-9.187193114286393292e-02
1.537916666666666572e+02,-9.223144626787285749e-02
1.538125000000000000e+02,-9.249744751347810379e-02
1.538333333333333144e+02,-9.268423469787395730e-02
1.538541666666666572e+02,-9.277223518761777699e-02
1.538750000000000000e+02,-9.275302635317250743e-02
1.538958333333333144e+02,-9.266562655200596965e-02
1.539166666666666572e+02,-9.255357049913190415e-02
1.539375000000000000e+02,-9.241153137396804218e-02
1.539583333333333144e+02,-9.222685214211386040e-02
1.539791666666666572e+02,-9.203536012318885851e-02
1.540000000000000000e+02,-9.188127647975305456e-02
1.540208333333333144e+02,-9.176038055819847605e-02
1.540416666666666572e+02,-9.165959425775010994e-02
1.540625000000000000e+02,-9.159732413463433920e-02
1.540833333333333144e+02,-9.158042245923868341e-02
1.541041666666666572e+02,-9.157713792215525783e-02
1.541250000000000000e+02,-9.156382641406242417e-02
1.541458333333333144e+02,-9.156705461714685634e-02
1.541666666666666572e+02,-9.162257202694339131e-02
1.541875000000000000e+02,-9.171865917717245131e-02
1.542083333333333144e+02,-9.183573721444715510e-02
1.542291666666666572e+02,-9.198895510061332048e-02
1.542500000000000000e+02,-9.218401811859146255e-02
1.542708333333333144e+02,-9.238149162280073767e-02
1.542916666666666572e+02,-9.254171832850258128e-02
1.543125000000000000e+02,-9.267436127800594836e-02
1.543333333333333144e+02,-9.279750237331486906e-02
1.543541666666666572e+02,-9.288089972263309513e-02
1.543750000000000000e+02,-9.288708965135600293e-02
1.543958333333333144e+02,-9.282716451978476058e-02
1.544166666666666572e+02,-9.272142141212735833e-02
1.544375000000000000e+02,-9.254804599521382347e-02
1.544583333333333144e+02,-9.228500437059636297e-02
1.544791666666666572e+02,-9.195952583692004745e-02
1.545000000000000000e+02,-9.160717685508028285e-02
1.545208333333333144e+02,-9.121476893848613765e-02
1.545416666666666572e+02,-9.076165970498509261e-02
1.545625000000000000e+02,-9.027564383821511107e-02
1.545833333333333144e+02,-8.979282405168287351e-02
1.546041666666666572e+02,-8.930068395632584366e-02
1.546250000000000000e+02,-8.877931222540860756e-02
1.546458333333333144e+02,-8.825657706403294833e-02
1.546666666666666572e+02,-8.776836321313899458e-02
1.546875000000000000e+02,-8.730220918148109965e-02
1.547083333333333144e+02,-8.683781344181880357e-02
1.547291666666666572e+02,-8.640332153913465874e-02
1.547500000000000000e+02,-8.603555831240068674e-02
1.547708333333333144e+02,-8.572263933730614460e-02
1.547916666666666572e+02,-8.544488104515586546e-02
1.548125000000000000e+02,-8.523100930339860826e-02
1.548333333333333144e+02,-8.511831680886092211e-02
1.548541666666666572e+02,-8.509538349844260330e-02
1.548750000000000000e+02,-8.514222555525596814e-02
1.548958333333333144e+02,-8.527646817025606729e-02
1.549166666666666572e+02,-8.551079203619227354e-02
1.549375000000000000e+02,-8.580766037498152587e-02
1.549583333333333144e+02,-8.612184530455109510e-02
1.549791666666666572e+02,-8.645666672263874197e-02
1.550000000000000000e+02,-8.682435554117795551e-02
1.550208333333333144e+02,-8.718888113222367231e-02
1.550416666666666572e+02,-8.750666437971171829e-02
1.550625000000000000e+02,-8.778270033733472089e-02
1.550833333333333144e+02,-8.803117882251550175e-02
1.551041666666666572e+02,-8.822527644278881087e-02
1.551250000000000000e+02,-8.833986498998543102e-02
1.551458333333333144e+02,-8.839934177233188528e-02
1.551666666666666572e+02,-8.843643748093572843e-02
1.551875000000000000e+02,-8.843521626789349610e-02
1.552083333333333144e+02,-8.837244323207818497e-02
1.552291666666666572e+02,-8.827341655193701730e-02
1.552500000000000000e+02,-8.817287607297435992e-02
1.552708333333333144e+02,-8.805853760637200045e-02
1.552916666666666572e+02,-8.791240605245170814e-02
1.553125000000000000e+02,-8.776715701590370733e-02
1.553333333333333144e+02,-8.766643890934115724e-02
1.553541666666666572e+02,-8.760876580684962001e-02
1.553750000000000000e+02,-8.758351975317102411e-02
1.553958333333333144e+02,-8.760742590147628517e-02
1.554166666666666572e+02,-8.768340025181138586e-02
1.554375000000000000e+02,-8.778736609204425279e-02
1.554583333333333144e+02,-8.791393042236805844e-02
1.554791666666666572e+02,-8.806952922204523693e-02
1.555000000000000000e+02,-8.822845509900072158e-02
1.555208333333333144e+02,-8.837142026206730450e-02
1.555416666666666572e+02,-8.852687348138171819e-02
1.555625000000000000e+02,-8.872807332229139254e-02
1.555833333333333144e+02,-8.896210196987014429e-02
1.556041666666666572e+02,-8.920990013971660804e-02
1.556250000000000000e+02,-8.948745110931942415e-02
1.556458333333333144e+02,-8.980208533875742860e-02
1.556666666666666572e+02,-9.011590142537626025e-02
1.556875000000000000e+02,-9.038976760998176929e-02
1.557083333333333144e+02,-9.063704773416937643e-02
1.557291666666666572e+02,-9.088258698814734304e-02
1.557500000000000000e+02,-9.110544293723041309e-02
1.557708333333333144e+02,-9.127996190378695474e-02
1.557916666666666572e+02,-9.143237931449729738e-02
1.558125000000000000e+02,-9.159900590826004774e-02
1.558333333333333144e+02,-9.176892430799862832e-02
1.558541666666666572e+02,-9.192416321105353894e-02
1.558750000000000000e+02,-9.208799565586012204e-02
1.558958333333333144e+02,-9.228121856938753531e-02
1.559166666666666572e+02,-9.247409633394397532e-02
1.559375000000000000e+02,-9.262895737831490506e-02
1.559583333333333144e+02,-9.275657103420414940e-02
1.559791666666666572e+02,-9.287573804910832787e-02
1.560000000000000000e+02,-9.295614808485139213e-02
1.560208333333333144e+02,-9.295988577739112968e-02
1.560416666666666572e+02,-9.289725205483528869e-02
1.560625000000000000e+02,-9.278715854074461034e-02
1.560833333333333144e+02,-9.261007922969781425e-02
1.561041666666666572e+02,-9.235197041496469306e-02
1.561250000000000000e+02,-9.204820055093157483e-02
1.561458333333333144e+02,-9.174247553131728572e-02
1.561666666666666572e+02,-9.143052209676803821e-02
1.561875000000000000e+02,-9.110051459532771123e-02
1.562083333333333144e+02,-9.078884191584406238e-02
1.562291666666666572e+02,-9.053984290211998520e-02
1.562500000000000000e+02,-9.034861072703784246e-02
1.562708333333333144e+02,-9.020148950060506710e-02
1.562916666666666572e+02,-9.011546557859027862e-02
1.563125000000000000e+02,-9.009404128084810837e-02
1.563333333333333144e+02,-9.010692565830746847e-02
1.563541666666666572e+02,-9.013766579687507163e-02
1.563750000000000000e+02,-9.020330640507297215e-02
1.563958333333333144e+02,-9.030781197802496829e-02
1.564166666666666572e+02,-9.042123880890953758e-02
1.564375000000000000e+02,-9.052757734461987227e-02
1.564583333333333144e+02,-9.064627861253010677e-02
1.564791666666666572e+02,-9.078583564675297979e-02
1.565000000000000000e+02,-9.091372941938169472e-02
1.565208333333333144e+02,-9.100291879585338528e-02
1.565416666666666572e+02,-9.107623642621588689e-02
1.565625000000000000e+02,-9.116443730163693859e-02
1.565833333333333144e+02,-9.124906567346802166e-02
1.566041666666666572e+02,-9.130399887424860139e-02
1.566250000000000000e+02,-9.135127577048285374e-02
1.566458333333333144e+02,-9.142089747546938705e-02
1.566666666666666572e+02,-9.149413495295245780e-02
1.566875000000000000e+02,-9.154468218246909761e-02
1.567083333333333144e+02,-9.159410497885710212e-02
1.567291666666666572e+02,-9.167216883297021890e-02
1.567500000000000000e+02,-9.176043443742752659e-02
1.567708333333333144e+02,-9.183286261999094868e-02
1.567916666666666572e+02,-9.191137485031743160e-02
1.568125000000000000e+02,-9.202580265993275110e-02
1.568333333333333144e+02,-9.215707864681012274e-02
1.568541666666666572e+02,-9.227849433491906728e-02
1.568750000000000000e+02,-9.241148319470164629e-02
1.568958333333333144e+02,-9.258538580883124425e-02
1.569166666666666572e+02,-9.278054354580865526e-02
1.569375000000000000e+02,-9.296964440813056119e-02
1.569583333333333144e+02,-9.317313223516268672e-02
1.569791666666666572e+02,-9.341892009998770119e-02
1.570000000000000000e+02,-9.368615781121772401e-02
1.570208333333333144e+02,-9.394640276175648952e-02
1.570416666666666572e+02,-9.421905105250860668e-02
1.570625000000000000e+02,-9.453155145768800394e-02
1.570833333333333144e+02,-9.486301549669626243e-02
1.571041666666666572e+02,-9.518484582561505258e-02
1.571250000000000000e+02,-9.551406387997415925e-02
1.571458333333333144e+02,-9.587304152432019055e-02
1.571666666666666572e+02,-9.623552471118500262e-02
1.571875000000000000e+02,-9.656769694759652356e-02
1.572083333333333144e+02,-9.688340698757708092e-02
1.572291666666666572e+02,-9.720455826858083459e-02
1.572500000000000000e+02,-9.750485713557277556e-02
1.572708333333333144e+02,-9.775043052963679202e-02
1.572916666666666572e+02,-9.795510521508758728e-02
1.573125000000000000e+02,-9.814060346123465450e-02
1.573333333333333144e+02,-9.828011063206408549e-02
1.573541666666666572e+02,-9.833923555425183594e-02
1.573750000000000000e+02,-9.833131603381914387e-02
1.573958333333333144e+02,-9.827759797701139666e-02
1.574166666666666572e+02,-9.815090080882482582e-02
1.574375000000000000e+02,-9.791651657607258752e-02
1.574583333333333144e+02,-9.758740932458004336e-02
1.574791666666666572e+02,-9.718546783532074074e-02
1.575000000000000000e+02,-9.669847540390175133e-02
1.575208333333333144e+02,-9.612411819221715337e-02
1.575416666666666572e+02,-9.550467050753577714e-02
1.575625000000000000e+02,-9.488342140651015444e-02
1.575833333333333144e+02,-9.425374732557810498e-02
1.576041666666666572e+02,-9.360137436298004987e-02
1.576250000000000000e+02,-9.296044587317793539e-02
1.576458333333333144e+02,-9.237299729128908843e-02
1.576666666666666572e+02,-9.183169272427593732e-02
1.576875000000000000e+02,-9.132144988178343692e-02
1.577083333333333144e+02,-9.087461606172121675e-02
1.577291666666666572e+02,-9.053018579092579621e-02
1.577500000000000000e+02,-9.027758819111578181e-02
1.577708333333333144e+02,-9.009719730170431817e-02
1.577916666666666572e+02,-9.000656324858657964e-02
1.578125000000000000e+02,-9.001738440044998457e-02
1.578333333333333144e+02,-9.009089618041156433e-02
1.578541666666666572e+02,-9.018075444512488326e-02
1.578750000000000000e+02,-9.028852802110555464e-02
1.578958333333333144e+02,-9.042370588635006978e-02
1.579166666666666572e+02,-9.054782800546748445e-02
1.579375000000000000e+02,-9.061554804470453583e-02
1.579583333333333144e+02,-9.062947274681396048e-02
1.579791666666666572e+02,-9.060215133709412227e-02
1.580000000000000000e+02,-9.051642113288749236e-02
1.580208333333333144e+02,-9.036879934186810293e-02
1.580416666666666572e+02,-9.019108773213296848e-02
1.580625000000000000e+02,-9.000474813731784707e-02
1.580833333333333144e+02,-8.978574877865169723e-02
1.581041666666666572e+02,-8.950868981300726113e-02
1.581250000000000000e+02,-8.919644136635904164e-02
1.581458333333333144e+02,-8.888001109916465747e-02
1.581666666666666572e+02,-8.854241604728362025e-02
1.581875000000000000e+02,-8.815904387973484690e-02
1.582083333333333144e+02,-8.775296098417653679e-02
1.582291666666666572e+02,-8.735513401958827640e-02
1.582500000000000000e+02,-8.694779804282534719e-02
1.582708333333333144e+02,-8.650549830934038675e-02
1.582916666666666572e+02,-8.605073854458578086e-02
1.583125000000000000e+02,-8.561395639287942838e-02
1.583333333333333144e+02,-8.517667983934984477e-02
1.583541666666666572e+02,-8.471276211732645112e-02
1.583750000000000000e+02,-8.424412667599473492e-02
1.583958333333333144e+02,-8.380063703833531830e-02
1.584166666666666572e+02,-8.336355187580689330e-02
1.584375000000000000e+02,-8.290700788801624865e-02
1.584583333333333144e+02,-8.245324226033837189e-02
1.584791666666666572e+02,-8.203191196577004629e-02
1.585000000000000000e+02,-8.162481336818190603e-02
1.585208333333333144e+02,-8.120781695294446156e-02
1.585416666666666572e+02,-8.080504047716526028e-02
1.585625000000000000e+02,-8.044875069657206335e-02
1.585833333333333144e+02,-8.012272094705071013e-02
1.586041666666666572e+02,-7.980313141885596318e-02
1.586250000000000000e+02,-7.951430976482350144e-02
1.586458333333333144e+02,-7.928846704030202697e-02
1.586666666666666572e+02,-7.910877487520133478e-02
1.586875000000000000e+02,-7.895071007850096301e-02
1.587083333333333144e+02,-7.883679331549518776e-02
1.587291666666666572e+02,-7.879604021049474438e-02
1.587500000000000000e+02,-7.880737691306016757e-02
1.587708333333333144e+02,-7.884025886008703965e-02
1.587916666666666572e+02,-7.891002462151522345e-02
1.588125000000000000e+02,-7.903740668567900418e-02
1.588333333333333144e+02,-7.919158060344412553e-02
1.588541666666666572e+02,-7.933021375771456829e-02
1.588750000000000000e+02,-7.945673665638366967e-02
1.588958333333333144e+02,-7.958707717514343360e-02
1.589166666666666572e+02,-7.970574029757911128e-02
1.589375000000000000e+02,-7.980073103781167021e-02
1.589583333333333144e+02,-7.990685994497143119e-02
1.589791666666666572e+02,-8.006384047128738135e-02
1.590000000000000000e+02,-8.025983139040865355e-02
1.590208333333333144e+02,-8.047125466289345441e-02
1.590416666666666572e+02,-8.071983925166940910e-02
1.590625000000000000e+02,-8.103262502800048783e-02
1.590833333333333144e+02,-8.138545040040931489e-02
1.591041666666666572e+02,-8.174260971928913599e-02
1.591250000000000000e+02,-8.211406874832509473e-02
1.591458333333333144e+02,-8.251455264558268943e-02
1.591666666666666572e+02,-8.290683823338078351e-02
1.591875000000000000e+02,-8.324218478018712009e-02
1.592083333333333144e+02,-8.351859048637323701e-02
1.592291666666666572e+02,-8.375580079057708127e-02
1.592500000000000000e+02,-8.394342974727184159e-02
1.592708333333333144e+02,-8.406317731708552732e-02
1.592916666666666572e+02,-8.414313021077776678e-02
1.593125000000000000e+02,-8.421670109319127906e-02
1.593333333333333144e+02,-8.426632770865867539e-02
1.593541666666666572e+02,-8.426305321662082293e-02
1.593750000000000000e+02,-8.422336517208792173e-02
1.593958333333333144e+02,-8.416891780566763959e-02
1.594166666666666572e+02,-8.407951893762671824e-02
1.594375000000000000e+02,-8.393601880785056535e-02
1.594583333333333144e+02,-8.376604036630846961e-02
1.594791666666666572e+02,-8.360170873640745959e-02
1.595000000000000000e+02,-8.342337561994227213e-02
1.595208333333333144e+02,-8.320017214197761302e-02
1.595416666666666572e+02,-8.294685505281798599e-02
1.595625000000000000e+02,-8.268468925693862881e-02
1.595833333333333144e+02,-8.240441663518723037e-02
1.596041666666666572e+02,-8.210968530521850495e-02
1.596250000000000000e+02,-8.183300058797610133e-02
1.596458333333333144e+02,-8.158907984290780790e-02
1.596666666666666572e+02,-8.136856683602161633e-02
1.596875000000000000e+02,-8.118567656343278482e-02
1.597083333333333144e+02,-8.105731254091504134e-02
1.597291666666666572e+02,-8.096014414687643934e-02
1.597500000000000000e+02,-8.087454509893396426e-02
1.597708333333333144e+02,-8.082733742377595787e-02
1.597916666666666572e+02,-8.084970660980737855e-02
1.598125000000000000e+02,-8.092262523021324927e-02
1.598333333333333144e+02,-8.101761102357475652e-02
1.598541666666666572e+02,-8.115302017664093037e-02
1.598750000000000000e+02,-8.135405554328008215e-02
1.598958333333333144e+02,-8.159691195878758518e-02
1.599166666666666572e+02,-8.185020830243598666e-02
1.599375000000000000e+02,-8.213093811411657785e-02
1.599583333333333144e+02,-8.246394099161273583e-02
1.599791666666666572e+02,-8.282514787904084186e-02
1.600000000000000000e+02,-8.318316207730544476e-02
1.600208333333333144e+02,-8.355509971949690029e-02
1.600416666666666572e+02,-8.396621110074679872e-02
1.600625000000000000e+02,-8.439300053005002744e-02
1.600833333333333144e+02,-8.480471514809952149e-02
1.601041666666666572e+02,-8.521913964182514789e-02
1.601250000000000000e+02,-8.566346909354455308e-02
1.601458333333333144e+02,-8.611760855757596977e-02
1.601666666666666572e+02,-8.655474255970066477e-02
1.601875000000000000e+02,-8.699771796070844554e-02
1.602083333333333144e+02,-8.747874362299852546e-02
1.602291666666666572e+02,-8.798236034731865551e-02
1.602500000000000000e+02,-8.848487398835801210e-02
1.602708333333333144e+02,-8.900246430321492874e-02
1.602916666666666572e+02,-8.954920986336011024e-02
1.603125000000000000e+02,-9.008933842027021244e-02
1.603333333333333144e+02,-9.057937247306069306e-02
1.603541666666666572e+02,-9.102433200559549575e-02
1.603750000000000000e+02,-9.143789622171148712e-02
1.603958333333333144e+02,-9.178535618793776107e-02
1.604166666666666572e+02,-9.202469960392727077e-02
1.604375000000000000e+02,-9.216247308926862891e-02
1.604583333333333144e+02,-9.221585029280476853e-02
1.604791666666666572e+02,-9.217375137261693552e-02
1.605000000000000000e+02,-9.204039509783977502e-02
1.605208333333333144e+02,-9.184675992551902257e-02
1.605416666666666572e+02,-9.160497482434512562e-02
1.605625000000000000e+02,-9.131403368828661105e-02
1.605833333333333144e+02,-9.100526693184456117e-02
1.606041666666666572e+02,-9.071025647913280587e-02
1.606250000000000000e+02,-9.041205150070261154e-02
1.606458333333333144e+02,-9.008583728164137883e-02
1.606666666666666572e+02,-8.975549056454297514e-02
1.606875000000000000e+02,-8.945246812914220413e-02
1.607083333333333144e+02,-8.916075589268443458e-02
1.607291666666666572e+02,-8.885681208688550603e-02
1.607500000000000000e+02,-8.856546430741250864e-02
1.607708333333333144e+02,-8.831909678990618184e-02
1.607916666666666572e+02,-8.810247648139257759e-02
1.608125000000000000e+02,-8.789232508863997761e-02
1.608333333333333144e+02,-8.771351231698140682e-02
1.608541666666666572e+02,-8.759848347402643398e-02
1.608750000000000000e+02,-8.753202834523535203e-02
1.608958333333333144e+02,-8.749104692546673390e-02
1.609166666666666572e+02,-8.750096811200723523e-02
1.609375000000000000e+02,-8.759480580043357834e-02
1.609583333333333144e+02,-8.775786612324829039e-02
1.609791666666666572e+02,-8.796698548492079550e-02
1.610000000000000000e+02,-8.823776720313891708e-02
1.610208333333333144e+02,-8.858116498808191186e-02
1.610416666666666572e+02,-8.895918496141250187e-02
1.610625000000000000e+02,-8.932570311346105241e-02
1.610833333333333144e+02,-8.968306583711667390e-02
1.611041666666666572e+02,-9.004181552868936733e-02
1.611250000000000000e+02,-9.036566675304417984e-02
1.611458333333333144e+02,-9.061184861996524065e-02
1.611666666666666572e+02,-9.078685719628847017e-02
1.611875000000000000e+02,-9.090579050593707022e-02
1.612083333333333144e+02,-9.095015148197047039e-02
1.612291666666666572e+02,-9.091175035204515642e-02
1.612500000000000000e+02,-9.082807915878329807e-02
1.612708333333333144e+02,-9.073719839122044994e-02
1.612916666666666572e+02,-9.062776862568674985e-02
1.613125000000000000e+02,-9.048043225485254137e-02
1.613333333333333144e+02,-9.032530351619429132e-02
1.613541666666666572e+02,-9.020017695675108804e-02
1.613750000000000000e+02,-9.009417862150258249e-02
1.613958333333333144e+02,-8.998844494006251471e-02
1.614166666666666572e+02,-8.991355783146640079e-02
1.614375000000000000e+02,-8.990774900456893759e-02
1.614583333333333144e+02,-8.996072492623201355e-02
1.614791666666666572e+02,-9.005342704588961689e-02
1.615000000000000000e+02,-9.020219331908713167e-02
1.615208333333333144e+02,-9.041362083805075389e-02
1.615416666666666572e+02,-9.064452998479650969e-02
1.615625000000000000e+02,-9.084428570466561437e-02
1.615833333333333144e+02,-9.101135298561270626e-02
1.616041666666666572e+02,-9.115515970261897638e-02
1.616250000000000000e+02,-9.125216048458448248e-02
1.616458333333333144e+02,-9.128516151040434734e-02
1.616666666666666572e+02,-9.128651235535686914e-02
1.616875000000000000e+02,-9.129623544923452794e-02
1.617083333333333144e+02,-9.130719635869850859e-02
1.617291666666666572e+02,-9.130488349510304524e-02
1.617500000000000000e+02,-9.131634031795372863e-02
1.617708333333333144e+02,-9.136714800867976050e-02
1.617916666666666572e+02,-9.143361034011876498e-02
1.618125000000000000e+02,-9.148401629791033662e-02
1.618333333333333144e+02,-9.153576270066024478e-02
1.618541666666666572e+02,-9.161398340421378350e-02
1.618750000000000000e+02,-9.169555867647842529e-02
1.618958333333333144e+02,-9.174937545263707472e-02
1.619166666666666572e+02,-9.179449244603887781e-02
1.619375000000000000e+02,-9.185903387021418509e-02
1.619583333333333144e+02,-9.192416524523874810e-02
1.619791666666666572e+02,-9.196512421639295443e-02
1.620000000000000000e+02,-9.200892956228902408e-02
1.620208333333333144e+02,-9.209269036392934982e-02
1.620416666666666572e+02,-9.220686923275911440e-02
1.620625000000000000e+02,-9.233555103452660562e-02
1.620833333333333144e+02,-9.249353323103524926e-02
1.621041666666666572e+02,-9.268238248550500491e-02
1.621250000000000000e+02,-9.287315014167754623e-02
1.621458333333333144e+02,-9.305301009268042434e-02
1.621666666666666572e+02,-9.323539705115858889e-02
1.621875000000000000e+02,-9.341283927065385795e-02
1.622083333333333144e+02,-9.357246394455821792e-02
1.622291666666666572e+02,-9.373003925864176189e-02
1.622500000000000000e+02,-9.388799167163884574e-02
1.622708333333333144e+02,-9.402236622932462484e-02
1.622916666666666572e+02,-9.412884428791347402e-02
1.623125000000000000e+02,-9.421774973092933436e-02
1.623333333333333144e+02,-9.426520396276263924e-02
1.623541666666666572e+02,-9.424717331160623046e-02
1.623750000000000000e+02,-9.419180980022796856e-02
1.623958333333333144e+02,-9.413807744481789141e-02
1.624166666666666572e+02,-9.407877423811057682e-02
1.624375000000000000e+02,-9.400062139716969245e-02
1.624583333333333144e+02,-9.392974820172159123e-02
1.624791666666666572e+02,-9.388930090015364105e-02
1.625000000000000000e+02,-9.385557344298021965e-02
1.625208333333333144e+02,-9.380011548633390706e-02
1.625416666666666572e+02,-9.374583545184089761e-02
1.625625000000000000e+02,-9.372639587360023783e-02
1.625833333333333144e+02,-9.372956815979222034e-02
1.626041666666666572e+02,-9.373798980743812403e-02
1.626250000000000000e+02,-9.377183059936296250e-02
1.626458333333333144e+02,-9.384458392359186496e-02
1.626666666666666572e+02,-9.392237070658571163e-02
1.626875000000000000e+02,-9.396632321111708652e-02
1.627083333333333144e+02,-9.398884198553172920e-02
1.627291666666666572e+02,-9.401373560048874312e-02
1.627500000000000000e+02,-9.401916555195526104e-02
1.627708333333333144e+02,-9.397848265347677477e-02
1.627916666666666572e+02,-9.391687964932282640e-02
1.628125000000000000e+02,-9.387050869568731859e-02
1.628333333333333144e+02,-9.382916439600545722e-02
1.628541666666666572e+02,-9.377724473419400686e-02
1.628750000000000000e+02,-9.374142146659203423e-02
1.628958333333333144e+02,-9.374802362629169883e-02
1.629166666666666572e+02,-9.377665726527643908e-02
1.629375000000000000e+02,-9.380226696455150337e-02
1.629583333333333144e+02,-9.385155583022408710e-02
1.629791666666666572e+02,-9.396271195372556118e-02
1.630000000000000000e+02,-9.412767530700738572e-02
1.630208333333333144e+02,-9.432037101827808745e-02
1.630416666666666572e+02,-9.454965917620886118e-02
1.630625000000000000e+02,-9.483374009429050566e-02
1.630833333333333144e+02,-9.514506254327045887e-02
1.631041666666666572e+02,-9.545143378083088825e-02
1.631250000000000000e+02,-9.577234437674148060e-02
1.631458333333333144e+02,-9.613873382581777927e-02
1.631666666666666572e+02,-9.653573351125449564e-02
1.631875000000000000e+02,-9.693537265916239709e-02
1.632083333333333144e+02,-9.734386098057681846e-02
1.632291666666666572e+02,-9.776855842683565556e-02
1.632500000000000000e+02,-9.817051271806662149e-02
1.632708333333333144e+02,-9.850626485394979592e-02
1.632916666666666572e+02,-9.878410682911578644e-02
1.633125000000000000e+02,-9.902378001606385038e-02
1.633333333333333144e+02,-9.919968895566293188e-02
1.633541666666666572e+02,-9.928170244913195330e-02
1.633750000000000000e+02,-9.929137709116839239e-02
1.633958333333333144e+02,-9.926167386915102364e-02
1.634166666666666572e+02,-9.918019408077738408e-02
1.634375000000000000e+02,-9.902994681411678157e-02
1.634583333333333144e+02,-9.884514649625369964e-02
1.634791666666666572e+02,-9.867083372891043147e-02
1.635000000000000000e+02,-9.850603234785848539e-02
1.635208333333333144e+02,-9.833497933653168044e-02
1.635416666666666572e+02,-9.817242733536959975e-02
1.635625000000000000e+02,-9.803176802165297632e-02
1.635833333333333144e+02,-9.787961883224592652e-02
1.636041666666666572e+02,-9.767804743278581114e-02
1.636250000000000000e+02,-9.744103909070632452e-02
1.636458333333333144e+02,-9.719407553918976705e-02
1.636666666666666572e+02,-9.691711399039573682e-02
1.636875000000000000e+02,-9.658547617707705091e-02
1.637083333333333144e+02,-9.622634435892937765e-02
1.637291666666666572e+02,-9.587843691281236480e-02
1.637500000000000000e+02,-9.553493130709982128e-02
1.637708333333333144e+02,-9.518369595605905009e-02
1.637916666666666572e+02,-9.485496685835186070e-02
1.638125000000000000e+02,-9.457876264105767594e-02
1.638333333333333144e+02,-9.433830582391844466e-02
1.638541666666666572e+02,-9.411194025069825886e-02
1.638750000000000000e+02,-9.392976735132224642e-02
1.638958333333333144e+02,-9.383358203335412373e-02
1.639166666666666572e+02,-9.381849422964774754e-02
1.639375000000000000e+02,-9.385538909603925728e-02
1.639583333333333144e+02,-9.394267834853171906e-02
1.639791666666666572e+02,-9.408785926816214118e-02
1.640000000000000000e+02,-9.425291992431585053e-02
1.640208333333333144e+02,-9.439501707721219270e-02
1.640416666666666572e+02,-9.452284628072363248e-02
1.640625000000000000e+02,-9.465547212821939782e-02
1.640833333333333144e+02,-9.476546181166524419e-02
1.641041666666666572e+02,-9.481967404427601998e-02
1.641250000000000000e+02,-9.483574162363057891e-02
1.641458333333333144e+02,-9.484298245999944754e-02
1.641666666666666572e+02,-9.482534009290899402e-02
1.641875000000000000e+02,-9.476186915006373779e-02
1.642083333333333144e+02,-9.468326727901753281e-02
1.642291666666666572e+02,-9.463147969686629135e-02
1.642500000000000000e+02,-9.460221014063552314e-02
1.642708333333333144e+02,-9.457874280545280898e-02
1.642916666666666572e+02,-9.457589730365158209e-02
1.643125000000000000e+02,-9.460496196418219372e-02
1.643333333333333144e+02,-9.463052878260817813e-02
1.643541666666666572e+02,-9.461234737900275915e-02
1.643750000000000000e+02,-9.456169033241670907e-02
1.643958333333333144e+02,-9.450160139331577336e-02
1.644166666666666572e+02,-9.440983492770105290e-02
1.644375000000000000e+02,-9.425828713292397354e-02
1.644583333333333144e+02,-9.406964133085132795e-02
1.644791666666666572e+02,-9.387737260344913848e-02
1.645000000000000000e+02,-9.366839003472951508e-02
1.645208333333333144e+02,-9.342467577216495567e-02
1.645416666666666572e+02,-9.317996256563239321e-02
1.645625000000000000e+02,-9.297955588980813535e-02
1.645833333333333144e+02,-9.282267856576902065e-02
1.646041666666666572e+02,-9.269341983135090390e-02
1.646250000000000000e+02,-9.260559070863329245e-02
1.646458333333333144e+02,-9.257083051321574052e-02
1.646666666666666572e+02,-9.255378751415004046e-02
1.646875000000000000e+02,-9.251455976118609648e-02
1.647083333333333144e+02,-9.246528131302278464e-02
1.647291666666666572e+02,-9.242949894991721316e-02
1.647500000000000000e+02,-9.238509861002985879e-02
1.647708333333333144e+02,-9.230546663231489757e-02
1.647916666666666572e+02,-9.221598513326602353e-02
1.648125000000000000e+02,-9.215334800391616898e-02
1.648333333333333144e+02,-9.210855835908586531e-02
1.648541666666666572e+02,-9.206729889472821393e-02
1.648750000000000000e+02,-9.205282710060234963e-02
1.648958333333333144e+02,-9.208065802382296716e-02
1.649166666666666572e+02,-9.211759528999771685e-02
1.649375000000000000e+02,-9.212461425328842546e-02
1.649583333333333144e+02,-9.211286802245914618e-02
1.649791666666666572e+02,-9.210279946445125432e-02
1.650000000000000000e+02,-9.206727923504107181e-02
1.650208333333333144e+02,-9.197171714339202886e-02
1.650416666666666572e+02,-9.182973038064010107e-02
1.650625000000000000e+02,-9.166292238902522260e-02
1.650833333333333144e+02,-9.144541054298643834e-02
1.651041666666666572e+02,-9.114551132133211220e-02
1.651250000000000000e+02,-9.077920250935687940e-02
1.651458333333333144e+02,-9.037086497104934724e-02
1.651666666666666572e+02,-8.990925948409544954e-02
1.651875000000000000e+02,-8.939104457191628106e-02
1.652083333333333144e+02,-8.886220978759781786e-02
1.652291666666666572e+02,-8.837658286747644698e-02
1.652500000000000000e+02,-8.793901246991775444e-02
1.652708333333333144e+02,-8.754393581816664882e-02
1.652916666666666572e+02,-8.721350811929896862e-02
1.653125000000000000e+02,-8.695576941601225462e-02
1.653333333333333144e+02,-8.674873024930038201e-02
1.653541666666666572e+02,-8.658731699439213558e-02
1.653750000000000000e+02,-8.648049148300171463e-02
1.653958333333333144e+02,-8.640393958211280145e-02
1.654166666666666572e+02,-8.632801861706486390e-02
1.654375000000000000e+02,-8.626892594360983935e-02
1.654583333333333144e+02,-8.624760095743153054e-02
1.654791666666666572e+02,-8.623277634540188474e-02
1.655000000000000000e+02,-8.618224820322688273e-02
1.655208333333333144e+02,-8.609954594362413671e-02
1.655416666666666572e+02,-8.600115556369160308e-02
1.655625000000000000e+02,-8.587221428917649058e-02
1.655833333333333144e+02,-8.570150623087138819e-02
1.656041666666666572e+02,-8.552429783007201025e-02
1.656250000000000000e+02,-8.538056293464933721e-02
1.656458333333333144e+02,-8.525887477445541485e-02
1.656666666666666572e+02,-8.513717477869245376e-02
1.656875000000000000e+02,-8.503834792139450260e-02
1.657083333333333144e+02,-8.498998259842455161e-02
1.657291666666666572e+02,-8.496783148449453538e-02
1.657500000000000000e+02,-8.493674294965063154e-02
1.657708333333333144e+02,-8.490662702436284348e-02
1.657916666666666572e+02,-8.489266194721618863e-02
1.658125000000000000e+02,-8.487096915358408045e-02
1.658333333333333144e+02,-8.482275748519892133e-02
1.658541666666666572e+02,-8.477702791824195949e-02
1.658750000000000000e+02,-8.476858242929662113e-02
1.658958333333333144e+02,-8.478123384750445302e-02
1.659166666666666572e+02,-8.478885864497139047e-02
1.659375000000000000e+02,-8.481048062809581900e-02
1.659583333333333144e+02,-8.486977915285101592e-02
1.659791666666666572e+02,-8.493870398310075787e-02
1.660000000000000000e+02,-8.497841921103771456e-02
1.660208333333333144e+02,-8.499492566194116749e-02
1.660416666666666572e+02,-8.500017286077271583e-02
1.660625000000000000e+02,-8.497903179335272728e-02
1.660833333333333144e+02,-8.493429509835463687e-02
1.661041666666666572e+02,-8.488492643552586481e-02
1.661250000000000000e+02,-8.481709652360175378e-02
1.661458333333333144e+02,-8.470820115572728903e-02
1.661666666666666572e+02,-8.458160279615832555e-02
1.661875000000000000e+02,-8.446563968996897986e-02
1.662083333333333144e+02,-8.433729009712855051e-02
1.662291666666666572e+02,-8.416214460600397740e-02
1.662500000000000000e+02,-8.395162510184271676e-02
1.662708333333333144e+02,-8.372666631407535420e-02
1.662916666666666572e+02,-8.347635172672739079e-02
1.663125000000000000e+02,-8.319750911433829166e-02
1.663333333333333144e+02,-8.293078350221590178e-02
1.663541666666666572e+02,-8.271624516840862806e-02
1.663750000000000000e+02,-8.254149651968406554e-02
1.663958333333333144e+02,-8.238362180120370470e-02
1.664166666666666572e+02,-8.226563398383597570e-02
1.664375000000000000e+02,-8.221459942122077980e-02
1.664583333333333144e+02,-8.220583659776961594e-02
1.664791666666666572e+02,-8.220380020179623992e-02
1.665000000000000000e+02,-8.221837562214663608e-02
1.665208333333333144e+02,-8.226414821234788455e-02
1.665416666666666572e+02,-8.231496052874766323e-02
1.665625000000000000e+02,-8.234747423714589010e-02
1.665833333333333144e+02,-8.238522051692115378e-02
1.666041666666666572e+02,-8.245582966633652200e-02
1.666250000000000000e+02,-8.253523084022150458e-02
1.666458333333333144e+02,-8.258837111824604560e-02
1.666666666666666572e+02,-8.262558059545184463e-02
1.666875000000000000e+02,-8.266248853192466328e-02
1.667083333333333144e+02,-8.268141424771822956e-02
1.667291666666666572e+02,-8.267593192693903359e-02
1.667500000000000000e+02,-8.267643655463251251e-02
1.667708333333333144e+02,-8.270441937422944034e-02
1.667916666666666572e+02,-8.273229522140249093e-02
1.668125000000000000e+02,-8.272621717431737076e-02
1.668333333333333144e+02,-8.269862617672782412e-02
1.668541666666666572e+02,-8.266741990760682890e-02
1.668750000000000000e+02,-8.261558579739396169e-02
1.668958333333333144e+02,-8.253610101245374697e-02
1.669166666666666572e+02,-8.246566392694942849e-02
1.669375000000000000e+02,-8.244008889361818804e-02
1.669583333333333144e+02,-8.244266498020498546e-02
1.669791666666666572e+02,-8.244544855435122221e-02
1.670000000000000000e+02,-8.246647055887440514e-02
1.670208333333333144e+02,-8.252891081509183824e-02
1.670416666666666572e+02,-8.260445018231118985e-02
1.670625000000000000e+02,-8.265305704410204346e-02
1.670833333333333144e+02,-8.268046949973781312e-02
1.671041666666666572e+02,-8.270345924547505001e-02
1.671250000000000000e+02,-8.270575821643595671e-02
1.671458333333333144e+02,-8.267530251965791999e-02
1.671666666666666572e+02,-8.264733646613167672e-02
1.671875000000000000e+02,-8.266172863483248201e-02
1.672083333333333144e+02,-8.270666382635839808e-02
1.672291666666666572e+02,-8.275887684366003971e-02
1.672500000000000000e+02,-8.284038240392319064e-02
1.672708333333333144e+02,-8.297764596794415803e-02
1.672916666666666572e+02,-8.314547442241795872e-02
1.673125000000000000e+02,-8.330741880785390296e-02
1.673333333333333144e+02,-8.347236657903853163e-02
1.673541666666666572e+02,-8.365415326252288730e-02
1.673750000000000000e+02,-8.382547200918313846e-02
1.673958333333333144e+02,-8.396105883261711922e-02
1.674166666666666572e+02,-8.408245067231169545e-02
1.674375000000000000e+02,-8.421614711727004599e-02
1.674583333333333144e+02,-8.433771872509369938e-02
1.674791666666666572e+02,-8.441189220466492615e-02
1.675000000000000000e+02,-8.444918370653617390e-02
1.675208333333333144e+02,-8.446550070418805400e-02
1.675416666666666572e+02,-8.444626412654851477e-02
1.675625000000000000e+02,-8.439185230509828328e-02
1.675833333333333144e+02,-8.433024133139643830e-02
1.676041666666666572e+02,-8.426937835473410909e-02
1.676250000000000000e+02,-8.420189594127890087e-02
1.676458333333333144e+02,-8.415573435538691027e-02
1.676666666666666572e+02,-8.416168315586809723e-02
1.676875000000000000e+02,-8.419806264141774244e-02
1.677083333333333144e+02,-8.423224102277278302e-02
1.677291666666666572e+02,-8.427698719097932722e-02
1.677500000000000000e+02,-8.434983108090662873e-02
1.677708333333333144e+02,-8.442051496206919026e-02
1.677916666666666572e+02,-8.445350219780482781e-02
1.678125000000000000e+02,-8.445904875217259689e-02
1.678333333333333144e+02,-8.445384972219743824e-02
1.678541666666666572e+02,-8.442152256786333853e-02
1.678750000000000000e+02,-8.435627146238773577e-02
1.678958333333333144e+02,-8.429283068185719485e-02
1.679166666666666572e+02,-8.426209672224076186e-02
1.679375000000000000e+02,-8.424204723086045621e-02
1.679583333333333144e+02,-8.419964516504878371e-02
1.679791666666666572e+02,-8.414707009731323128e-02
1.680000000000000000e+02,-8.410197985183737179e-02
1.680208333333333144e+02,-8.404475166498877325e-02
1.680416666666666572e+02,-8.396341884294596103e-02
1.680625000000000000e+02,-8.389334454855255918e-02
1.680833333333333144e+02,-8.387445961217836199e-02
1.681041666666666572e+02,-8.389531566298857879e-02
1.681250000000000000e+02,-8.393439532262191027e-02
1.681458333333333144e+02,-8.401559603245060959e-02
1.681666666666666572e+02,-8.416758560917876608e-02
1.681875000000000000e+02,-8.436689780379201531e-02
1.682083333333333144e+02,-8.457904124454222738e-02
1.682291666666666572e+02,-8.481465656643945306e-02
1.682500000000000000e+02,-8.508896919533175118e-02
1.682708333333333144e+02,-8.536563452888942805e-02
1.682916666666666572e+02,-8.559778883618177070e-02
1.683125000000000000e+02,-8.578434021735831250e-02
1.683333333333333144e+02,-8.594256749536552387e-02
1.683541666666666572e+02,-8.605787633102705836e-02
1.683750000000000000e+02,-8.610972977320720256e-02
1.683958333333333144e+02,-8.612310288779255474e-02
1.684166666666666572e+02,-8.612815919960166433e-02
1.684375000000000000e+02,-8.610378812030936024e-02
1.684583333333333144e+02,-8.601831467841875023e-02
1.684791666666666572e+02,-8.588482319709418722e-02
1.685000000000000000e+02,-8.572231687959705471e-02
1.685208333333333144e+02,-8.552224535701290209e-02
1.685416666666666572e+02,-8.529346775399351821e-02
1.685625000000000000e+02,-8.506067115510593246e-02
1.685833333333333144e+02,-8.481549867987918379e-02
1.686041666666666572e+02,-8.454076094910839556e-02
1.686250000000000000e+02,-8.426472925173968120e-02
1.686458333333333144e+02,-8.401967161525050742e-02
1.686666666666666572e+02,-8.378601891097404997e-02
1.686875000000000000e+02,-8.353330851214413322e-02
1.687083333333333144e+02,-8.327655418811277799e-02
1.687291666666666572e+02,-8.303590845148958732e-02
1.687500000000000000e+02,-8.279798311480215944e-02
1.687708333333333144e+02,-8.256054081241558096e-02
1.687916666666666572e+02,-8.235665957475160615e-02
1.688125000000000000e+02,-8.220852431721979714e-02
1.688333333333333144e+02,-8.209090004244048999e-02
1.688541666666666572e+02,-8.197462098805274877e-02
1.688750000000000000e+02,-8.187689390630485675e-02
1.688958333333333144e+02,-8.181941996199161571e-02
1.689166666666666572e+02,-8.177614554757423049e-02
1.689375000000000000e+02,-8.171505227927497450e-02
1.689583333333333144e+02,-8.165025635893184697e-02
1.689791666666666572e+02,-8.160113424051139430e-02
1.690000000000000000e+02,-8.154957473626313347e-02
1.690208333333333144e+02,-8.148412139509210450e-02
1.690416666666666572e+02,-8.144075810898707135e-02
1.690625000000000000e+02,-8.146002391277228083e-02
1.690833333333333144e+02,-8.153056467183489309e-02
1.691041666666666572e+02,-8.162940861383710667e-02
1.691250000000000000e+02,-8.177901216503033477e-02
1.691458333333333144e+02,-8.200685200199737956e-02
1.691666666666666572e+02,-8.228880577636314697e-02
1.691875000000000000e+02,-8.258962475835046613e-02
1.692083333333333144e+02,-8.292015467772374804e-02
1.692291666666666572e+02,-8.329611942537330782e-02
1.692500000000000000e+02,-8.368163285612890967e-02
1.692708333333333144e+02,-8.402926612211747415e-02
1.692916666666666572e+02,-8.433766484343098446e-02
1.693125000000000000e+02,-8.462241982664156503e-02
1.693333333333333144e+02,-8.486570510085425512e-02
1.693541666666666572e+02,-8.504373590719736808e-02
1.693750000000000000e+02,-8.517847895161677341e-02
1.693958333333333144e+02,-8.529637734387479631e-02
1.694166666666666572e+02,-8.537217325294330084e-02
1.694375000000000000e+02,-8.536932979158606827e-02
1.694583333333333144e+02,-8.529740537468888384e-02
1.694791666666666572e+02,-8.518252227003370036e-02
1.695000000000000000e+02,-8.501819310743045921e-02
1.695208333333333144e+02,-8.479351893750912417e-02
1.695416666666666572e+02,-8.454353810461186225e-02
1.695625000000000000e+02,-8.430750164239161903e-02
1.695833333333333144e+02,-8.407284537127147905e-02
1.696041666666666572e+02,-8.381592038715528215e-02
1.696250000000000000e+02,-8.355851190376999138e-02
1.696458333333333144e+02,-8.332701332201380984e-02
1.696666666666666572e+02,-8.310099192548042746e-02
1.696875000000000000e+02,-8.285506909365715489e-02
1.697083333333333144e+02,-8.261007128831786284e-02
1.697291666666666572e+02,-8.239149147412722085e-02
1.697500000000000000e+02,-8.218065710524009859e-02
1.697708333333333144e+02,-8.195751334943458810e-02
1.697916666666666572e+02,-8.174867219094482385e-02
1.698125000000000000e+02,-8.158470155755556674e-02
1.698333333333333144e+02,-8.144415594596204899e-02
1.698541666666666572e+02,-8.129479051195774575e-02
1.698750000000000000e+02,-8.115002646482098736e-02
1.698958333333333144e+02,-8.102837563527187648e-02
1.699166666666666572e+02,-8.091597795893150369e-02
1.699375000000000000e+02,-8.081174881632224860e-02
1.699583333333333144e+02,-8.074618122756370420e-02
1.699791666666666572e+02,-8.073400257047434747e-02
1.700000000000000000e+02,-8.075521379530030408e-02
1.700208333333333144e+02,-8.080237184402297435e-02
1.700416666666666572e+02,-8.090178752758847569e-02
1.700625000000000000e+02,-8.106630201240451472e-02
1.700833333333333144e+02,-8.126645184241096387e-02
1.701041666666666572e+02,-8.147630502602792868e-02
1.701250000000000000e+02,-8.171701337956646660e-02
1.701458333333333144e+02,-8.201389562939637168e-02
1.701666666666666572e+02,-8.234043377889325999e-02
1.701875000000000000e+02,-8.265900782379614897e-02
1.702083333333333144e+02,-8.297749980688891303e-02
1.702291666666666572e+02,-8.330876566833250729e-02
1.702500000000000000e+02,-8.362412785841424889e-02
1.702708333333333144e+02,-8.389644954096443785e-02
1.702916666666666572e+02,-8.414542998604034041e-02
1.703125000000000000e+02,-8.439531992646163994e-02
1.703333333333333144e+02,-8.461861950152659018e-02
1.703541666666666572e+02,-8.477632452032114740e-02
1.703750000000000000e+02,-8.487546902851181296e-02
1.703958333333333144e+02,-8.493815604701197841e-02
1.704166666666666572e+02,-8.495228531556828222e-02
1.704375000000000000e+02,-8.490169643685571699e-02
1.704583333333333144e+02,-8.481633951262911031e-02
1.704791666666666572e+02,-8.473089523500255960e-02
1.705000000000000000e+02,-8.462830156600567588e-02
1.705208333333333144e+02,-8.448087085983217726e-02
1.705416666666666572e+02,-8.430737457942266699e-02
1.705625000000000000e+02,-8.413255695829741088e-02
1.705833333333333144e+02,-8.394123558098055826e-02
1.706041666666666572e+02,-8.372055257819061014e-02
1.706250000000000000e+02,-8.350439124411741798e-02
1.706458333333333144e+02,-8.333125529984874991e-02
1.706666666666666572e+02,-8.318800026592085284e-02
1.706875000000000000e+02,-8.304995373247475721e-02
1.707083333333333144e+02,-8.293770035231826099e-02
1.707291666666666572e+02,-8.287651787871644360e-02
1.707500000000000000e+02,-8.284016439093347395e-02
1.707708333333333144e+02,-8.279097214636109425e-02
1.707916666666666572e+02,-8.273687769276129311e-02
1.708125000000000000e+02,-8.269595950630558023e-02
1.708333333333333144e+02,-8.265681503658026119e-02
1.708541666666666572e+02,-8.261772657532480413e-02
1.708750000000000000e+02,-8.260607457971036460e-02
1.708958333333333144e+02,-8.263113278927836092e-02
1.709166666666666572e+02,-8.268104307268410447e-02
1.709375000000000000e+02,-8.277155256979749909e-02
1.709583333333333144e+02,-8.292120061629473793e-02
1.709791666666666572e+02,-8.309798875841696575e-02
1.710000000000000000e+02,-8.326026969389271892e-02
1.710208333333333144e+02,-8.341299934859126852e-02
1.710416666666666572e+02,-8.356952300693751279e-02
1.710625000000000000e+02,-8.371457747053955012e-02
1.710833333333333144e+02,-8.384835408225298214e-02
1.711041666666666572e+02,-8.399343674185073827e-02
1.711250000000000000e+02,-8.414695368951341514e-02
1.711458333333333144e+02,-8.429987959209334081e-02
1.711666666666666572e+02,-8.448044474162190454e-02
1.711875000000000000e+02,-8.471009953522613822e-02
1.712083333333333144e+02,-8.496088152133700333e-02
1.712291666666666572e+02,-8.519691980593822878e-02
1.712500000000000000e+02,-8.543088100516701977e-02
1.712708333333333144e+02,-8.568301786278170740e-02
1.712916666666666572e+02,-8.592583291858255090e-02
1.713125000000000000e+02,-8.612387822245823332e-02
1.713333333333333144e+02,-8.629013855598770266e-02
1.713541666666666572e+02,-8.644536825152844550e-02
1.713750000000000000e+02,-8.656554670576120658e-02
1.713958333333333144e+02,-8.662256394402734205e-02
1.714166666666666572e+02,-8.663728932632817903e-02
1.714375000000000000e+02,-8.663814986257553641e-02
1.714583333333333144e+02,-8.660590390491582080e-02
1.714791666666666572e+02,-8.651309458395904650e-02
1.715000000000000000e+02,-8.638034899025943958e-02
1.715208333333333144e+02,-8.623598838272172884e-02
1.715416666666666572e+02,-8.606181256857153850e-02
1.715625000000000000e+02,-8.583336455233034346e-02
1.715833333333333144e+02,-8.557500125692507620e-02
1.716041666666666572e+02,-8.531878744886868537e-02
1.716250000000000000e+02,-8.504888712873742707e-02
1.716458333333333144e+02,-8.474154389147332822e-02
1.716666666666666572e+02,-8.442231936179288299e-02
1.716875000000000000e+02,-8.412499931317145296e-02
1.717083333333333144e+02,-8.383511866332997442e-02
1.717291666666666572e+02,-8.353026152105257063e-02
1.717500000000000000e+02,-8.323714657661050731e-02
1.717708333333333144e+02,-8.299012373006747767e-02
1.717916666666666572e+02,-8.277527081029148470e-02
1.718125000000000000e+02,-8.257075623833393108e-02
1.718333333333333144e+02,-8.240375697796306631e-02
1.718541666666666572e+02,-8.230903296032515692e-02
1.718750000000000000e+02,-8.227326785176727886e-02
1.718958333333333144e+02,-8.227511024296375874e-02
1.719166666666666572e+02,-8.234167426030469805e-02
1.719375000000000000e+02,-8.250759098383957102e-02
1.719583333333333144e+02,-8.275956477344985351e-02
1.719791666666666572e+02,-8.307601954072672823e-02
1.720000000000000000e+02,-8.347749762721276556e-02
1.720208333333333144e+02,-8.398378056259921121e-02
1.720416666666666572e+02,-8.456589398827493720e-02
1.720625000000000000e+02,-8.518695179091601011e-02
1.720833333333333144e+02,-8.585856123454142785e-02
1.721041666666666572e+02,-8.659989255343107650e-02
1.721250000000000000e+02,-8.738233725075508773e-02
1.721458333333333144e+02,-8.816947550368206543e-02
1.721666666666666572e+02,-8.897356854549533234e-02
1.721875000000000000e+02,-8.981445767273188441e-02
1.722083333333333144e+02,-9.066427108230204479e-02
1.722291666666666572e+02,-9.148696836581829417e-02
1.722500000000000000e+02,-9.229463736225271275e-02
1.722708333333333144e+02,-9.310696104112371752e-02
1.722916666666666572e+02,-9.389566125100359817e-02
1.723125000000000000e+02,-9.462454680262603890e-02
1.723333333333333144e+02,-9.530640191132255801e-02
1.723541666666666572e+02,-9.596175422720371051e-02
1.723750000000000000e+02,-9.656399675658568216e-02
1.723958333333333144e+02,-9.707996298455343065e-02
1.724166666666666572e+02,-9.752638494278254022e-02
1.724375000000000000e+02,-9.792897771687492092e-02
1.724583333333333144e+02,-9.826619761173999157e-02
1.724791666666666572e+02,-9.850978211440312993e-02
1.725000000000000000e+02,-9.868120920854268896e-02
1.725208333333333144e+02,-9.881051125343423558e-02
1.725416666666666572e+02,-9.887939077143227673e-02
1.725625000000000000e+02,-9.886158352058377341e-02
1.725833333333333144e+02,-9.878005239673699756e-02
1.726041666666666572e+02,-9.866542417770575446e-02
1.726250000000000000e+02,-9.850006868076188749e-02
1.726458333333333144e+02,-9.825852899440597199e-02
1.726666666666666572e+02,-9.796434353760526126e-02
1.726875000000000000e+02,-9.764864699328448805e-02
1.727083333333333144e+02,-9.729455728478790533e-02
1.727291666666666572e+02,-9.687701915950366893e-02
1.727500000000000000e+02,-9.641937406566339352e-02
1.727708333333333144e+02,-9.595257672358686873e-02
1.727916666666666572e+02,-9.545966941242456372e-02
1.728125000000000000e+02,-9.491581554243147534e-02
1.728333333333333144e+02,-9.434484928733379017e-02
1.728541666666666572e+02,-9.377817686235548345e-02
1.728750000000000000e+02,-9.319942865346823868e-02
1.728958333333333144e+02,-9.258412918751310339e-02
1.729166666666666572e+02,-9.195603816011460596e-02
1.729375000000000000e+02,-9.134651375030899967e-02
1.729583333333333144e+02,-9.073905315770214308e-02
1.729791666666666572e+02,-9.010925309675628381e-02
1.730000000000000000e+02,-8.948143014907841697e-02
1.730208333333333144e+02,-8.888750578116320911e-02
1.730416666666666572e+02,-8.831144924778111527e-02
1.730625000000000000e+02,-8.772934066970489164e-02
1.730833333333333144e+02,-8.716599113463445458e-02
1.731041666666666572e+02,-8.665378739089064919e-02
1.731250000000000000e+02,-8.617721843716907859e-02
1.731458333333333144e+02,-8.571272974254119659e-02
1.731666666666666572e+02,-8.528513868922849017e-02
1.731875000000000000e+02,-8.492681912396062016e-02
1.732083333333333144e+02,-8.462234008297839227e-02
1.732291666666666572e+02,-8.434846051380774645e-02
1.732500000000000000e+02,-8.413061311017636101e-02
1.732708333333333144e+02,-8.400180881340897632e-02
1.732916666666666572e+02,-8.394720815731879227e-02
1.733125000000000000e+02,-8.394405489188098979e-02
1.733333333333333144e+02,-8.401810074476795398e-02
1.733541666666666572e+02,-8.420263261426085000e-02
1.733750000000000000e+02,-8.448314612964311077e-02
1.733958333333333144e+02,-8.483652321273127406e-02
1.734166666666666572e+02,-8.527764437382130691e-02
1.734375000000000000e+02,-8.581600671281097714e-02
1.734583333333333144e+02,-8.641192057350588485e-02
1.734791666666666572e+02,-8.701785818298402031e-02
1.735000000000000000e+02,-8.763505591914257098e-02
1.735208333333333144e+02,-8.827241025204494995e-02
1.735416666666666572e+02,-8.889096610733153436e-02
1.735625000000000000e+02,-8.944395446649898440e-02
1.735833333333333144e+02,-8.993336074163872651e-02
1.736041666666666572e+02,-9.036971710291379078e-02
1.736250000000000000e+02,-9.073100268935704871e-02
1.736458333333333144e+02,-9.100590827709569008e-02
1.736666666666666572e+02,-9.122844079608603829e-02
1.736875000000000000e+02,-9.143383442698349572e-02
1.737083333333333144e+02,-9.160883630209226691e-02
1.737291666666666572e+02,-9.173230716656104178e-02
1.737500000000000000e+02,-9.183170644115769277e-02
1.737708333333333144e+02,-9.194205905389241096e-02
1.737916666666666572e+02,-9.205061606851297484e-02
1.738125000000000000e+02,-9.213661786697106837e-02
1.738333333333333144e+02,-9.222767193716011058e-02
1.738541666666666572e+02,-9.235894374924953631e-02
1.738750000000000000e+02,-9.251784502235900487e-02
1.738958333333333144e+02,-9.268361764468964481e-02
1.739166666666666572e+02,-9.287891355260756432e-02
1.739375000000000000e+02,-9.312749468185453627e-02
1.739583333333333144e+02,-9.340473859309066096e-02
1.739791666666666572e+02,-9.367790084026610120e-02
1.740000000000000000e+02,-9.396235897318319652e-02
1.740208333333333144e+02,-9.428108789968803194e-02
1.740416666666666572e+02,-9.460921959266259396e-02
1.740625000000000000e+02,-9.491397844052100463e-02
1.740833333333333144e+02,-9.521146612351008565e-02
1.741041666666666572e+02,-9.552545237004574086e-02
1.741250000000000000e+02,-9.583158433693489409e-02
1.741458333333333144e+02,-9.609758324818264141e-02
1.741666666666666572e+02,-9.634024364294505038e-02
1.741875000000000000e+02,-9.658403017028165116e-02
1.742083333333333144e+02,-9.680517704013018310e-02
1.742291666666666572e+02,-9.697201275771977214e-02
1.742500000000000000e+02,-9.710202201969610203e-02
1.742708333333333144e+02,-9.722041007952446356e-02
1.742916666666666572e+02,-9.730420486014855486e-02
1.743125000000000000e+02,-9.732257602617834513e-02
1.743333333333333144e+02,-9.729366117252111201e-02
1.743541666666666572e+02,-9.724319539476494745e-02
1.743750000000000000e+02,-9.714902214935362823e-02
1.743958333333333144e+02,-9.698064064466248302e-02
1.744166666666666572e+02,-9.675573332907898283e-02
1.744375000000000000e+02,-9.649963225728130922e-02
1.744583333333333144e+02,-9.618957996115566622e-02
1.744791666666666572e+02,-9.579488084760065525e-02
1.745000000000000000e+02,-9.533387358478484508e-02
1.745208333333333144e+02,-9.483312022190831803e-02
1.745416666666666572e+02,-9.428012778213665235e-02
1.745625000000000000e+02,-9.366610323591142984e-02
1.745833333333333144e+02,-9.303274226129878977e-02
1.746041666666666572e+02,-9.242940108699902735e-02
1.746250000000000000e+02,-9.185766286913620016e-02
1.746458333333333144e+02,-9.131154342860345330e-02
1.746666666666666572e+02,-9.082792678446438561e-02
1.746875000000000000e+02,-9.044359909367412353e-02
1.747083333333333144e+02,-9.014632870280185617e-02
1.747291666666666572e+02,-8.991583845581639645e-02
1.747500000000000000e+02,-8.978009154696295346e-02
1.747708333333333144e+02,-8.977392548493146052e-02
1.747916666666666572e+02,-8.988414911920224182e-02
1.748125000000000000e+02,-9.008785613661424163e-02
1.748333333333333144e+02,-9.038992447209535930e-02
1.748541666666666572e+02,-9.077894628854775438e-02
1.748750000000000000e+02,-9.122190836092525235e-02
1.748958333333333144e+02,-9.171161214919357207e-02
1.749166666666666572e+02,-9.224639954327090718e-02
1.749375000000000000e+02,-9.278326954578863806e-02
1.749583333333333144e+02,-9.328152870963588028e-02
1.749791666666666572e+02,-9.375006711741956655e-02
1.750000000000000000e+02,-9.420591133659768357e-02
1.750208333333333144e+02,-9.461740068421647942e-02
1.750416666666666572e+02,-9.494558341999609352e-02
1.750625000000000000e+02,-9.520008184349441904e-02
1.750833333333333144e+02,-9.539997652328281730e-02
1.751041666666666572e+02,-9.551653729603777621e-02
1.751250000000000000e+02,-9.551351695343159032e-02
1.751458333333333144e+02,-9.540416464483870984e-02
1.751666666666666572e+02,-9.521161523451425468e-02
1.751875000000000000e+02,-9.492663781784954624e-02
1.752083333333333144e+02,-9.455199636400275776e-02
1.752291666666666572e+02,-9.413021210602338928e-02
1.752500000000000000e+02,-9.369812562825674540e-02
1.752708333333333144e+02,-9.324218252632235360e-02
1.752916666666666572e+02,-9.274179845536012490e-02
1.753125000000000000e+02,-9.222413120637239226e-02
1.753333333333333144e+02,-9.172365064629982301e-02
1.753541666666666572e+02,-9.122627297576915706e-02
1.753750000000000000e+02,-9.071054339328255001e-02
1.753958333333333144e+02,-9.020348127418936768e-02
1.754166666666666572e+02,-8.974028163141550829e-02
1.754375000000000000e+02,-8.930732218998783944e-02
1.754583333333333144e+02,-8.888352100486376917e-02
1.754791666666666572e+02,-8.849623220540976665e-02
1.755000000000000000e+02,-8.818111470287334774e-02
1.755208333333333144e+02,-8.792508763838902119e-02
1.755416666666666572e+02,-8.770740224460213397e-02
1.755625000000000000e+02,-8.755511425776875412e-02
1.755833333333333144e+02,-8.750337944406144652e-02
1.756041666666666572e+02,-8.753889881442732113e-02
1.756250000000000000e+02,-8.764001395803287797e-02
1.756458333333333144e+02,-8.782692863871280342e-02
1.756666666666666572e+02,-8.812036404554027258e-02
1.756875000000000000e+02,-8.849148256488606479e-02
1.757083333333333144e+02,-8.890358299990071267e-02
1.757291666666666572e+02,-8.936839843582924936e-02
1.757500000000000000e+02,-8.990640246871063612e-02
1.757708333333333144e+02,-9.048955238501110721e-02
1.757916666666666572e+02,-9.108212834517359635e-02
1.758125000000000000e+02,-9.169625058182856447e-02
1.758333333333333144e+02,-9.235234164588686234e-02
1.758541666666666572e+02,-9.302251161934793622e-02
1.758750000000000000e+02,-9.367091793436364833e-02
1.758958333333333144e+02,-9.431021361758992749e-02
1.759166666666666572e+02,-9.496191167520982856e-02
1.759375000000000000e+02,-9.559888667607978341e-02
1.759583333333333144e+02,-9.618619354130999999e-02
1.759791666666666572e+02,-9.673734834917457892e-02
1.760000000000000000e+02,-9.727456033646068867e-02
1.760208333333333144e+02,-9.777142560787799308e-02
1.760416666666666572e+02,-9.819384112484284832e-02
1.760625000000000000e+02,-9.855521692523679100e-02
1.760833333333333144e+02,-9.887683983804643195e-02
1.761041666666666572e+02,-9.913141628405953976e-02
1.761250000000000000e+02,-9.928357209335347822e-02
1.761458333333333144e+02,-9.934642193876529193e-02
1.761666666666666572e+02,-9.934194911122204430e-02
1.761875000000000000e+02,-9.924350704182899330e-02
1.762083333333333144e+02,-9.901666897667883716e-02
1.762291666666666572e+02,-9.867552786006393573e-02
1.762500000000000000e+02,-9.824509323283391049e-02
1.762708333333333144e+02,-9.772055236102207554e-02
1.762916666666666572e+02,-9.711002307823898838e-02
1.763125000000000000e+02,-9.645361086082464286e-02
1.763333333333333144e+02,-9.577761372229383341e-02
1.763541666666666572e+02,-9.507491686648024409e-02
1.763750000000000000e+02,-9.435172273130271181e-02
1.763958333333333144e+02,-9.364292925972894643e-02
1.764166666666666572e+02,-9.296587489101494628e-02
1.764375000000000000e+02,-9.231431521687989694e-02
1.764583333333333144e+02,-9.170671226977056278e-02
1.764791666666666572e+02,-9.116647136034179699e-02
1.765000000000000000e+02,-9.066972074235660206e-02
1.765208333333333144e+02,-9.018514803025574900e-02
1.765416666666666572e+02,-8.972957647318496877e-02
1.765625000000000000e+02,-8.932744608043143020e-02
1.765833333333333144e+02,-8.895561986385246145e-02
1.766041666666666572e+02,-8.858309690320990970e-02
1.766250000000000000e+02,-8.822763027998374585e-02
1.766458333333333144e+02,-8.791486423459053678e-02
1.766666666666666572e+02,-8.762267769140308360e-02
1.766875000000000000e+02,-8.732109700890518245e-02
1.767083333333333144e+02,-8.702914894069076202e-02
1.767291666666666572e+02,-8.677386062548829437e-02
1.767500000000000000e+02,-8.653439807399804229e-02
1.767708333333333144e+02,-8.628195406154690050e-02
1.767916666666666572e+02,-8.603625332098409351e-02
1.768125000000000000e+02,-8.582458693653949311e-02
1.768333333333333144e+02,-8.562636227935271904e-02
1.768541666666666572e+02,-8.541315398561828698e-02
1.768750000000000000e+02,-8.520525555061911338e-02
1.768958333333333144e+02,-8.503052449075422514e-02
1.769166666666666572e+02,-8.486901406857214059e-02
1.769375000000000000e+02,-8.469264603862400320e-02
1.769583333333333144e+02,-8.452155471084811522e-02
1.769791666666666572e+02,-8.438342713493059144e-02
1.770000000000000000e+02,-8.425795427104594559e-02
1.770208333333333144e+02,-8.411690837372498564e-02
1.770416666666666572e+02,-8.398099069270534289e-02
1.770625000000000000e+02,-8.387852326173959872e-02
1.770833333333333144e+02,-8.378959975041644359e-02
1.771041666666666572e+02,-8.368639564618747528e-02
1.771250000000000000e+02,-8.359015423200379102e-02
1.771458333333333144e+02,-8.352939734314603071e-02
1.771666666666666572e+02,-8.348452138890805063e-02
1.771875000000000000e+02,-8.342847198415463683e-02
1.772083333333333144e+02,-8.338288391068009175e-02
1.772291666666666572e+02,-8.337700945600036440e-02
1.772500000000000000e+02,-8.339229005737429368e-02
1.772708333333333144e+02,-8.340222568698481276e-02
1.772916666666666572e+02,-8.342898287408496982e-02
1.773125000000000000e+02,-8.350253716189207087e-02
1.773333333333333144e+02,-8.360519408036486133e-02
1.773541666666666572e+02,-8.371089647566702652e-02
1.773750000000000000e+02,-8.384166243391019679e-02
1.773958333333333144e+02,-8.402747103906164916e-02
1.774166666666666572e+02,-8.425031570143147464e-02
1.774375000000000000e+02,-8.448419661788884871e-02
1.774583333333333144e+02,-8.475217310557990602e-02
1.774791666666666572e+02,-8.508474408034369385e-02
1.775000000000000000e+02,-8.546358467278375448e-02
1.775208333333333144e+02,-8.586236887603954093e-02
1.775416666666666572e+02,-8.630453311470183408e-02
1.775625000000000000e+02,-8.682178769065464208e-02
1.775833333333333144e+02,-8.739755006099363122e-02
1.776041666666666572e+02,-8.800636847466636326e-02
1.776250000000000000e+02,-8.865814335647162481e-02
1.776458333333333144e+02,-8.935378906501623142e-02
1.776666666666666572e+02,-9.004689914561052333e-02
1.776875000000000000e+02,-9.068675230570431844e-02
1.777083333333333144e+02,-9.127230562653251833e-02
1.777291666666666572e+02,-9.181049481224402842e-02
1.777500000000000000e+02,-9.227172112617716693e-02
1.777708333333333144e+02,-9.263376687793861697e-02
1.777916666666666572e+02,-9.292490808020696658e-02
1.778125000000000000e+02,-9.318115922798658746e-02
1.778333333333333144e+02,-9.339062562330205375e-02
1.778541666666666572e+02,-9.353346922346381098e-02
1.778750000000000000e+02,-9.363862818630903917e-02
1.778958333333333144e+02,-9.374282995331303936e-02
1.779166666666666572e+02,-9.383501255969600718e-02
1.779375000000000000e+02,-9.389589203481615853e-02
1.779583333333333144e+02,-9.395434424160931108e-02
1.779791666666666572e+02,-9.404684947916097659e-02
1.780000000000000000e+02,-9.416209916628710819e-02
1.780208333333333144e+02,-9.428037102604430730e-02
1.780416666666666572e+02,-9.442228434041781415e-02
1.780625000000000000e+02,-9.460552357223604714e-02
1.780833333333333144e+02,-9.479844102242543369e-02
1.781041666666666572e+02,-9.496156036278688428e-02
1.781250000000000000e+02,-9.510450418363737557e-02
1.781458333333333144e+02,-9.524453344373902397e-02
1.781666666666666572e+02,-9.535098925722805541e-02
1.781875000000000000e+02,-9.538555071244375627e-02
1.782083333333333144e+02,-9.535868097066660387e-02
1.782291666666666572e+02,-9.528889582639295253e-02
1.782500000000000000e+02,-9.515424526647038583e-02
1.782708333333333144e+02,-9.493362152798145992e-02
1.782916666666666572e+02,-9.465486011959785284e-02
1.783125000000000000e+02,-9.435349751264793250e-02
1.783333333333333144e+02,-9.401744246411324057e-02
1.783541666666666572e+02,-9.362667831924097184e-02
1.783750000000000000e+02,-9.320977939659327860e-02
1.783958333333333144e+02,-9.280298009318277419e-02
1.784166666666666572e+02,-9.239464857107729245e-02
1.784375000000000000e+02,-9.196526538916163784e-02
1.784583333333333144e+02,-9.154499114812653104e-02
1.784791666666666572e+02,-9.117267721348544518e-02
1.785000000000000000e+02,-9.083912197067788019e-02
1.785208333333333144e+02,-9.052745507444200090e-02
1.785416666666666572e+02,-9.026990857750949449e-02
1.785625000000000000e+02,-9.010628834805534115e-02
1.785833333333333144e+02,-9.002834256426213433e-02
1.786041666666666572e+02,-9.001904718964946761e-02
1.786250000000000000e+02,-9.009369396881908298e-02
1.786458333333333144e+02,-9.025489868086633560e-02
1.786666666666666572e+02,-9.046428184527011140e-02
1.786875000000000000e+02,-9.068668571484937713e-02
1.787083333333333144e+02,-9.093621393824552479e-02
1.787291666666666572e+02,-9.123459528225857929e-02
1.787500000000000000e+02,-9.155581689111573496e-02
1.787708333333333144e+02,-9.186596817791314873e-02
1.787916666666666572e+02,-9.217992210025498234e-02
1.788125000000000000e+02,-9.252024627841339000e-02
1.788333333333333144e+02,-9.286151490885943827e-02
1.788541666666666572e+02,-9.317037636539202139e-02
1.788750000000000000e+02,-9.346240741080200087e-02
1.788958333333333144e+02,-9.376086283098564178e-02
1.789166666666666572e+02,-9.404091488420608658e-02
1.789375000000000000e+02,-9.426981480329256480e-02
1.789583333333333144e+02,-9.446372136249435447e-02
1.789791666666666572e+02,-9.464643019343028929e-02
1.790000000000000000e+02,-9.479374223358012774e-02
1.790208333333333144e+02,-9.487359433547697118e-02
1.790416666666666572e+02,-9.490283218278441901e-02
1.790625000000000000e+02,-9.490611063772690092e-02
1.790833333333333144e+02,-9.486036034794488592e-02
1.791041666666666572e+02,-9.473396982917813014e-02
1.791250000000000000e+02,-9.454328403475058262e-02
1.791458333333333144e+02,-9.431259233069558268e-02
1.791666666666666572e+02,-9.402327837629582963e-02
1.791875000000000000e+02,-9.365550298697340736e-02
1.792083333333333144e+02,-9.323970298616153507e-02
1.792291666666666572e+02,-9.281426988822621960e-02
1.792500000000000000e+02,-9.236875757079389404e-02
1.792708333333333144e+02,-9.188473260204066406e-02
1.792916666666666572e+02,-9.139335349855379209e-02
1.793125000000000000e+02,-9.093342563241864351e-02
1.793333333333333144e+02,-9.049501288146297173e-02
1.793541666666666572e+02,-9.006025696909493450e-02
1.793750000000000000e+02,-8.966075329505794611e-02
1.793958333333333144e+02,-8.933519269494974435e-02
1.794166666666666572e+02,-8.907339352099072349e-02
1.794375000000000000e+02,-8.885733183744468078e-02
1.794583333333333144e+02,-8.871777721989237975e-02
1.794791666666666572e+02,-8.869302218079933020e-02
1.795000000000000000e+02,-8.877316858284738099e-02
1.795208333333333144e+02,-8.893621331501513905e-02
1.795416666666666572e+02,-8.919186263707586104e-02
1.795625000000000000e+02,-8.954154888981506744e-02
1.795833333333333144e+02,-8.993761901465562036e-02
1.796041666666666572e+02,-9.032512836362409370e-02
1.796250000000000000e+02,-9.069835255076806602e-02
1.796458333333333144e+02,-9.106118432275253638e-02
1.796666666666666572e+02,-9.138641917380072033e-02
1.796875000000000000e+02,-9.165863324972522985e-02
1.797083333333333144e+02,-9.190421655113001353e-02
1.797291666666666572e+02,-9.214530108883674242e-02
1.797500000000000000e+02,-9.235436234176261361e-02
1.797708333333333144e+02,-9.249589731713539487e-02
1.797916666666666572e+02,-9.258358106340118521e-02
1.798125000000000000e+02,-9.263878908174362492e-02
1.798333333333333144e+02,-9.263462726325101537e-02
1.798541666666666572e+02,-9.253628351546569486e-02
1.798750000000000000e+02,-9.235809463283335685e-02
1.798958333333333144e+02,-9.212317290074260867e-02
1.799166666666666572e+02,-9.182211960197148026e-02
1.799375000000000000e+02,-9.145636612190011228e-02
1.799583333333333144e+02,-9.106458501922251592e-02
1.799791666666666572e+02,-9.067602724056524066e-02
1.800000000000000000e+02,-9.027117124968649098e-02
1.800208333333333144e+02,-8.982388630265583651e-02
1.800416666666666572e+02,-8.935670779621919524e-02
1.800625000000000000e+02,-8.889973836849368594e-02
1.800833333333333144e+02,-8.843546145115087354e-02
1.801041666666666572e+02,-8.793924948575518319e-02
1.801250000000000000e+02,-8.743545981757241958e-02
1.801458333333333144e+02,-8.695612655942183689e-02
1.801666666666666572e+02,-8.648513048022596350e-02
1.801875000000000000e+02,-8.599838694771971825e-02
1.802083333333333144e+02,-8.552084375673836558e-02
1.802291666666666572e+02,-8.508511301434971974e-02
1.802500000000000000e+02,-8.467556964790221019e-02
1.802708333333333144e+02,-8.426864301865338858e-02
1.802916666666666572e+02,-8.389001412578279970e-02
1.803125000000000000e+02,-8.357323786869488846e-02
1.803333333333333144e+02,-8.330364420643952827e-02
1.803541666666666572e+02,-8.305866842140538497e-02
1.803750000000000000e+02,-8.286472852851295423e-02
1.803958333333333144e+02,-8.275581638445529686e-02
1.804166666666666572e+02,-8.271787512149160471e-02
1.804375000000000000e+02,-8.272874985989341068e-02
1.804583333333333144e+02,-8.281456661305475198e-02
1.804791666666666572e+02,-8.300894762633095891e-02
1.805000000000000000e+02,-8.329751268387919350e-02
1.805208333333333144e+02,-8.365734644409913989e-02
1.805416666666666572e+02,-8.410448998537502219e-02
1.805625000000000000e+02,-8.465009465225517560e-02
1.805833333333333144e+02,-8.525583302651745798e-02
1.806041666666666572e+02,-8.587551320771924512e-02
1.806250000000000000e+02,-8.651199589344346630e-02
1.806458333333333144e+02,-8.717581817953057310e-02
1.806666666666666572e+02,-8.782963604422357184e-02
1.806875000000000000e+02,-8.842849212021183791e-02
1.807083333333333144e+02,-8.897627697489311760e-02
1.807291666666666572e+02,-8.948482108582717087e-02
1.807500000000000000e+02,-8.992337996748357709e-02
1.807708333333333144e+02,-9.025947755003314865e-02
1.807916666666666572e+02,-9.050944495720496252e-02
1.808125000000000000e+02,-9.069730046828097803e-02
1.808333333333333144e+02,-9.079943394508320498e-02
1.808541666666666572e+02,-9.078436158646728538e-02
1.808750000000000000e+02,-9.066907526820192076e-02
1.808958333333333144e+02,-9.047912065394486669e-02
1.809166666666666572e+02,-9.020764159839032847e-02
1.809375000000000000e+02,-8.985844260619364754e-02
1.809583333333333144e+02,-8.947459919534209161e-02
1.809791666666666572e+02,-8.909267332843752440e-02
1.810000000000000000e+02,-8.870007299989783600e-02
1.810208333333333144e+02,-8.827602624931325803e-02
1.810416666666666572e+02,-8.784846315635116976e-02
1.810625000000000000e+02,-8.745369916357738360e-02
1.810833333333333144e+02,-8.708007841504834812e-02
1.811041666666666572e+02,-8.670799724387519281e-02
1.811250000000000000e+02,-8.636680610137000003e-02
1.811458333333333144e+02,-8.609345943764069864e-02
1.811666666666666572e+02,-8.587665829826675312e-02
1.811875000000000000e+02,-8.569716123550942533e-02
1.812083333333333144e+02,-8.558481521375016499e-02
1.812291666666666572e+02,-8.557706890732441618e-02
1.812500000000000000e+02,-8.566311504949712663e-02
1.812708333333333144e+02,-8.582341247761562930e-02
1.812916666666666572e+02,-8.607398176224850816e-02
1.813125000000000000e+02,-8.642149316642919188e-02
1.813333333333333144e+02,-8.682267721675840377e-02
1.813541666666666572e+02,-8.722648449520802039e-02
1.813750000000000000e+02,-8.763081776982124815e-02
1.813958333333333144e+02,-8.804188766841253289e-02
1.814166666666666572e+02,-8.842968400132621143e-02
1.814375000000000000e+02,-8.877024379440778823e-02
1.814583333333333144e+02,-8.908908487564509704e-02
1.814791666666666572e+02,-8.941936094836311355e-02
1.815000000000000000e+02,-8.974698795429923714e-02
1.815208333333333144e+02,-9.005099140742532648e-02
1.815416666666666572e+02,-9.035972415173063044e-02
1.815625000000000000e+02,-9.070921160131618921e-02
1.815833333333333144e+02,-9.108650971827939036e-02
1.816041666666666572e+02,-9.146990524909195952e-02
1.816250000000000000e+02,-9.187539669412790599e-02
1.816458333333333144e+02,-9.231245402843492320e-02
1.816666666666666572e+02,-9.274138843869353388e-02
1.816875000000000000e+02,-9.311431087015693830e-02
1.817083333333333144e+02,-9.343173834254117627e-02
1.817291666666666572e+02,-9.370304515535922418e-02
1.817500000000000000e+02,-9.390579416087284359e-02
1.817708333333333144e+02,-9.402989886303052269e-02
1.817916666666666572e+02,-9.410481185871073795e-02
1.818125000000000000e+02,-9.415285000007690697e-02
1.818333333333333144e+02,-9.414651766314531545e-02
1.818541666666666572e+02,-9.405044443968189893e-02
1.818750000000000000e+02,-9.387850511809696374e-02
1.818958333333333144e+02,-9.365324295518294428e-02
1.819166666666666572e+02,-9.336171951634045230e-02
1.819375000000000000e+02,-9.299903203103350446e-02
1.819583333333333144e+02,-9.261040748732835004e-02
1.819791666666666572e+02,-9.224791688439828996e-02
1.820000000000000000e+02,-9.191551267948946946e-02
1.820208333333333144e+02,-9.160778616169157340e-02
1.820416666666666572e+02,-9.134873045855487761e-02
1.820625000000000000e+02,-9.114736637456108403e-02
1.820833333333333144e+02,-9.098028454267080567e-02
1.821041666666666572e+02,-9.083762279324994471e-02
1.821250000000000000e+02,-9.074021261960164841e-02
1.821458333333333144e+02,-9.069198576071296758e-02
1.821666666666666572e+02,-9.067111683198048055e-02
1.821875000000000000e+02,-9.067682003166468996e-02
1.822083333333333144e+02,-9.071566142415117551e-02
1.822291666666666572e+02,-9.076342307122764463e-02
1.822500000000000000e+02,-9.080824101673012905e-02
1.822708333333333144e+02,-9.087265439884335827e-02
1.822916666666666572e+02,-9.096799461809462750e-02
1.823125000000000000e+02,-9.106561801541508683e-02
1.823333333333333144e+02,-9.114288153270394544e-02
1.823541666666666572e+02,-9.122710348203054431e-02
1.823750000000000000e+02,-9.135470464501183052e-02
1.823958333333333144e+02,-9.151402769644337298e-02
1.824166666666666572e+02,-9.168514102126282261e-02
1.824375000000000000e+02,-9.188954940961303886e-02
1.824583333333333144e+02,-9.214872695173896566e-02
1.824791666666666572e+02,-9.243452410768848715e-02
1.825000000000000000e+02,-9.271096795431028881e-02
1.825208333333333144e+02,-9.299055530510995371e-02
1.825416666666666572e+02,-9.329499333168000952e-02
1.825625000000000000e+02,-9.359799820847294893e-02
1.825833333333333144e+02,-9.386545912360159949e-02
1.826041666666666572e+02,-9.411174045669311317e-02
1.826250000000000000e+02,-9.435993544123137677e-02
1.826458333333333144e+02,-9.458449791224800285e-02
1.826666666666666572e+02,-9.475219866253593859e-02
1.826875000000000000e+02,-9.487831275478218751e-02
1.827083333333333144e+02,-9.498754374219273156e-02
1.827291666666666572e+02,-9.505697397111664837e-02
1.827500000000000000e+02,-9.505603721296922159e-02
1.827708333333333144e+02,-9.500292089749849678e-02
1.827916666666666572e+02,-9.492456953408487386e-02
1.828125000000000000e+02,-9.479925740289212033e-02
1.828333333333333144e+02,-9.459756971058121133e-02
1.828541666666666572e+02,-9.433851683724241155e-02
1.828750000000000000e+02,-9.404960820638388896e-02
1.828958333333333144e+02,-9.370996293091897467e-02
1.829166666666666572e+02,-9.329149436958335262e-02
1.829375000000000000e+02,-9.281348087329341356e-02
1.829583333333333144e+02,-9.230334142531210206e-02
1.829791666666666572e+02,-9.175226750140147436e-02
1.830000000000000000e+02,-9.115919994593263409e-02
1.830208333333333144e+02,-9.057247854288247302e-02
1.830416666666666572e+02,-9.004816250719716031e-02
1.830625000000000000e+02,-8.959306110230251530e-02
1.830833333333333144e+02,-8.919952560129980335e-02
1.831041666666666572e+02,-8.889058376793047833e-02
1.831250000000000000e+02,-8.868514962032823801e-02
1.831458333333333144e+02,-8.855296027405037962e-02
1.831666666666666572e+02,-8.845566166961263410e-02
1.831875000000000000e+02,-8.840341098829307409e-02
1.832083333333333144e+02,-8.841533241948951183e-02
1.832291666666666572e+02,-8.846189183239722142e-02
1.832500000000000000e+02,-8.850568296644235888e-02
1.832708333333333144e+02,-8.855778214613169164e-02
1.832916666666666572e+02,-8.863797491477823365e-02
1.833125000000000000e+02,-8.871740330358944548e-02
1.833333333333333144e+02,-8.875956591868663925e-02
1.833541666666666572e+02,-8.877640914570344988e-02
1.833750000000000000e+02,-8.878860233824428794e-02
1.833958333333333144e+02,-8.877250395195813992e-02
1.834166666666666572e+02,-8.870239447499894681e-02
1.834375000000000000e+02,-8.860047560560672941e-02
1.834583333333333144e+02,-8.849621025754379755e-02
1.834791666666666572e+02,-8.837024641650161050e-02
1.835000000000000000e+02,-8.819541981838388556e-02
1.835208333333333144e+02,-8.799300270410301272e-02
1.835416666666666572e+02,-8.779292651691369964e-02
1.835625000000000000e+02,-8.757650667751040729e-02
1.835833333333333144e+02,-8.731734702472893073e-02
1.836041666666666572e+02,-8.703645537205535743e-02
1.836250000000000000e+02,-8.676247881546717000e-02
1.836458333333333144e+02,-8.647578562956716175e-02
1.836666666666666572e+02,-8.614932443514268512e-02
1.836875000000000000e+02,-8.580460637353987119e-02
1.837083333333333144e+02,-8.547199487960448205e-02
1.837291666666666572e+02,-8.513426612188411402e-02
1.837500000000000000e+02,-8.476787995700191258e-02
1.837708333333333144e+02,-8.439796041693184425e-02
1.837916666666666572e+02,-8.405928940400385352e-02
1.838125000000000000e+02,-8.373929756429973614e-02
1.838333333333333144e+02,-8.341886326098248150e-02
1.838541666666666572e+02,-8.312892330102691907e-02
1.838750000000000000e+02,-8.291051924165217246e-02
1.838958333333333144e+02,-8.275804277914433627e-02
1.839166666666666572e+02,-8.266048553493481055e-02
1.839375000000000000e+02,-8.264754544752964116e-02
1.839583333333333144e+02,-8.274555834885490013e-02
1.839791666666666572e+02,-8.293294246408799975e-02
1.840000000000000000e+02,-8.318171923661862865e-02
1.840208333333333144e+02,-8.351344851847077033e-02
1.840416666666666572e+02,-8.395773876392031987e-02
1.840625000000000000e+02,-8.449513008806183723e-02
1.840833333333333144e+02,-8.509700748700560480e-02
1.841041666666666572e+02,-8.577236823635737972e-02
1.841250000000000000e+02,-8.652374077221951232e-02
1.841458333333333144e+02,-8.730363240279512271e-02
1.841666666666666572e+02,-8.805512676710024189e-02
1.841875000000000000e+02,-8.876862420584753777e-02
1.842083333333333144e+02,-8.944560005969971750e-02
1.842291666666666572e+02,-9.005935109831444962e-02
1.842500000000000000e+02,-9.059376312560317446e-02
1.842708333333333144e+02,-9.107307317749407938e-02
1.842916666666666572e+02,-9.151762710116367883e-02
1.843125000000000000e+02,-9.189568307051981799e-02
1.843333333333333144e+02,-9.216522799537996136e-02
1.843541666666666572e+02,-9.233000532150600903e-02
1.843750000000000000e+02,-9.241047409706340532e-02
1.843958333333333144e+02,-9.239653016469556723e-02
1.844166666666666572e+02,-9.227727938563558274e-02
1.844375000000000000e+02,-9.208814976274490305e-02
1.844583333333333144e+02,-9.186940187985907780e-02
1.844791666666666572e+02,-9.161038827065207113e-02
1.845000000000000000e+02,-9.129108444360602148e-02
1.845208333333333144e+02,-9.093784417324471403e-02
1.845416666666666572e+02,-9.058289779280226384e-02
1.845625000000000000e+02,-9.020815903462818530e-02
1.845833333333333144e+02,-8.978648230139743558e-02
1.846041666666666572e+02,-8.933833829539708504e-02
1.846250000000000000e+02,-8.889254343464329799e-02
1.846458333333333144e+02,-8.843439361448456049e-02
1.846666666666666572e+02,-8.794726390543686212e-02
1.846875000000000000e+02,-8.746377656665003941e-02
1.847083333333333144e+02,-8.702510671798441289e-02
1.847291666666666572e+02,-8.662356054747781531e-02
1.847500000000000000e+02,-8.624401580241404519e-02
1.847708333333333144e+02,-8.591970616691572971e-02
1.847916666666666572e+02,-8.569151688704887415e-02
1.848125000000000000e+02,-8.555141397831544925e-02
1.848333333333333144e+02,-8.548382225834040560e-02
1.848541666666666572e+02,-8.551297733013525637e-02
1.848750000000000000e+02,-8.566076381886014723e-02
1.848958333333333144e+02,-8.589988174870510917e-02
1.849166666666666572e+02,-8.619582588081328711e-02
1.849375000000000000e+02,-8.656264287769663279e-02
1.849583333333333144e+02,-8.702237376193423801e-02
1.849791666666666572e+02,-8.754824671847225015e-02
1.850000000000000000e+02,-8.810642568104154471e-02
1.850208333333333144e+02,-8.871159500142217214e-02
1.850416666666666572e+02,-8.938621469929614038e-02
1.850625000000000000e+02,-9.010395200501659929e-02
1.850833333333333144e+02,-9.083154015116938484e-02
1.851041666666666572e+02,-9.158306485426663535e-02
1.851250000000000000e+02,-9.237899150281257687e-02
1.851458333333333144e+02,-9.319077023329329357e-02
1.851666666666666572e+02,-9.398270786791117215e-02
1.851875000000000000e+02,-9.476766919496772135e-02
1.852083333333333144e+02,-9.556655502582385442e-02
1.852291666666666572e+02,-9.635161123692503882e-02
1.852500000000000000e+02,-9.708803525273441981e-02
1.852708333333333144e+02,-9.778936470834681538e-02
1.852916666666666572e+02,-9.847782692039168395e-02
1.853125000000000000e+02,-9.912805353799386543e-02
1.853333333333333144e+02,-9.970794332023884265e-02
1.853541666666666572e+02,-1.002348103116436212e-01
1.853750000000000000e+02,-1.007343878499031287e-01
1.853958333333333144e+02,-1.011839840949921576e-01
1.854166666666666572e+02,-1.015537560156033747e-01
1.854375000000000000e+02,-1.018624228488599903e-01
1.854583333333333144e+02,-1.021371604461191601e-01
1.854791666666666572e+02,-1.023569367693308862e-01
1.855000000000000000e+02,-1.024935023196803102e-01
1.855208333333333144e+02,-1.025671115029551800e-01
1.855416666666666572e+02,-1.026060515589335698e-01
1.855625000000000000e+02,-1.025898341252564627e-01
1.855833333333333144e+02,-1.024908350615537783e-01
1.856041666666666572e+02,-1.023297853968295201e-01
1.856250000000000000e+02,-1.021363825107140105e-01
1.856458333333333144e+02,-1.018930341389891192e-01
1.856666666666666572e+02,-1.015759929780529203e-01
1.856875000000000000e+02,-1.012117466202446248e-01
1.857083333333333144e+02,-1.008377428879537602e-01
1.857291666666666572e+02,-1.004453990085267118e-01
1.857500000000000000e+02,-1.000205373260462660e-01
1.857708333333333144e+02,-9.960024102508344135e-02
1.857916666666666572e+02,-9.923170865405463170e-02
1.858125000000000000e+02,-9.891611220305153440e-02
1.858333333333333144e+02,-9.863499886691751151e-02
1.858541666666666572e+02,-9.840239859212149276e-02
1.858750000000000000e+02,-9.824067426872214182e-02
1.858958333333333144e+02,-9.812731997377141524e-02
1.859166666666666572e+02,-9.803511671919648562e-02
1.859375000000000000e+02,-9.798736423417965524e-02
1.859583333333333144e+02,-9.801730708182838925e-02
1.859791666666666572e+02,-9.811247359312341709e-02
1.860000000000000000e+02,-9.824818047728968440e-02
1.860208333333333144e+02,-9.843081340472799312e-02
1.860416666666666572e+02,-9.866095104589249487e-02
1.860625000000000000e+02,-9.889483952762746777e-02
1.860833333333333144e+02,-9.908694376617729893e-02
1.861041666666666572e+02,-9.924299125363510166e-02
1.861250000000000000e+02,-9.937879708541630386e-02
1.861458333333333144e+02,-9.946520619668028362e-02
1.861666666666666572e+02,-9.946835888753335908e-02
1.861875000000000000e+02,-9.940610030948855702e-02
1.862083333333333144e+02,-9.930718777194373625e-02
1.862291666666666572e+02,-9.915555256393257522e-02
1.862500000000000000e+02,-9.893062941668134824e-02
1.862708333333333144e+02,-9.866310390695157140e-02
1.862916666666666572e+02,-9.839411088182541121e-02
1.863125000000000000e+02,-9.811998318823618448e-02
1.863333333333333144e+02,-9.783106623613355146e-02
1.863541666666666572e+02,-9.755403348173870282e-02
1.863750000000000000e+02,-9.730836002975247478e-02
1.863958333333333144e+02,-9.706669097963076254e-02
1.864166666666666572e+02,-9.679701430684946317e-02
1.864375000000000000e+02,-9.651897985152201043e-02
1.864583333333333144e+02,-9.626307504887195166e-02
1.864791666666666572e+02,-9.601501364518473525e-02
1.865000000000000000e+02,-9.575597665697449523e-02
1.865208333333333144e+02,-9.551755054149765889e-02
1.865416666666666572e+02,-9.534088463553064274e-02
1.865625000000000000e+02,-9.522031560606880607e-02
1.865833333333333144e+02,-9.513865985400588032e-02
1.866041666666666572e+02,-9.510735677676637745e-02
1.866250000000000000e+02,-9.512617063056466593e-02
1.866458333333333144e+02,-9.516350400658361852e-02
1.866666666666666572e+02,-9.520309317165703833e-02
1.866875000000000000e+02,-9.525826571371079354e-02
1.867083333333333144e+02,-9.532499150467209359e-02
1.867291666666666572e+02,-9.538338860078346415e-02
1.867500000000000000e+02,-9.544750020896916598e-02
1.867708333333333144e+02,-9.553777063071408615e-02
1.867916666666666572e+02,-9.562536438334923172e-02
1.868125000000000000e+02,-9.567382740721211420e-02
1.868333333333333144e+02,-9.569501512582767599e-02
1.868541666666666572e+02,-9.570867984968459141e-02
1.868750000000000000e+02,-9.568525247729185723e-02
1.868958333333333144e+02,-9.558713418799952288e-02
1.869166666666666572e+02,-9.542478361855989688e-02
1.869375000000000000e+02,-9.521768854878324972e-02
1.869583333333333144e+02,-9.494816394937120874e-02
1.869791666666666572e+02,-9.460463581748980444e-02
1.870000000000000000e+02,-9.422573931173500172e-02
1.870208333333333144e+02,-9.385807398833641291e-02
1.870416666666666572e+02,-9.349897894349493144e-02
1.870625000000000000e+02,-9.313791370426213745e-02
1.870833333333333144e+02,-9.280902995631711005e-02
1.871041666666666572e+02,-9.254987929775215783e-02
1.871250000000000000e+02,-9.234852405816004750e-02
1.871458333333333144e+02,-9.218529055262834893e-02
1.871666666666666572e+02,-9.208560256424475066e-02
1.871875000000000000e+02,-9.207975942978927075e-02
1.872083333333333144e+02,-9.214834010704101019e-02
1.872291666666666572e+02,-9.226213154633394753e-02
1.872500000000000000e+02,-9.243731963097731597e-02
1.872708333333333144e+02,-9.269555686759774205e-02
1.872916666666666572e+02,-9.300757423856391426e-02
1.873125000000000000e+02,-9.333312440879709682e-02
1.873333333333333144e+02,-9.367771922525594541e-02
1.873541666666666572e+02,-9.405109961716998090e-02
1.873750000000000000e+02,-9.441116577034784629e-02
1.873958333333333144e+02,-9.470540729895095267e-02
1.874166666666666572e+02,-9.492813620936726982e-02
1.874375000000000000e+02,-9.509023843467878656e-02
1.874583333333333144e+02,-9.517231925694077943e-02
1.874791666666666572e+02,-9.515369980129213812e-02
1.875000000000000000e+02,-9.506011298664934772e-02
1.875208333333333144e+02,-9.492132517021500959e-02
1.875416666666666572e+02,-9.471548022365305908e-02
1.875625000000000000e+02,-9.440983891782435411e-02
1.875833333333333144e+02,-9.401746882065503685e-02
1.876041666666666572e+02,-9.356271297851966040e-02
1.876250000000000000e+02,-9.304156374283556463e-02
1.876458333333333144e+02,-9.245937134984442973e-02
1.876666666666666572e+02,-9.185370405744468225e-02
1.876875000000000000e+02,-9.124754782819211041e-02
1.877083333333333144e+02,-9.063192182419980980e-02
1.877291666666666572e+02,-9.001243421134844103e-02
1.877500000000000000e+02,-8.941690839446569949e-02
1.877708333333333144e+02,-8.884897854882622958e-02
1.877916666666666572e+02,-8.830486007915630542e-02
1.878125000000000000e+02,-8.781934592099881198e-02
1.878333333333333144e+02,-8.742369994116844234e-02
1.878541666666666572e+02,-8.709741135209463081e-02
1.878750000000000000e+02,-8.681023637259503711e-02
1.878958333333333144e+02,-8.657796779470094961e-02
1.879166666666666572e+02,-8.642193398676327465e-02
1.879375000000000000e+02,-8.631135839955823841e-02
1.879583333333333144e+02,-8.620455178713415378e-02
1.879791666666666572e+02,-8.610532916018873162e-02
1.880000000000000000e+02,-8.602556628896562696e-02
1.880208333333333144e+02,-8.594857070193039073e-02
1.880416666666666572e+02,-8.587141268819969975e-02
1.880625000000000000e+02,-8.581673863967353988e-02
1.880833333333333144e+02,-8.578618121817144226e-02
1.881041666666666572e+02,-8.577204603374977143e-02
1.881250000000000000e+02,-8.579513078082948163e-02
1.881458333333333144e+02,-8.586390655925793536e-02
1.881666666666666572e+02,-8.595488791785550753e-02
1.881875000000000000e+02,-8.605842602959393184e-02
1.882083333333333144e+02,-8.619157106116027978e-02
1.882291666666666572e+02,-8.635053857354270390e-02
1.882500000000000000e+02,-8.652397805006324660e-02
1.882708333333333144e+02,-8.673104898075151281e-02
1.882916666666666572e+02,-8.698087098260282035e-02
1.883125000000000000e+02,-8.723944083287368811e-02
1.883333333333333144e+02,-8.747453751555030188e-02
1.883541666666666572e+02,-8.770337329962335504e-02
1.883750000000000000e+02,-8.795092303095460029e-02
1.883958333333333144e+02,-8.819324288601003425e-02
1.884166666666666572e+02,-8.839923724021386819e-02
1.884375000000000000e+02,-8.858633995544250295e-02
1.884583333333333144e+02,-8.878004100798944642e-02
1.884791666666666572e+02,-8.895717148691838216e-02
1.885000000000000000e+02,-8.908740799219232176e-02
1.885208333333333144e+02,-8.918878398671296892e-02
1.885416666666666572e+02,-8.928832236856136528e-02
1.885625000000000000e+02,-8.936558186416097838e-02
1.885833333333333144e+02,-8.939352766818663143e-02
1.886041666666666572e+02,-8.939496753939385476e-02
1.886250000000000000e+02,-8.940242953490318278e-02
1.886458333333333144e+02,-8.940136348167175562e-02
1.886666666666666572e+02,-8.937148883641202191e-02
1.886875000000000000e+02,-8.934343660641395901e-02
1.887083333333333144e+02,-8.935881015197381927e-02
1.887291666666666572e+02,-8.941363316279206386e-02
1.887500000000000000e+02,-8.949495083780545368e-02
1.887708333333333144e+02,-8.961851033330796301e-02
1.887916666666666572e+02,-8.978709749314323085e-02
1.888125000000000000e+02,-8.997458614560455148e-02
1.888333333333333144e+02,-9.017199943448361843e-02
1.888541666666666572e+02,-9.038873325857681162e-02
1.888750000000000000e+02,-9.060233911580001243e-02
1.888958333333333144e+02,-9.078760123129472892e-02
1.889166666666666572e+02,-9.097127386597583798e-02
1.889375000000000000e+02,-9.119109702625682878e-02
1.889583333333333144e+02,-9.143893614447493046e-02
1.889791666666666572e+02,-9.169834033489503156e-02
1.890000000000000000e+02,-9.198218420529646888e-02
1.890208333333333144e+02,-9.229117913165839349e-02
1.890416666666666572e+02,-9.259425860793128737e-02
1.890625000000000000e+02,-9.287577969282607981e-02
1.890833333333333144e+02,-9.315303181755590911e-02
1.891041666666666572e+02,-9.342861186534417994e-02
1.891250000000000000e+02,-9.367580567400358993e-02
1.891458333333333144e+02,-9.388612184416714190e-02
1.891666666666666572e+02,-9.407492525778105019e-02
1.891875000000000000e+02,-9.423291610735028134e-02
1.892083333333333144e+02,-9.434762482937615602e-02
1.892291666666666572e+02,-9.444380440169186652e-02
1.892500000000000000e+02,-9.453812411978626540e-02
1.892708333333333144e+02,-9.459983595073266638e-02
1.892916666666666572e+02,-9.459354342327602749e-02
1.893125000000000000e+02,-9.453444632187671393e-02
1.893333333333333144e+02,-9.444733089053881925e-02
1.893541666666666572e+02,-9.431072380213369188e-02
1.893750000000000000e+02,-9.409727148904749316e-02
1.893958333333333144e+02,-9.382970019397847417e-02
1.894166666666666572e+02,-9.354006782983884105e-02
1.894375000000000000e+02,-9.321321359506404280e-02
1.894583333333333144e+02,-9.282684566016026484e-02
1.894791666666666572e+02,-9.240762655293953409e-02
1.895000000000000000e+02,-9.198963581869545880e-02
1.895208333333333144e+02,-9.155841576616612076e-02
1.895416666666666572e+02,-9.109155540825729369e-02
1.895625000000000000e+02,-9.061550112289741554e-02
1.895833333333333144e+02,-9.016366094978295331e-02
1.896041666666666572e+02,-8.972162917674517124e-02
1.896250000000000000e+02,-8.926769618985892774e-02
1.896458333333333144e+02,-8.882867289574804259e-02
1.896666666666666572e+02,-8.843867374880594323e-02
1.896875000000000000e+02,-8.808330779298476076e-02
1.897083333333333144e+02,-8.773997798079406774e-02
1.897291666666666572e+02,-8.743483629719722705e-02
1.897500000000000000e+02,-8.720145785355436219e-02
1.897708333333333144e+02,-8.702493436734695664e-02
1.897916666666666572e+02,-8.688164644441202789e-02
1.898125000000000000e+02,-8.679648496071194763e-02
1.898333333333333144e+02,-8.680220480324370158e-02
1.898541666666666572e+02,-8.688304750825026623e-02
1.898750000000000000e+02,-8.701418100003846523e-02
1.898958333333333144e+02,-8.721758361849853147e-02
1.899166666666666572e+02,-8.752128654511627526e-02
1.899375000000000000e+02,-8.790469133049595707e-02
1.899583333333333144e+02,-8.833821995252705284e-02
1.899791666666666572e+02,-8.883361364364118773e-02
1.900000000000000000e+02,-8.940090700822828085e-02
1.900208333333333144e+02,-9.000063808861245851e-02
1.900416666666666572e+02,-9.058407622399662629e-02
1.900625000000000000e+02,-9.115017413026894888e-02
1.900833333333333144e+02,-9.170550285110257160e-02
1.901041666666666572e+02,-9.220923796038893450e-02
1.901250000000000000e+02,-9.261376364047210763e-02
1.901458333333333144e+02,-9.292071147733041436e-02
1.901666666666666572e+02,-9.314424461218380469e-02
1.901875000000000000e+02,-9.326770027204396574e-02
1.902083333333333144e+02,-9.328206862848417713e-02
1.902291666666666572e+02,-9.322647881311284246e-02
1.902500000000000000e+02,-9.314455714886153703e-02
1.902708333333333144e+02,-9.303108061387937999e-02
1.902916666666666572e+02,-9.287144957770916698e-02
1.903125000000000000e+02,-9.269845170261041545e-02
1.903333333333333144e+02,-9.255195594766432721e-02
1.903541666666666572e+02,-9.242271594290245307e-02
1.903750000000000000e+02,-9.229301120207390741e-02
1.903958333333333144e+02,-9.219249452354186247e-02
1.904166666666666572e+02,-9.215646445683338406e-02
1.904375000000000000e+02,-9.217185780177183929e-02
1.904583333333333144e+02,-9.221643851172010853e-02
1.904791666666666572e+02,-9.230968815566063801e-02
1.905000000000000000e+02,-9.247045493851480114e-02
1.905208333333333144e+02,-9.266698107128329420e-02
1.905416666666666572e+02,-9.285772239329705136e-02
1.905625000000000000e+02,-9.304812316016736196e-02
1.905833333333333144e+02,-9.324923661876936831e-02
1.906041666666666572e+02,-9.342116098620523168e-02
1.906250000000000000e+02,-9.351313936765956458e-02
1.906458333333333144e+02,-9.352101296987737344e-02
1.906666666666666572e+02,-9.346738162479295564e-02
1.906875000000000000e+02,-9.335074595695296018e-02
1.907083333333333144e+02,-9.316181588764058108e-02
1.907291666666666572e+02,-9.293621644527136350e-02
1.907500000000000000e+02,-9.271410979062483237e-02
1.907708333333333144e+02,-9.248520785891914398e-02
1.907916666666666572e+02,-9.222965083584878931e-02
1.908125000000000000e+02,-9.197436996627879335e-02
1.908333333333333144e+02,-9.175301409272117181e-02
1.908541666666666572e+02,-9.155022388729922023e-02
1.908750000000000000e+02,-9.134344060585553038e-02
1.908958333333333144e+02,-9.115882389492305227e-02
1.909166666666666572e+02,-9.103020809963299764e-02
1.909375000000000000e+02,-9.094253540960206550e-02
1.909583333333333144e+02,-9.087366058784372702e-02
1.909791666666666572e+02,-9.084993488348563906e-02
1.910000000000000000e+02,-9.090607737534862898e-02
1.910208333333333144e+02,-9.102859920307956876e-02
1.910416666666666572e+02,-9.119599798930243251e-02
1.910625000000000000e+02,-9.142139199737991939e-02
1.910833333333333144e+02,-9.170899749764170605e-02
1.911041666666666572e+02,-9.201492303343163093e-02
1.911250000000000000e+02,-9.229074880808611769e-02
1.911458333333333144e+02,-9.253697038903542504e-02
1.911666666666666572e+02,-9.276388545036134969e-02
1.911875000000000000e+02,-9.294146636235262049e-02
1.912083333333333144e+02,-9.304161920508333128e-02
1.912291666666666572e+02,-9.308671428171216844e-02
1.912500000000000000e+02,-9.310807113669405943e-02
1.912708333333333144e+02,-9.308884217259834337e-02
1.912916666666666572e+02,-9.300457947908134793e-02
1.913125000000000000e+02,-9.287928137570163056e-02
1.913333333333333144e+02,-9.274543454608180637e-02
1.913541666666666572e+02,-9.258685298453206425e-02
1.913750000000000000e+02,-9.237976397808322915e-02
1.913958333333333144e+02,-9.214832839243057572e-02
1.914166666666666572e+02,-9.192529909581259595e-02
1.914375000000000000e+02,-9.169532026160544247e-02
1.914583333333333144e+02,-9.143504194830079368e-02
1.914791666666666572e+02,-9.116973692790773798e-02
1.915000000000000000e+02,-9.093353918079633003e-02
1.915208333333333144e+02,-9.071187479412062826e-02
1.915416666666666572e+02,-9.048232318140611574e-02
1.915625000000000000e+02,-9.027090217631857094e-02
1.915833333333333144e+02,-9.011224400484423025e-02
1.916041666666666572e+02,-8.999230778164644950e-02
1.916250000000000000e+02,-8.988941230704208807e-02
1.916458333333333144e+02,-8.983029214476798141e-02
1.916666666666666572e+02,-8.985038381653574768e-02
1.916875000000000000e+02,-8.993677300350005899e-02
1.917083333333333144e+02,-9.006829107145751523e-02
1.917291666666666572e+02,-9.026096966225272133e-02
1.917500000000000000e+02,-9.052637562271147187e-02
1.917708333333333144e+02,-9.082720347693234997e-02
1.917916666666666572e+02,-9.111930134388877833e-02
1.918125000000000000e+02,-9.140829555310275856e-02
1.918333333333333144e+02,-9.170939741015586566e-02
1.918541666666666572e+02,-9.199019364114013886e-02
1.918750000000000000e+02,-9.221055446113538001e-02
1.918958333333333144e+02,-9.237898251702203467e-02
1.919166666666666572e+02,-9.251289621383630701e-02
1.919375000000000000e+02,-9.258385796280196867e-02
1.919583333333333144e+02,-9.255930053652371148e-02
1.919791666666666572e+02,-9.245549556611265540e-02
1.920000000000000000e+02,-9.229751289364725164e-02
1.920208333333333144e+02,-9.206702659782570186e-02
1.920416666666666572e+02,-9.174482310245776762e-02
1.920625000000000000e+02,-9.136092241227410093e-02
1.920833333333333144e+02,-9.095503068511577582e-02
1.921041666666666572e+02,-9.051983942518092296e-02
1.921250000000000000e+02,-9.004232140686531383e-02
1.921458333333333144e+02,-8.956050940710988395e-02
1.921666666666666572e+02,-8.912337626023666970e-02
1.921875000000000000e+02,-8.873439241148406431e-02
1.922083333333333144e+02,-8.839072766907477008e-02
1.922291666666666572e+02,-8.811479332840777001e-02
1.922500000000000000e+02,-8.790800586179305098e-02
1.922708333333333144e+02,-8.775626632332941823e-02
1.922916666666666572e+02,-8.767776434395034568e-02
1.923125000000000000e+02,-8.769608361796291107e-02
1.923333333333333144e+02,-8.778787783037801662e-02
1.923541666666666572e+02,-8.792401918317430121e-02
1.923750000000000000e+02,-8.812506841279700576e-02
1.923958333333333144e+02,-8.842053303466386460e-02
1.924166666666666572e+02,-8.879198135691780680e-02
1.924375000000000000e+02,-8.921211837332335137e-02
1.924583333333333144e+02,-8.969025641623402934e-02
1.924791666666666572e+02,-9.022940739832996382e-02
1.925000000000000000e+02,-9.078215656957060176e-02
1.925208333333333144e+02,-9.129351988571614285e-02
1.925416666666666572e+02,-9.175675780950288962e-02
1.925625000000000000e+02,-9.217449237621992697e-02
1.925833333333333144e+02,-9.252322786256388099e-02
1.926041666666666572e+02,-9.279872172376246731e-02
1.926250000000000000e+02,-9.301662195732217364e-02
1.926458333333333144e+02,-9.316404917471945990e-02
1.926666666666666572e+02,-9.322231518197841849e-02
1.926875000000000000e+02,-9.322151320099246463e-02
1.927083333333333144e+02,-9.319876873009433349e-02
1.927291666666666572e+02,-9.314264761270903137e-02
1.927500000000000000e+02,-9.303271322173338465e-02
1.927708333333333144e+02,-9.289597185305840943e-02
1.927916666666666572e+02,-9.276662967725646247e-02
1.928125000000000000e+02,-9.263032081880560875e-02
1.928333333333333144e+02,-9.246462718862745456e-02
1.928541666666666572e+02,-9.229596870617000348e-02
1.928750000000000000e+02,-9.215786045507630420e-02
1.928958333333333144e+02,-9.203528592105576778e-02
1.929166666666666572e+02,-9.190544636375820586e-02
1.929375000000000000e+02,-9.179436811037069988e-02
1.929583333333333144e+02,-9.173495080927997203e-02
1.929791666666666572e+02,-9.171203037753843101e-02
1.930000000000000000e+02,-9.170253101709775756e-02
1.930208333333333144e+02,-9.173142544010343125e-02
1.930416666666666572e+02,-9.183086213488575456e-02
1.930625000000000000e+02,-9.198442347861245094e-02
1.930833333333333144e+02,-9.216720481355634986e-02
1.931041666666666572e+02,-9.239466241217586528e-02
1.931250000000000000e+02,-9.267865984774723009e-02
1.931458333333333144e+02,-9.298138572637247579e-02
1.931666666666666572e+02,-9.325729866745328944e-02
1.931875000000000000e+02,-9.350977793873506416e-02
1.932083333333333144e+02,-9.374927927255329030e-02
1.932291666666666572e+02,-9.393984094344325075e-02
1.932500000000000000e+02,-9.404052350104863400e-02
1.932708333333333144e+02,-9.405953310553337443e-02
1.932916666666666572e+02,-9.401286305220082906e-02
1.933125000000000000e+02,-9.388418830082631561e-02
1.933333333333333144e+02,-9.366925395558381440e-02
1.933541666666666572e+02,-9.340519591443083303e-02
1.933750000000000000e+02,-9.312413978464527398e-02
1.933958333333333144e+02,-9.280836278245883919e-02
1.934166666666666572e+02,-9.243218672821451598e-02
1.934375000000000000e+02,-9.201872160540271184e-02
1.934583333333333144e+02,-9.159817052351440503e-02
1.934791666666666572e+02,-9.115218963162345645e-02
1.935000000000000000e+02,-9.065317345528868531e-02
1.935208333333333144e+02,-9.012080956758533601e-02
1.935416666666666572e+02,-8.958205672647516493e-02
1.935625000000000000e+02,-8.902248103338605834e-02
1.935833333333333144e+02,-8.842931398440155577e-02
1.936041666666666572e+02,-8.783955855549936687e-02
1.936250000000000000e+02,-8.729743568340542215e-02
1.936458333333333144e+02,-8.679948584002354639e-02
1.936666666666666572e+02,-8.633479665499373124e-02
1.936875000000000000e+02,-8.594114541288935816e-02
1.937083333333333144e+02,-8.566394997892486096e-02
1.937291666666666572e+02,-8.549983657447868257e-02
1.937500000000000000e+02,-8.543132331555135239e-02
1.937708333333333144e+02,-8.547007311955376330e-02
1.937916666666666572e+02,-8.561817435901768192e-02
1.938125000000000000e+02,-8.583656574508277681e-02
1.938333333333333144e+02,-8.608846636752025272e-02
1.938541666666666572e+02,-8.638656616238989117e-02
1.938750000000000000e+02,-8.675173525429108468e-02
1.938958333333333144e+02,-8.715633184365795261e-02
1.939166666666666572e+02,-8.756399341528160740e-02
1.939375000000000000e+02,-8.798712125104091175e-02
1.939583333333333144e+02,-8.844576286977509638e-02
1.939791666666666572e+02,-8.891150229772920577e-02
1.940000000000000000e+02,-8.934767889905169402e-02
1.940208333333333144e+02,-8.976643490250030277e-02
1.940416666666666572e+02,-9.018719656082427316e-02
1.940625000000000000e+02,-9.058116181745633211e-02
1.940833333333333144e+02,-9.091082400749292414e-02
1.941041666666666572e+02,-9.118633025699660055e-02
1.941250000000000000e+02,-9.142472260426136310e-02
1.941458333333333144e+02,-9.159400366726683229e-02
1.941666666666666572e+02,-9.165430622845489872e-02
1.941875000000000000e+02,-9.161498938637628597e-02
1.942083333333333144e+02,-9.149834046477606231e-02
1.942291666666666572e+02,-9.129421715925038761e-02
1.942500000000000000e+02,-9.099598400762337613e-02
1.942708333333333144e+02,-9.064564660730412005e-02
1.942916666666666572e+02,-9.029200538674719834e-02
1.943125000000000000e+02,-8.993491525268251796e-02
1.943333333333333144e+02,-8.956610496308464731e-02
1.943541666666666572e+02,-8.922333947620540717e-02
1.943750000000000000e+02,-8.894792007268262357e-02
1.943958333333333144e+02,-8.873217598038123100e-02
1.944166666666666572e+02,-8.855956895276756446e-02
1.944375000000000000e+02,-8.845549128661576999e-02
1.944583333333333144e+02,-8.844487217183016892e-02
1.944791666666666572e+02,-8.850332424269916065e-02
1.945000000000000000e+02,-8.859835695592027660e-02
1.945208333333333144e+02,-8.874621898304840828e-02
1.945416666666666572e+02,-8.897041824917192865e-02
1.945625000000000000e+02,-8.924627685729805138e-02
1.945833333333333144e+02,-8.954024088063697318e-02
1.946041666666666572e+02,-8.986627378897479868e-02
1.946250000000000000e+02,-9.024500428456794232e-02
1.946458333333333144e+02,-9.064717378704277573e-02
1.946666666666666572e+02,-9.103351760119195168e-02
1.946875000000000000e+02,-9.141163883360345355e-02
1.947083333333333144e+02,-9.179425976195976222e-02
1.947291666666666572e+02,-9.214307491980501530e-02
1.947500000000000000e+02,-9.240977969011461568e-02
1.947708333333333144e+02,-9.259252462405928585e-02
1.947916666666666572e+02,-9.270690930455426082e-02
1.948125000000000000e+02,-9.273767811385354165e-02
1.948333333333333144e+02,-9.266789645614242898e-02
1.948541666666666572e+02,-9.252683424233788811e-02
1.948750000000000000e+02,-9.234836421478587187e-02
1.948958333333333144e+02,-9.211421627251915878e-02
1.949166666666666572e+02,-9.179530374045845320e-02
1.949375000000000000e+02,-9.140766582643582161e-02
1.949583333333333144e+02,-9.097322767974630464e-02
1.949791666666666572e+02,-9.048559338879035019e-02
1.950000000000000000e+02,-8.995544769260434281e-02
1.950208333333333144e+02,-8.941251231867423932e-02
1.950416666666666572e+02,-8.885736671291791233e-02
1.950625000000000000e+02,-8.828320417992338576e-02
1.950833333333333144e+02,-8.772997325418585568e-02
1.951041666666666572e+02,-8.724359136754325506e-02
1.951250000000000000e+02,-8.682006560392420413e-02
1.951458333333333144e+02,-8.644680495084268446e-02
1.951666666666666572e+02,-8.615680351559366901e-02
1.951875000000000000e+02,-8.598676876038521821e-02
1.952083333333333144e+02,-8.592477257543053304e-02
1.952291666666666572e+02,-8.595032326282017743e-02
1.952500000000000000e+02,-8.607858129904025213e-02
1.952708333333333144e+02,-8.631540766145522070e-02
1.952916666666666572e+02,-8.661672359757884021e-02
1.953125000000000000e+02,-8.693070373201072787e-02
1.953333333333333144e+02,-8.725450422822460250e-02
1.953541666666666572e+02,-8.759355350920576544e-02
1.953750000000000000e+02,-8.791627532585002958e-02
1.953958333333333144e+02,-8.819637534099759868e-02
1.954166666666666572e+02,-8.845698575031109290e-02
1.954375000000000000e+02,-8.872892548226363196e-02
1.954583333333333144e+02,-8.899546872150596033e-02
1.954791666666666572e+02,-8.923207698190542547e-02
1.955000000000000000e+02,-8.946422562908426523e-02
1.955208333333333144e+02,-8.972680883356867754e-02
1.955416666666666572e+02,-9.000833366108339229e-02
1.955625000000000000e+02,-9.029057650679418734e-02
1.955833333333333144e+02,-9.059129797802455142e-02
1.956041666666666572e+02,-9.091984747282977342e-02
1.956250000000000000e+02,-9.123817888324206593e-02
1.956458333333333144e+02,-9.150421724672239132e-02
1.956666666666666572e+02,-9.172793696665812457e-02
1.956875000000000000e+02,-9.193036242706116579e-02
1.957083333333333144e+02,-9.208654132778859580e-02
1.957291666666666572e+02,-9.216689325281220146e-02
1.957500000000000000e+02,-9.219359563016522874e-02
1.957708333333333144e+02,-9.220027666966104651e-02
1.957916666666666572e+02,-9.217513088082407435e-02
1.958125000000000000e+02,-9.210172566893150281e-02
1.958333333333333144e+02,-9.201535467576606175e-02
1.958541666666666572e+02,-9.196275518116948933e-02
1.958750000000000000e+02,-9.194445916723277545e-02
1.958958333333333144e+02,-9.194379134678196119e-02
1.959166666666666572e+02,-9.197709607331031045e-02
1.959375000000000000e+02,-9.206648467947267656e-02
1.959583333333333144e+02,-9.218819390541814485e-02
1.959791666666666572e+02,-9.231379958980445721e-02
1.960000000000000000e+02,-9.246664015827252281e-02
1.960208333333333144e+02,-9.268139602949600209e-02
1.960416666666666572e+02,-9.294667979015970583e-02
1.960625000000000000e+02,-9.323878929168118168e-02
1.960833333333333144e+02,-9.356631085081634769e-02
1.961041666666666572e+02,-9.393508127581158551e-02
1.961250000000000000e+02,-9.430416827234780475e-02
1.961458333333333144e+02,-9.462788652128970024e-02
1.961666666666666572e+02,-9.491227852062521231e-02
1.961875000000000000e+02,-9.517513626446218178e-02
1.962083333333333144e+02,-9.538895313581767510e-02
1.962291666666666572e+02,-9.552128579691590571e-02
1.962500000000000000e+02,-9.559129945736916101e-02
1.962708333333333144e+02,-9.562993636434595490e-02
1.962916666666666572e+02,-9.562279854320655803e-02
1.963125000000000000e+02,-9.555057819533899210e-02
1.963333333333333144e+02,-9.544560875454768945e-02
1.963541666666666572e+02,-9.535194966595632315e-02
1.963750000000000000e+02,-9.526800275253025085e-02
1.963958333333333144e+02,-9.518144689732628561e-02
1.964166666666666572e+02,-9.510889569230855656e-02
1.964375000000000000e+02,-9.505794946774186183e-02
1.964583333333333144e+02,-9.500180368970745359e-02
1.964791666666666572e+02,-9.492440886106728870e-02
1.965000000000000000e+02,-9.485045862119179105e-02
1.965208333333333144e+02,-9.480065769967380152e-02
1.965416666666666572e+02,-9.474865601731101428e-02
1.965625000000000000e+02,-9.466255905819535854e-02
1.965833333333333144e+02,-9.456147692837098273e-02
1.966041666666666572e+02,-9.447572449179704457e-02
1.966250000000000000e+02,-9.438949676935456945e-02
1.966458333333333144e+02,-9.428222451743084598e-02
1.966666666666666572e+02,-9.418532506509522118e-02
1.966875000000000000e+02,-9.414156710349132207e-02
1.967083333333333144e+02,-9.414706395960227570e-02
1.967291666666666572e+02,-9.417960842279574085e-02
1.967500000000000000e+02,-9.425165469818140573e-02
1.967708333333333144e+02,-9.438385375300653579e-02
1.967916666666666572e+02,-9.454981103308479629e-02
1.968125000000000000e+02,-9.471670565396940467e-02
1.968333333333333144e+02,-9.490123487333979035e-02
1.968541666666666572e+02,-9.512822866353855267e-02
1.968750000000000000e+02,-9.537383558635757763e-02
1.968958333333333144e+02,-9.560664264201639007e-02
1.969166666666666572e+02,-9.584306302681826206e-02
1.969375000000000000e+02,-9.610772062269813676e-02
1.969583333333333144e+02,-9.637635950441487964e-02
1.969791666666666572e+02,-9.661621311048919358e-02
1.970000000000000000e+02,-9.684253942974029028e-02
1.970208333333333144e+02,-9.707851172109505100e-02
1.970416666666666572e+02,-9.729832177754163536e-02
1.970625000000000000e+02,-9.746855623498670851e-02
1.970833333333333144e+02,-9.760379087706000378e-02
1.971041666666666572e+02,-9.772629057504025885e-02
1.971250000000000000e+02,-9.780942004085547981e-02
1.971458333333333144e+02,-9.781895959866555856e-02
1.971666666666666572e+02,-9.776866274253327715e-02
1.971875000000000000e+02,-9.768016609474905465e-02
1.972083333333333144e+02,-9.752649223272563672e-02
1.972291666666666572e+02,-9.727313591027647588e-02
1.972500000000000000e+02,-9.693282611525111392e-02
1.972708333333333144e+02,-9.652664665078017348e-02
1.972916666666666572e+02,-9.604291370218653867e-02
1.973125000000000000e+02,-9.548108770151565727e-02
1.973333333333333144e+02,-9.488341172114833633e-02
1.973541666666666572e+02,-9.429142955356245581e-02
1.973750000000000000e+02,-9.369595311847299379e-02
1.973958333333333144e+02,-9.307869697241240303e-02
1.974166666666666572e+02,-9.246873765902885456e-02
1.974375000000000000e+02,-9.190221028796984049e-02
1.974583333333333144e+02,-9.136630437318166154e-02
1.974791666666666572e+02,-9.084053272302468340e-02
1.975000000000000000e+02,-9.035236734055729357e-02
1.975208333333333144e+02,-8.993706056162907581e-02
1.975416666666666572e+02,-8.957966697729942418e-02
1.975625000000000000e+02,-8.925587109957373866e-02
1.975833333333333144e+02,-8.898776565336358191e-02
1.976041666666666572e+02,-8.880304079657647121e-02
1.976250000000000000e+02,-8.867740557111974953e-02
1.976458333333333144e+02,-8.857500173944102273e-02
1.976666666666666572e+02,-8.850564708568492422e-02
1.976875000000000000e+02,-8.848409246997172850e-02
1.977083333333333144e+02,-8.847332083524737933e-02
1.977291666666666572e+02,-8.842599669553830033e-02
1.977500000000000000e+02,-8.834264623260859595e-02
1.977708333333333144e+02,-8.824222373929778429e-02
1.977916666666666572e+02,-8.810889704490709740e-02
1.978125000000000000e+02,-8.791854574494203933e-02
1.978333333333333144e+02,-8.769420324075694051e-02
1.978541666666666572e+02,-8.746529218857000687e-02
1.978750000000000000e+02,-8.721152342043658745e-02
1.978958333333333144e+02,-8.690448626733708604e-02
1.979166666666666572e+02,-8.656478041449196248e-02
1.979375000000000000e+02,-8.622085977942725576e-02
1.979583333333333144e+02,-8.585328638545969282e-02
1.979791666666666572e+02,-8.543442404213548447e-02
1.980000000000000000e+02,-8.498490045012654925e-02
1.980208333333333144e+02,-8.453339066084664122e-02
1.980416666666666572e+02,-8.406770014561976145e-02
1.980625000000000000e+02,-8.357649620797831524e-02
1.980833333333333144e+02,-8.309846700579472112e-02
1.981041666666666572e+02,-8.268032846540175618e-02
1.981250000000000000e+02,-8.232077633569719055e-02
1.981458333333333144e+02,-8.201023205599698718e-02
1.981666666666666572e+02,-8.178175327370776349e-02
1.981875000000000000e+02,-8.166821549922757828e-02
1.982083333333333144e+02,-8.165371540169130693e-02
1.982291666666666572e+02,-8.171430943197338648e-02
1.982500000000000000e+02,-8.187422785552508908e-02
1.982708333333333144e+02,-8.216516597169140623e-02
1.982916666666666572e+02,-8.257087641440641335e-02
1.983125000000000000e+02,-8.306597910381198491e-02
1.983333333333333144e+02,-8.365443443362284570e-02
1.983541666666666572e+02,-8.432456938176779992e-02
1.983750000000000000e+02,-8.503709675871705398e-02
1.983958333333333144e+02,-8.577190904536012572e-02
1.984166666666666572e+02,-8.652761233917780070e-02
1.984375000000000000e+02,-8.727125654279735412e-02
1.984583333333333144e+02,-8.796439544751226414e-02
1.984791666666666572e+02,-8.861711285544707217e-02
1.985000000000000000e+02,-8.924776840948379919e-02
1.985208333333333144e+02,-8.982607563262740014e-02
1.985416666666666572e+02,-9.031444977339930791e-02
1.985625000000000000e+02,-9.072325114870963270e-02
1.985833333333333144e+02,-9.107129251897161382e-02
1.986041666666666572e+02,-9.132950376219237110e-02
1.986250000000000000e+02,-9.146138916054444290e-02
1.986458333333333144e+02,-9.147951911345583720e-02
1.986666666666666572e+02,-9.140624217939095908e-02
1.986875000000000000e+02,-9.123201302382326350e-02
1.987083333333333144e+02,-9.095990939411960352e-02
1.987291666666666572e+02,-9.063093656877463378e-02
1.987500000000000000e+02,-9.027977998347946897e-02
1.987708333333333144e+02,-8.989184486361026516e-02
1.987916666666666572e+02,-8.944611552751176309e-02
1.988125000000000000e+02,-8.897244331217467328e-02
1.988333333333333144e+02,-8.851183175017149352e-02
1.988541666666666572e+02,-8.805979913634175149e-02
1.988750000000000000e+02,-8.760709375808783950e-02
1.988958333333333144e+02,-8.719650422833200021e-02
1.989166666666666572e+02,-8.688164596924760619e-02
1.989375000000000000e+02,-8.666947548375890376e-02
1.989583333333333144e+02,-8.653680743083619342e-02
1.989791666666666572e+02,-8.647986597848789092e-02
1.990000000000000000e+02,-8.650304640801820266e-02
1.990208333333333144e+02,-8.657668278027408348e-02
1.990416666666666572e+02,-8.667881618853109926e-02
1.990625000000000000e+02,-8.683571954015369132e-02
1.990833333333333144e+02,-8.707810703371306194e-02
1.991041666666666572e+02,-8.739074457524331763e-02
1.991250000000000000e+02,-8.775214229556509149e-02
1.991458333333333144e+02,-8.817212413846674257e-02
1.991666666666666572e+02,-8.864708596613425640e-02
1.991875000000000000e+02,-8.914043195916648843e-02
1.992083333333333144e+02,-8.962892555806421802e-02
1.992291666666666572e+02,-9.012700080193701557e-02
1.992500000000000000e+02,-9.063928292742759463e-02
1.992708333333333144e+02,-9.112681349640634754e-02
1.992916666666666572e+02,-9.155138365993834015e-02
1.993125000000000000e+02,-9.192785285219025326e-02
1.993333333333333144e+02,-9.228202073845777342e-02
1.993541666666666572e+02,-9.259422168889279436e-02
1.993750000000000000e+02,-9.284028860466356226e-02
1.993958333333333144e+02,-9.304714903079625010e-02
1.994166666666666572e+02,-9.325142772727161578e-02
1.994375000000000000e+02,-9.344440683021640326e-02
1.994583333333333144e+02,-9.361160298231829824e-02
1.994791666666666572e+02,-9.377246821569898416e-02
1.995000000000000000e+02,-9.393546504525759899e-02
1.995208333333333144e+02,-9.406971658371339473e-02
1.995416666666666572e+02,-9.414982183002258698e-02
1.995625000000000000e+02,-9.420319055039440281e-02
1.995833333333333144e+02,-9.426799361667750898e-02
1.996041666666666572e+02,-9.433756522864900074e-02
1.996250000000000000e+02,-9.439940413135665398e-02
1.996458333333333144e+02,-9.446881707861537469e-02
1.996666666666666572e+02,-9.454400752650198025e-02
1.996875000000000000e+02,-9.460502077029601942e-02
1.997083333333333144e+02,-9.466198941714336346e-02
1.997291666666666572e+02,-9.473274023449869408e-02
1.997500000000000000e+02,-9.478840068945104669e-02
1.997708333333333144e+02,-9.479424805044199542e-02
1.997916666666666572e+02,-9.476589601408537400e-02
1.998125000000000000e+02,-9.472899011426276494e-02
1.998333333333333144e+02,-9.466217369118355707e-02
1.998541666666666572e+02,-9.453776980134132035e-02
1.998750000000000000e+02,-9.437793735441743492e-02
1.998958333333333144e+02,-9.421298502332263458e-02
1.999166666666666572e+02,-9.402308089140101743e-02
1.999375000000000000e+02,-9.377938881608777200e-02
1.999583333333333144e+02,-9.350024469711128161e-02
1.999791666666666572e+02,-9.321041868061556712e-02
2.000000000000000000e+02,-9.288425526134026777e-02
2.000208333333333144e+02,-9.248679348213806328e-02
2.000416666666666572e+02,-9.202965645111112203e-02
2.000625000000000000e+02,-9.153565469704556812e-02
2.000833333333333144e+02,-9.099702346789592666e-02
2.001041666666666572e+02,-9.041387159771345494e-02
2.001250000000000000e+02,-8.982636400552374001e-02
2.001458333333333144e+02,-8.927004617702595513e-02
2.001666666666666572e+02,-8.872770339428265318e-02
2.001875000000000000e+02,-8.817051405520062723e-02
2.002083333333333144e+02,-8.761520571550897307e-02
2.002291666666666572e+02,-8.708401583732337803e-02
2.002500000000000000e+02,-8.656063718194592638e-02
2.002708333333333144e+02,-8.603446839419841286e-02
2.002916666666666572e+02,-8.554288078833886810e-02
2.003125000000000000e+02,-8.512808254021915488e-02
2.003333333333333144e+02,-8.478070988391858687e-02
2.003541666666666572e+02,-8.447973246686164839e-02
2.003750000000000000e+02,-8.424928869644021656e-02
2.003958333333333144e+02,-8.411862878200113136e-02
2.004166666666666572e+02,-8.406578981914436532e-02
2.004375000000000000e+02,-8.405723021525537964e-02
2.004583333333333144e+02,-8.410480249696450361e-02
2.004791666666666572e+02,-8.422513558903782505e-02
2.005000000000000000e+02,-8.438317874248152384e-02
2.005208333333333144e+02,-8.453228046710514754e-02
2.005416666666666572e+02,-8.467153108141996232e-02
2.005625000000000000e+02,-8.481126419981969977e-02
2.005833333333333144e+02,-8.493366301464892743e-02
2.006041666666666572e+02,-8.503011220633586997e-02
2.006250000000000000e+02,-8.512544045843728480e-02
2.006458333333333144e+02,-8.523323747550823337e-02
2.006666666666666572e+02,-8.532956224394298850e-02
2.006875000000000000e+02,-8.539899185128380088e-02
2.007083333333333144e+02,-8.547470174078455885e-02
2.007291666666666572e+02,-8.559436675644629955e-02
2.007500000000000000e+02,-8.574378044439597002e-02
2.007708333333333144e+02,-8.589710157152895265e-02
2.007916666666666572e+02,-8.607393632929169480e-02
2.008125000000000000e+02,-8.629860792507254574e-02
2.008333333333333144e+02,-8.654366872745221373e-02
2.008541666666666572e+02,-8.677013971072754239e-02
2.008750000000000000e+02,-8.698452089901752282e-02
2.008958333333333144e+02,-8.719858949615551247e-02
2.009166666666666572e+02,-8.738223147259714663e-02
2.009375000000000000e+02,-8.750621139787610747e-02
2.009583333333333144e+02,-8.758809794624140832e-02
2.009791666666666572e+02,-8.765010216639072815e-02
2.010000000000000000e+02,-8.766267165612622037e-02
2.010208333333333144e+02,-8.758478792781873579e-02
2.010416666666666572e+02,-8.742213860885934829e-02
2.010625000000000000e+02,-8.720569818458623335e-02
2.010833333333333144e+02,-8.694060246131653236e-02
2.011041666666666572e+02,-8.662331944246283444e-02
2.011250000000000000e+02,-8.629577348268813175e-02
2.011458333333333144e+02,-8.600443448918099199e-02
2.011666666666666572e+02,-8.574385289606618887e-02
2.011875000000000000e+02,-8.549708537098268946e-02
2.012083333333333144e+02,-8.529267813817929811e-02
2.012291666666666572e+02,-8.516375107751454621e-02
2.012500000000000000e+02,-8.509162250461040078e-02
2.012708333333333144e+02,-8.504743067511064125e-02
2.012916666666666572e+02,-8.504909476538018154e-02
2.013125000000000000e+02,-8.512063325637823918e-02
2.013333333333333144e+02,-8.523607399639372695e-02
2.013541666666666572e+02,-8.536022805157572613e-02
2.013750000000000000e+02,-8.550566196932697649e-02
2.013958333333333144e+02,-8.569247121152186175e-02
2.014166666666666572e+02,-8.589249964014587790e-02
2.014375000000000000e+02,-8.606968171524646827e-02
2.014583333333333144e+02,-8.623693470451967991e-02
2.014791666666666572e+02,-8.641479246754982246e-02
2.015000000000000000e+02,-8.657582093505639120e-02
2.015208333333333144e+02,-8.668441739973757609e-02
2.015416666666666572e+02,-8.675334140318466392e-02
2.015625000000000000e+02,-8.680325193730484279e-02
2.015833333333333144e+02,-8.681118004525360810e-02
2.016041666666666572e+02,-8.675160794992042845e-02
2.016250000000000000e+02,-8.664831883945052493e-02
2.016458333333333144e+02,-8.653269476166809693e-02
2.016666666666666572e+02,-8.638824548116340318e-02
2.016875000000000000e+02,-8.619059082981180009e-02
2.017083333333333144e+02,-8.596395494789285663e-02
2.017291666666666572e+02,-8.574012966354850607e-02
2.017500000000000000e+02,-8.550320615273460101e-02
2.017708333333333144e+02,-8.522898978387398461e-02
2.017916666666666572e+02,-8.494215441336046279e-02
2.018125000000000000e+02,-8.467596586538501946e-02
2.018333333333333144e+02,-8.441541117154345575e-02
2.018541666666666572e+02,-8.413757360802505414e-02
2.018750000000000000e+02,-8.386887607458848315e-02
2.018958333333333144e+02,-8.364324404969375459e-02
2.019166666666666572e+02,-8.344677082419987846e-02
2.019375000000000000e+02,-8.325880466382687417e-02
2.019583333333333144e+02,-8.310823991071852879e-02
2.019791666666666572e+02,-8.303195303933548488e-02
2.020000000000000000e+02,-8.301842595281969106e-02
2.020208333333333144e+02,-8.304816619163152280e-02
2.020416666666666572e+02,-8.315082964209004335e-02
2.020625000000000000e+02,-8.336367928298284158e-02
2.020833333333333144e+02,-8.367561391745768906e-02
2.021041666666666572e+02,-8.406422086570963792e-02
2.021250000000000000e+02,-8.453720041042116218e-02
2.021458333333333144e+02,-8.509048663544648006e-02
2.021666666666666572e+02,-8.568282404486141091e-02
2.021875000000000000e+02,-8.628082040816772991e-02
2.022083333333333144e+02,-8.690091826511776862e-02
2.022291666666666572e+02,-8.756717461337400199e-02
2.022500000000000000e+02,-8.825571889200370390e-02
2.022708333333333144e+02,-8.893474935179278285e-02
2.022916666666666572e+02,-8.962144263159098345e-02
2.023125000000000000e+02,-9.034068020642425922e-02
2.023333333333333144e+02,-9.106912229249437829e-02
2.023541666666666572e+02,-9.177529111953527940e-02
2.023750000000000000e+02,-9.247384054090947159e-02
2.023958333333333144e+02,-9.318331466203322311e-02
2.024166666666666572e+02,-9.387349350657278602e-02
2.024375000000000000e+02,-9.450621366540903900e-02
2.024583333333333144e+02,-9.509256463375094504e-02
2.024791666666666572e+02,-9.565133804665343353e-02
2.025000000000000000e+02,-9.615300579172858519e-02
2.025208333333333144e+02,-9.656013146359790356e-02
2.025416666666666572e+02,-9.688438963777772084e-02
2.025625000000000000e+02,-9.714510332876316601e-02
2.025833333333333144e+02,-9.731352377515378738e-02
2.026041666666666572e+02,-9.735289488615479769e-02
2.026250000000000000e+02,-9.727513349799225828e-02
2.026458333333333144e+02,-9.710070819664702590e-02
2.026666666666666572e+02,-9.681715113505409698e-02
2.026875000000000000e+02,-9.642214911158711321e-02
2.027083333333333144e+02,-9.595951030385491132e-02
2.027291666666666572e+02,-9.547547438891693106e-02
2.027500000000000000e+02,-9.496768703481500706e-02
2.027708333333333144e+02,-9.442583758564350449e-02
2.027916666666666572e+02,-9.388846945267362298e-02
2.028125000000000000e+02,-9.340169783955303007e-02
2.028333333333333144e+02,-9.296350875772350919e-02
2.028541666666666572e+02,-9.256309568005477439e-02
2.028750000000000000e+02,-9.222425439878859099e-02
2.028958333333333144e+02,-9.196050728184973488e-02
2.029166666666666572e+02,-9.173658296720138550e-02
2.029375000000000000e+02,-9.151082784172562268e-02
2.029583333333333144e+02,-9.129056744885341579e-02
2.029791666666666572e+02,-9.109108150778369439e-02
2.030000000000000000e+02,-9.088586364345710433e-02
2.030208333333333144e+02,-9.064765502257945973e-02
2.030416666666666572e+02,-9.039810256628837137e-02
2.030625000000000000e+02,-9.016645676489071226e-02
2.030833333333333144e+02,-8.993395988881101866e-02
2.031041666666666572e+02,-8.967390095794521010e-02
2.031250000000000000e+02,-8.940856519844193884e-02
2.031458333333333144e+02,-8.916790474713753856e-02
2.031666666666666572e+02,-8.893353244756345422e-02
2.031875000000000000e+02,-8.867908349794462186e-02
2.032083333333333144e+02,-8.842744983474858100e-02
2.032291666666666572e+02,-8.820920566375106686e-02
2.032500000000000000e+02,-8.800641625250439637e-02
2.032708333333333144e+02,-8.779317477076442611e-02
2.032916666666666572e+02,-8.759290864780622243e-02
2.033125000000000000e+02,-8.743662184423939276e-02
2.033333333333333144e+02,-8.730762114445714261e-02
2.033541666666666572e+02,-8.718219130077527190e-02
2.033750000000000000e+02,-8.708572383034844655e-02
2.033958333333333144e+02,-8.705151660820587001e-02
2.034166666666666572e+02,-8.706484268815770089e-02
2.034375000000000000e+02,-8.710298978812129611e-02
2.034583333333333144e+02,-8.719200902185772484e-02
2.034791666666666572e+02,-8.736565362073327179e-02
2.035000000000000000e+02,-8.760983301069386053e-02
2.035208333333333144e+02,-8.790136258872725816e-02
2.035416666666666572e+02,-8.825231608602343569e-02
2.035625000000000000e+02,-8.866653032038057658e-02
2.035833333333333144e+02,-8.910097588802411150e-02
2.036041666666666572e+02,-8.950874028620986467e-02
2.036250000000000000e+02,-8.989278538539607899e-02
2.036458333333333144e+02,-9.026375531940449004e-02
2.036666666666666572e+02,-9.058692449695730786e-02
2.036875000000000000e+02,-9.082418446020884550e-02
2.037083333333333144e+02,-9.098746880505273471e-02
2.037291666666666572e+02,-9.109670492280211307e-02
2.037500000000000000e+02,-9.112812374377987634e-02
2.037708333333333144e+02,-9.105595102287844522e-02
2.037916666666666572e+02,-9.090389676623558679e-02
2.038125000000000000e+02,-9.070338000592176320e-02
2.038333333333333144e+02,-9.043810033232352330e-02
2.038541666666666572e+02,-9.008316994140987133e-02
2.038750000000000000e+02,-8.966163291096469756e-02
2.038958333333333144e+02,-8.920467321392137883e-02
2.039166666666666572e+02,-8.870026160976253460e-02
2.039375000000000000e+02,-8.813439441697903942e-02
2.039583333333333144e+02,-8.754316316408351784e-02
2.039791666666666572e+02,-8.697051294426345891e-02
2.040000000000000000e+02,-8.641147992915665377e-02
2.040208333333333144e+02,-8.585310527350728527e-02
2.040416666666666572e+02,-8.533182690389451430e-02
2.040625000000000000e+02,-8.489168606676446294e-02
2.040833333333333144e+02,-8.452832017499090078e-02
2.041041666666666572e+02,-8.422912112506618365e-02
2.041250000000000000e+02,-8.402469222570010943e-02
2.041458333333333144e+02,-8.394590871463826487e-02
2.041666666666666572e+02,-8.397473327992538428e-02
2.041875000000000000e+02,-8.408496917821320360e-02
2.042083333333333144e+02,-8.429833403476952314e-02
2.042291666666666572e+02,-8.464344375812171695e-02
2.042500000000000000e+02,-8.510015790544844805e-02
2.042708333333333144e+02,-8.563930959570227597e-02
2.042916666666666572e+02,-8.626568558829406097e-02
2.043125000000000000e+02,-8.697307495100478625e-02
2.043333333333333144e+02,-8.771185977627637964e-02
2.043541666666666572e+02,-8.843388175917513139e-02
2.043750000000000000e+02,-8.914111284860397333e-02
2.043958333333333144e+02,-8.984312922439594007e-02
2.044166666666666572e+02,-9.050162772550798818e-02
2.044375000000000000e+02,-9.106963061892711653e-02
2.044583333333333144e+02,-9.154801132030605804e-02
2.044791666666666572e+02,-9.194630280022046687e-02
2.045000000000000000e+02,-9.224385485396292828e-02
2.045208333333333144e+02,-9.243394840991851769e-02
2.045416666666666572e+02,-9.254666940958747312e-02
2.045625000000000000e+02,-9.260212942226921096e-02
2.045833333333333144e+02,-9.257978500322171234e-02
2.046041666666666572e+02,-9.246305968452217527e-02
2.046250000000000000e+02,-9.228597626224015193e-02
2.046458333333333144e+02,-9.209050864443528439e-02
2.046666666666666572e+02,-9.187023570364664937e-02
2.046875000000000000e+02,-9.161075177591576635e-02
2.047083333333333144e+02,-9.134704740961750724e-02
2.047291666666666572e+02,-9.112197910668323741e-02
2.047500000000000000e+02,-9.092999696643597196e-02
2.047708333333333144e+02,-9.075697378582421593e-02
2.047916666666666572e+02,-9.062704858082258619e-02
2.048125000000000000e+02,-9.055832554676877810e-02
2.048333333333333144e+02,-9.051930004711682132e-02
2.048541666666666572e+02,-9.047048295439960586e-02
2.048750000000000000e+02,-9.042178604788134177e-02
2.048958333333333144e+02,-9.039158470755996599e-02
2.049166666666666572e+02,-9.034997163368989337e-02
2.049375000000000000e+02,-9.025925390581612806e-02
2.049583333333333144e+02,-9.013101389998104396e-02
2.049791666666666572e+02,-8.998430830488614307e-02
2.050000000000000000e+02,-8.979817737242462572e-02
2.050208333333333144e+02,-8.955475502158527501e-02
2.050416666666666572e+02,-8.928583629339209571e-02
2.050625000000000000e+02,-8.903075581895369961e-02
2.050833333333333144e+02,-8.878116042824296672e-02
2.051041666666666572e+02,-8.852051918782515016e-02
2.051250000000000000e+02,-8.828035625460504965e-02
2.051458333333333144e+02,-8.809977078377477511e-02
2.051666666666666572e+02,-8.797008484847880505e-02
2.051875000000000000e+02,-8.787444359502767643e-02
2.052083333333333144e+02,-8.784059358926955829e-02
2.052291666666666572e+02,-8.789877190517914052e-02
2.052500000000000000e+02,-8.803071083834544674e-02
2.052708333333333144e+02,-8.821013673409554279e-02
2.052916666666666572e+02,-8.845815109475542448e-02
2.053125000000000000e+02,-8.880167616458992108e-02
2.053333333333333144e+02,-8.921948133088515587e-02
2.053541666666666572e+02,-8.968192491180428105e-02
2.053750000000000000e+02,-9.019957716571248840e-02
2.053958333333333144e+02,-9.077988051989803464e-02
2.054166666666666572e+02,-9.138128685335202006e-02
2.054375000000000000e+02,-9.195426142791339463e-02
2.054583333333333144e+02,-9.249769016752062978e-02
2.054791666666666572e+02,-9.301818934521462190e-02
2.055000000000000000e+02,-9.347612550111417118e-02
2.055208333333333144e+02,-9.382590082583444624e-02
2.055416666666666572e+02,-9.407079147189004176e-02
2.055625000000000000e+02,-9.422452247534868208e-02
2.055833333333333144e+02,-9.427202098298211042e-02
2.056041666666666572e+02,-9.421013542290655740e-02
2.056250000000000000e+02,-9.407334962998563366e-02
2.056458333333333144e+02,-9.388812974135279932e-02
2.056666666666666572e+02,-9.363247989794244719e-02
2.056875000000000000e+02,-9.327765041687495484e-02
2.057083333333333144e+02,-9.284366757578764451e-02
2.057291666666666572e+02,-9.235887033980369476e-02
2.057500000000000000e+02,-9.181423714317778206e-02
2.057708333333333144e+02,-9.120610226941684717e-02
2.057916666666666572e+02,-9.058150933036804298e-02
2.058125000000000000e+02,-8.999564119752390123e-02
2.058333333333333144e+02,-8.945541794333604357e-02
2.058541666666666572e+02,-8.895840861760900831e-02
2.058750000000000000e+02,-8.852825087334276200e-02
2.058958333333333144e+02,-8.816935838764343447e-02
2.059166666666666572e+02,-8.786927029070439044e-02
2.059375000000000000e+02,-8.764789106301747179e-02
2.059583333333333144e+02,-8.753211866077649506e-02
2.059791666666666572e+02,-8.750089064351128376e-02
2.060000000000000000e+02,-8.752590619174774322e-02
2.060208333333333144e+02,-8.762744619358947551e-02
2.060416666666666572e+02,-8.783374668797294671e-02
2.060625000000000000e+02,-8.812417653144222207e-02
2.060833333333333144e+02,-8.847069343115801510e-02
2.061041666666666572e+02,-8.888729411256052204e-02
2.061250000000000000e+02,-8.938857410467589137e-02
2.061458333333333144e+02,-8.994057118512681359e-02
2.061666666666666572e+02,-9.050212690767769907e-02
2.061875000000000000e+02,-9.108068626826358594e-02
2.062083333333333144e+02,-9.169177448132440067e-02
2.062291666666666572e+02,-9.230204857055604450e-02
2.062500000000000000e+02,-9.287096827282369238e-02
2.062708333333333144e+02,-9.340656697927854357e-02
2.062916666666666572e+02,-9.392486839782823727e-02
2.063125000000000000e+02,-9.439308859859006640e-02
2.063333333333333144e+02,-9.477137017925947593e-02
2.063541666666666572e+02,-9.506839029815289388e-02
2.063750000000000000e+02,-9.530092924492730710e-02
2.063958333333333144e+02,-9.544026511130018764e-02
2.064166666666666572e+02,-9.545476949070810790e-02
2.064375000000000000e+02,-9.536174644553598034e-02
2.064583333333333144e+02,-9.518678135158629983e-02
2.064791666666666572e+02,-9.491347428089678961e-02
2.065000000000000000e+02,-9.452686236232672734e-02
2.065208333333333144e+02,-9.406067515239277532e-02
2.065416666666666572e+02,-9.355655876360444156e-02
2.065625000000000000e+02,-9.300812807411890093e-02
2.065833333333333144e+02,-9.240144176128303743e-02
2.066041666666666572e+02,-9.177115262316808131e-02
2.066250000000000000e+02,-9.116045789855432846e-02
2.066458333333333144e+02,-9.056377784417243837e-02
2.066666666666666572e+02,-8.996777106243171451e-02
2.066875000000000000e+02,-8.940752164148979553e-02
2.067083333333333144e+02,-8.892736207153052741e-02
2.067291666666666572e+02,-8.852374081119707139e-02
2.067500000000000000e+02,-8.818451855098403958e-02
2.067708333333333144e+02,-8.793493083165042357e-02
2.067916666666666572e+02,-8.779506890062445390e-02
2.068125000000000000e+02,-8.773482420421876982e-02
2.068333333333333144e+02,-8.771624485189292997e-02
2.068541666666666572e+02,-8.774984440061280033e-02
2.068750000000000000e+02,-8.785564494753304865e-02
2.068958333333333144e+02,-8.800590516659267948e-02
2.069166666666666572e+02,-8.816490474180294079e-02
2.069375000000000000e+02,-8.834543471836589501e-02
2.069583333333333144e+02,-8.856918988931522518e-02
2.069791666666666572e+02,-8.880919861368605228e-02
2.070000000000000000e+02,-8.903064402199571681e-02
2.070208333333333144e+02,-8.924718305652952488e-02
2.070416666666666572e+02,-8.948114935759568511e-02
2.070625000000000000e+02,-8.970623397040279612e-02
2.070833333333333144e+02,-8.988848904391243122e-02
2.071041666666666572e+02,-9.004248085101168586e-02
2.071250000000000000e+02,-9.019239787613375636e-02
2.071458333333333144e+02,-9.031510929652225572e-02
2.071666666666666572e+02,-9.038080226025588249e-02
2.071875000000000000e+02,-9.040967497733501390e-02
2.072083333333333144e+02,-9.043203456182551114e-02
2.072291666666666572e+02,-9.043140478887858047e-02
2.072500000000000000e+02,-9.038654251057216815e-02
2.072708333333333144e+02,-9.032702811064853565e-02
2.072916666666666572e+02,-9.029177803541019176e-02
2.073125000000000000e+02,-9.027304857728545018e-02
2.073333333333333144e+02,-9.025641233766959481e-02
2.073541666666666572e+02,-9.026677452755840769e-02
2.073750000000000000e+02,-9.032426396284634618e-02
2.073958333333333144e+02,-9.039920017778142747e-02
2.074166666666666572e+02,-9.045365153158849147e-02
2.074375000000000000e+02,-9.049828145292888870e-02
2.074583333333333144e+02,-9.055119371089971614e-02
2.074791666666666572e+02,-9.058287472467321799e-02
2.075000000000000000e+02,-9.055612266874238370e-02
2.075208333333333144e+02,-9.048249320501108861e-02
2.075416666666666572e+02,-9.038217329426470603e-02
2.075625000000000000e+02,-9.023355272965025153e-02
2.075833333333333144e+02,-9.001479488874748747e-02
2.076041666666666572e+02,-8.975373145240510275e-02
2.076250000000000000e+02,-8.948562389292641361e-02
2.076458333333333144e+02,-8.919716704049324152e-02
2.076666666666666572e+02,-8.886575244748211311e-02
2.076875000000000000e+02,-8.851613875567182488e-02
2.077083333333333144e+02,-8.817990686011209500e-02
2.077291666666666572e+02,-8.783971591109314414e-02
2.077500000000000000e+02,-8.747054856451043359e-02
2.077708333333333144e+02,-8.709625014569803703e-02
2.077916666666666572e+02,-8.674765053250102498e-02
2.078125000000000000e+02,-8.640697496896489194e-02
2.078333333333333144e+02,-8.604702576208345111e-02
2.078541666666666572e+02,-8.568751062631019266e-02
2.078750000000000000e+02,-8.535401620824394076e-02
2.078958333333333144e+02,-8.502447898601318832e-02
2.079166666666666572e+02,-8.466957799115412686e-02
2.079375000000000000e+02,-8.430546324992779783e-02
2.079583333333333144e+02,-8.395406246303480091e-02
2.079791666666666572e+02,-8.360337058922528986e-02
2.080000000000000000e+02,-8.325222834355050505e-02
2.080208333333333144e+02,-8.293576575192583566e-02
2.080416666666666572e+02,-8.267973284361761210e-02
2.080625000000000000e+02,-8.245676442865712552e-02
2.080833333333333144e+02,-8.222887485943072838e-02
2.081041666666666572e+02,-8.200339832763497983e-02
2.081250000000000000e+02,-8.180116753835565968e-02
2.081458333333333144e+02,-8.161100378513998221e-02
2.081666666666666572e+02,-8.142287168986274415e-02
2.081875000000000000e+02,-8.127267563876069967e-02
2.082083333333333144e+02,-8.120088676934124339e-02
2.082291666666666572e+02,-8.119618930512265131e-02
2.082500000000000000e+02,-8.123640773519028024e-02
2.082708333333333144e+02,-8.134434372323932905e-02
2.082916666666666572e+02,-8.154743073009157461e-02
2.083125000000000000e+02,-8.182262516869426294e-02
2.083333333333333144e+02,-8.213727238709236933e-02
2.083541666666666572e+02,-8.250510114945024120e-02
2.083750000000000000e+02,-8.294587299694966553e-02
2.083958333333333144e+02,-8.342901423278176187e-02
2.084166666666666572e+02,-8.391475412757995467e-02
2.084375000000000000e+02,-8.441050857563604792e-02
2.084583333333333144e+02,-8.493066725229035663e-02
2.084791666666666572e+02,-8.544071014629307792e-02
2.085000000000000000e+02,-8.589848201896366220e-02
2.085208333333333144e+02,-8.631033915326677408e-02
2.085416666666666572e+02,-8.669158857348392699e-02
2.085625000000000000e+02,-8.701595981477112940e-02
2.085833333333333144e+02,-8.725851390739687574e-02
2.086041666666666572e+02,-8.744376170870106491e-02
2.086250000000000000e+02,-8.760510818860112181e-02
2.086458333333333144e+02,-8.772780328167235908e-02
2.086666666666666572e+02,-8.778936328121618449e-02
2.086875000000000000e+02,-8.781572084777347631e-02
2.087083333333333144e+02,-8.784152918378763941e-02
2.087291666666666572e+02,-8.785271759871439434e-02
2.087500000000000000e+02,-8.782724222762053334e-02
2.087708333333333144e+02,-8.779093629896926598e-02
2.087916666666666572e+02,-8.777817295767630090e-02
2.088125000000000000e+02,-8.777519702386477052e-02
2.088333333333333144e+02,-8.776035360233387650e-02
2.088541666666666572e+02,-8.776053128748177723e-02
2.088750000000000000e+02,-8.781130144069590471e-02
2.088958333333333144e+02,-8.789946347951838046e-02
2.089166666666666572e+02,-8.800418954735937660e-02
2.089375000000000000e+02,-8.815314020306207199e-02
2.089583333333333144e+02,-8.838224604519354100e-02
2.089791666666666572e+02,-8.867861154669455515e-02
2.090000000000000000e+02,-8.902032683733955565e-02
2.090208333333333144e+02,-8.941747514868778057e-02
2.090416666666666572e+02,-8.986925038979062808e-02
2.090625000000000000e+02,-9.033645616096452891e-02
2.090833333333333144e+02,-9.078858051822508157e-02
2.091041666666666572e+02,-9.124541803758683123e-02
2.091250000000000000e+02,-9.173614988401795900e-02
2.091458333333333144e+02,-9.224311556810961543e-02
2.091666666666666572e+02,-9.274228810704951420e-02
2.091875000000000000e+02,-9.324782068939251045e-02
2.092083333333333144e+02,-9.376941169114612340e-02
2.092291666666666572e+02,-9.427028277042923121e-02
2.092500000000000000e+02,-9.470909856274262184e-02
2.092708333333333144e+02,-9.509566049460825565e-02
2.092916666666666572e+02,-9.545025021264390286e-02
2.093125000000000000e+02,-9.574837210346956451e-02
2.093333333333333144e+02,-9.596099904718595475e-02
2.093541666666666572e+02,-9.611089730234971540e-02
2.093750000000000000e+02,-9.623163085202736389e-02
2.093958333333333144e+02,-9.631169131613388779e-02
2.094166666666666572e+02,-9.633425140468189485e-02
2.094375000000000000e+02,-9.633247746407944123e-02
2.094583333333333144e+02,-9.634919074614652079e-02
2.094791666666666572e+02,-9.638130585090110003e-02
2.095000000000000000e+02,-9.641217360465453856e-02
2.095208333333333144e+02,-9.645665278788964625e-02
2.095416666666666572e+02,-9.652656082268475102e-02
2.095625000000000000e+02,-9.658710489103641827e-02
2.095833333333333144e+02,-9.659893180793931167e-02
2.096041666666666572e+02,-9.657340037166965707e-02
2.096250000000000000e+02,-9.653136079431513805e-02
2.096458333333333144e+02,-9.644679890928173349e-02
2.096666666666666572e+02,-9.628697272614851477e-02
2.096875000000000000e+02,-9.606816418525540580e-02
2.097083333333333144e+02,-9.581422844039359787e-02
2.097291666666666572e+02,-9.550040560103188747e-02
2.097500000000000000e+02,-9.509366438843529223e-02
2.097708333333333144e+02,-9.460980113673310432e-02
2.097916666666666572e+02,-9.407392085820547034e-02
2.098125000000000000e+02,-9.347876567543685067e-02
2.098333333333333144e+02,-9.282752611265818188e-02
2.098541666666666572e+02,-9.216198891345273037e-02
2.098750000000000000e+02,-9.151605142699112405e-02
2.098958333333333144e+02,-9.087386582083281650e-02
2.099166666666666572e+02,-9.021114045014691496e-02
2.099375000000000000e+02,-8.955158893262972486e-02
2.099583333333333144e+02,-8.892650088195873381e-02
2.099791666666666572e+02,-8.831858744432645458e-02
2.100000000000000000e+02,-8.770217546191896862e-02
2.100208333333333144e+02,-8.710038650737578214e-02
2.100416666666666572e+02,-8.654367884680887191e-02
2.100625000000000000e+02,-8.601398111871791374e-02
2.100833333333333144e+02,-8.548523177632365300e-02
2.101041666666666572e+02,-8.498018699770723550e-02
2.101250000000000000e+02,-8.452862108606391811e-02
2.101458333333333144e+02,-8.411176898234863641e-02
2.101666666666666572e+02,-8.370272083260334173e-02
2.101875000000000000e+02,-8.332282981335342731e-02
2.102083333333333144e+02,-8.300031502273269579e-02
2.102291666666666572e+02,-8.271484976527733457e-02
2.102500000000000000e+02,-8.243761665921922610e-02
2.102708333333333144e+02,-8.218756471355380400e-02
2.102916666666666572e+02,-8.199059617309763237e-02
2.103125000000000000e+02,-8.182410660468243668e-02
2.103333333333333144e+02,-8.165780716664575167e-02
2.103541666666666572e+02,-8.151029325595289532e-02
2.103750000000000000e+02,-8.140705166431576323e-02
2.103958333333333144e+02,-8.132499349269846356e-02
2.104166666666666572e+02,-8.123245908056429820e-02
2.104375000000000000e+02,-8.114553742557024940e-02
2.104583333333333144e+02,-8.108747751166583972e-02
2.104791666666666572e+02,-8.103501205763154192e-02
2.105000000000000000e+02,-8.095956081888401601e-02
2.105208333333333144e+02,-8.088168832500645944e-02
2.105416666666666572e+02,-8.082896080196202981e-02
2.105625000000000000e+02,-8.078042649642748485e-02
2.105833333333333144e+02,-8.070743035668859200e-02
2.106041666666666572e+02,-8.063013640611932376e-02
2.106250000000000000e+02,-8.057559599922030358e-02
2.106458333333333144e+02,-8.052318206368974662e-02
2.106666666666666572e+02,-8.044541239195587834e-02
2.106875000000000000e+02,-8.036378367072537221e-02
2.107083333333333144e+02,-8.030704583959744070e-02
2.107291666666666572e+02,-8.025543314454390564e-02
2.107500000000000000e+02,-8.018117761490713147e-02
2.107708333333333144e+02,-8.010530410994244621e-02
2.107916666666666572e+02,-8.005598943622974084e-02
2.108125000000000000e+02,-8.001292248203521751e-02
2.108333333333333144e+02,-7.994650752149061457e-02
2.108541666666666572e+02,-7.987433924253178885e-02
2.108750000000000000e+02,-7.982063566740464633e-02
2.108958333333333144e+02,-7.976706481232852253e-02
2.109166666666666572e+02,-7.969415514535424516e-02
2.109375000000000000e+02,-7.962950835726757826e-02
2.109583333333333144e+02,-7.960596125521214594e-02
2.109791666666666572e+02,-7.960435445904147367e-02
2.110000000000000000e+02,-7.959477949533078078e-02
2.110208333333333144e+02,-7.959250615597497636e-02
2.110416666666666572e+02,-7.961839013255986308e-02
2.110625000000000000e+02,-7.965229205150897718e-02
2.110833333333333144e+02,-7.967588297281832932e-02
2.111041666666666572e+02,-7.971715022655832816e-02
2.111250000000000000e+02,-7.980866747796255822e-02
2.111458333333333144e+02,-7.993176063602883130e-02
2.111666666666666572e+02,-8.005727969824073809e-02
2.111875000000000000e+02,-8.020093124676044849e-02
2.112083333333333144e+02,-8.038304251697750424e-02
2.112291666666666572e+02,-8.057358321617776042e-02
2.112500000000000000e+02,-8.073355714195820654e-02
2.112708333333333144e+02,-8.086957460984828261e-02
2.112916666666666572e+02,-8.099994229361622000e-02
2.113125000000000000e+02,-8.111086772891172580e-02
2.113333333333333144e+02,-8.119292373830655496e-02
2.113541666666666572e+02,-8.128335807561708204e-02
2.113750000000000000e+02,-8.142403239362194789e-02
2.113958333333333144e+02,-8.160482270335778221e-02
2.114166666666666572e+02,-8.180471855483328891e-02
2.114375000000000000e+02,-8.204773212583797715e-02
2.114583333333333144e+02,-8.236266345146434076e-02
2.114791666666666572e+02,-8.272779371464847320e-02
2.115000000000000000e+02,-8.311135197116703566e-02
2.115208333333333144e+02,-8.352693543421670086e-02
2.115416666666666572e+02,-8.399339228376066779e-02
2.115625000000000000e+02,-8.447824697509996594e-02
2.115833333333333144e+02,-8.493838140347306775e-02
2.116041666666666572e+02,-8.537551108645323461e-02
2.116250000000000000e+02,-8.579717293721550453e-02
2.116458333333333144e+02,-8.618018817070444149e-02
2.116666666666666572e+02,-8.651588773472315697e-02
2.116875000000000000e+02,-8.682794100737324661e-02
2.117083333333333144e+02,-8.712667167747771557e-02
2.117291666666666572e+02,-8.739099435720705522e-02
2.117500000000000000e+02,-8.761550937613667156e-02
2.117708333333333144e+02,-8.782141091761026808e-02
2.117916666666666572e+02,-8.801061385098300771e-02
2.118125000000000000e+02,-8.817348404858939281e-02
2.118333333333333144e+02,-8.833386060396553052e-02
2.118541666666666572e+02,-8.851012516388064022e-02
2.118750000000000000e+02,-8.866788425678300001e-02
2.118958333333333144e+02,-8.876189430350103771e-02
2.119166666666666572e+02,-8.879345350409237336e-02
2.119375000000000000e+02,-8.878531897464393696e-02
2.119583333333333144e+02,-8.873013315861842665e-02
2.119791666666666572e+02,-8.861168154432197408e-02
2.120000000000000000e+02,-8.845915633324494265e-02
2.120208333333333144e+02,-8.830621753294316811e-02
2.120416666666666572e+02,-8.813474115666607156e-02
2.120625000000000000e+02,-8.791508640672790476e-02
2.120833333333333144e+02,-8.766303170357933605e-02
2.121041666666666572e+02,-8.740042527867371291e-02
2.121250000000000000e+02,-8.711535198398458191e-02
2.121458333333333144e+02,-8.680592435215418734e-02
2.121666666666666572e+02,-8.650901072347921827e-02
2.121875000000000000e+02,-8.625484422900661641e-02
2.122083333333333144e+02,-8.602077047867817683e-02
2.122291666666666572e+02,-8.577286926556916546e-02
2.122500000000000000e+02,-8.552287777056785667e-02
2.122708333333333144e+02,-8.528816733246784298e-02
2.122916666666666572e+02,-8.505594816576209083e-02
2.123125000000000000e+02,-8.482826614443678137e-02
2.123333333333333144e+02,-8.463229304677311049e-02
2.123541666666666572e+02,-8.447258892124494267e-02
2.123750000000000000e+02,-8.434323216496247833e-02
2.123958333333333144e+02,-8.427036650119376637e-02
2.124166666666666572e+02,-8.427092951741764482e-02
2.124375000000000000e+02,-8.431303100206689882e-02
2.124583333333333144e+02,-8.436009020747711751e-02
2.124791666666666572e+02,-8.442178641780910542e-02
2.125000000000000000e+02,-8.451324764218327845e-02
2.125208333333333144e+02,-8.460939785703262828e-02
2.125416666666666572e+02,-8.468942483760866224e-02
2.125625000000000000e+02,-8.477958824264525406e-02
2.125833333333333144e+02,-8.491068809288328245e-02
2.126041666666666572e+02,-8.506188607834005988e-02
2.126250000000000000e+02,-8.520207715839282769e-02
2.126458333333333144e+02,-8.534539071011634781e-02
2.126666666666666572e+02,-8.551062355244792856e-02
2.126875000000000000e+02,-8.566666048174936821e-02
2.127083333333333144e+02,-8.577394768755085275e-02
2.127291666666666572e+02,-8.583858271452592115e-02
2.127500000000000000e+02,-8.587953096396865049e-02
2.127708333333333144e+02,-8.588495361288177310e-02
2.127916666666666572e+02,-8.584713233105810415e-02
2.128125000000000000e+02,-8.580480699832275515e-02
2.128333333333333144e+02,-8.580144772783311613e-02
2.128541666666666572e+02,-8.582877798989127505e-02
2.128750000000000000e+02,-8.586752244880049845e-02
2.128958333333333144e+02,-8.594313109442175413e-02
2.129166666666666572e+02,-8.608553964047140072e-02
2.129375000000000000e+02,-8.627391241283954848e-02
2.129583333333333144e+02,-8.647718867010256716e-02
2.129791666666666572e+02,-8.670904977571518291e-02
2.130000000000000000e+02,-8.698765578636198648e-02
2.130208333333333144e+02,-8.727922049851558062e-02
2.130416666666666572e+02,-8.753918342946098718e-02
2.130625000000000000e+02,-8.776873785815796081e-02
2.130833333333333144e+02,-8.797884567907528208e-02
2.131041666666666572e+02,-8.815126575699140654e-02
2.131250000000000000e+02,-8.827919159911783165e-02
2.131458333333333144e+02,-8.839110415734709181e-02
2.131666666666666572e+02,-8.850503778328193405e-02
2.131875000000000000e+02,-8.859360151181144838e-02
2.132083333333333144e+02,-8.862889233254303556e-02
2.132291666666666572e+02,-8.862909934627873076e-02
2.132500000000000000e+02,-8.861718943218642452e-02
2.132708333333333144e+02,-8.856906123874799808e-02
2.132916666666666572e+02,-8.845545008960453703e-02
2.133125000000000000e+02,-8.829274816271909243e-02
2.133333333333333144e+02,-8.810316201782417145e-02
2.133541666666666572e+02,-8.787409555067736411e-02
2.133750000000000000e+02,-8.760326588184551289e-02
2.133958333333333144e+02,-8.733183466391608585e-02
2.134166666666666572e+02,-8.710031828954960254e-02
2.134375000000000000e+02,-8.689696057566823062e-02
2.134583333333333144e+02,-8.669971587141640790e-02
2.134791666666666572e+02,-8.653216654936489449e-02
2.135000000000000000e+02,-8.642269619364169320e-02
2.135208333333333144e+02,-8.634723100270363938e-02
2.135416666666666572e+02,-8.627061395329339855e-02
2.135625000000000000e+02,-8.620318254075461095e-02
2.135833333333333144e+02,-8.616078327047635432e-02
2.136041666666666572e+02,-8.612242377048991149e-02
2.136250000000000000e+02,-8.607533627907326679e-02
2.136458333333333144e+02,-8.605414541184394639e-02
2.136666666666666572e+02,-8.609816464015598858e-02
2.136875000000000000e+02,-8.619460642869815337e-02
2.137083333333333144e+02,-8.631969564341847312e-02
2.137291666666666572e+02,-8.649463667596478389e-02
2.137500000000000000e+02,-8.674507749796223077e-02
2.137708333333333144e+02,-8.704582111177934511e-02
2.137916666666666572e+02,-8.736154517434115141e-02
2.138125000000000000e+02,-8.770178561428344788e-02
2.138333333333333144e+02,-8.808057298372297395e-02
2.138541666666666572e+02,-8.846109811037518311e-02
2.138750000000000000e+02,-8.879715686678370246e-02
2.138958333333333144e+02,-8.908922878050930250e-02
2.139166666666666572e+02,-8.934846733252886641e-02
2.139375000000000000e+02,-8.955618851979821327e-02
2.139583333333333144e+02,-8.970468424951388853e-02
2.139791666666666572e+02,-8.982359697154171374e-02
2.140000000000000000e+02,-8.993441765807851096e-02
2.140208333333333144e+02,-9.000808448537823969e-02
2.140416666666666572e+02,-9.000790016160949147e-02
2.140625000000000000e+02,-8.994309349672394149e-02
2.140833333333333144e+02,-8.983378755657822623e-02
2.141041666666666572e+02,-8.967029520939651110e-02
2.141250000000000000e+02,-8.945215278451040808e-02
2.141458333333333144e+02,-8.921671758563652632e-02
2.141666666666666572e+02,-8.899390534384436779e-02
2.141875000000000000e+02,-8.876016231840810899e-02
2.142083333333333144e+02,-8.848111242515692421e-02
2.142291666666666572e+02,-8.816809769069051950e-02
2.142500000000000000e+02,-8.784512246850381678e-02
2.142708333333333144e+02,-8.750328592905348701e-02
2.142916666666666572e+02,-8.713570281512145188e-02
2.143125000000000000e+02,-8.678193274449878813e-02
2.143333333333333144e+02,-8.648614767213308463e-02
2.143541666666666572e+02,-8.624054918405400783e-02
2.143750000000000000e+02,-8.602645234883987690e-02
2.143958333333333144e+02,-8.587007418684111659e-02
2.144166666666666572e+02,-8.580206122843460348e-02
2.144375000000000000e+02,-8.580295344870621232e-02
2.144583333333333144e+02,-8.584365630575312156e-02
2.144791666666666572e+02,-8.594185536967392791e-02
2.145000000000000000e+02,-8.612200036113228097e-02
2.145208333333333144e+02,-8.635949915906543373e-02
2.145416666666666572e+02,-8.662282957577806253e-02
2.145625000000000000e+02,-8.692967463199913203e-02
2.145833333333333144e+02,-8.730553860143708267e-02
2.146041666666666572e+02,-8.772704042742029973e-02
2.146250000000000000e+02,-8.816388364201037386e-02
2.146458333333333144e+02,-8.863395343101120039e-02
2.146666666666666572e+02,-8.916315691987843073e-02
2.146875000000000000e+02,-8.972941752299123941e-02
2.147083333333333144e+02,-9.030360453779660845e-02
2.147291666666666572e+02,-9.090514474789070098e-02
2.147500000000000000e+02,-9.156125548649676760e-02
2.147708333333333144e+02,-9.225028275802431288e-02
2.147916666666666572e+02,-9.294314666929485991e-02
2.148125000000000000e+02,-9.365054780732863515e-02
2.148333333333333144e+02,-9.437980636619762442e-02
2.148541666666666572e+02,-9.508820367280450270e-02
2.148750000000000000e+02,-9.572635898781725605e-02
2.148958333333333144e+02,-9.629357698662763254e-02
2.149166666666666572e+02,-9.679811203798301122e-02
2.149375000000000000e+02,-9.720868802238881445e-02
2.149583333333333144e+02,-9.749746779168433353e-02
2.149791666666666572e+02,-9.768630195910033009e-02
2.150000000000000000e+02,-9.780468194003960614e-02
2.150208333333333144e+02,-9.783321911780418212e-02
2.150416666666666572e+02,-9.774572193898627137e-02
2.150625000000000000e+02,-9.756453373908570426e-02
2.150833333333333144e+02,-9.731996273784770946e-02
2.151041666666666572e+02,-9.699406110583703999e-02
2.151250000000000000e+02,-9.656209967802778515e-02
2.151458333333333144e+02,-9.604791074003979356e-02
2.151666666666666572e+02,-9.548402491210751519e-02
2.151875000000000000e+02,-9.485867526780043801e-02
2.152083333333333144e+02,-9.415745210095216589e-02
2.152291666666666572e+02,-9.341493796157385177e-02
2.152500000000000000e+02,-9.267348453135489106e-02
2.152708333333333144e+02,-9.192650090798266949e-02
2.152916666666666572e+02,-9.116040679610559749e-02
2.153125000000000000e+02,-9.041012732708042510e-02
2.153333333333333144e+02,-8.971838513081942246e-02
2.153541666666666572e+02,-8.907920262531686395e-02
2.153750000000000000e+02,-8.847969412354217411e-02
2.153958333333333144e+02,-8.795522550414448804e-02
2.154166666666666572e+02,-8.754949086453187035e-02
2.154375000000000000e+02,-8.725830595633750353e-02
2.154583333333333144e+02,-8.706904900594632235e-02
2.154791666666666572e+02,-8.699909871258505734e-02
2.155000000000000000e+02,-8.705142392697848286e-02
2.155208333333333144e+02,-8.719192954804685924e-02
2.155416666666666572e+02,-8.739668358149740857e-02
2.155625000000000000e+02,-8.768339209415552948e-02
2.155833333333333144e+02,-8.806664499239791333e-02
2.156041666666666572e+02,-8.851103082909506092e-02
2.156250000000000000e+02,-8.897395341072365793e-02
2.156458333333333144e+02,-8.946134946640110774e-02
2.156666666666666572e+02,-8.998723593191224057e-02
2.156875000000000000e+02,-9.051693828595688829e-02
2.157083333333333144e+02,-9.100867537473861235e-02
2.157291666666666572e+02,-9.146922118941396007e-02
2.157500000000000000e+02,-9.191382870821805662e-02
2.157708333333333144e+02,-9.230956801818540614e-02
2.157916666666666572e+02,-9.261627698665891861e-02
2.158125000000000000e+02,-9.284238941491791686e-02
2.158333333333333144e+02,-9.300640911361597596e-02
2.158541666666666572e+02,-9.308817953040884885e-02
2.158750000000000000e+02,-9.307189160831266794e-02
2.158958333333333144e+02,-9.299341153743498345e-02
2.159166666666666572e+02,-9.289972913333875704e-02
2.159375000000000000e+02,-9.279203708976105358e-02
2.159583333333333144e+02,-9.266542483728053281e-02
2.159791666666666572e+02,-9.254846926061019441e-02
2.160000000000000000e+02,-9.245740549647832318e-02
2.160208333333333144e+02,-9.236688838656935407e-02
2.160416666666666572e+02,-9.225521855296066331e-02
2.160625000000000000e+02,-9.215401280189162991e-02
2.160833333333333144e+02,-9.210573670881232189e-02
2.161041666666666572e+02,-9.210712086315367420e-02
2.161250000000000000e+02,-9.214482199887631675e-02
2.161458333333333144e+02,-9.223283237463694717e-02
2.161666666666666572e+02,-9.237248225049657369e-02
2.161875000000000000e+02,-9.253478248223945268e-02
2.162083333333333144e+02,-9.270628362007200807e-02
2.162291666666666572e+02,-9.289988856881568891e-02
2.162500000000000000e+02,-9.310738006620648821e-02
2.162708333333333144e+02,-9.331346541513346748e-02
2.162916666666666572e+02,-9.353468373984921702e-02
2.163125000000000000e+02,-9.377812062092066858e-02
2.163333333333333144e+02,-9.401017559711190297e-02
2.163541666666666572e+02,-9.420217657107567144e-02
2.163750000000000000e+02,-9.437474549343057018e-02
2.163958333333333144e+02,-9.455639013290693951e-02
2.164166666666666572e+02,-9.472692257781209491e-02
2.164375000000000000e+02,-9.485857573276826327e-02
2.164583333333333144e+02,-9.497137020783411043e-02
2.164791666666666572e+02,-9.509343429902893108e-02
2.165000000000000000e+02,-9.520426571164398999e-02
2.165208333333333144e+02,-9.527530870185453582e-02
2.165416666666666572e+02,-9.532600320547073014e-02
2.165625000000000000e+02,-9.538369568359691963e-02
2.165833333333333144e+02,-9.542676810125431952e-02
2.166041666666666572e+02,-9.542599244993429930e-02
2.166250000000000000e+02,-9.540031646539148813e-02
2.166458333333333144e+02,-9.537657378332224656e-02
2.166666666666666572e+02,-9.533256702823920958e-02
2.166875000000000000e+02,-9.523849476137684344e-02
2.167083333333333144e+02,-9.511268069189736385e-02
2.167291666666666572e+02,-9.498128305232694801e-02
2.167500000000000000e+02,-9.482153947635618696e-02
2.167708333333333144e+02,-9.460310179393391361e-02
2.167916666666666572e+02,-9.434285063646370706e-02
2.168125000000000000e+02,-9.406516359756432466e-02
2.168333333333333144e+02,-9.374735520231097796e-02
2.168541666666666572e+02,-9.336020820158577593e-02
2.168750000000000000e+02,-9.292225744605429882e-02
2.168958333333333144e+02,-9.246051246109823762e-02
2.169166666666666572e+02,-9.196263904184490134e-02
2.169375000000000000e+02,-9.142033060651415244e-02
2.169583333333333144e+02,-9.087447083735733511e-02
2.169791666666666572e+02,-9.037375284799628594e-02
2.170000000000000000e+02,-8.991665385285713130e-02
2.170208333333333144e+02,-8.949235936136004654e-02
2.170416666666666572e+02,-8.913542818745399943e-02
2.170625000000000000e+02,-8.888436481343300888e-02
2.170833333333333144e+02,-8.872544934441770059e-02
2.171041666666666572e+02,-8.863493105103624481e-02
2.171250000000000000e+02,-8.863572411176776078e-02
2.171458333333333144e+02,-8.875554312201790197e-02
2.171666666666666572e+02,-8.897096795544597037e-02
2.171875000000000000e+02,-8.924772080582685230e-02
2.172083333333333144e+02,-8.959713600506721831e-02
2.172291666666666572e+02,-9.003459671991283220e-02
2.172500000000000000e+02,-9.052359243513050102e-02
2.172708333333333144e+02,-9.101681599558343605e-02
2.172916666666666572e+02,-9.151264106231857265e-02
2.173125000000000000e+02,-9.201400778734666885e-02
2.173333333333333144e+02,-9.248148344728519821e-02
2.173541666666666572e+02,-9.287688148213890660e-02
2.173750000000000000e+02,-9.320899030096753413e-02
2.173958333333333144e+02,-9.349108761592452022e-02
2.174166666666666572e+02,-9.369404675790837800e-02
2.174375000000000000e+02,-9.379020555093495193e-02
2.174583333333333144e+02,-9.379905302005042689e-02
2.174791666666666572e+02,-9.374436623257409451e-02
2.175000000000000000e+02,-9.360387011702363258e-02
2.175208333333333144e+02,-9.335172640240184394e-02
2.175416666666666572e+02,-9.300827158466695721e-02
2.175625000000000000e+02,-9.259895107018312199e-02
2.175833333333333144e+02,-9.211772856627020722e-02
2.176041666666666572e+02,-9.157228170931422384e-02
2.176250000000000000e+02,-9.100202278980017156e-02
2.176458333333333144e+02,-9.043110453787892022e-02
2.176666666666666572e+02,-8.985181185362615952e-02
2.176875000000000000e+02,-8.927156089642745984e-02
2.177083333333333144e+02,-8.871897712125680069e-02
2.177291666666666572e+02,-8.819603488340933828e-02
2.177500000000000000e+02,-8.769687715696554420e-02
2.177708333333333144e+02,-8.726078600567287180e-02
2.177916666666666572e+02,-8.693134838057020586e-02
2.178125000000000000e+02,-8.669988191830443891e-02
2.178333333333333144e+02,-8.654667777734521839e-02
2.178541666666666572e+02,-8.649708752351831231e-02
2.178750000000000000e+02,-8.658079582618838366e-02
2.178958333333333144e+02,-8.677713378848693482e-02
2.179166666666666572e+02,-8.705557839735422743e-02
2.179375000000000000e+02,-8.743069066501786557e-02
2.179583333333333144e+02,-8.792208475404718337e-02
2.179791666666666572e+02,-8.849735369409911234e-02
2.180000000000000000e+02,-8.911293139350937031e-02
2.180208333333333144e+02,-8.977102172346863862e-02
2.180416666666666572e+02,-9.047888866379977246e-02
2.180625000000000000e+02,-9.119149109911343920e-02
2.180833333333333144e+02,-9.185289922804462659e-02
2.181041666666666572e+02,-9.245318524072868027e-02
2.181250000000000000e+02,-9.299715383070387975e-02
2.181458333333333144e+02,-9.346132108228089042e-02
2.181666666666666572e+02,-9.382764567192468375e-02
2.181875000000000000e+02,-9.412470949360042527e-02
2.182083333333333144e+02,-9.438570240049977411e-02
2.182291666666666572e+02,-9.459330283086053726e-02
2.182500000000000000e+02,-9.472072530125567880e-02
2.182708333333333144e+02,-9.478780710895078065e-02
2.182916666666666572e+02,-9.482092928736043924e-02
2.183125000000000000e+02,-9.479755446188402324e-02
2.183333333333333144e+02,-9.468834010955191893e-02
2.183541666666666572e+02,-9.451355728075952478e-02
2.183750000000000000e+02,-9.430257979342132613e-02
2.183958333333333144e+02,-9.403732298051098448e-02
2.184166666666666572e+02,-9.369298616769583532e-02
2.184375000000000000e+02,-9.329350019071970535e-02
2.184583333333333144e+02,-9.287033945232235632e-02
2.184791666666666572e+02,-9.240614458058557523e-02
2.185000000000000000e+02,-9.187672016581567569e-02
2.185208333333333144e+02,-9.130639612421567741e-02
2.185416666666666572e+02,-9.072877144859477216e-02
2.185625000000000000e+02,-9.013066475067096905e-02
2.185833333333333144e+02,-8.949352300801599602e-02
2.186041666666666572e+02,-8.884955505984433455e-02
2.186250000000000000e+02,-8.824170716248047608e-02
2.186458333333333144e+02,-8.766790579899015612e-02
2.186666666666666572e+02,-8.712144425144700832e-02
2.186875000000000000e+02,-8.664701869820562452e-02
2.187083333333333144e+02,-8.629964419886233806e-02
2.187291666666666572e+02,-8.608754691807350701e-02
2.187500000000000000e+02,-8.598434330238607926e-02
2.187708333333333144e+02,-8.597796925158106285e-02
2.187916666666666572e+02,-8.607779269138426947e-02
2.188125000000000000e+02,-8.626686552546891651e-02
2.188333333333333144e+02,-8.652435693296937902e-02
2.188541666666666572e+02,-8.686575786164570101e-02
2.188750000000000000e+02,-8.729815854154623911e-02
2.188958333333333144e+02,-8.778132725533258074e-02
2.189166666666666572e+02,-8.827035632205548765e-02
2.189375000000000000e+02,-8.877260536902482901e-02
2.189583333333333144e+02,-8.930646184887949812e-02
2.189791666666666572e+02,-8.984493982162959635e-02
2.190000000000000000e+02,-9.035653359433108711e-02
2.190208333333333144e+02,-9.086154931116692535e-02
2.190416666666666572e+02,-9.139056270292791884e-02
2.190625000000000000e+02,-9.192859169320996560e-02
2.190833333333333144e+02,-9.245501619695370432e-02
2.191041666666666572e+02,-9.298379861682033731e-02
2.191250000000000000e+02,-9.351802525109212394e-02
2.191458333333333144e+02,-9.402085383158613474e-02
2.191666666666666572e+02,-9.446054337189825623e-02
2.191875000000000000e+02,-9.485730252353902214e-02
2.192083333333333144e+02,-9.524122288286177018e-02
2.192291666666666572e+02,-9.559657729566957418e-02
2.192500000000000000e+02,-9.590210303163422545e-02
2.192708333333333144e+02,-9.618463872366175837e-02
2.192916666666666572e+02,-9.647717818964081371e-02
2.193125000000000000e+02,-9.676728913559751177e-02
2.193333333333333144e+02,-9.703700107303964151e-02
2.193541666666666572e+02,-9.730090365639332273e-02
2.193750000000000000e+02,-9.756166833396527627e-02
2.193958333333333144e+02,-9.778778694109918623e-02
2.194166666666666572e+02,-9.795943909895200863e-02
2.194375000000000000e+02,-9.810062721503133576e-02
2.194583333333333144e+02,-9.823380566023931504e-02
2.194791666666666572e+02,-9.833217615042415261e-02
2.195000000000000000e+02,-9.836138639545217999e-02
2.195208333333333144e+02,-9.833598595874512571e-02
2.195416666666666572e+02,-9.827756327708192519e-02
2.195625000000000000e+02,-9.815919392453439918e-02
2.195833333333333144e+02,-9.794495149964413394e-02
2.196041666666666572e+02,-9.764643504402811813e-02
2.196250000000000000e+02,-9.728374984878325471e-02
2.196458333333333144e+02,-9.684640714169877318e-02
2.196666666666666572e+02,-9.633706713671784383e-02
2.196875000000000000e+02,-9.579254235553481822e-02
2.197083333333333144e+02,-9.523665422486940479e-02
2.197291666666666572e+02,-9.465648532372085422e-02
2.197500000000000000e+02,-9.404796891142390425e-02
2.197708333333333144e+02,-9.345147889996138768e-02
2.197916666666666572e+02,-9.290718179922817510e-02
2.198125000000000000e+02,-9.240589954904640524e-02
2.198333333333333144e+02,-9.192993852361387719e-02
2.198541666666666572e+02,-9.151048204759049121e-02
2.198750000000000000e+02,-9.118653855529441909e-02
2.198958333333333144e+02,-9.094854258116447099e-02
2.199166666666666572e+02,-9.077681585042146617e-02
2.199375000000000000e+02,-9.069269517092351518e-02
2.199583333333333144e+02,-9.071535095451459252e-02
2.199791666666666572e+02,-9.081247555697770368e-02
2.200000000000000000e+02,-9.094174609050710567e-02
2.200208333333333144e+02,-9.110610291467122202e-02
2.200416666666666572e+02,-9.131338438966141169e-02
2.200625000000000000e+02,-9.152338755437046391e-02
2.200833333333333144e+02,-9.168959256449536743e-02
2.201041666666666572e+02,-9.181133811535689693e-02
2.201250000000000000e+02,-9.189925136671635297e-02
2.201458333333333144e+02,-9.193579635298605723e-02
2.201666666666666572e+02,-9.191366884408508353e-02
2.201875000000000000e+02,-9.186308900645398512e-02
2.202083333333333144e+02,-9.180651189717926874e-02
2.202291666666666572e+02,-9.171432006911371670e-02
2.202500000000000000e+02,-9.154753184838601565e-02
2.202708333333333144e+02,-9.131433157952488500e-02
2.202916666666666572e+02,-9.103832774455883348e-02
2.203125000000000000e+02,-9.071233795491778773e-02
2.203333333333333144e+02,-9.033240027340859457e-02
2.203541666666666572e+02,-8.994452750729027557e-02
2.203750000000000000e+02,-8.960285675984017151e-02
2.203958333333333144e+02,-8.931230818077774691e-02
2.204166666666666572e+02,-8.906398757264016863e-02
2.204375000000000000e+02,-8.887961516916520477e-02
2.204583333333333144e+02,-8.877522335141653509e-02
2.204791666666666572e+02,-8.871658989822248098e-02
2.205000000000000000e+02,-8.866196115518643062e-02
2.205208333333333144e+02,-8.861810577750657558e-02
2.205416666666666572e+02,-8.860057537182623733e-02
2.205625000000000000e+02,-8.858288487370047370e-02
2.205833333333333144e+02,-8.853943981854391077e-02
2.206041666666666572e+02,-8.849406786390613677e-02
2.206250000000000000e+02,-8.848012922700214389e-02
2.206458333333333144e+02,-8.848365160292372134e-02
2.206666666666666572e+02,-8.848397939362953601e-02
2.206875000000000000e+02,-8.851032179250413467e-02
2.207083333333333144e+02,-8.860169713057025609e-02
2.207291666666666572e+02,-8.874991405063543948e-02
2.207500000000000000e+02,-8.893938984742431886e-02
2.207708333333333144e+02,-8.918416111731204687e-02
2.207916666666666572e+02,-8.948404610362167833e-02
2.208125000000000000e+02,-8.980881277321398071e-02
2.208333333333333144e+02,-9.014471498564789742e-02
2.208541666666666572e+02,-9.050096654596204160e-02
2.208750000000000000e+02,-9.086055627540087776e-02
2.208958333333333144e+02,-9.120344240157592097e-02
2.209166666666666572e+02,-9.155236349886800018e-02
2.209375000000000000e+02,-9.193019463180263084e-02
2.209583333333333144e+02,-9.231317664659680067e-02
2.209791666666666572e+02,-9.267307597896488891e-02
2.210000000000000000e+02,-9.303342071992141971e-02
2.210208333333333144e+02,-9.342904281663978738e-02
2.210416666666666572e+02,-9.384897611071986445e-02
2.210625000000000000e+02,-9.427093031288220903e-02
2.210833333333333144e+02,-9.470360992299133029e-02
2.211041666666666572e+02,-9.514962563004374096e-02
2.211250000000000000e+02,-9.557001366177741986e-02
2.211458333333333144e+02,-9.592931478162619596e-02
2.211666666666666572e+02,-9.624507836210634271e-02
2.211875000000000000e+02,-9.654535076837832130e-02
2.212083333333333144e+02,-9.681177352774794631e-02
2.212291666666666572e+02,-9.702157492623868229e-02
2.212500000000000000e+02,-9.720374779997312253e-02
2.212708333333333144e+02,-9.739840998591040022e-02
2.212916666666666572e+02,-9.759961985251472405e-02
2.213125000000000000e+02,-9.778664478247289793e-02
2.213333333333333144e+02,-9.797388265136762475e-02
2.213541666666666572e+02,-9.818075144581375757e-02
2.213750000000000000e+02,-9.838072144557973020e-02
2.213958333333333144e+02,-9.854304581319071887e-02
2.214166666666666572e+02,-9.868878998192535945e-02
2.214375000000000000e+02,-9.885009532924783626e-02
2.214583333333333144e+02,-9.901363542621895164e-02
2.214791666666666572e+02,-9.916085619560802145e-02
2.215000000000000000e+02,-9.930780593086219188e-02
2.215208333333333144e+02,-9.946040744343204176e-02
2.215416666666666572e+02,-9.958217786632199420e-02
2.215625000000000000e+02,-9.963912149092973847e-02
2.215833333333333144e+02,-9.964976288391903803e-02
2.216041666666666572e+02,-9.964374617343856044e-02
2.216250000000000000e+02,-9.960528867263208908e-02
2.216458333333333144e+02,-9.951430816868321594e-02
2.216666666666666572e+02,-9.940245009396178610e-02
2.216875000000000000e+02,-9.931249962447852297e-02
2.217083333333333144e+02,-9.924119792488635128e-02
2.217291666666666572e+02,-9.917039811912453651e-02
2.217500000000000000e+02,-9.911439240952130136e-02
2.217708333333333144e+02,-9.908907417505118109e-02
2.217916666666666572e+02,-9.906403989047200820e-02
2.218125000000000000e+02,-9.900448433226667622e-02
2.218333333333333144e+02,-9.892737082944148830e-02
2.218541666666666572e+02,-9.886100171203546227e-02
2.218750000000000000e+02,-9.878827553995196686e-02
2.218958333333333144e+02,-9.868756333330050423e-02
2.219166666666666572e+02,-9.858894824395668388e-02
2.219375000000000000e+02,-9.853391964351466970e-02
2.219583333333333144e+02,-9.851776999637304466e-02
2.219791666666666572e+02,-9.851782155328864254e-02
2.220000000000000000e+02,-9.854417655482512750e-02
2.220208333333333144e+02,-9.861369138806583279e-02
2.220416666666666572e+02,-9.869751550254311778e-02
2.220625000000000000e+02,-9.876208029923493059e-02
2.220833333333333144e+02,-9.882557499182217930e-02
2.221041666666666572e+02,-9.891786096665948491e-02
2.221250000000000000e+02,-9.902339403229766523e-02
2.221458333333333144e+02,-9.912061903941164764e-02
2.221666666666666572e+02,-9.922517750803769299e-02
2.221875000000000000e+02,-9.934654173043860892e-02
2.222083333333333144e+02,-9.944667834824728880e-02
2.222291666666666572e+02,-9.948284917174726738e-02
2.222500000000000000e+02,-9.946428642979851520e-02
2.222708333333333144e+02,-9.941178004146829228e-02
2.222916666666666572e+02,-9.930053600088317722e-02
2.223125000000000000e+02,-9.910114805615921618e-02
2.223333333333333144e+02,-9.883612909671248004e-02
2.223541666666666572e+02,-9.853940811520275900e-02
2.223750000000000000e+02,-9.819929432494363397e-02
2.223958333333333144e+02,-9.779953945760078149e-02
2.224166666666666572e+02,-9.737576282233291469e-02
2.224375000000000000e+02,-9.697422871487210161e-02
2.224583333333333144e+02,-9.659478016724429295e-02
2.224791666666666572e+02,-9.622933113376151704e-02
2.225000000000000000e+02,-9.590044525010776866e-02
2.225208333333333144e+02,-9.561931574273346834e-02
2.225416666666666572e+02,-9.535643049725282816e-02
2.225625000000000000e+02,-9.508669301250670391e-02
2.225833333333333144e+02,-9.483756409714140523e-02
2.226041666666666572e+02,-9.464773038392894355e-02
2.226250000000000000e+02,-9.451042981579900470e-02
2.226458333333333144e+02,-9.441071296017290726e-02
2.226666666666666572e+02,-9.436162340999811049e-02
2.226875000000000000e+02,-9.436268165586830792e-02
2.227083333333333144e+02,-9.438722245344426109e-02
2.227291666666666572e+02,-9.442903374785464876e-02
2.227500000000000000e+02,-9.449076333750938694e-02
2.227708333333333144e+02,-9.454310235888963021e-02
2.227916666666666572e+02,-9.456675058670865885e-02
2.228125000000000000e+02,-9.459043830206097236e-02
2.228333333333333144e+02,-9.464797980464564886e-02
2.228541666666666572e+02,-9.472749438675726052e-02
2.228750000000000000e+02,-9.481140080667159464e-02
2.228958333333333144e+02,-9.491689120110423372e-02
2.229166666666666572e+02,-9.505095007543284957e-02
2.229375000000000000e+02,-9.517611808404737028e-02
2.229583333333333144e+02,-9.525368731481012596e-02
2.229791666666666572e+02,-9.529594300452852440e-02
2.230000000000000000e+02,-9.532509344335186874e-02
2.230208333333333144e+02,-9.531722898390460053e-02
2.230416666666666572e+02,-9.524234715403070983e-02
2.230625000000000000e+02,-9.512096005692971534e-02
2.230833333333333144e+02,-9.498346645596833504e-02
2.231041666666666572e+02,-9.481488736236834414e-02
2.231250000000000000e+02,-9.459492692556481508e-02
2.231458333333333144e+02,-9.435473417238367244e-02
2.231666666666666572e+02,-9.413620636173405942e-02
2.231875000000000000e+02,-9.393650521124502495e-02
2.232083333333333144e+02,-9.374687854267567400e-02
2.232291666666666572e+02,-9.358616977549633065e-02
2.232500000000000000e+02,-9.345577975780172686e-02
2.232708333333333144e+02,-9.333776906245191962e-02
2.232916666666666572e+02,-9.324279001761796859e-02
2.233125000000000000e+02,-9.318901141135661759e-02
2.233333333333333144e+02,-9.314791174831074660e-02
2.233541666666666572e+02,-9.308514825752266242e-02
2.233750000000000000e+02,-9.301661342619081674e-02
2.233958333333333144e+02,-9.296785115662092869e-02
2.234166666666666572e+02,-9.291690217422222953e-02
2.234375000000000000e+02,-9.283442284440138192e-02
2.234583333333333144e+02,-9.273897094455560430e-02
2.234791666666666572e+02,-9.265586255278324135e-02
2.235000000000000000e+02,-9.256065220593788501e-02
2.235208333333333144e+02,-9.242071875369564649e-02
2.235416666666666572e+02,-9.225187372833509869e-02
2.235625000000000000e+02,-9.207785700283083186e-02
2.235833333333333144e+02,-9.187321463952900780e-02
2.236041666666666572e+02,-9.160488974642257143e-02
2.236250000000000000e+02,-9.128801391740308524e-02
2.236458333333333144e+02,-9.094629280497602830e-02
2.236666666666666572e+02,-9.056359516461512382e-02
2.236875000000000000e+02,-9.012717109787764247e-02
2.237083333333333144e+02,-8.967341937257501672e-02
2.237291666666666572e+02,-8.924655931649733143e-02
2.237500000000000000e+02,-8.884197292238196764e-02
2.237708333333333144e+02,-8.844742048812478941e-02
2.237916666666666572e+02,-8.809843436900249847e-02
2.238125000000000000e+02,-8.783871441991598916e-02
2.238333333333333144e+02,-8.766361403973253752e-02
2.238541666666666572e+02,-8.755872090948528530e-02
2.238750000000000000e+02,-8.754039605118028866e-02
2.238958333333333144e+02,-8.761349270544656342e-02
2.239166666666666572e+02,-8.774040369271025874e-02
2.239375000000000000e+02,-8.788651084039536543e-02
2.239583333333333144e+02,-8.806641758072789039e-02
2.239791666666666572e+02,-8.830265121891070490e-02
2.240000000000000000e+02,-8.856884647089335871e-02
2.240208333333333144e+02,-8.883099686330460376e-02
2.240416666666666572e+02,-8.910265035820494339e-02
2.240625000000000000e+02,-8.940470128609495637e-02
2.240833333333333144e+02,-8.970942914261732792e-02
2.241041666666666572e+02,-8.998154559256578422e-02
2.241250000000000000e+02,-9.023351444672193800e-02
2.241458333333333144e+02,-9.048592679068920286e-02
2.241666666666666572e+02,-9.071121901754132522e-02
2.241875000000000000e+02,-9.087424557666839986e-02
2.242083333333333144e+02,-9.098750035889961729e-02
2.242291666666666572e+02,-9.107146596860173082e-02
2.242500000000000000e+02,-9.109730858161346756e-02
2.242708333333333144e+02,-9.102759324205578206e-02
2.242916666666666572e+02,-9.087240393413428818e-02
2.243125000000000000e+02,-9.065264095406688760e-02
2.243333333333333144e+02,-9.036243381626307691e-02
2.243541666666666572e+02,-9.001047685094908102e-02
2.243750000000000000e+02,-8.962726269735868390e-02
2.243958333333333144e+02,-8.921827806892335122e-02
2.244166666666666572e+02,-8.878247593002931703e-02
2.244375000000000000e+02,-8.835867998269063273e-02
2.244583333333333144e+02,-8.798296963746096711e-02
2.244791666666666572e+02,-8.764173010283772547e-02
2.245000000000000000e+02,-8.731340308451795984e-02
2.245208333333333144e+02,-8.702532450548662590e-02
2.245416666666666572e+02,-8.681189910705984503e-02
2.245625000000000000e+02,-8.665899005187503723e-02
2.245833333333333144e+02,-8.654465771692537723e-02
2.246041666666666572e+02,-8.649577786900664034e-02
2.246250000000000000e+02,-8.654615156638341411e-02
2.246458333333333144e+02,-8.668097646855044136e-02
2.246666666666666572e+02,-8.687589257195249548e-02
2.246875000000000000e+02,-8.714611992919223116e-02
2.247083333333333144e+02,-8.750352181835034659e-02
2.247291666666666572e+02,-8.790887352513497566e-02
2.247500000000000000e+02,-8.831227258226499732e-02
2.247708333333333144e+02,-8.870964487974271340e-02
2.247916666666666572e+02,-8.910328368600257953e-02
2.248125000000000000e+02,-8.946329766615813972e-02
2.248333333333333144e+02,-8.977302636745931874e-02
2.248541666666666572e+02,-9.005514104967710098e-02
2.248750000000000000e+02,-9.032650693093699501e-02
2.248958333333333144e+02,-9.055236283577831891e-02
2.249166666666666572e+02,-9.068849975013382192e-02
2.249375000000000000e+02,-9.073761853403078392e-02
2.249583333333333144e+02,-9.071984800981888752e-02
2.249791666666666572e+02,-9.062467601119006400e-02
2.250000000000000000e+02,-9.044126123384513272e-02
2.250208333333333144e+02,-9.020792094570548314e-02
2.250416666666666572e+02,-8.997203700032598006e-02
2.250625000000000000e+02,-8.973315282763311140e-02
2.250833333333333144e+02,-8.948279163883358922e-02
2.251041666666666572e+02,-8.925466477674473542e-02
2.251250000000000000e+02,-8.908303795751466858e-02
2.251458333333333144e+02,-8.895254807621993942e-02
2.251666666666666572e+02,-8.884036641813490565e-02
2.251875000000000000e+02,-8.877212249016105949e-02
2.252083333333333144e+02,-8.878158746549785763e-02
2.252291666666666572e+02,-8.885378861250581295e-02
2.252500000000000000e+02,-8.896616491365021140e-02
2.252708333333333144e+02,-8.913852309063446944e-02
2.252916666666666572e+02,-8.939120233343673949e-02
2.253125000000000000e+02,-8.969489409635665600e-02
2.253333333333333144e+02,-9.001281514546709273e-02
2.253541666666666572e+02,-9.035670694078201670e-02
2.253750000000000000e+02,-9.074656821937111817e-02
2.253958333333333144e+02,-9.115366029463110864e-02
2.254166666666666572e+02,-9.154195170964529726e-02
2.254375000000000000e+02,-9.192364274607278674e-02
2.254583333333333144e+02,-9.231967757231428207e-02
2.254791666666666572e+02,-9.270327396818307808e-02
2.255000000000000000e+02,-9.304048500225438334e-02
2.255208333333333144e+02,-9.334645192742462017e-02
2.255416666666666572e+02,-9.364468412429581556e-02
2.255625000000000000e+02,-9.390991724471305091e-02
2.255833333333333144e+02,-9.410956382305583900e-02
2.256041666666666572e+02,-9.425960394179716539e-02
2.256250000000000000e+02,-9.438510771014856082e-02
2.256458333333333144e+02,-9.446352210858167953e-02
2.256666666666666572e+02,-9.446491605613857589e-02
2.256875000000000000e+02,-9.440801717664148995e-02
2.257083333333333144e+02,-9.431989978954043174e-02
2.257291666666666572e+02,-9.417886136030768907e-02
2.257500000000000000e+02,-9.395582834313594145e-02
2.257708333333333144e+02,-9.367019684945450397e-02
2.257916666666666572e+02,-9.334947548215551116e-02
2.258125000000000000e+02,-9.297243551120255856e-02
2.258333333333333144e+02,-9.251066933432426642e-02
2.258541666666666572e+02,-9.198427666231483169e-02
2.258750000000000000e+02,-9.142261574830572168e-02
2.258958333333333144e+02,-9.081552047499580338e-02
2.259166666666666572e+02,-9.015588095398946455e-02
2.259375000000000000e+02,-8.948618383160834855e-02
2.259583333333333144e+02,-8.885708919016727103e-02
2.259791666666666572e+02,-8.827041943791837098e-02
2.260000000000000000e+02,-8.772018724851468607e-02
2.260208333333333144e+02,-8.724141402179270977e-02
2.260416666666666572e+02,-8.686833018965289810e-02
2.260625000000000000e+02,-8.658588289826690820e-02
2.260833333333333144e+02,-8.637165095354194799e-02
2.261041666666666572e+02,-8.625166645006328292e-02
2.261250000000000000e+02,-8.626097590166491302e-02
2.261458333333333144e+02,-8.638662950062958590e-02
2.261666666666666572e+02,-8.660498468965383001e-02
2.261875000000000000e+02,-8.692325101383789610e-02
2.262083333333333144e+02,-8.733861461029429618e-02
2.262291666666666572e+02,-8.780653631434950923e-02
2.262500000000000000e+02,-8.828618587128540807e-02
2.262708333333333144e+02,-8.878648177658496343e-02
2.262916666666666572e+02,-8.932528784902875330e-02
2.263125000000000000e+02,-8.987228960155360658e-02
2.263333333333333144e+02,-9.038947943648813210e-02
2.263541666666666572e+02,-9.088735133184135118e-02
2.263750000000000000e+02,-9.138519371217132536e-02
2.263958333333333144e+02,-9.185379963684503490e-02
2.264166666666666572e+02,-9.225621794223917704e-02
2.264375000000000000e+02,-9.260399773722274852e-02
2.264583333333333144e+02,-9.291850753031685728e-02
2.264791666666666572e+02,-9.317391336236804933e-02
2.265000000000000000e+02,-9.333847653717290693e-02
2.265208333333333144e+02,-9.343172941079680438e-02
2.265416666666666572e+02,-9.348436446126173749e-02
2.265625000000000000e+02,-9.348144024069113267e-02
2.265833333333333144e+02,-9.340327166400673453e-02
2.266041666666666572e+02,-9.328259521515883113e-02
2.266250000000000000e+02,-9.316312149985098157e-02
2.266458333333333144e+02,-9.304313178068011891e-02
2.266666666666666572e+02,-9.291499674526916552e-02
2.266875000000000000e+02,-9.280030028719062074e-02
2.267083333333333144e+02,-9.270430469479233604e-02
2.267291666666666572e+02,-9.260837161719373545e-02
2.267500000000000000e+02,-9.251686928872919491e-02
2.267708333333333144e+02,-9.244175754503666798e-02
2.267916666666666572e+02,-9.235499257061458023e-02
2.268125000000000000e+02,-9.223203614691102836e-02
2.268333333333333144e+02,-9.210099434729951406e-02
2.268541666666666572e+02,-9.200121692211735147e-02
2.268750000000000000e+02,-9.192654305576869467e-02
2.268958333333333144e+02,-9.186455000606401355e-02
2.269166666666666572e+02,-9.183569580575373648e-02
2.269375000000000000e+02,-9.184917297050612661e-02
2.269583333333333144e+02,-9.187278425179169761e-02
2.269791666666666572e+02,-9.187858939119393498e-02
2.270000000000000000e+02,-9.189146598544967182e-02
2.270208333333333144e+02,-9.194707079457893617e-02
2.270416666666666572e+02,-9.203523395699964027e-02
2.270625000000000000e+02,-9.214040345834814683e-02
2.270833333333333144e+02,-9.227819357055097593e-02
2.271041666666666572e+02,-9.245023924147713346e-02
2.271250000000000000e+02,-9.262597681399169225e-02
2.271458333333333144e+02,-9.278950783302786220e-02
2.271666666666666572e+02,-9.295817721793749044e-02
2.271875000000000000e+02,-9.313564994965671529e-02
2.272083333333333144e+02,-9.329489265191699687e-02
2.272291666666666572e+02,-9.342472146990422888e-02
2.272500000000000000e+02,-9.354148456105645937e-02
2.272708333333333144e+02,-9.364227607287194111e-02
2.272916666666666572e+02,-9.371525360976731833e-02
2.273125000000000000e+02,-9.377797863840038606e-02
2.273333333333333144e+02,-9.384096149469597914e-02
2.273541666666666572e+02,-9.387437997150717417e-02
2.273750000000000000e+02,-9.385185525742380241e-02
2.273958333333333144e+02,-9.379984196702020882e-02
2.274166666666666572e+02,-9.375572917166172249e-02
2.274375000000000000e+02,-9.371166873500653971e-02
2.274583333333333144e+02,-9.365395523960889923e-02
2.274791666666666572e+02,-9.360728850811873836e-02
2.275000000000000000e+02,-9.359107338675352883e-02
2.275208333333333144e+02,-9.357738990862524142e-02
2.275416666666666572e+02,-9.353327252949043824e-02
2.275625000000000000e+02,-9.347812889647029444e-02
2.275833333333333144e+02,-9.344259203686254567e-02
2.276041666666666572e+02,-9.341186382242483432e-02
2.276250000000000000e+02,-9.336624299705356678e-02
2.276458333333333144e+02,-9.333543749580210103e-02
2.276666666666666572e+02,-9.335655443141002707e-02
2.276875000000000000e+02,-9.342076731286022562e-02
2.277083333333333144e+02,-9.350936467112168360e-02
2.277291666666666572e+02,-9.363365898225706196e-02
2.277500000000000000e+02,-9.379514785259687737e-02
2.277708333333333144e+02,-9.395991735288056201e-02
2.277916666666666572e+02,-9.410408382085788670e-02
2.278125000000000000e+02,-9.425121757095729358e-02
2.278333333333333144e+02,-9.442871414903580840e-02
2.278541666666666572e+02,-9.461689190721939147e-02
2.278750000000000000e+02,-9.478967635301581429e-02
2.278958333333333144e+02,-9.496929471659285027e-02
2.279166666666666572e+02,-9.518451099717543940e-02
2.279375000000000000e+02,-9.541565307289708031e-02
2.279583333333333144e+02,-9.563526202956990074e-02
2.279791666666666572e+02,-9.586221449738298317e-02
2.280000000000000000e+02,-9.611915165362670821e-02
2.280208333333333144e+02,-9.638034960890314029e-02
2.280416666666666572e+02,-9.661229107742119737e-02
2.280625000000000000e+02,-9.682966250999686109e-02
2.280833333333333144e+02,-9.705433124841297832e-02
2.281041666666666572e+02,-9.725962175793745335e-02
2.281250000000000000e+02,-9.741096034615975841e-02
2.281458333333333144e+02,-9.752266710699904195e-02
2.281666666666666572e+02,-9.761608832973063532e-02
2.281875000000000000e+02,-9.766406457104340189e-02
2.282083333333333144e+02,-9.763179028695122275e-02
2.282291666666666572e+02,-9.753332848854642800e-02
2.282500000000000000e+02,-9.738955323422530952e-02
2.282708333333333144e+02,-9.717297636035551744e-02
2.282916666666666572e+02,-9.684744856868660046e-02
2.283125000000000000e+02,-9.642453956150380534e-02
2.283333333333333144e+02,-9.592796123826077825e-02
2.283541666666666572e+02,-9.534985457993397362e-02
2.283750000000000000e+02,-9.468949568346110568e-02
2.283958333333333144e+02,-9.399470985719762806e-02
2.284166666666666572e+02,-9.331774752935663442e-02
2.284375000000000000e+02,-9.266192255221297747e-02
2.284583333333333144e+02,-9.202141923112720778e-02
2.284791666666666572e+02,-9.142954040211964672e-02
2.285000000000000000e+02,-9.091580238587559926e-02
2.285208333333333144e+02,-9.045995655590874374e-02
2.285416666666666572e+02,-9.003400671847507086e-02
2.285625000000000000e+02,-8.965886162936981263e-02
2.285833333333333144e+02,-8.936231761767926551e-02
2.286041666666666572e+02,-8.912364989079592237e-02
2.286250000000000000e+02,-8.891458668071156035e-02
2.286458333333333144e+02,-8.875571468153334309e-02
2.286666666666666572e+02,-8.867432224478408176e-02
2.286875000000000000e+02,-8.864923210578380675e-02
2.287083333333333144e+02,-8.865035795490033843e-02
2.287291666666666572e+02,-8.869453518802737635e-02
2.287500000000000000e+02,-8.880421128364532346e-02
2.287708333333333144e+02,-8.895148095698632296e-02
2.287916666666666572e+02,-8.909753269969512834e-02
2.288125000000000000e+02,-8.924827990698434854e-02
2.288333333333333144e+02,-8.941456276256389002e-02
2.288541666666666572e+02,-8.956018806799882770e-02
2.288750000000000000e+02,-8.964356375089128914e-02
2.288958333333333144e+02,-8.966865365365070395e-02
2.289166666666666572e+02,-8.964837348166439235e-02
2.289375000000000000e+02,-8.956832883060089623e-02
2.289583333333333144e+02,-8.942825739796030071e-02
2.289791666666666572e+02,-8.925553752497945859e-02
2.290000000000000000e+02,-8.905937060661432703e-02
2.290208333333333144e+02,-8.883294951681251772e-02
2.290416666666666572e+02,-8.860372068794851452e-02
2.290625000000000000e+02,-8.840292550308005703e-02
2.290833333333333144e+02,-8.821073159040018763e-02
2.291041666666666572e+02,-8.799583518972092788e-02
2.291250000000000000e+02,-8.777225452865221322e-02
2.291458333333333144e+02,-8.755953863794987968e-02
2.291666666666666572e+02,-8.733431960676966976e-02
2.291875000000000000e+02,-8.707217432006536528e-02
2.292083333333333144e+02,-8.679517715352723373e-02
2.292291666666666572e+02,-8.653038530667314654e-02
2.292500000000000000e+02,-8.625349049830352555e-02
2.292708333333333144e+02,-8.592888027463232992e-02
2.292916666666666572e+02,-8.556704883862349675e-02
2.293125000000000000e+02,-8.519180637064585615e-02
2.293333333333333144e+02,-8.479579895321237570e-02
2.293541666666666572e+02,-8.437467144124079221e-02
2.293750000000000000e+02,-8.397109644149586272e-02
2.293958333333333144e+02,-8.363187137630410939e-02
2.294166666666666572e+02,-8.335174715974943971e-02
2.294375000000000000e+02,-8.311452384616555000e-02
2.294583333333333144e+02,-8.294964639601692946e-02
2.294791666666666572e+02,-8.289051658153594182e-02
2.295000000000000000e+02,-8.291851626713644952e-02
2.295208333333333144e+02,-8.300445647670535998e-02
2.295416666666666572e+02,-8.316494641189763060e-02
2.295625000000000000e+02,-8.342049227085990282e-02
2.295833333333333144e+02,-8.373963619932350833e-02
2.296041666666666572e+02,-8.408011416297488105e-02
2.296250000000000000e+02,-8.444532666634115003e-02
2.296458333333333144e+02,-8.484294559492487620e-02
2.296666666666666572e+02,-8.523226227310823355e-02
2.296875000000000000e+02,-8.556708815770837362e-02
2.297083333333333144e+02,-8.584885438280653869e-02
2.297291666666666572e+02,-8.609063596629494552e-02
2.297500000000000000e+02,-8.627282093490105941e-02
2.297708333333333144e+02,-8.638187981585108977e-02
2.297916666666666572e+02,-8.645547508174115936e-02
2.298125000000000000e+02,-8.654035548730663885e-02
2.298333333333333144e+02,-8.663632537250874621e-02
2.298541666666666572e+02,-8.673488133142456813e-02
2.298750000000000000e+02,-8.685592151472010247e-02
2.298958333333333144e+02,-8.700367667549406547e-02
2.299166666666666572e+02,-8.715792978372706445e-02
2.299375000000000000e+02,-8.732012068248654058e-02
2.299583333333333144e+02,-8.749892816533832995e-02
2.299791666666666572e+02,-8.766665974841533759e-02
2.300000000000000000e+02,-8.780183716521952619e-02
2.300208333333333144e+02,-8.793560642361564206e-02
2.300416666666666572e+02,-8.810972789918364301e-02
2.300625000000000000e+02,-8.832061598173937544e-02
2.300833333333333144e+02,-8.855134268920773766e-02
2.301041666666666572e+02,-8.881494064823296231e-02
2.301250000000000000e+02,-8.911969092747597243e-02
2.301458333333333144e+02,-8.942751265858822629e-02
2.301666666666666572e+02,-8.969523920539751449e-02
2.301875000000000000e+02,-8.993019868199950140e-02
2.302083333333333144e+02,-9.015038276254094818e-02
2.302291666666666572e+02,-9.032897364697133058e-02
2.302500000000000000e+02,-9.043445611630081260e-02
2.302708333333333144e+02,-9.048693671220178758e-02
2.302916666666666572e+02,-9.051740013814152386e-02
2.303125000000000000e+02,-9.051204862035436283e-02
2.303333333333333144e+02,-9.045221354990869156e-02
2.303541666666666572e+02,-9.036957621075018821e-02
2.303750000000000000e+02,-9.030598060785208214e-02
2.303958333333333144e+02,-9.025811993801673150e-02
2.304166666666666572e+02,-9.021623992395584601e-02
2.304375000000000000e+02,-9.020138251347106784e-02
2.304583333333333144e+02,-9.022049743233098718e-02
2.304791666666666572e+02,-9.024895020991305361e-02
2.305000000000000000e+02,-9.027612238714878556e-02
2.305208333333333144e+02,-9.031982905968982678e-02
2.305416666666666572e+02,-9.037898666043243934e-02
2.305625000000000000e+02,-9.043974209698453504e-02
2.305833333333333144e+02,-9.051723784941485829e-02
2.306041666666666572e+02,-9.062490009752453834e-02
2.306250000000000000e+02,-9.072936318576249604e-02
2.306458333333333144e+02,-9.079205099094478371e-02
2.306666666666666572e+02,-9.082521648566821426e-02
2.306875000000000000e+02,-9.085118384750863474e-02
2.307083333333333144e+02,-9.084555419740641957e-02
2.307291666666666572e+02,-9.077971776271186177e-02
2.307500000000000000e+02,-9.067702054502520259e-02
2.307708333333333144e+02,-9.057176133313639410e-02
2.307916666666666572e+02,-9.045261821924156787e-02
2.308125000000000000e+02,-9.030414100841641090e-02
2.308333333333333144e+02,-9.016278685439690910e-02
2.308541666666666572e+02,-9.007594573962365847e-02
2.308750000000000000e+02,-9.004440508762864837e-02
2.308958333333333144e+02,-9.004882627750328272e-02
2.309166666666666572e+02,-9.010175632200743967e-02
2.309375000000000000e+02,-9.022454428963612438e-02
2.309583333333333144e+02,-9.039292374812367414e-02
2.309791666666666572e+02,-9.057851339414633995e-02
2.310000000000000000e+02,-9.080491634291391889e-02
2.310208333333333144e+02,-9.110670610595593411e-02
2.310416666666666572e+02,-9.147200506053593250e-02
2.310625000000000000e+02,-9.187129452049336287e-02
2.310833333333333144e+02,-9.231003249407182532e-02
2.311041666666666572e+02,-9.280253006105824987e-02
2.311250000000000000e+02,-9.331717821331911300e-02
2.311458333333333144e+02,-9.381819329898376247e-02
2.311666666666666572e+02,-9.432166324931873236e-02
2.311875000000000000e+02,-9.485465500800904781e-02
2.312083333333333144e+02,-9.539858232040920871e-02
2.312291666666666572e+02,-9.592762911892785405e-02
2.312500000000000000e+02,-9.645086929806728770e-02
2.312708333333333144e+02,-9.696971976225741974e-02
2.312916666666666572e+02,-9.743824083838126260e-02
2.313125000000000000e+02,-9.780635508886861840e-02
2.313333333333333144e+02,-9.807475889037745032e-02
2.313541666666666572e+02,-9.825577105659569210e-02
2.313750000000000000e+02,-9.832554842362375980e-02
2.313958333333333144e+02,-9.826762376830688872e-02
2.314166666666666572e+02,-9.811849111268086676e-02
2.314375000000000000e+02,-9.792568055490380452e-02
2.314583333333333144e+02,-9.769129861639891388e-02
2.314791666666666572e+02,-9.741177341858051064e-02
2.315000000000000000e+02,-9.711113193259349186e-02
2.315208333333333144e+02,-9.679628197847742199e-02
2.315416666666666572e+02,-9.645728921648774601e-02
2.315625000000000000e+02,-9.611653388122103070e-02
2.315833333333333144e+02,-9.580463414574283409e-02
2.316041666666666572e+02,-9.550691208464702486e-02
2.316250000000000000e+02,-9.520384070455854830e-02
2.316458333333333144e+02,-9.492641933144879696e-02
2.316666666666666572e+02,-9.471539451680850707e-02
2.316875000000000000e+02,-9.456517043471492079e-02
2.317083333333333144e+02,-9.445750055202092876e-02
2.317291666666666572e+02,-9.440364509922581637e-02
2.317500000000000000e+02,-9.440690011959272654e-02
2.317708333333333144e+02,-9.442981188214291666e-02
2.317916666666666572e+02,-9.443810435469615627e-02
2.318125000000000000e+02,-9.444960236213056914e-02
2.318333333333333144e+02,-9.449216182909245254e-02
2.318541666666666572e+02,-9.454786190478522978e-02
2.318750000000000000e+02,-9.459339689332692258e-02
2.318958333333333144e+02,-9.465386125276649409e-02
2.319166666666666572e+02,-9.476056098632572311e-02
2.319375000000000000e+02,-9.489894662263900771e-02
2.319583333333333144e+02,-9.504863404463800847e-02
2.319791666666666572e+02,-9.522126200688393882e-02
2.320000000000000000e+02,-9.541530890254952546e-02
2.320208333333333144e+02,-9.559951033521964237e-02
2.320416666666666572e+02,-9.575905568774929766e-02
2.320625000000000000e+02,-9.590507375450281480e-02
2.320833333333333144e+02,-9.602702761338040294e-02
2.321041666666666572e+02,-9.611180060234211786e-02
2.321250000000000000e+02,-9.617760195977038962e-02
2.321458333333333144e+02,-9.622909191630921177e-02
2.321666666666666572e+02,-9.624195083141807994e-02
2.321875000000000000e+02,-9.620948113642394106e-02
2.322083333333333144e+02,-9.614825467994651820e-02
2.322291666666666572e+02,-9.605040488268168364e-02
2.322500000000000000e+02,-9.590496948989132853e-02
2.322708333333333144e+02,-9.574018068654900626e-02
2.322916666666666572e+02,-9.557936909279320103e-02
2.323125000000000000e+02,-9.539928130634560410e-02
2.323333333333333144e+02,-9.517226138895193421e-02
2.323541666666666572e+02,-9.492192671961699468e-02
2.323750000000000000e+02,-9.468222874293100166e-02
2.323958333333333144e+02,-9.444227520633385886e-02
2.324166666666666572e+02,-9.418549016473591606e-02
2.324375000000000000e+02,-9.394541595435622339e-02
2.324583333333333144e+02,-9.376656984390059624e-02
2.324791666666666572e+02,-9.364725958800640404e-02
2.325000000000000000e+02,-9.356584259525789482e-02
2.325208333333333144e+02,-9.353386236230329387e-02
2.325416666666666572e+02,-9.357172280570126566e-02
2.325625000000000000e+02,-9.365501486375708839e-02
2.325833333333333144e+02,-9.375477745150380404e-02
2.326041666666666572e+02,-9.389272060021668087e-02
2.326250000000000000e+02,-9.410033419810977240e-02
2.326458333333333144e+02,-9.436346229615664993e-02
2.326666666666666572e+02,-9.465499624612482010e-02
2.326875000000000000e+02,-9.498000657817660952e-02
2.327083333333333144e+02,-9.534059021670020229e-02
2.327291666666666572e+02,-9.569266328633098395e-02
2.327500000000000000e+02,-9.598763795121922904e-02
2.327708333333333144e+02,-9.622843246735297840e-02
2.327916666666666572e+02,-9.642864697334915802e-02
2.328125000000000000e+02,-9.655719579732775781e-02
2.328333333333333144e+02,-9.657867634203032292e-02
2.328541666666666572e+02,-9.650792406372390997e-02
2.328750000000000000e+02,-9.636938312566270537e-02
2.328958333333333144e+02,-9.614130371741715086e-02
2.329166666666666572e+02,-9.579572373387015838e-02
2.329375000000000000e+02,-9.535456359502170187e-02
2.329583333333333144e+02,-9.484875386779857698e-02
2.329791666666666572e+02,-9.426130749602799896e-02
2.330000000000000000e+02,-9.356637591436792190e-02
2.330208333333333144e+02,-9.278593624082837055e-02
2.330416666666666572e+02,-9.195185845654589574e-02
2.330625000000000000e+02,-9.106287125050084585e-02
2.330833333333333144e+02,-9.012596917263304697e-02
2.331041666666666572e+02,-8.918960336062010941e-02
2.331250000000000000e+02,-8.829826239320799630e-02
2.331458333333333144e+02,-8.744659492587765481e-02
2.331666666666666572e+02,-8.662095554203665115e-02
2.331875000000000000e+02,-8.585644638847435284e-02
2.332083333333333144e+02,-8.519539972642106718e-02
2.332291666666666572e+02,-8.463161911832650652e-02
2.332500000000000000e+02,-8.415061804161363956e-02
2.332708333333333144e+02,-8.378268488522266910e-02
2.332916666666666572e+02,-8.356023408255158769e-02
2.333125000000000000e+02,-8.346774491948664998e-02
2.333333333333333144e+02,-8.348191806398912174e-02
2.333541666666666572e+02,-8.361687740290878190e-02
2.333750000000000000e+02,-8.388010382430877154e-02
2.333958333333333144e+02,-8.422904907437063493e-02
2.334166666666666572e+02,-8.461294920666391495e-02
2.334375000000000000e+02,-8.502987939998996048e-02
2.334583333333333144e+02,-8.548532548433446232e-02
2.334791666666666572e+02,-8.593654402859621233e-02
2.335000000000000000e+02,-8.633186768711412218e-02
2.335208333333333144e+02,-8.666772569665899539e-02
2.335416666666666572e+02,-8.695706411970155481e-02
2.335625000000000000e+02,-8.718013856499605418e-02
2.335833333333333144e+02,-8.731633235986255293e-02
2.336041666666666572e+02,-8.739447972584966917e-02
2.336250000000000000e+02,-8.745078316862377188e-02
2.336458333333333144e+02,-8.747292810421146425e-02
2.336666666666666572e+02,-8.744007330894007501e-02
2.336875000000000000e+02,-8.737972599684121211e-02
2.337083333333333144e+02,-8.732672691090871686e-02
2.337291666666666572e+02,-8.726737875950194012e-02
2.337500000000000000e+02,-8.717885417442748641e-02
2.337708333333333144e+02,-8.708602951735136544e-02
2.337916666666666572e+02,-8.702135329008559017e-02
2.338125000000000000e+02,-8.696874903082046915e-02
2.338333333333333144e+02,-8.690367505942046822e-02
2.338541666666666572e+02,-8.685034773828850807e-02
2.338750000000000000e+02,-8.684048804694922963e-02
2.338958333333333144e+02,-8.685733299578832223e-02
2.339166666666666572e+02,-8.687583261471357177e-02
2.339375000000000000e+02,-8.691965450777876245e-02
2.339583333333333144e+02,-8.701979818066503392e-02
2.339791666666666572e+02,-8.715878546721413100e-02
2.340000000000000000e+02,-8.731070160949030989e-02
2.340208333333333144e+02,-8.749798694535249055e-02
2.340416666666666572e+02,-8.775038546068324175e-02
2.340625000000000000e+02,-8.804910726145286082e-02
2.340833333333333144e+02,-8.836588403640122102e-02
2.341041666666666572e+02,-8.871960226093629498e-02
2.341250000000000000e+02,-8.913549573704113160e-02
2.341458333333333144e+02,-8.958861281709644409e-02
2.341666666666666572e+02,-9.004320803777544902e-02
2.341875000000000000e+02,-9.050953838264540197e-02
2.342083333333333144e+02,-9.100286655487764553e-02
2.342291666666666572e+02,-9.148633345068968303e-02
2.342500000000000000e+02,-9.191231419940812386e-02
2.342708333333333144e+02,-9.227849809889970834e-02
2.342916666666666572e+02,-9.258872198287659838e-02
2.343125000000000000e+02,-9.281979675241855410e-02
2.343333333333333144e+02,-9.296716990764135324e-02
2.343541666666666572e+02,-9.305022933571219235e-02
2.343750000000000000e+02,-9.306540701712484598e-02
2.343958333333333144e+02,-9.300317814663471017e-02
2.344166666666666572e+02,-9.289777794477482864e-02
2.344375000000000000e+02,-9.278601136321404375e-02
2.344583333333333144e+02,-9.265653876144409884e-02
2.344791666666666572e+02,-9.249079652106044491e-02
2.345000000000000000e+02,-9.231922293535577140e-02
2.345208333333333144e+02,-9.217996348881231372e-02
2.345416666666666572e+02,-9.206295071521421181e-02
2.345625000000000000e+02,-9.194977527923593741e-02
2.345833333333333144e+02,-9.186559884614046989e-02
2.346041666666666572e+02,-9.183621333642504048e-02
2.346250000000000000e+02,-9.183801778185156361e-02
2.346458333333333144e+02,-9.183942938178722704e-02
2.346666666666666572e+02,-9.185839157746093775e-02
2.346875000000000000e+02,-9.192055534169564501e-02
2.347083333333333144e+02,-9.200293298637685080e-02
2.347291666666666572e+02,-9.207458978160892871e-02
2.347500000000000000e+02,-9.215407112300615100e-02
2.347708333333333144e+02,-9.226760279748250082e-02
2.347916666666666572e+02,-9.239292506928593884e-02
2.348125000000000000e+02,-9.249989760250418303e-02
2.348333333333333144e+02,-9.260763477241150399e-02
2.348541666666666572e+02,-9.274287757852506253e-02
2.348750000000000000e+02,-9.288420186021652258e-02
2.348958333333333144e+02,-9.300207795334722305e-02
2.349166666666666572e+02,-9.311551958024817666e-02
2.349375000000000000e+02,-9.325116375568047455e-02
2.349583333333333144e+02,-9.338852189963461892e-02
2.349791666666666572e+02,-9.350023456714552650e-02
2.350000000000000000e+02,-9.360794639859938704e-02
2.350208333333333144e+02,-9.374147254697379195e-02
2.350416666666666572e+02,-9.388292515027434060e-02
2.350625000000000000e+02,-9.400649924003944002e-02
2.350833333333333144e+02,-9.413484144857225955e-02
2.351041666666666572e+02,-9.429814468552452644e-02
2.351250000000000000e+02,-9.447897989258256801e-02
2.351458333333333144e+02,-9.465141971262405751e-02
2.351666666666666572e+02,-9.483348874729455313e-02
2.351875000000000000e+02,-9.504592467233886899e-02
2.352083333333333144e+02,-9.526116817709984197e-02
2.352291666666666572e+02,-9.544374940567765253e-02
2.352500000000000000e+02,-9.560720145131983150e-02
2.352708333333333144e+02,-9.577289010032974392e-02
2.352916666666666572e+02,-9.591395405615298075e-02
2.353125000000000000e+02,-9.599562026010093063e-02
2.353333333333333144e+02,-9.603306710273806779e-02
2.353541666666666572e+02,-9.604985479657141001e-02
2.353750000000000000e+02,-9.602065888372487978e-02
2.353958333333333144e+02,-9.591222566838057684e-02
2.354166666666666572e+02,-9.574110187246688553e-02
2.354375000000000000e+02,-9.553163759179519876e-02
2.354583333333333144e+02,-9.526078344523859764e-02
2.354791666666666572e+02,-9.489926758215534719e-02
2.355000000000000000e+02,-9.446844815673162421e-02
2.355208333333333144e+02,-9.399927419401066242e-02
2.355416666666666572e+02,-9.347728720742931596e-02
2.355625000000000000e+02,-9.288297214117761935e-02
2.355833333333333144e+02,-9.224772690857739599e-02
2.356041666666666572e+02,-9.161417117571407642e-02
2.356250000000000000e+02,-9.097938098697287701e-02
2.356458333333333144e+02,-9.033583686589975736e-02
2.356666666666666572e+02,-8.972779604708862322e-02
2.356875000000000000e+02,-8.921086114632811870e-02
2.357083333333333144e+02,-8.879330858686411421e-02
2.357291666666666572e+02,-8.845253718129053588e-02
2.357500000000000000e+02,-8.818490501047704377e-02
2.357708333333333144e+02,-8.799683283680843904e-02
2.357916666666666572e+02,-8.785917272807181044e-02
2.358125000000000000e+02,-8.774742561251541728e-02
2.358333333333333144e+02,-8.768907989904584088e-02
2.358541666666666572e+02,-8.772285157508573350e-02
2.358750000000000000e+02,-8.784128317897788030e-02
2.358958333333333144e+02,-8.802035026737251022e-02
2.359166666666666572e+02,-8.826792117019664763e-02
2.359375000000000000e+02,-8.859516076703896625e-02
2.359583333333333144e+02,-8.896707917660627574e-02
2.359791666666666572e+02,-8.934465193725360521e-02
2.360000000000000000e+02,-8.974071592793274321e-02
2.360208333333333144e+02,-9.017887602106658407e-02
2.360416666666666572e+02,-9.063713459691406793e-02
2.360625000000000000e+02,-9.108892782896753360e-02
2.360833333333333144e+02,-9.154961400416894435e-02
2.361041666666666572e+02,-9.203302291449541594e-02
2.361250000000000000e+02,-9.250620368293684115e-02
2.361458333333333144e+02,-9.293217801308001347e-02
2.361666666666666572e+02,-9.332578531967239410e-02
2.361875000000000000e+02,-9.371284267657183087e-02
2.362083333333333144e+02,-9.407369052332699433e-02
2.362291666666666572e+02,-9.438344723162533922e-02
2.362500000000000000e+02,-9.466593174510741504e-02
2.362708333333333144e+02,-9.495281968072495637e-02
2.362916666666666572e+02,-9.522927497241000239e-02
2.363125000000000000e+02,-9.547526290200694654e-02
2.363333333333333144e+02,-9.570748190800357214e-02
2.363541666666666572e+02,-9.593465202668785552e-02
2.363750000000000000e+02,-9.611779384930901893e-02
2.363958333333333144e+02,-9.621359676730199817e-02
2.364166666666666572e+02,-9.623077703142682293e-02
2.364375000000000000e+02,-9.618840616884773154e-02
2.364583333333333144e+02,-9.605898376766655589e-02
2.364791666666666572e+02,-9.581004641402547650e-02
2.365000000000000000e+02,-9.546038304595515223e-02
2.365208333333333144e+02,-9.504028497864824843e-02
2.365416666666666572e+02,-9.453481155129518643e-02
2.365625000000000000e+02,-9.392426648676019396e-02
2.365833333333333144e+02,-9.324043377997501270e-02
2.366041666666666572e+02,-9.252671238256646169e-02
2.366250000000000000e+02,-9.178124563807688041e-02
2.366458333333333144e+02,-9.099678496884018586e-02
2.366666666666666572e+02,-9.021718339372693241e-02
2.366875000000000000e+02,-8.949787231099937124e-02
2.367083333333333144e+02,-8.884803780697249354e-02
2.367291666666666572e+02,-8.826116998768120114e-02
2.367500000000000000e+02,-8.775906518957078684e-02
2.367708333333333144e+02,-8.736021210088552869e-02
2.367916666666666572e+02,-8.703608447009056337e-02
2.368125000000000000e+02,-8.675361191725834697e-02
2.368333333333333144e+02,-8.653161710643250681e-02
2.368541666666666572e+02,-8.640026352415081101e-02
2.368750000000000000e+02,-8.634415824029635644e-02
2.368958333333333144e+02,-8.634290227376784088e-02
2.369166666666666572e+02,-8.641837643487104703e-02
2.369375000000000000e+02,-8.659159145231651311e-02
2.369583333333333144e+02,-8.683668976620848023e-02
2.369791666666666572e+02,-8.712353248090511093e-02
2.370000000000000000e+02,-8.747364238274488168e-02
2.370208333333333144e+02,-8.791899957192654547e-02
2.370416666666666572e+02,-8.844469089573930853e-02
2.370625000000000000e+02,-8.901621157092998171e-02
2.370833333333333144e+02,-8.963150579010939478e-02
2.371041666666666572e+02,-9.029746450085554543e-02
2.371250000000000000e+02,-9.097563536424575770e-02
2.371458333333333144e+02,-9.162351273332261514e-02
2.371666666666666572e+02,-9.225041574142631151e-02
2.371875000000000000e+02,-9.287661640803702989e-02
2.372083333333333144e+02,-9.347698224529120414e-02
2.372291666666666572e+02,-9.402230376828535352e-02
2.372500000000000000e+02,-9.453354350823491015e-02
2.372708333333333144e+02,-9.504044761035000677e-02
2.372916666666666572e+02,-9.552709943770228140e-02
2.373125000000000000e+02,-9.597245764791136058e-02
2.373333333333333144e+02,-9.638654007649362365e-02
2.373541666666666572e+02,-9.676575015971122795e-02
2.373750000000000000e+02,-9.708354746100658628e-02
2.373958333333333144e+02,-9.733748144376953848e-02
2.374166666666666572e+02,-9.753301347338561023e-02
2.374375000000000000e+02,-9.764196005001384016e-02
2.374583333333333144e+02,-9.764646564624117342e-02
2.374791666666666572e+02,-9.758291640258587307e-02
2.375000000000000000e+02,-9.749891131021819202e-02
2.375208333333333144e+02,-9.739586131776925559e-02
2.375416666666666572e+02,-9.725855551138380684e-02
2.375625000000000000e+02,-9.710592226007773442e-02
2.375833333333333144e+02,-9.696197454280700012e-02
2.376041666666666572e+02,-9.680510800087917256e-02
2.376250000000000000e+02,-9.660921209428127709e-02
2.376458333333333144e+02,-9.639954983802645483e-02
2.376666666666666572e+02,-9.621171899828870333e-02
2.376875000000000000e+02,-9.603634837902563781e-02
2.377083333333333144e+02,-9.585824889336837240e-02
2.377291666666666572e+02,-9.569717049768472483e-02
2.377500000000000000e+02,-9.556348741765327559e-02
2.377708333333333144e+02,-9.542258983260266947e-02
2.377916666666666572e+02,-9.523801233826051371e-02
2.378125000000000000e+02,-9.502554044323077709e-02
2.378333333333333144e+02,-9.481194961464466109e-02
2.378541666666666572e+02,-9.457900600141078140e-02
2.378750000000000000e+02,-9.430391377390499874e-02
2.378958333333333144e+02,-9.401558690453824807e-02
2.379166666666666572e+02,-9.375360927875045491e-02
2.379375000000000000e+02,-9.351271506043955239e-02
2.379583333333333144e+02,-9.328189920331432516e-02
2.379791666666666572e+02,-9.307945497186233264e-02
2.380000000000000000e+02,-9.290807673747721041e-02
2.380208333333333144e+02,-9.274417272496697506e-02
2.380416666666666572e+02,-9.258443205199604065e-02
2.380625000000000000e+02,-9.243632445559300803e-02
2.380833333333333144e+02,-9.227670633804505029e-02
2.381041666666666572e+02,-9.209042705673993467e-02
2.381250000000000000e+02,-9.190772285457715629e-02
2.381458333333333144e+02,-9.176038440069200774e-02
2.381666666666666572e+02,-9.163040358804082353e-02
2.381875000000000000e+02,-9.149218792509195008e-02
2.382083333333333144e+02,-9.136816350629130279e-02
2.382291666666666572e+02,-9.128922699626929038e-02
2.382500000000000000e+02,-9.123822886998921022e-02
2.382708333333333144e+02,-9.119032685264966132e-02
2.382916666666666572e+02,-9.116873388745973250e-02
2.383125000000000000e+02,-9.120460143334745140e-02
2.383333333333333144e+02,-9.127974312010207758e-02
2.383541666666666572e+02,-9.136799096151393407e-02
2.383750000000000000e+02,-9.149030102596451830e-02
2.383958333333333144e+02,-9.167378217312127653e-02
2.384166666666666572e+02,-9.189592022778969582e-02
2.384375000000000000e+02,-9.212651133958367489e-02
2.384583333333333144e+02,-9.238393275969024321e-02
2.384791666666666572e+02,-9.269451226362536433e-02
2.385000000000000000e+02,-9.303520437772172524e-02
2.385208333333333144e+02,-9.337519295693882948e-02
2.385416666666666572e+02,-9.373021582427920606e-02
2.385625000000000000e+02,-9.412155418153583808e-02
2.385833333333333144e+02,-9.452108896588015674e-02
2.386041666666666572e+02,-9.489310777385602524e-02
2.386250000000000000e+02,-9.525004021390380549e-02
2.386458333333333144e+02,-9.561248623755197462e-02
2.386666666666666572e+02,-9.595263710516346856e-02
2.386875000000000000e+02,-9.623513575868980485e-02
2.387083333333333144e+02,-9.647272565708406300e-02
2.387291666666666572e+02,-9.668606513387727197e-02
2.387500000000000000e+02,-9.684688291101925528e-02
2.387708333333333144e+02,-9.691931906741560465e-02
2.387916666666666572e+02,-9.691542564265467896e-02
2.388125000000000000e+02,-9.685494266368688265e-02
2.388333333333333144e+02,-9.670880911892512644e-02
2.388541666666666572e+02,-9.644041899597390055e-02
2.388750000000000000e+02,-9.606077133722591699e-02
2.388958333333333144e+02,-9.559285611191548071e-02
2.389166666666666572e+02,-9.502907869367274718e-02
2.389375000000000000e+02,-9.437074422631869242e-02
2.389583333333333144e+02,-9.366528255958432581e-02
2.389791666666666572e+02,-9.296399847135342065e-02
2.390000000000000000e+02,-9.226928328739995855e-02
2.390208333333333144e+02,-9.157553611270453919e-02
2.390416666666666572e+02,-9.091924915199452173e-02
2.390625000000000000e+02,-9.033797934746699843e-02
2.390833333333333144e+02,-8.981898963402758229e-02
2.391041666666666572e+02,-8.934033821319693758e-02
2.391250000000000000e+02,-8.892705083280608158e-02
2.391458333333333144e+02,-8.861086487506480980e-02
2.391666666666666572e+02,-8.837369912423904961e-02
2.391875000000000000e+02,-8.818826056066163266e-02
2.392083333333333144e+02,-8.807401647793831889e-02
2.392291666666666572e+02,-8.805729971035607118e-02
2.392500000000000000e+02,-8.811432716060800530e-02
2.392708333333333144e+02,-8.821130650894357106e-02
2.392916666666666572e+02,-8.835995053635659069e-02
2.393125000000000000e+02,-8.857709905373013781e-02
2.393333333333333144e+02,-8.882832540771387619e-02
2.393541666666666572e+02,-8.906793264773978092e-02
2.393750000000000000e+02,-8.929591729910152376e-02
2.393958333333333144e+02,-8.951755329295234265e-02
2.394166666666666572e+02,-8.970069372560798837e-02
2.394375000000000000e+02,-8.982035868922444433e-02
2.394583333333333144e+02,-8.989923815610895153e-02
2.394791666666666572e+02,-8.996410245893116109e-02
2.395000000000000000e+02,-8.998978203547536303e-02
2.395208333333333144e+02,-8.994040295813830743e-02
2.395416666666666572e+02,-8.982589000183234529e-02
2.395625000000000000e+02,-8.966142511226028733e-02
2.395833333333333144e+02,-8.943097008452004226e-02
2.396041666666666572e+02,-8.913293104572606040e-02
2.396250000000000000e+02,-8.880173800649811267e-02
2.396458333333333144e+02,-8.846084294365452738e-02
2.396666666666666572e+02,-8.808703711707724371e-02
2.396875000000000000e+02,-8.765476665093427378e-02
2.397083333333333144e+02,-8.718495869068673687e-02
2.397291666666666572e+02,-8.670333079769260154e-02
2.397500000000000000e+02,-8.619251797019217287e-02
2.397708333333333144e+02,-8.563525008317893206e-02
2.397916666666666572e+02,-8.506133848470312508e-02
2.398125000000000000e+02,-8.450522059904809480e-02
2.398333333333333144e+02,-8.394984437857297421e-02
2.398541666666666572e+02,-8.336668482737810693e-02
2.398750000000000000e+02,-8.277244961535616674e-02
2.398958333333333144e+02,-8.219081751702708716e-02
2.399166666666666572e+02,-8.161605394259000001e-02
2.399375000000000000e+02,-8.105539146241828863e-02
2.399583333333333144e+02,-8.053771268818685214e-02
2.399791666666666572e+02,-8.006660937409723622e-02
2.400000000000000000e+02,-7.963745777270682391e-02
2.400208333333333144e+02,-7.928574052160015928e-02
2.400416666666666572e+02,-7.904557982329260546e-02
2.400625000000000000e+02,-7.889930073677885181e-02
2.400833333333333144e+02,-7.881869698035624816e-02
2.401041666666666572e+02,-7.882033259743388698e-02
2.401250000000000000e+02,-7.892610893162545216e-02
2.401458333333333144e+02,-7.910721370417056475e-02
2.401666666666666572e+02,-7.932398837642015699e-02
2.401875000000000000e+02,-7.958196340199591434e-02
2.402083333333333144e+02,-7.989181528542591004e-02
2.402291666666666572e+02,-8.021599020142473890e-02
2.402500000000000000e+02,-8.051055803454432169e-02
2.402708333333333144e+02,-8.077746778903567570e-02
2.402916666666666572e+02,-8.102731045898797779e-02
2.403125000000000000e+02,-8.124255832848165104e-02
2.403333333333333144e+02,-8.141948483750927057e-02
2.403541666666666572e+02,-8.158129212983435130e-02
2.403750000000000000e+02,-8.173208671637595402e-02
2.403958333333333144e+02,-8.186293039724233667e-02
2.404166666666666572e+02,-8.199782459995323680e-02
2.404375000000000000e+02,-8.215671405003131811e-02
2.404583333333333144e+02,-8.230696761580622023e-02
2.404791666666666572e+02,-8.240501343551497049e-02
2.405000000000000000e+02,-8.245350059522879582e-02
2.405208333333333144e+02,-8.247213123715103900e-02
2.405416666666666572e+02,-8.245047135851441000e-02
2.405625000000000000e+02,-8.237619680950457324e-02
2.405833333333333144e+02,-8.228331431634014481e-02
2.406041666666666572e+02,-8.221091310555216081e-02
2.406250000000000000e+02,-8.214741699976038647e-02
2.406458333333333144e+02,-8.207133936588904832e-02
2.406666666666666572e+02,-8.200783939063414907e-02
2.406875000000000000e+02,-8.198606486540055416e-02
2.407083333333333144e+02,-8.198318794488718142e-02
2.407291666666666572e+02,-8.196566786718849362e-02
2.407500000000000000e+02,-8.194561865197189099e-02
2.407708333333333144e+02,-8.194003404695332504e-02
2.407916666666666572e+02,-8.192546264566706593e-02
2.408125000000000000e+02,-8.188176253925720516e-02
2.408333333333333144e+02,-8.183606407433680063e-02
2.408541666666666572e+02,-8.181933826675524823e-02
2.408750000000000000e+02,-8.181043176707786246e-02
2.408958333333333144e+02,-8.177745919112069939e-02
2.409166666666666572e+02,-8.173429216696197208e-02
2.409375000000000000e+02,-8.169931352511193567e-02
2.409583333333333144e+02,-8.164921960461812844e-02
2.409791666666666572e+02,-8.156320726710222790e-02
2.410000000000000000e+02,-8.146786210651410509e-02
2.410208333333333144e+02,-8.139378378809013215e-02
2.410416666666666572e+02,-8.131968590517882345e-02
2.410625000000000000e+02,-8.121342317906306285e-02
2.410833333333333144e+02,-8.108837991866779671e-02
2.411041666666666572e+02,-8.096299678487081652e-02
2.411250000000000000e+02,-8.082089242623101411e-02
2.411458333333333144e+02,-8.065664447001610893e-02
2.411666666666666572e+02,-8.051041663877298027e-02
2.411875000000000000e+02,-8.042401600649241866e-02
2.412083333333333144e+02,-8.038857331962535879e-02
2.412291666666666572e+02,-8.038493850591042766e-02
2.412500000000000000e+02,-8.044008494717140578e-02
2.412708333333333144e+02,-8.058534223537688890e-02
2.412916666666666572e+02,-8.080056618639928911e-02
2.413125000000000000e+02,-8.105449330725177093e-02
2.413333333333333144e+02,-8.136144635618385024e-02
2.413541666666666572e+02,-8.174119938306559363e-02
2.413750000000000000e+02,-8.216257320927779217e-02
2.413958333333333144e+02,-8.258333956297365941e-02
2.414166666666666572e+02,-8.300697685248971391e-02
2.414375000000000000e+02,-8.344192174256127859e-02
2.414583333333333144e+02,-8.385486853708887245e-02
2.414791666666666572e+02,-8.421411024224798036e-02
2.415000000000000000e+02,-8.453498134175380097e-02
2.415208333333333144e+02,-8.483724010064949694e-02
2.415416666666666572e+02,-8.508876447542249033e-02
2.415625000000000000e+02,-8.524671550461206115e-02
2.415833333333333144e+02,-8.531546655703130255e-02
2.416041666666666572e+02,-8.532009435720572244e-02
2.416250000000000000e+02,-8.525419555403423999e-02
2.416458333333333144e+02,-8.510208294583648803e-02
2.416666666666666572e+02,-8.489332782606827388e-02
2.416875000000000000e+02,-8.466215952557533397e-02
2.417083333333333144e+02,-8.439117503487500449e-02
2.417291666666666572e+02,-8.405137847363611248e-02
2.417500000000000000e+02,-8.365937112537182030e-02
2.417708333333333144e+02,-8.324251371650241704e-02
2.417916666666666572e+02,-8.279724583732787913e-02
2.418125000000000000e+02,-8.232661781784543498e-02
2.418333333333333144e+02,-8.187143602095739436e-02
2.418541666666666572e+02,-8.146509349328552585e-02
2.418750000000000000e+02,-8.108776252461177836e-02
2.418958333333333144e+02,-8.070865488109475738e-02
2.419166666666666572e+02,-8.034340864929373494e-02
2.419375000000000000e+02,-8.001349645501641683e-02
2.419583333333333144e+02,-7.970439109366704578e-02
2.419791666666666572e+02,-7.940947882930794732e-02
2.420000000000000000e+02,-7.916817275727955350e-02
2.420208333333333144e+02,-7.902278562231324077e-02
2.420416666666666572e+02,-7.896371866707697917e-02
2.420625000000000000e+02,-7.896982409506456135e-02
2.420833333333333144e+02,-7.906526153579369887e-02
2.421041666666666572e+02,-7.927878561145652869e-02
2.421250000000000000e+02,-7.958749802114685468e-02
2.421458333333333144e+02,-7.995707111127538236e-02
2.421666666666666572e+02,-8.039852315560198914e-02
2.421875000000000000e+02,-8.092793305993513375e-02
2.422083333333333144e+02,-8.151016459017687565e-02
2.422291666666666572e+02,-8.209880872662458917e-02
2.422500000000000000e+02,-8.269315946980555776e-02
2.422708333333333144e+02,-8.329772140989681606e-02
2.422916666666666572e+02,-8.387656726660799866e-02
2.423125000000000000e+02,-8.439690503621473383e-02
2.423333333333333144e+02,-8.487318684007531810e-02
2.423541666666666572e+02,-8.532433305980145766e-02
2.423750000000000000e+02,-8.571740224549126430e-02
2.423958333333333144e+02,-8.600899149943747046e-02
2.424166666666666572e+02,-8.620306560368712345e-02
2.424375000000000000e+02,-8.632274297817514597e-02
2.424583333333333144e+02,-8.635785311451806001e-02
2.424791666666666572e+02,-8.628890527633192864e-02
2.425000000000000000e+02,-8.614163612331027231e-02
2.425208333333333144e+02,-8.594649940592667681e-02
2.425416666666666572e+02,-8.568688728160295254e-02
2.425625000000000000e+02,-8.534058154507566385e-02
2.425833333333333144e+02,-8.493130176208313342e-02
2.426041666666666572e+02,-8.448889934073927632e-02
2.426250000000000000e+02,-8.400737966562528414e-02
2.426458333333333144e+02,-8.348846708187707133e-02
2.426666666666666572e+02,-8.297918448270030778e-02
2.426875000000000000e+02,-8.252756546307817020e-02
2.427083333333333144e+02,-8.212923987228483436e-02
2.427291666666666572e+02,-8.176851682832597668e-02
2.427500000000000000e+02,-8.147527281415117839e-02
2.427708333333333144e+02,-8.128378310029327203e-02
2.427916666666666572e+02,-8.117639621691929985e-02
2.428125000000000000e+02,-8.112459357258003378e-02
2.428333333333333144e+02,-8.114582706062124784e-02
2.428541666666666572e+02,-8.126209492113704858e-02
2.428750000000000000e+02,-8.144372496854232479e-02
2.428958333333333144e+02,-8.164971139312864057e-02
2.429166666666666572e+02,-8.188444213901617530e-02
2.429375000000000000e+02,-8.215749092512503182e-02
2.429583333333333144e+02,-8.243785407191532577e-02
2.429791666666666572e+02,-8.269702049542211608e-02
2.430000000000000000e+02,-8.295333810640900807e-02
2.430208333333333144e+02,-8.322972722265850609e-02
2.430416666666666572e+02,-8.349745721048257296e-02
2.430625000000000000e+02,-8.371636098120416314e-02
2.430833333333333144e+02,-8.389179981433132760e-02
2.431041666666666572e+02,-8.403789038226468222e-02
2.431250000000000000e+02,-8.414101407007421041e-02
2.431458333333333144e+02,-8.420054040759099301e-02
2.431666666666666572e+02,-8.424166729785888263e-02
2.431875000000000000e+02,-8.426961565359895878e-02
2.432083333333333144e+02,-8.428120326176462285e-02
2.432291666666666572e+02,-8.430392590299663758e-02
2.432500000000000000e+02,-8.435364519133625727e-02
2.432708333333333144e+02,-8.440416347794910124e-02
2.432916666666666572e+02,-8.443244293413593171e-02
2.433125000000000000e+02,-8.446180305402295474e-02
2.433333333333333144e+02,-8.452037836976675211e-02
2.433541666666666572e+02,-8.458468135411036093e-02
2.433750000000000000e+02,-8.462025210070868442e-02
2.433958333333333144e+02,-8.463739554927213193e-02
2.434166666666666572e+02,-8.465200169033712529e-02
2.434375000000000000e+02,-8.464485051093380286e-02
2.434583333333333144e+02,-8.460637039466067932e-02
2.434791666666666572e+02,-8.457308556432494018e-02
2.435000000000000000e+02,-8.458525798113628036e-02
2.435208333333333144e+02,-8.463238341029430400e-02
2.435416666666666572e+02,-8.469366633027229641e-02
2.435625000000000000e+02,-8.479335928594496086e-02
2.435833333333333144e+02,-8.496060052610843183e-02
2.436041666666666572e+02,-8.517273303854766553e-02
2.436250000000000000e+02,-8.539601676835296973e-02
2.436458333333333144e+02,-8.564165318007721517e-02
2.436666666666666572e+02,-8.592553577913783491e-02
2.436875000000000000e+02,-8.621191606968291177e-02
2.437083333333333144e+02,-8.645425262789102616e-02
2.437291666666666572e+02,-8.665152668555346771e-02
2.437500000000000000e+02,-8.681929595635586028e-02
2.437708333333333144e+02,-8.694194389711543125e-02
2.437916666666666572e+02,-8.700173892934118247e-02
2.438125000000000000e+02,-8.702648531705275969e-02
2.438333333333333144e+02,-8.704830146006865832e-02
2.438541666666666572e+02,-8.704729537212831103e-02
2.438750000000000000e+02,-8.699284460351576487e-02
2.438958333333333144e+02,-8.689974124489099894e-02
2.439166666666666572e+02,-8.678938202554274672e-02
2.439375000000000000e+02,-8.664247484615004991e-02
2.439583333333333144e+02,-8.644093359915173969e-02
2.439791666666666572e+02,-8.621362529022530419e-02
2.440000000000000000e+02,-8.599442905093727940e-02
2.440208333333333144e+02,-8.576504173194428315e-02
2.440416666666666572e+02,-8.549629075600988226e-02
2.440625000000000000e+02,-8.520423869789257865e-02
2.440833333333333144e+02,-8.491053340873684629e-02
2.441041666666666572e+02,-8.460397242357423075e-02
2.441250000000000000e+02,-8.428540564631560594e-02
2.441458333333333144e+02,-8.399152872137490011e-02
2.441666666666666572e+02,-8.374908869192772276e-02
2.441875000000000000e+02,-8.353391766273676744e-02
2.442083333333333144e+02,-8.331345226993275288e-02
2.442291666666666572e+02,-8.310366351422907027e-02
2.442500000000000000e+02,-8.292908866910626842e-02
2.442708333333333144e+02,-8.276668662520880737e-02
2.442916666666666572e+02,-8.258774154368631049e-02
2.443125000000000000e+02,-8.241185009965901198e-02
2.443333333333333144e+02,-8.226745137529126173e-02
2.443541666666666572e+02,-8.213583313396860541e-02
2.443750000000000000e+02,-8.199220301565944558e-02
2.443958333333333144e+02,-8.186216444521254854e-02
2.444166666666666572e+02,-8.178238459433052887e-02
2.444375000000000000e+02,-8.174353314885696165e-02
2.444583333333333144e+02,-8.173070821371593297e-02
2.444791666666666572e+02,-8.178098033143026135e-02
2.445000000000000000e+02,-8.194200739996390648e-02
2.445208333333333144e+02,-8.221435599112165982e-02
2.445416666666666572e+02,-8.256839258628335954e-02
2.445625000000000000e+02,-8.299451165991356127e-02
2.445833333333333144e+02,-8.349234349958231660e-02
2.446041666666666572e+02,-8.402702496728832460e-02
2.446250000000000000e+02,-8.457100195390417074e-02
2.446458333333333144e+02,-8.514905304685273235e-02
2.446666666666666572e+02,-8.579520070967708301e-02
2.446875000000000000e+02,-8.649722160245561231e-02
2.447083333333333144e+02,-8.722663835153354750e-02
2.447291666666666572e+02,-8.798852934086652533e-02
2.447500000000000000e+02,-8.879233548513404406e-02
2.447708333333333144e+02,-8.960186010603327089e-02
2.447916666666666572e+02,-9.037630860036888203e-02
2.448125000000000000e+02,-9.112643884218162016e-02
2.448333333333333144e+02,-9.187360368047679804e-02
2.448541666666666572e+02,-9.259423065815575171e-02
2.448750000000000000e+02,-9.326013316066925074e-02
2.448958333333333144e+02,-9.389290572395132817e-02
2.449166666666666572e+02,-9.452260397903508582e-02
2.449375000000000000e+02,-9.513408644647630696e-02
2.449583333333333144e+02,-9.570641558436031315e-02
2.449791666666666572e+02,-9.625054653191505993e-02
2.450000000000000000e+02,-9.676465776169927702e-02
2.450208333333333144e+02,-9.721840937670847560e-02
2.450416666666666572e+02,-9.759920018842745126e-02
2.450625000000000000e+02,-9.792019535329288260e-02
2.450833333333333144e+02,-9.817286542930150905e-02
2.451041666666666572e+02,-9.834643070104244489e-02
2.451250000000000000e+02,-9.846462128696333027e-02
2.451458333333333144e+02,-9.854098247338886896e-02
2.451666666666666572e+02,-9.854824061670605650e-02
2.451875000000000000e+02,-9.846309386270431230e-02
2.452083333333333144e+02,-9.831472087359076351e-02
2.452291666666666572e+02,-9.814375699457270064e-02
2.452500000000000000e+02,-9.794536281164106795e-02
2.452708333333333144e+02,-9.770934664744020115e-02
2.452916666666666572e+02,-9.746576368706197369e-02
2.453125000000000000e+02,-9.724188095555814926e-02
2.453333333333333144e+02,-9.701801424020194131e-02
2.453541666666666572e+02,-9.676962186405796418e-02
2.453750000000000000e+02,-9.652379103884348166e-02
2.453958333333333144e+02,-9.631920738139793103e-02
2.454166666666666572e+02,-9.614906700090602998e-02
2.454375000000000000e+02,-9.600038069461058754e-02
2.454583333333333144e+02,-9.588990455579726735e-02
2.454791666666666572e+02,-9.581982660900355275e-02
2.455000000000000000e+02,-9.576439886488530284e-02
2.455208333333333144e+02,-9.571607982024758765e-02
2.455416666666666572e+02,-9.568317624904176810e-02
2.455625000000000000e+02,-9.564045393765807646e-02
2.455833333333333144e+02,-9.555950567845969412e-02
2.456041666666666572e+02,-9.546322580511708289e-02
2.456250000000000000e+02,-9.538486264667515868e-02
2.456458333333333144e+02,-9.531286506444561213e-02
2.456666666666666572e+02,-9.523026484981418627e-02
2.456875000000000000e+02,-9.516430283448548688e-02
2.457083333333333144e+02,-9.514499307597115707e-02
2.457291666666666572e+02,-9.515662862007681633e-02
2.457500000000000000e+02,-9.517816833817398237e-02
2.457708333333333144e+02,-9.523183278036656541e-02
2.457916666666666572e+02,-9.534029878275759873e-02
2.458125000000000000e+02,-9.548020488219155499e-02
2.458333333333333144e+02,-9.562352950741881408e-02
2.458541666666666572e+02,-9.579325747609861164e-02
2.458750000000000000e+02,-9.602250445645030275e-02
2.458958333333333144e+02,-9.629879778724913242e-02
2.459166666666666572e+02,-9.659529414649993539e-02
2.459375000000000000e+02,-9.691798942859415622e-02
2.459583333333333144e+02,-9.727332753036781188e-02
2.459791666666666572e+02,-9.762197521466919881e-02
2.460000000000000000e+02,-9.792002383780037955e-02
2.460208333333333144e+02,-9.817466047166883980e-02
2.460416666666666572e+02,-9.840354383712944519e-02
2.460625000000000000e+02,-9.857957299525775541e-02
2.460833333333333144e+02,-9.867109280882320477e-02
2.461041666666666572e+02,-9.869822765447253121e-02
2.461250000000000000e+02,-9.869193498444261969e-02
2.461458333333333144e+02,-9.863812782414610458e-02
2.461666666666666572e+02,-9.851831475423597495e-02
2.461875000000000000e+02,-9.836530961467150613e-02
2.462083333333333144e+02,-9.822190843416600536e-02
2.462291666666666572e+02,-9.808522409925092556e-02
2.462500000000000000e+02,-9.794186699693585574e-02
2.462708333333333144e+02,-9.780891316258397139e-02
2.462916666666666572e+02,-9.769476726986864312e-02
2.463125000000000000e+02,-9.756877821959500374e-02
2.463333333333333144e+02,-9.740622524695838336e-02
2.463541666666666572e+02,-9.723417970964234880e-02
2.463750000000000000e+02,-9.708891443837910917e-02
2.463958333333333144e+02,-9.695971658482861744e-02
2.464166666666666572e+02,-9.682860321318620400e-02
2.464375000000000000e+02,-9.671666787036285740e-02
2.464583333333333144e+02,-9.664035416502822495e-02
2.464791666666666572e+02,-9.656631135635145025e-02
2.465000000000000000e+02,-9.645263413891357052e-02
2.465208333333333144e+02,-9.630615868840138039e-02
2.465416666666666572e+02,-9.614188985674633481e-02
2.465625000000000000e+02,-9.593311276202939886e-02
2.465833333333333144e+02,-9.565291844750570260e-02
2.466041666666666572e+02,-9.532413904291589524e-02
2.466250000000000000e+02,-9.497767783306668155e-02
2.466458333333333144e+02,-9.459604896542053720e-02
2.466666666666666572e+02,-9.415305377233192108e-02
2.466875000000000000e+02,-9.367084855658526499e-02
2.467083333333333144e+02,-9.317898180354347581e-02
2.467291666666666572e+02,-9.265847159148339618e-02
2.467500000000000000e+02,-9.208107283699713819e-02
2.467708333333333144e+02,-9.146589568030667750e-02
2.467916666666666572e+02,-9.083953053551513390e-02
2.468125000000000000e+02,-9.018966331124862734e-02
2.468333333333333144e+02,-8.950874229869835996e-02
2.468541666666666572e+02,-8.883941659964973703e-02
2.468750000000000000e+02,-8.823133649473643980e-02
2.468958333333333144e+02,-8.768547086825834169e-02
2.469166666666666572e+02,-8.719309537121687492e-02
2.469375000000000000e+02,-8.678407094493760521e-02
2.469583333333333144e+02,-8.648408856943656797e-02
2.469791666666666572e+02,-8.626829999186017006e-02
2.470000000000000000e+02,-8.610325896470044649e-02
2.470208333333333144e+02,-8.600392233083119231e-02
2.470416666666666572e+02,-8.599269384608863864e-02
2.470625000000000000e+02,-8.604347193361260027e-02
2.470833333333333144e+02,-8.612083950205627614e-02
2.471041666666666572e+02,-8.623701024595165077e-02
2.471250000000000000e+02,-8.641181246910482894e-02
2.471458333333333144e+02,-8.661627244040896734e-02
2.471666666666666572e+02,-8.681265237643759347e-02
2.471875000000000000e+02,-8.701200713830875566e-02
2.472083333333333144e+02,-8.723333783843355282e-02
2.472291666666666572e+02,-8.744723173173717112e-02
2.472500000000000000e+02,-8.761567866947234107e-02
2.472708333333333144e+02,-8.774929844507836640e-02
2.472916666666666572e+02,-8.786647565159630413e-02
2.473125000000000000e+02,-8.793992091845757864e-02
2.473333333333333144e+02,-8.793710298944328041e-02
2.473541666666666572e+02,-8.787444982393369242e-02
2.473750000000000000e+02,-8.777644853351163068e-02
2.473958333333333144e+02,-8.762334537637805898e-02
2.474166666666666572e+02,-8.739207058567684261e-02
2.474375000000000000e+02,-8.710878724649150084e-02
2.474583333333333144e+02,-8.680728758576256032e-02
2.474791666666666572e+02,-8.647332066744015111e-02
2.475000000000000000e+02,-8.608396268024150200e-02
2.475208333333333144e+02,-8.566435219101829757e-02
2.475416666666666572e+02,-8.524756749052757321e-02
2.475625000000000000e+02,-8.481817832008109459e-02
2.475833333333333144e+02,-8.435191594291094330e-02
2.476041666666666572e+02,-8.387319395257500365e-02
2.476250000000000000e+02,-8.341425815538283661e-02
2.476458333333333144e+02,-8.295888177800013474e-02
2.476666666666666572e+02,-8.248216699431085153e-02
2.476875000000000000e+02,-8.200785904376882429e-02
2.477083333333333144e+02,-8.156736879774105498e-02
2.477291666666666572e+02,-8.114365719485286399e-02
2.477500000000000000e+02,-8.071116054338886570e-02
2.477708333333333144e+02,-8.029291957395641444e-02
2.477916666666666572e+02,-7.991952497024178148e-02
2.478125000000000000e+02,-7.957403662379779197e-02
2.478333333333333144e+02,-7.923176655452038308e-02
2.478541666666666572e+02,-7.891666378536203730e-02
2.478750000000000000e+02,-7.866073226151332198e-02
2.478958333333333144e+02,-7.844748120655124779e-02
2.479166666666666572e+02,-7.825169949056363927e-02
2.479375000000000000e+02,-7.809685714244042620e-02
2.479583333333333144e+02,-7.801406721108992970e-02
2.479791666666666572e+02,-7.798588426195308954e-02
2.480000000000000000e+02,-7.798503609238519041e-02
2.480208333333333144e+02,-7.803117402539844205e-02
2.480416666666666572e+02,-7.814943011468686307e-02
2.480625000000000000e+02,-7.831385927021800031e-02
2.480833333333333144e+02,-7.848777113228590230e-02
2.481041666666666572e+02,-7.867978550841683849e-02
2.481250000000000000e+02,-7.890397876847625447e-02
2.481458333333333144e+02,-7.913594831798002882e-02
2.481666666666666572e+02,-7.935727714149740097e-02
2.481875000000000000e+02,-7.959630553358476579e-02
2.482083333333333144e+02,-7.988579731320318011e-02
2.482291666666666572e+02,-8.020804289371262497e-02
2.482500000000000000e+02,-8.053555313251048453e-02
2.482708333333333144e+02,-8.088625856070365272e-02
2.482916666666666572e+02,-8.128337769063313789e-02
2.483125000000000000e+02,-8.169814808890504820e-02
2.483333333333333144e+02,-8.209076213698930646e-02
2.483541666666666572e+02,-8.246688708105902321e-02
2.483750000000000000e+02,-8.283795408619575029e-02
2.483958333333333144e+02,-8.317948521190915434e-02
2.484166666666666572e+02,-8.347662344081775709e-02
2.484375000000000000e+02,-8.376218035841591358e-02
2.484583333333333144e+02,-8.407343982432927132e-02
2.484791666666666572e+02,-8.439620104114632648e-02
2.485000000000000000e+02,-8.470630835448822449e-02
2.485208333333333144e+02,-8.502508881508134830e-02
2.485416666666666572e+02,-8.537851894901465899e-02
2.485625000000000000e+02,-8.574044372546144044e-02
2.485833333333333144e+02,-8.607386108626510768e-02
2.486041666666666572e+02,-8.638693129448539454e-02
2.486250000000000000e+02,-8.669286691413230495e-02
2.486458333333333144e+02,-8.696248038923670709e-02
2.486666666666666572e+02,-8.716742742752149609e-02
2.486875000000000000e+02,-8.732565210460394023e-02
2.487083333333333144e+02,-8.745983244524070666e-02
2.487291666666666572e+02,-8.754103011680727797e-02
2.487500000000000000e+02,-8.752961661696487261e-02
2.487708333333333144e+02,-8.743199281829204528e-02
2.487916666666666572e+02,-8.727733620826179373e-02
2.488125000000000000e+02,-8.706619139970135646e-02
2.488333333333333144e+02,-8.679093889603407830e-02
2.488541666666666572e+02,-8.648871391058529645e-02
2.488750000000000000e+02,-8.620169340560981941e-02
2.488958333333333144e+02,-8.592179539612711248e-02
2.489166666666666572e+02,-8.563053891397059969e-02
2.489375000000000000e+02,-8.535433892629880337e-02
2.489583333333333144e+02,-8.512435158896568266e-02
2.489791666666666572e+02,-8.491983319614038184e-02
2.490000000000000000e+02,-8.470905807004973365e-02
2.490208333333333144e+02,-8.450551838431737128e-02
2.490416666666666572e+02,-8.432839406267463034e-02
2.490625000000000000e+02,-8.415855011447875844e-02
2.490833333333333144e+02,-8.398262006118366318e-02
2.491041666666666572e+02,-8.383521763413517847e-02
2.491250000000000000e+02,-8.375646254424846948e-02
2.491458333333333144e+02,-8.373402702725582514e-02
2.491666666666666572e+02,-8.374458932141579104e-02
2.491875000000000000e+02,-8.381032930999254837e-02
2.492083333333333144e+02,-8.395815478521935493e-02
2.492291666666666572e+02,-8.416412141540466352e-02
2.492500000000000000e+02,-8.439459456371345425e-02
2.492708333333333144e+02,-8.466224179565937091e-02
2.492916666666666572e+02,-8.498548869775585102e-02
2.493125000000000000e+02,-8.533159403796983233e-02
2.493333333333333144e+02,-8.565778076825389387e-02
2.493541666666666572e+02,-8.596638031646219869e-02
2.493750000000000000e+02,-8.626561662324479240e-02
2.493958333333333144e+02,-8.653327797021313772e-02
2.494166666666666572e+02,-8.676182589425684988e-02
2.494375000000000000e+02,-8.697402644946594652e-02
2.494583333333333144e+02,-8.717706189683213647e-02
2.494791666666666572e+02,-8.735384462339972067e-02
2.495000000000000000e+02,-8.751142516945437100e-02
2.495208333333333144e+02,-8.766049370302415877e-02
2.495416666666666572e+02,-8.777916091876501736e-02
2.495625000000000000e+02,-8.785765973393323824e-02
2.495833333333333144e+02,-8.792563895675711838e-02
2.496041666666666572e+02,-8.800595124319639251e-02
2.496250000000000000e+02,-8.806846954849120723e-02
2.496458333333333144e+02,-8.807176199025522345e-02
2.496666666666666572e+02,-8.802054796376172774e-02
2.496875000000000000e+02,-8.793621485511037006e-02
2.497083333333333144e+02,-8.780765280728110300e-02
2.497291666666666572e+02,-8.761942466239289184e-02
2.497500000000000000e+02,-8.740207266914212791e-02
2.497708333333333144e+02,-8.719035430202565218e-02
2.497916666666666572e+02,-8.696720731933864357e-02
2.498125000000000000e+02,-8.670452034483133730e-02
2.498333333333333144e+02,-8.641963480340576764e-02
2.498541666666666572e+02,-8.613491694356457951e-02
2.498750000000000000e+02,-8.583638345886399068e-02
2.498958333333333144e+02,-8.551840893942626309e-02
2.499166666666666572e+02,-8.522163427168841232e-02
2.499375000000000000e+02,-8.498991523208988819e-02
2.499583333333333144e+02,-8.481589013912961550e-02
2.499791666666666572e+02,-8.468188488575799366e-02
2.500000000000000000e+02,-8.461651653848310806e-02
2.500208333333333144e+02,-8.465233358489179794e-02
2.500416666666666572e+02,-8.476978034320792332e-02
2.500625000000000000e+02,-8.493860873131703348e-02
2.500833333333333144e+02,-8.517435288036330487e-02
2.501041666666666572e+02,-8.549641673122169994e-02
2.501250000000000000e+02,-8.587218572287419471e-02
2.501458333333333144e+02,-8.625936853424621964e-02
2.501666666666666572e+02,-8.666238192641963212e-02
2.501875000000000000e+02,-8.709105640486412836e-02
2.502083333333333144e+02,-8.750521846992610764e-02
2.502291666666666572e+02,-8.785539330151298509e-02
2.502500000000000000e+02,-8.813995675084453085e-02
2.502708333333333144e+02,-8.837805814606496113e-02
2.502916666666666572e+02,-8.855821753204581870e-02
2.503125000000000000e+02,-8.866338353501332370e-02
2.503333333333333144e+02,-8.872482386206892446e-02
2.503541666666666572e+02,-8.878138446380448578e-02
2.503750000000000000e+02,-8.882441668402700496e-02
2.503958333333333144e+02,-8.883733684300670896e-02
2.504166666666666572e+02,-8.885293748590550322e-02
2.504375000000000000e+02,-8.891300109437526300e-02
2.504583333333333144e+02,-8.901208894210017875e-02
2.504791666666666572e+02,-8.913643610269758599e-02
2.505000000000000000e+02,-8.930239232124893844e-02
2.505208333333333144e+02,-8.951198402758961392e-02
2.505416666666666572e+02,-8.973744800792313181e-02
2.505625000000000000e+02,-8.996673090195399236e-02
2.505833333333333144e+02,-9.021230245163647243e-02
2.506041666666666572e+02,-9.046389568031422412e-02
2.506250000000000000e+02,-9.070624854616386734e-02
2.506458333333333144e+02,-9.096132619215896442e-02
2.506666666666666572e+02,-9.124478084791416699e-02
2.506875000000000000e+02,-9.152192911880430159e-02
2.507083333333333144e+02,-9.175070713215928431e-02
2.507291666666666572e+02,-9.193755696259887922e-02
2.507500000000000000e+02,-9.209801397298629511e-02
2.507708333333333144e+02,-9.220506992334408236e-02
2.507916666666666572e+02,-9.223140714867611445e-02
2.508125000000000000e+02,-9.219914755139395346e-02
2.508333333333333144e+02,-9.213967289239580194e-02
2.508541666666666572e+02,-9.203663976671956626e-02
2.508750000000000000e+02,-9.186622236364833105e-02
2.508958333333333144e+02,-9.165310302022515454e-02
2.509166666666666572e+02,-9.143011526704566960e-02
2.509375000000000000e+02,-9.118121506911341934e-02
2.509583333333333144e+02,-9.088315059642201876e-02
2.509791666666666572e+02,-9.056113809880719789e-02
2.510000000000000000e+02,-9.024812504392268342e-02
2.510208333333333144e+02,-8.992816680268111984e-02
2.510416666666666572e+02,-8.957840992463632357e-02
2.510625000000000000e+02,-8.922450324687683509e-02
2.510833333333333144e+02,-8.889960952221487300e-02
2.511041666666666572e+02,-8.858800300057524668e-02
2.511250000000000000e+02,-8.826728472029586603e-02
2.511458333333333144e+02,-8.796348292665708002e-02
2.511666666666666572e+02,-8.771141419514603965e-02
2.511875000000000000e+02,-8.749881091065514482e-02
2.512083333333333144e+02,-8.730746259936363052e-02
2.512291666666666572e+02,-8.716888641581944930e-02
2.512500000000000000e+02,-8.712464721298619763e-02
2.512708333333333144e+02,-8.717017514117472721e-02
2.512916666666666572e+02,-8.728861303701243579e-02
2.513125000000000000e+02,-8.749093488770889882e-02
2.513333333333333144e+02,-8.777912243853648600e-02
2.513541666666666572e+02,-8.811535074878422413e-02
2.513750000000000000e+02,-8.846562484252316894e-02
2.513958333333333144e+02,-8.884737099721921882e-02
2.514166666666666572e+02,-8.928839768870217020e-02
2.514375000000000000e+02,-8.977170131920461649e-02
2.514583333333333144e+02,-9.027455318262080086e-02
2.514791666666666572e+02,-9.080928945463588586e-02
2.515000000000000000e+02,-9.137857311163956331e-02
2.515208333333333144e+02,-9.193968370306068727e-02
2.515416666666666572e+02,-9.244743026247378981e-02
2.515625000000000000e+02,-9.290822968009063154e-02
2.515833333333333144e+02,-9.333904647382740283e-02
2.516041666666666572e+02,-9.371209776118182011e-02
2.516250000000000000e+02,-9.399519781641815785e-02
2.516458333333333144e+02,-9.420651341534815038e-02
2.516666666666666572e+02,-9.437407688734117395e-02
2.516875000000000000e+02,-9.448070351735095296e-02
2.517083333333333144e+02,-9.450395465270258755e-02
2.517291666666666572e+02,-9.447319459180705814e-02
2.517500000000000000e+02,-9.442882913787919996e-02
2.517708333333333144e+02,-9.436600802904111795e-02
2.517916666666666572e+02,-9.427441735165244252e-02
2.518125000000000000e+02,-9.418285432652007128e-02
2.518333333333333144e+02,-9.411465954210641860e-02
2.518541666666666572e+02,-9.404589610520061593e-02
2.518750000000000000e+02,-9.394804821151736540e-02
2.518958333333333144e+02,-9.384415872571785777e-02
2.519166666666666572e+02,-9.376722098482830059e-02
2.519375000000000000e+02,-9.370455168042847449e-02
2.519583333333333144e+02,-9.363845583092905711e-02
2.519791666666666572e+02,-9.359862625397918912e-02
2.520000000000000000e+02,-9.361944443833485063e-02
2.520208333333333144e+02,-9.368919228388321307e-02
2.520416666666666572e+02,-9.379035359735135580e-02
2.520625000000000000e+02,-9.393639298580200303e-02
2.520833333333333144e+02,-9.412618464674203655e-02
2.521041666666666572e+02,-9.432914505791412108e-02
2.521250000000000000e+02,-9.453162354882842233e-02
2.521458333333333144e+02,-9.474387930264457913e-02
2.521666666666666572e+02,-9.495163917707200030e-02
2.521875000000000000e+02,-9.513805156957542974e-02
2.522083333333333144e+02,-9.532459512933492973e-02
2.522291666666666572e+02,-9.552621306859912509e-02
2.522500000000000000e+02,-9.570998557026688669e-02
2.522708333333333144e+02,-9.583876784880290822e-02
2.522916666666666572e+02,-9.592705400119448667e-02
2.523125000000000000e+02,-9.600040119120448190e-02
2.523333333333333144e+02,-9.603907767147569496e-02
2.523541666666666572e+02,-9.601873782206894747e-02
2.523750000000000000e+02,-9.596627599216656090e-02
2.523958333333333144e+02,-9.591963704597604445e-02
2.524166666666666572e+02,-9.587129676083663843e-02
2.524375000000000000e+02,-9.580845311127129948e-02
2.524583333333333144e+02,-9.575378996530786724e-02
2.524791666666666572e+02,-9.572096271599306316e-02
2.525000000000000000e+02,-9.567806705913271814e-02
2.525208333333333144e+02,-9.559052736233450420e-02
2.525416666666666572e+02,-9.547496992972273611e-02
2.525625000000000000e+02,-9.535865459738875061e-02
2.525833333333333144e+02,-9.522240338960333284e-02
2.526041666666666572e+02,-9.504243821001187587e-02
2.526250000000000000e+02,-9.484691113174881227e-02
2.526458333333333144e+02,-9.467540682451808243e-02
2.526666666666666572e+02,-9.452192116463965788e-02
2.526875000000000000e+02,-9.437483098179437480e-02
2.527083333333333144e+02,-9.425826157388650373e-02
2.527291666666666572e+02,-9.418770384819169506e-02
2.527500000000000000e+02,-9.413095240648451656e-02
2.527708333333333144e+02,-9.405100957428973174e-02
2.527916666666666572e+02,-9.396265759986550947e-02
2.528125000000000000e+02,-9.389166829683986970e-02
2.528333333333333144e+02,-9.381756420234871330e-02
2.528541666666666572e+02,-9.371480185360039905e-02
2.528750000000000000e+02,-9.360931265594388262e-02
2.528958333333333144e+02,-9.353882244439540306e-02
2.529166666666666572e+02,-9.349585245352502738e-02
2.529375000000000000e+02,-9.346675087764205747e-02
2.529583333333333144e+02,-9.347064708689940826e-02
2.529791666666666572e+02,-9.351561220241504102e-02
2.530000000000000000e+02,-9.357002993576893357e-02
2.530208333333333144e+02,-9.360678149961206007e-02
2.530416666666666572e+02,-9.365072261193238545e-02
2.530625000000000000e+02,-9.373816082169909858e-02
2.530833333333333144e+02,-9.385964232866650381e-02
2.531041666666666572e+02,-9.399950196107428879e-02
2.531250000000000000e+02,-9.417023272499797093e-02
2.531458333333333144e+02,-9.436755121019468895e-02
2.531666666666666572e+02,-9.456702541995198885e-02
2.531875000000000000e+02,-9.477292368275289092e-02
2.532083333333333144e+02,-9.499782198423352420e-02
2.532291666666666572e+02,-9.520945359369549499e-02
2.532500000000000000e+02,-9.537117233465150501e-02
2.532708333333333144e+02,-9.549736565493303908e-02
2.532916666666666572e+02,-9.561249861464239663e-02
2.533125000000000000e+02,-9.569620314344556844e-02
2.533333333333333144e+02,-9.572362008375845388e-02
2.533541666666666572e+02,-9.572096772945054566e-02
2.533750000000000000e+02,-9.572481136694623027e-02
2.533958333333333144e+02,-9.572690933043795369e-02
2.534166666666666572e+02,-9.571292853272247991e-02
2.534375000000000000e+02,-9.570639024562571651e-02
2.534583333333333144e+02,-9.572569581369357039e-02
2.534791666666666572e+02,-9.574242547734075626e-02
2.535000000000000000e+02,-9.572339235013339886e-02
2.535208333333333144e+02,-9.568741136281645743e-02
2.535416666666666572e+02,-9.566430169887886470e-02
2.535625000000000000e+02,-9.563872773566528540e-02
2.535833333333333144e+02,-9.559053142270761139e-02
2.536041666666666572e+02,-9.555000484213076184e-02
2.536250000000000000e+02,-9.555685725937908270e-02
2.536458333333333144e+02,-9.560411700204175800e-02
2.536666666666666572e+02,-9.567137890477475648e-02
2.536875000000000000e+02,-9.577019262464717131e-02
2.537083333333333144e+02,-9.590808764797319197e-02
2.537291666666666572e+02,-9.604586830649099183e-02
2.537500000000000000e+02,-9.613941607419967950e-02
2.537708333333333144e+02,-9.619617720568185426e-02
2.537916666666666572e+02,-9.623435508707603447e-02
2.538125000000000000e+02,-9.622736028181849699e-02
2.538333333333333144e+02,-9.614411020185703594e-02
2.538541666666666572e+02,-9.600491615830135383e-02
2.538750000000000000e+02,-9.584066492315586328e-02
2.538958333333333144e+02,-9.563753819290880809e-02
2.539166666666666572e+02,-9.537736817867681349e-02
2.539375000000000000e+02,-9.509274427852357214e-02
2.539583333333333144e+02,-9.482621640439500843e-02
2.539791666666666572e+02,-9.457551429434835066e-02
2.540000000000000000e+02,-9.433255244239695247e-02
2.540208333333333144e+02,-9.411928894323691452e-02
2.540416666666666572e+02,-9.394244939315463117e-02
2.540625000000000000e+02,-9.377863557752723345e-02
2.540833333333333144e+02,-9.362012157832910741e-02
2.541041666666666572e+02,-9.348430159392868977e-02
2.541250000000000000e+02,-9.336640230074259861e-02
2.541458333333333144e+02,-9.325658530868806417e-02
2.541666666666666572e+02,-9.317476097014826264e-02
2.541875000000000000e+02,-9.312840103227200406e-02
2.542083333333333144e+02,-9.308995720984132582e-02
2.542291666666666572e+02,-9.304357562062193221e-02
2.542500000000000000e+02,-9.301537082313156291e-02
2.542708333333333144e+02,-9.302773866759245225e-02
2.542916666666666572e+02,-9.305607542864678672e-02
2.543125000000000000e+02,-9.307181567009831236e-02
2.543333333333333144e+02,-9.309813864745443424e-02
2.543541666666666572e+02,-9.316906569681430994e-02
2.543750000000000000e+02,-9.327313370258184799e-02
2.543958333333333144e+02,-9.339273171883684388e-02
2.544166666666666572e+02,-9.354219087851804726e-02
2.544375000000000000e+02,-9.372357297157120348e-02
2.544583333333333144e+02,-9.390490479664675982e-02
2.544791666666666572e+02,-9.406760428250787731e-02
2.545000000000000000e+02,-9.423213398150830089e-02
2.545208333333333144e+02,-9.441122555372764846e-02
2.545416666666666572e+02,-9.457000192865916421e-02
2.545625000000000000e+02,-9.466943455254812900e-02
2.545833333333333144e+02,-9.472246418349457298e-02
2.546041666666666572e+02,-9.475319553634090064e-02
2.546250000000000000e+02,-9.474019076823499141e-02
2.546458333333333144e+02,-9.465766352170694453e-02
2.546666666666666572e+02,-9.453170491685916610e-02
2.546875000000000000e+02,-9.439949236273867395e-02
2.547083333333333144e+02,-9.425244646185892972e-02
2.547291666666666572e+02,-9.407717197211398763e-02
2.547500000000000000e+02,-9.390837427037210250e-02
2.547708333333333144e+02,-9.378749629675629806e-02
2.547916666666666572e+02,-9.370952177151647966e-02
2.548125000000000000e+02,-9.365858780105890125e-02
2.548333333333333144e+02,-9.365056391977336081e-02
2.548541666666666572e+02,-9.369561796058370473e-02
2.548750000000000000e+02,-9.375683339702253760e-02
2.548958333333333144e+02,-9.379232981480267739e-02
2.549166666666666572e+02,-9.381175580038067507e-02
2.549375000000000000e+02,-9.383655157675357961e-02
2.549583333333333144e+02,-9.384286328721883064e-02
2.549791666666666572e+02,-9.380199967562165286e-02
2.550000000000000000e+02,-9.373692380388673473e-02
2.550208333333333144e+02,-9.368226703403813305e-02
2.550416666666666572e+02,-9.362732554172348287e-02
2.550625000000000000e+02,-9.355617887870797122e-02
2.550833333333333144e+02,-9.349700802252891574e-02
2.551041666666666572e+02,-9.348012659222836029e-02
2.551250000000000000e+02,-9.348949112276219719e-02
2.551458333333333144e+02,-9.350395463380879735e-02
2.551666666666666572e+02,-9.354720675591958468e-02
2.551875000000000000e+02,-9.364593796336005693e-02
2.552083333333333144e+02,-9.378059567430335752e-02
2.552291666666666572e+02,-9.392646472290828996e-02
2.552500000000000000e+02,-9.410217465563681938e-02
2.552708333333333144e+02,-9.432749157594051692e-02
2.552916666666666572e+02,-9.457570757978119025e-02
2.553125000000000000e+02,-9.481475770786519652e-02
2.553333333333333144e+02,-9.506360414387082791e-02
2.553541666666666572e+02,-9.535261024892234538e-02
2.553750000000000000e+02,-9.566637209335936143e-02
2.553958333333333144e+02,-9.598351542812419424e-02
2.554166666666666572e+02,-9.631227944210414560e-02
2.554375000000000000e+02,-9.664537098681687255e-02
2.554583333333333144e+02,-9.695455943699052281e-02
2.554791666666666572e+02,-9.723964474563200067e-02
2.555000000000000000e+02,-9.750867712241370611e-02
2.555208333333333144e+02,-9.772489731981993943e-02
2.555416666666666572e+02,-9.784706458672363938e-02
2.555625000000000000e+02,-9.788412478229749358e-02
2.555833333333333144e+02,-9.785484327180618558e-02
2.556041666666666572e+02,-9.773301974330671216e-02
2.556250000000000000e+02,-9.748785103584527156e-02
2.556458333333333144e+02,-9.713883096471179202e-02
2.556666666666666572e+02,-9.671480381725242048e-02
2.556875000000000000e+02,-9.619971081470943264e-02
2.557083333333333144e+02,-9.557348609778952564e-02
2.557291666666666572e+02,-9.486532838694088088e-02
2.557500000000000000e+02,-9.411179774696097622e-02
2.557708333333333144e+02,-9.330092745379217622e-02
2.557916666666666572e+02,-9.241271720987895288e-02
2.558125000000000000e+02,-9.147594580982103263e-02
2.558333333333333144e+02,-9.052676072330720358e-02
2.558541666666666572e+02,-8.955864452539953613e-02
2.558750000000000000e+02,-8.856446695325083385e-02
2.558958333333333144e+02,-8.758676474030641090e-02
2.559166666666666572e+02,-8.667521231584679464e-02
2.559375000000000000e+02,-8.583085593962890003e-02
2.559583333333333144e+02,-8.504687382628130232e-02
2.559791666666666572e+02,-8.436528362431490458e-02
2.560000000000000000e+02,-8.383496389253106140e-02
2.560208333333333144e+02,-8.345549964702250745e-02
2.560416666666666288e+02,-8.320789307352363662e-02
2.560625000000000000e+02,-8.310429226278340242e-02
2.560833333333333144e+02,-8.315646559038669672e-02
2.561041666666666288e+02,-8.332589359838123155e-02
2.561250000000000000e+02,-8.356385875271098163e-02
2.561458333333333144e+02,-8.386728706917673248e-02
2.561666666666666288e+02,-8.423841509323408416e-02
2.561875000000000000e+02,-8.463851199842872819e-02
2.562083333333333144e+02,-8.503119923928681434e-02
2.562291666666666288e+02,-8.542624460450615187e-02
2.562500000000000000e+02,-8.583786781510091557e-02
2.562708333333333144e+02,-8.622917014806787128e-02
2.562916666666666288e+02,-8.655300408247723620e-02
2.563125000000000000e+02,-8.680782594635329252e-02
2.563333333333333144e+02,-8.701034823182465794e-02
2.563541666666666288e+02,-8.714670760423492979e-02
2.563750000000000000e+02,-8.719888880677351128e-02
2.563958333333333144e+02,-8.719485479618128976e-02
2.564166666666666288e+02,-8.716809120761888352e-02
2.564375000000000000e+02,-8.710081420027010468e-02
2.564583333333333144e+02,-8.696472726076256987e-02
2.564791666666666288e+02,-8.677626770642098142e-02
2.565000000000000000e+02,-8.655767735481730007e-02
2.565208333333333144e+02,-8.629618702970942579e-02
2.565416666666666288e+02,-8.598805761147852722e-02
2.565625000000000000e+02,-8.567537535286529060e-02
2.565833333333333144e+02,-8.540352941955109412e-02
2.566041666666666288e+02,-8.516594821786589720e-02
2.566250000000000000e+02,-8.494497230504809149e-02
2.566458333333333144e+02,-8.476795151020134755e-02
2.566666666666666288e+02,-8.466687898108384014e-02
2.566875000000000000e+02,-8.462183312836098203e-02
2.567083333333333144e+02,-8.460200889166454019e-02
2.567291666666666288e+02,-8.462169237585945303e-02
2.567500000000000000e+02,-8.469965188774425391e-02
2.567708333333333144e+02,-8.480313163046680758e-02
2.567916666666666288e+02,-8.488906113163535716e-02
2.568125000000000000e+02,-8.495970433649897846e-02
2.568333333333333144e+02,-8.502667393112582628e-02
2.568541666666666288e+02,-8.507387105949225370e-02
2.568750000000000000e+02,-8.509785059182270461e-02
2.568958333333333144e+02,-8.512333728654479514e-02
2.569166666666666288e+02,-8.515746302570287307e-02
2.569375000000000000e+02,-8.518676081666029520e-02
2.569583333333333144e+02,-8.522623357506131647e-02
2.569791666666666288e+02,-8.529305999876472810e-02
2.570000000000000000e+02,-8.535433178870145687e-02
2.570208333333333144e+02,-8.536924049479155396e-02
2.570416666666666288e+02,-8.534412752303847938e-02
2.570625000000000000e+02,-8.529759232542635794e-02
2.570833333333333144e+02,-8.521641059194820511e-02
2.571041666666666288e+02,-8.509072223037005001e-02
2.571250000000000000e+02,-8.495754471374938888e-02
2.571458333333333144e+02,-8.485869447436476809e-02
2.571666666666666288e+02,-8.478436617327998748e-02
2.571875000000000000e+02,-8.471309293585624345e-02
2.572083333333333144e+02,-8.466878947496839225e-02
2.572291666666666288e+02,-8.468013059024714906e-02
2.572500000000000000e+02,-8.472406930492773491e-02
2.572708333333333144e+02,-8.476593055867535920e-02
2.572916666666666288e+02,-8.481643813810731125e-02
2.573125000000000000e+02,-8.489152515718215164e-02
2.573333333333333144e+02,-8.496255737305519196e-02
2.573541666666666288e+02,-8.499818116953013203e-02
2.573750000000000000e+02,-8.501339253437503740e-02
2.573958333333333144e+02,-8.502844810719431545e-02
2.574166666666666288e+02,-8.501938959889468461e-02
2.574375000000000000e+02,-8.495992203237470730e-02
2.574583333333333144e+02,-8.487012352242535862e-02
2.574791666666666288e+02,-8.477524451195934951e-02
2.575000000000000000e+02,-8.465322275054386336e-02
2.575208333333333144e+02,-8.447565936920711782e-02
2.575416666666666288e+02,-8.426012477401592649e-02
2.575625000000000000e+02,-8.403035002515879537e-02
2.575833333333333144e+02,-8.377484432151517668e-02
2.576041666666666288e+02,-8.349049076311848561e-02
2.576250000000000000e+02,-8.321782926755288967e-02
2.576458333333333144e+02,-8.299705570490813200e-02
2.576666666666666288e+02,-8.281583387015827025e-02
2.576875000000000000e+02,-8.265007431649462610e-02
2.577083333333333144e+02,-8.252123843178781060e-02
2.577291666666666288e+02,-8.245566703130947916e-02
2.577500000000000000e+02,-8.242781504430682360e-02
2.577708333333333144e+02,-8.240043153470938408e-02
2.577916666666666288e+02,-8.238188567975007759e-02
2.578125000000000000e+02,-8.238649913772165545e-02
2.578333333333333144e+02,-8.239303545053254518e-02
2.578541666666666288e+02,-8.238975917535250326e-02
2.578750000000000000e+02,-8.241369640707854605e-02
2.578958333333333144e+02,-8.250765058161707577e-02
2.579166666666666288e+02,-8.266364858310232266e-02
2.579375000000000000e+02,-8.286192390504086569e-02
2.579583333333333144e+02,-8.312589332903320971e-02
2.579791666666666288e+02,-8.348099836512636041e-02
2.580000000000000000e+02,-8.390069928370240404e-02
2.580208333333333144e+02,-8.434714630396260293e-02
2.580416666666666288e+02,-8.482826048595246138e-02
2.580625000000000000e+02,-8.535688704430863250e-02
2.580833333333333144e+02,-8.589436149086508709e-02
2.581041666666666288e+02,-8.639038430680544278e-02
2.581250000000000000e+02,-8.684039629169015839e-02
2.581458333333333144e+02,-8.725305758852026916e-02
2.581666666666666288e+02,-8.760894008714696646e-02
2.581875000000000000e+02,-8.789523760615301773e-02
2.582083333333333144e+02,-8.814091138330075459e-02
2.582291666666666288e+02,-8.837332003521557178e-02
2.582500000000000000e+02,-8.856789607213229332e-02
2.582708333333333144e+02,-8.868852065217110170e-02
2.582916666666666288e+02,-8.874453172577891069e-02
2.583125000000000000e+02,-8.875153422744780363e-02
2.583333333333333144e+02,-8.869806058820958738e-02
2.583541666666666288e+02,-8.858999887222081260e-02
2.583750000000000000e+02,-8.844862182124844929e-02
2.583958333333333144e+02,-8.826401730194968764e-02
2.584166666666666288e+02,-8.802122263158697335e-02
2.584375000000000000e+02,-8.775090399407824149e-02
2.584583333333333144e+02,-8.748903074556496628e-02
2.584791666666666288e+02,-8.722023911706026922e-02
2.585000000000000000e+02,-8.691843730564129122e-02
2.585208333333333144e+02,-8.660232060312943181e-02
2.585416666666666288e+02,-8.629577014067381369e-02
2.585625000000000000e+02,-8.598079946595195422e-02
2.585833333333333144e+02,-8.564068549564500532e-02
2.586041666666666288e+02,-8.530488412876881255e-02
2.586250000000000000e+02,-8.500751253796554052e-02
2.586458333333333144e+02,-8.473100278017811626e-02
2.586666666666666288e+02,-8.444693068967575045e-02
2.586875000000000000e+02,-8.417165160792934586e-02
2.587083333333333144e+02,-8.392665254193210078e-02
2.587291666666666288e+02,-8.369384171945444539e-02
2.587500000000000000e+02,-8.345903149162932355e-02
2.587708333333333144e+02,-8.325625429525826404e-02
2.587916666666666288e+02,-8.312634940849010501e-02
2.588125000000000000e+02,-8.306113536211254256e-02
2.588333333333333144e+02,-8.304490238264809754e-02
2.588541666666666288e+02,-8.310676849492770746e-02
2.588750000000000000e+02,-8.327868004085701992e-02
2.588958333333333144e+02,-8.354314138505024301e-02
2.589166666666666288e+02,-8.387516185161029980e-02
2.589375000000000000e+02,-8.429219942135950105e-02
2.589583333333333144e+02,-8.481223759797383577e-02
2.589791666666666288e+02,-8.540414305038053489e-02
2.590000000000000000e+02,-8.602989471947063149e-02
2.590208333333333144e+02,-8.670003298768837185e-02
2.590416666666666288e+02,-8.743348064313019585e-02
2.590625000000000000e+02,-8.820110894079319364e-02
2.590833333333333144e+02,-8.896680606715960671e-02
2.591041666666666288e+02,-8.974300917484222262e-02
2.591250000000000000e+02,-9.054995003867337411e-02
2.591458333333333144e+02,-9.135906269380521250e-02
2.591666666666666288e+02,-9.213486498022636917e-02
2.591875000000000000e+02,-9.288945307306822885e-02
2.592083333333333144e+02,-9.364172198822753868e-02
2.592291666666666288e+02,-9.436157537019994324e-02
2.592500000000000000e+02,-9.501159813287483880e-02
2.592708333333333144e+02,-9.560294326828107370e-02
2.592916666666666288e+02,-9.615485787519265082e-02
2.593125000000000000e+02,-9.663778410435154564e-02
2.593333333333333144e+02,-9.701497775087261632e-02
2.593541666666666288e+02,-9.729826842016732480e-02
2.593750000000000000e+02,-9.750805923761561578e-02
2.593958333333333144e+02,-9.761668162693087902e-02
2.594166666666666288e+02,-9.758918718169473649e-02
2.594375000000000000e+02,-9.743909701624051123e-02
2.594583333333333144e+02,-9.718918908028095771e-02
2.594791666666666288e+02,-9.683079420945146787e-02
2.595000000000000000e+02,-9.636882300733325135e-02
2.595208333333333144e+02,-9.584425222997641769e-02
2.595416666666666288e+02,-9.528854918306661759e-02
2.595625000000000000e+02,-9.468561525176991123e-02
2.595833333333333144e+02,-9.401475160192915292e-02
2.596041666666666288e+02,-9.330403343743574884e-02
2.596250000000000000e+02,-9.259004475723678351e-02
2.596458333333333144e+02,-9.186064000979445032e-02
2.596666666666666288e+02,-9.109601059114799670e-02
2.596875000000000000e+02,-9.032476004575909490e-02
2.597083333333333144e+02,-8.958398960759735019e-02
2.597291666666666288e+02,-8.886201679459405922e-02
2.597500000000000000e+02,-8.813932898777601666e-02
2.597708333333333144e+02,-8.744421232604393524e-02
2.597916666666666288e+02,-8.681322035185343178e-02
2.598125000000000000e+02,-8.623460941446402239e-02
2.598333333333333144e+02,-8.568876735187480609e-02
2.598541666666666288e+02,-8.520456634377625293e-02
2.598750000000000000e+02,-8.481951537960520648e-02
2.598958333333333144e+02,-8.452238495496976201e-02
2.599166666666666288e+02,-8.429429002938376714e-02
2.599375000000000000e+02,-8.416477709500749804e-02
2.599583333333333144e+02,-8.417173433454525067e-02
2.599791666666666288e+02,-8.430416075277011312e-02
2.600000000000000000e+02,-8.453971334640426882e-02
2.600208333333333144e+02,-8.488584441106786227e-02
2.600416666666666288e+02,-8.533975605557160560e-02
2.600625000000000000e+02,-8.585839308969676897e-02
2.600833333333333144e+02,-8.640433424419621811e-02
2.601041666666666288e+02,-8.699010227563501452e-02
2.601250000000000000e+02,-8.763662831761745431e-02
2.601458333333333144e+02,-8.831615239549339691e-02
2.601666666666666288e+02,-8.899344906741611660e-02
2.601875000000000000e+02,-8.968081354266273231e-02
2.602083333333333144e+02,-9.039785730673756403e-02
2.602291666666666288e+02,-9.111531016152685236e-02
2.602500000000000000e+02,-9.179612485066189487e-02
2.602708333333333144e+02,-9.245176894930845490e-02
2.602916666666666288e+02,-9.310234406448857081e-02
2.603125000000000000e+02,-9.371927054503560728e-02
2.603333333333333144e+02,-9.426631820713689269e-02
2.603541666666666288e+02,-9.475580749652683099e-02
2.603750000000000000e+02,-9.520952845448081570e-02
2.603958333333333144e+02,-9.560168811808840428e-02
2.604166666666666288e+02,-9.589908939232702489e-02
2.604375000000000000e+02,-9.611767274278175399e-02
2.604583333333333144e+02,-9.628217853260309655e-02
2.604791666666666288e+02,-9.636870914582326697e-02
2.605000000000000000e+02,-9.634567342896209474e-02
2.605208333333333144e+02,-9.622997891932101588e-02
2.605416666666666288e+02,-9.604804529000618429e-02
2.605625000000000000e+02,-9.577932074223274861e-02
2.605833333333333144e+02,-9.539670704657531031e-02
2.606041666666666288e+02,-9.492247898513465898e-02
2.606250000000000000e+02,-9.438814979017282059e-02
2.606458333333333144e+02,-9.378432297973729459e-02
2.606666666666666288e+02,-9.310364232263712569e-02
2.606875000000000000e+02,-9.238780045585616441e-02
2.607083333333333144e+02,-9.168728547392070161e-02
2.607291666666666288e+02,-9.100473879634023155e-02
2.607500000000000000e+02,-9.033539231814134707e-02
2.607708333333333144e+02,-8.972095994143890196e-02
2.607916666666666288e+02,-8.920814467812897275e-02
2.608125000000000000e+02,-8.879449781770588912e-02
2.608333333333333144e+02,-8.846878436704173898e-02
2.608541666666666288e+02,-8.824862138841639558e-02
2.608750000000000000e+02,-8.813659599004754208e-02
2.608958333333333144e+02,-8.810310097790147177e-02
2.609166666666666288e+02,-8.813322403636807134e-02
2.609375000000000000e+02,-8.823804446829211501e-02
2.609583333333333144e+02,-8.840844195679974094e-02
2.609791666666666288e+02,-8.862490958883739722e-02
2.610000000000000000e+02,-8.889737425458613118e-02
2.610208333333333144e+02,-8.922684582353805627e-02
2.610416666666666288e+02,-8.957650492449348301e-02
2.610625000000000000e+02,-8.991584083652741366e-02
2.610833333333333144e+02,-9.026529607034253222e-02
2.611041666666666288e+02,-9.065450769470037584e-02
2.611250000000000000e+02,-9.106621465940950566e-02
2.611458333333333144e+02,-9.147636887991510146e-02
2.611666666666666288e+02,-9.190280618287456627e-02
2.611875000000000000e+02,-9.236163503398926722e-02
2.612083333333333144e+02,-9.282162996190541915e-02
2.612291666666666288e+02,-9.324738178271904654e-02
2.612500000000000000e+02,-9.365548519747413092e-02
2.612708333333333144e+02,-9.407352638639718267e-02
2.612916666666666288e+02,-9.448347368223675158e-02
2.613125000000000000e+02,-9.486270717893362237e-02
2.613333333333333144e+02,-9.523220725059081126e-02
2.613541666666666288e+02,-9.561345131623764926e-02
2.613750000000000000e+02,-9.598119843933664019e-02
2.613958333333333144e+02,-9.630614281970761859e-02
2.614166666666666288e+02,-9.661089072960883650e-02
2.614375000000000000e+02,-9.692835809456709639e-02
2.614583333333333144e+02,-9.724529507562652830e-02
2.614791666666666288e+02,-9.754302043481080653e-02
2.615000000000000000e+02,-9.783441482157800850e-02
2.615208333333333144e+02,-9.811935352903949914e-02
2.615416666666666288e+02,-9.836671412167892481e-02
2.615625000000000000e+02,-9.856026628219140273e-02
2.615833333333333144e+02,-9.871743165249223517e-02
2.616041666666666288e+02,-9.884330783828430833e-02
2.616250000000000000e+02,-9.891301946058475569e-02
2.616458333333333144e+02,-9.891925010050450773e-02
2.616666666666666288e+02,-9.888077055462123066e-02
2.616875000000000000e+02,-9.879487116698261462e-02
2.617083333333333144e+02,-9.865564027868191366e-02
2.617291666666666288e+02,-9.848644906431920643e-02
2.617500000000000000e+02,-9.829461461437652425e-02
2.617708333333333144e+02,-9.806426462144592071e-02
2.617916666666666288e+02,-9.780349518252628993e-02
2.618125000000000000e+02,-9.752880394847047996e-02
2.618333333333333144e+02,-9.721591505751701889e-02
2.618541666666666288e+02,-9.684227503553342886e-02
2.618750000000000000e+02,-9.643773217429620070e-02
2.618958333333333144e+02,-9.604264914227947370e-02
2.619166666666666288e+02,-9.565161396864529930e-02
2.619375000000000000e+02,-9.525452287682961705e-02
2.619583333333333144e+02,-9.488302224385906924e-02
2.619791666666666288e+02,-9.456735939362001520e-02
2.620000000000000000e+02,-9.429101653749129286e-02
2.620208333333333144e+02,-9.403237629396422881e-02
2.620416666666666288e+02,-9.382079852343816473e-02
2.620625000000000000e+02,-9.369695672147132504e-02
2.620833333333333144e+02,-9.365499254491345404e-02
2.621041666666666288e+02,-9.367067985635742222e-02
2.621250000000000000e+02,-9.375315779658610627e-02
2.621458333333333144e+02,-9.391823574121016538e-02
2.621666666666666288e+02,-9.413437961925616437e-02
2.621875000000000000e+02,-9.436367722813736314e-02
2.622083333333333144e+02,-9.461791581952702646e-02
2.622291666666666288e+02,-9.491700866634741884e-02
2.622500000000000000e+02,-9.523218706591857208e-02
2.622708333333333144e+02,-9.552716879769733438e-02
2.622916666666666288e+02,-9.581335552775781250e-02
2.623125000000000000e+02,-9.611049522133956191e-02
2.623333333333333144e+02,-9.638993894716457733e-02
2.623541666666666288e+02,-9.661491971021014813e-02
2.623750000000000000e+02,-9.679722825450115531e-02
2.623958333333333144e+02,-9.695668941724636114e-02
2.624166666666666288e+02,-9.706393490170114879e-02
2.624375000000000000e+02,-9.708198393865122289e-02
2.624583333333333144e+02,-9.702204205318051833e-02
2.624791666666666288e+02,-9.690339999811388438e-02
2.625000000000000000e+02,-9.670229098989890915e-02
2.625208333333333144e+02,-9.639496029156012502e-02
2.625416666666666288e+02,-9.600645063305594806e-02
2.625625000000000000e+02,-9.556943988185725991e-02
2.625833333333333144e+02,-9.506770887730155162e-02
2.626041666666666288e+02,-9.447744123221782364e-02
2.626250000000000000e+02,-9.382276455218234446e-02
2.626458333333333144e+02,-9.313601879590904797e-02
2.626666666666666288e+02,-9.240416568145023990e-02
2.626875000000000000e+02,-9.161033022356200595e-02
2.627083333333333144e+02,-9.078529514717834092e-02
2.627291666666666288e+02,-8.996713870246973721e-02
2.627500000000000000e+02,-8.914546395441627635e-02
2.627708333333333144e+02,-8.830224353447151120e-02
2.627916666666666288e+02,-8.746697760790396459e-02
2.628125000000000000e+02,-8.667710973223463622e-02
2.628333333333333144e+02,-8.592102710754208339e-02
2.628541666666666288e+02,-8.517850637938945146e-02
2.628750000000000000e+02,-8.447704210902567956e-02
2.628958333333333144e+02,-8.385200027765705999e-02
2.629166666666666288e+02,-8.329008603403394162e-02
2.629375000000000000e+02,-8.277041044610781995e-02
2.629583333333333144e+02,-8.231982827424158544e-02
2.629791666666666288e+02,-8.197333662486365469e-02
2.630000000000000000e+02,-8.171760093113902834e-02
2.630208333333333144e+02,-8.153164213722845222e-02
2.630416666666666288e+02,-8.144239737942488011e-02
2.630625000000000000e+02,-8.148466705906586005e-02
2.630833333333333144e+02,-8.164443379138328072e-02
2.631041666666666288e+02,-8.189928152992750898e-02
2.631250000000000000e+02,-8.226232215854006879e-02
2.631458333333333144e+02,-8.273882207106711406e-02
2.631666666666666288e+02,-8.328348326945748947e-02
2.631875000000000000e+02,-8.384345194450933125e-02
2.632083333333333144e+02,-8.441395768056740578e-02
2.632291666666666288e+02,-8.499873319740093580e-02
2.632500000000000000e+02,-8.556285550508374582e-02
2.632708333333333144e+02,-8.607650999615733267e-02
2.632916666666666288e+02,-8.655898600630088091e-02
2.633125000000000000e+02,-8.703758139815807870e-02
2.633333333333333144e+02,-8.749149350994996077e-02
2.633541666666666288e+02,-8.789233517198895285e-02
2.633750000000000000e+02,-8.825951750097917048e-02
2.633958333333333144e+02,-8.862026240578285696e-02
2.634166666666666288e+02,-8.895292851656974586e-02
2.634375000000000000e+02,-8.922819506546093848e-02
2.634583333333333144e+02,-8.946485421530139814e-02
2.634791666666666288e+02,-8.968962657861537235e-02
2.635000000000000000e+02,-8.988018967320100805e-02
2.635208333333333144e+02,-9.000654337424013329e-02
2.635416666666666288e+02,-9.008677050877593462e-02
2.635625000000000000e+02,-9.014674155891352902e-02
2.635833333333333144e+02,-9.016332268946232464e-02
2.636041666666666288e+02,-9.010573768439232578e-02
2.636250000000000000e+02,-8.999134090853638801e-02
2.636458333333333144e+02,-8.984559521938009774e-02
2.636666666666666288e+02,-8.964785684546486277e-02
2.636875000000000000e+02,-8.937331220354238770e-02
2.637083333333333144e+02,-8.904544733973780712e-02
2.637291666666666288e+02,-8.869586759879641291e-02
2.637500000000000000e+02,-8.830792211870706898e-02
2.637708333333333144e+02,-8.785736601115563815e-02
2.637916666666666288e+02,-8.736775408354227612e-02
2.638125000000000000e+02,-8.687084086296421870e-02
2.638333333333333144e+02,-8.635478122103487642e-02
2.638541666666666288e+02,-8.580654403401689889e-02
2.638750000000000000e+02,-8.526172786081488708e-02
2.638958333333333144e+02,-8.476370570158210660e-02
2.639166666666666288e+02,-8.430612885497397457e-02
2.639375000000000000e+02,-8.387400044262340038e-02
2.639583333333333144e+02,-8.350037958884566625e-02
2.639791666666666288e+02,-8.322637703441955470e-02
2.640000000000000000e+02,-8.304427669142767920e-02
2.640208333333333144e+02,-8.293844913555829812e-02
2.640416666666666288e+02,-8.293371364912645316e-02
2.640625000000000000e+02,-8.305257886746060525e-02
2.640833333333333144e+02,-8.326656257054855514e-02
2.641041666666666288e+02,-8.353792665095016723e-02
2.641250000000000000e+02,-8.387526068080858321e-02
2.641458333333333144e+02,-8.429286175651792834e-02
2.641666666666666288e+02,-8.475323357110819966e-02
2.641875000000000000e+02,-8.520746385653396593e-02
2.642083333333333144e+02,-8.565230642980754816e-02
2.642291666666666288e+02,-8.609047150521645375e-02
2.642500000000000000e+02,-8.649486163066695543e-02
2.642708333333333144e+02,-8.685431027177274721e-02
2.642916666666666288e+02,-8.719074456360811909e-02
2.643125000000000000e+02,-8.751227670778524703e-02
2.643333333333333144e+02,-8.779425474331184476e-02
2.643541666666666288e+02,-8.802551881819178914e-02
2.643750000000000000e+02,-8.823121928302478378e-02
2.643958333333333144e+02,-8.842709148496752380e-02
2.644166666666666288e+02,-8.858434891454186610e-02
2.644375000000000000e+02,-8.867332300246279220e-02
2.644583333333333144e+02,-8.871088292102721762e-02
2.644791666666666288e+02,-8.871980416139395309e-02
2.645000000000000000e+02,-8.867598896465374303e-02
2.645208333333333144e+02,-8.854930510887361328e-02
2.645416666666666288e+02,-8.835643981372094669e-02
2.645625000000000000e+02,-8.812006318618888223e-02
2.645833333333333144e+02,-8.783004537627839281e-02
2.646041666666666288e+02,-8.748790793027209911e-02
2.646250000000000000e+02,-8.713130093607622528e-02
2.646458333333333144e+02,-8.678783128596237462e-02
2.646666666666666288e+02,-8.643678461357223730e-02
2.646875000000000000e+02,-8.605242603979232352e-02
2.647083333333333144e+02,-8.565514481174657524e-02
2.647291666666666288e+02,-8.527044802404812329e-02
2.647500000000000000e+02,-8.488270235848249801e-02
2.647708333333333144e+02,-8.447824882755061715e-02
2.647916666666666288e+02,-8.409030546071605272e-02
2.648125000000000000e+02,-8.375716908603170197e-02
2.648333333333333144e+02,-8.346593786409678417e-02
2.648541666666666288e+02,-8.319253150255269402e-02
2.648750000000000000e+02,-8.295869282248766186e-02
2.648958333333333144e+02,-8.279054016482793876e-02
2.649166666666666288e+02,-8.266226710143835532e-02
2.649375000000000000e+02,-8.253819559082686830e-02
2.649583333333333144e+02,-8.242956838321841007e-02
2.649791666666666288e+02,-8.235409865444640043e-02
2.650000000000000000e+02,-8.228983532330629014e-02
2.650208333333333144e+02,-8.221880535325273853e-02
2.650416666666666288e+02,-8.217216259519562194e-02
2.650625000000000000e+02,-8.218852131041477771e-02
2.650833333333333144e+02,-8.225831198550163925e-02
2.651041666666666288e+02,-8.236402768125265783e-02
2.651250000000000000e+02,-8.253631796206238602e-02
2.651458333333333144e+02,-8.281248986747796748e-02
2.651666666666666288e+02,-8.318200453031562858e-02
2.651875000000000000e+02,-8.362287296880115128e-02
2.652083333333333144e+02,-8.414343938924821742e-02
2.652291666666666288e+02,-8.474208321573011016e-02
2.652500000000000000e+02,-8.537531881772891795e-02
2.652708333333333144e+02,-8.600152603705754628e-02
2.652916666666666288e+02,-8.662910532135116581e-02
2.653125000000000000e+02,-8.727420678860181580e-02
2.653333333333333144e+02,-8.790475621347432211e-02
2.653541666666666288e+02,-8.848071173051880178e-02
2.653750000000000000e+02,-8.901121940358193430e-02
2.653958333333333144e+02,-8.951319274938725201e-02
2.654166666666666288e+02,-8.995522853771950600e-02
2.654375000000000000e+02,-9.029807233412123768e-02
2.654583333333333144e+02,-9.055275961615145974e-02
2.654791666666666288e+02,-9.073985741047578546e-02
2.655000000000000000e+02,-9.083980949215920975e-02
2.655208333333333144e+02,-9.083589597644148306e-02
2.655416666666666288e+02,-9.076441399140341981e-02
2.655625000000000000e+02,-9.067171849696113728e-02
2.655833333333333144e+02,-9.055734117614649969e-02
2.656041666666666288e+02,-9.041518074534007909e-02
2.656250000000000000e+02,-9.027830670982753269e-02
2.656458333333333144e+02,-9.017577459350507862e-02
2.656666666666666288e+02,-9.008940046084089326e-02
2.656875000000000000e+02,-8.999663269857823000e-02
2.657083333333333144e+02,-8.992682297780531242e-02
2.657291666666666288e+02,-8.992060558294302786e-02
2.657500000000000000e+02,-8.997274687303317975e-02
2.657708333333333144e+02,-9.006756099318150022e-02
2.657916666666666288e+02,-9.021928364539344436e-02
2.658125000000000000e+02,-9.043350200611782741e-02
2.658333333333333144e+02,-9.067281147792971563e-02
2.658541666666666288e+02,-9.090097440825399555e-02
2.658750000000000000e+02,-9.113421068249646928e-02
2.658958333333333144e+02,-9.139989347874953596e-02
2.659166666666666288e+02,-9.167941909270281575e-02
2.659375000000000000e+02,-9.194900797786699498e-02
2.659583333333333144e+02,-9.223507668899662282e-02
2.659791666666666288e+02,-9.257422440413128062e-02
2.660000000000000000e+02,-9.295689001465506918e-02
2.660208333333333144e+02,-9.335680175709715201e-02
2.660416666666666288e+02,-9.378223633852224295e-02
2.660625000000000000e+02,-9.424858862508178614e-02
2.660833333333333144e+02,-9.472564647764315782e-02
2.661041666666666288e+02,-9.517853485129304514e-02
2.661250000000000000e+02,-9.562408748514125700e-02
2.661458333333333144e+02,-9.609065846119817234e-02
2.661666666666666288e+02,-9.656126591631489231e-02
2.661875000000000000e+02,-9.701320763106696665e-02
2.662083333333333144e+02,-9.745600244977298265e-02
2.662291666666666288e+02,-9.788732381258105630e-02
2.662500000000000000e+02,-9.827543292830605293e-02
2.662708333333333144e+02,-9.860542643486784609e-02
2.662916666666666288e+02,-9.888838957551740472e-02
2.663125000000000000e+02,-9.911458262131588037e-02
2.663333333333333144e+02,-9.927138348447604732e-02
2.663541666666666288e+02,-9.938011372652084952e-02
2.663750000000000000e+02,-9.945135824969457417e-02
2.663958333333333144e+02,-9.945685863591960385e-02
2.664166666666666288e+02,-9.937435696118572526e-02
2.664375000000000000e+02,-9.923454266675008073e-02
2.664583333333333144e+02,-9.907902639123256083e-02
2.664791666666666288e+02,-9.890455813991294587e-02
2.665000000000000000e+02,-9.870213677748704284e-02
2.665208333333333144e+02,-9.849436629331148607e-02
2.665416666666666288e+02,-9.829070670179801406e-02
2.665625000000000000e+02,-9.806747425356694692e-02
2.665833333333333144e+02,-9.781349387153914776e-02
2.666041666666666288e+02,-9.755520704974977864e-02
2.666250000000000000e+02,-9.730980949484370479e-02
2.666458333333333144e+02,-9.704616925924852699e-02
2.666666666666666288e+02,-9.672745996498985366e-02
2.666875000000000000e+02,-9.636699100501718018e-02
2.667083333333333144e+02,-9.598681006336381993e-02
2.667291666666666288e+02,-9.556395882895070415e-02
2.667500000000000000e+02,-9.507161345114312212e-02
2.667708333333333144e+02,-9.453181924232835487e-02
2.667916666666666288e+02,-9.397352421046689663e-02
2.668125000000000000e+02,-9.337772120628208550e-02
2.668333333333333144e+02,-9.271783854509553502e-02
2.668541666666666288e+02,-9.201539539549855040e-02
2.668750000000000000e+02,-9.129945768327224487e-02
2.668958333333333144e+02,-9.056050251344206770e-02
2.669166666666666288e+02,-8.979365701474753547e-02
2.669375000000000000e+02,-8.904419804502802793e-02
2.669583333333333144e+02,-8.836431737964049737e-02
2.669791666666666288e+02,-8.775750628437793688e-02
2.670000000000000000e+02,-8.721730576447200844e-02
2.670208333333333144e+02,-8.677139485814067132e-02
2.670416666666666288e+02,-8.643734895609149482e-02
2.670625000000000000e+02,-8.618099310916521594e-02
2.670833333333333144e+02,-8.595801570841495043e-02
2.671041666666666288e+02,-8.577047422941910804e-02
2.671250000000000000e+02,-8.562860674399000449e-02
2.671458333333333144e+02,-8.551281421916040459e-02
2.671666666666666288e+02,-8.541581998794690878e-02
2.671875000000000000e+02,-8.536009257896300106e-02
2.672083333333333144e+02,-8.535179341873851133e-02
2.672291666666666288e+02,-8.537158940073785729e-02
2.672500000000000000e+02,-8.542227942206538638e-02
2.672708333333333144e+02,-8.551084381407661472e-02
2.672916666666666288e+02,-8.561240857716424790e-02
2.673125000000000000e+02,-8.571469230301076436e-02
2.673333333333333144e+02,-8.584116956137466392e-02
2.673541666666666288e+02,-8.600537525136928152e-02
2.673750000000000000e+02,-8.617557430807371022e-02
2.673958333333333144e+02,-8.631758582693993542e-02
2.674166666666666288e+02,-8.644614340942684272e-02
2.674375000000000000e+02,-8.658357542807978979e-02
2.674583333333333144e+02,-8.670423975235892755e-02
2.674791666666666288e+02,-8.677463282277969592e-02
2.675000000000000000e+02,-8.681017384648308244e-02
2.675208333333333144e+02,-8.683396327582418306e-02
2.675416666666666288e+02,-8.682157105198605451e-02
2.675625000000000000e+02,-8.674134869698375827e-02
2.675833333333333144e+02,-8.661046147700290909e-02
2.676041666666666288e+02,-8.645413093039799879e-02
2.676250000000000000e+02,-8.625608351568540832e-02
2.676458333333333144e+02,-8.600019456383141414e-02
2.676666666666666288e+02,-8.572052612269755179e-02
2.676875000000000000e+02,-8.545948474354461699e-02
2.677083333333333144e+02,-8.521142229392847378e-02
2.677291666666666288e+02,-8.496279658576801064e-02
2.677500000000000000e+02,-8.474888315896439428e-02
2.677708333333333144e+02,-8.461248428164097612e-02
2.677916666666666288e+02,-8.454841763159960666e-02
2.678125000000000000e+02,-8.454249453261693248e-02
2.678333333333333144e+02,-8.461590492890724846e-02
2.678541666666666288e+02,-8.478150471991310888e-02
2.678750000000000000e+02,-8.500227161613212179e-02
2.678958333333333144e+02,-8.523320860350176720e-02
2.679166666666666288e+02,-8.547855878463460344e-02
2.679375000000000000e+02,-8.575015406375982585e-02
2.679583333333333144e+02,-8.601456809456015096e-02
2.679791666666666288e+02,-8.623507638486423155e-02
2.680000000000000000e+02,-8.642459730427416720e-02
2.680208333333333144e+02,-8.660365344975533286e-02
2.680416666666666288e+02,-8.674476577904369212e-02
2.680625000000000000e+02,-8.681202390003898983e-02
2.680833333333333144e+02,-8.681763663774062778e-02
2.681041666666666288e+02,-8.678233435599365386e-02
2.681250000000000000e+02,-8.669230619044676622e-02
2.681458333333333144e+02,-8.654253945739531773e-02
2.681666666666666288e+02,-8.637619535821909611e-02
2.681875000000000000e+02,-8.624080728008859387e-02
2.682083333333333144e+02,-8.613523421977847816e-02
2.682291666666666288e+02,-8.604960160505592537e-02
2.682500000000000000e+02,-8.601132366394548256e-02
2.682708333333333144e+02,-8.604063870354006216e-02
2.682916666666666288e+02,-8.610783941646835138e-02
2.683125000000000000e+02,-8.617527189040749547e-02
2.683333333333333144e+02,-8.625444455739415817e-02
2.683541666666666288e+02,-8.636455141133099478e-02
2.683750000000000000e+02,-8.647656085416519089e-02
2.683958333333333144e+02,-8.655352929277376761e-02
2.684166666666666288e+02,-8.660749625774374905e-02
2.684375000000000000e+02,-8.665835254007131505e-02
2.684583333333333144e+02,-8.668187921712185162e-02
2.684791666666666288e+02,-8.665059959154405855e-02
2.685000000000000000e+02,-8.658666465768664888e-02
2.685208333333333144e+02,-8.652063241640378655e-02
2.685416666666666288e+02,-8.643491972230842035e-02
2.685625000000000000e+02,-8.630408829574734431e-02
2.685833333333333144e+02,-8.615178052418803745e-02
2.686041666666666288e+02,-8.600924160152879916e-02
2.686250000000000000e+02,-8.585989806485244680e-02
2.686458333333333144e+02,-8.567965108697109256e-02
2.686666666666666288e+02,-8.549311816516531881e-02
2.686875000000000000e+02,-8.533247312814520869e-02
2.687083333333333144e+02,-8.518204769834275547e-02
2.687291666666666288e+02,-8.501802629275463652e-02
2.687500000000000000e+02,-8.486480103201839154e-02
2.687708333333333144e+02,-8.475435011897838877e-02
2.687916666666666288e+02,-8.467171744009314993e-02
2.688125000000000000e+02,-8.459519385986302709e-02
2.688333333333333144e+02,-8.455258949657357137e-02
2.688541666666666288e+02,-8.458044880824054645e-02
2.688750000000000000e+02,-8.466728520489942567e-02
2.688958333333333144e+02,-8.479348829503162432e-02
2.689166666666666288e+02,-8.498570949499728577e-02
2.689375000000000000e+02,-8.527479777454012588e-02
2.689583333333333144e+02,-8.564361161659099497e-02
2.689791666666666288e+02,-8.606700839239291023e-02
2.690000000000000000e+02,-8.655817076430212531e-02
2.690208333333333144e+02,-8.712478105492806046e-02
2.690416666666666288e+02,-8.772523072736919392e-02
2.690625000000000000e+02,-8.831003921563547465e-02
2.690833333333333144e+02,-8.887869791600988556e-02
2.691041666666666288e+02,-8.943892062389922903e-02
2.691250000000000000e+02,-8.995413293577438074e-02
2.691458333333333144e+02,-9.038367329969637654e-02
2.691666666666666288e+02,-9.073572560719830871e-02
2.691875000000000000e+02,-9.102707784615625408e-02
2.692083333333333144e+02,-9.123510294299060075e-02
2.692291666666666288e+02,-9.134007829598951578e-02
2.692500000000000000e+02,-9.137264530756725178e-02
2.692708333333333144e+02,-9.137115521451955047e-02
2.692916666666666288e+02,-9.132542530155436655e-02
2.693125000000000000e+02,-9.121728936634702911e-02
2.693333333333333144e+02,-9.107836112317582722e-02
2.693541666666666288e+02,-9.094834178515517897e-02
2.693750000000000000e+02,-9.081807039423117622e-02
2.693958333333333144e+02,-9.067038766067495037e-02
2.694166666666666288e+02,-9.053787618001098159e-02
2.694375000000000000e+02,-9.046077574382836717e-02
2.694583333333333144e+02,-9.043044250483078805e-02
2.694791666666666288e+02,-9.042971997134460760e-02
2.695000000000000000e+02,-9.048155433535874648e-02
2.695208333333333144e+02,-9.060414290771272305e-02
2.695416666666666288e+02,-9.076538902006740794e-02
2.695625000000000000e+02,-9.092534585396551405e-02
2.695833333333333144e+02,-9.109312911056161033e-02
2.696041666666666288e+02,-9.128547965843653023e-02
2.696250000000000000e+02,-9.147113062001414885e-02
2.696458333333333144e+02,-9.161070828724222903e-02
2.696666666666666288e+02,-9.171324342356489134e-02
2.696875000000000000e+02,-9.179551895979003173e-02
2.697083333333333144e+02,-9.182854458411597587e-02
2.697291666666666288e+02,-9.177795150498707644e-02
2.697500000000000000e+02,-9.165800891410352813e-02
2.697708333333333144e+02,-9.149109164752901313e-02
2.697916666666666288e+02,-9.126097669188737438e-02
2.698125000000000000e+02,-9.095413217879597112e-02
2.698333333333333144e+02,-9.060604056394649941e-02
2.698541666666666288e+02,-9.025992370809576837e-02
2.698750000000000000e+02,-8.991131866383091087e-02
2.698958333333333144e+02,-8.954782378335815474e-02
2.699166666666666288e+02,-8.920616918052488853e-02
2.699375000000000000e+02,-8.893120015293670688e-02
2.699583333333333144e+02,-8.871952674843242015e-02
2.699791666666666288e+02,-8.855870784311685451e-02
2.700000000000000000e+02,-8.846846801213395506e-02
2.700208333333333144e+02,-8.845573704505350909e-02
2.700416666666666288e+02,-8.849182214506987054e-02
2.700625000000000000e+02,-8.855771378550626738e-02
2.700833333333333144e+02,-8.867329744981228279e-02
2.701041666666666288e+02,-8.885101440847173460e-02
2.701250000000000000e+02,-8.905268382838978092e-02
2.701458333333333144e+02,-8.923221243534949776e-02
2.701666666666666288e+02,-8.939344511740182631e-02
2.701875000000000000e+02,-8.954860027308564341e-02
2.702083333333333144e+02,-8.967160870877119438e-02
2.702291666666666288e+02,-8.974168427062723108e-02
2.702500000000000000e+02,-8.978886229791448181e-02
2.702708333333333144e+02,-8.985081020852757339e-02
2.702916666666666288e+02,-8.991679468020100097e-02
2.703125000000000000e+02,-8.996816780081610954e-02
2.703333333333333144e+02,-9.003531555870418479e-02
2.703541666666666288e+02,-9.015618483618857704e-02
2.703750000000000000e+02,-9.032065119260593300e-02
2.703958333333333144e+02,-9.050963959951226212e-02
2.704166666666666288e+02,-9.074098322441685738e-02
2.704375000000000000e+02,-9.102603688062629872e-02
2.704583333333333144e+02,-9.132653523943519425e-02
2.704791666666666288e+02,-9.159629240900132863e-02
2.705000000000000000e+02,-9.183828997840257080e-02
2.705208333333333144e+02,-9.206357118360999903e-02
2.705416666666666288e+02,-9.224152039329812369e-02
2.705625000000000000e+02,-9.234208486516111425e-02
2.705833333333333144e+02,-9.238590979952243654e-02
2.706041666666666288e+02,-9.240221680674995386e-02
2.706250000000000000e+02,-9.237178496334899624e-02
2.706458333333333144e+02,-9.226756328654696360e-02
2.706666666666666288e+02,-9.211185070286127818e-02
2.706875000000000000e+02,-9.193463050274511272e-02
2.707083333333333144e+02,-9.171743278776711694e-02
2.707291666666666288e+02,-9.143381685912400914e-02
2.707500000000000000e+02,-9.110644401994827390e-02
2.707708333333333144e+02,-9.076559138798767634e-02
2.707916666666666288e+02,-9.039337486230254737e-02
2.708125000000000000e+02,-8.996386093134620121e-02
2.708333333333333144e+02,-8.949973564867419462e-02
2.708541666666666288e+02,-8.903133235791518829e-02
2.708750000000000000e+02,-8.854229749725510412e-02
2.708958333333333144e+02,-8.800946496331256419e-02
2.709166666666666288e+02,-8.745798329495055312e-02
2.709375000000000000e+02,-8.692063557187235112e-02
2.709583333333333144e+02,-8.638227922362441691e-02
2.709791666666666288e+02,-8.581983480089289129e-02
2.710000000000000000e+02,-8.525906727528283213e-02
2.710208333333333144e+02,-8.473338828454198002e-02
2.710416666666666288e+02,-8.422810840758188089e-02
2.710625000000000000e+02,-8.372062756338907730e-02
2.710833333333333144e+02,-8.323785435195424354e-02
2.711041666666666288e+02,-8.281494128649834197e-02
2.711250000000000000e+02,-8.243872193216296440e-02
2.711458333333333144e+02,-8.208814975292416660e-02
2.711666666666666288e+02,-8.179137452232820849e-02
2.711875000000000000e+02,-8.158413868366717892e-02
2.712083333333333144e+02,-8.145394686438575671e-02
2.712291666666666288e+02,-8.138040412457481221e-02
2.712500000000000000e+02,-8.139193881619208315e-02
2.712708333333333144e+02,-8.152448432956693747e-02
2.712916666666666288e+02,-8.176663945556146562e-02
2.713125000000000000e+02,-8.209874470072536790e-02
2.713333333333333144e+02,-8.253231031786616156e-02
2.713541666666666288e+02,-8.306536878887096909e-02
2.713750000000000000e+02,-8.365592861749179820e-02
2.713958333333333144e+02,-8.426654915184191019e-02
2.714166666666666288e+02,-8.490957127942223848e-02
2.714375000000000000e+02,-8.560492751521671384e-02
2.714583333333333144e+02,-8.632501410960218002e-02
2.714791666666666288e+02,-8.703414417015957472e-02
2.715000000000000000e+02,-8.774516946297436504e-02
2.715208333333333144e+02,-8.847912685044963255e-02
2.715416666666666288e+02,-8.920922210266804542e-02
2.715625000000000000e+02,-8.990076563909932261e-02
2.715833333333333144e+02,-9.056797281620038165e-02
2.716041666666666288e+02,-9.123271131973120784e-02
2.716250000000000000e+02,-9.186871768866337884e-02
2.716458333333333144e+02,-9.244182962706812279e-02
2.716666666666666288e+02,-9.296693562662985966e-02
2.716875000000000000e+02,-9.346657623080251165e-02
2.717083333333333144e+02,-9.391511001196203856e-02
2.717291666666666288e+02,-9.427902695232026620e-02
2.717500000000000000e+02,-9.457382451783519217e-02
2.717708333333333144e+02,-9.482264158497888396e-02
2.717916666666666288e+02,-9.500077645030928497e-02
2.718125000000000000e+02,-9.507588148944298712e-02
2.718333333333333144e+02,-9.506426070221363211e-02
2.718541666666666288e+02,-9.498981724816843442e-02
2.718750000000000000e+02,-9.482935214950753700e-02
2.718958333333333144e+02,-9.455173042603810807e-02
2.719166666666666288e+02,-9.417382313790262360e-02
2.719375000000000000e+02,-9.372326521285648249e-02
2.719583333333333144e+02,-9.319485886860237600e-02
2.719791666666666288e+02,-9.259103597994036705e-02
2.720000000000000000e+02,-9.196198113669062923e-02
2.720208333333333144e+02,-9.136187043256925600e-02
2.720416666666666288e+02,-9.079562157398113342e-02
2.720625000000000000e+02,-9.025921531609848447e-02
2.720833333333333144e+02,-8.978383770817696674e-02
2.721041666666666288e+02,-8.939073102463719611e-02
2.721250000000000000e+02,-8.905098219417793837e-02
2.721458333333333144e+02,-8.872780296859955618e-02
2.721666666666666288e+02,-8.843327670435233157e-02
2.721875000000000000e+02,-8.818712306948750523e-02
2.722083333333333144e+02,-8.796231161184177305e-02
2.722291666666666288e+02,-8.772467165947964163e-02
2.722500000000000000e+02,-8.748788412447494611e-02
2.722708333333333144e+02,-8.727325057563832533e-02
2.722916666666666288e+02,-8.705964788665467025e-02
2.723125000000000000e+02,-8.682561068171672225e-02
2.723333333333333144e+02,-8.659944964801093159e-02
2.723541666666666288e+02,-8.641708049611568354e-02
2.723750000000000000e+02,-8.626633770802816237e-02
2.723958333333333144e+02,-8.612715231190042064e-02
2.724166666666666288e+02,-8.602824340184378471e-02
2.724375000000000000e+02,-8.600588040297257875e-02
2.724583333333333144e+02,-8.604841942206201133e-02
2.724791666666666288e+02,-8.613580337466472669e-02
2.725000000000000000e+02,-8.629181272435065830e-02
2.725208333333333144e+02,-8.654238144160274204e-02
2.725416666666666288e+02,-8.686493788557099471e-02
2.725625000000000000e+02,-8.722900501563669862e-02
2.725833333333333144e+02,-8.765370066545941086e-02
2.726041666666666288e+02,-8.816645962602555342e-02
2.726250000000000000e+02,-8.874622849564935134e-02
2.726458333333333144e+02,-8.936332471705399350e-02
2.726666666666666288e+02,-9.002643151006133049e-02
2.726875000000000000e+02,-9.073795788667637918e-02
2.727083333333333144e+02,-9.145069243057529773e-02
2.727291666666666288e+02,-9.211015108676399998e-02
2.727500000000000000e+02,-9.271131870990910462e-02
2.727708333333333144e+02,-9.325784191986681571e-02
2.727916666666666288e+02,-9.372009205345523120e-02
2.728125000000000000e+02,-9.407950471652846980e-02
2.728333333333333144e+02,-9.436873395332999459e-02
2.728541666666666288e+02,-9.462806990433890453e-02
2.728750000000000000e+02,-9.484999674566291228e-02
2.728958333333333144e+02,-9.501919357663245191e-02
2.729166666666666288e+02,-9.516317261762943791e-02
2.729375000000000000e+02,-9.530969752912731019e-02
2.729583333333333144e+02,-9.543804792523534475e-02
2.729791666666666288e+02,-9.551900190348308617e-02
2.730000000000000000e+02,-9.557111437711689195e-02
2.730208333333333144e+02,-9.562069483871438180e-02
2.730416666666666288e+02,-9.564623939514167728e-02
2.730625000000000000e+02,-9.561829830567791788e-02
2.730833333333333144e+02,-9.555643400891146444e-02
2.731041666666666288e+02,-9.548766683216186602e-02
2.731250000000000000e+02,-9.539036943844432515e-02
2.731458333333333144e+02,-9.523490461745558189e-02
2.731666666666666288e+02,-9.504068613264457510e-02
2.731875000000000000e+02,-9.483475580825542761e-02
2.732083333333333144e+02,-9.459606318504534817e-02
2.732291666666666288e+02,-9.429553774514401465e-02
2.732500000000000000e+02,-9.395401830203872762e-02
2.732708333333333144e+02,-9.360164777810878189e-02
2.732916666666666288e+02,-9.322204500557491891e-02
2.733125000000000000e+02,-9.279294882175873060e-02
2.733333333333333144e+02,-9.234399094215151038e-02
2.733541666666666288e+02,-9.191604293331349929e-02
2.733750000000000000e+02,-9.150382004917204104e-02
2.733958333333333144e+02,-9.109706303186877741e-02
2.734166666666666288e+02,-9.073523100881530912e-02
2.734375000000000000e+02,-9.046658147649069837e-02
2.734583333333333144e+02,-9.029233067256207945e-02
2.734791666666666288e+02,-9.019168739350476305e-02
2.735000000000000000e+02,-9.017374184161025541e-02
2.735208333333333144e+02,-9.025557888921618976e-02
2.735416666666666288e+02,-9.040778480222247393e-02
2.735625000000000000e+02,-9.059525878412452715e-02
2.735833333333333144e+02,-9.083367622906918237e-02
2.736041666666666288e+02,-9.115012000742388210e-02
2.736250000000000000e+02,-9.152599141205579325e-02
2.736458333333333144e+02,-9.193675987044465370e-02
2.736666666666666288e+02,-9.239295514247816699e-02
2.736875000000000000e+02,-9.289611584619428264e-02
2.737083333333333144e+02,-9.340127660996230818e-02
2.737291666666666288e+02,-9.385983797087131542e-02
2.737500000000000000e+02,-9.427500572119576483e-02
2.737708333333333144e+02,-9.466185273457668192e-02
2.737916666666666288e+02,-9.499015179756147009e-02
2.738125000000000000e+02,-9.522477418741645550e-02
2.738333333333333144e+02,-9.538226597549478991e-02
2.738541666666666288e+02,-9.549095717845816622e-02
2.738750000000000000e+02,-9.553385457872029529e-02
2.738958333333333144e+02,-9.548906730512020380e-02
2.739166666666666288e+02,-9.538634285529894175e-02
2.739375000000000000e+02,-9.526714330363095229e-02
2.739583333333333144e+02,-9.512756024405349953e-02
2.739791666666666288e+02,-9.495807293682285988e-02
2.740000000000000000e+02,-9.478836282887456721e-02
2.740208333333333144e+02,-9.464424203493281007e-02
2.740416666666666288e+02,-9.450449928464449423e-02
2.740625000000000000e+02,-9.434306733060772443e-02
2.740833333333333144e+02,-9.418552799029797362e-02
2.741041666666666288e+02,-9.406918628820366834e-02
2.741250000000000000e+02,-9.398600099515870554e-02
2.741458333333333144e+02,-9.392183459200764695e-02
2.741666666666666288e+02,-9.389492734548053610e-02
2.741875000000000000e+02,-9.391188730962203579e-02
2.742083333333333144e+02,-9.394344970663658090e-02
2.742291666666666288e+02,-9.396989696320887098e-02
2.742500000000000000e+02,-9.401468810551580346e-02
2.742708333333333144e+02,-9.410046755326641199e-02
2.742916666666666288e+02,-9.420302144681502732e-02
2.743125000000000000e+02,-9.429245523432934484e-02
2.743333333333333144e+02,-9.438999902358190253e-02
2.743541666666666288e+02,-9.452808342945576148e-02
2.743750000000000000e+02,-9.469287251804277272e-02
2.743958333333333144e+02,-9.486474016601384451e-02
2.744166666666666288e+02,-9.506007249743385346e-02
2.744375000000000000e+02,-9.528670149005401269e-02
2.744583333333333144e+02,-9.550459030952465622e-02
2.744791666666666288e+02,-9.566914560453414207e-02
2.745000000000000000e+02,-9.578779860073557972e-02
2.745208333333333144e+02,-9.587828813859383681e-02
2.745416666666666288e+02,-9.591162368799877047e-02
2.745625000000000000e+02,-9.585352849282520460e-02
2.745833333333333144e+02,-9.572066721725225324e-02
2.746041666666666288e+02,-9.554093554185530413e-02
2.746250000000000000e+02,-9.529671790018424959e-02
2.746458333333333144e+02,-9.496602692171156324e-02
2.746666666666666288e+02,-9.457868715832082329e-02
2.746875000000000000e+02,-9.417543073255310593e-02
2.747083333333333144e+02,-9.375123237186892833e-02
2.747291666666666288e+02,-9.329676902105180081e-02
2.747500000000000000e+02,-9.285445257485211434e-02
2.747708333333333144e+02,-9.247765668686552809e-02
2.747916666666666288e+02,-9.217289904068765027e-02
2.748125000000000000e+02,-9.192056235164504374e-02
2.748333333333333144e+02,-9.172512716319068671e-02
2.748541666666666288e+02,-9.159857331049393869e-02
2.748750000000000000e+02,-9.150705611531270711e-02
2.748958333333333144e+02,-9.141272450417907425e-02
2.749166666666666288e+02,-9.132939273353554710e-02
2.749375000000000000e+02,-9.128157150714423518e-02
2.749583333333333144e+02,-9.124829853815383252e-02
2.749791666666666288e+02,-9.120413093809232041e-02
2.750000000000000000e+02,-9.117472354534092438e-02
2.750208333333333144e+02,-9.119648115378384268e-02
2.750416666666666288e+02,-9.126029676232663701e-02
2.750625000000000000e+02,-9.135159005764187379e-02
2.750833333333333144e+02,-9.148429306435709729e-02
2.751041666666666288e+02,-9.165585642389771637e-02
2.751250000000000000e+02,-9.184419853072761653e-02
2.751458333333333144e+02,-9.205542625030006809e-02
2.751666666666666288e+02,-9.230277128561088784e-02
2.751875000000000000e+02,-9.255285355790680846e-02
2.752083333333333144e+02,-9.276591912128404060e-02
2.752291666666666288e+02,-9.295171421132497613e-02
2.752500000000000000e+02,-9.312821086197732579e-02
2.752708333333333144e+02,-9.326469247946403418e-02
2.752916666666666288e+02,-9.332183250414777254e-02
2.753125000000000000e+02,-9.330906753585765934e-02
2.753333333333333144e+02,-9.324436643953708248e-02
2.753541666666666288e+02,-9.310901305676709538e-02
2.753750000000000000e+02,-9.288996830037346553e-02
2.753958333333333144e+02,-9.262397056897632430e-02
2.754166666666666288e+02,-9.235555067521093731e-02
2.754375000000000000e+02,-9.208074487768434790e-02
2.754583333333333144e+02,-9.178683369426630934e-02
2.754791666666666288e+02,-9.150976741452805652e-02
2.755000000000000000e+02,-9.129329895760661395e-02
2.755208333333333144e+02,-9.113322898837757091e-02
2.755416666666666288e+02,-9.101566789282082570e-02
2.755625000000000000e+02,-9.095721727066594098e-02
2.755833333333333144e+02,-9.096116666435336007e-02
2.756041666666666288e+02,-9.099773921481803252e-02
2.756250000000000000e+02,-9.105009112899230261e-02
2.756458333333333144e+02,-9.113440739652153844e-02
2.756666666666666288e+02,-9.125318209485167031e-02
2.756875000000000000e+02,-9.137954854143481853e-02
2.757083333333333144e+02,-9.150317136755321823e-02
2.757291666666666288e+02,-9.163452090353911561e-02
2.757500000000000000e+02,-9.175603485543130933e-02
2.757708333333333144e+02,-9.184482222368368920e-02
2.757916666666666288e+02,-9.192576655260865925e-02
2.758125000000000000e+02,-9.203187897589888700e-02
2.758333333333333144e+02,-9.214793469195385611e-02
2.758541666666666288e+02,-9.225111346939124379e-02
2.758750000000000000e+02,-9.236655014509224937e-02
2.758958333333333144e+02,-9.252728627486569990e-02
2.759166666666666288e+02,-9.271743840423868344e-02
2.759375000000000000e+02,-9.291324304094591979e-02
2.759583333333333144e+02,-9.313518753272689854e-02
2.759791666666666288e+02,-9.340674369179995107e-02
2.760000000000000000e+02,-9.370177325627039588e-02
2.760208333333333144e+02,-9.398650637609633207e-02
2.760416666666666288e+02,-9.427545564340000794e-02
2.760625000000000000e+02,-9.459105034913430077e-02
2.760833333333333144e+02,-9.490664866389289522e-02
2.761041666666666288e+02,-9.518799943046298007e-02
2.761250000000000000e+02,-9.544903089303029275e-02
2.761458333333333144e+02,-9.571153437163261446e-02
2.761666666666666288e+02,-9.594840286760428216e-02
2.761875000000000000e+02,-9.612495542093205114e-02
2.762083333333333144e+02,-9.625377066919127422e-02
2.762291666666666288e+02,-9.635499461483509887e-02
2.762500000000000000e+02,-9.640097176997960982e-02
2.762708333333333144e+02,-9.635637712938613375e-02
2.762916666666666288e+02,-9.623357101939374048e-02
2.763125000000000000e+02,-9.605336135303117751e-02
2.763333333333333144e+02,-9.579567458902839283e-02
2.763541666666666288e+02,-9.544292930137446285e-02
2.763750000000000000e+02,-9.502734046877264751e-02
2.763958333333333144e+02,-9.458915562724724835e-02
2.764166666666666288e+02,-9.411938575324095557e-02
2.764375000000000000e+02,-9.360136527117969563e-02
2.764583333333333144e+02,-9.306662412957139585e-02
2.764791666666666288e+02,-9.255455847201039810e-02
2.765000000000000000e+02,-9.205549883580985138e-02
2.765208333333333144e+02,-9.155202449054401781e-02
2.765416666666666288e+02,-9.107456552294655727e-02
2.765625000000000000e+02,-9.066211716582626978e-02
2.765833333333333144e+02,-9.030563339234254361e-02
2.766041666666666288e+02,-8.998847411983836031e-02
2.766250000000000000e+02,-8.974090796137448867e-02
2.766458333333333144e+02,-8.959905971330979491e-02
2.766666666666666288e+02,-8.954960753837222509e-02
2.766875000000000000e+02,-8.957081687687655502e-02
2.767083333333333144e+02,-8.967731111994059479e-02
2.767291666666666288e+02,-8.987652854108636735e-02
2.767500000000000000e+02,-9.012505567961105746e-02
2.767708333333333144e+02,-9.037188283181814275e-02
2.767916666666666288e+02,-9.061438705363136781e-02
2.768125000000000000e+02,-9.085864857352365931e-02
2.768333333333333144e+02,-9.107453176317228949e-02
2.768541666666666288e+02,-9.124041300771316976e-02
2.768750000000000000e+02,-9.138452296730335822e-02
2.768958333333333144e+02,-9.154300207909302212e-02
2.769166666666666288e+02,-9.170325469176093813e-02
2.769375000000000000e+02,-9.184509466634095676e-02
2.769583333333333144e+02,-9.199618603022186036e-02
2.769791666666666288e+02,-9.219230566822349260e-02
2.770000000000000000e+02,-9.242092323251543950e-02
2.770208333333333144e+02,-9.266122756823585993e-02
2.770416666666666288e+02,-9.292896217641345713e-02
2.770625000000000000e+02,-9.323355819554481061e-02
2.770833333333333144e+02,-9.353425699565919016e-02
2.771041666666666288e+02,-9.378270784340411725e-02
2.771250000000000000e+02,-9.397851209332376554e-02
2.771458333333333144e+02,-9.413022876659764282e-02
2.771666666666666288e+02,-9.421417596718684173e-02
2.771875000000000000e+02,-9.421940040473672506e-02
2.772083333333333144e+02,-9.417912470378178580e-02
2.772291666666666288e+02,-9.412703653975373896e-02
2.772500000000000000e+02,-9.404743333923902548e-02
2.772708333333333144e+02,-9.391703800634448873e-02
2.772916666666666288e+02,-9.376027422857444171e-02
2.773125000000000000e+02,-9.360981221781747297e-02
2.773333333333333144e+02,-9.345035925286052092e-02
2.773541666666666288e+02,-9.325896526565148614e-02
2.773750000000000000e+02,-9.306049294434899644e-02
2.773958333333333144e+02,-9.288772937585852707e-02
2.774166666666666288e+02,-9.272454549194346363e-02
2.774375000000000000e+02,-9.254707442483908753e-02
2.774583333333333144e+02,-9.237964138940585324e-02
2.774791666666666288e+02,-9.225454492394027928e-02
2.775000000000000000e+02,-9.215489229156428874e-02
2.775208333333333144e+02,-9.205605024218781185e-02
2.775416666666666288e+02,-9.198179164751170422e-02
2.775625000000000000e+02,-9.196386957495564229e-02
2.775833333333333144e+02,-9.198464121141856908e-02
2.776041666666666288e+02,-9.201863597412601736e-02
2.776250000000000000e+02,-9.208886864064499966e-02
2.776458333333333144e+02,-9.222624302356677295e-02
2.776666666666666288e+02,-9.241158875995336697e-02
2.776875000000000000e+02,-9.261703754383260323e-02
2.777083333333333144e+02,-9.286122984032925409e-02
2.777291666666666288e+02,-9.316797649233665712e-02
2.777500000000000000e+02,-9.351127700931660680e-02
2.777708333333333144e+02,-9.385745848952189996e-02
2.777916666666666288e+02,-9.422064759088259744e-02
2.778125000000000000e+02,-9.462249485567271468e-02
2.778333333333333144e+02,-9.503610567893588934e-02
2.778541666666666288e+02,-9.542699512787017335e-02
2.778750000000000000e+02,-9.580870320058856859e-02
2.778958333333333144e+02,-9.620266843673175305e-02
2.779166666666666288e+02,-9.658152726618821071e-02
2.779375000000000000e+02,-9.691033775494699298e-02
2.779583333333333144e+02,-9.720211917205826002e-02
2.779791666666666288e+02,-9.747782497654534917e-02
2.780000000000000000e+02,-9.770982451954382531e-02
2.780208333333333144e+02,-9.786294500417969111e-02
2.780416666666666288e+02,-9.794936308291576910e-02
2.780625000000000000e+02,-9.798876720567449572e-02
2.780833333333333144e+02,-9.795272513079225640e-02
2.781041666666666288e+02,-9.780524231883348796e-02
2.781250000000000000e+02,-9.755791879431752189e-02
2.781458333333333144e+02,-9.723127487329047414e-02
2.781666666666666288e+02,-9.681380199325591296e-02
2.781875000000000000e+02,-9.630643273600392185e-02
2.782083333333333144e+02,-9.574926481451472016e-02
2.782291666666666288e+02,-9.517684777453279399e-02
2.782500000000000000e+02,-9.457276086906822588e-02
2.782708333333333144e+02,-9.391180051486303082e-02
2.782916666666666288e+02,-9.321664776928513529e-02
2.783125000000000000e+02,-9.251800860693221162e-02
2.783333333333333144e+02,-9.179943013780229866e-02
2.783541666666666288e+02,-9.103877353444550513e-02
2.783750000000000000e+02,-9.026138767956826126e-02
2.783958333333333144e+02,-8.949978728244635529e-02
2.784166666666666288e+02,-8.873895632887632279e-02
2.784375000000000000e+02,-8.795757260257650034e-02
2.784583333333333144e+02,-8.718202811387473772e-02
2.784791666666666288e+02,-8.644676759140955402e-02
2.785000000000000000e+02,-8.573724148933328792e-02
2.785208333333333144e+02,-8.503031136095812181e-02
2.785416666666666288e+02,-8.435082384165998315e-02
2.785625000000000000e+02,-8.373151031337641714e-02
2.785833333333333144e+02,-8.315606348769929990e-02
2.786041666666666288e+02,-8.260052128158969220e-02
2.786250000000000000e+02,-8.208851522607538143e-02
2.786458333333333144e+02,-8.165085532580852734e-02
2.786666666666666288e+02,-8.126949941863470528e-02
2.786875000000000000e+02,-8.091877289107900217e-02
2.787083333333333144e+02,-8.062088215080912001e-02
2.787291666666666288e+02,-8.040592012576319725e-02
2.787500000000000000e+02,-8.025534294027998616e-02
2.787708333333333144e+02,-8.014302894338408423e-02
2.787916666666666288e+02,-8.009051341713802064e-02
2.788125000000000000e+02,-8.012770910883007525e-02
2.788333333333333144e+02,-8.023628362898445332e-02
2.788541666666666288e+02,-8.038990209721816327e-02
2.788750000000000000e+02,-8.061021816098457027e-02
2.788958333333333144e+02,-8.092683891160107335e-02
2.789166666666666288e+02,-8.132032828315534367e-02
2.789375000000000000e+02,-8.176353172362876842e-02
2.789583333333333144e+02,-8.227723892949227735e-02
2.789791666666666288e+02,-8.288967239054567671e-02
2.790000000000000000e+02,-8.357968842706126056e-02
2.790208333333333144e+02,-8.431772711662914588e-02
2.790416666666666288e+02,-8.511104686457802992e-02
2.790625000000000000e+02,-8.596015423615525897e-02
2.790833333333333144e+02,-8.681454609186080307e-02
2.791041666666666288e+02,-8.761609203542403135e-02
2.791250000000000000e+02,-8.835553438010923522e-02
2.791458333333333144e+02,-8.903582185038864949e-02
2.791666666666666288e+02,-8.963187604457453772e-02
2.791875000000000000e+02,-9.013239304596866452e-02
2.792083333333333144e+02,-9.056127945642093724e-02
2.792291666666666288e+02,-9.093170358774113615e-02
2.792500000000000000e+02,-9.121872413347213715e-02
2.792708333333333144e+02,-9.140623180215749766e-02
2.792916666666666288e+02,-9.152802943399938884e-02
2.793125000000000000e+02,-9.162582874760143159e-02
2.793333333333333144e+02,-9.169261868321369746e-02
2.793541666666666288e+02,-9.171379586549617546e-02
2.793750000000000000e+02,-9.172255330702944187e-02
2.793958333333333144e+02,-9.176033553956484956e-02
2.794166666666666288e+02,-9.182049188967117415e-02
2.794375000000000000e+02,-9.188785587525125087e-02
2.794583333333333144e+02,-9.198082433725235374e-02
2.794791666666666288e+02,-9.210806053819728390e-02
2.795000000000000000e+02,-9.223340108896410650e-02
2.795208333333333144e+02,-9.232069839053583249e-02
2.795416666666666288e+02,-9.238309899448468587e-02
2.795625000000000000e+02,-9.244176400316214681e-02
2.795833333333333144e+02,-9.246848256066457494e-02
2.796041666666666288e+02,-9.242736155049614821e-02
2.796250000000000000e+02,-9.233114754118140755e-02
2.796458333333333144e+02,-9.220095239971357048e-02
2.796666666666666288e+02,-9.201425791916637009e-02
2.796875000000000000e+02,-9.174821274071276456e-02
2.797083333333333144e+02,-9.142940865497574399e-02
2.797291666666666288e+02,-9.109239086642700878e-02
2.797500000000000000e+02,-9.072221841562279343e-02
2.797708333333333144e+02,-9.029625037128918841e-02
2.797916666666666288e+02,-8.984008406012489178e-02
2.798125000000000000e+02,-8.938695511593142129e-02
2.798333333333333144e+02,-8.892093277308743549e-02
2.798541666666666288e+02,-8.841845551955898608e-02
2.798750000000000000e+02,-8.790387664467957940e-02
2.798958333333333144e+02,-8.740939944895304015e-02
2.799166666666666288e+02,-8.691874799847809641e-02
2.799375000000000000e+02,-8.640805456375336147e-02
2.799583333333333144e+02,-8.590124351194931840e-02
2.799791666666666288e+02,-8.543020646546137242e-02
2.800000000000000000e+02,-8.497841726250784933e-02
2.800208333333333144e+02,-8.452176405748582089e-02
2.800416666666666288e+02,-8.408376585510921042e-02
2.800625000000000000e+02,-8.369602531586489702e-02
2.800833333333333144e+02,-8.334196410794496301e-02
2.801041666666666288e+02,-8.299736895417590687e-02
2.801250000000000000e+02,-8.268570879120237804e-02
2.801458333333333144e+02,-8.243832302099171616e-02
2.801666666666666288e+02,-8.223797446695763069e-02
2.801875000000000000e+02,-8.205980887160337078e-02
2.802083333333333144e+02,-8.192671842429832818e-02
2.802291666666666288e+02,-8.186945687817735740e-02
2.802500000000000000e+02,-8.187024176655825769e-02
2.802708333333333144e+02,-8.190371720306195702e-02
2.802916666666666288e+02,-8.199212259758975607e-02
2.803125000000000000e+02,-8.216606367889983664e-02
2.803333333333333144e+02,-8.240817059987276538e-02
2.803541666666666288e+02,-8.269335300227872998e-02
2.803750000000000000e+02,-8.304438638599362377e-02
2.803958333333333144e+02,-8.349198052153430916e-02
2.804166666666666288e+02,-8.401790647735703221e-02
2.804375000000000000e+02,-8.459540345364288672e-02
2.804583333333333144e+02,-8.523266295923986879e-02
2.804791666666666288e+02,-8.592944506892007117e-02
2.805000000000000000e+02,-8.664019180139841125e-02
2.805208333333333144e+02,-8.731906616797689702e-02
2.805416666666666288e+02,-8.796783874542839221e-02
2.805625000000000000e+02,-8.859372329392752043e-02
2.805833333333333144e+02,-8.915925784492917394e-02
2.806041666666666288e+02,-8.962527006537186758e-02
2.806250000000000000e+02,-8.999940936264559654e-02
2.806458333333333144e+02,-9.029468746211938290e-02
2.806666666666666288e+02,-9.049161402866567894e-02
2.806875000000000000e+02,-9.058388661435844147e-02
2.807083333333333144e+02,-9.060735743503083028e-02
2.807291666666666288e+02,-9.059437191054937888e-02
2.807500000000000000e+02,-9.052442953705781836e-02
2.807708333333333144e+02,-9.036612197846756456e-02
2.807916666666666288e+02,-9.013405152663292452e-02
2.808125000000000000e+02,-8.984902929115294590e-02
2.808333333333333144e+02,-8.950088849625327525e-02
2.808541666666666288e+02,-8.909279327550626015e-02
2.808750000000000000e+02,-8.866407155164872378e-02
2.808958333333333144e+02,-8.824389143197224061e-02
2.809166666666666288e+02,-8.780900600355041885e-02
2.809375000000000000e+02,-8.732570465320892150e-02
2.809583333333333144e+02,-8.680663644845053317e-02
2.809791666666666288e+02,-8.628135923829685638e-02
2.810000000000000000e+02,-8.574290011467533557e-02
2.810208333333333144e+02,-8.517446913548130938e-02
2.810416666666666288e+02,-8.460488181625414050e-02
2.810625000000000000e+02,-8.406783606009628207e-02
2.810833333333333144e+02,-8.354546025258960396e-02
2.811041666666666288e+02,-8.300817150667492983e-02
2.811250000000000000e+02,-8.247182198984159829e-02
2.811458333333333144e+02,-8.196206978873421534e-02
2.811666666666666288e+02,-8.147282066948219326e-02
2.811875000000000000e+02,-8.100445961327226718e-02
2.812083333333333144e+02,-8.059360642464685753e-02
2.812291666666666288e+02,-8.026841731642553324e-02
2.812500000000000000e+02,-8.000442754294785630e-02
2.812708333333333144e+02,-7.976565100954327581e-02
2.812916666666666288e+02,-7.956159089948942886e-02
2.813125000000000000e+02,-7.940780820204634827e-02
2.813333333333333144e+02,-7.929100777882044926e-02
2.813541666666666288e+02,-7.921297907911746539e-02
2.813750000000000000e+02,-7.919063504172697832e-02
2.813958333333333144e+02,-7.920735601191186692e-02
2.814166666666666288e+02,-7.923825627566183361e-02
2.814375000000000000e+02,-7.930337821250595109e-02
2.814583333333333144e+02,-7.942756621421066809e-02
2.814791666666666288e+02,-7.958438869675107941e-02
2.815000000000000000e+02,-7.973670177405686732e-02
2.815208333333333144e+02,-7.989224619652161852e-02
2.815416666666666288e+02,-8.006465947328832156e-02
2.815625000000000000e+02,-8.023494855996374242e-02
2.815833333333333144e+02,-8.039632881214668625e-02
2.816041666666666288e+02,-8.057693017543855751e-02
2.816250000000000000e+02,-8.079404088405447992e-02
2.816458333333333144e+02,-8.101951910260443701e-02
2.816666666666666288e+02,-8.122456283947103450e-02
2.816875000000000000e+02,-8.142661458899283500e-02
2.817083333333333144e+02,-8.164775420780728821e-02
2.817291666666666288e+02,-8.185821748250049490e-02
2.817500000000000000e+02,-8.201752855202250336e-02
2.817708333333333144e+02,-8.213102024833465742e-02
2.817916666666666288e+02,-8.222083974298274867e-02
2.818125000000000000e+02,-8.227622572785976696e-02
2.818333333333333144e+02,-8.228168320790175960e-02
2.818541666666666288e+02,-8.226708400927432163e-02
2.818750000000000000e+02,-8.226703867414114635e-02
2.818958333333333144e+02,-8.226495665960308068e-02
2.819166666666666288e+02,-8.223372652522957515e-02
2.819375000000000000e+02,-8.219117856342954276e-02
2.819583333333333144e+02,-8.216041845560238810e-02
2.819791666666666288e+02,-8.212182411970274376e-02
2.820000000000000000e+02,-8.205625512869871296e-02
2.820208333333333144e+02,-8.199100021243761749e-02
2.820416666666666288e+02,-8.195787037020835220e-02
2.820625000000000000e+02,-8.193644154798931933e-02
2.820833333333333144e+02,-8.189543928120948668e-02
2.821041666666666288e+02,-8.184898666083523233e-02
2.821250000000000000e+02,-8.181649785139948061e-02
2.821458333333333144e+02,-8.178093314473661168e-02
2.821666666666666288e+02,-8.173429570990076165e-02
2.821875000000000000e+02,-8.171415749056509803e-02
2.822083333333333144e+02,-8.176009113656199090e-02
2.822291666666666288e+02,-8.186070849119148063e-02
2.822500000000000000e+02,-8.199529958782651728e-02
2.822708333333333144e+02,-8.218985499673878148e-02
2.822916666666666288e+02,-8.247636786331351277e-02
2.823125000000000000e+02,-8.283714374803238800e-02
2.823333333333333144e+02,-8.324628684781493204e-02
2.823541666666666288e+02,-8.372625639791460295e-02
2.823750000000000000e+02,-8.430763601681351416e-02
2.823958333333333144e+02,-8.497232444654830019e-02
2.824166666666666288e+02,-8.569386644484061621e-02
2.824375000000000000e+02,-8.647655575591793597e-02
2.824583333333333144e+02,-8.731186513202966737e-02
2.824791666666666288e+02,-8.815827571961373788e-02
2.825000000000000000e+02,-8.898851404963094291e-02
2.825208333333333144e+02,-8.981364827726374955e-02
2.825416666666666288e+02,-9.063773880042087783e-02
2.825625000000000000e+02,-9.141528028204568002e-02
2.825833333333333144e+02,-9.209403457426484918e-02
2.826041666666666288e+02,-9.267080374454543523e-02
2.826250000000000000e+02,-9.315609356206086544e-02
2.826458333333333144e+02,-9.353073614235322963e-02
2.826666666666666288e+02,-9.378741451883809699e-02
2.826875000000000000e+02,-9.395947509682085752e-02
2.827083333333333144e+02,-9.407523049393523573e-02
2.827291666666666288e+02,-9.411579205848859264e-02
2.827500000000000000e+02,-9.405713940889562363e-02
2.827708333333333144e+02,-9.392626196615933010e-02
2.827916666666666288e+02,-9.376048913689517816e-02
2.828125000000000000e+02,-9.355223390067811395e-02
2.828333333333333144e+02,-9.328929541391091373e-02
2.828541666666666288e+02,-9.301137455614438831e-02
2.828750000000000000e+02,-9.276897230403194361e-02
2.828958333333333144e+02,-9.256658989442029251e-02
2.829166666666666288e+02,-9.239133346205083419e-02
2.829375000000000000e+02,-9.226197981606538978e-02
2.829583333333333144e+02,-9.220079834609802572e-02
2.829791666666666288e+02,-9.218398356095881818e-02
2.830000000000000000e+02,-9.218298878048336586e-02
2.830208333333333144e+02,-9.222162067599926072e-02
2.830416666666666288e+02,-9.233468925841339936e-02
2.830625000000000000e+02,-9.251133796740615423e-02
2.830833333333333144e+02,-9.273116431813085980e-02
2.831041666666666288e+02,-9.300316512233311461e-02
2.831250000000000000e+02,-9.332500248257988296e-02
2.831458333333333144e+02,-9.366177255436507199e-02
2.831666666666666288e+02,-9.399207922631858114e-02
2.831875000000000000e+02,-9.433043413155905998e-02
2.832083333333333144e+02,-9.468012277640967811e-02
2.832291666666666288e+02,-9.500544807146930892e-02
2.832500000000000000e+02,-9.527683896140771991e-02
2.832708333333333144e+02,-9.551529437126275723e-02
2.832916666666666288e+02,-9.574926522738896884e-02
2.833125000000000000e+02,-9.595793934376191381e-02
2.833333333333333144e+02,-9.611189075973113061e-02
2.833541666666666288e+02,-9.623029295468105149e-02
2.833750000000000000e+02,-9.633988459109264768e-02
2.833958333333333144e+02,-9.641988678452831363e-02
2.834166666666666288e+02,-9.644201277938688199e-02
2.834375000000000000e+02,-9.642677938534845172e-02
2.834583333333333144e+02,-9.640266095065494478e-02
2.834791666666666288e+02,-9.634969574244223178e-02
2.835000000000000000e+02,-9.623922502347527497e-02
2.835208333333333144e+02,-9.609123271937212996e-02
2.835416666666666288e+02,-9.593345469920001867e-02
2.835625000000000000e+02,-9.574623406196901276e-02
2.835833333333333144e+02,-9.550243796872028013e-02
2.836041666666666288e+02,-9.522377912312900150e-02
2.836250000000000000e+02,-9.493998069695049058e-02
2.836458333333333144e+02,-9.463231164659850758e-02
2.836666666666666288e+02,-9.427319564014623177e-02
2.836875000000000000e+02,-9.388371765712789918e-02
2.837083333333333144e+02,-9.349285982343441548e-02
2.837291666666666288e+02,-9.308114197973928194e-02
2.837500000000000000e+02,-9.261939633342174127e-02
2.837708333333333144e+02,-9.212601582806137501e-02
2.837916666666666288e+02,-9.162722625144471833e-02
2.838125000000000000e+02,-9.110716025761184111e-02
2.838333333333333144e+02,-9.055008800885443188e-02
2.838541666666666288e+02,-8.998989638029150639e-02
2.838750000000000000e+02,-8.946816372725040212e-02
2.838958333333333144e+02,-8.897792148921522537e-02
2.839166666666666288e+02,-8.850267489776417196e-02
2.839375000000000000e+02,-8.807346889664190159e-02
2.839583333333333144e+02,-8.772865717681764541e-02
2.839791666666666288e+02,-8.745739222152534853e-02
2.840000000000000000e+02,-8.724011067016348986e-02
2.840208333333333144e+02,-8.710589006489113939e-02
2.840416666666666288e+02,-8.709134919536858088e-02
2.840625000000000000e+02,-8.718467881716945866e-02
2.840833333333333144e+02,-8.736354346215399747e-02
2.841041666666666288e+02,-8.763718583905572013e-02
2.841250000000000000e+02,-8.800157437909246483e-02
2.841458333333333144e+02,-8.841690963377260570e-02
2.841666666666666288e+02,-8.885470385392046921e-02
2.841875000000000000e+02,-8.932991954571803395e-02
2.842083333333333144e+02,-8.985664835243703519e-02
2.842291666666666288e+02,-9.039608968057603888e-02
2.842500000000000000e+02,-9.089846231438651614e-02
2.842708333333333144e+02,-9.135931743497682778e-02
2.842916666666666288e+02,-9.178041419202807860e-02
2.843125000000000000e+02,-9.213792138559176448e-02
2.843333333333333144e+02,-9.242839367488354940e-02
2.843541666666666288e+02,-9.266445912490969827e-02
2.843750000000000000e+02,-9.282755102824018223e-02
2.843958333333333144e+02,-9.289340610978949475e-02
2.844166666666666288e+02,-9.288391904137280330e-02
2.844375000000000000e+02,-9.282499853053746697e-02
2.844583333333333144e+02,-9.269061013630224000e-02
2.844791666666666288e+02,-9.244438915053121431e-02
2.845000000000000000e+02,-9.209718188703747144e-02
2.845208333333333144e+02,-9.168106493788104328e-02
2.845416666666666288e+02,-9.119789946594039631e-02
2.845625000000000000e+02,-9.064091350093993193e-02
2.845833333333333144e+02,-9.004862921539184828e-02
2.846041666666666288e+02,-8.946366327346381986e-02
2.846250000000000000e+02,-8.887689511494681338e-02
2.846458333333333144e+02,-8.826815779608036816e-02
2.846666666666666288e+02,-8.766266204518959049e-02
2.846875000000000000e+02,-8.709072303512689628e-02
2.847083333333333144e+02,-8.653296124720988303e-02
2.847291666666666288e+02,-8.596063708188864116e-02
2.847500000000000000e+02,-8.539103358769499497e-02
2.847708333333333144e+02,-8.484683274631944772e-02
2.847916666666666288e+02,-8.431912961395759964e-02
2.848125000000000000e+02,-8.381281983195722207e-02
2.848333333333333144e+02,-8.336012143361834492e-02
2.848541666666666288e+02,-8.297247158189476057e-02
2.848750000000000000e+02,-8.264114221607551936e-02
2.848958333333333144e+02,-8.238650763846135094e-02
2.849166666666666288e+02,-8.223159227489804102e-02
2.849375000000000000e+02,-8.214893954853595692e-02
2.849583333333333144e+02,-8.210182515752807719e-02
2.849791666666666288e+02,-8.210028295665015852e-02
2.850000000000000000e+02,-8.216112050060218885e-02
2.850208333333333144e+02,-8.225516909625731066e-02
2.850416666666666288e+02,-8.234943425336167799e-02
2.850625000000000000e+02,-8.246040320385793210e-02
2.850833333333333144e+02,-8.261310487897066679e-02
2.851041666666666288e+02,-8.278380052381446863e-02
2.851250000000000000e+02,-8.294137428180975435e-02
2.851458333333333144e+02,-8.310325685594735501e-02
2.851666666666666288e+02,-8.329645605418664611e-02
2.851875000000000000e+02,-8.350108130874199508e-02
2.852083333333333144e+02,-8.369157533674136118e-02
2.852291666666666288e+02,-8.389284896613517784e-02
2.852500000000000000e+02,-8.414057656861234635e-02
2.852708333333333144e+02,-8.442547818461215714e-02
2.852916666666666288e+02,-8.473267217131938422e-02
2.853125000000000000e+02,-8.508364978132024192e-02
2.853333333333333144e+02,-8.549159913226996033e-02
2.853541666666666288e+02,-8.592279611686526319e-02
2.853750000000000000e+02,-8.633902927091727242e-02
2.853958333333333144e+02,-8.675368042795417178e-02
2.854166666666666288e+02,-8.719077653506730752e-02
2.854375000000000000e+02,-8.762953051708412266e-02
2.854583333333333144e+02,-8.804407564205661563e-02
2.854791666666666288e+02,-8.845895270332901350e-02
2.855000000000000000e+02,-8.890920860231975309e-02
2.855208333333333144e+02,-8.938493568696749547e-02
2.855416666666666288e+02,-8.986880842985663087e-02
2.855625000000000000e+02,-9.037175688915528859e-02
2.855833333333333144e+02,-9.088970990151307161e-02
2.856041666666666288e+02,-9.139493620390298778e-02
2.856250000000000000e+02,-9.188269999017746603e-02
2.856458333333333144e+02,-9.235645103200233741e-02
2.856666666666666288e+02,-9.278530417096633731e-02
2.856875000000000000e+02,-9.314849299413424655e-02
2.857083333333333144e+02,-9.347661492398814942e-02
2.857291666666666288e+02,-9.380911620533577411e-02
2.857500000000000000e+02,-9.413961044835424119e-02
2.857708333333333144e+02,-9.445138194382156349e-02
2.857916666666666288e+02,-9.475724807609674227e-02
2.858125000000000000e+02,-9.506150195380035084e-02
2.858333333333333144e+02,-9.533511991825337206e-02
2.858541666666666288e+02,-9.556170639578995263e-02
2.858750000000000000e+02,-9.576277294985602317e-02
2.858958333333333144e+02,-9.595154709183333075e-02
2.859166666666666288e+02,-9.609631051864384044e-02
2.859375000000000000e+02,-9.616394037304759612e-02
2.859583333333333144e+02,-9.617339040085268187e-02
2.859791666666666288e+02,-9.615522482055582909e-02
2.860000000000000000e+02,-9.609459648453680392e-02
2.860208333333333144e+02,-9.597128838805371598e-02
2.860416666666666288e+02,-9.581634846889762469e-02
2.860625000000000000e+02,-9.567240326453013699e-02
2.860833333333333144e+02,-9.553626759249889133e-02
2.861041666666666288e+02,-9.539872769382765072e-02
2.861250000000000000e+02,-9.528212129058204194e-02
2.861458333333333144e+02,-9.519490339277077162e-02
2.861666666666666288e+02,-9.510982810212052774e-02
2.861875000000000000e+02,-9.501109408504564147e-02
2.862083333333333144e+02,-9.492781892071761041e-02
2.862291666666666288e+02,-9.488996871364412111e-02
2.862500000000000000e+02,-9.488097704985802572e-02
2.862708333333333144e+02,-9.487927189992259591e-02
2.862916666666666288e+02,-9.491164047939069925e-02
2.863125000000000000e+02,-9.501240647621318758e-02
2.863333333333333144e+02,-9.516981161178907078e-02
2.863541666666666288e+02,-9.536142401604345842e-02
2.863750000000000000e+02,-9.559665301666921133e-02
2.863958333333333144e+02,-9.587902761985790667e-02
2.864166666666666288e+02,-9.616498855650247590e-02
2.864375000000000000e+02,-9.640610421985372491e-02
2.864583333333333144e+02,-9.660561266640937950e-02
2.864791666666666288e+02,-9.677861456866729273e-02
2.865000000000000000e+02,-9.689492143646727396e-02
2.865208333333333144e+02,-9.691942221865945672e-02
2.865416666666666288e+02,-9.686866126339765959e-02
2.865625000000000000e+02,-9.677100899742781259e-02
2.865833333333333144e+02,-9.660953549975209720e-02
2.866041666666666288e+02,-9.636231850190336845e-02
2.866250000000000000e+02,-9.605902995869984584e-02
2.866458333333333144e+02,-9.574114463673479014e-02
2.866666666666666288e+02,-9.540478279443270759e-02
2.866875000000000000e+02,-9.504073048704418658e-02
2.867083333333333144e+02,-9.468536701618456009e-02
2.867291666666666288e+02,-9.437930897936655517e-02
2.867500000000000000e+02,-9.411698940544552250e-02
2.867708333333333144e+02,-9.388663712270121919e-02
2.867916666666666288e+02,-9.370818518370160888e-02
2.868125000000000000e+02,-9.358913988405451190e-02
2.868333333333333144e+02,-9.350131360570583527e-02
2.868541666666666288e+02,-9.342611237261494450e-02
2.868750000000000000e+02,-9.338707467214789337e-02
2.868958333333333144e+02,-9.340580610433557585e-02
2.869166666666666288e+02,-9.345698994148760042e-02
2.869375000000000000e+02,-9.351035922594086447e-02
2.869583333333333144e+02,-9.358739027891276041e-02
2.869791666666666288e+02,-9.372135724848934535e-02
2.870000000000000000e+02,-9.390010553202507437e-02
2.870208333333333144e+02,-9.410511981577066032e-02
2.870416666666666288e+02,-9.434575378053222661e-02
2.870625000000000000e+02,-9.461502457428697110e-02
2.870833333333333144e+02,-9.488812675406099739e-02
2.871041666666666288e+02,-9.517044972495990185e-02
2.871250000000000000e+02,-9.547527383387567623e-02
2.871458333333333144e+02,-9.577086993282545035e-02
2.871666666666666288e+02,-9.602046621694181050e-02
2.871875000000000000e+02,-9.623886080773760843e-02
2.872083333333333144e+02,-9.645187608073003960e-02
2.872291666666666288e+02,-9.664063993522982454e-02
2.872500000000000000e+02,-9.678167578355369172e-02
2.872708333333333144e+02,-9.690259387857699802e-02
2.872916666666666288e+02,-9.704149008530879583e-02
2.873125000000000000e+02,-9.719128817128058762e-02
2.873333333333333144e+02,-9.733210313947791847e-02
2.873541666666666288e+02,-9.747629385222125742e-02
2.873750000000000000e+02,-9.763378694716196016e-02
2.873958333333333144e+02,-9.776833255751847529e-02
2.874166666666666288e+02,-9.783935936227894370e-02
2.874375000000000000e+02,-9.785702939454037075e-02
2.874583333333333144e+02,-9.784109951175103126e-02
2.874791666666666288e+02,-9.776565447745773352e-02
2.875000000000000000e+02,-9.759954510593038535e-02
2.875208333333333144e+02,-9.736337962325500306e-02
2.875416666666666288e+02,-9.708847074086555951e-02
2.875625000000000000e+02,-9.676114561019548421e-02
2.875833333333333144e+02,-9.636283274501485085e-02
2.876041666666666288e+02,-9.592542821360715288e-02
2.876250000000000000e+02,-9.549101154537778524e-02
2.876458333333333144e+02,-9.505674479777359576e-02
2.876666666666666288e+02,-9.461449174415056951e-02
2.876875000000000000e+02,-9.419816024504726326e-02
2.877083333333333144e+02,-9.384073820568049340e-02
2.877291666666666288e+02,-9.352905734009347993e-02
2.877500000000000000e+02,-9.324505556205688050e-02
2.877708333333333144e+02,-9.301873900574286758e-02
2.877916666666666288e+02,-9.288629183394025990e-02
2.878125000000000000e+02,-9.283803786098041022e-02
2.878333333333333144e+02,-9.285435391969770746e-02
2.878541666666666288e+02,-9.294299410124103045e-02
2.878750000000000000e+02,-9.309897790060270295e-02
2.878958333333333144e+02,-9.328868913913697380e-02
2.879166666666666288e+02,-9.349621195545386454e-02
2.879375000000000000e+02,-9.372614867462714106e-02
2.879583333333333144e+02,-9.395365280815795583e-02
2.879791666666666288e+02,-9.414790294340572019e-02
2.880000000000000000e+02,-9.432651211183112894e-02
2.880208333333333144e+02,-9.451507826797067580e-02
2.880416666666666288e+02,-9.468992415915744587e-02
2.880625000000000000e+02,-9.481970654596827419e-02
2.880833333333333144e+02,-9.492146278757152000e-02
2.881041666666666288e+02,-9.502017483220148719e-02
2.881250000000000000e+02,-9.509172890779435394e-02
2.881458333333333144e+02,-9.510440513060390566e-02
2.881666666666666288e+02,-9.507461338011383156e-02
2.881875000000000000e+02,-9.502673585393681122e-02
2.882083333333333144e+02,-9.493650886126946131e-02
2.882291666666666288e+02,-9.477212865336925862e-02
2.882500000000000000e+02,-9.454965918897091648e-02
2.882708333333333144e+02,-9.429336087554512913e-02
2.882916666666666288e+02,-9.398062405253644613e-02
2.883125000000000000e+02,-9.358307011779049001e-02
2.883333333333333144e+02,-9.312065997831463215e-02
2.883541666666666288e+02,-9.262170726300553159e-02
2.883750000000000000e+02,-9.207263584787106492e-02
2.883958333333333144e+02,-9.146127245676866080e-02
2.884166666666666288e+02,-9.082473186558238931e-02
2.884375000000000000e+02,-9.020798971423966972e-02
2.884583333333333144e+02,-8.960675997229843037e-02
2.884791666666666288e+02,-8.900916078539357346e-02
2.885000000000000000e+02,-8.845072525883952708e-02
2.885208333333333144e+02,-8.797368190182106029e-02
2.885416666666666288e+02,-8.757068713990380504e-02
2.885625000000000000e+02,-8.722569904417223907e-02
2.885833333333333144e+02,-8.697025401910576936e-02
2.886041666666666288e+02,-8.684337676266275230e-02
2.886250000000000000e+02,-8.683516933830739970e-02
2.886458333333333144e+02,-8.692284602450582598e-02
2.886666666666666288e+02,-8.711661768762221647e-02
2.886875000000000000e+02,-8.742406890170968670e-02
2.887083333333333144e+02,-8.780391265750640828e-02
2.887291666666666288e+02,-8.820711292106309109e-02
2.887500000000000000e+02,-8.863258560361496341e-02
2.887708333333333144e+02,-8.908728248374013503e-02
2.887916666666666288e+02,-8.952919553523269736e-02
2.888125000000000000e+02,-8.990888329066432094e-02
2.888333333333333144e+02,-9.022577571038460642e-02
2.888541666666666288e+02,-9.048952106130919715e-02
2.888750000000000000e+02,-9.068152787055776265e-02
2.888958333333333144e+02,-9.079915557517742597e-02
2.889166666666666288e+02,-9.086715395395171535e-02
2.889375000000000000e+02,-9.089125440247450283e-02
2.889583333333333144e+02,-9.086588111385658639e-02
2.889791666666666288e+02,-9.081742853643448576e-02
2.890000000000000000e+02,-9.076682848857817176e-02
2.890208333333333144e+02,-9.068547584930086725e-02
2.890416666666666288e+02,-9.053675067729356762e-02
2.890625000000000000e+02,-9.033199105849272492e-02
2.890833333333333144e+02,-9.009044132328958288e-02
2.891041666666666288e+02,-8.979824871330496783e-02
2.891250000000000000e+02,-8.945223483484138205e-02
2.891458333333333144e+02,-8.909441711011630016e-02
2.891666666666666288e+02,-8.876757799654043379e-02
2.891875000000000000e+02,-8.846516750458027767e-02
2.892083333333333144e+02,-8.817086028007445342e-02
2.892291666666666288e+02,-8.791536007249316220e-02
2.892500000000000000e+02,-8.773548968215676147e-02
2.892708333333333144e+02,-8.761720549555963855e-02
2.892916666666666288e+02,-8.753516999534106946e-02
2.893125000000000000e+02,-8.750969788494233903e-02
2.893333333333333144e+02,-8.756609441787274739e-02
2.893541666666666288e+02,-8.767713491151475635e-02
2.893750000000000000e+02,-8.780435137602644879e-02
2.893958333333333144e+02,-8.795485056899930709e-02
2.894166666666666288e+02,-8.814065366426372672e-02
2.894375000000000000e+02,-8.832402598198955956e-02
2.894583333333333144e+02,-8.845951917559220778e-02
2.894791666666666288e+02,-8.854800191914317942e-02
2.895000000000000000e+02,-8.860485462534591072e-02
2.895208333333333144e+02,-8.861446305456439909e-02
2.895416666666666288e+02,-8.856336516602662801e-02
2.895625000000000000e+02,-8.848442710870160766e-02
2.895833333333333144e+02,-8.841528894608494116e-02
2.896041666666666288e+02,-8.834318810698370272e-02
2.896250000000000000e+02,-8.824540489496529583e-02
2.896458333333333144e+02,-8.814436261463599875e-02
2.896666666666666288e+02,-8.806739654191597655e-02
2.896875000000000000e+02,-8.798989133315358868e-02
2.897083333333333144e+02,-8.787616889824612088e-02
2.897291666666666288e+02,-8.773583886212669991e-02
2.897500000000000000e+02,-8.758451994627332315e-02
2.897708333333333144e+02,-8.740800244862539925e-02
2.897916666666666288e+02,-8.720773722013307194e-02
2.898125000000000000e+02,-8.700828392850412651e-02
2.898333333333333144e+02,-8.680969060123340519e-02
2.898541666666666288e+02,-8.660316446367324894e-02
2.898750000000000000e+02,-8.642255548788974062e-02
2.898958333333333144e+02,-8.630305196702271753e-02
2.899166666666666288e+02,-8.622769090828018290e-02
2.899375000000000000e+02,-8.616783795756992326e-02
2.899583333333333144e+02,-8.614043287761145862e-02
2.899791666666666288e+02,-8.616718831322683902e-02
2.900000000000000000e+02,-8.621794927707353284e-02
2.900208333333333144e+02,-8.625114195522909366e-02
2.900416666666666288e+02,-8.627100568166200245e-02
2.900625000000000000e+02,-8.628908685270904322e-02
2.900833333333333144e+02,-8.628652699304982521e-02
2.901041666666666288e+02,-8.625743700484063414e-02
2.901250000000000000e+02,-8.623087427090962709e-02
2.901458333333333144e+02,-8.622402083288589758e-02
2.901666666666666288e+02,-8.621038787557831762e-02
2.901875000000000000e+02,-8.616417781312467328e-02
2.902083333333333144e+02,-8.610612779537686612e-02
2.902291666666666288e+02,-8.606180147623969379e-02
2.902500000000000000e+02,-8.600540631382383450e-02
2.902708333333333144e+02,-8.589967382475088842e-02
2.902916666666666288e+02,-8.575307288137552775e-02
2.903125000000000000e+02,-8.558669122623661918e-02
2.903333333333333144e+02,-8.539143648927459418e-02
2.903541666666666288e+02,-8.516304526272920616e-02
2.903750000000000000e+02,-8.493936105989084717e-02
2.903958333333333144e+02,-8.475654303799159961e-02
2.904166666666666288e+02,-8.459821877927217737e-02
2.904375000000000000e+02,-8.443643947913534453e-02
2.904583333333333144e+02,-8.428871008467636594e-02
2.904791666666666288e+02,-8.417738100580696159e-02
2.905000000000000000e+02,-8.407503348925833564e-02
2.905208333333333144e+02,-8.394513856926016926e-02
2.905416666666666288e+02,-8.379708650363788813e-02
2.905625000000000000e+02,-8.364952408866711819e-02
2.905833333333333144e+02,-8.349123373771938361e-02
2.906041666666666288e+02,-8.332099085462064958e-02
2.906250000000000000e+02,-8.316978062369946578e-02
2.906458333333333144e+02,-8.305485753524964598e-02
2.906666666666666288e+02,-8.295732283238146931e-02
2.906875000000000000e+02,-8.286827636267658781e-02
2.907083333333333144e+02,-8.281867509810210415e-02
2.907291666666666288e+02,-8.283471726592377127e-02
2.907500000000000000e+02,-8.289006471899469652e-02
2.907708333333333144e+02,-8.294671743434071931e-02
2.907916666666666288e+02,-8.301235485388239188e-02
2.908125000000000000e+02,-8.310038284415957599e-02
2.908333333333333144e+02,-8.318695240676970970e-02
2.908541666666666288e+02,-8.325525355461359245e-02
2.908750000000000000e+02,-8.333643556397732355e-02
2.908958333333333144e+02,-8.346653280639787509e-02
2.909166666666666288e+02,-8.362979075330835566e-02
2.909375000000000000e+02,-8.379895650283478159e-02
2.909583333333333144e+02,-8.399244137854637582e-02
2.909791666666666288e+02,-8.423357768185120442e-02
2.910000000000000000e+02,-8.449407659646730739e-02
2.910208333333333144e+02,-8.473438523161501423e-02
2.910416666666666288e+02,-8.496077587217036597e-02
2.910625000000000000e+02,-8.518539699079805128e-02
2.910833333333333144e+02,-8.538354695404279382e-02
2.911041666666666288e+02,-8.553703031615636498e-02
2.911250000000000000e+02,-8.567476004198087969e-02
2.911458333333333144e+02,-8.583065437713788270e-02
2.911666666666666288e+02,-8.598724487707543052e-02
2.911875000000000000e+02,-8.611525074879129715e-02
2.912083333333333144e+02,-8.623054665874585467e-02
2.912291666666666288e+02,-8.635432356395088271e-02
2.912500000000000000e+02,-8.645672941213630724e-02
2.912708333333333144e+02,-8.649638650330850054e-02
2.912916666666666288e+02,-8.647813946988253120e-02
2.913125000000000000e+02,-8.642397540878031525e-02
2.913333333333333144e+02,-8.632567221662416912e-02
2.913541666666666288e+02,-8.617328210291304302e-02
2.913750000000000000e+02,-8.600322692609567443e-02
2.913958333333333144e+02,-8.585645892220507280e-02
2.914166666666666288e+02,-8.572203042720379085e-02
2.914375000000000000e+02,-8.557760144564210969e-02
2.914583333333333144e+02,-8.544635002732813012e-02
2.914791666666666288e+02,-8.535589815589267326e-02
2.915000000000000000e+02,-8.528199603356774461e-02
2.915208333333333144e+02,-8.518914120891352137e-02
2.915416666666666288e+02,-8.508739850244396996e-02
2.915625000000000000e+02,-8.499260573722355883e-02
2.915833333333333144e+02,-8.488949471031348448e-02
2.916041666666666288e+02,-8.477628907426006111e-02
2.916250000000000000e+02,-8.468013846046287818e-02
2.916458333333333144e+02,-8.461003871160800716e-02
2.916666666666666288e+02,-8.455385582742330763e-02
2.916875000000000000e+02,-8.452736748689851365e-02
2.917083333333333144e+02,-8.454918353517326679e-02
2.917291666666666288e+02,-8.458779304782564068e-02
2.917500000000000000e+02,-8.460294368918867824e-02
2.917708333333333144e+02,-8.460056077673056008e-02
2.917916666666666288e+02,-8.459723791371261126e-02
2.918125000000000000e+02,-8.457815428566897720e-02
2.918333333333333144e+02,-8.453649033647364641e-02
2.918541666666666288e+02,-8.450536810373263097e-02
2.918750000000000000e+02,-8.451366014480869715e-02
2.918958333333333144e+02,-8.453831463873186236e-02
2.919166666666666288e+02,-8.454609114126229730e-02
2.919375000000000000e+02,-8.454859204757701752e-02
2.919583333333333144e+02,-8.456279536470749647e-02
2.919791666666666288e+02,-8.456933734203038455e-02
2.920000000000000000e+02,-8.455736133938325516e-02
2.920208333333333144e+02,-8.456400296096970581e-02
2.920416666666666288e+02,-8.463160692834939547e-02
2.920625000000000000e+02,-8.475325895928298436e-02
2.920833333333333144e+02,-8.491395768118645271e-02
2.921041666666666288e+02,-8.513523248059809423e-02
2.921250000000000000e+02,-8.543170296130719876e-02
2.921458333333333144e+02,-8.576758794113471807e-02
2.921666666666666288e+02,-8.609980296775737729e-02
2.921875000000000000e+02,-8.643377833823571998e-02
2.922083333333333144e+02,-8.678328609053655163e-02
2.922291666666666288e+02,-8.711505782906479867e-02
2.922500000000000000e+02,-8.739055705931325635e-02
2.922708333333333144e+02,-8.761998795666067763e-02
2.922916666666666288e+02,-8.782260891280826987e-02
2.923125000000000000e+02,-8.797448315816575048e-02
2.923333333333333144e+02,-8.805033506573889390e-02
2.923541666666666288e+02,-8.807408419649488673e-02
2.923750000000000000e+02,-8.807871135458958389e-02
2.923958333333333144e+02,-8.804925983067204975e-02
2.924166666666666288e+02,-8.796309168425518743e-02
2.924375000000000000e+02,-8.784603222731278416e-02
2.924583333333333144e+02,-8.773241399316318578e-02
2.924791666666666288e+02,-8.760784164855170419e-02
2.925000000000000000e+02,-8.745036468471165114e-02
2.925208333333333144e+02,-8.728595577610116785e-02
2.925416666666666288e+02,-8.714903038631584276e-02
2.925625000000000000e+02,-8.702592468143076354e-02
2.925833333333333144e+02,-8.689513012026686689e-02
2.926041666666666288e+02,-8.678366361378805904e-02
2.926250000000000000e+02,-8.672719741157702833e-02
2.926458333333333144e+02,-8.671261565329430043e-02
2.926666666666666288e+02,-8.671910181273531637e-02
2.926875000000000000e+02,-8.677431331196672204e-02
2.927083333333333144e+02,-8.691432441164745337e-02
2.927291666666666288e+02,-8.712647007401491672e-02
2.927500000000000000e+02,-8.738988520511854763e-02
2.927708333333333144e+02,-8.772036975921446156e-02
2.927916666666666288e+02,-8.812717399838959631e-02
2.928125000000000000e+02,-8.856924141636046688e-02
2.928333333333333144e+02,-8.899825055930435380e-02
2.928541666666666288e+02,-8.941410977857294773e-02
2.928750000000000000e+02,-8.982587307108991226e-02
2.928958333333333144e+02,-9.020157047462386279e-02
2.929166666666666288e+02,-9.051048209563815339e-02
2.929375000000000000e+02,-9.077196921074399960e-02
2.929583333333333144e+02,-9.101381941284036881e-02
2.929791666666666288e+02,-9.121510393130265182e-02
2.930000000000000000e+02,-9.134751196200413537e-02
2.930208333333333144e+02,-9.143070088152586983e-02
2.930416666666666288e+02,-9.149276644157113003e-02
2.930625000000000000e+02,-9.151387187274596935e-02
2.930833333333333144e+02,-9.146668554945058816e-02
2.931041666666666288e+02,-9.137269996033946240e-02
2.931250000000000000e+02,-9.126199981571953002e-02
2.931458333333333144e+02,-9.111595498397938309e-02
2.931666666666666288e+02,-9.090834629050753568e-02
2.931875000000000000e+02,-9.066140750180944063e-02
2.932083333333333144e+02,-9.040604305130077456e-02
2.932291666666666288e+02,-9.012479219686801712e-02
2.932500000000000000e+02,-8.979262951330511944e-02
2.932708333333333144e+02,-8.943301624203876810e-02
2.932916666666666288e+02,-8.907885622848867035e-02
2.933125000000000000e+02,-8.871549873286767307e-02
2.933333333333333144e+02,-8.832085545746073962e-02
2.933541666666666288e+02,-8.792184380309844838e-02
2.933750000000000000e+02,-8.755407300017027661e-02
2.933958333333333144e+02,-8.720444686585318572e-02
2.934166666666666288e+02,-8.685219907276466034e-02
2.934375000000000000e+02,-8.652501743259162492e-02
2.934583333333333144e+02,-8.625999649263997593e-02
2.934791666666666288e+02,-8.604652005735188847e-02
2.935000000000000000e+02,-8.586601671878169029e-02
2.935208333333333144e+02,-8.574835546977019329e-02
2.935416666666666288e+02,-8.573223010620149853e-02
2.935625000000000000e+02,-8.580765934736225842e-02
2.935833333333333144e+02,-8.595588543242214941e-02
2.936041666666666288e+02,-8.619219448223514046e-02
2.936250000000000000e+02,-8.652267191294146786e-02
2.936458333333333144e+02,-8.690538443980658223e-02
2.936666666666666288e+02,-8.729383602140806941e-02
2.936875000000000000e+02,-8.769035335813729626e-02
2.937083333333333144e+02,-8.810589296631335388e-02
2.937291666666666288e+02,-8.850445807508151852e-02
2.937500000000000000e+02,-8.884473877790104168e-02
2.937708333333333144e+02,-8.913317482289655203e-02
2.937916666666666288e+02,-8.938443422815373074e-02
2.938125000000000000e+02,-8.957662051196599307e-02
2.938333333333333144e+02,-8.969523722854189085e-02
2.938541666666666288e+02,-8.977592374643142414e-02
2.938750000000000000e+02,-8.986276449076234518e-02
2.938958333333333144e+02,-8.995106571153951847e-02
2.939166666666666288e+02,-9.002816659014331591e-02
2.939375000000000000e+02,-9.012230502074519700e-02
2.939583333333333144e+02,-9.026176437982164069e-02
2.939791666666666288e+02,-9.042654981154131522e-02
2.940000000000000000e+02,-9.059016293294618050e-02
2.940208333333333144e+02,-9.077609160695983281e-02
2.940416666666666288e+02,-9.101796723035093795e-02
2.940625000000000000e+02,-9.130290732320285596e-02
2.940833333333333144e+02,-9.161208206014136157e-02
2.941041666666666288e+02,-9.195751744887936674e-02
2.941250000000000000e+02,-9.233686147489029994e-02
2.941458333333333144e+02,-9.271883483336286480e-02
2.941666666666666288e+02,-9.308951710129131918e-02
2.941875000000000000e+02,-9.345670584854398610e-02
2.942083333333333144e+02,-9.380109448755409585e-02
2.942291666666666288e+02,-9.409816281651202374e-02
2.942500000000000000e+02,-9.437131492843622849e-02
2.942708333333333144e+02,-9.465206664682740412e-02
2.942916666666666288e+02,-9.492364364140702671e-02
2.943125000000000000e+02,-9.516170677432758684e-02
2.943333333333333144e+02,-9.538991507893326838e-02
2.943541666666666288e+02,-9.563982518320489346e-02
2.943750000000000000e+02,-9.589407808913383291e-02
2.943958333333333144e+02,-9.612766377780652960e-02
2.944166666666666288e+02,-9.636313178552233238e-02
2.944375000000000000e+02,-9.663030183094686865e-02
2.944583333333333144e+02,-9.691020106939686463e-02
2.944791666666666288e+02,-9.717616288960999327e-02
2.945000000000000000e+02,-9.744854447963201272e-02
2.945208333333333144e+02,-9.775453924570447206e-02
2.945416666666666288e+02,-9.807259536520976373e-02
2.945625000000000000e+02,-9.837358182755830127e-02
2.945833333333333144e+02,-9.867612357449175031e-02
2.946041666666666288e+02,-9.900687328558992195e-02
2.946250000000000000e+02,-9.934291416857708723e-02
2.946458333333333144e+02,-9.965216794108998355e-02
2.946666666666666288e+02,-9.994946808177591902e-02
2.946875000000000000e+02,-1.002560844331257667e-01
2.947083333333333144e+02,-1.005425728883737602e-01
2.947291666666666288e+02,-1.007694837324886877e-01
2.947500000000000000e+02,-1.009429864538158444e-01
2.947708333333333144e+02,-1.010743647648592591e-01
2.947916666666666288e+02,-1.011273556288709019e-01
2.948125000000000000e+02,-1.010591942846636726e-01
2.948333333333333144e+02,-1.008738374962104833e-01
2.948541666666666288e+02,-1.005920056974754784e-01
2.948750000000000000e+02,-1.002048893620477443e-01
2.948958333333333144e+02,-9.970332059968094185e-02
2.949166666666666288e+02,-9.912458142271980688e-02
2.949375000000000000e+02,-9.851064834923198288e-02
2.949583333333333144e+02,-9.785168693330682788e-02
2.949791666666666288e+02,-9.712622475623856888e-02
2.950000000000000000e+02,-9.635818820318343969e-02
2.950208333333333144e+02,-9.557676795178066120e-02
2.950416666666666288e+02,-9.476816860206463411e-02
2.950625000000000000e+02,-9.391795256481952348e-02
2.950833333333333144e+02,-9.305826749474453707e-02
2.951041666666666288e+02,-9.222603927981234961e-02
2.951250000000000000e+02,-9.140640659875112761e-02
2.951458333333333144e+02,-9.057277933851018425e-02
2.951666666666666288e+02,-8.974395889310675389e-02
2.951875000000000000e+02,-8.894477614078626082e-02
2.952083333333333144e+02,-8.816702998935838087e-02
2.952291666666666288e+02,-8.741324307122240456e-02
2.952500000000000000e+02,-8.671996128338714527e-02
2.952708333333333144e+02,-8.611164349748144653e-02
2.952916666666666288e+02,-8.556560100533529278e-02
2.953125000000000000e+02,-8.505538477287227783e-02
2.953333333333333144e+02,-8.460080883466131185e-02
2.953541666666666288e+02,-8.422667080595393208e-02
2.953750000000000000e+02,-8.390608168725390004e-02
2.953958333333333144e+02,-8.360038104542140414e-02
2.954166666666666288e+02,-8.331668419028723238e-02
2.954375000000000000e+02,-8.307348068457469370e-02
2.954583333333333144e+02,-8.285576852157097716e-02
2.954791666666666288e+02,-8.265129566351855916e-02
2.955000000000000000e+02,-8.249468913081335619e-02
2.955208333333333144e+02,-8.242540786826074717e-02
2.955416666666666288e+02,-8.243112100614394255e-02
2.955625000000000000e+02,-8.248774533306821310e-02
2.955833333333333144e+02,-8.261659917854370649e-02
2.956041666666666288e+02,-8.284386955018742393e-02
2.956250000000000000e+02,-8.314401302205638722e-02
2.956458333333333144e+02,-8.347975252156789039e-02
2.956666666666666288e+02,-8.385924324802776497e-02
2.956875000000000000e+02,-8.429556099083719556e-02
2.957083333333333144e+02,-8.475012646201041111e-02
2.957291666666666288e+02,-8.517358964361670948e-02
2.957500000000000000e+02,-8.556348042124213571e-02
2.957708333333333144e+02,-8.593064904171132667e-02
2.957916666666666288e+02,-8.625501750738960582e-02
2.958125000000000000e+02,-8.651950138236610965e-02
2.958333333333333144e+02,-8.675364181122720286e-02
2.958541666666666288e+02,-8.699274138781483423e-02
2.958750000000000000e+02,-8.722149886688955467e-02
2.958958333333333144e+02,-8.741395531299925303e-02
2.959166666666666288e+02,-8.759080194221147142e-02
2.959375000000000000e+02,-8.777807982523884445e-02
2.959583333333333144e+02,-8.795056844075363478e-02
2.959791666666666288e+02,-8.807143968326631989e-02
2.960000000000000000e+02,-8.814931805102371731e-02
2.960208333333333144e+02,-8.819889280927244168e-02
2.960416666666666288e+02,-8.820468954330977496e-02
2.960625000000000000e+02,-8.816547461716676970e-02
2.960833333333333144e+02,-8.810686165719368301e-02
2.961041666666666288e+02,-8.803528972779842143e-02
2.961250000000000000e+02,-8.794671326232812725e-02
2.961458333333333144e+02,-8.786881647561343989e-02
2.961666666666666288e+02,-8.782181244481696014e-02
2.961875000000000000e+02,-8.777420742211945737e-02
2.962083333333333144e+02,-8.768527688265535802e-02
2.962291666666666288e+02,-8.755992622119614099e-02
2.962500000000000000e+02,-8.741856072348992701e-02
2.962708333333333144e+02,-8.725082587990372340e-02
2.962916666666666288e+02,-8.704639287996927821e-02
2.963125000000000000e+02,-8.684257077309266715e-02
2.963333333333333144e+02,-8.668347837661752320e-02
2.963541666666666288e+02,-8.656421726510243886e-02
2.963750000000000000e+02,-8.647242016454245728e-02
2.963958333333333144e+02,-8.643821434726020603e-02
2.964166666666666288e+02,-8.649115375539917494e-02
2.964375000000000000e+02,-8.661094553471661295e-02
2.964583333333333144e+02,-8.677021839975622430e-02
2.964791666666666288e+02,-8.698951839695946708e-02
2.965000000000000000e+02,-8.729667072164855324e-02
2.965208333333333144e+02,-8.767090787911153982e-02
2.965416666666666288e+02,-8.808413553582367106e-02
2.965625000000000000e+02,-8.855479843832561593e-02
2.965833333333333144e+02,-8.910701401412439437e-02
2.966041666666666288e+02,-8.971593989641576949e-02
2.966250000000000000e+02,-9.034926094231070237e-02
2.966458333333333144e+02,-9.102003621589731253e-02
2.966666666666666288e+02,-9.174659805741314234e-02
2.966875000000000000e+02,-9.249908218809359262e-02
2.967083333333333144e+02,-9.323972087205906201e-02
2.967291666666666288e+02,-9.397923442457099819e-02
2.967500000000000000e+02,-9.473710240814688099e-02
2.967708333333333144e+02,-9.548414585796023701e-02
2.967916666666666288e+02,-9.618342993489338577e-02
2.968125000000000000e+02,-9.684649898559774539e-02
2.968333333333333144e+02,-9.749355979784014858e-02
2.968541666666666288e+02,-9.809615374355878936e-02
2.968750000000000000e+02,-9.861811696424561957e-02
2.968958333333333144e+02,-9.907182471004938318e-02
2.969166666666666288e+02,-9.947910737449354446e-02
2.969375000000000000e+02,-9.981426259941014734e-02
2.969583333333333144e+02,-1.000441576369836272e-01
2.969791666666666288e+02,-1.001846836017520476e-01
2.970000000000000000e+02,-1.002604832298364806e-01
2.970208333333333144e+02,-1.002475722052834917e-01
2.970416666666666288e+02,-1.001143429154908171e-01
2.970625000000000000e+02,-9.987741492295811041e-02
2.970833333333333144e+02,-9.956294363485740373e-02
2.971041666666666288e+02,-9.915302217229569892e-02
2.971250000000000000e+02,-9.862787051867401289e-02
2.971458333333333144e+02,-9.801929078071106027e-02
2.971666666666666288e+02,-9.737013338966755971e-02
2.971875000000000000e+02,-9.667763878216631412e-02
2.972083333333333144e+02,-9.593434293502586807e-02
2.972291666666666288e+02,-9.518510654908142465e-02
2.972500000000000000e+02,-9.448561854701496843e-02
2.972708333333333144e+02,-9.384541245833882828e-02
2.972916666666666288e+02,-9.325745482201251713e-02
2.973125000000000000e+02,-9.274491184140215561e-02
2.973333333333333144e+02,-9.233124814553926585e-02
2.973541666666666288e+02,-9.199397936610605175e-02
2.973750000000000000e+02,-9.170587369679480960e-02
2.973958333333333144e+02,-9.149081894218687172e-02
2.974166666666666288e+02,-9.138282387149813946e-02
2.974375000000000000e+02,-9.137066356750744855e-02
2.974583333333333144e+02,-9.143538815825173749e-02
2.974791666666666288e+02,-9.158458021533094628e-02
2.975000000000000000e+02,-9.180876274238990165e-02
2.975208333333333144e+02,-9.207976678379770075e-02
2.975416666666666288e+02,-9.239923221631818340e-02
2.975625000000000000e+02,-9.277787727126424189e-02
2.975833333333333144e+02,-9.318109031186574964e-02
2.976041666666666288e+02,-9.356948398646842968e-02
2.976250000000000000e+02,-9.395527657156453605e-02
2.976458333333333144e+02,-9.436233063459911752e-02
2.976666666666666288e+02,-9.476915571466930366e-02
2.976875000000000000e+02,-9.514923507452942297e-02
2.977083333333333144e+02,-9.552322756002584736e-02
2.977291666666666288e+02,-9.591779030804860329e-02
2.977500000000000000e+02,-9.631358612236261274e-02
2.977708333333333144e+02,-9.668521509063694730e-02
2.977916666666666288e+02,-9.704918413489856122e-02
2.978125000000000000e+02,-9.742181124608033371e-02
2.978333333333333144e+02,-9.777203674780308995e-02
2.978541666666666288e+02,-9.806398006814866231e-02
2.978750000000000000e+02,-9.831382149964565387e-02
2.978958333333333144e+02,-9.854945951744091548e-02
2.979166666666666288e+02,-9.875314373840536619e-02
2.979375000000000000e+02,-9.890225831449012128e-02
2.979583333333333144e+02,-9.902587371019905271e-02
2.979791666666666288e+02,-9.916331064176554799e-02
2.980000000000000000e+02,-9.930653085524199231e-02
2.980208333333333144e+02,-9.943357310550388073e-02
2.980416666666666288e+02,-9.955941091034635482e-02
2.980625000000000000e+02,-9.970291698142740022e-02
2.980833333333333144e+02,-9.983494460704638029e-02
2.981041666666666288e+02,-9.991905152327015815e-02
2.981250000000000000e+02,-9.996713911399686403e-02
2.981458333333333144e+02,-9.999834216070288551e-02
2.981666666666666288e+02,-9.998254830121733328e-02
2.981875000000000000e+02,-9.988202235801692253e-02
2.982083333333333144e+02,-9.970733765197027643e-02
2.982291666666666288e+02,-9.947758545751334003e-02
2.982500000000000000e+02,-9.917047873032273919e-02
2.982708333333333144e+02,-9.876564221378181241e-02
2.982916666666666288e+02,-9.829200823164808976e-02
2.983125000000000000e+02,-9.778661429165512453e-02
2.983333333333333144e+02,-9.723803561381881566e-02
2.983541666666666288e+02,-9.662729544262112225e-02
2.983750000000000000e+02,-9.598360969139205223e-02
2.983958333333333144e+02,-9.534409892905450212e-02
2.984166666666666288e+02,-9.469673484022243792e-02
2.984375000000000000e+02,-9.402178410840655864e-02
2.984583333333333144e+02,-9.334677531795303185e-02
2.984791666666666288e+02,-9.270597922230286447e-02
2.985000000000000000e+02,-9.208413000570991880e-02
2.985208333333333144e+02,-9.145748572200936011e-02
2.985416666666666288e+02,-9.085036996115593289e-02
2.985625000000000000e+02,-9.029499523394690641e-02
2.985833333333333144e+02,-8.977461723502590252e-02
2.986041666666666288e+02,-8.926487858662288111e-02
2.986250000000000000e+02,-8.878938843568642825e-02
2.986458333333333144e+02,-8.837981237308632776e-02
2.986666666666666288e+02,-8.801931224443364232e-02
2.986875000000000000e+02,-8.768343813385445773e-02
2.987083333333333144e+02,-8.739559340517435992e-02
2.987291666666666288e+02,-8.718701320173462277e-02
2.987500000000000000e+02,-8.704030450554914311e-02
2.987708333333333144e+02,-8.693048675951398074e-02
2.987916666666666288e+02,-8.687994834971962677e-02
2.988125000000000000e+02,-8.691919388149725589e-02
2.988333333333333144e+02,-8.703086285312883197e-02
2.988541666666666288e+02,-8.718984199251689216e-02
2.988750000000000000e+02,-8.741877993591555540e-02
2.988958333333333144e+02,-8.774825240191455600e-02
2.989166666666666288e+02,-8.815995328762586680e-02
2.989375000000000000e+02,-8.862699594237577472e-02
2.989583333333333144e+02,-8.915608281446428529e-02
2.989791666666666288e+02,-8.974407925959651533e-02
2.990000000000000000e+02,-9.034717272453239578e-02
2.990208333333333144e+02,-9.092705547877948102e-02
2.990416666666666288e+02,-9.149539429525851975e-02
2.990625000000000000e+02,-9.207183042269663498e-02
2.990833333333333144e+02,-9.262555155561656706e-02
2.991041666666666288e+02,-9.311673010059967615e-02
2.991250000000000000e+02,-9.355266521321402295e-02
2.991458333333333144e+02,-9.394661793191724786e-02
2.991666666666666288e+02,-9.426093356418510649e-02
2.991875000000000000e+02,-9.444879481072485095e-02
2.992083333333333144e+02,-9.451096954020485330e-02
2.992291666666666288e+02,-9.447217663585155689e-02
2.992500000000000000e+02,-9.433002449197333550e-02
2.992708333333333144e+02,-9.407369377111726716e-02
2.992916666666666288e+02,-9.373781069876098437e-02
2.993125000000000000e+02,-9.336128369746077293e-02
2.993333333333333144e+02,-9.293114781985173378e-02
2.993541666666666288e+02,-9.242317954500109400e-02
2.993750000000000000e+02,-9.185861338345645277e-02
2.993958333333333144e+02,-9.126404314595727707e-02
2.994166666666666288e+02,-9.062985711401183586e-02
2.994375000000000000e+02,-8.995464509423314881e-02
2.994583333333333144e+02,-8.928454224827067631e-02
2.994791666666666288e+02,-8.867020479647187703e-02
2.995000000000000000e+02,-8.811042160815354962e-02
2.995208333333333144e+02,-8.759238379105503680e-02
2.995416666666666288e+02,-8.714864632489491281e-02
2.995625000000000000e+02,-8.681663037405504268e-02
2.995833333333333144e+02,-8.658209585727068280e-02
2.996041666666666288e+02,-8.641909865315038075e-02
2.996250000000000000e+02,-8.634711403688008491e-02
2.996458333333333144e+02,-8.639043573950803967e-02
2.996666666666666288e+02,-8.652162745943199618e-02
2.996875000000000000e+02,-8.670158250030018943e-02
2.997083333333333144e+02,-8.693664159700284499e-02
2.997291666666666288e+02,-8.723801125274140145e-02
2.997500000000000000e+02,-8.756522050648381239e-02
2.997708333333333144e+02,-8.786693425389101308e-02
2.997916666666666288e+02,-8.813862594880655932e-02
2.998125000000000000e+02,-8.839016395217863531e-02
2.998333333333333144e+02,-8.860031268136944749e-02
2.998541666666666288e+02,-8.874892485784818819e-02
2.998750000000000000e+02,-8.886226782338653429e-02
2.998958333333333144e+02,-8.897208270733940327e-02
2.999166666666666288e+02,-8.905921460381893695e-02
2.999375000000000000e+02,-8.909287997076908994e-02
2.999583333333333144e+02,-8.908780485596547172e-02
2.999791666666666288e+02,-8.906402551544911894e-02
