0.000000000000000000e+00,-1.515940409683426333e+04
2.083333333333333218e-02,4.854763569715608173e+04
4.166666666666666435e-02,4.531001420552257332e+04
6.250000000000000000e-02,3.921824483411305846e+04
8.333333333333332871e-02,3.690948823131008976e+04
1.041666666666666574e-01,3.873683651243992790e+04
1.250000000000000000e-01,4.016886862038607796e+04
1.458333333333333148e-01,3.698320037168970157e+04
1.666666666666666574e-01,3.793175740263637272e+04
1.875000000000000000e-01,4.023109796183997969e+04
2.083333333333333148e-01,3.996493175080772198e+04
2.291666666666666574e-01,3.698689041596712923e+04
2.500000000000000000e-01,3.710777435724272800e+04
2.708333333333333148e-01,4.013907269443281984e+04
2.916666666666666297e-01,4.021282492272845411e+04
3.125000000000000000e-01,3.724902908154276520e+04
3.333333333333333148e-01,3.671971771319286927e+04
3.541666666666666297e-01,4.032655725652277033e+04
3.750000000000000000e-01,3.975889323269762099e+04
3.958333333333333148e-01,3.615300956022385799e+04
4.166666666666666297e-01,3.786650790463824524e+04
4.375000000000000000e-01,4.092223796829565254e+04
4.583333333333333148e-01,3.870478010407347028e+04
4.791666666666666297e-01,3.775520206380003219e+04
5.000000000000000000e-01,3.924322241154048970e+04
5.208333333333332593e-01,3.862568524366499332e+04
5.416666666666666297e-01,3.880142612875187478e+04
5.625000000000000000e-01,3.886045060689765523e+04
5.833333333333332593e-01,3.834871729294618854e+04
6.041666666666666297e-01,3.870840662677561340e+04
6.250000000000000000e-01,3.918060729563719360e+04
6.458333333333332593e-01,3.838825727119886869e+04
6.666666666666666297e-01,3.824469188665031834e+04
6.875000000000000000e-01,3.946344223792330740e+04
7.083333333333332593e-01,3.865538242624928534e+04
7.291666666666666297e-01,3.781171934242497809e+04
7.500000000000000000e-01,3.953118443964831386e+04
7.708333333333332593e-01,3.916139184908872994e+04
7.916666666666666297e-01,3.758363359483316890e+04
8.125000000000000000e-01,3.949209079885427491e+04
8.333333333333332593e-01,4.025379839368382818e+04
8.541666666666666297e-01,3.634312877175583708e+04
8.750000000000000000e-01,3.886953401151111757e+04
8.958333333333332593e-01,4.185664437813809491e+04
9.166666666666666297e-01,3.572069131633787765e+04
9.375000000000000000e-01,3.690714321187795576e+04
9.583333333333332593e-01,4.182356680957436765e+04
9.791666666666666297e-01,4.114517660205811990e+04
1.000000000000000000e+00,3.540088021411981754e+04
1.020833333333333259e+00,3.539469703328765172e+04
1.041666666666666519e+00,4.142626687339503405e+04
1.062500000000000000e+00,4.177913070489752863e+04
1.083333333333333259e+00,3.537039089576821425e+04
1.104166666666666519e+00,3.537956177298435068e+04
1.125000000000000000e+00,4.178025643693695019e+04
1.145833333333333259e+00,4.177031712205790245e+04
1.166666666666666519e+00,3.536457978083803027e+04
1.187500000000000000e+00,3.640465514023821743e+04
1.208333333333333259e+00,4.102618105614723754e+04
1.229166666666666519e+00,4.179558733306570502e+04
1.250000000000000000e+00,3.538853107849728985e+04
1.270833333333333259e+00,3.539787090122109657e+04
1.291666666666666519e+00,4.179532971534701937e+04
1.312500000000000000e+00,4.210391329558037251e+04
1.333333333333333259e+00,3.632700138971170236e+04
1.354166666666666519e+00,3.539143029945540911e+04
1.375000000000000000e+00,4.123660531646816526e+04
1.395833333333333259e+00,4.171234822294056357e+04
1.416666666666666519e+00,3.538918928310253250e+04
1.437500000000000000e+00,3.538188025842107163e+04
1.458333333333333259e+00,4.177596575885231869e+04
1.479166666666666519e+00,4.178596512701290339e+04
1.500000000000000000e+00,3.565075224002074538e+04
1.520833333333333259e+00,3.538142851090209297e+04
1.541666666666666519e+00,4.177526237647672679e+04
1.562500000000000000e+00,4.179300460528220719e+04
1.583333333333333259e+00,3.538714527525663289e+04
1.604166666666666519e+00,3.538136331324392813e+04
1.625000000000000000e+00,4.177390000546559895e+04
1.645833333333333259e+00,4.179450596568627225e+04
1.666666666666666519e+00,3.531754157078752178e+04
1.687500000000000000e+00,3.634018134264827677e+04
1.708333333333333259e+00,4.179434547208711592e+04
1.729166666666666519e+00,4.180880652952501259e+04
1.750000000000000000e+00,3.588535137089068303e+04
1.770833333333333259e+00,3.539598867287745816e+04
1.791666666666666519e+00,4.178767050595281762e+04
1.812500000000000000e+00,4.180369377716831514e+04
1.833333333333333259e+00,3.540491481425154052e+04
1.854166666666666519e+00,3.539395612197604351e+04
1.875000000000000000e+00,4.177188489903422305e+04
1.895833333333333259e+00,4.179131336187600391e+04
1.916666666666666519e+00,3.538691727094059752e+04
1.937500000000000000e+00,3.468112249629426515e+04
1.958333333333333259e+00,4.294267547884157102e+04
1.979166666666666519e+00,4.179970415440019860e+04
2.000000000000000000e+00,3.399554030333433911e+04
2.020833333333333037e+00,3.541621561420814396e+04
2.041666666666666519e+00,4.408642297315299948e+04
2.062500000000000000e+00,4.180421259781823755e+04
2.083333333333333037e+00,3.219862095773807960e+04
2.104166666666666519e+00,3.542819139871547668e+04
2.125000000000000000e+00,4.464711190044591785e+04
2.145833333333333037e+00,4.181287022142847854e+04
2.166666666666666519e+00,3.220822747057623201e+04
2.187500000000000000e+00,3.541686843161626166e+04
2.208333333333333037e+00,4.501396705032476166e+04
2.229166666666666519e+00,4.155141909856755956e+04
2.250000000000000000e+00,3.219627088306141741e+04
2.270833333333333037e+00,3.539756104470675928e+04
2.291666666666666519e+00,4.491576132705639611e+04
2.312500000000000000e+00,4.042118464469674655e+04
2.333333333333333037e+00,3.219705016731903015e+04
2.354166666666666519e+00,3.676454153187786142e+04
2.375000000000000000e+00,4.500936774682945543e+04
2.395833333333333037e+00,3.976827369607504806e+04
2.416666666666666519e+00,3.220305850757624648e+04
2.437500000000000000e+00,3.860163022136297513e+04
2.458333333333333037e+00,4.356948202841636521e+04
2.479166666666666519e+00,3.860004922301037004e+04
2.500000000000000000e+00,3.262306019968590408e+04
2.520833333333333037e+00,3.860102150277701003e+04
2.541666666666666519e+00,4.499501730791971931e+04
2.562500000000000000e+00,3.793809611558247707e+04
2.583333333333333037e+00,3.342883785875073954e+04
2.604166666666666519e+00,3.860355652627848031e+04
2.625000000000000000e+00,4.410482040296310879e+04
2.645833333333333037e+00,3.860748405574126082e+04
2.666666666666666519e+00,3.348496822022749984e+04
2.687500000000000000e+00,3.859795690119061328e+04
2.708333333333333037e+00,4.347161369699866918e+04
2.729166666666666519e+00,3.906559339057114266e+04
2.750000000000000000e+00,3.529711637244482699e+04
2.770833333333333037e+00,3.847169218503129377e+04
2.791666666666666519e+00,4.180491454188866919e+04
2.812500000000000000e+00,3.860981553837344836e+04
2.833333333333333037e+00,3.540522559337026178e+04
2.854166666666666519e+00,3.859316911403019185e+04
2.875000000000000000e+00,4.178944591452628083e+04
2.895833333333333037e+00,3.859273034931026632e+04
2.916666666666666519e+00,3.539149376565609418e+04
2.937500000000000000e+00,3.893745785036240704e+04
2.958333333333333037e+00,4.178983727860435465e+04
2.979166666666666519e+00,3.858968956945915852e+04
3.000000000000000000e+00,3.624459607527568733e+04
3.020833333333333037e+00,3.859254971516878140e+04
3.041666666666666519e+00,4.178716200384658441e+04
3.062500000000000000e+00,3.858740017210513179e+04
3.083333333333333037e+00,3.538986763184777374e+04
3.104166666666666519e+00,3.858936941783525253e+04
3.125000000000000000e+00,4.178409126126369665e+04
3.145833333333333037e+00,3.858112304101396876e+04
3.166666666666666519e+00,3.538685776662828721e+04
3.187500000000000000e+00,3.841220245464675827e+04
3.208333333333333037e+00,4.178528129174619244e+04
3.229166666666666519e+00,3.858220402106770052e+04
3.250000000000000000e+00,3.688577541938226932e+04
3.270833333333333037e+00,3.860068721332135465e+04
3.291666666666666519e+00,4.030382217619345465e+04
3.312500000000000000e+00,3.859628538871541241e+04
3.333333333333333037e+00,3.849615448941046634e+04
3.354166666666666519e+00,3.790324936098505714e+04
3.375000000000000000e+00,3.859792174723982316e+04
3.395833333333333037e+00,3.963030853174919321e+04
3.416666666666666519e+00,3.860173379441021098e+04
3.437500000000000000e+00,3.859371175015577319e+04
3.458333333333333037e+00,3.859350709671684308e+04
3.479166666666666519e+00,3.892076467984203919e+04
3.500000000000000000e+00,3.862147775811373867e+04
3.520833333333333037e+00,3.793762346487770992e+04
3.541666666666666519e+00,3.861789120294444729e+04
3.562500000000000000e+00,4.045327370531940687e+04
3.583333333333333037e+00,3.861102729447840829e+04
3.604166666666666519e+00,3.917474561438003730e+04
3.625000000000000000e+00,3.862159956810378935e+04
3.645833333333333037e+00,3.861337248264829395e+04
3.666666666666666519e+00,3.860042864340003871e+04
3.687500000000000000e+00,3.859147363418285386e+04
3.708333333333333037e+00,3.859421691689886211e+04
3.729166666666666519e+00,3.904499661286110495e+04
3.750000000000000000e+00,3.859059333265094756e+04
3.770833333333333037e+00,3.858432544684876484e+04
3.791666666666666519e+00,3.858553486783255357e+04
3.812500000000000000e+00,3.790829138012856129e+04
3.833333333333333037e+00,3.861825714027067443e+04
3.854166666666666519e+00,3.917768528382767545e+04
3.875000000000000000e+00,3.861551010084355221e+04
3.895833333333333037e+00,3.894913148970071779e+04
3.916666666666666519e+00,3.859906189457992150e+04
3.937500000000000000e+00,3.858891595220803720e+04
3.958333333333333037e+00,3.859166088143622619e+04
3.979166666666666519e+00,3.977492051952421753e+04
4.000000000000000000e+00,3.859115799608253292e+04
4.020833333333333037e+00,3.824957765993167413e+04
4.041666666666666075e+00,3.908515845831106708e+04
4.062500000000000000e+00,3.932032819968605327e+04
4.083333333333333037e+00,3.859582252495363355e+04
4.104166666666666075e+00,3.858957348918981006e+04
4.125000000000000000e+00,3.859459863424139621e+04
4.145833333333333037e+00,3.859222101234396541e+04
4.166666666666666075e+00,3.858721278795866965e+04
4.187500000000000000e+00,3.858146353415927297e+04
4.208333333333333037e+00,3.939099661160776304e+04
4.229166666666666075e+00,3.754344712018794235e+04
4.250000000000000000e+00,3.861596999015238544e+04
4.270833333333333037e+00,3.860334547345035389e+04
4.291666666666666075e+00,3.860105292080281652e+04
4.312500000000000000e+00,3.859601462697524403e+04
4.333333333333333037e+00,3.859122458208892931e+04
4.354166666666666075e+00,3.957469464655639604e+04
4.375000000000000000e+00,3.918065358425252634e+04
4.395833333333333037e+00,3.962702391861601063e+04
4.416666666666666075e+00,3.860363341036167549e+04
4.437500000000000000e+00,3.859296201768038736e+04
4.458333333333333037e+00,3.859695072328165406e+04
4.479166666666666075e+00,3.753015150211752916e+04
4.500000000000000000e+00,3.861683580178249395e+04
4.520833333333333037e+00,3.881224765423583449e+04
4.541666666666666075e+00,3.860606251140520180e+04
4.562500000000000000e+00,3.878808936434460338e+04
4.583333333333333037e+00,3.859124768079267233e+04
4.604166666666666075e+00,3.864542873333783791e+04
4.625000000000000000e+00,3.898091189974732697e+04
4.645833333333333037e+00,4.085509171681158477e+04
4.666666666666666075e+00,3.860354344941247837e+04
4.687500000000000000e+00,3.667093098281168932e+04
4.708333333333333037e+00,3.861681690002822143e+04
4.729166666666666075e+00,3.972154308965070959e+04
4.750000000000000000e+00,3.860192571232926275e+04
4.770833333333333037e+00,3.829860569358713110e+04
4.791666666666666075e+00,3.927668318122093478e+04
4.812500000000000000e+00,3.907182325732298341e+04
4.833333333333333037e+00,3.859761416240451945e+04
4.854166666666666075e+00,3.859169286137291056e+04
4.875000000000000000e+00,3.859461261588438356e+04
4.895833333333333037e+00,3.859204631062335829e+04
4.916666666666666075e+00,3.859026428750607010e+04
4.937500000000000000e+00,3.858605840272206115e+04
4.958333333333333037e+00,3.858795544745762163e+04
4.979166666666666075e+00,3.942309912483219523e+04
5.000000000000000000e+00,3.859285522333710105e+04
5.020833333333333037e+00,3.858477609057787777e+04
5.041666666666666075e+00,3.911817890991234890e+04
5.062500000000000000e+00,3.794374926008795592e+04
5.083333333333333037e+00,3.861877206071637193e+04
5.104166666666666075e+00,3.871283861966562108e+04
5.125000000000000000e+00,3.860662271434820286e+04
5.145833333333333037e+00,3.880528092875963921e+04
5.166666666666666075e+00,3.859483502682640392e+04
5.187500000000000000e+00,3.905555981243894348e+04
5.208333333333333037e+00,3.900526426084821287e+04
5.229166666666666075e+00,3.953588576908417599e+04
5.250000000000000000e+00,3.860197005035565235e+04
5.270833333333333037e+00,3.827914024107925070e+04
5.291666666666666075e+00,3.860002073256925360e+04
5.312500000000000000e+00,3.859455144255681807e+04
5.333333333333333037e+00,3.859394739733558526e+04
5.354166666666666075e+00,3.858988223777970416e+04
5.375000000000000000e+00,3.859012904264883400e+04
5.395833333333333037e+00,3.944583016864620004e+04
5.416666666666666075e+00,3.860800307874768623e+04
5.437500000000000000e+00,3.859636668729753728e+04
5.458333333333333037e+00,3.859618232682337111e+04
5.479166666666666075e+00,3.920184537267570704e+04
5.500000000000000000e+00,3.859273103030518541e+04
5.520833333333333037e+00,3.858756715650489059e+04
5.541666666666666075e+00,3.859188664442688605e+04
5.562500000000000000e+00,3.819394465401877824e+04
5.583333333333333037e+00,3.859352811296731670e+04
5.604166666666666075e+00,3.858364195621011459e+04
5.625000000000000000e+00,3.977775746069379238e+04
5.645833333333333037e+00,3.965305121720387979e+04
5.666666666666666075e+00,3.859837820930017915e+04
5.687500000000000000e+00,3.853963293782563414e+04
5.708333333333333037e+00,3.860207945568011201e+04
5.729166666666666075e+00,3.827018628743368026e+04
5.750000000000000000e+00,3.859805089996294555e+04
5.770833333333333037e+00,3.858924126420470566e+04
5.791666666666666075e+00,3.859145977971154934e+04
5.812500000000000000e+00,3.973024646398029290e+04
5.833333333333333037e+00,3.859675332996862562e+04
5.854166666666666075e+00,3.855774028435368382e+04
5.875000000000000000e+00,3.859582609082228009e+04
5.895833333333333037e+00,3.812081863123622315e+04
5.916666666666666075e+00,3.860673623010370648e+04
5.937500000000000000e+00,3.860240463710355834e+04
5.958333333333333037e+00,3.859428258455967443e+04
5.979166666666666075e+00,3.858905626466024114e+04
6.000000000000000000e+00,3.859665209653229249e+04
6.020833333333333037e+00,3.859495570265423157e+04
6.041666666666666075e+00,3.975259795254821074e+04
6.062500000000000000e+00,3.859549430280315573e+04
6.083333333333333037e+00,3.859502241422096267e+04
6.104166666666666075e+00,3.859125779166955181e+04
6.125000000000000000e+00,3.859139171271835221e+04
6.145833333333333037e+00,3.901823590473069635e+04
6.166666666666666075e+00,3.860680104653373564e+04
6.187500000000000000e+00,3.859430586460809718e+04
6.208333333333333037e+00,3.952590599944934365e+04
6.229166666666666075e+00,3.874517380783570843e+04
6.250000000000000000e+00,3.859728143459145213e+04
6.270833333333333037e+00,3.859190229847522278e+04
6.291666666666666075e+00,3.859966749500451988e+04
6.312500000000000000e+00,3.859888081904166029e+04
6.333333333333333037e+00,3.858931855897277273e+04
6.354166666666666075e+00,3.858125263478302804e+04
6.375000000000000000e+00,3.935019891456865298e+04
6.395833333333333037e+00,4.019700143293330621e+04
6.416666666666666075e+00,3.860303662057973997e+04
6.437500000000000000e+00,3.796784437067250838e+04
6.458333333333333037e+00,3.861224683793923759e+04
6.479166666666666075e+00,3.855839456032696035e+04
6.500000000000000000e+00,3.859478035715211445e+04
6.520833333333333037e+00,3.858533737471450877e+04
6.541666666666666075e+00,3.859089188292677136e+04
6.562500000000000000e+00,3.815015279262271360e+04
6.583333333333333037e+00,3.860986790976432530e+04
6.604166666666666075e+00,3.859467104830017342e+04
6.625000000000000000e+00,3.928859197888871859e+04
6.645833333333333037e+00,3.908035668180559151e+04
6.666666666666666075e+00,3.859767717899868148e+04
6.687500000000000000e+00,3.921605773243626027e+04
6.708333333333333037e+00,3.860953762304790143e+04
6.729166666666666075e+00,3.860287043980282033e+04
6.750000000000000000e+00,3.859532175443865708e+04
6.770833333333333037e+00,3.858794998139955715e+04
6.791666666666666075e+00,3.859005370785570267e+04
6.812500000000000000e+00,3.976245708533631114e+04
6.833333333333333037e+00,3.859280546200522804e+04
6.854166666666666075e+00,3.817981024657857051e+04
6.875000000000000000e+00,3.859248512628184835e+04
6.895833333333333037e+00,3.870363300542138313e+04
6.916666666666666075e+00,3.862130595268768957e+04
6.937500000000000000e+00,3.713144719039677875e+04
6.958333333333333037e+00,3.861912335713746143e+04
6.979166666666666075e+00,4.180527621653227106e+04
7.000000000000000000e+00,3.856279045875839074e+04
7.020833333333333037e+00,3.575702078148798319e+04
7.041666666666666075e+00,3.859851950800384657e+04
7.062500000000000000e+00,4.264684831464432500e+04
7.083333333333333037e+00,3.859740482881615753e+04
7.104166666666666075e+00,3.529556026783242851e+04
7.125000000000000000e+00,3.859178342101865564e+04
7.145833333333333037e+00,4.179511769081270904e+04
7.166666666666666075e+00,3.859395296827722632e+04
7.187500000000000000e+00,3.432723679162904591e+04
7.208333333333333037e+00,3.859275121613935335e+04
7.229166666666666075e+00,4.231255470424590021e+04
7.250000000000000000e+00,3.859964412787595211e+04
7.270833333333333037e+00,3.574558777945164184e+04
7.291666666666666075e+00,3.978543549671402434e+04
7.312500000000000000e+00,4.179676383517058275e+04
7.333333333333333037e+00,3.789620914960833761e+04
7.354166666666666075e+00,3.539876357272173482e+04
7.375000000000000000e+00,3.886984537231321883e+04
7.395833333333333037e+00,4.178758085247883719e+04
7.416666666666666075e+00,3.858677858370455942e+04
7.437500000000000000e+00,3.568170698387083394e+04
7.458333333333333037e+00,3.960589760480770201e+04
7.479166666666666075e+00,4.179082527710961585e+04
7.500000000000000000e+00,3.832765759798470390e+04
7.520833333333333037e+00,3.481352836633927654e+04
7.541666666666666075e+00,3.860105925469040085e+04
7.562500000000000000e+00,4.179201785791596922e+04
7.583333333333333037e+00,3.859556881527134101e+04
7.604166666666666075e+00,3.539874619524069567e+04
7.625000000000000000e+00,3.859315850769281678e+04
7.645833333333333037e+00,4.184556789506648784e+04
7.666666666666666075e+00,3.858358266716756043e+04
7.687500000000000000e+00,3.605360844246612396e+04
7.708333333333333037e+00,3.939015789601964934e+04
7.729166666666666075e+00,4.303327513140207884e+04
7.750000000000000000e+00,3.818492300387672003e+04
7.770833333333333037e+00,3.394427530628438399e+04
7.791666666666666075e+00,3.861516738582831749e+04
7.812500000000000000e+00,4.394395705419659498e+04
7.833333333333333037e+00,3.860250426877288555e+04
7.854166666666666075e+00,3.220193877905580666e+04
7.875000000000000000e+00,3.859721825280055782e+04
7.895833333333333037e+00,4.493741095900948130e+04
7.916666666666666075e+00,3.858527451801981806e+04
7.937500000000000000e+00,3.218959202944828940e+04
7.958333333333333037e+00,3.858846173744017869e+04
7.979166666666666075e+00,4.363834970914243604e+04
8.000000000000000000e+00,3.860759693220062763e+04
8.020833333333332149e+00,3.245345313262446143e+04
8.041666666666666075e+00,3.860170573652251915e+04
8.062500000000000000e+00,4.499594960075386189e+04
8.083333333333332149e+00,3.859014746689565072e+04
8.104166666666666075e+00,3.227231161993028945e+04
8.125000000000000000e+00,3.858876230999328254e+04
8.145833333333332149e+00,4.498944397777759150e+04
8.166666666666666075e+00,3.813347812459572015e+04
8.187500000000000000e+00,3.219295066473685438e+04
8.208333333333332149e+00,3.859189666424031020e+04
8.229166666666666075e+00,4.499463862764966325e+04
8.250000000000000000e+00,3.859224076002137735e+04
8.270833333333332149e+00,3.219356667615926926e+04
8.291666666666666075e+00,3.859222473637510120e+04
8.312500000000000000e+00,4.498987138518642314e+04
8.333333333333332149e+00,3.858518607700007124e+04
8.354166666666666075e+00,3.248221090365182681e+04
8.375000000000000000e+00,3.940215077366158221e+04
8.395833333333332149e+00,4.499474048962350935e+04
8.416666666666666075e+00,3.859007579326447740e+04
8.437500000000000000e+00,3.219744698708135547e+04
8.458333333333332149e+00,3.858602258100207837e+04
8.479166666666666075e+00,4.356193574838761560e+04
8.500000000000000000e+00,3.830102913673214789e+04
8.520833333333332149e+00,3.243452622853004868e+04
8.541666666666666075e+00,3.860171670227037248e+04
8.562500000000000000e+00,4.500037524493060482e+04
8.583333333333332149e+00,3.768028526896921539e+04
8.604166666666666075e+00,3.248431536309556395e+04
8.625000000000000000e+00,3.863960448250686022e+04
8.645833333333332149e+00,4.500536916494557954e+04
8.666666666666666075e+00,3.835780396860582550e+04
8.687500000000000000e+00,3.219516428324221852e+04
8.708333333333332149e+00,3.960572853368012875e+04
8.729166666666666075e+00,4.500130785085572279e+04
8.750000000000000000e+00,3.820751428586453403e+04
8.770833333333332149e+00,3.219210630855426280e+04
8.791666666666666075e+00,3.858373013651042857e+04
8.812500000000000000e+00,4.499188363924287842e+04
8.833333333333332149e+00,3.792595829246074572e+04
8.854166666666666075e+00,3.219221227947341686e+04
8.875000000000000000e+00,3.858812340078526177e+04
8.895833333333332149e+00,4.408760470447169064e+04
8.916666666666666075e+00,3.861381562078510615e+04
8.937500000000000000e+00,3.226511173109674928e+04
8.958333333333332149e+00,3.990774166458144464e+04
8.979166666666666075e+00,4.500145459760075028e+04
9.000000000000000000e+00,3.725284802859613410e+04
9.020833333333332149e+00,3.220216142792383107e+04
9.041666666666666075e+00,4.064322973386695958e+04
9.062500000000000000e+00,4.499932636931463639e+04
9.083333333333332149e+00,3.527282537219876394e+04
9.104166666666666075e+00,3.255447458298772835e+04
9.125000000000000000e+00,4.178645697959773679e+04
9.145833333333332149e+00,4.426769340630842635e+04
9.166666666666666075e+00,3.509773479408914136e+04
9.187500000000000000e+00,3.219631161468752543e+04
9.208333333333332149e+00,4.178632628425046278e+04
9.229166666666666075e+00,4.498853916630448657e+04
9.250000000000000000e+00,3.539635709650118952e+04
9.270833333333332149e+00,3.247916911500855713e+04
9.291666666666666075e+00,4.178508294316488173e+04
9.312500000000000000e+00,4.498627786507351993e+04
9.333333333333332149e+00,3.413128846894049639e+04
9.354166666666666075e+00,3.220236751898532748e+04
9.375000000000000000e+00,4.258601669996805140e+04
9.395833333333332149e+00,4.499951632953551598e+04
9.416666666666666075e+00,3.529849673601074028e+04
9.437500000000000000e+00,3.219815655468974001e+04
9.458333333333332149e+00,4.178626486085777287e+04
9.479166666666666075e+00,4.479197318261349574e+04
9.500000000000000000e+00,3.415533620632702514e+04
9.520833333333332149e+00,3.219835952437392552e+04
9.541666666666666075e+00,4.316731395852626883e+04
9.562500000000000000e+00,4.464847148841361923e+04
9.583333333333332149e+00,3.294452753494308126e+04
9.604166666666666075e+00,3.219759679069625054e+04
9.625000000000000000e+00,4.499858248751018982e+04
9.645833333333332149e+00,4.322822306122012378e+04
9.666666666666666075e+00,3.220097950954208500e+04
9.687500000000000000e+00,3.425079977459988731e+04
9.708333333333332149e+00,4.500831874161632004e+04
9.729166666666666075e+00,4.106810665766589227e+04
9.750000000000000000e+00,3.220857670636538387e+04
9.770833333333332149e+00,3.541028133036033978e+04
9.791666666666666075e+00,4.500614885429889546e+04
9.812500000000000000e+00,4.179271444797761069e+04
9.833333333333332149e+00,3.218623266872104432e+04
9.854166666666666075e+00,3.539176931972194870e+04
9.875000000000000000e+00,4.373596921830673091e+04
9.895833333333332149e+00,4.179563065379685577e+04
9.916666666666666075e+00,3.307997119055571966e+04
9.937500000000000000e+00,3.589492513445500663e+04
9.958333333333332149e+00,4.458311526660850359e+04
9.979166666666666075e+00,4.180312017679349810e+04
1.000000000000000000e+01,3.219141767270786295e+04
1.002083333333333215e+01,3.539028988346862752e+04
1.004166666666666607e+01,4.499358464560549328e+04
1.006250000000000000e+01,4.178853758245137578e+04
1.008333333333333215e+01,3.217873860196684836e+04
1.010416666666666607e+01,3.490386581496855069e+04
1.012500000000000000e+01,4.417636534455185756e+04
1.014583333333333215e+01,4.133526092708126816e+04
1.016666666666666607e+01,3.257758682530053920e+04
1.018750000000000000e+01,3.539662646080961713e+04
1.020833333333333215e+01,4.500089815675657155e+04
1.022916666666666607e+01,4.179861970925758214e+04
1.025000000000000000e+01,3.219104796243747478e+04
1.027083333333333215e+01,3.548345387614527863e+04
1.029166666666666607e+01,4.498942482977032341e+04
1.031250000000000000e+01,4.178633563492386747e+04
1.033333333333333215e+01,3.229937415312305166e+04
1.035416666666666607e+01,3.544616694740717503e+04
1.037500000000000000e+01,4.500281299520307221e+04
1.039583333333333215e+01,4.019490220625126676e+04
1.041666666666666607e+01,3.221479583689785431e+04
1.043750000000000000e+01,3.635299076213395165e+04
1.045833333333333215e+01,4.500463305583939655e+04
1.047916666666666607e+01,4.163411695785868505e+04
1.050000000000000000e+01,3.219986011096585935e+04
1.052083333333333215e+01,3.539716910066848504e+04
1.054166666666666607e+01,4.499158858709164633e+04
1.056250000000000000e+01,4.129867542116178811e+04
1.058333333333333215e+01,3.218884603314983542e+04
1.060416666666666607e+01,3.473097063158389210e+04
1.062500000000000000e+01,4.432082345218176488e+04
1.064583333333333215e+01,4.179627558279774530e+04
1.066666666666666607e+01,3.219061037949515594e+04
1.068750000000000000e+01,3.539129061096082296e+04
1.070833333333333215e+01,4.499290446414645703e+04
1.072916666666666607e+01,4.179051740434208477e+04
1.075000000000000000e+01,3.218491297596866571e+04
1.077083333333333215e+01,3.538261248390183755e+04
1.079166666666666607e+01,4.498736874548248306e+04
1.081250000000000000e+01,4.178945516961330577e+04
1.083333333333333215e+01,3.218293661577378953e+04
1.085416666666666607e+01,3.538042753569153138e+04
1.087500000000000000e+01,4.408471870859794581e+04
1.089583333333333215e+01,4.179672135039870045e+04
1.091666666666666607e+01,3.218674490256297577e+04
1.093750000000000000e+01,3.538403771797674563e+04
1.095833333333333215e+01,4.499181480704812566e+04
1.097916666666666607e+01,4.171784029084896611e+04
1.100000000000000000e+01,3.218427076041170585e+04
1.102083333333333215e+01,3.538225192008437443e+04
1.104166666666666607e+01,4.433510025135320029e+04
1.106250000000000000e+01,4.179743295745537034e+04
1.108333333333333215e+01,3.218708899195671620e+04
1.110416666666666607e+01,3.538689429532842041e+04
1.112500000000000000e+01,4.499379913305048103e+04
1.114583333333333215e+01,4.178989872184048727e+04
1.116666666666666607e+01,3.218124020699685207e+04
1.118750000000000000e+01,3.442284661570526805e+04
1.120833333333333215e+01,4.499953088545052742e+04
1.122916666666666607e+01,4.179124536732365959e+04
1.125000000000000000e+01,3.218753111930833984e+04
1.127083333333333215e+01,3.539428669669527153e+04
1.129166666666666607e+01,4.499241092178945109e+04
1.131250000000000000e+01,4.178095580632657220e+04
1.133333333333333215e+01,3.242011327070335028e+04
1.135416666666666607e+01,3.548773112585099443e+04
1.137500000000000000e+01,4.500918019354592252e+04
1.139583333333333215e+01,4.129498039378532849e+04
1.141666666666666607e+01,3.220800758909590513e+04
1.143750000000000000e+01,3.541277255201643857e+04
1.145833333333333215e+01,4.500359867164691968e+04
1.147916666666666607e+01,4.179078542921062035e+04
1.150000000000000000e+01,3.219057262505796098e+04
1.152083333333333215e+01,3.539583250326410780e+04
1.154166666666666607e+01,4.373717051309029193e+04
1.156250000000000000e+01,4.179447962464336888e+04
1.158333333333333215e+01,3.322324503000665572e+04
1.160416666666666607e+01,3.540191073491999123e+04
1.162500000000000000e+01,4.388763145089777390e+04
1.164583333333333215e+01,4.176682999308535364e+04
1.166666666666666607e+01,3.271561517292384087e+04
1.168750000000000000e+01,3.539296938280518953e+04
1.170833333333333215e+01,4.499544307376632059e+04
1.172916666666666607e+01,4.092032160927888617e+04
1.175000000000000000e+01,3.219641845352722521e+04
1.177083333333333215e+01,3.547210731173989916e+04
1.179166666666666607e+01,4.390808253014226648e+04
1.181250000000000000e+01,4.180802759916963259e+04
1.183333333333333215e+01,3.241085635284987075e+04
1.185416666666666607e+01,3.634156847011477657e+04
1.187500000000000000e+01,4.499805823986528412e+04
1.189583333333333215e+01,4.124203442532593908e+04
1.191666666666666607e+01,3.220013050568049221e+04
1.193750000000000000e+01,3.539031493154828058e+04
1.195833333333333215e+01,4.498692574892535777e+04
1.197916666666666607e+01,4.179116122081776120e+04
1.200000000000000000e+01,3.219151107464897723e+04
1.202083333333333215e+01,3.538647424028687237e+04
1.204166666666666607e+01,4.485292268745483307e+04
1.206250000000000000e+01,4.178857857313108252e+04
1.208333333333333215e+01,3.218772072703339290e+04
1.210416666666666607e+01,3.415870574582656263e+04
1.212500000000000000e+01,4.499588159364126477e+04
1.214583333333333215e+01,4.178870026695781416e+04
1.216666666666666607e+01,3.218890516367236341e+04
1.218750000000000000e+01,3.539338427227668581e+04
1.220833333333333215e+01,4.498999324053052260e+04
1.222916666666666607e+01,4.178152427920798800e+04
1.225000000000000000e+01,3.218215401433061925e+04
1.227083333333333215e+01,3.456251374713950645e+04
1.229166666666666607e+01,4.477802769277291372e+04
1.231250000000000000e+01,4.161342072756220296e+04
1.233333333333333215e+01,3.219585348806047841e+04
1.235416666666666607e+01,3.546857252860387962e+04
1.237500000000000000e+01,4.499869901810776355e+04
1.239583333333333215e+01,4.178485373256650928e+04
1.241666666666666607e+01,3.218762089760489471e+04
1.243750000000000000e+01,3.564060028140377108e+04
1.245833333333333215e+01,4.384077106188778998e+04
1.247916666666666607e+01,4.179258370973187266e+04
1.250000000000000000e+01,3.267376433471728160e+04
1.252083333333333215e+01,3.541001239244599856e+04
1.254166666666666607e+01,4.499879595272229199e+04
1.256250000000000000e+01,4.178844925217601849e+04
1.258333333333333215e+01,3.219070899328669475e+04
1.260416666666666607e+01,3.539363657367720589e+04
1.262500000000000000e+01,4.474512120076134306e+04
1.264583333333333215e+01,4.178483183142563939e+04
1.266666666666666607e+01,3.218548917050950331e+04
1.268750000000000000e+01,3.538835644217588560e+04
1.270833333333333215e+01,4.377779644753451430e+04
1.272916666666666607e+01,4.179155731274467689e+04
1.275000000000000000e+01,3.290826551045857923e+04
1.277083333333333215e+01,3.539547988949300634e+04
1.279166666666666607e+01,4.485576147259031859e+04
1.281250000000000000e+01,4.179177024437287037e+04
1.283333333333333215e+01,3.218460027068774798e+04
1.285416666666666607e+01,3.519900858301250264e+04
1.287500000000000000e+01,4.353124885706062923e+04
1.289583333333333215e+01,4.179940193102016929e+04
1.291666666666666607e+01,3.417044702653027343e+04
1.293750000000000000e+01,3.539504813129312242e+04
1.295833333333333215e+01,4.179883600183853559e+04
1.297916666666666607e+01,4.179784344854085066e+04
1.300000000000000000e+01,3.539175646420340490e+04
1.302083333333333215e+01,3.582275692809098837e+04
1.304166666666666607e+01,4.180574080644780042e+04
1.306250000000000000e+01,4.180163202435306448e+04
1.308333333333333215e+01,3.539623206212408695e+04
1.310416666666666607e+01,3.625800706089594314e+04
1.312500000000000000e+01,4.180498614566336619e+04
1.314583333333333215e+01,4.057439768533358438e+04
1.316666666666666607e+01,3.540429035817878321e+04
1.318750000000000000e+01,3.830625139447500260e+04
1.320833333333333215e+01,4.180843504048773320e+04
1.322916666666666607e+01,3.859962681878575677e+04
1.325000000000000000e+01,3.539580693253245408e+04
1.327083333333333215e+01,3.858952118216386589e+04
1.329166666666666607e+01,4.178334455073890422e+04
1.331250000000000000e+01,4.016645593234936678e+04
1.333333333333333215e+01,3.540219139264677506e+04
1.335416666666666607e+01,3.859517616258613998e+04
1.337500000000000000e+01,4.148167898515411798e+04
1.339583333333333215e+01,3.859971377930402377e+04
1.341666666666666607e+01,3.539824184320399218e+04
1.343750000000000000e+01,3.859024298325253039e+04
1.345833333333333215e+01,4.178476158035063418e+04
1.347916666666666607e+01,3.858733197585665766e+04
1.350000000000000000e+01,3.553291752578120941e+04
1.352083333333333215e+01,3.858526437295306096e+04
1.354166666666666607e+01,4.177863019848076510e+04
1.356250000000000000e+01,3.825899561971642106e+04
1.358333333333333215e+01,3.630134645042559714e+04
1.360416666666666607e+01,3.857450961773690506e+04
1.362500000000000000e+01,4.173088711819270247e+04
1.364583333333333215e+01,3.859586362380426726e+04
1.366666666666666607e+01,3.539915219996839005e+04
1.368750000000000000e+01,3.824909016649912519e+04
1.370833333333333215e+01,4.179086265943091712e+04
1.372916666666666607e+01,3.858647894073768839e+04
1.375000000000000000e+01,3.539164978697280458e+04
1.377083333333333215e+01,3.860588534697550494e+04
1.379166666666666607e+01,4.179129757617513678e+04
1.381250000000000000e+01,3.858400863838677469e+04
1.383333333333333215e+01,3.538730008716468728e+04
1.385416666666666607e+01,3.923433437135805434e+04
1.387500000000000000e+01,4.180794975405012519e+04
1.389583333333333215e+01,3.859629487827302364e+04
1.391666666666666607e+01,3.539297724231930624e+04
1.393750000000000000e+01,3.859512183912551700e+04
1.395833333333333215e+01,4.179425077889461681e+04
1.397916666666666607e+01,3.993008168621835648e+04
1.400000000000000000e+01,3.539664177119841770e+04
1.402083333333333215e+01,3.858885252173837216e+04
1.404166666666666607e+01,4.179197682145771250e+04
1.406250000000000000e+01,3.814376373124996462e+04
1.408333333333333215e+01,3.540406056939353584e+04
1.410416666666666607e+01,3.859159640896309429e+04
1.412500000000000000e+01,4.179455073094081308e+04
1.414583333333333215e+01,3.928260147236430203e+04
1.416666666666666607e+01,3.600503415384015534e+04
1.418750000000000000e+01,3.859507549272725009e+04
1.420833333333333215e+01,4.180149607990327786e+04
1.422916666666666607e+01,3.861048289433163154e+04
1.425000000000000000e+01,3.540036616069081356e+04
1.427083333333333215e+01,3.858946087574888952e+04
1.429166666666666607e+01,4.179430998695420567e+04
1.431250000000000000e+01,3.859872503004445753e+04
1.433333333333333215e+01,3.539083562256323057e+04
1.435416666666666607e+01,3.883982620471531118e+04
1.437500000000000000e+01,4.179423510119461571e+04
1.439583333333333215e+01,3.859442861454754166e+04
1.441666666666666607e+01,3.539029017341354484e+04
1.443750000000000000e+01,3.858565979475573113e+04
1.445833333333333215e+01,4.178184887514687580e+04
1.447916666666666607e+01,3.959198575079635339e+04
1.450000000000000000e+01,3.521815189871091570e+04
1.452083333333333215e+01,3.726378674961025536e+04
1.454166666666666607e+01,4.179723436479336669e+04
1.456250000000000000e+01,4.040890533203616360e+04
1.458333333333333215e+01,3.541199401860983926e+04
1.460416666666666607e+01,3.540032245359817898e+04
1.462500000000000000e+01,4.272321743383321882e+04
1.464583333333333215e+01,4.180751078045149916e+04
1.466666666666666607e+01,3.540103882974949374e+04
1.468750000000000000e+01,3.583932111850770889e+04
1.470833333333333215e+01,4.179371940469951369e+04
1.472916666666666607e+01,4.179491724578176945e+04
1.475000000000000000e+01,3.469893441386728955e+04
1.477083333333333215e+01,3.539477641813276568e+04
1.479166666666666607e+01,4.051046092123229027e+04
1.481250000000000000e+01,4.180548997831963788e+04
1.483333333333333215e+01,3.685690162070089718e+04
1.485416666666666607e+01,3.561175871452991123e+04
1.487500000000000000e+01,4.094869096203370282e+04
1.489583333333333215e+01,4.181412945926332759e+04
1.491666666666666607e+01,3.775183762770993053e+04
1.493750000000000000e+01,3.579730907279883832e+04
1.495833333333333215e+01,3.971967892823009606e+04
1.497916666666666607e+01,4.180214376550618908e+04
1.500000000000000000e+01,3.859935427745159541e+04
1.502083333333333215e+01,3.531919913122415892e+04
1.504166666666666607e+01,3.859287654819709860e+04
1.506250000000000000e+01,4.178392078729720379e+04
1.508333333333333215e+01,3.858688993106754788e+04
1.510416666666666607e+01,3.526133877289977681e+04
1.512500000000000000e+01,3.887827758372263634e+04
1.514583333333333215e+01,4.178151150407373643e+04
1.516666666666666607e+01,3.858463874288671650e+04
1.518750000000000000e+01,3.539925229313475575e+04
1.520833333333333215e+01,4.023365995905190357e+04
1.522916666666666607e+01,4.178983401534352743e+04
1.525000000000000000e+01,3.646793145344679215e+04
1.527083333333333215e+01,3.479554488025198225e+04
1.529166666666666607e+01,4.179853308565885527e+04
1.531250000000000000e+01,4.178988869812178746e+04
1.533333333333333215e+01,3.540080537579907104e+04
1.535416666666666607e+01,3.539995830220741482e+04
1.537500000000000000e+01,4.178942025082180771e+04
1.539583333333333215e+01,4.178181661858833832e+04
1.541666666666666607e+01,3.538866707937719184e+04
1.543750000000000000e+01,3.553312235085468274e+04
1.545833333333333215e+01,4.178657420846389141e+04
1.547916666666666607e+01,4.177887625518260757e+04
1.550000000000000000e+01,3.538663405943077669e+04
1.552083333333333215e+01,3.495745714171094005e+04
1.554166666666666607e+01,4.179847514423611574e+04
1.556250000000000000e+01,4.323313825671682571e+04
1.558333333333333215e+01,3.540518977757179528e+04
1.560416666666666607e+01,3.333432512419153500e+04
1.562500000000000000e+01,4.200931898137437383e+04
1.564583333333333215e+01,4.413714284205142758e+04
1.566666666666666607e+01,3.540219730268455896e+04
1.568750000000000000e+01,3.219761674946636413e+04
1.570833333333333215e+01,4.179852979307321220e+04
1.572916666666666607e+01,4.499586445304970403e+04
1.575000000000000000e+01,3.424841502700417914e+04
1.577083333333333215e+01,3.219548895279340286e+04
1.579166666666666607e+01,4.197620388031451876e+04
1.581250000000000000e+01,4.499265788087758847e+04
1.583333333333333215e+01,3.538895012993195269e+04
1.585416666666666607e+01,3.286225066846046684e+04
1.587500000000000000e+01,4.179216147692200320e+04
1.589583333333333215e+01,4.498812633545425342e+04
1.591666666666666607e+01,3.538890685890895111e+04
1.593750000000000000e+01,3.218841004338119092e+04
1.595833333333333215e+01,4.178505386297535733e+04
1.597916666666666607e+01,4.442480652845680743e+04
1.600000000000000000e+01,3.467002877957445162e+04
1.602083333333333215e+01,3.219241838688941061e+04
1.604166666666666430e+01,4.179052583361797588e+04
1.606250000000000000e+01,4.446004956983054581e+04
1.608333333333333215e+01,3.539809028887747991e+04
1.610416666666666430e+01,3.218979642625998167e+04
1.612500000000000000e+01,4.179087760196982708e+04
1.614583333333333215e+01,4.499201793567853019e+04
1.616666666666666430e+01,3.538509837859527761e+04
1.618750000000000000e+01,3.218034464906520225e+04
1.620833333333333215e+01,4.178559805396538286e+04
1.622916666666666430e+01,4.462681763727219368e+04
1.625000000000000000e+01,3.402920793548567599e+04
1.627083333333333215e+01,3.219165752796311426e+04
1.629166666666666430e+01,4.285890501728418894e+04
1.631250000000000000e+01,4.500841304552437941e+04
1.633333333333333215e+01,3.403122385078747175e+04
1.635416666666666430e+01,3.219654502667172346e+04
1.637500000000000000e+01,4.279179120920688729e+04
1.639583333333333215e+01,4.500585602510213357e+04
1.641666666666666430e+01,3.437705663778851158e+04
1.643750000000000000e+01,3.219464786634113989e+04
1.645833333333333215e+01,4.179455137846400612e+04
1.647916666666666430e+01,4.499450788298038242e+04
1.650000000000000000e+01,3.538730025900904002e+04
1.652083333333333215e+01,3.218429127362229337e+04
1.654166666666666430e+01,4.178762295022860781e+04
1.656250000000000000e+01,4.498724832578119822e+04
1.658333333333333215e+01,3.538352273661367508e+04
1.660416666666666430e+01,3.218364196857165371e+04
1.662500000000000000e+01,4.178551924848751514e+04
1.664583333333333215e+01,4.478185782050243870e+04
1.666666666666666430e+01,3.410441512828085979e+04
1.668750000000000000e+01,3.219492094043655379e+04
1.670833333333333215e+01,4.225187296046587289e+04
1.672916666666666430e+01,4.499452858324003319e+04
1.675000000000000000e+01,3.539261400160021003e+04
1.677083333333333215e+01,3.218944969049197607e+04
1.679166666666666430e+01,4.178413648618340085e+04
1.681250000000000000e+01,4.498410035927354329e+04
1.683333333333333215e+01,3.391853147202340188e+04
1.685416666666666430e+01,3.219583910186690628e+04
1.687500000000000000e+01,4.301745243299497815e+04
1.689583333333333215e+01,4.481844178504843876e+04
1.691666666666666430e+01,3.351889591796814057e+04
1.693750000000000000e+01,3.220669269494626860e+04
1.695833333333333215e+01,4.472140595653969649e+04
1.697916666666666430e+01,4.373226296683499822e+04
1.700000000000000000e+01,3.220597559448620450e+04
1.702083333333333215e+01,3.307754931195924291e+04
1.704166666666666430e+01,4.500382304335162917e+04
1.706250000000000000e+01,4.298599894356058940e+04
1.708333333333333215e+01,3.221014975587614026e+04
1.710416666666666430e+01,3.233714133897886495e+04
1.712500000000000000e+01,4.499969757386154379e+04
1.714583333333333215e+01,4.499405129318705440e+04
1.716666666666666430e+01,3.218890426851980737e+04
1.718750000000000000e+01,3.218289388120039439e+04
1.720833333333333215e+01,4.498762935945350910e+04
1.722916666666666430e+01,4.197634451667410758e+04
1.725000000000000000e+01,3.221337022620011339e+04
1.727083333333333215e+01,3.417529848008814588e+04
1.729166666666666430e+01,4.501274019606148067e+04
1.731250000000000000e+01,4.180309506005414005e+04
1.733333333333333215e+01,3.219305349319231391e+04
1.735416666666666430e+01,3.539122565067588584e+04
1.737500000000000000e+01,4.499308128265300184e+04
1.739583333333333215e+01,4.179068375831980666e+04
1.741666666666666430e+01,3.218576012128486036e+04
1.743750000000000000e+01,3.660461719488349627e+04
1.745833333333333215e+01,4.500947581644025195e+04
1.747916666666666430e+01,4.171506586675197468e+04
1.750000000000000000e+01,3.219444303563589710e+04
1.752083333333333215e+01,3.522746734274306073e+04
1.754166666666666430e+01,4.359862018348250422e+04
1.756250000000000000e+01,4.064132369745368487e+04
1.758333333333333215e+01,3.388492046994074917e+04
1.760416666666666430e+01,3.613879528177878092e+04
1.762500000000000000e+01,4.180887687135505985e+04
1.764583333333333215e+01,4.231506345837092522e+04
1.766666666666666430e+01,3.569759487455752969e+04
1.768750000000000000e+01,3.663574330214929068e+04
1.770833333333333215e+01,4.181842059565490490e+04
1.772916666666666430e+01,4.152561178510889295e+04
1.775000000000000000e+01,3.557054951211883599e+04
1.777083333333333215e+01,3.574655581174422696e+04
1.779166666666666430e+01,4.180995646004453738e+04
1.781250000000000000e+01,4.033095495914638013e+04
1.783333333333333215e+01,3.541348299390552711e+04
1.785416666666666430e+01,3.818012882924298174e+04
1.787500000000000000e+01,4.156590095085850044e+04
1.789583333333333215e+01,3.866662944810870977e+04
1.791666666666666430e+01,3.540329808722766757e+04
1.793750000000000000e+01,3.859340875958152174e+04
1.795833333333333215e+01,4.179215880397158617e+04
1.797916666666666430e+01,3.859206185568787623e+04
1.800000000000000000e+01,3.567005708203156246e+04
1.802083333333333215e+01,3.858298696457160986e+04
1.804166666666666430e+01,4.178633745236015966e+04
1.806250000000000000e+01,3.896924614187748375e+04
1.808333333333333215e+01,3.661784276973689703e+04
1.810416666666666430e+01,3.859076055290739168e+04
1.812500000000000000e+01,4.128545712273497338e+04
1.814583333333333215e+01,3.860403227432434505e+04
1.816666666666666430e+01,3.539302613438804838e+04
1.818750000000000000e+01,3.858661225288065179e+04
1.820833333333333215e+01,4.179011724302270886e+04
1.822916666666666430e+01,3.859237781078425905e+04
1.825000000000000000e+01,3.683800420377125556e+04
1.827083333333333215e+01,3.859109814370859385e+04
1.829166666666666430e+01,4.037554691957237810e+04
1.831250000000000000e+01,3.860163680131098954e+04
1.833333333333333215e+01,3.824130462115986302e+04
1.835416666666666430e+01,3.823356825302864308e+04
1.837500000000000000e+01,3.859459866100541694e+04
1.839583333333333215e+01,3.859066638301139756e+04
1.841666666666666430e+01,3.858800250746023812e+04
1.843750000000000000e+01,3.858163583139122784e+04
1.845833333333333215e+01,3.951672072753472457e+04
1.847916666666666430e+01,3.939712853358338907e+04
1.850000000000000000e+01,3.861601484588412859e+04
1.852083333333333215e+01,3.831695612254164007e+04
1.854166666666666430e+01,3.860571130717129563e+04
1.856250000000000000e+01,3.859784673763839237e+04
1.858333333333333215e+01,3.859358700026320730e+04
1.860416666666666430e+01,3.858861528924989398e+04
1.862500000000000000e+01,3.858694400260638213e+04
1.864583333333333215e+01,3.908931135545712459e+04
1.866666666666666430e+01,3.859140106073138304e+04
1.868750000000000000e+01,3.858824013036500401e+04
1.870833333333333215e+01,3.858808302936430118e+04
1.872916666666666430e+01,3.923186638619447331e+04
1.875000000000000000e+01,3.859345110006325558e+04
1.877083333333333215e+01,3.858937471905087295e+04
1.879166666666666430e+01,3.859280656661559624e+04
1.881250000000000000e+01,3.990863898323610192e+04
1.883333333333333215e+01,3.860070933095136570e+04
1.885416666666666430e+01,3.693782434716826538e+04
1.887500000000000000e+01,3.860380603504295141e+04
1.889583333333333215e+01,4.305926025027019932e+04
1.891666666666666430e+01,3.830557236974920670e+04
1.893750000000000000e+01,3.357064558000786928e+04
1.895833333333333215e+01,3.860741215844243561e+04
1.897916666666666430e+01,4.449747646113141673e+04
1.900000000000000000e+01,3.723211839289521595e+04
1.902083333333333215e+01,3.220794830718414232e+04
1.904166666666666430e+01,4.022181516366276628e+04
1.906250000000000000e+01,4.500310036837094958e+04
1.908333333333333215e+01,3.556715900233844877e+04
1.910416666666666430e+01,3.312108353639186680e+04
1.912500000000000000e+01,4.179286686098308564e+04
1.914583333333333215e+01,4.354298822924409615e+04
1.916666666666666430e+01,3.497093690922514361e+04
1.918750000000000000e+01,3.219790913395825555e+04
1.920833333333333215e+01,4.179442988262334984e+04
1.922916666666666430e+01,4.499748286726558581e+04
1.925000000000000000e+01,3.539513699378544698e+04
1.927083333333333215e+01,3.218818308399178568e+04
1.929166666666666430e+01,4.178447336930384336e+04
1.931250000000000000e+01,4.498615542944348272e+04
1.933333333333333215e+01,3.538818846789472445e+04
1.935416666666666430e+01,3.291261064353155234e+04
1.937500000000000000e+01,4.178400325381074072e+04
1.939583333333333215e+01,4.455584434282268921e+04
1.941666666666666430e+01,3.466678125413288217e+04
1.943750000000000000e+01,3.219633436402609368e+04
1.945833333333333215e+01,4.179131180952645082e+04
1.947916666666666430e+01,4.465407268814046984e+04
1.950000000000000000e+01,3.539533223891859961e+04
1.952083333333333215e+01,3.218923749295235757e+04
1.954166666666666430e+01,4.178941731629999413e+04
1.956250000000000000e+01,4.498865751114887826e+04
1.958333333333333215e+01,3.538319781109182077e+04
1.960416666666666430e+01,3.218349444614485037e+04
1.962500000000000000e+01,4.178971505744915339e+04
1.964583333333333215e+01,4.486591605113603146e+04
1.966666666666666430e+01,3.538286925183277344e+04
1.968750000000000000e+01,3.220182570004320951e+04
1.970833333333333215e+01,4.179348300703929272e+04
1.972916666666666430e+01,4.495058131910189695e+04
1.975000000000000000e+01,3.395954638442847499e+04
1.977083333333333215e+01,3.219022021516826862e+04
1.979166666666666430e+01,4.292702008971779287e+04
1.981250000000000000e+01,4.426686869931533147e+04
1.983333333333333215e+01,3.366041344494689110e+04
1.985416666666666430e+01,3.220403000056081510e+04
1.987500000000000000e+01,4.413211837797691987e+04
1.989583333333333215e+01,4.478632624222008599e+04
1.991666666666666430e+01,3.220211862990909867e+04
1.993750000000000000e+01,3.219374795230901873e+04
1.995833333333333215e+01,4.499434371240869223e+04
1.997916666666666430e+01,4.499065378673925443e+04
2.000000000000000000e+01,3.218942209169184935e+04
2.002083333333333215e+01,3.218563177719074520e+04
2.004166666666666430e+01,4.430838892330366070e+04
2.006250000000000000e+01,4.409920472216628696e+04
2.008333333333333215e+01,3.220934813559370014e+04
2.010416666666666430e+01,3.220465519519742156e+04
2.012500000000000000e+01,4.500203209549259918e+04
2.014583333333333215e+01,4.490189266572694760e+04
2.016666666666666430e+01,3.220219702154201514e+04
2.018750000000000000e+01,3.219785753008205938e+04
2.020833333333333215e+01,4.476062993003372685e+04
2.022916666666666430e+01,4.253195258654333884e+04
2.025000000000000000e+01,3.221977488343501318e+04
2.027083333333333215e+01,3.360911255897489900e+04
2.029166666666666430e+01,4.500907609218436119e+04
2.031250000000000000e+01,4.136352965638534806e+04
2.033333333333333215e+01,3.280417940095046652e+04
2.035416666666666430e+01,3.633144506518272829e+04
2.037500000000000000e+01,4.491398553640069440e+04
2.039583333333333215e+01,4.180601056042519485e+04
2.041666666666666430e+01,3.219511460307684683e+04
2.043750000000000000e+01,3.428242505962046562e+04
2.045833333333333215e+01,4.500188025637600367e+04
2.047916666666666430e+01,4.163533150373151148e+04
2.050000000000000000e+01,3.219458397093266467e+04
2.052083333333333215e+01,3.618431600135484769e+04
2.054166666666666430e+01,4.500083455594516272e+04
2.056250000000000000e+01,4.147237600816370832e+04
2.058333333333333215e+01,3.220112652595844702e+04
2.060416666666666430e+01,3.540494439063797472e+04
2.062500000000000000e+01,4.376290789279109595e+04
2.064583333333333215e+01,4.179828083147277357e+04
2.066666666666666430e+01,3.280858236287390901e+04
2.068750000000000000e+01,3.540566120258039882e+04
2.070833333333333215e+01,4.500083168660815136e+04
2.072916666666666430e+01,4.072085838888202852e+04
2.075000000000000000e+01,3.219163160319544841e+04
2.077083333333333215e+01,3.595071180917170568e+04
2.079166666666666430e+01,4.374074698236268159e+04
2.081250000000000000e+01,4.180093342622279306e+04
2.083333333333333215e+01,3.315714676098484779e+04
2.085416666666666430e+01,3.540084046335731546e+04
2.087500000000000000e+01,4.413142939324415056e+04
2.089583333333333215e+01,4.179832249027211219e+04
2.091666666666666430e+01,3.219171784343836771e+04
2.093750000000000000e+01,3.539019630198946106e+04
2.095833333333333215e+01,4.498770593797058973e+04
2.097916666666666430e+01,4.178544276485842420e+04
2.100000000000000000e+01,3.218632825754147416e+04
2.102083333333333215e+01,3.605124176173885644e+04
2.104166666666666430e+01,4.498787597183472826e+04
2.106250000000000000e+01,4.178756856224400690e+04
2.108333333333333215e+01,3.219063745897408080e+04
2.110416666666666430e+01,3.534031474641524255e+04
2.112500000000000000e+01,4.340314555641923653e+04
2.114583333333333215e+01,4.179370844070282328e+04
2.116666666666666430e+01,3.403627542780039221e+04
2.118750000000000000e+01,3.539800888187108649e+04
2.120833333333333215e+01,4.179350805239679175e+04
2.122916666666666430e+01,4.178926507164174836e+04
2.125000000000000000e+01,3.538802392038897233e+04
2.127083333333333215e+01,3.574563607348621008e+04
2.129166666666666430e+01,4.179582684596398030e+04
2.131250000000000000e+01,4.179098783675452432e+04
2.133333333333333215e+01,3.538905836894825188e+04
2.135416666666666430e+01,3.589981269293883088e+04
2.137500000000000000e+01,4.179395760463256738e+04
2.139583333333333215e+01,4.178637021363568783e+04
2.141666666666666430e+01,3.506280794854003034e+04
2.143750000000000000e+01,3.502845569522368896e+04
2.145833333333333215e+01,4.180960401102262404e+04
2.147916666666666430e+01,4.255368424826452247e+04
2.150000000000000000e+01,3.577670268652473897e+04
2.152083333333333215e+01,3.611137264662823873e+04
2.154166666666666430e+01,4.180363313361338078e+04
2.156250000000000000e+01,4.146168404370312783e+04
2.158333333333333215e+01,3.540505100199478329e+04
2.160416666666666430e+01,3.446546771489473758e+04
2.162500000000000000e+01,4.179748051568887604e+04
2.164583333333333215e+01,4.178974816378989635e+04
2.166666666666666430e+01,3.539677454656661575e+04
2.168750000000000000e+01,3.539483836774335941e+04
2.170833333333333215e+01,4.178704975365189603e+04
2.172916666666666430e+01,4.178031854385672341e+04
2.175000000000000000e+01,3.576765016101930814e+04
2.177083333333333215e+01,3.630261514653768972e+04
2.179166666666666430e+01,4.179313710559446918e+04
2.181250000000000000e+01,4.147055748765655881e+04
2.183333333333333215e+01,3.539578259416815854e+04
2.185416666666666430e+01,3.467552453007913573e+04
2.187500000000000000e+01,4.179363244059745193e+04
2.189583333333333215e+01,4.178713714384231571e+04
2.191666666666666430e+01,3.538985270362729352e+04
2.193750000000000000e+01,3.603809244225900329e+04
2.195833333333333215e+01,4.179863232946414792e+04
2.197916666666666430e+01,4.178839758307690499e+04
2.200000000000000000e+01,3.537841255671380350e+04
2.202083333333333215e+01,3.529799495131458389e+04
2.204166666666666430e+01,4.180284512738470949e+04
2.206250000000000000e+01,4.214916840604691970e+04
2.208333333333333215e+01,3.541218163397663739e+04
2.210416666666666430e+01,3.539930984720287233e+04
2.212500000000000000e+01,4.131478792894139769e+04
2.214583333333333215e+01,4.179851626851641049e+04
2.216666666666666430e+01,3.539317760638931941e+04
2.218750000000000000e+01,3.588048412035125511e+04
2.220833333333333215e+01,4.179882073743743240e+04
2.222916666666666430e+01,4.179215615508853807e+04
2.225000000000000000e+01,3.538489735182747972e+04
2.227083333333333215e+01,3.539086502386861684e+04
2.229166666666666430e+01,4.265496197404142004e+04
2.231250000000000000e+01,4.178955164378179325e+04
2.233333333333333215e+01,3.538357051784703071e+04
2.235416666666666430e+01,3.539705172702560958e+04
2.237500000000000000e+01,4.080235984323437879e+04
2.239583333333333215e+01,4.179757590859790071e+04
2.241666666666666430e+01,3.527552289673966152e+04
2.243750000000000000e+01,3.613411964512856503e+04
2.245833333333333215e+01,4.181908521274007944e+04
2.247916666666666430e+01,4.180619756204718578e+04
2.250000000000000000e+01,3.539625989461947756e+04
2.252083333333333215e+01,3.539533501020231051e+04
2.254166666666666430e+01,4.179106224735685100e+04
2.256250000000000000e+01,4.179040471053612418e+04
2.258333333333333215e+01,3.553908301119270618e+04
2.260416666666666430e+01,3.538654561592951359e+04
2.262500000000000000e+01,4.178263536384944746e+04
2.264583333333333215e+01,4.178916282017967023e+04
2.266666666666666430e+01,3.620660234085786215e+04
2.268750000000000000e+01,3.539228045301229577e+04
2.270833333333333215e+01,4.179023830692018964e+04
2.272916666666666430e+01,4.179903779788188695e+04
2.275000000000000000e+01,3.539741435886659019e+04
2.277083333333333215e+01,3.539313568508804019e+04
2.279166666666666430e+01,4.088796192347813485e+04
2.281250000000000000e+01,4.179641457607663324e+04
2.283333333333333215e+01,3.538962427448490780e+04
2.285416666666666430e+01,3.666094418058234442e+04
2.287500000000000000e+01,4.191175336419188534e+04
2.289583333333333215e+01,4.175036047808908916e+04
2.291666666666666430e+01,3.576045133855989843e+04
2.293750000000000000e+01,3.539667746580809762e+04
2.295833333333333215e+01,4.191451857977720647e+04
2.297916666666666430e+01,4.089949619894753414e+04
2.300000000000000000e+01,3.540452322092319082e+04
2.302083333333333215e+01,3.540288982706944807e+04
2.304166666666666430e+01,4.179808492591612594e+04
2.306250000000000000e+01,4.179131906667282601e+04
2.308333333333333215e+01,3.538548320347257686e+04
2.310416666666666430e+01,3.668439197350192262e+04
2.312500000000000000e+01,4.181613743778390926e+04
2.314583333333333215e+01,4.180131249147112248e+04
2.316666666666666430e+01,3.539084524047832383e+04
2.318750000000000000e+01,3.539638103586898796e+04
2.320833333333333215e+01,4.154256420458656794e+04
2.322916666666666430e+01,4.152890649038142146e+04
2.325000000000000000e+01,3.538912880911753746e+04
2.327083333333333215e+01,3.539580974623905058e+04
2.329166666666666430e+01,4.179445175654442573e+04
2.331250000000000000e+01,4.178768424429166771e+04
2.333333333333333215e+01,3.517421876907406113e+04
2.335416666666666430e+01,3.539127270867159677e+04
2.337500000000000000e+01,4.125776437599320343e+04
2.339583333333333215e+01,4.179577721911124536e+04
2.341666666666666430e+01,3.489212138696821785e+04
2.343750000000000000e+01,3.540312703575719934e+04
2.345833333333333215e+01,4.180129818389527645e+04
2.347916666666666430e+01,4.180517990944036865e+04
2.350000000000000000e+01,3.540357164117889624e+04
2.352083333333333215e+01,3.635428656625568692e+04
2.354166666666666430e+01,4.181042541335099668e+04
2.356250000000000000e+01,4.240018411426756938e+04
2.358333333333333215e+01,3.579379073290418455e+04
2.360416666666666430e+01,3.540298253538260178e+04
2.362500000000000000e+01,4.179514514545456041e+04
2.364583333333333215e+01,4.180291998362572485e+04
2.366666666666666430e+01,3.540059062779782835e+04
2.368750000000000000e+01,3.539402257839567756e+04
2.370833333333333215e+01,4.272323950145054550e+04
2.372916666666666430e+01,4.180061207780813857e+04
2.375000000000000000e+01,3.539746532400893193e+04
2.377083333333333215e+01,3.539750988762569614e+04
2.379166666666666430e+01,4.139148823443112633e+04
2.381250000000000000e+01,4.179493754047394032e+04
2.383333333333333215e+01,3.476219243212664878e+04
2.385416666666666430e+01,3.539554709798598196e+04
2.387500000000000000e+01,4.179057733870785887e+04
2.389583333333333215e+01,4.178738460216178646e+04
2.391666666666666430e+01,3.538266198102561611e+04
2.393750000000000000e+01,3.626555869962986617e+04
2.395833333333333215e+01,4.132448735146925901e+04
2.397916666666666430e+01,4.179912723084317258e+04
2.400000000000000000e+01,3.539060199270456360e+04
2.402083333333333215e+01,3.539777062720164395e+04
2.404166666666666430e+01,4.179659297571890784e+04
2.406250000000000000e+01,4.178767178694134054e+04
2.408333333333333215e+01,3.538190037306882004e+04
2.410416666666666430e+01,3.539128196539263445e+04
2.412500000000000000e+01,4.179165550154342782e+04
2.414583333333333215e+01,4.178422009064619488e+04
2.416666666666666430e+01,3.537927628306892439e+04
2.418750000000000000e+01,3.538781582070419245e+04
2.420833333333333215e+01,4.227321328342922789e+04
2.422916666666666430e+01,4.178955707562255702e+04
2.425000000000000000e+01,3.577584073202580475e+04
2.427083333333333215e+01,3.539512537753630750e+04
2.429166666666666430e+01,4.179264250511440332e+04
2.431250000000000000e+01,4.179437012631943071e+04
2.433333333333333215e+01,3.539291104524052207e+04
2.435416666666666430e+01,3.662817090492138959e+04
2.437500000000000000e+01,4.180645087440560746e+04
2.439583333333333215e+01,4.124286824258253910e+04
2.441666666666666430e+01,3.495018112768980791e+04
2.443750000000000000e+01,3.539896737696629862e+04
2.445833333333333215e+01,4.179026555696861033e+04
2.447916666666666430e+01,4.116006578305948642e+04
2.450000000000000000e+01,3.541853799481461465e+04
2.452083333333333215e+01,3.539923719735552004e+04
2.454166666666666430e+01,4.178893008409936010e+04
2.456250000000000000e+01,4.179955731156621914e+04
2.458333333333333215e+01,3.552395535583075252e+04
2.460416666666666430e+01,3.539004790808587859e+04
2.462500000000000000e+01,4.257887870341732196e+04
2.464583333333333215e+01,4.179903033336299268e+04
2.466666666666666430e+01,3.539768886737713183e+04
2.468750000000000000e+01,3.693353915476702969e+04
2.470833333333333215e+01,4.181441170311192400e+04
2.472916666666666430e+01,4.124662526405791141e+04
2.475000000000000000e+01,3.495829726549992483e+04
2.477083333333333215e+01,3.540641740572268463e+04
2.479166666666666430e+01,4.179615177292760927e+04
2.481250000000000000e+01,4.179417864728364657e+04
2.483333333333333215e+01,3.538886707232154731e+04
2.485416666666666430e+01,3.522139187790849246e+04
2.487500000000000000e+01,4.059852734701118607e+04
2.489583333333333215e+01,4.179818462379464472e+04
2.491666666666666430e+01,3.662007236906636535e+04
2.493750000000000000e+01,3.540811192486601067e+04
2.495833333333333215e+01,4.055513819633184175e+04
2.497916666666666430e+01,4.180408097762558464e+04
2.500000000000000000e+01,3.679368375404203834e+04
2.502083333333333215e+01,3.540921434616899205e+04
2.504166666666666430e+01,4.007594617819126870e+04
2.506250000000000000e+01,4.180292281553704379e+04
2.508333333333333215e+01,3.859684420262065396e+04
2.510416666666666430e+01,3.537667026101211377e+04
2.512500000000000000e+01,3.925087666778828861e+04
2.514583333333333215e+01,4.180044703510795807e+04
2.516666666666666430e+01,3.859869680709770182e+04
2.518750000000000000e+01,3.550760219771468837e+04
2.520833333333333215e+01,3.860064901437986555e+04
2.522916666666666430e+01,4.300855553555771621e+04
2.525000000000000000e+01,3.859525162884180463e+04
2.527083333333333215e+01,3.446641741240362899e+04
2.529166666666666430e+01,3.860486635674968420e+04
2.531250000000000000e+01,4.199090171871428902e+04
2.533333333333333215e+01,3.858639349191338988e+04
2.535416666666666430e+01,3.539296171008957754e+04
2.537500000000000000e+01,4.034998446151009557e+04
2.539583333333333215e+01,4.180029422354747658e+04
2.541666666666666430e+01,3.586023835792246246e+04
2.543750000000000000e+01,3.619257019703154219e+04
2.545833333333333215e+01,4.180319776985748467e+04
2.547916666666666430e+01,4.180085159218599438e+04
2.550000000000000000e+01,3.539713861835889111e+04
2.552083333333333215e+01,3.539254992103061522e+04
2.554166666666666430e+01,4.179714903456098546e+04
2.556250000000000000e+01,4.179456847457432741e+04
2.558333333333333215e+01,3.457379467795803066e+04
2.560416666666666430e+01,3.593274457367495779e+04
2.562500000000000000e+01,4.181833280745467346e+04
2.564583333333333215e+01,4.180728117869616835e+04
2.566666666666666430e+01,3.540032324788395636e+04
2.568750000000000000e+01,3.539410417916518054e+04
2.570833333333333215e+01,4.179393939560621948e+04
2.572916666666666430e+01,4.178360262491214962e+04
2.575000000000000000e+01,3.539119788590509415e+04
2.577083333333333215e+01,3.508537690221150842e+04
2.579166666666666430e+01,4.180528189935456612e+04
2.581250000000000000e+01,4.255462515781952970e+04
2.583333333333333215e+01,3.542289250040263141e+04
2.585416666666666430e+01,3.352527716712486290e+04
2.587500000000000000e+01,4.180608695146285027e+04
2.589583333333333215e+01,4.342971087725629332e+04
2.591666666666666430e+01,3.541088461069096957e+04
2.593750000000000000e+01,3.489961616437741759e+04
2.595833333333333215e+01,4.133433940124891524e+04
2.597916666666666430e+01,4.180029386291886476e+04
2.600000000000000000e+01,3.539521821170900512e+04
2.602083333333333215e+01,3.539124221091360232e+04
2.604166666666666430e+01,4.178628626742364577e+04
2.606250000000000000e+01,4.178763058423684561e+04
2.608333333333333215e+01,3.581046846247217036e+04
2.610416666666666430e+01,3.663561602439551643e+04
2.612500000000000000e+01,4.280866252435240312e+04
2.614583333333333215e+01,4.181185968252120801e+04
2.616666666666666430e+01,3.528233707703376422e+04
2.618750000000000000e+01,3.540356026912954985e+04
2.620833333333333215e+01,4.179657145033152483e+04
2.622916666666666430e+01,4.120134219102809584e+04
2.625000000000000000e+01,3.489738813615941035e+04
2.627083333333333215e+01,3.540163217072541011e+04
2.629166666666666430e+01,4.179199032214115869e+04
2.631250000000000000e+01,4.179497939079035859e+04
2.633333333333333215e+01,3.539264912130855373e+04
2.635416666666666430e+01,3.538623429876422597e+04
2.637500000000000000e+01,4.178138124814136972e+04
2.639583333333333215e+01,4.178849445606534573e+04
2.641666666666666430e+01,3.546746523317154788e+04
2.643750000000000000e+01,3.688468355581298965e+04
2.645833333333333215e+01,4.180732375822769973e+04
2.647916666666666430e+01,4.119110395473852259e+04
2.650000000000000000e+01,3.541324104615497345e+04
2.652083333333333215e+01,3.539803313771938701e+04
2.654166666666666430e+01,4.178752656507105712e+04
2.656250000000000000e+01,4.179367009152572427e+04
2.658333333333333215e+01,3.514268801796030311e+04
2.660416666666666430e+01,3.538692967765987851e+04
2.662500000000000000e+01,4.178126673533616849e+04
2.664583333333333215e+01,4.179149193534132064e+04
2.666666666666666430e+01,3.539268249007248960e+04
2.668750000000000000e+01,3.538524617351951019e+04
2.670833333333333215e+01,4.178071859886135644e+04
2.672916666666666430e+01,4.178940563409822789e+04
2.675000000000000000e+01,3.539007313312710903e+04
2.677083333333333215e+01,3.604629821668037766e+04
2.679166666666666430e+01,4.179609571550038527e+04
2.681250000000000000e+01,4.179646617947044433e+04
2.683333333333333215e+01,3.539260495793176960e+04
2.685416666666666430e+01,3.539000572020505206e+04
2.687500000000000000e+01,4.178661528500726854e+04
2.689583333333333215e+01,4.178635107385460287e+04
2.691666666666666430e+01,3.538315305720832112e+04
2.693750000000000000e+01,3.538772434202806471e+04
2.695833333333333215e+01,4.225277973766349896e+04
2.697916666666666430e+01,4.178739045324389735e+04
2.700000000000000000e+01,3.538286098034335737e+04
2.702083333333333215e+01,3.597048151789374242e+04
2.704166666666666430e+01,4.180623825028477586e+04
2.706250000000000000e+01,4.179386937734291132e+04
2.708333333333333215e+01,3.538604930974632589e+04
2.710416666666666430e+01,3.539579070926205895e+04
2.712500000000000000e+01,4.179623019371335249e+04
2.714583333333333215e+01,4.178674464461609750e+04
2.716666666666666430e+01,3.538092456117370602e+04
2.718750000000000000e+01,3.539208529036349501e+04
2.720833333333333215e+01,4.179352629387211346e+04
2.722916666666666430e+01,4.178557766421130509e+04
2.725000000000000000e+01,3.538051573159194231e+04
2.727083333333333215e+01,3.598565557200185140e+04
2.729166666666666430e+01,4.180387720304916729e+04
2.731250000000000000e+01,4.179438848754351784e+04
2.733333333333333215e+01,3.538767559244165750e+04
2.735416666666666430e+01,3.539132428700644232e+04
2.737500000000000000e+01,4.178931272221043037e+04
2.739583333333333215e+01,4.178857720725417312e+04
2.741666666666666430e+01,3.538632748933195398e+04
2.743750000000000000e+01,3.538479970878731547e+04
2.745833333333333215e+01,4.178116857657162473e+04
2.747916666666666430e+01,4.178892012942423025e+04
2.750000000000000000e+01,3.634240339929785114e+04
2.752083333333333215e+01,3.564933314842209802e+04
2.754166666666666430e+01,4.135728833328784094e+04
2.756250000000000000e+01,4.180818283115133818e+04
2.758333333333333215e+01,3.479485984136045590e+04
2.760416666666666430e+01,3.562330266302528617e+04
2.762500000000000000e+01,4.179747962768835714e+04
2.764583333333333215e+01,4.180720542915535043e+04
2.766666666666666430e+01,3.540524598762622918e+04
2.768750000000000000e+01,3.555744963763366832e+04
2.770833333333333215e+01,4.146516760805811646e+04
2.772916666666666430e+01,4.179931967108201934e+04
2.775000000000000000e+01,3.539387438315253530e+04
2.777083333333333215e+01,3.567508285585423437e+04
2.779166666666666430e+01,4.318666225303661486e+04
2.781250000000000000e+01,4.179923403748815326e+04
2.783333333333333215e+01,3.362513086484756786e+04
2.785416666666666430e+01,3.527659349308830133e+04
2.787500000000000000e+01,4.385067363129586738e+04
2.789583333333333215e+01,4.124489783502544742e+04
2.791666666666666430e+01,3.260600155649468797e+04
2.793750000000000000e+01,3.541331229954209266e+04
2.795833333333333215e+01,4.500592454318684759e+04
2.797916666666666430e+01,4.179285789496427606e+04
2.800000000000000000e+01,3.218947866032639286e+04
2.802083333333333215e+01,3.539342653429477650e+04
2.804166666666666430e+01,4.482964457211733679e+04
2.806250000000000000e+01,4.178165465754101024e+04
2.808333333333333215e+01,3.218228142134996597e+04
2.810416666666666430e+01,3.538587468726927182e+04
2.812500000000000000e+01,4.383537091334057914e+04
2.814583333333333215e+01,4.178934908918177098e+04
2.816666666666666430e+01,3.289469913209709921e+04
2.818750000000000000e+01,3.579521023980036989e+04
2.820833333333333215e+01,4.499883702221159911e+04
2.822916666666666430e+01,4.178962748340521648e+04
2.825000000000000000e+01,3.219281521651468211e+04
2.827083333333333215e+01,3.531026969989485224e+04
2.829166666666666430e+01,4.358296333439530281e+04
2.831250000000000000e+01,4.179383045355576905e+04
2.833333333333333215e+01,3.379952045998256654e+04
2.835416666666666430e+01,3.540366268807078450e+04
2.837500000000000000e+01,4.179555801449417777e+04
2.839583333333333215e+01,4.258509162214597018e+04
2.841666666666666430e+01,3.539588884286566463e+04
2.843750000000000000e+01,3.522600305468506849e+04
2.845833333333333215e+01,4.179333775325674651e+04
2.847916666666666430e+01,4.178789784960489487e+04
2.850000000000000000e+01,3.497279650718060293e+04
2.852083333333333215e+01,3.547657979946242267e+04
2.854166666666666430e+01,4.181261090094152314e+04
2.856250000000000000e+01,4.219803118930431083e+04
2.858333333333333215e+01,3.540174652585214062e+04
2.860416666666666430e+01,3.579290891679926426e+04
2.862500000000000000e+01,4.179376976652817393e+04
2.864583333333333215e+01,4.178640902552377520e+04
2.866666666666666430e+01,3.538953391223071230e+04
2.868750000000000000e+01,3.517181140868480725e+04
2.870833333333333215e+01,4.179797636581656843e+04
2.872916666666666430e+01,4.179157633663120941e+04
2.875000000000000000e+01,3.539623542134188028e+04
2.877083333333333215e+01,3.539272632607488049e+04
2.879166666666666430e+01,4.178882576321005763e+04
2.881250000000000000e+01,4.178487213587133010e+04
2.883333333333333215e+01,3.538646761709445127e+04
2.885416666666666430e+01,3.583356680127823347e+04
2.887500000000000000e+01,4.179413907370818924e+04
2.889583333333333215e+01,4.178640388268169045e+04
2.891666666666666430e+01,3.571217411113006528e+04
2.893750000000000000e+01,3.506755694778155885e+04
2.895833333333333215e+01,4.180335726513008558e+04
2.897916666666666430e+01,4.210105464598097024e+04
2.900000000000000000e+01,3.541500187085060315e+04
2.902083333333333215e+01,3.406310012112212280e+04
2.904166666666666430e+01,4.181419512515869428e+04
2.906250000000000000e+01,4.500331478825573140e+04
2.908333333333333215e+01,3.539885408697439561e+04
2.910416666666666430e+01,3.219175152142009756e+04
2.912500000000000000e+01,4.178616242219303240e+04
2.914583333333333215e+01,4.296525136247320188e+04
2.916666666666666430e+01,3.540306704389983497e+04
2.918750000000000000e+01,3.219418369537934268e+04
2.920833333333333215e+01,4.179478553170745727e+04
2.922916666666666430e+01,4.499730505678793998e+04
2.925000000000000000e+01,3.539287349057675601e+04
2.927083333333333215e+01,3.218790617958060466e+04
2.929166666666666430e+01,4.178655953685086570e+04
2.931250000000000000e+01,4.498613337450510153e+04
2.933333333333333215e+01,3.538664914516156568e+04
2.935416666666666430e+01,3.309277280342535960e+04
2.937500000000000000e+01,4.178811842906895617e+04
2.939583333333333215e+01,4.490595941280378611e+04
2.941666666666666430e+01,3.386045652147114015e+04
2.943750000000000000e+01,3.219645080978344049e+04
2.945833333333333215e+01,4.324699997941615584e+04
2.947916666666666430e+01,4.381714362837258523e+04
2.950000000000000000e+01,3.221705200406058793e+04
2.952083333333333215e+01,3.386828064079608157e+04
2.954166666666666430e+01,4.500897378879174357e+04
2.956250000000000000e+01,4.393040199568514799e+04
2.958333333333333215e+01,3.220089454906393803e+04
2.960416666666666430e+01,3.219096700286050327e+04
2.962500000000000000e+01,4.454878494043917453e+04
2.964583333333333215e+01,4.409039409751791391e+04
2.966666666666666430e+01,3.219718308595656345e+04
2.968750000000000000e+01,3.244482569778421021e+04
2.970833333333333215e+01,4.499655499881967989e+04
2.972916666666666430e+01,4.499196519844185241e+04
2.975000000000000000e+01,3.219196018821652251e+04
2.977083333333333215e+01,3.218861641918123496e+04
2.979166666666666430e+01,4.492914096979930036e+04
2.981250000000000000e+01,4.289132418002100894e+04
2.983333333333333215e+01,3.221855895067534220e+04
2.985416666666666430e+01,3.273300977379554024e+04
2.987500000000000000e+01,4.501122480556253140e+04
2.989583333333333215e+01,4.337561471812777745e+04
2.991666666666666430e+01,3.220194911186907848e+04
2.993750000000000000e+01,3.398441239840474009e+04
2.995833333333333215e+01,4.465143761726786033e+04
2.997916666666666430e+01,4.087991304677089647e+04
3.000000000000000000e+01,3.251087881756333809e+04
3.002083333333333215e+01,3.636420367843940767e+04
3.004166666666666430e+01,4.500968609025890328e+04
3.006250000000000000e+01,4.180345658179539168e+04
3.008333333333333215e+01,3.219246176675167590e+04
3.010416666666666430e+01,3.538464919099045073e+04
3.012500000000000000e+01,4.498878464806770353e+04
3.014583333333333215e+01,4.127752020969372097e+04
3.016666666666666430e+01,3.219025672929664142e+04
3.018750000000000000e+01,3.546621460276651487e+04
3.020833333333333215e+01,4.390469692076880892e+04
3.022916666666666430e+01,4.180169990898681863e+04
3.025000000000000000e+01,3.219377636630093184e+04
3.027083333333333215e+01,3.591063503000666242e+04
3.029166666666666430e+01,4.499693139028007863e+04
3.031250000000000000e+01,4.179231058821877377e+04
3.033333333333333215e+01,3.219202535430510397e+04
3.035416666666666430e+01,3.593958448315813439e+04
3.037500000000000000e+01,4.498862006136897980e+04
3.039583333333333215e+01,4.178803911405869439e+04
3.041666666666666430e+01,3.219446661017629231e+04
3.043750000000000000e+01,3.539527115472308651e+04
3.045833333333333215e+01,4.396234134716464177e+04
3.047916666666666430e+01,4.179189662518570549e+04
3.050000000000000000e+01,3.219570738286464621e+04
3.052083333333333215e+01,3.539746428658073273e+04
3.054166666666666430e+01,4.498938414449068659e+04
3.056250000000000000e+01,4.178525226740539802e+04
3.058333333333333215e+01,3.218954366324211514e+04
3.060416666666666430e+01,3.539130367684653902e+04
3.062500000000000000e+01,4.498697384838014113e+04
3.064583333333333215e+01,4.178301005455804989e+04
3.066666666666666430e+01,3.218257528530661148e+04
3.068750000000000000e+01,3.441508947176497895e+04
3.070833333333333215e+01,4.499713327419743291e+04
3.072916666666666430e+01,4.102929307424543367e+04
3.075000000000000000e+01,3.219126144103388287e+04
3.077083333333333215e+01,3.539537771599351254e+04
3.079166666666666430e+01,4.499955658810506429e+04
3.081250000000000000e+01,4.179081999664696923e+04
3.083333333333333215e+01,3.218245521099531470e+04
3.085416666666666430e+01,3.482990986995789717e+04
3.087500000000000000e+01,4.447803542570122227e+04
3.089583333333333215e+01,4.179547021631866664e+04
3.091666666666666430e+01,3.219148201688454719e+04
3.093750000000000000e+01,3.562606790543202806e+04
3.095833333333333215e+01,4.499827308386655932e+04
3.097916666666666430e+01,4.178933443598006852e+04
3.100000000000000000e+01,3.218877748121042168e+04
3.102083333333333215e+01,3.539111820995497692e+04
3.104166666666666430e+01,4.498580134735514002e+04
3.106250000000000000e+01,4.178183011769304721e+04
3.108333333333333215e+01,3.218687828748924585e+04
3.110416666666666430e+01,3.595397597958204278e+04
3.112500000000000000e+01,4.498886306061950745e+04
3.114583333333333215e+01,4.172616304093397775e+04
3.116666666666666430e+01,3.219396196932777821e+04
3.118750000000000000e+01,3.493991231844736467e+04
3.120833333333333215e+01,4.418991831065966107e+04
3.122916666666666430e+01,4.179114359861477715e+04
3.125000000000000000e+01,3.219400514826741346e+04
3.127083333333333215e+01,3.539237339987997257e+04
3.129166666666666430e+01,4.484486557182068645e+04
3.131250000000000000e+01,4.051581802601558593e+04
3.133333333333333215e+01,3.219653424617884593e+04
3.135416666666666430e+01,3.683003182123068837e+04
3.137500000000000000e+01,4.500097849162069178e+04
3.139583333333333215e+01,3.973458328090550640e+04
3.141666666666666430e+01,3.220318461229154855e+04
3.143750000000000000e+01,3.859675273707430460e+04
3.145833333333333215e+01,4.499058442003519303e+04
3.147916666666666430e+01,3.825025330887974269e+04
3.150000000000000000e+01,3.219465951220410352e+04
3.152083333333333215e+01,3.859171510361281253e+04
3.154166666666666430e+01,4.431884086149172799e+04
3.156250000000000000e+01,3.859588189847530884e+04
3.158333333333333215e+01,3.277527571807095228e+04
3.160416666666666430e+01,3.860154177080137742e+04
3.162500000000000000e+01,4.499855459704108216e+04
3.164583333333333215e+01,3.795819044977535668e+04
3.166666666666666430e+01,3.292720404529698135e+04
3.168750000000000000e+01,3.860989408877786627e+04
3.170833333333333215e+01,4.451195992514854879e+04
3.172916666666666430e+01,3.860259949413083086e+04
3.175000000000000000e+01,3.219554868206948959e+04
3.177083333333333215e+01,3.859392895433395461e+04
3.179166666666666430e+01,4.499059266121512337e+04
3.181250000000000000e+01,3.858834443763848685e+04
3.183333333333333215e+01,3.218459386522541536e+04
3.185416666666666430e+01,3.858987706314321258e+04
3.187500000000000000e+01,4.454900040800215356e+04
3.189583333333333215e+01,3.859066166359140334e+04
3.191666666666666430e+01,3.218754168649748317e+04
3.193750000000000000e+01,3.859665731485883589e+04
3.195833333333333215e+01,4.499720067575913708e+04
3.197916666666666430e+01,3.859097427722033899e+04
3.200000000000000000e+01,3.218680798848290215e+04
3.202083333333332860e+01,3.859435851465437736e+04
3.204166666666666430e+01,4.499406079860077443e+04
3.206250000000000000e+01,3.727509124256938230e+04
3.208333333333332860e+01,3.220967301310757830e+04
3.210416666666666430e+01,3.860585908943369577e+04
3.212500000000000000e+01,4.499880249790624657e+04
3.214583333333332860e+01,3.859255114570110891e+04
3.216666666666666430e+01,3.309492105438972067e+04
3.218750000000000000e+01,3.965688437288421846e+04
3.220833333333332860e+01,4.428712657540637156e+04
3.222916666666666430e+01,3.861272079572397342e+04
3.225000000000000000e+01,3.220362984922802207e+04
3.227083333333332860e+01,3.860403949823274161e+04
3.229166666666666430e+01,4.479702961987300660e+04
3.231250000000000000e+01,3.703052956561691826e+04
3.233333333333332860e+01,3.229734537380161782e+04
3.235416666666666430e+01,3.923259789822862513e+04
3.237500000000000000e+01,4.443993638083238329e+04
3.239583333333332860e+01,3.860821448338260234e+04
3.241666666666666430e+01,3.334212109091393359e+04
3.243750000000000000e+01,3.860372437346949300e+04
3.245833333333332860e+01,4.413194348160882510e+04
3.247916666666666430e+01,3.860400563078469713e+04
3.250000000000000000e+01,3.231782730462564359e+04
3.252083333333332860e+01,3.859040958137703274e+04
3.254166666666666430e+01,4.498218022667913465e+04
3.256250000000000000e+01,3.859000388022458355e+04
3.258333333333332860e+01,3.358058907296510733e+04
3.260416666666666430e+01,3.859472026917943003e+04
3.262500000000000000e+01,4.498913177214736788e+04
3.264583333333332860e+01,3.796436731192218576e+04
3.266666666666666430e+01,3.221477600777172847e+04
3.268750000000000000e+01,3.860169341205147794e+04
3.270833333333332860e+01,4.469570008590316866e+04
3.272916666666666430e+01,3.859684873258524021e+04
3.275000000000000000e+01,3.219009043709730395e+04
3.277083333333332860e+01,3.851291194890961924e+04
3.279166666666666430e+01,4.355969036399962351e+04
3.281250000000000000e+01,3.859680663156052469e+04
3.283333333333332860e+01,3.231649539370416824e+04
3.285416666666666430e+01,3.860239462519769586e+04
3.287500000000000000e+01,4.499989357637977082e+04
3.289583333333332860e+01,3.819220313879716559e+04
3.291666666666666430e+01,3.292843191659563308e+04
3.293750000000000000e+01,3.860359864918454696e+04
3.295833333333332860e+01,4.499816589853537880e+04
3.297916666666666430e+01,3.859236192250437307e+04
3.300000000000000000e+01,3.218691830166359068e+04
3.302083333333332860e+01,3.858996115057534189e+04
3.304166666666666430e+01,4.498819148245381075e+04
3.306250000000000000e+01,3.800054255456206738e+04
3.308333333333332860e+01,3.219448088223459854e+04
3.310416666666666430e+01,3.859343383264300792e+04
3.312500000000000000e+01,4.468209083342830854e+04
3.314583333333332860e+01,3.859003493372386583e+04
3.316666666666666430e+01,3.281147186371628050e+04
3.318750000000000000e+01,3.859395157034483418e+04
3.320833333333332860e+01,4.499165470890822326e+04
3.322916666666666430e+01,3.859237603600668081e+04
3.325000000000000000e+01,3.218941241301212358e+04
3.327083333333332860e+01,3.859058512910263380e+04
3.329166666666666430e+01,4.498892443785642536e+04
3.331250000000000000e+01,3.858814175208103552e+04
3.333333333333332860e+01,3.218462701442115576e+04
3.335416666666666430e+01,3.858795329518334620e+04
3.337500000000000000e+01,4.435664423185178021e+04
3.339583333333332860e+01,3.764136534401959216e+04
3.341666666666666430e+01,3.220526611018989206e+04
3.343750000000000000e+01,3.860196211912734725e+04
3.345833333333332860e+01,4.499518856957688695e+04
3.347916666666666430e+01,3.859229075379268761e+04
3.350000000000000000e+01,3.269916838059102156e+04
3.352083333333332860e+01,3.859261539342795731e+04
3.354166666666666430e+01,4.498878285790126392e+04
3.356250000000000000e+01,3.859298207740717771e+04
3.358333333333332860e+01,3.219174192891984785e+04
3.360416666666666430e+01,3.858808183995071886e+04
3.362500000000000000e+01,4.498421336027201323e+04
3.364583333333332860e+01,3.859053417553836334e+04
3.366666666666666430e+01,3.219030735867498515e+04
3.368750000000000000e+01,3.858534566537058708e+04
3.370833333333332860e+01,4.498099578290777572e+04
3.372916666666666430e+01,3.858888036414937960e+04
3.375000000000000000e+01,3.250363123762783653e+04
3.377083333333332860e+01,3.858727593138725206e+04
3.379166666666666430e+01,4.498298906511984387e+04
3.381250000000000000e+01,3.859060786536565865e+04
3.383333333333332860e+01,3.219034924215635692e+04
3.385416666666666430e+01,3.858693127611091768e+04
3.387500000000000000e+01,4.492536175563279539e+04
3.389583333333332860e+01,3.742535148186696460e+04
3.391666666666666430e+01,3.220916275181489618e+04
3.393750000000000000e+01,3.860317333174034138e+04
3.395833333333332860e+01,4.386484483539378562e+04
3.397916666666666430e+01,3.860394624029353145e+04
3.400000000000000000e+01,3.317264804276396899e+04
3.402083333333332860e+01,3.894179667856543529e+04
3.404166666666666430e+01,4.497644170090871921e+04
3.406250000000000000e+01,3.859883681209421047e+04
3.408333333333332860e+01,3.219047332055708102e+04
3.410416666666666430e+01,3.859423610550216836e+04
3.412500000000000000e+01,4.478261172553117649e+04
3.414583333333332860e+01,3.858853046830051608e+04
3.416666666666666430e+01,3.218364297154177257e+04
3.418750000000000000e+01,3.859327399977509049e+04
3.420833333333332860e+01,4.499437246172883169e+04
3.422916666666666430e+01,3.858587648745407932e+04
3.425000000000000000e+01,3.218051712322237654e+04
3.427083333333332860e+01,3.859151308338052331e+04
3.429166666666666430e+01,4.445634809189354564e+04
3.431250000000000000e+01,3.727894340217514400e+04
3.433333333333332860e+01,3.221093538843372880e+04
3.435416666666666430e+01,3.861114467759113177e+04
3.437500000000000000e+01,4.500487122299509792e+04
3.439583333333332860e+01,3.859684180005630333e+04
3.441666666666666430e+01,3.332945264791786758e+04
3.443750000000000000e+01,3.961013135057256295e+04
3.445833333333332860e+01,4.432510104953430709e+04
3.447916666666666430e+01,3.861992492835300072e+04
3.450000000000000000e+01,3.220805644801930612e+04
3.452083333333332860e+01,3.860138454902610101e+04
3.454166666666666430e+01,4.499408810362657823e+04
3.456250000000000000e+01,3.701448715018083749e+04
3.458333333333332860e+01,3.222280147044496698e+04
3.460416666666666430e+01,3.925516841167799430e+04
3.462500000000000000e+01,4.500727351323031326e+04
3.464583333333332860e+01,3.860951621927832457e+04
3.466666666666666430e+01,3.291418361120598274e+04
3.468750000000000000e+01,3.859727979112343019e+04
3.470833333333332860e+01,4.498842296190813067e+04
3.472916666666666430e+01,3.860185149342392833e+04
3.475000000000000000e+01,3.220236953929001902e+04
3.477083333333332860e+01,3.858962622137498693e+04
3.479166666666666430e+01,4.498281655963448429e+04
3.481250000000000000e+01,3.843367376011372835e+04
3.483333333333332860e+01,3.219730674962379635e+04
3.485416666666666430e+01,3.858875625167048565e+04
3.487500000000000000e+01,4.393649472368477291e+04
3.489583333333332860e+01,3.790237104825424467e+04
3.491666666666666430e+01,3.260916281756681201e+04
3.493750000000000000e+01,3.860303331227547460e+04
3.495833333333332860e+01,4.499274447360085469e+04
3.497916666666666430e+01,3.859340401789774478e+04
3.500000000000000000e+01,3.219058836878074726e+04
3.502083333333332860e+01,3.858719671850228769e+04
3.504166666666666430e+01,4.498286515942141705e+04
3.506250000000000000e+01,3.858623504973493255e+04
3.508333333333332860e+01,3.218539850476918218e+04
3.510416666666666430e+01,3.858446190636942629e+04
3.512500000000000000e+01,4.498161037225212203e+04
3.514583333333332860e+01,3.858485870820078708e+04
3.516666666666666430e+01,3.218412371614315634e+04
3.518750000000000000e+01,3.858422281128034956e+04
3.520833333333332860e+01,4.498193283754027652e+04
3.522916666666666430e+01,3.763062533477440593e+04
3.525000000000000000e+01,3.220297791826399043e+04
3.527083333333332860e+01,3.859707692920917179e+04
3.529166666666666430e+01,4.499087757781151595e+04
3.531250000000000000e+01,3.858993602385197300e+04
3.533333333333332860e+01,3.218667134154726955e+04
3.535416666666666430e+01,3.858729335368423199e+04
3.537500000000000000e+01,4.498516191806342977e+04
3.539583333333332860e+01,3.858545466452152323e+04
3.541666666666666430e+01,3.218332409010943229e+04
3.543750000000000000e+01,3.858614043597933778e+04
3.545833333333332860e+01,4.498518810720958572e+04
3.547916666666666430e+01,3.858475459506740299e+04
3.550000000000000000e+01,3.218248028185941075e+04
3.552083333333332860e+01,3.858666726449043927e+04
3.554166666666666430e+01,4.498633227236676612e+04
3.556250000000000000e+01,3.858480806520537590e+04
3.558333333333332860e+01,3.218215100119103954e+04
3.560416666666666430e+01,3.858751204117172892e+04
3.562500000000000000e+01,4.488114031628083467e+04
3.564583333333332860e+01,3.858664302675781073e+04
3.566666666666666430e+01,3.218388623653443210e+04
3.568750000000000000e+01,3.858975204677355214e+04
3.570833333333332860e+01,4.498974466910529009e+04
3.572916666666666430e+01,3.714632590413420985e+04
3.575000000000000000e+01,3.221092224925843038e+04
3.577083333333332860e+01,3.887045640388987522e+04
3.579166666666666430e+01,4.500630173901056696e+04
3.581250000000000000e+01,3.859820042679845210e+04
3.583333333333332860e+01,3.219116686800106618e+04
3.585416666666666430e+01,3.861304414172624820e+04
3.587500000000000000e+01,4.499152227037705597e+04
3.589583333333332860e+01,3.858845072592068755e+04
3.591666666666666430e+01,3.218459271306493974e+04
3.593750000000000000e+01,3.858806824978417717e+04
3.595833333333332860e+01,4.498690883437010052e+04
3.597916666666666430e+01,3.858541870670270873e+04
3.600000000000000000e+01,3.220063569073560939e+04
3.602083333333332860e+01,3.855966019438536023e+04
3.604166666666666430e+01,4.404814409634361800e+04
3.606250000000000000e+01,3.906003309960730985e+04
3.608333333333332860e+01,3.279469540097800200e+04
3.610416666666666430e+01,3.861014286452771921e+04
3.612500000000000000e+01,4.500749438735139120e+04
3.614583333333332860e+01,3.888679299796946725e+04
3.616666666666666430e+01,3.313352240356584662e+04
3.618750000000000000e+01,3.860980466871526733e+04
3.620833333333332860e+01,4.353632866425697284e+04
3.622916666666666430e+01,3.831081347617797292e+04
3.625000000000000000e+01,3.248655926454386281e+04
3.627083333333332860e+01,3.860188015207060380e+04
3.629166666666666430e+01,4.499260766136847087e+04
3.631250000000000000e+01,3.813533920637915435e+04
3.633333333333332860e+01,3.220114097432396738e+04
3.635416666666666430e+01,3.859281213395054510e+04
3.637500000000000000e+01,4.498573385643533402e+04
3.639583333333332860e+01,3.859088444111544959e+04
3.641666666666666430e+01,3.249904369255585698e+04
3.643750000000000000e+01,3.858833779634911480e+04
3.645833333333332860e+01,4.498395373290115094e+04
3.647916666666666430e+01,3.820101848703187716e+04
3.650000000000000000e+01,3.220113852258479892e+04
3.652083333333332860e+01,3.859339201562996459e+04
3.654166666666666430e+01,4.498774557379548787e+04
3.656250000000000000e+01,3.859262162522636208e+04
3.658333333333332860e+01,3.219128923647316333e+04
3.660416666666666430e+01,3.858890129307035386e+04
3.662500000000000000e+01,4.498599032786516909e+04
3.664583333333332860e+01,3.824682365806181770e+04
3.666666666666666430e+01,3.219334838183598549e+04
3.668750000000000000e+01,3.859345747618928726e+04
3.670833333333332860e+01,4.499096524074691843e+04
3.672916666666666430e+01,3.858569268487478257e+04
3.675000000000000000e+01,3.218025216063270636e+04
3.677083333333332860e+01,3.834023418200306332e+04
3.679166666666666430e+01,4.409587494152972795e+04
3.681250000000000000e+01,3.803370419578304427e+04
3.683333333333332860e+01,3.257200746335473377e+04
3.685416666666666430e+01,3.861286177464739012e+04
3.687500000000000000e+01,4.500848625316689140e+04
3.689583333333332860e+01,3.859497549165614328e+04
3.691666666666666430e+01,3.218739382256761019e+04
3.693750000000000000e+01,3.859531690235240967e+04
3.695833333333332860e+01,4.499432143014110625e+04
3.697916666666666430e+01,3.858819901657098671e+04
3.700000000000000000e+01,3.225711026585689251e+04
3.702083333333332860e+01,3.858816204776329687e+04
3.704166666666666430e+01,4.498552949632331001e+04
3.706250000000000000e+01,3.839205670442647533e+04
3.708333333333332860e+01,3.320335988889586588e+04
3.710416666666666430e+01,3.859542083519700827e+04
3.712500000000000000e+01,4.469953106604310597e+04
3.714583333333332860e+01,3.835638007899891090e+04
3.716666666666666430e+01,3.265689159815691528e+04
3.718750000000000000e+01,3.859769823985230323e+04
3.720833333333332860e+01,4.499048251643196272e+04
3.722916666666666430e+01,3.858225444372992933e+04
3.725000000000000000e+01,3.219380466505685399e+04
3.727083333333332860e+01,3.842288838819406374e+04
3.729166666666666430e+01,4.413218898333734978e+04
3.731250000000000000e+01,3.784383070696687355e+04
3.733333333333332860e+01,3.221156451070104595e+04
3.735416666666666430e+01,3.860365235263319482e+04
3.737500000000000000e+01,4.499474896051235555e+04
3.739583333333332860e+01,3.859704539131919591e+04
3.741666666666666430e+01,3.313881893642712384e+04
3.743750000000000000e+01,3.859485310696236411e+04
3.745833333333332860e+01,4.485533631024142960e+04
3.747916666666666430e+01,3.859420233135487797e+04
3.750000000000000000e+01,3.219167142486280500e+04
3.752083333333332860e+01,3.858629351320241403e+04
3.754166666666666430e+01,4.450687218590678094e+04
3.756250000000000000e+01,3.859073669286572112e+04
3.758333333333332860e+01,3.218894226331136451e+04
3.760416666666666430e+01,3.858740240405481745e+04
3.762500000000000000e+01,4.498387042318048043e+04
3.764583333333332860e+01,3.858716002352595387e+04
3.766666666666666430e+01,3.218642700368392980e+04
3.768750000000000000e+01,3.858529305965750245e+04
3.770833333333332860e+01,4.498218461517798278e+04
3.772916666666666430e+01,3.797400678296395199e+04
3.775000000000000000e+01,3.219917511823429595e+04
3.777083333333332860e+01,3.859285107682889065e+04
3.779166666666666430e+01,4.498666783079853485e+04
3.781250000000000000e+01,3.858996671091539611e+04
3.783333333333332860e+01,3.218867482330096755e+04
3.785416666666666430e+01,3.858500158567505423e+04
3.787500000000000000e+01,4.498088453804434539e+04
3.789583333333332860e+01,3.858718395792326919e+04
3.791666666666666430e+01,3.218749485524911870e+04
3.793750000000000000e+01,3.858292750159705611e+04
3.795833333333332860e+01,4.497866270346678357e+04
3.797916666666666430e+01,3.745387428398512566e+04
3.800000000000000000e+01,3.224131994745142583e+04
3.802083333333332860e+01,3.859709136315906653e+04
3.804166666666666430e+01,4.498737601234367321e+04
3.806250000000000000e+01,3.859475301762886374e+04
3.808333333333332860e+01,3.264317077070555388e+04
3.810416666666666430e+01,3.926748207216539595e+04
3.812500000000000000e+01,4.500102667438767094e+04
3.814583333333332860e+01,3.860549641321230592e+04
3.816666666666666430e+01,3.220193350836403260e+04
3.818750000000000000e+01,3.859477938402342988e+04
3.820833333333332860e+01,4.498964003250683163e+04
3.822916666666666430e+01,3.838862626917997113e+04
3.825000000000000000e+01,3.219217947359006575e+04
3.827083333333332860e+01,3.823484846994614782e+04
3.829166666666666430e+01,4.422000366746410145e+04
3.831250000000000000e+01,3.772877748884653556e+04
3.833333333333332860e+01,3.220866052979929736e+04
3.835416666666666430e+01,3.860897559755098337e+04
3.837500000000000000e+01,4.500281477430052473e+04
3.839583333333332860e+01,4.054569805433286820e+04
3.841666666666666430e+01,3.604610309175973089e+04
3.843750000000000000e+01,4.233603674665810104e+04
3.845833333333332860e+01,4.905782542544772878e+04
3.847916666666666430e+01,4.278160788406854408e+04
3.850000000000000000e+01,3.637709945354382944e+04
3.852083333333332860e+01,4.270257401708921680e+04
3.854166666666666430e+01,4.873971242706263729e+04
3.856250000000000000e+01,4.242422310930801177e+04
3.858333333333332860e+01,3.585433622097389161e+04
3.860416666666666430e+01,4.208669536303036875e+04
3.862500000000000000e+01,4.831291583643006015e+04
3.864583333333332860e+01,4.174382633675798570e+04
3.866666666666666430e+01,3.631032793636909628e+04
3.868750000000000000e+01,4.143499283279808878e+04
3.870833333333332860e+01,4.656824216590276774e+04
3.872916666666666430e+01,4.101774404569462786e+04
3.875000000000000000e+01,3.461119721975036373e+04
3.877083333333332860e+01,4.088394839386556851e+04
3.879166666666666430e+01,4.715791710814100952e+04
3.881250000000000000e+01,3.953881273902190878e+04
3.883333333333332860e+01,3.414753442493180046e+04
3.885416666666666430e+01,4.043788494526125578e+04
3.887500000000000000e+01,4.673250961683060450e+04
3.889583333333332860e+01,4.024073568629263900e+04
3.891666666666666430e+01,3.377477478273081942e+04
3.893750000000000000e+01,4.031990594161114132e+04
3.895833333333332860e+01,4.638673796079627209e+04
3.897916666666666430e+01,4.015430513150728075e+04
3.900000000000000000e+01,3.461693689735641965e+04
3.902083333333332860e+01,3.979399227407286526e+04
3.904166666666666430e+01,4.467960639546305174e+04
3.906250000000000000e+01,3.968828952201012726e+04
3.908333333333332860e+01,3.536676760694514087e+04
3.910416666666666430e+01,3.957763291516288882e+04
3.912500000000000000e+01,4.272792422055438510e+04
3.914583333333332860e+01,3.947993176025032881e+04
3.916666666666666430e+01,3.659433141273020738e+04
3.918750000000000000e+01,3.938580597088058130e+04
3.920833333333332860e+01,4.254988705226284219e+04
3.922916666666666430e+01,3.931699067921840469e+04
3.925000000000000000e+01,3.708983128883386962e+04
3.927083333333332860e+01,3.923084999152668752e+04
3.929166666666666430e+01,4.238063009446517390e+04
3.931250000000000000e+01,3.914309302724363806e+04
3.933333333333332860e+01,3.590567700173342746e+04
3.935416666666666430e+01,3.907332291792079195e+04
3.937500000000000000e+01,4.224867655654079135e+04
3.939583333333332860e+01,3.902704793426506512e+04
3.941666666666666430e+01,3.580812127323112509e+04
3.943750000000000000e+01,3.899052460551205877e+04
3.945833333333332860e+01,4.217027256410512928e+04
3.947916666666666430e+01,3.895404653444758878e+04
3.950000000000000000e+01,3.659877523615776590e+04
3.952083333333332860e+01,3.786448641779871105e+04
3.954166666666666430e+01,4.213026237089584902e+04
3.956250000000000000e+01,3.955713477876249817e+04
3.958333333333332860e+01,3.572471473341761885e+04
3.960416666666666430e+01,3.890710399911741843e+04
3.962500000000000000e+01,4.208504498410259839e+04
3.964583333333332860e+01,3.887169347584404750e+04
3.966666666666666430e+01,3.566894395557387179e+04
3.968750000000000000e+01,3.885930010434960423e+04
3.970833333333332860e+01,4.002814630320215656e+04
3.972916666666666430e+01,3.559122160962854105e+04
3.975000000000000000e+01,3.167548629656792036e+04
3.977083333333332860e+01,3.078990500964017701e+04
3.979166666666666430e+01,3.460919389486536966e+04
3.981250000000000000e+01,3.409639821762773499e+04
3.983333333333332860e+01,3.541864792608230346e+04
3.985416666666666430e+01,3.640256923167884815e+04
3.987500000000000000e+01,3.797159841669431626e+04
3.989583333333332860e+01,3.668372628775793419e+04
3.991666666666666430e+01,3.498119532258925028e+04
3.993750000000000000e+01,3.760452434918103972e+04
3.995833333333332860e+01,4.429416588771408715e+04
3.997916666666666430e+01,3.844528057158950833e+04
4.000000000000000000e+01,3.510732036778963811e+04
4.002083333333332860e+01,3.868779000068175083e+04
4.004166666666666430e+01,4.271066448522396240e+04
4.006250000000000000e+01,4.219565795826110843e+04
4.008333333333332860e+01,3.566187810638518567e+04
4.010416666666666430e+01,3.480914063058336615e+04
4.012500000000000000e+01,4.428054997916935099e+04
4.014583333333332860e+01,4.549923723071917630e+04
4.016666666666666430e+01,3.379262666129608988e+04
4.018750000000000000e+01,3.362943786187982914e+04
4.020833333333332860e+01,4.565604862244275137e+04
4.022916666666666430e+01,4.401568002508438803e+04
4.025000000000000000e+01,3.295115855917496083e+04
4.027083333333332860e+01,3.293136410816582793e+04
4.029166666666666430e+01,4.562026377438292548e+04
4.031250000000000000e+01,4.554512369303064042e+04
4.033333333333332860e+01,3.273902456145095857e+04
4.035416666666666430e+01,3.266594729755662047e+04
4.037500000000000000e+01,4.376563220830997307e+04
4.039583333333332860e+01,4.490614535262105346e+04
4.041666666666666430e+01,3.232305821124453360e+04
4.043750000000000000e+01,3.223196920022781705e+04
4.045833333333332860e+01,4.420699000420421362e+04
4.047916666666666430e+01,4.242774607880566327e+04
4.050000000000000000e+01,3.204926412481958687e+04
4.052083333333332860e+01,3.198574513394364476e+04
4.054166666666666430e+01,4.472325163733010413e+04
4.056250000000000000e+01,4.345449864227563376e+04
4.058333333333332860e+01,3.187661492691575040e+04
4.060416666666666430e+01,3.184911753711895653e+04
4.062500000000000000e+01,4.462924513285514695e+04
4.064583333333332860e+01,4.374340849152761803e+04
4.066666666666666430e+01,3.183811419408048459e+04
4.068750000000000000e+01,3.183863523202627402e+04
4.070833333333332860e+01,4.464684325773260207e+04
4.072916666666666430e+01,4.264031377154988149e+04
4.075000000000000000e+01,3.190267119758266199e+04
4.077083333333332860e+01,3.229509654431195668e+04
4.079166666666666430e+01,4.473498386168565776e+04
4.081250000000000000e+01,4.475096248162271513e+04
4.083333333333332860e+01,3.196829394611371026e+04
4.085416666666666430e+01,3.197833703615195918e+04
4.087500000000000000e+01,4.468114506810312014e+04
4.089583333333332860e+01,4.332756120201559679e+04
4.091666666666666430e+01,3.203824856558433748e+04
4.093750000000000000e+01,3.363638269797295652e+04
4.095833333333332860e+01,4.440886886749460973e+04
4.097916666666666430e+01,4.109566248687421466e+04
4.100000000000000000e+01,3.259620948682448943e+04
4.102083333333332860e+01,3.607144277152002178e+04
4.104166666666666430e+01,4.475755303396839008e+04
4.106250000000000000e+01,4.265911093500482821e+04
4.108333333333332860e+01,3.185436311012781516e+04
4.110416666666666430e+01,2.973764004265345648e+04
4.112500000000000000e+01,3.880351527789676766e+04
4.114583333333332860e+01,4.052380646282881935e+04
4.116666666666666430e+01,2.929236311259735885e+04
4.118750000000000000e+01,2.884093391435508602e+04
4.120833333333332860e+01,4.197123536425825296e+04
4.122916666666666430e+01,4.060282207657009712e+04
4.125000000000000000e+01,2.999703690643168011e+04
4.127083333333332860e+01,3.120328052855903661e+04
4.129166666666666430e+01,4.052377694922575029e+04
4.131250000000000000e+01,4.247663110204484110e+04
4.133333333333332860e+01,3.291198926529535674e+04
4.135416666666666430e+01,3.121935366330576653e+04
4.137500000000000000e+01,3.775839520270409412e+04
4.139583333333332860e+01,4.427599405768982979e+04
4.141666666666666430e+01,3.501966013529957127e+04
4.143750000000000000e+01,3.433925420639642107e+04
4.145833333333332860e+01,4.046721035341756942e+04
4.147916666666666430e+01,3.938043321976967854e+04
4.150000000000000000e+01,3.518527537085235963e+04
4.152083333333332860e+01,3.526117763229238335e+04
4.154166666666666430e+01,4.176407260905213479e+04
4.156250000000000000e+01,3.857135347612577607e+04
4.158333333333332860e+01,3.539771901405383687e+04
4.160416666666666430e+01,3.866891901460708323e+04
4.162500000000000000e+01,4.186544769592730154e+04
4.164583333333332860e+01,3.930526856920339924e+04
4.166666666666666430e+01,3.648444472931178461e+04
4.168750000000000000e+01,3.889919459513123729e+04
4.170833333333332860e+01,4.163501702971474151e+04
4.172916666666666430e+01,3.830989062228289549e+04
4.175000000000000000e+01,3.503394739769839362e+04
4.177083333333332860e+01,3.823713586576650414e+04
4.179166666666666430e+01,4.141799101550933119e+04
4.181250000000000000e+01,4.122058452845949796e+04
4.183333333333332860e+01,3.487525931697526539e+04
4.185416666666666430e+01,3.723710421870690334e+04
4.187500000000000000e+01,4.123503012463034247e+04
4.189583333333332860e+01,3.798911392963270191e+04
4.191666666666666430e+01,3.476587369543138630e+04
4.193750000000000000e+01,3.797785677541803307e+04
4.195833333333332860e+01,4.118542523549117323e+04
4.197916666666666430e+01,4.118119384204577364e+04
4.200000000000000000e+01,3.478327226892238104e+04
4.202083333333332860e+01,3.351920689954391855e+04
4.204166666666666430e+01,4.121572898255674227e+04
4.206250000000000000e+01,4.127451552033107146e+04
4.208333333333332860e+01,3.720727246170388389e+04
4.210416666666666430e+01,3.489649267037311802e+04
4.212500000000000000e+01,3.952682407440127281e+04
4.214583333333332860e+01,4.133273849835907458e+04
4.216666666666666430e+01,3.701815239921917237e+04
4.218750000000000000e+01,3.499266417505029676e+04
4.220833333333332860e+01,3.992400421222494333e+04
4.222916666666666430e+01,4.141342116893109778e+04
4.225000000000000000e+01,3.539602280504491500e+04
4.227083333333332860e+01,3.579559460694872541e+04
4.229166666666666430e+01,4.146696140735079825e+04
4.231250000000000000e+01,4.108189232502976665e+04
4.233333333333332860e+01,3.509438578913531819e+04
4.235416666666666430e+01,3.475880213946325966e+04
4.237500000000000000e+01,4.348152561861275899e+04
4.239583333333332860e+01,4.465111657165513316e+04
4.241666666666666430e+01,3.892210950884224440e+04
4.243750000000000000e+01,3.930130864532499982e+04
4.245833333333332860e+01,4.580292988053651789e+04
4.247916666666666430e+01,4.573147889677410421e+04
4.250000000000000000e+01,3.853072459868518490e+04
4.252083333333332860e+01,3.989776776082745346e+04
4.254166666666666430e+01,4.550746603146503185e+04
4.256250000000000000e+01,4.533922707043414266e+04
4.258333333333332860e+01,3.876222759456651693e+04
4.260416666666666430e+01,3.858585934356719372e+04
4.262500000000000000e+01,4.482637583834331599e+04
4.264583333333332860e+01,4.466008824174584879e+04
4.266666666666666430e+01,3.809339576675857097e+04
4.268750000000000000e+01,3.793765181285607832e+04
4.270833333333332860e+01,4.419760238958120317e+04
4.272916666666666430e+01,4.405228082468175853e+04
4.275000000000000000e+01,3.903875121388235857e+04
4.277083333333332860e+01,3.740720472953975695e+04
4.279166666666666430e+01,4.179407182239633403e+04
4.281250000000000000e+01,4.357131748943166895e+04
4.283333333333332860e+01,4.026780079237191967e+04
4.285416666666666430e+01,3.696944111383851850e+04
4.287500000000000000e+01,4.007302649672955158e+04
4.289583333333332860e+01,4.318289091105463740e+04
4.291666666666666430e+01,3.989734723222605680e+04
4.293750000000000000e+01,3.662001240910766501e+04
4.295833333333332860e+01,4.027312413893076882e+04
4.297916666666666430e+01,4.351126752034952369e+04
4.300000000000000000e+01,3.962136086099762178e+04
4.302083333333332860e+01,3.723917094561383419e+04
4.304166666666666430e+01,3.953140674927522196e+04
4.306250000000000000e+01,4.266910113969296799e+04
4.308333333333332860e+01,3.940626997856205708e+04
4.310416666666666430e+01,3.544570485141190147e+04
4.312500000000000000e+01,3.970588425161801570e+04
4.314583333333332860e+01,4.247768326623042958e+04
4.316666666666666430e+01,3.922793705104776745e+04
4.318750000000000000e+01,3.599695373657636810e+04
4.320833333333332860e+01,3.938986011909776425e+04
4.322916666666666430e+01,4.232306485374538170e+04
4.325000000000000000e+01,3.908453598768202210e+04
4.327083333333332860e+01,3.586250989414307696e+04
4.329166666666666430e+01,4.149981035806675209e+04
4.331250000000000000e+01,4.515272459733077994e+04
4.333333333333332860e+01,4.269335577164674032e+04
4.335416666666666430e+01,3.980196590690712037e+04
4.337500000000000000e+01,4.310704258887052856e+04
4.339583333333332860e+01,4.628252440712844691e+04
4.341666666666666430e+01,4.298641185777561623e+04
4.343750000000000000e+01,3.964705877003068599e+04
4.345833333333332860e+01,4.267742056211602176e+04
4.347916666666666430e+01,4.569430973417573841e+04
4.350000000000000000e+01,4.231079681617059396e+04
4.352083333333332860e+01,3.892799904155539843e+04
4.354166666666666430e+01,4.292748591393692186e+04
4.356250000000000000e+01,4.497178668181417743e+04
4.358333333333332860e+01,4.160664601067029434e+04
4.360416666666666430e+01,3.824757392687010724e+04
4.362500000000000000e+01,4.128665697076272772e+04
4.364583333333332860e+01,4.434041469978690293e+04
4.366666666666666430e+01,4.101168933005545114e+04
4.368750000000000000e+01,3.753060939971831976e+04
4.370833333333332860e+01,4.075053105058000801e+04
4.372916666666666430e+01,4.383756029397516977e+04
4.375000000000000000e+01,4.053993910938462068e+04
4.377083333333332860e+01,3.723575594358864328e+04
4.379166666666666430e+01,4.032823487661053514e+04
4.381250000000000000e+01,4.343632775782965473e+04
4.383333333333332860e+01,4.015810686966632784e+04
4.385416666666666430e+01,3.807815138236611529e+04
4.387500000000000000e+01,4.000243681318093149e+04
4.389583333333332860e+01,4.312127981250274024e+04
4.391666666666666430e+01,3.985773368494740862e+04
4.393750000000000000e+01,3.689001590631352155e+04
4.395833333333332860e+01,3.973767279341525136e+04
4.397916666666666430e+01,4.287074118588696001e+04
4.400000000000000000e+01,3.961461460521181289e+04
4.402083333333332860e+01,3.670320811257775495e+04
4.404166666666666430e+01,4.041541644325864763e+04
4.406250000000000000e+01,4.311957229499243113e+04
4.408333333333332860e+01,3.943658164154036785e+04
4.410416666666666430e+01,3.620030908687316696e+04
4.412500000000000000e+01,3.936741480133770528e+04
4.414583333333332860e+01,4.252673651148403587e+04
4.416666666666666430e+01,3.928250951316778082e+04
4.418750000000000000e+01,3.604803079848360358e+04
4.420833333333332860e+01,3.922622107208680973e+04
4.422916666666666430e+01,4.256273641808021785e+04
4.425000000000000000e+01,3.916605294577107998e+04
4.427083333333332860e+01,3.593561618826116319e+04
4.429166666666666430e+01,3.912314180467948609e+04
4.431250000000000000e+01,4.230719423874387576e+04
4.433333333333332860e+01,3.907523092842652113e+04
4.435416666666666430e+01,3.584966430982819293e+04
4.437500000000000000e+01,3.990620758898540225e+04
4.439583333333332860e+01,4.223477834873007669e+04
4.441666666666666430e+01,3.900552226219739532e+04
4.443750000000000000e+01,3.578540828526910627e+04
4.445833333333332860e+01,3.897840805747952254e+04
4.447916666666666430e+01,4.216556783338677633e+04
4.450000000000000000e+01,3.894403440913703525e+04
4.452083333333332860e+01,3.573029130085958604e+04
4.454166666666666430e+01,4.003004680861691304e+04
4.456250000000000000e+01,4.211870504075995268e+04
4.458333333333332860e+01,3.874466542087431299e+04
4.460416666666666430e+01,3.366526274297066266e+04
4.462500000000000000e+01,3.745275322908187809e+04
4.464583333333332860e+01,3.902082319040209404e+04
4.466666666666666430e+01,3.480391960971656226e+04
4.468750000000000000e+01,3.089648170778043277e+04
4.470833333333332860e+01,3.817106888097780757e+04
4.472916666666666430e+01,4.055474766835617629e+04
4.475000000000000000e+01,3.087405938788966523e+04
4.477083333333332860e+01,3.148214309034758480e+04
4.479166666666666430e+01,4.327098346795421821e+04
4.481250000000000000e+01,4.149361293132646824e+04
4.483333333333332860e+01,3.125497238098390881e+04
4.485416666666666430e+01,3.371107952093581116e+04
4.487500000000000000e+01,3.924034391407919611e+04
4.489583333333332860e+01,4.294583725643806974e+04
4.491666666666666430e+01,3.647426632861011603e+04
4.493750000000000000e+01,3.240631586936369058e+04
4.495833333333332860e+01,3.769943569720102823e+04
4.497916666666666430e+01,4.486740934781963006e+04
4.500000000000000000e+01,4.228343943379340635e+04
4.502083333333332860e+01,3.801022374406008748e+04
4.504166666666666430e+01,3.290811425072689599e+04
4.506250000000000000e+01,3.939976194508106710e+04
4.508333333333332860e+01,3.934456437526561785e+04
4.510416666666666430e+01,4.265847328174645372e+04
4.512500000000000000e+01,3.950488873751147185e+04
4.514583333333332860e+01,4.160144636139139038e+04
4.516666666666666430e+01,3.537493594848334760e+04
4.518750000000000000e+01,3.623166642269553995e+04
4.520833333333332860e+01,4.261080169617429056e+04
4.522916666666666430e+01,4.367973708149044251e+04
4.525000000000000000e+01,3.873420383365917223e+04
4.527083333333332860e+01,3.266704019489111670e+04
4.529166666666666430e+01,3.899614512366220879e+04
4.531250000000000000e+01,4.287823891317648668e+04
4.533333333333332860e+01,3.946640500936029275e+04
4.535416666666666430e+01,3.545628397255815071e+04
4.537500000000000000e+01,3.867097209792620561e+04
4.539583333333332860e+01,4.372030010701338324e+04
4.541666666666666430e+01,3.960077620607214340e+04
4.543750000000000000e+01,3.248441798970481977e+04
4.545833333333332860e+01,3.629157753895424685e+04
4.547916666666666430e+01,4.466565484129884135e+04
4.550000000000000000e+01,3.993529597741367616e+04
4.552083333333332860e+01,3.179806126457037317e+04
4.554166666666666430e+01,3.625699414197013539e+04
4.556250000000000000e+01,4.460470970626562485e+04
4.558333333333332860e+01,3.984353903388440085e+04
4.560416666666666430e+01,3.331396906218941876e+04
4.562500000000000000e+01,3.788504268464794586e+04
4.564583333333332860e+01,4.275810121656183037e+04
4.566666666666666430e+01,3.829649042045174428e+04
4.568750000000000000e+01,3.510494009942274715e+04
4.570833333333332860e+01,3.768768356754640263e+04
4.572916666666666430e+01,4.157055800597818597e+04
4.575000000000000000e+01,3.838707078333779646e+04
4.577083333333332860e+01,3.588669950056860398e+04
4.579166666666666430e+01,3.856778197425999679e+04
4.581250000000000000e+01,4.164020466849629884e+04
4.583333333333332860e+01,3.845878556114346429e+04
4.585416666666666430e+01,3.590342402851094812e+04
4.587500000000000000e+01,3.847735614909535070e+04
4.589583333333332860e+01,4.169183359544265113e+04
4.591666666666666430e+01,3.851327362618266488e+04
4.593750000000000000e+01,3.445147291674016742e+04
4.595833333333332860e+01,3.463329166866895685e+04
4.597916666666666430e+01,3.709156491844994889e+04
4.600000000000000000e+01,3.517172927588548191e+04
4.602083333333332860e+01,3.353239145266331616e+04
4.604166666666666430e+01,3.491414189521978551e+04
4.606250000000000000e+01,3.495408701520744216e+04
4.608333333333332860e+01,3.609014334983546723e+04
4.610416666666666430e+01,3.578813933776633348e+04
4.612500000000000000e+01,3.584901215799043712e+04
4.614583333333332860e+01,3.647145865307649365e+04
4.616666666666666430e+01,3.801933269917887083e+04
4.618750000000000000e+01,3.715809405212487036e+04
4.620833333333332860e+01,3.488752844194351928e+04
4.622916666666666430e+01,3.826780947596143233e+04
4.625000000000000000e+01,4.274927317824929924e+04
4.627083333333332860e+01,3.792088670500312583e+04
4.629166666666666430e+01,3.364799100122357049e+04
4.631250000000000000e+01,3.782894061257525755e+04
4.633333333333332860e+01,4.387994030781444599e+04
4.635416666666666430e+01,3.835008739619224798e+04
4.637500000000000000e+01,3.525254275603180577e+04
4.639583333333332860e+01,3.743892548648856609e+04
4.641666666666666430e+01,4.345516524303884216e+04
4.643750000000000000e+01,3.943191668715537526e+04
4.645833333333332860e+01,3.558902662453318044e+04
4.647916666666666430e+01,3.881049052746930101e+04
4.650000000000000000e+01,4.210994699615740683e+04
4.652083333333332860e+01,3.881134977899001387e+04
4.654166666666666430e+01,3.679733267083658575e+04
4.656250000000000000e+01,3.817508822635292017e+04
4.658333333333332860e+01,4.183702816912636627e+04
4.660416666666666430e+01,3.859759695431490400e+04
4.662500000000000000e+01,3.530913738602096419e+04
4.664583333333332860e+01,3.850874786930756090e+04
4.666666666666666430e+01,4.166010982470285671e+04
4.668750000000000000e+01,3.732551386508710129e+04
4.670833333333332860e+01,3.783270473585716536e+04
4.672916666666666430e+01,3.817440029452359886e+04
4.675000000000000000e+01,3.810349847678650985e+04
4.677083333333332860e+01,3.801979057462779747e+04
4.679166666666666430e+01,3.814709885634724924e+04
4.681250000000000000e+01,3.798321708282331383e+04
4.683333333333332860e+01,3.797252443693595706e+04
4.685416666666666430e+01,3.749977142567677220e+04
4.687500000000000000e+01,3.691957314789693919e+04
4.689583333333332860e+01,3.906394370252026420e+04
4.691666666666666430e+01,3.848355851765938132e+04
4.693750000000000000e+01,3.800583990948087012e+04
4.695833333333332860e+01,3.802115238787868293e+04
4.697916666666666430e+01,3.804185308272863040e+04
4.700000000000000000e+01,3.806068245318960544e+04
4.702083333333332860e+01,3.808945480512963695e+04
4.704166666666666430e+01,3.811261785148837953e+04
4.706250000000000000e+01,3.812918446404284623e+04
4.708333333333332860e+01,3.858262084769368812e+04
4.710416666666666430e+01,3.818196362109830079e+04
4.712500000000000000e+01,3.820177245262332144e+04
4.714583333333332860e+01,3.794914196990350320e+04
4.716666666666666430e+01,3.884161767633129784e+04
4.718750000000000000e+01,3.827880224233700574e+04
4.720833333333332860e+01,3.691272850125440891e+04
4.722916666666666430e+01,3.830145178356902034e+04
4.725000000000000000e+01,4.211978562675127614e+04
4.727083333333332860e+01,4.027959048219472606e+04
4.729166666666666430e+01,3.825503258522131364e+04
4.731250000000000000e+01,4.309517861676763278e+04
4.733333333333332860e+01,4.566333208334149094e+04
4.735416666666666430e+01,4.247347746374364942e+04
4.737500000000000000e+01,3.807576576048992138e+04
4.739583333333332860e+01,4.255616682402266451e+04
4.741666666666666430e+01,4.688061627632642194e+04
4.743750000000000000e+01,4.228120113319320080e+04
4.745833333333332860e+01,3.813839934238092974e+04
4.747916666666666430e+01,4.263006633236486960e+04
4.750000000000000000e+01,4.517711992602043028e+04
4.752083333333332860e+01,4.161321133502679731e+04
4.754166666666666430e+01,3.826017503947080695e+04
4.756250000000000000e+01,4.129673062072763423e+04
4.758333333333332860e+01,4.472190031286240264e+04
4.760416666666666430e+01,4.097825920276870602e+04
4.762500000000000000e+01,3.764989443255180231e+04
4.764583333333332860e+01,4.191200669136728538e+04
4.766666666666666430e+01,4.379825508287671983e+04
4.768750000000000000e+01,3.969364053540452733e+04
4.770833333333332860e+01,3.717970109613479872e+04
4.772916666666666430e+01,4.027569395278471347e+04
4.775000000000000000e+01,4.336634611777821556e+04
4.777083333333332860e+01,4.006146204025749466e+04
4.779166666666666430e+01,3.691453545478836168e+04
4.781250000000000000e+01,4.125835265295743011e+04
4.783333333333332860e+01,4.318418625108100241e+04
4.785416666666666430e+01,3.794869892556688137e+04
4.787500000000000000e+01,3.649373912774118799e+04
4.789583333333332860e+01,4.283322000234804727e+04
4.791666666666666430e+01,4.252585064048970526e+04
4.793750000000000000e+01,3.630956974383530905e+04
4.795833333333332860e+01,3.624997886280353123e+04
4.797916666666666430e+01,4.260657906305903452e+04
4.800000000000000000e+01,4.255659937580565020e+04
4.802083333333332860e+01,3.434148330995072320e+04
4.804166666666666430e+01,3.607252632909676322e+04
4.806250000000000000e+01,4.250917388906481938e+04
4.808333333333332860e+01,4.294764639480471669e+04
4.810416666666666430e+01,3.596249246519976441e+04
4.812500000000000000e+01,3.652718276815415447e+04
4.814583333333332860e+01,4.230002931508674374e+04
4.816666666666666430e+01,4.226012784584133624e+04
4.818750000000000000e+01,3.501777323629370949e+04
4.820833333333332860e+01,3.689580734963688883e+04
4.822916666666666430e+01,4.220312615986461606e+04
4.825000000000000000e+01,4.217053029502565187e+04
4.827083333333332860e+01,3.575620285888713988e+04
4.829166666666666430e+01,3.573174648778312257e+04
4.831250000000000000e+01,4.210150450866061874e+04
4.833333333333332860e+01,4.207610782760149596e+04
4.835416666666666430e+01,3.566511604908759909e+04
4.837500000000000000e+01,3.646682012465289154e+04
4.839583333333332860e+01,4.204131674287981150e+04
4.841666666666666430e+01,4.201357698691750556e+04
4.843750000000000000e+01,3.662333886936456838e+04
4.845833333333332860e+01,3.465239660935400752e+04
4.847916666666666430e+01,4.198709348460925685e+04
4.850000000000000000e+01,4.196857019436445989e+04
4.852083333333332860e+01,3.556869499111520418e+04
4.854166666666666430e+01,3.555725739038398024e+04
4.856250000000000000e+01,4.193746205180871038e+04
4.858333333333332860e+01,4.192130176453795139e+04
4.860416666666666430e+01,3.593742367065083818e+04
4.862500000000000000e+01,3.639344572484326636e+04
4.864583333333332860e+01,4.191505821765620931e+04
4.866666666666666430e+01,4.181990543917022296e+04
4.868750000000000000e+01,3.550325865896598407e+04
4.870833333333332860e+01,3.549334559626097325e+04
4.872916666666666430e+01,4.188832385430778231e+04
4.875000000000000000e+01,4.187984821579232812e+04
4.877083333333332860e+01,3.547113812430296821e+04
4.879166666666666430e+01,3.463644234005331964e+04
4.881250000000000000e+01,4.186919483510164719e+04
4.883333333333332860e+01,4.186113516736058227e+04
4.885416666666666430e+01,3.545156823683838593e+04
4.887500000000000000e+01,3.607407295989785780e+04
4.889583333333332860e+01,4.186066193606369779e+04
4.891666666666666430e+01,4.185169616189615044e+04
4.893750000000000000e+01,3.522564018608820334e+04
4.895833333333332860e+01,3.416170002138868585e+04
4.897916666666666430e+01,4.184701846043857950e+04
4.900000000000000000e+01,4.317632704116298555e+04
4.902083333333332860e+01,3.595845701135299896e+04
4.904166666666666430e+01,3.377960313804166071e+04
4.906250000000000000e+01,4.184337513100854994e+04
4.908333333333332860e+01,4.480590888314808399e+04
4.910416666666666430e+01,3.543193058499551989e+04
4.912500000000000000e+01,3.224712974842167023e+04
4.914583333333332860e+01,4.181433070483514894e+04
4.916666666666666430e+01,4.493580883143372193e+04
4.918750000000000000e+01,3.395606149233240285e+04
4.920833333333332860e+01,3.221348533278393006e+04
4.922916666666666430e+01,4.342093062697411369e+04
4.925000000000000000e+01,4.366773637100913766e+04
4.927083333333332860e+01,3.222083587629630347e+04
4.929166666666666430e+01,3.440522217675916909e+04
4.931250000000000000e+01,4.503111024573436589e+04
4.933333333333332860e+01,4.282653837744022894e+04
4.935416666666666430e+01,3.222570788981917576e+04
4.937500000000000000e+01,3.284852110074214579e+04
4.939583333333332860e+01,4.501757966923413187e+04
4.941666666666666430e+01,4.500843950756715640e+04
4.943750000000000000e+01,3.220449628172556550e+04
4.945833333333332860e+01,3.219828192325454074e+04
4.947916666666666430e+01,4.477809641864654986e+04
4.950000000000000000e+01,4.362012104719061608e+04
4.952083333333332860e+01,3.220908349863993499e+04
4.954166666666666430e+01,3.322606458028859197e+04
4.956250000000000000e+01,4.500958255035290495e+04
4.958333333333332860e+01,4.282537722274030966e+04
4.960416666666666430e+01,3.222996969062917560e+04
4.962500000000000000e+01,3.237502806299176518e+04
4.964583333333332860e+01,4.493445186746223771e+04
4.966666666666666430e+01,4.531495996941695921e+04
4.968750000000000000e+01,3.530233377809014928e+04
4.970833333333332860e+01,3.838350049834969832e+04
4.972916666666666430e+01,4.886680602504628769e+04
4.975000000000000000e+01,4.598988679645478987e+04
4.977083333333332860e+01,3.639010295197845699e+04
4.979166666666666430e+01,3.976306147391010745e+04
4.981250000000000000e+01,4.898917770847897918e+04
4.983333333333332860e+01,4.562474721993433195e+04
4.985416666666666430e+01,3.586201771747782914e+04
4.987500000000000000e+01,3.937930649336124770e+04
4.989583333333332860e+01,4.669098268094202649e+04
4.991666666666666430e+01,4.495848328659519029e+04
4.993750000000000000e+01,3.765557779642478272e+04
4.995833333333332860e+01,3.818824531781804399e+04
4.997916666666666430e+01,4.449425044376444566e+04
5.000000000000000000e+01,4.433846566500928020e+04
5.002083333333332860e+01,3.781544592271102738e+04
5.004166666666666430e+01,3.787324760213573609e+04
5.006250000000000000e+01,4.395169317159055208e+04
5.008333333333332860e+01,4.382370368564066302e+04
5.010416666666666430e+01,3.804427945020290645e+04
5.012500000000000000e+01,3.774719764267145365e+04
5.014583333333332860e+01,4.353228528028535948e+04
5.016666666666666430e+01,4.342947892916361889e+04
5.018750000000000000e+01,3.656912075573649781e+04
5.020833333333332860e+01,3.604542548195939162e+04
5.022916666666666430e+01,4.319767147500967258e+04
5.025000000000000000e+01,4.326602450530484930e+04
5.027083333333332860e+01,3.665827760411694180e+04
5.029166666666666430e+01,3.674332909130331245e+04
5.031250000000000000e+01,4.292893372581354197e+04
5.033333333333332860e+01,4.286515522918579518e+04
5.035416666666666430e+01,3.641119072993932787e+04
5.037500000000000000e+01,3.802619085270800861e+04
5.039583333333332860e+01,4.273185046725023130e+04
5.041666666666666430e+01,4.236908499370012578e+04
5.043750000000000000e+01,3.623469289514437696e+04
5.045833333333332860e+01,3.618800189811926975e+04
5.047916666666666430e+01,4.255660491856421868e+04
5.050000000000000000e+01,4.251970520309060521e+04
5.052083333333332860e+01,3.608063009394642722e+04
5.054166666666666430e+01,3.540630476132440526e+04
5.056250000000000000e+01,4.242597269365724787e+04
5.058333333333332860e+01,4.239233504785344849e+04
5.060416666666666430e+01,3.671405406377998588e+04
5.062500000000000000e+01,3.626640717228262656e+04
5.064583333333332860e+01,4.232011379638237850e+04
5.066666666666666430e+01,4.229062637644942879e+04
5.068750000000000000e+01,3.484723483161296463e+04
5.070833333333332860e+01,3.658165227827557828e+04
5.072916666666666430e+01,4.225252224914232647e+04
5.075000000000000000e+01,4.222347785976035084e+04
5.077083333333332860e+01,3.581466749992101541e+04
5.079166666666666430e+01,3.660145302783196530e+04
5.081250000000000000e+01,4.217590343789268809e+04
5.083333333333332860e+01,4.215240973438858055e+04
5.085416666666666430e+01,3.514630604062880593e+04
5.087500000000000000e+01,3.521242718045905349e+04
5.089583333333332860e+01,4.213064137680913700e+04
5.091666666666666430e+01,4.211324087036398851e+04
5.093750000000000000e+01,3.571519631957887032e+04
5.095833333333332860e+01,3.601765636012312461e+04
5.097916666666666430e+01,4.004279014084317896e+04
5.100000000000000000e+01,4.193771719682210096e+04
5.102083333333332860e+01,3.160252462314487639e+04
5.104166666666666430e+01,3.222050311505733771e+04
5.106250000000000000e+01,4.097346863634936744e+04
5.108333333333332860e+01,3.809120311679207953e+04
5.110416666666666430e+01,2.976541022772224096e+04
5.112500000000000000e+01,3.310154054459274630e+04
5.114583333333332860e+01,4.191899876573283836e+04
5.116666666666666430e+01,3.982323391232373251e+04
5.118750000000000000e+01,3.070979342951310173e+04
5.120833333333332860e+01,3.104394281122104076e+04
5.122916666666666430e+01,4.375595909845057031e+04
5.125000000000000000e+01,4.182741748185430333e+04
5.127083333333332860e+01,3.218383729525625677e+04
5.129166666666666430e+01,3.199190640508636352e+04
5.131250000000000000e+01,4.336035102285371249e+04
5.133333333333332860e+01,4.186846981481199327e+04
5.135416666666666430e+01,3.557866403549678216e+04
5.137500000000000000e+01,3.491143089531642181e+04
5.139583333333332860e+01,3.959845231644127489e+04
5.141666666666666430e+01,3.903913475140627997e+04
5.143750000000000000e+01,3.914238889623169234e+04
5.145833333333332860e+01,3.719076170868347253e+04
5.147916666666666430e+01,4.051632098183807830e+04
5.150000000000000000e+01,4.077366320903245651e+04
5.152083333333332860e+01,3.931659867679263698e+04
5.154166666666666430e+01,3.605392208086004393e+04
5.156250000000000000e+01,3.922583322454303561e+04
5.158333333333332860e+01,4.245459236008473817e+04
5.160416666666666430e+01,3.920241346184458234e+04
5.162500000000000000e+01,3.585929916087065067e+04
5.164583333333332860e+01,4.068210402871364931e+04
5.166666666666666430e+01,4.210922634071953507e+04
5.168750000000000000e+01,3.785045687017773889e+04
5.170833333333332860e+01,3.561617820284674235e+04
5.172916666666666430e+01,4.111558554938167799e+04
5.175000000000000000e+01,4.174278869859121914e+04
5.177083333333332860e+01,3.517611167997546727e+04
5.179166666666666430e+01,3.647109034191384853e+04
5.181250000000000000e+01,4.158798935797723971e+04
5.183333333333332860e+01,4.121501845809045335e+04
5.185416666666666430e+01,3.683851298906782176e+04
5.187500000000000000e+01,3.507714705632480036e+04
5.189583333333332860e+01,3.989673096033016918e+04
5.191666666666666430e+01,4.144419588279052550e+04
5.193750000000000000e+01,3.824233406612147519e+04
5.195833333333332860e+01,3.503812629876196297e+04
5.197916666666666430e+01,3.824170527056978608e+04
5.200000000000000000e+01,4.145977635683344124e+04
5.202083333333332860e+01,3.827479955689126655e+04
5.204166666666666430e+01,3.615847126315191417e+04
5.206250000000000000e+01,3.831531020774182980e+04
5.208333333333332860e+01,4.161499102340981335e+04
5.210416666666666430e+01,3.833850277172690403e+04
5.212500000000000000e+01,3.515166062001712999e+04
5.214583333333332860e+01,3.873527625617363083e+04
5.216666666666666430e+01,4.203744003765963134e+04
5.218750000000000000e+01,3.841921011335125513e+04
5.220833333333332860e+01,3.494410400587532058e+04
5.222916666666666430e+01,3.947300343224398239e+04
5.225000000000000000e+01,4.168243731378833036e+04
5.227083333333332860e+01,3.848820310714134393e+04
5.229166666666666430e+01,3.397387015783707466e+04
5.231250000000000000e+01,3.836189488667551632e+04
5.233333333333332860e+01,3.942541084752283496e+04
5.235416666666666430e+01,3.176457135721201485e+04
5.237500000000000000e+01,2.797706561089957540e+04
5.239583333333332860e+01,3.427075898546532699e+04
5.241666666666666430e+01,3.896598143637458270e+04
5.243750000000000000e+01,3.450077769395639189e+04
5.245833333333332860e+01,2.930283545424084514e+04
5.247916666666666430e+01,3.670145196919305454e+04
5.250000000000000000e+01,4.256473359071145387e+04
5.252083333333332860e+01,3.609888883822649950e+04
5.254166666666666430e+01,3.038281697690025248e+04
5.256250000000000000e+01,4.043693305759107170e+04
5.258333333333332860e+01,4.375416180770792562e+04
5.260416666666666430e+01,3.435140208513670223e+04
5.262500000000000000e+01,3.127967609668027580e+04
5.264583333333332860e+01,4.422213502823262388e+04
5.266666666666666430e+01,4.381656243140978040e+04
5.268750000000000000e+01,3.291111189650205779e+04
5.270833333333332860e+01,3.356040202173290891e+04
5.272916666666666430e+01,4.466146072749634186e+04
5.275000000000000000e+01,4.355347441572150274e+04
5.277083333333332860e+01,3.206777381230101673e+04
5.279166666666666430e+01,3.531425465445690497e+04
5.281250000000000000e+01,4.497587625605980429e+04
5.283333333333332860e+01,4.188440619200036599e+04
5.285416666666666430e+01,3.253883910915202068e+04
5.287500000000000000e+01,3.547049427313436172e+04
5.289583333333332860e+01,4.505907765372395806e+04
5.291666666666666430e+01,4.192228285031573614e+04
5.293750000000000000e+01,3.231487850355162300e+04
5.295833333333332860e+01,3.540347200126394455e+04
5.297916666666666430e+01,4.494021260613344202e+04
5.300000000000000000e+01,4.175695446287967934e+04
5.302083333333332860e+01,3.211579291430515514e+04
5.304166666666666430e+01,3.347838343257591623e+04
5.306250000000000000e+01,4.467966384252435091e+04
5.308333333333332860e+01,4.141915130977267836e+04
5.310416666666666430e+01,3.176512129055029072e+04
5.312500000000000000e+01,3.487938618281333038e+04
5.314583333333332860e+01,4.200560316237400548e+04
5.316666666666666430e+01,4.120570286944706459e+04
5.318750000000000000e+01,3.442754217667313787e+04
5.320833333333332860e+01,3.439030055790848564e+04
5.322916666666666430e+01,4.118928074947952700e+04
5.325000000000000000e+01,4.186808303955219890e+04
5.327083333333332860e+01,3.480229382551594608e+04
5.329166666666666430e+01,3.160539935972985404e+04
5.331250000000000000e+01,4.120848574443161488e+04
5.333333333333332860e+01,4.442613462858628191e+04
5.335416666666666430e+01,3.458774077792090247e+04
5.337500000000000000e+01,3.166629088011677959e+04
5.339583333333332860e+01,4.127620244195549458e+04
5.341666666666666430e+01,4.331816047618833545e+04
5.343750000000000000e+01,3.495214861741796631e+04
5.345833333333332860e+01,3.176100439467861361e+04
5.347916666666666430e+01,4.137475593484073033e+04
5.350000000000000000e+01,4.460959866757715645e+04
5.352083333333332860e+01,3.503179406891281542e+04
5.354166666666666430e+01,3.183044508615009181e+04
5.356250000000000000e+01,4.143815175503383944e+04
5.358333333333332860e+01,4.466382192558531824e+04
5.360416666666666430e+01,3.507728091755810601e+04
5.362500000000000000e+01,3.187429896748188912e+04
5.364583333333332860e+01,4.345961142206993827e+04
5.366666666666666430e+01,4.784780053314982069e+04
5.368750000000000000e+01,3.890936863155726314e+04
5.370833333333332860e+01,3.604220248563432688e+04
5.372916666666666430e+01,4.578511065166843036e+04
5.375000000000000000e+01,4.842850990122845542e+04
5.377083333333332860e+01,3.840406603511762660e+04
5.379166666666666430e+01,3.601187522942898067e+04
5.381250000000000000e+01,4.547323553156971320e+04
5.383333333333332860e+01,4.830238550626224605e+04
5.385416666666666430e+01,3.873810713384607516e+04
5.387500000000000000e+01,3.536825804493360920e+04
5.389583333333332860e+01,4.529440213991293422e+04
5.391666666666666430e+01,4.784143611014947965e+04
5.393750000000000000e+01,3.808078850069353939e+04
5.395833333333332860e+01,3.543810402493764559e+04
5.397916666666666430e+01,4.420502960905899090e+04
5.400000000000000000e+01,4.720683461955070379e+04
5.402083333333332860e+01,3.737621748771207785e+04
5.404166666666666430e+01,3.421429481598098209e+04
5.406250000000000000e+01,4.368993467638880975e+04
5.408333333333332860e+01,4.551639976715775265e+04
5.410416666666666430e+01,3.708018621507172793e+04
5.412500000000000000e+01,3.377847254549402714e+04
5.414583333333332860e+01,4.327441051706902363e+04
5.416666666666666430e+01,4.638209309217934060e+04
5.418750000000000000e+01,3.670849291196162085e+04
5.420833333333332860e+01,3.383300297358329408e+04
5.422916666666666430e+01,4.295103817730610172e+04
5.425000000000000000e+01,4.489629877567497169e+04
5.427083333333332860e+01,3.644297268743003224e+04
5.429166666666666430e+01,3.317711086285799684e+04
5.431250000000000000e+01,4.270842830653521378e+04
5.433333333333332860e+01,4.585782903544427973e+04
5.435416666666666430e+01,3.621408605905542936e+04
5.437500000000000000e+01,3.295943143519262230e+04
5.439583333333332860e+01,4.250593841615394922e+04
5.441666666666666430e+01,4.566754740077590395e+04
5.443750000000000000e+01,3.525853342998423614e+04
5.445833333333332860e+01,3.279098485627736227e+04
5.447916666666666430e+01,4.208051139906822937e+04
5.450000000000000000e+01,4.466997184577960434e+04
5.452083333333332860e+01,3.590308630010529305e+04
5.454166666666666430e+01,3.285588268674569554e+04
5.456250000000000000e+01,4.224519985570758581e+04
5.458333333333332860e+01,4.541911923479113466e+04
5.460416666666666430e+01,3.578713500012990698e+04
5.462500000000000000e+01,3.268648204119146612e+04
5.464583333333332860e+01,4.213988526888871274e+04
5.466666666666666430e+01,4.531736082343159069e+04
5.468750000000000000e+01,3.551252428661678277e+04
5.470833333333332860e+01,3.327672539501517167e+04
5.472916666666666430e+01,4.206257102862631291e+04
5.475000000000000000e+01,4.521186224312679406e+04
5.477083333333332860e+01,3.421803270497512131e+04
5.479166666666666430e+01,3.242284383955066005e+04
5.481250000000000000e+01,4.328647316535906430e+04
5.483333333333332860e+01,4.443944435663448530e+04
5.485416666666666430e+01,3.359535760891280370e+04
5.487500000000000000e+01,3.237930109870903834e+04
5.489583333333332860e+01,4.516538810580527934e+04
5.491666666666666430e+01,4.401585685608223139e+04
5.493750000000000000e+01,3.234495825422231792e+04
5.495833333333332860e+01,3.249250449008315627e+04
5.497916666666666430e+01,4.512372951741318684e+04
5.500000000000000000e+01,4.461560386621472571e+04
5.502083333333332860e+01,3.230744024465269467e+04
5.504166666666666430e+01,3.229529198813145922e+04
5.506250000000000000e+01,4.509146664481414336e+04
5.508333333333332860e+01,4.298304733513654355e+04
5.510416666666666430e+01,3.230819719769966468e+04
5.512500000000000000e+01,3.257324159686870553e+04
5.514583333333332860e+01,4.509094916027647560e+04
5.516666666666666430e+01,4.405082927482639207e+04
5.518750000000000000e+01,3.227293280873266485e+04
5.520833333333332860e+01,3.234105059418395103e+04
5.522916666666666430e+01,4.506027858887590264e+04
5.525000000000000000e+01,4.491451267136703245e+04
5.527083333333332860e+01,3.224415474693263241e+04
5.529166666666666430e+01,3.223415024455740058e+04
5.531250000000000000e+01,4.469040442394829734e+04
5.533333333333332860e+01,4.408125409701462922e+04
5.535416666666666430e+01,3.223740034432381435e+04
5.537500000000000000e+01,3.260231208268422779e+04
5.539583333333332860e+01,4.476302568710320338e+04
5.541666666666666430e+01,4.388542800508328946e+04
5.543750000000000000e+01,3.223377190313041501e+04
5.545833333333332860e+01,3.300723662224564032e+04
5.547916666666666430e+01,4.503349200641757488e+04
5.550000000000000000e+01,4.465260146815924963e+04
5.552083333333332860e+01,3.222045494778682405e+04
5.554166666666666430e+01,3.221069388785334013e+04
5.556250000000000000e+01,4.501419037154423859e+04
5.558333333333332860e+01,4.261425048790100846e+04
5.560416666666666430e+01,3.222779092990465870e+04
5.562500000000000000e+01,3.314879071222137281e+04
5.564583333333332860e+01,4.502693825932781328e+04
5.566666666666666430e+01,4.390725943670994457e+04
5.568750000000000000e+01,3.222287395997074782e+04
5.570833333333332860e+01,3.221231266966037219e+04
5.572916666666666430e+01,4.500880797874502605e+04
5.575000000000000000e+01,4.455742392990231747e+04
5.577083333333332860e+01,3.221300445025464433e+04
5.579166666666666430e+01,3.220639255250633869e+04
5.581250000000000000e+01,4.695197822968581022e+04
5.583333333333332860e+01,4.783135175062255439e+04
5.585416666666666430e+01,3.593954087116702431e+04
5.587500000000000000e+01,3.626045693694986403e+04
5.589583333333332860e+01,4.917185575736365718e+04
5.591666666666666430e+01,4.568550152997215628e+04
5.593750000000000000e+01,3.633086768819295685e+04
5.595833333333332860e+01,4.074602710343488434e+04
5.597916666666666430e+01,4.773861207063159236e+04
5.600000000000000000e+01,4.318511749574243004e+04
5.602083333333332860e+01,3.671599781769367110e+04
5.604166666666666430e+01,4.194399460709817504e+04
5.606250000000000000e+01,4.803440525511526357e+04
5.608333333333332860e+01,4.159498820778031950e+04
5.610416666666666430e+01,3.502978230774756230e+04
5.612500000000000000e+01,4.128142426103952312e+04
5.614583333333332860e+01,4.738740460472901759e+04
5.616666666666666430e+01,4.019609831100821611e+04
5.618750000000000000e+01,3.448135784436781250e+04
5.620833333333332860e+01,4.075863495163660264e+04
5.622916666666666430e+01,4.702521660702936788e+04
5.625000000000000000e+01,4.052573127196550922e+04
5.627083333333332860e+01,3.401831724112029042e+04
5.629166666666666430e+01,4.032469837472029030e+04
5.631250000000000000e+01,4.624160643353161140e+04
5.633333333333332860e+01,4.014954223405950324e+04
5.635416666666666430e+01,3.429812454371858621e+04
5.637500000000000000e+01,3.999935003306381259e+04
5.639583333333332860e+01,4.632546888730818318e+04
5.641666666666666430e+01,3.985958776167622273e+04
5.643750000000000000e+01,3.339231280166588112e+04
5.645833333333332860e+01,3.972975463953580038e+04
5.647916666666666430e+01,4.550998105495682103e+04
5.650000000000000000e+01,3.962041983409216482e+04
5.652083333333332860e+01,3.465934536755834415e+04
5.654166666666666430e+01,3.952604543581835605e+04
5.656250000000000000e+01,4.367049156593376392e+04
5.658333333333332860e+01,3.944167246361280559e+04
5.660416666666666430e+01,3.619176574747834093e+04
5.662500000000000000e+01,3.935394731141840020e+04
5.664583333333332860e+01,4.252448215700884612e+04
5.666666666666666430e+01,3.893853686593477323e+04
5.668750000000000000e+01,3.738138191706766520e+04
5.670833333333332860e+01,3.923162888964708691e+04
5.672916666666666430e+01,4.168029800118182175e+04
5.675000000000000000e+01,3.917804912000230979e+04
5.677083333333332860e+01,3.602380186789233994e+04
5.679166666666666430e+01,3.885697071526393120e+04
5.681250000000000000e+01,4.229400101967763476e+04
5.683333333333332860e+01,4.013209588350262493e+04
5.685416666666666430e+01,3.586532129022893787e+04
5.687500000000000000e+01,3.840274213270853215e+04
5.689583333333332860e+01,4.222100069297150185e+04
5.691666666666666430e+01,3.900720061545587669e+04
5.693750000000000000e+01,3.579807938291006576e+04
5.695833333333332860e+01,3.897712367566009198e+04
5.697916666666666430e+01,4.215380400452700269e+04
5.700000000000000000e+01,3.900721357200654165e+04
5.702083333333332860e+01,3.713958668725595635e+04
5.704166666666666430e+01,3.892979706437837740e+04
5.706250000000000000e+01,4.064816911740441719e+04
5.708333333333332860e+01,3.999746330547597609e+04
5.710416666666666430e+01,3.832973435688804602e+04
5.712500000000000000e+01,3.678608323050205217e+04
5.714583333333332860e+01,3.556388066660902405e+04
5.716666666666666430e+01,3.379872609469516465e+04
5.718750000000000000e+01,2.803158955926729686e+04
5.720833333333332860e+01,2.810541588816987132e+04
5.722916666666666430e+01,3.599578614316810854e+04
5.725000000000000000e+01,3.723359821231603564e+04
5.727083333333332860e+01,3.192434610006783259e+04
5.729166666666666430e+01,3.721067276889560890e+04
5.731250000000000000e+01,4.107808520723139372e+04
5.733333333333332860e+01,4.029346428534667939e+04
5.735416666666666430e+01,3.545810172324122686e+04
5.737500000000000000e+01,3.785662468624284520e+04
5.739583333333332860e+01,4.371791455764517741e+04
5.741666666666666430e+01,4.338582683645158249e+04
5.743750000000000000e+01,3.979420495296148147e+04
5.745833333333332860e+01,3.955174713126730057e+04
5.747916666666666430e+01,4.049420532248052041e+04
5.750000000000000000e+01,4.151583472705436725e+04
5.752083333333332860e+01,4.648113752229708916e+04
5.754166666666666430e+01,3.933022760773024493e+04
5.756250000000000000e+01,3.905316897877396696e+04
5.758333333333332860e+01,4.027346219804658904e+04
5.760416666666666430e+01,4.255572389749059221e+04
5.762500000000000000e+01,4.301758891142548964e+04
5.764583333333332860e+01,4.380949501804019383e+04
5.766666666666666430e+01,3.781346823560936900e+04
5.768750000000000000e+01,3.855153071691582591e+04
5.770833333333332860e+01,3.999945546233408095e+04
5.772916666666666430e+01,4.365746820958623721e+04
5.775000000000000000e+01,4.361372861662839568e+04
5.777083333333332860e+01,3.760833752532901417e+04
5.779166666666666430e+01,3.619312721020894969e+04
5.781250000000000000e+01,4.300912146922959073e+04
5.783333333333332860e+01,4.188575983000251290e+04
5.785416666666666430e+01,3.621124239070909243e+04
5.787500000000000000e+01,3.510823712890892057e+04
5.789583333333332860e+01,4.167316254198354000e+04
5.791666666666666430e+01,4.199037739378199331e+04
5.793750000000000000e+01,3.481462954879746394e+04
5.795833333333332860e+01,3.493506828384244000e+04
5.797916666666666430e+01,3.972231111338362098e+04
5.800000000000000000e+01,4.046989905841951986e+04
5.802083333333332860e+01,3.607062859015468712e+04
5.804166666666666430e+01,3.502829532921961072e+04
5.806250000000000000e+01,3.819950635807785875e+04
5.808333333333332860e+01,4.139225884350225533e+04
5.810416666666666430e+01,3.819591153447062970e+04
5.812500000000000000e+01,3.395834797437309317e+04
5.814583333333332860e+01,3.848861983582540415e+04
5.816666666666666430e+01,4.144649745565075864e+04
5.818750000000000000e+01,3.828581409306370915e+04
5.820833333333332860e+01,3.534448873393522081e+04
5.822916666666666430e+01,3.965106667430399102e+04
5.825000000000000000e+01,4.155761552901897812e+04
5.827083333333332860e+01,3.780166208900276251e+04
5.829166666666666430e+01,3.522823190666245500e+04
5.831250000000000000e+01,3.842904626034326066e+04
5.833333333333332860e+01,4.163512000128943328e+04
5.835416666666666430e+01,3.846498830234964407e+04
5.837500000000000000e+01,3.712481889090967888e+04
5.839583333333332860e+01,3.852295117017421580e+04
5.841666666666666430e+01,4.156913120896883629e+04
5.843750000000000000e+01,3.854530869083225116e+04
5.845833333333332860e+01,3.532123995605658274e+04
5.847916666666666430e+01,4.255364328501344426e+04
5.850000000000000000e+01,4.133009981182716729e+04
5.852083333333332860e+01,3.190459951542788622e+04
5.854166666666666430e+01,3.225834185521724066e+04
5.856250000000000000e+01,3.584086839281227731e+04
5.858333333333332860e+01,3.770249389889665326e+04
5.860416666666666430e+01,3.254046274989747326e+04
5.862500000000000000e+01,3.474097583476138243e+04
5.864583333333332860e+01,3.993289173577167094e+04
5.866666666666666430e+01,3.740718468627999391e+04
5.868750000000000000e+01,3.585568846597992524e+04
5.870833333333332860e+01,3.462195407821240951e+04
5.872916666666666430e+01,3.887013292737850861e+04
5.875000000000000000e+01,4.166199310129616060e+04
5.877083333333332860e+01,3.864911894626900175e+04
5.879166666666666430e+01,3.236372080708200883e+04
5.881250000000000000e+01,3.564342439989592822e+04
5.883333333333332860e+01,4.011338081869107555e+04
5.885416666666666430e+01,4.187925579381069110e+04
5.887500000000000000e+01,3.910373405416653986e+04
5.889583333333332860e+01,3.601203703297127504e+04
5.891666666666666430e+01,3.564683478512358852e+04
5.893750000000000000e+01,3.746130813567030418e+04
5.895833333333332860e+01,4.270845821339249233e+04
5.897916666666666430e+01,3.956990107680026267e+04
5.900000000000000000e+01,4.093579202554641961e+04
5.902083333333332860e+01,3.693683476649519434e+04
5.904166666666666430e+01,3.659944651970034465e+04
5.906250000000000000e+01,4.147405773647299793e+04
5.908333333333332860e+01,4.405627436397121346e+04
5.910416666666666430e+01,4.109028333856797690e+04
5.912500000000000000e+01,3.617289624838263262e+04
5.914583333333332860e+01,3.590394916418220237e+04
5.916666666666666430e+01,4.209580553856782353e+04
5.918750000000000000e+01,4.518641609440316097e+04
5.920833333333332860e+01,3.543111134151893202e+04
5.922916666666666430e+01,3.204406104650848283e+04
5.925000000000000000e+01,4.356339491007557081e+04
5.927083333333332860e+01,4.460683161663398641e+04
5.929166666666666430e+01,3.278918076562335773e+04
5.931250000000000000e+01,3.215549235885304370e+04
5.933333333333332860e+01,4.437902061310556746e+04
5.935416666666666430e+01,4.433604526285219617e+04
5.937500000000000000e+01,3.150849164247052613e+04
5.939583333333332860e+01,3.203882625102574457e+04
5.941666666666666430e+01,4.403775131468975451e+04
5.943750000000000000e+01,4.272900750466362661e+04
5.945833333333332860e+01,3.349853760735329706e+04
5.947916666666666430e+01,3.227760831957873597e+04
5.950000000000000000e+01,4.311065610190313600e+04
5.952083333333332860e+01,4.314863209578795795e+04
5.954166666666666430e+01,3.171406727138255155e+04
5.956250000000000000e+01,3.361561236609642947e+04
5.958333333333332860e+01,4.455328855214410578e+04
5.960416666666666430e+01,4.200961452151217236e+04
5.962500000000000000e+01,3.182368667596827800e+04
5.964583333333332860e+01,3.392060488543543033e+04
5.966666666666666430e+01,4.463767763714829925e+04
5.968750000000000000e+01,4.143714085710403742e+04
5.970833333333332860e+01,3.186289271443253892e+04
5.972916666666666430e+01,3.508597447175698471e+04
5.975000000000000000e+01,4.411181243124530738e+04
5.977083333333332860e+01,4.007485478909241647e+04
5.979166666666666430e+01,3.387172348761167814e+04
5.981250000000000000e+01,3.927534036984248814e+04
5.983333333333332860e+01,4.838602402977334714e+04
5.985416666666666430e+01,4.467992781994605321e+04
5.987500000000000000e+01,3.620248579389460065e+04
5.989583333333332860e+01,3.888493593741542281e+04
5.991666666666666430e+01,4.894770006240688235e+04
5.993750000000000000e+01,4.564022100597443932e+04
5.995833333333332860e+01,3.587372250502201496e+04
5.997916666666666430e+01,3.892378971503763751e+04
6.000000000000000000e+01,4.767714843219217437e+04
6.002083333333332860e+01,4.498107746629534813e+04
6.004166666666666430e+01,3.519937409209376347e+04
6.006250000000000000e+01,3.845827285223088984e+04
6.008333333333332860e+01,4.769507000968784268e+04
6.010416666666666430e+01,4.432629214352417330e+04
6.012500000000000000e+01,3.457141567341490008e+04
6.014583333333332860e+01,3.767289848184474977e+04
6.016666666666666430e+01,4.710776799835487327e+04
6.018750000000000000e+01,4.377690338431768760e+04
6.020833333333332860e+01,3.406044796611495258e+04
6.022916666666666430e+01,3.846693415893497877e+04
6.025000000000000000e+01,4.665762082480182289e+04
6.027083333333332860e+01,4.259024425183139829e+04
6.029166666666666430e+01,3.367845968171564164e+04
6.031250000000000000e+01,3.678509887068981334e+04
6.033333333333332860e+01,4.629674011684260768e+04
6.035416666666666430e+01,4.302269717426356510e+04
6.037500000000000000e+01,3.335488843191333581e+04
6.039583333333332860e+01,3.648351647056540969e+04
6.041666666666666430e+01,4.542169650058274419e+04
6.043750000000000000e+01,4.276042634331176669e+04
6.045833333333332860e+01,3.310491740644078527e+04
6.047916666666666430e+01,3.624989958447327808e+04
6.050000000000000000e+01,4.551870580638718820e+04
6.052083333333332860e+01,4.254701633989256516e+04
6.054166666666666430e+01,3.290324682931487041e+04
6.056250000000000000e+01,3.575193577351848944e+04
6.058333333333332860e+01,4.450652303310151910e+04
6.060416666666666430e+01,4.239087526994805376e+04
6.062500000000000000e+01,3.327988138535953476e+04
6.064583333333332860e+01,3.593258492519850552e+04
6.066666666666666430e+01,4.549453924110493244e+04
6.068750000000000000e+01,4.225535030860592815e+04
6.070833333333332860e+01,3.262638224785199782e+04
6.072916666666666430e+01,3.568719245430468436e+04
6.075000000000000000e+01,4.402149920259437931e+04
6.077083333333332860e+01,4.215959629285459232e+04
6.079166666666666430e+01,3.381765669695299584e+04
6.081250000000000000e+01,3.592436956929493317e+04
6.083333333333332860e+01,4.330939769759646879e+04
6.085416666666666430e+01,4.208532701094751974e+04
6.087500000000000000e+01,3.567024153511300392e+04
6.089583333333332860e+01,3.541533093725197250e+04
6.091666666666666430e+01,4.204221006354872225e+04
6.093750000000000000e+01,4.239012013100544573e+04
6.095833333333332860e+01,3.561555586465128727e+04
6.097916666666666430e+01,3.559766412088779180e+04
6.100000000000000000e+01,4.198068051790457685e+04
6.102083333333332860e+01,4.196434336262001307e+04
6.104166666666666430e+01,3.555407225813617697e+04
6.106250000000000000e+01,3.681302034210775309e+04
6.108333333333332860e+01,4.195947507513176970e+04
6.110416666666666430e+01,4.190178129083160457e+04
6.112500000000000000e+01,3.508575256482019904e+04
6.114583333333332860e+01,3.491041353608607460e+04
6.116666666666666430e+01,4.191645942476792698e+04
6.118750000000000000e+01,4.107959290375297860e+04
6.120833333333332860e+01,3.552079897012521542e+04
6.122916666666666430e+01,3.661028518140604137e+04
6.125000000000000000e+01,4.189585829959431430e+04
6.127083333333332860e+01,4.188167141389151220e+04
6.129166666666666430e+01,3.566183012530327687e+04
6.131250000000000000e+01,3.687116381307286065e+04
6.133333333333332860e+01,4.188917973927329149e+04
6.135416666666666430e+01,4.150639514652704383e+04
6.137500000000000000e+01,3.546892905186144344e+04
6.139583333333332860e+01,3.470369619730726117e+04
6.141666666666666430e+01,4.185565424938639626e+04
6.143750000000000000e+01,4.184557621268197545e+04
6.145833333333332860e+01,3.544140230270711618e+04
6.147916666666666430e+01,3.553516580110034556e+04
6.150000000000000000e+01,4.183092050073582504e+04
6.152083333333332860e+01,4.182207530352344475e+04
6.154166666666666430e+01,3.649158310923760291e+04
6.156250000000000000e+01,3.419870517888571339e+04
6.158333333333332860e+01,4.183100846773102239e+04
6.160416666666666430e+01,4.235529839529810124e+04
6.162500000000000000e+01,3.543425149810621951e+04
6.164583333333332860e+01,3.542836660653402942e+04
6.166666666666666430e+01,4.181572656861817813e+04
6.168750000000000000e+01,4.180545865736108681e+04
6.170833333333332860e+01,3.553436121759252273e+04
6.172916666666666430e+01,3.548318940739936079e+04
6.175000000000000000e+01,4.182408151900050871e+04
6.177083333333332860e+01,4.123916154544694291e+04
6.179166666666666430e+01,3.543808518099926005e+04
6.181250000000000000e+01,3.811741622219242709e+04
6.183333333333332860e+01,4.141356433116849075e+04
6.185416666666666430e+01,4.076437330552305502e+04
6.187500000000000000e+01,3.543022710360110068e+04
6.189583333333332860e+01,3.541757837162169017e+04
6.191666666666666430e+01,4.208120515464769414e+04
6.193750000000000000e+01,4.180642807016953157e+04
6.195833333333332860e+01,3.539870770265068859e+04
6.197916666666666430e+01,3.540211524282844039e+04
6.200000000000000000e+01,4.203174911689160217e+04
6.202083333333332860e+01,4.179406594512674201e+04
6.204166666666666430e+01,3.529182726174780692e+04
6.206250000000000000e+01,3.534102993557284935e+04
6.208333333333332860e+01,4.176543003112734004e+04
6.210416666666666430e+01,4.176901961831359949e+04
6.212500000000000000e+01,3.537299578567742719e+04
6.214583333333332860e+01,3.539170425266401435e+04
6.216666666666666430e+01,4.179656002247952711e+04
6.218750000000000000e+01,4.179060625583031651e+04
6.220833333333332860e+01,3.538739161294544465e+04
6.222916666666666430e+01,3.681566426779553876e+04
6.225000000000000000e+01,4.182106595854031912e+04
6.227083333333332860e+01,4.158609713230715715e+04
6.229166666666666430e+01,3.424984872407488729e+04
6.231250000000000000e+01,3.541099422468459670e+04
6.233333333333332860e+01,4.270598054770669842e+04
6.235416666666666430e+01,4.155706131458972959e+04
6.237500000000000000e+01,3.540664367659785785e+04
6.239583333333332860e+01,3.539514430836120300e+04
6.241666666666666430e+01,4.162769357640449016e+04
6.243750000000000000e+01,4.169470473142754054e+04
6.245833333333332860e+01,3.533007466429533088e+04
6.247916666666666430e+01,3.530569146883625217e+04
6.250000000000000000e+01,4.076761226516302122e+04
6.252083333333332860e+01,4.178367435727039265e+04
6.254166666666666430e+01,3.657607164446059323e+04
6.256250000000000000e+01,3.549351405354282906e+04
6.258333333333332860e+01,4.231270933938210510e+04
6.260416666666666430e+01,4.180808624220127240e+04
6.262500000000000000e+01,3.411576048604460084e+04
6.264583333333332860e+01,3.639937070189646329e+04
6.266666666666666430e+01,4.320996185361092648e+04
6.268750000000000000e+01,4.181834015255370468e+04
6.270833333333332860e+01,3.348404093280475354e+04
6.272916666666666430e+01,3.541144220015569590e+04
6.275000000000000000e+01,4.500012409896931058e+04
6.277083333333332860e+01,4.059365495024914708e+04
6.279166666666666430e+01,3.221205314974456996e+04
6.281250000000000000e+01,3.540276168614352355e+04
6.283333333333332860e+01,4.475172752187347942e+04
6.285416666666666430e+01,4.179246915173120215e+04
6.287500000000000000e+01,3.218943194412236335e+04
6.289583333333332860e+01,3.495091925659399567e+04
6.291666666666666430e+01,4.397509170006638305e+04
6.293750000000000000e+01,4.177318702700595168e+04
6.295833333333332860e+01,3.261051620177011500e+04
6.297916666666666430e+01,3.598725099574317574e+04
6.300000000000000000e+01,4.499973628144713439e+04
6.302083333333332860e+01,4.163634989959302766e+04
6.304166666666666430e+01,3.219478597343917136e+04
6.306250000000000000e+01,3.539656146608074778e+04
6.308333333333332860e+01,4.395296352297895646e+04
6.310416666666666430e+01,4.179426513382512348e+04
6.312500000000000000e+01,3.219162992468243101e+04
6.314583333333332860e+01,3.539341918214921316e+04
6.316666666666666430e+01,4.499380405872321717e+04
6.318750000000000000e+01,4.108632739200282958e+04
6.320833333333332860e+01,3.219183786397005315e+04
6.322916666666666430e+01,3.538936511350647197e+04
6.325000000000000000e+01,4.499347087796632695e+04
6.327083333333332860e+01,4.179465875142050936e+04
6.329166666666666430e+01,3.218979355596938331e+04
6.331250000000000000e+01,3.538675659701409313e+04
6.333333333333332860e+01,4.498827869697484857e+04
6.335416666666666430e+01,4.178745457017292938e+04
6.337500000000000000e+01,3.218491354662417871e+04
6.339583333333332860e+01,3.521620095238905924e+04
6.341666666666666430e+01,4.500301948563312908e+04
6.343750000000000000e+01,4.084309032054687123e+04
6.345833333333332860e+01,3.220137559378991500e+04
6.347916666666666430e+01,3.559786241331894416e+04
6.350000000000000000e+01,4.499371746524325863e+04
6.352083333333332860e+01,4.151356589825140691e+04
6.354166666666666430e+01,3.219595384331552486e+04
6.356250000000000000e+01,3.550119457920453715e+04
6.358333333333332860e+01,4.498747272827530833e+04
6.360416666666666430e+01,4.178313928902157204e+04
6.362500000000000000e+01,3.218813586842432778e+04
6.364583333333332860e+01,3.550179211936266802e+04
6.366666666666666430e+01,4.371762253456941835e+04
6.368750000000000000e+01,4.179220683501992607e+04
6.370833333333332860e+01,3.302880058827910398e+04
6.372916666666666430e+01,3.540767618964229769e+04
6.375000000000000000e+01,4.446323711989994626e+04
6.377083333333332860e+01,4.179070844577755634e+04
6.379166666666666430e+01,3.219336618721426566e+04
6.381250000000000000e+01,3.539712302758383157e+04
6.383333333333332860e+01,4.460423441909747635e+04
6.385416666666666430e+01,4.178411981007830036e+04
6.387500000000000000e+01,3.218733496024029591e+04
6.389583333333332860e+01,3.539398474695589539e+04
6.391666666666666430e+01,4.401428744904309860e+04
6.393750000000000000e+01,4.178774282021924591e+04
6.395833333333332860e+01,3.219134508289481164e+04
6.397916666666666430e+01,3.539775611558440869e+04
6.400000000000000000e+01,4.499120856166573503e+04
6.402083333333332860e+01,4.178417199197943410e+04
6.404166666666665719e+01,3.218736256873167440e+04
6.406250000000000000e+01,3.538957543846840417e+04
6.408333333333332860e+01,4.498429836807910760e+04
6.410416666666665719e+01,4.178187743565986602e+04
6.412500000000000000e+01,3.218538423791048626e+04
6.414583333333332860e+01,3.557560153330932371e+04
6.416666666666665719e+01,4.436955542143873026e+04
6.418750000000000000e+01,4.178903494875989418e+04
6.420833333333332860e+01,3.218883655271166572e+04
6.422916666666665719e+01,3.538992073067616002e+04
6.425000000000000000e+01,4.498620566409444291e+04
6.427083333333332860e+01,4.178132937928830506e+04
6.429166666666665719e+01,3.218128476834021421e+04
6.431250000000000000e+01,3.447901680336323625e+04
6.433333333333332860e+01,4.481753935714436375e+04
6.435416666666665719e+01,4.178760835326091183e+04
6.437500000000000000e+01,3.218732907463635638e+04
6.439583333333332860e+01,3.539290780873482436e+04
6.441666666666665719e+01,4.499099371283753135e+04
6.443750000000000000e+01,4.178320367651996639e+04
6.445833333333332860e+01,3.218194291668660298e+04
6.447916666666665719e+01,3.538768644361542829e+04
6.450000000000000000e+01,4.343027524392827036e+04
6.452083333333332860e+01,4.179107545221160399e+04
6.454166666666665719e+01,3.404971926075653755e+04
6.456250000000000000e+01,3.560598124172722601e+04
6.458333333333332860e+01,4.179484805169222818e+04
6.460416666666665719e+01,4.178722500966772350e+04
6.462500000000000000e+01,3.539327108886050701e+04
6.464583333333332860e+01,3.694185866687340604e+04
6.466666666666665719e+01,4.179733354503467126e+04
6.468750000000000000e+01,3.991806652553063032e+04
6.470833333333332860e+01,3.540112596005706291e+04
6.472916666666665719e+01,3.859076230203959130e+04
6.475000000000000000e+01,4.179304308257618686e+04
6.477083333333332860e+01,3.946337245633685234e+04
6.479166666666665719e+01,3.539715497359581059e+04
6.481250000000000000e+01,3.864758836212239112e+04
6.483333333333332860e+01,4.180250392950823880e+04
6.485416666666665719e+01,3.860131277791041066e+04
6.487500000000000000e+01,3.539342427491755370e+04
6.489583333333332860e+01,3.731209207119912753e+04
6.491666666666665719e+01,4.180086596517667203e+04
6.493750000000000000e+01,3.973826891575017362e+04
6.495833333333332860e+01,3.539810228023325908e+04
6.497916666666665719e+01,3.788614517283370515e+04
6.500000000000000000e+01,4.180833030444544420e+04
6.502083333333332860e+01,3.920770555038683960e+04
6.504166666666665719e+01,3.679287962423989666e+04
6.506250000000000000e+01,3.860253047185119067e+04
6.508333333333332860e+01,4.072843329013620678e+04
6.510416666666665719e+01,3.860201884895480907e+04
6.512500000000000000e+01,3.677949721278321522e+04
6.514583333333332860e+01,3.859972622541644523e+04
6.516666666666665719e+01,4.088142733048358787e+04
6.518750000000000000e+01,3.859925209363152680e+04
6.520833333333332860e+01,3.618825693293527729e+04
6.522916666666665719e+01,3.859549060423925403e+04
6.525000000000000000e+01,4.179072358167108905e+04
6.527083333333332860e+01,3.748603600224408001e+04
6.529166666666665719e+01,3.540914822390954942e+04
6.531250000000000000e+01,3.859657109389991820e+04
6.533333333333332860e+01,4.179239862305059796e+04
6.535416666666665719e+01,3.891091931887411920e+04
6.537500000000000000e+01,3.632076269612913165e+04
6.539583333333332860e+01,3.986025131776445778e+04
6.541666666666665719e+01,4.181714651016556309e+04
6.543750000000000000e+01,3.843642247129189491e+04
6.545833333333332860e+01,3.540394297372054280e+04
6.547916666666665719e+01,3.859356145661680785e+04
6.550000000000000000e+01,4.179434111180658510e+04
6.552083333333332860e+01,3.768992509569354297e+04
6.554166666666665719e+01,3.540550476733176765e+04
6.556250000000000000e+01,3.859581032082004822e+04
6.558333333333332860e+01,4.179447077290043671e+04
6.560416666666665719e+01,3.859319603163634747e+04
6.562500000000000000e+01,3.624176531302335934e+04
6.564583333333332860e+01,3.859083752293836005e+04
6.566666666666665719e+01,4.178907425192243682e+04
6.568750000000000000e+01,3.858987080990567483e+04
6.570833333333332860e+01,3.538872461580994423e+04
6.572916666666665719e+01,3.922118860733194015e+04
6.575000000000000000e+01,4.179547814019545331e+04
6.577083333333332860e+01,3.859088372783935483e+04
6.579166666666665719e+01,3.575175198492842173e+04
6.581250000000000000e+01,3.771581224078535888e+04
6.583333333333332860e+01,4.179117982521463273e+04
6.585416666666665719e+01,3.859320332713499374e+04
6.587500000000000000e+01,3.625674145296341885e+04
6.589583333333332860e+01,3.860161307697134180e+04
6.591666666666665719e+01,4.204962816645309795e+04
6.593750000000000000e+01,3.907071639565324585e+04
6.595833333333332860e+01,3.541083316547402501e+04
6.597916666666665719e+01,3.851953562413579493e+04
6.600000000000000000e+01,4.179334084080118919e+04
6.602083333333332860e+01,3.859071209258236922e+04
6.604166666666665719e+01,3.539004756075235491e+04
6.606250000000000000e+01,3.817160601510252309e+04
6.608333333333332860e+01,4.178520133133951458e+04
6.610416666666665719e+01,3.858474973520062485e+04
6.612500000000000000e+01,3.648090992747210112e+04
6.614583333333332860e+01,3.859393418080607080e+04
6.616666666666665719e+01,4.170342596183968271e+04
6.618750000000000000e+01,3.858991357861243159e+04
6.620833333333332860e+01,3.538967650433718518e+04
6.622916666666665719e+01,3.858797657795134728e+04
6.625000000000000000e+01,4.178683853593522508e+04
6.627083333333332860e+01,3.846019983218610287e+04
6.629166666666665719e+01,3.538553999808875960e+04
6.631250000000000000e+01,3.858574690974020632e+04
6.633333333333332860e+01,4.178894508926849812e+04
6.635416666666665719e+01,3.888573687615293602e+04
6.637500000000000000e+01,3.570192939351500536e+04
6.639583333333332860e+01,3.858709416728903307e+04
6.641666666666665719e+01,4.179181292299835332e+04
6.643750000000000000e+01,3.859435311420130165e+04
6.645833333333332860e+01,3.685901053636240249e+04
6.647916666666665719e+01,3.858986006860745692e+04
6.650000000000000000e+01,4.038798615568846435e+04
6.652083333333332860e+01,3.912111208420781622e+04
6.654166666666665719e+01,3.814879683641057636e+04
6.656250000000000000e+01,3.840284828960498271e+04
6.658333333333332860e+01,3.860945861497267470e+04
6.660416666666665719e+01,3.860471832123366767e+04
6.662500000000000000e+01,3.859445677778814570e+04
6.664583333333332860e+01,3.858629323089179525e+04
6.666666666666665719e+01,3.859119443429846433e+04
6.668750000000000000e+01,3.912112964227180782e+04
6.670833333333332860e+01,3.861109593587163545e+04
6.672916666666665719e+01,3.735706647228189831e+04
6.675000000000000000e+01,3.860749015935663192e+04
6.677083333333332860e+01,4.096314546504942700e+04
6.679166666666665719e+01,3.860198073628865677e+04
6.681250000000000000e+01,3.554602322699625074e+04
6.683333333333332860e+01,3.927086696705900249e+04
6.685416666666665719e+01,4.179774805950235168e+04
6.687500000000000000e+01,3.858961601847027487e+04
6.689583333333332860e+01,3.610458770396345062e+04
6.691666666666665719e+01,3.860424845431775611e+04
6.693750000000000000e+01,4.179571017755914363e+04
6.695833333333332860e+01,3.858745616859088477e+04
6.697916666666665719e+01,3.540823387205121981e+04
6.700000000000000000e+01,4.016897964170119667e+04
6.702083333333332860e+01,4.179434484052482003e+04
6.704166666666665719e+01,3.661835729593627184e+04
6.706250000000000000e+01,3.539919655122914992e+04
6.708333333333332860e+01,4.179259398000475630e+04
6.710416666666665719e+01,4.178668813950561162e+04
6.712500000000000000e+01,3.539118454073892644e+04
6.714583333333332860e+01,3.379316319358124747e+04
6.716666666666665719e+01,4.179438135656229861e+04
6.718750000000000000e+01,4.331892302329743688e+04
6.720833333333332860e+01,3.540211898888329597e+04
6.722916666666665719e+01,3.219459984538552453e+04
6.725000000000000000e+01,4.240685177747366834e+04
6.727083333333332860e+01,4.499758493591105798e+04
6.729166666666665719e+01,3.539325562582042039e+04
6.731250000000000000e+01,3.218620412417851912e+04
6.733333333333332860e+01,4.178331877551820071e+04
6.735416666666665719e+01,4.416901085872954718e+04
6.737500000000000000e+01,3.519260985075493227e+04
6.739583333333332860e+01,3.218665707493489754e+04
6.741666666666665719e+01,4.178787052001513075e+04
6.743750000000000000e+01,4.499488598355984141e+04
6.745833333333332860e+01,3.538951087081084552e+04
6.747916666666665719e+01,3.217949157034647578e+04
6.750000000000000000e+01,4.178313737630876858e+04
6.752083333333332860e+01,4.402071197875264625e+04
6.754166666666665719e+01,3.436010207066365547e+04
6.756250000000000000e+01,3.219833962711900313e+04
6.758333333333332860e+01,4.215765242902176396e+04
6.760416666666665719e+01,4.501111294831323903e+04
6.762500000000000000e+01,3.540295967084695440e+04
6.764583333333332860e+01,3.339493826857866225e+04
6.766666666666665719e+01,4.179929666942179756e+04
6.768750000000000000e+01,4.410175447133928537e+04
6.770833333333332860e+01,3.540066303763067845e+04
6.772916666666665719e+01,3.261044941580717568e+04
6.775000000000000000e+01,4.179389954570410919e+04
6.777083333333332860e+01,4.498966809025021939e+04
6.779166666666665719e+01,3.442199233931311755e+04
6.781250000000000000e+01,3.242871731366199310e+04
6.783333333333332860e+01,4.179465395328614250e+04
6.785416666666665719e+01,4.498913834936307103e+04
6.787500000000000000e+01,3.539357197765133606e+04
6.789583333333332860e+01,3.237607551848630101e+04
6.791666666666665719e+01,4.178926530071161687e+04
6.793750000000000000e+01,4.498378068815980805e+04
6.795833333333332860e+01,3.539267397539855301e+04
6.797916666666665719e+01,3.219780879646963513e+04
6.800000000000000000e+01,4.178835351286824152e+04
6.802083333333332860e+01,4.498402701877191430e+04
6.804166666666665719e+01,3.370264837903629086e+04
6.806250000000000000e+01,3.220352621414190799e+04
6.808333333333332860e+01,4.381022044170341542e+04
6.810416666666665719e+01,4.499821662236794509e+04
6.812500000000000000e+01,3.219876890439833369e+04
6.814583333333332860e+01,3.219451491638288644e+04
6.816666666666665719e+01,4.460467077800552943e+04
6.818750000000000000e+01,4.371324505980885442e+04
6.820833333333332860e+01,3.219801700085598350e+04
6.822916666666665719e+01,3.310918506880674977e+04
6.825000000000000000e+01,4.500330215324160963e+04
6.827083333333332860e+01,4.201359950253766874e+04
6.829166666666665719e+01,3.221941424076103431e+04
6.831250000000000000e+01,3.327944259053869609e+04
6.833333333333332860e+01,4.502059978939036955e+04
6.835416666666665719e+01,4.501038995638710185e+04
6.837500000000000000e+01,3.219501240689518090e+04
6.839583333333332860e+01,3.218316286756225600e+04
6.841666666666665719e+01,4.402501139715225145e+04
6.843750000000000000e+01,4.413883594178488420e+04
6.845833333333332860e+01,3.219619644179230090e+04
6.847916666666665719e+01,3.218906281733306241e+04
6.850000000000000000e+01,4.500128866796238435e+04
6.852083333333332860e+01,4.455016651440013811e+04
6.854166666666665719e+01,3.219862490153309773e+04
6.856250000000000000e+01,3.218708640894780910e+04
6.858333333333332860e+01,4.499396218931928161e+04
6.860416666666665719e+01,4.367354115396922134e+04
6.862500000000000000e+01,3.219378267621642954e+04
6.864583333333332860e+01,3.315137456867776928e+04
6.866666666666665719e+01,4.500140801513312908e+04
6.868750000000000000e+01,4.342549849175265990e+04
6.870833333333332860e+01,3.220289022530229340e+04
6.872916666666665719e+01,3.219324436279217116e+04
6.875000000000000000e+01,4.499646225030123605e+04
6.877083333333332860e+01,4.452553653599461541e+04
6.879166666666665719e+01,3.219951340832510323e+04
6.881250000000000000e+01,3.219138367144503718e+04
6.883333333333332860e+01,4.499046152423756575e+04
6.885416666666665719e+01,4.498786087532774400e+04
6.887500000000000000e+01,3.218580394266785879e+04
6.889583333333332860e+01,3.217972396220201335e+04
6.891666666666665719e+01,4.368406981025212008e+04
6.893750000000000000e+01,4.416766031802094221e+04
6.895833333333332860e+01,3.219714487730208930e+04
6.897916666666665719e+01,3.219007577096941895e+04
6.900000000000000000e+01,4.499535480609541992e+04
6.902083333333332860e+01,4.429568021371055511e+04
6.904166666666665719e+01,3.220212102027515721e+04
6.906250000000000000e+01,3.219186784162863114e+04
6.908333333333332860e+01,4.499266350984918972e+04
6.910416666666665719e+01,4.369189317508751265e+04
6.912500000000000000e+01,3.219533828888573771e+04
6.914583333333332860e+01,3.286128094829046313e+04
6.916666666666665719e+01,4.499916340477282210e+04
6.918750000000000000e+01,4.468323730492263712e+04
6.920833333333332860e+01,3.219047350193579405e+04
6.922916666666665719e+01,3.218177437163738796e+04
6.925000000000000000e+01,4.426747369436199369e+04
6.927083333333332860e+01,4.340850124966801377e+04
6.929166666666665719e+01,3.219953875798227091e+04
6.931250000000000000e+01,3.279009102362611884e+04
6.933333333333332860e+01,4.500503728863871220e+04
6.935416666666665719e+01,4.499973713015522662e+04
6.937500000000000000e+01,3.219086806839900237e+04
6.939583333333332860e+01,3.218328738485880967e+04
6.941666666666665719e+01,4.464195290782750089e+04
6.943750000000000000e+01,4.351011653364465747e+04
6.945833333333332860e+01,3.220456485633441480e+04
6.947916666666665719e+01,3.278846449996610318e+04
6.950000000000000000e+01,4.500315292885437520e+04
6.952083333333332860e+01,4.412700554429749172e+04
6.954166666666665719e+01,3.219597310818209735e+04
6.956250000000000000e+01,3.218727274781300730e+04
6.958333333333332860e+01,4.499166340197624231e+04
6.960416666666665719e+01,4.353086079760465509e+04
6.962500000000000000e+01,3.219695294457326236e+04
6.964583333333332860e+01,3.324693567741932202e+04
6.966666666666665719e+01,4.500139947542356822e+04
6.968750000000000000e+01,4.344675549593280448e+04
6.970833333333332860e+01,3.220517470744272941e+04
6.972916666666665719e+01,3.282558625001877954e+04
6.975000000000000000e+01,4.500039788765926642e+04
6.977083333333332860e+01,4.346857744435311179e+04
6.979166666666665719e+01,3.219839570427052240e+04
6.981250000000000000e+01,3.367150010586276039e+04
6.983333333333332860e+01,4.500225641210826143e+04
6.985416666666665719e+01,4.107403237194520625e+04
6.987500000000000000e+01,3.283699597172115318e+04
6.989583333333332860e+01,3.593014010129034432e+04
6.991666666666665719e+01,4.491070807783088094e+04
6.993750000000000000e+01,4.175850125739268697e+04
6.995833333333332860e+01,3.218970426147024773e+04
6.997916666666665719e+01,3.466391967737512459e+04
7.000000000000000000e+01,4.461377431636774418e+04
7.002083333333332860e+01,4.161025634794087091e+04
7.004166666666665719e+01,3.219330566046483364e+04
7.006250000000000000e+01,3.539563183176680468e+04
7.008333333333332860e+01,4.498984686537458037e+04
7.010416666666665719e+01,4.178190366669518698e+04
7.012500000000000000e+01,3.218463032668409141e+04
7.014583333333332860e+01,3.602932068998608884e+04
7.016666666666665719e+01,4.418227029674621008e+04
7.018750000000000000e+01,4.179185670109377679e+04
7.020833333333332860e+01,3.219649960319794991e+04
7.022916666666665719e+01,3.540117743320536829e+04
7.025000000000000000e+01,4.499489030810096301e+04
7.027083333333332860e+01,4.178833735291761695e+04
7.029166666666665719e+01,3.218783107119146734e+04
7.031250000000000000e+01,3.538900362856017455e+04
7.033333333333332860e+01,4.449252762181123398e+04
7.035416666666665719e+01,4.054591454958679969e+04
7.037500000000000000e+01,3.219386052142401968e+04
7.039583333333332860e+01,3.657125523105814500e+04
7.041666666666665719e+01,4.500522382386871323e+04
7.043750000000000000e+01,4.067324422131994652e+04
7.045833333333332860e+01,3.219535637864208547e+04
7.047916666666665719e+01,3.624390279796813411e+04
7.050000000000000000e+01,4.398813006865384523e+04
7.052083333333332860e+01,4.180348249918904185e+04
7.054166666666665719e+01,3.219365926751924781e+04
7.056250000000000000e+01,3.539170515980201162e+04
7.058333333333332860e+01,4.499382844008992834e+04
7.060416666666665719e+01,4.179226651183137437e+04
7.062500000000000000e+01,3.218512881762580582e+04
7.064583333333332860e+01,3.538064952862561040e+04
7.066666666666665719e+01,4.498618155438189569e+04
7.068750000000000000e+01,4.165990341189437459e+04
7.070833333333332860e+01,3.218649333575732089e+04
7.072916666666665719e+01,3.538151597211777698e+04
7.075000000000000000e+01,4.498116183821779850e+04
7.077083333333332860e+01,-1.515940409683426333e+04
7.079166666666665719e+01,4.854763569715608173e+04
7.081250000000000000e+01,4.531001420552257332e+04
7.083333333333332860e+01,3.921824483411305846e+04
7.085416666666665719e+01,3.690948823131008976e+04
7.087500000000000000e+01,3.873683651243992790e+04
7.089583333333332860e+01,4.016886862038607796e+04
7.091666666666665719e+01,3.698320037168970157e+04
7.093750000000000000e+01,3.793175740263637272e+04
7.095833333333332860e+01,4.023109796183997969e+04
7.097916666666665719e+01,3.996493175080772198e+04
7.100000000000000000e+01,3.698689041596712923e+04
7.102083333333332860e+01,3.710777435724272800e+04
7.104166666666665719e+01,4.013907269443281984e+04
7.106250000000000000e+01,4.021282492272845411e+04
7.108333333333332860e+01,3.724902908154276520e+04
7.110416666666665719e+01,3.671971771319286927e+04
7.112500000000000000e+01,4.032655725652277033e+04
7.114583333333332860e+01,3.975889323269762099e+04
7.116666666666665719e+01,3.615300956022385799e+04
7.118750000000000000e+01,3.786650790463824524e+04
7.120833333333332860e+01,4.092223796829565254e+04
7.122916666666665719e+01,3.870478010407347028e+04
7.125000000000000000e+01,3.775520206380003219e+04
7.127083333333332860e+01,3.924322241154048970e+04
7.129166666666665719e+01,3.862568524366499332e+04
7.131250000000000000e+01,3.880142612875187478e+04
7.133333333333332860e+01,3.886045060689765523e+04
7.135416666666665719e+01,3.834871729294618854e+04
7.137500000000000000e+01,3.870840662677561340e+04
7.139583333333332860e+01,3.918060729563719360e+04
7.141666666666665719e+01,3.838825727119886869e+04
7.143750000000000000e+01,3.824469188665031834e+04
7.145833333333332860e+01,3.946344223792330740e+04
7.147916666666665719e+01,3.865538242624928534e+04
7.150000000000000000e+01,3.781171934242497809e+04
7.152083333333332860e+01,3.953118443964831386e+04
7.154166666666665719e+01,3.916139184908872994e+04
7.156250000000000000e+01,3.758363359483316890e+04
7.158333333333332860e+01,3.949209079885427491e+04
7.160416666666665719e+01,4.025379839368382818e+04
7.162500000000000000e+01,3.634312877175583708e+04
7.164583333333332860e+01,3.886953401151111757e+04
7.166666666666665719e+01,4.185664437813809491e+04
7.168750000000000000e+01,3.572069131633787765e+04
7.170833333333332860e+01,3.690714321187795576e+04
7.172916666666665719e+01,4.182356680957436765e+04
7.175000000000000000e+01,4.114517660205811990e+04
7.177083333333332860e+01,3.540088021411981754e+04
7.179166666666665719e+01,3.539469703328765172e+04
7.181250000000000000e+01,4.142626687339503405e+04
7.183333333333332860e+01,4.177913070489752863e+04
7.185416666666665719e+01,3.537039089576821425e+04
7.187500000000000000e+01,3.537956177298435068e+04
7.189583333333332860e+01,4.178025643693695019e+04
7.191666666666665719e+01,4.177031712205790245e+04
7.193750000000000000e+01,3.536457978083803027e+04
7.195833333333332860e+01,3.640465514023821743e+04
7.197916666666665719e+01,4.102618105614723754e+04
7.200000000000000000e+01,4.179558733306570502e+04
7.202083333333332860e+01,3.538853107849728985e+04
7.204166666666665719e+01,3.539787090122109657e+04
7.206250000000000000e+01,4.179532971534701937e+04
7.208333333333332860e+01,4.210391329558037251e+04
7.210416666666665719e+01,3.632700138971170236e+04
7.212500000000000000e+01,3.539143029945540911e+04
7.214583333333332860e+01,4.123660531646816526e+04
7.216666666666665719e+01,4.171234822294056357e+04
7.218750000000000000e+01,3.538918928310253250e+04
7.220833333333332860e+01,3.538188025842107163e+04
7.222916666666665719e+01,4.177596575885231869e+04
7.225000000000000000e+01,4.178596512701290339e+04
7.227083333333332860e+01,3.565075224002074538e+04
7.229166666666665719e+01,3.538142851090209297e+04
7.231250000000000000e+01,4.177526237647672679e+04
7.233333333333332860e+01,4.179300460528220719e+04
7.235416666666665719e+01,3.538714527525663289e+04
7.237500000000000000e+01,3.538136331324392813e+04
7.239583333333332860e+01,4.177390000546559895e+04
7.241666666666665719e+01,4.179450596568627225e+04
7.243750000000000000e+01,3.531754157078752178e+04
7.245833333333332860e+01,3.634018134264827677e+04
7.247916666666665719e+01,4.179434547208711592e+04
7.250000000000000000e+01,4.180880652952501259e+04
7.252083333333332860e+01,3.588535137089068303e+04
7.254166666666665719e+01,3.539598867287745816e+04
7.256250000000000000e+01,4.178767050595281762e+04
7.258333333333332860e+01,4.180369377716831514e+04
7.260416666666665719e+01,3.540491481425154052e+04
7.262500000000000000e+01,3.539395612197604351e+04
7.264583333333332860e+01,4.177188489903422305e+04
7.266666666666665719e+01,4.179131336187600391e+04
7.268750000000000000e+01,3.538691727094059752e+04
7.270833333333332860e+01,3.468112249629426515e+04
7.272916666666665719e+01,4.294267547884157102e+04
7.275000000000000000e+01,4.179970415440019860e+04
7.277083333333332860e+01,3.399554030333433911e+04
7.279166666666665719e+01,3.541621561420814396e+04
7.281250000000000000e+01,4.408642297315299948e+04
7.283333333333332860e+01,4.180421259781823755e+04
7.285416666666665719e+01,3.219862095773807960e+04
7.287500000000000000e+01,3.542819139871547668e+04
7.289583333333332860e+01,4.464711190044591785e+04
7.291666666666665719e+01,4.181287022142847854e+04
7.293750000000000000e+01,3.220822747057623201e+04
7.295833333333332860e+01,3.541686843161626166e+04
7.297916666666665719e+01,4.501396705032476166e+04
7.300000000000000000e+01,4.155141909856755956e+04
7.302083333333332860e+01,3.219627088306141741e+04
7.304166666666665719e+01,3.539756104470675928e+04
7.306250000000000000e+01,4.491576132705639611e+04
7.308333333333332860e+01,4.042118464469674655e+04
7.310416666666665719e+01,3.219705016731903015e+04
7.312500000000000000e+01,3.676454153187786142e+04
7.314583333333332860e+01,4.500936774682945543e+04
7.316666666666665719e+01,3.976827369607504806e+04
7.318750000000000000e+01,3.220305850757624648e+04
7.320833333333332860e+01,3.860163022136297513e+04
7.322916666666665719e+01,4.356948202841636521e+04
7.325000000000000000e+01,3.860004922301037004e+04
7.327083333333332860e+01,3.262306019968590408e+04
7.329166666666665719e+01,3.860102150277701003e+04
7.331250000000000000e+01,4.499501730791971931e+04
7.333333333333332860e+01,3.793809611558247707e+04
7.335416666666665719e+01,3.342883785875073954e+04
7.337500000000000000e+01,3.860355652627848031e+04
7.339583333333332860e+01,4.410482040296310879e+04
7.341666666666665719e+01,3.860748405574126082e+04
7.343750000000000000e+01,3.348496822022749984e+04
7.345833333333332860e+01,3.859795690119061328e+04
7.347916666666665719e+01,4.347161369699866918e+04
7.350000000000000000e+01,4.095519096330420143e+04
7.352083333333332860e+01,3.870523636214291037e+04
7.354166666666665719e+01,4.196323028122152755e+04
7.356250000000000000e+01,4.587254470103431959e+04
7.358333333333332860e+01,4.280473822850330907e+04
7.360416666666665719e+01,3.959932292528572725e+04
7.362500000000000000e+01,4.270947268310279469e+04
7.364583333333332860e+01,4.578287098963857716e+04
7.366666666666665719e+01,4.243195017329569964e+04
7.368750000000000000e+01,3.905956093091789080e+04
7.370833333333332860e+01,4.253967795531448064e+04
7.372916666666665719e+01,4.512650502825968579e+04
7.375000000000000000e+01,4.175338460467444384e+04
7.377083333333332860e+01,3.838021473044587037e+04
7.379166666666665719e+01,4.142303051684723323e+04
7.381250000000000000e+01,4.448014459557718510e+04
7.383333333333332860e+01,4.173655838241481251e+04
7.385416666666665719e+01,3.779777748788239842e+04
7.387500000000000000e+01,4.086953713766020519e+04
7.389583333333332860e+01,4.395318802811297064e+04
7.391666666666665719e+01,4.193753983397672710e+04
7.393750000000000000e+01,3.733423102567777096e+04
7.395833333333332860e+01,3.972700530079992313e+04
7.397916666666665719e+01,4.352998490825941553e+04
7.400000000000000000e+01,4.023739284487981058e+04
7.402083333333332860e+01,3.695095377244609699e+04
7.404166666666665719e+01,4.006563512641518901e+04
7.406250000000000000e+01,4.318368914230194787e+04
7.408333333333332860e+01,3.991215674413496890e+04
7.410416666666665719e+01,3.725816649741486617e+04
7.412500000000000000e+01,3.978625861143201473e+04
7.414583333333332860e+01,4.291901382746671152e+04
7.416666666666665719e+01,3.966438158268940606e+04
7.418750000000000000e+01,3.641539802072746534e+04
7.420833333333332860e+01,3.955905635959467327e+04
7.422916666666665719e+01,4.270345790389618196e+04
7.425000000000000000e+01,4.037864914116273576e+04
7.427083333333332860e+01,3.632243128592718131e+04
7.429166666666665719e+01,3.938760723727911682e+04
7.431250000000000000e+01,4.251675594707948767e+04
7.433333333333332860e+01,3.927086828211746615e+04
7.435416666666665719e+01,3.603055973275125871e+04
7.437500000000000000e+01,3.918496879103936953e+04
7.439583333333332860e+01,4.234819874609624821e+04
7.441666666666665719e+01,3.917993998508856021e+04
7.443750000000000000e+01,3.724819463814992196e+04
7.445833333333332860e+01,3.908108175373006816e+04
7.447916666666665719e+01,4.109268065926661075e+04
7.450000000000000000e+01,4.023970347519528150e+04
7.452083333333332860e+01,3.690442204412160208e+04
7.454166666666665719e+01,3.824507955707168003e+04
7.456250000000000000e+01,4.193399555883889843e+04
7.458333333333332860e+01,3.898988557173087611e+04
7.460416666666665719e+01,3.576358865127764875e+04
7.462500000000000000e+01,3.894466655316419201e+04
7.464583333333332860e+01,4.213574991680350649e+04
7.466666666666665719e+01,3.921757290459859360e+04
7.468750000000000000e+01,3.570639330256620451e+04
7.470833333333332860e+01,3.889670443479546520e+04
7.472916666666665719e+01,4.209407964974241622e+04
7.475000000000000000e+01,3.888425028004521300e+04
7.477083333333332860e+01,3.688858769061965722e+04
7.479166666666665719e+01,3.886617051428340346e+04
7.481250000000000000e+01,3.974850992563379987e+04
7.483333333333332860e+01,3.556381953140917904e+04
7.485416666666665719e+01,2.842885273467586012e+04
7.487500000000000000e+01,3.134308484141439840e+04
7.489583333333332860e+01,3.780498338533557398e+04
7.491666666666665719e+01,3.751385267192983883e+04
7.493750000000000000e+01,3.054297656175422526e+04
7.495833333333332860e+01,3.255361452429958808e+04
7.497916666666665719e+01,4.255463325573326438e+04
7.500000000000000000e+01,3.919239922106975428e+04
7.502083333333332860e+01,3.062854361877852716e+04
7.504166666666665719e+01,3.426221230140592525e+04
7.506250000000000000e+01,4.419646807708427514e+04
7.508333333333332860e+01,4.355150754091082490e+04
7.510416666666665719e+01,3.183956700393632491e+04
7.512500000000000000e+01,3.523405450180637126e+04
7.514583333333332860e+01,4.501348851278900111e+04
7.516666666666665719e+01,4.346545919759167009e+04
7.518750000000000000e+01,3.368644462218056287e+04
7.520833333333332860e+01,3.572093256637384911e+04
7.522916666666665719e+01,4.541861500687238004e+04
7.525000000000000000e+01,4.136971847435011296e+04
7.527083333333332860e+01,3.424082025616849569e+04
7.529166666666665719e+01,3.600692683028921601e+04
7.531250000000000000e+01,4.567963505333440116e+04
7.533333333333332860e+01,4.257705935554950702e+04
7.535416666666665719e+01,3.298862951606928982e+04
7.537500000000000000e+01,3.610637640299893974e+04
7.539583333333332860e+01,4.566745199123740167e+04
7.541666666666665719e+01,4.249930755765918730e+04
7.543750000000000000e+01,3.396721353067993914e+04
7.545833333333332860e+01,3.688099552596863941e+04
7.547916666666665719e+01,4.548282564626938984e+04
7.550000000000000000e+01,4.228122233351922478e+04
7.552083333333332860e+01,3.262512247253511669e+04
7.554166666666665719e+01,3.397688344762985798e+04
7.556250000000000000e+01,4.513043614061397966e+04
7.558333333333332860e+01,4.108240849124340457e+04
7.560416666666665719e+01,3.217211864320925088e+04
7.562500000000000000e+01,3.529672295455745916e+04
7.564583333333332860e+01,4.207083498703601072e+04
7.566666666666665719e+01,4.152758291914055008e+04
7.568750000000000000e+01,3.507367580429396185e+04
7.570833333333332860e+01,3.350998513266466762e+04
7.572916666666665719e+01,4.144852878753212281e+04
7.575000000000000000e+01,4.328099671480967663e+04
7.577083333333332860e+01,3.477408842918564187e+04
7.579166666666665719e+01,3.259741110904248490e+04
7.581250000000000000e+01,4.143788818110735156e+04
7.583333333333332860e+01,4.464966319672331883e+04
7.585416666666665719e+01,3.415529526909773995e+04
7.587500000000000000e+01,3.188792285127974901e+04
7.589583333333332860e+01,4.096270719978942361e+04
7.591666666666665719e+01,4.362894513291067415e+04
7.593750000000000000e+01,3.517358903014693351e+04
7.595833333333332860e+01,3.197227416064624776e+04
7.597916666666665719e+01,4.158164955913968879e+04
7.600000000000000000e+01,4.468672855081833404e+04
7.602083333333332860e+01,3.383605998109099164e+04
7.604166666666665719e+01,3.204124428248905679e+04
7.606250000000000000e+01,4.356584003065899742e+04
7.608333333333332860e+01,4.488579673467515386e+04
7.610416666666665719e+01,3.208773930503769225e+04
7.612500000000000000e+01,3.241977721608807042e+04
7.614583333333332860e+01,4.474656554470967967e+04
7.616666666666665719e+01,4.258937097967536829e+04
7.618750000000000000e+01,3.169021988616564340e+04
7.620833333333332860e+01,3.105408665865111107e+04
7.622916666666665719e+01,4.052441940328308556e+04
7.625000000000000000e+01,4.075389418998765905e+04
7.627083333333332860e+01,2.842383284431844004e+04
7.629166666666665719e+01,2.930525538167897321e+04
7.631250000000000000e+01,4.024716246100755961e+04
7.633333333333332860e+01,4.200104938193956332e+04
7.635416666666665719e+01,3.281272571542226797e+04
7.637500000000000000e+01,3.059223363332177178e+04
7.639583333333332860e+01,3.724377215478747530e+04
7.641666666666665719e+01,4.315526873072893795e+04
7.643750000000000000e+01,3.456289925363558723e+04
7.645833333333332860e+01,3.137948058877134463e+04
7.647916666666665719e+01,3.934017749111920421e+04
7.650000000000000000e+01,4.284055282607996924e+04
7.652083333333332860e+01,3.491716267375837924e+04
7.654166666666665719e+01,3.213267319054582549e+04
7.656250000000000000e+01,4.150768971806429181e+04
7.658333333333332860e+01,4.125723803367534128e+04
7.660416666666665719e+01,3.527040549776993430e+04
7.662500000000000000e+01,3.538676125703035359e+04
7.664583333333332860e+01,3.893046279253478860e+04
7.666666666666665719e+01,4.178162476521531062e+04
7.668750000000000000e+01,3.878974353448807960e+04
7.670833333333332860e+01,3.754572710327326786e+04
7.672916666666665719e+01,3.873383657962649158e+04
7.675000000000000000e+01,3.806154069960193738e+04
7.677083333333332860e+01,3.873363831605511223e+04
7.679166666666665719e+01,3.869788737513510569e+04
7.681250000000000000e+01,4.024338642954226088e+04
7.683333333333332860e+01,3.853431363653018343e+04
7.685416666666665719e+01,3.854032606749581464e+04
7.687500000000000000e+01,3.849236539252047805e+04
7.689583333333332860e+01,3.983774860907752009e+04
7.691666666666665719e+01,3.862186254274564271e+04
7.693750000000000000e+01,3.822885353686037706e+04
7.695833333333332860e+01,3.815970566776113992e+04
7.697916666666665719e+01,3.838734829794507823e+04
7.700000000000000000e+01,4.036470050549275038e+04
7.702083333333332860e+01,3.801110770880432392e+04
7.704166666666665719e+01,3.527219945095210278e+04
7.706250000000000000e+01,3.999616474169897265e+04
7.708333333333332860e+01,4.117842640867958107e+04
7.710416666666665719e+01,3.544868548509726679e+04
7.712500000000000000e+01,3.531451078649966075e+04
7.714583333333332860e+01,4.121841432809976686e+04
7.716666666666665719e+01,3.993118289641428419e+04
7.718750000000000000e+01,3.486734853794256924e+04
7.720833333333332860e+01,3.848674857951168815e+04
7.722916666666665719e+01,4.098109164612297900e+04
7.725000000000000000e+01,3.813258620271769178e+04
7.727083333333332860e+01,3.495604343370125571e+04
7.729166666666665719e+01,3.816035467247654014e+04
7.731250000000000000e+01,4.136461285836934258e+04
7.733333333333332860e+01,3.819024677908814920e+04
7.735416666666665719e+01,3.635333810846121196e+04
7.737500000000000000e+01,3.823221331865314278e+04
7.739583333333332860e+01,4.027080733076881006e+04
7.741666666666665719e+01,3.827103108298639563e+04
7.743750000000000000e+01,3.637544872027195379e+04
7.745833333333332860e+01,3.829141242543056433e+04
7.747916666666665719e+01,4.168882952496715006e+04
7.750000000000000000e+01,4.212433838995781116e+04
7.752083333333332860e+01,4.213756778281442530e+04
7.754166666666665719e+01,4.066686073283384758e+04
7.756250000000000000e+01,4.261716840398048953e+04
7.758333333333332860e+01,4.399107178197064786e+04
7.760416666666665719e+01,4.255043261749004159e+04
7.762500000000000000e+01,4.109777918246311310e+04
7.764583333333332860e+01,4.227632598994946602e+04
7.766666666666665719e+01,4.456018481689396140e+04
7.768750000000000000e+01,4.194819921975299803e+04
7.770833333333332860e+01,3.856490850295119162e+04
7.772916666666665719e+01,4.261835423779941630e+04
7.775000000000000000e+01,4.465148017303302913e+04
7.777083333333332860e+01,4.128092513863777276e+04
7.779166666666665719e+01,3.791702998327579553e+04
7.781250000000000000e+01,4.097752872422536166e+04
7.783333333333332860e+01,4.405013644463330274e+04
7.785416666666665719e+01,4.071522838579430390e+04
7.787500000000000000e+01,3.738375162693033053e+04
7.789583333333332860e+01,4.047308067411259981e+04
7.791666666666665719e+01,4.356911787095685577e+04
7.793750000000000000e+01,4.025907502233164269e+04
7.795833333333332860e+01,3.857309928116504307e+04
7.797916666666665719e+01,4.007954770993714919e+04
7.800000000000000000e+01,4.318820519448786217e+04
7.802083333333332860e+01,3.958473473911352630e+04
7.804166666666665719e+01,3.662832608874830476e+04
7.806250000000000000e+01,3.975476221757274470e+04
7.808333333333332860e+01,4.288339126173246041e+04
7.810416666666665719e+01,3.961763446572624525e+04
7.812500000000000000e+01,3.635932287771179836e+04
7.814583333333332860e+01,4.055414434783037723e+04
7.816666666666665719e+01,4.264949283284872945e+04
7.818750000000000000e+01,3.940152320304226305e+04
7.820833333333332860e+01,3.562980208736085478e+04
7.822916666666665719e+01,3.931282166517180303e+04
7.825000000000000000e+01,4.246580262066108844e+04
7.827083333333332860e+01,3.923263984564442217e+04
7.829166666666665719e+01,3.599679148986747896e+04
7.831250000000000000e+01,3.915392532618973200e+04
7.833333333333332860e+01,4.231908793475923449e+04
7.835416666666665719e+01,3.909227755743352463e+04
7.837500000000000000e+01,3.595813274004797859e+04
7.839583333333332860e+01,3.903337545418443187e+04
7.841666666666665719e+01,4.237948905323037616e+04
7.843750000000000000e+01,3.897837390804583265e+04
7.845833333333332860e+01,3.694341129126127635e+04
7.847916666666665719e+01,3.894643055150152941e+04
7.850000000000000000e+01,4.345223003538898047e+04
7.852083333333332860e+01,3.890410944387331256e+04
7.854166666666665719e+01,3.415934659351853770e+04
7.856250000000000000e+01,3.888177018047805177e+04
7.858333333333332860e+01,4.449621070303219312e+04
7.860416666666665719e+01,3.878580798206422332e+04
7.862500000000000000e+01,3.242769110882997484e+04
7.864583333333332860e+01,3.880921128605359991e+04
7.866666666666665719e+01,4.519213838344701071e+04
7.868750000000000000e+01,3.877624113377456524e+04
7.870833333333332860e+01,3.236496804235127638e+04
7.872916666666665719e+01,3.875071456342963938e+04
7.875000000000000000e+01,4.514517545004652493e+04
7.877083333333332860e+01,3.777607389420684194e+04
7.879166666666665719e+01,3.233106243489365079e+04
7.881250000000000000e+01,3.902659239946766320e+04
7.883333333333332860e+01,4.372382818693767331e+04
7.885416666666665719e+01,3.818871355700014101e+04
7.887500000000000000e+01,3.265365662021035678e+04
7.889583333333332860e+01,3.871024497108950163e+04
7.891666666666665719e+01,4.510433558808092494e+04
7.893750000000000000e+01,3.869171853805477440e+04
7.895833333333332860e+01,3.233950599324622090e+04
7.897916666666665719e+01,3.983710631912521785e+04
7.900000000000000000e+01,4.507481129469814914e+04
7.902083333333332860e+01,3.763707681493761629e+04
7.904166666666665719e+01,3.227101276512453842e+04
7.906250000000000000e+01,3.905452305925635301e+04
7.908333333333332860e+01,4.505264840952807572e+04
7.910416666666665719e+01,3.864182592705698335e+04
7.912500000000000000e+01,3.224664063610641460e+04
7.914583333333332860e+01,3.936657464749609790e+04
7.916666666666665719e+01,4.503833913392629620e+04
7.918750000000000000e+01,3.863051823117008462e+04
7.920833333333332860e+01,3.223939446415980274e+04
7.922916666666665719e+01,3.863690093054097815e+04
7.925000000000000000e+01,4.502658269688018481e+04
7.927083333333332860e+01,3.862008418953041837e+04
7.929166666666665719e+01,3.222288442099755775e+04
7.931250000000000000e+01,3.861818902468853776e+04
7.933333333333332860e+01,4.390826588785032072e+04
7.935416666666665719e+01,3.747197392239003239e+04
7.937500000000000000e+01,3.223167859947560282e+04
7.939583333333332860e+01,3.946486307535755623e+04
7.941666666666665719e+01,4.493874878800230363e+04
7.943750000000000000e+01,3.719026653041318787e+04
7.945833333333332860e+01,3.245110341965542102e+04
7.947916666666665719e+01,4.087509519371674105e+04
7.950000000000000000e+01,4.502779520229907212e+04
7.952083333333332860e+01,3.405964550609836442e+04
7.954166666666665719e+01,3.221541318578628125e+04
7.956250000000000000e+01,4.261485651363317447e+04
7.958333333333332860e+01,4.502663957994442171e+04
7.960416666666665719e+01,3.507309012175156386e+04
7.962500000000000000e+01,3.220614372404604364e+04
7.964583333333332860e+01,4.180204410175485100e+04
7.966666666666665719e+01,4.500447087703291618e+04
7.968750000000000000e+01,3.434041993710288079e+04
7.970833333333332860e+01,3.220376290132952636e+04
7.972916666666665719e+01,4.194084248774006846e+04
7.975000000000000000e+01,4.500116254032098368e+04
7.977083333333332860e+01,3.540343047565616143e+04
7.979166666666665719e+01,3.349068079720785317e+04
7.981250000000000000e+01,4.180306185007235035e+04
7.983333333333332860e+01,4.343989666409659549e+04
7.985416666666665719e+01,3.541222395667440287e+04
7.987500000000000000e+01,3.526070330563504103e+04
7.989583333333332860e+01,4.148246482342448144e+04
7.991666666666665719e+01,4.181493845813497319e+04
7.993750000000000000e+01,3.540474935665147495e+04
7.995833333333332860e+01,3.540097304925786739e+04
7.997916666666665719e+01,4.179576118692555610e+04
8.000000000000000000e+01,4.179252512376992672e+04
8.002083333333332860e+01,3.538834466196671565e+04
8.004166666666665719e+01,3.539283610103445972e+04
8.006250000000000000e+01,4.237560412637879199e+04
8.008333333333332860e+01,4.179566674546591094e+04
8.010416666666665719e+01,3.539360098478615691e+04
8.012500000000000000e+01,3.540049147219252336e+04
8.014583333333332860e+01,4.179902775249948900e+04
8.016666666666665719e+01,4.179577285820020188e+04
8.018750000000000000e+01,3.502806788242368202e+04
8.020833333333332860e+01,3.619109703475335846e+04
8.022916666666665719e+01,4.180850856542641850e+04
8.025000000000000000e+01,4.180271306913710578e+04
8.027083333333332860e+01,3.498414908361091511e+04
8.029166666666665719e+01,3.531429254535429209e+04
8.031250000000000000e+01,4.214320528037529584e+04
8.033333333333332860e+01,4.174986757450373989e+04
8.035416666666665719e+01,3.536184814539149374e+04
8.037500000000000000e+01,3.537305903342836245e+04
8.039583333333332860e+01,4.177824194530984096e+04
8.041666666666665719e+01,4.163335895069686376e+04
8.043750000000000000e+01,3.538386422642413527e+04
8.045833333333332860e+01,3.539011785164164030e+04
8.047916666666665719e+01,4.095091526084951329e+04
8.050000000000000000e+01,4.179662212943247869e+04
8.052083333333332860e+01,3.539476978309211700e+04
8.054166666666665719e+01,3.540193765654857270e+04
8.056250000000000000e+01,4.179974297960025433e+04
8.058333333333332860e+01,4.222231612927713286e+04
8.060416666666665719e+01,3.608130710370794986e+04
8.062500000000000000e+01,3.540010123060556361e+04
8.064583333333332860e+01,4.223626302314880013e+04
8.066666666666665719e+01,4.179638725537134451e+04
8.068750000000000000e+01,3.539015545898035634e+04
8.070833333333332860e+01,3.610208764005503326e+04
8.072916666666665719e+01,4.140542805888445582e+04
8.075000000000000000e+01,4.180129290676803066e+04
8.077083333333332860e+01,3.539242450541476137e+04
8.079166666666665719e+01,3.539545208913190436e+04
8.081250000000000000e+01,4.179277357607931481e+04
8.083333333333332860e+01,4.178871796707753674e+04
8.085416666666665719e+01,3.538496961155847384e+04
8.087500000000000000e+01,3.538795078888489661e+04
8.089583333333332860e+01,4.178605634000719874e+04
8.091666666666665719e+01,4.178686391867176280e+04
8.093750000000000000e+01,3.538535600837423408e+04
8.095833333333332860e+01,3.605293874861443328e+04
8.097916666666665719e+01,4.179487933292822709e+04
8.100000000000000000e+01,4.179642937572905794e+04
8.102083333333332860e+01,3.449518442964568385e+04
8.104166666666665719e+01,3.539401611313511967e+04
8.106250000000000000e+01,4.178895633470561006e+04
8.108333333333332860e+01,4.179781026231154101e+04
8.110416666666665719e+01,3.539648676388359308e+04
8.112500000000000000e+01,3.538938959184691339e+04
8.114583333333332860e+01,4.293593099316999724e+04
8.116666666666665719e+01,4.179779866059778578e+04
8.118750000000000000e+01,3.448790151422446797e+04
8.120833333333332860e+01,3.539684017600905645e+04
8.122916666666665719e+01,4.188332168867042492e+04
8.125000000000000000e+01,4.179271901318273012e+04
8.127083333333332860e+01,3.538888988024249556e+04
8.129166666666665719e+01,3.630962461555746995e+04
8.131250000000000000e+01,4.238215983438044350e+04
8.133333333333332860e+01,4.180293587968823704e+04
8.135416666666665719e+01,3.539507503599576739e+04
8.137500000000000000e+01,3.539867652999854909e+04
8.139583333333332860e+01,4.179601328450271103e+04
8.141666666666665719e+01,4.178884631907190487e+04
8.143750000000000000e+01,3.538323965857639996e+04
8.145833333333332860e+01,3.539072152694874239e+04
8.147916666666665719e+01,4.058924927639031375e+04
8.150000000000000000e+01,4.179539282285861555e+04
8.152083333333332860e+01,3.607670405311716604e+04
8.154166666666665719e+01,3.540712630404740776e+04
8.156250000000000000e+01,4.153992933997685759e+04
8.158333333333332860e+01,4.179730070890126080e+04
8.160416666666665719e+01,3.734269885821711068e+04
8.162500000000000000e+01,3.848772971804542613e+04
8.164583333333332860e+01,4.552791423259003932e+04
8.166666666666665719e+01,4.585639377639984741e+04
8.168750000000000000e+01,3.958091516760516970e+04
8.170833333333332860e+01,3.958145756199491007e+04
8.172916666666665719e+01,4.590075520669693651e+04
8.175000000000000000e+01,4.578062550651882339e+04
8.177083333333332860e+01,3.908353984982017573e+04
8.179166666666665719e+01,3.978027140035559569e+04
8.181250000000000000e+01,4.529949024023064703e+04
8.183333333333332860e+01,4.513009968459669471e+04
8.185416666666665719e+01,3.855798080681695865e+04
8.187500000000000000e+01,3.838698123500639485e+04
8.189583333333332860e+01,4.462365640311210154e+04
8.191666666666665719e+01,4.448133158770411683e+04
8.193750000000000000e+01,3.787385155365597893e+04
8.195833333333332860e+01,3.779622584286169149e+04
8.197916666666665719e+01,4.406238574707521184e+04
8.200000000000000000e+01,4.395065027547808859e+04
8.202083333333332860e+01,3.743663370495928393e+04
8.204166666666665719e+01,3.830932026136115019e+04
8.206250000000000000e+01,4.363146438015306194e+04
8.208333333333332860e+01,4.353809655396425660e+04
8.210416666666665719e+01,3.704372474131161289e+04
8.212500000000000000e+01,3.694686801980104065e+04
8.214583333333332860e+01,4.325835296396966442e+04
8.216666666666665719e+01,4.319099269207225007e+04
8.218750000000000000e+01,3.708977075905890524e+04
8.220833333333332860e+01,3.664843187426524673e+04
8.222916666666665719e+01,4.298003793329096516e+04
8.225000000000000000e+01,4.281588623621608713e+04
8.227083333333332860e+01,3.647294017651776812e+04
8.229166666666665719e+01,3.641614952489543793e+04
8.231250000000000000e+01,4.337640450978519220e+04
8.233333333333332860e+01,4.272292684710455069e+04
8.235416666666665719e+01,3.627637928771180304e+04
8.237500000000000000e+01,3.623850853664897295e+04
8.239583333333332860e+01,4.259707482062562485e+04
8.241666666666665719e+01,4.255530017437325296e+04
8.243750000000000000e+01,3.611526681236636796e+04
8.245833333333332860e+01,3.608832996246921539e+04
8.247916666666665719e+01,4.164429920291253802e+04
8.250000000000000000e+01,4.242657458714037784e+04
8.252083333333332860e+01,3.597639285520053818e+04
8.254166666666665719e+01,3.676664880619631731e+04
8.256250000000000000e+01,4.235985408068719698e+04
8.258333333333332860e+01,4.163845007411553524e+04
8.260416666666665719e+01,3.587859499006078113e+04
8.262500000000000000e+01,3.588251465382520837e+04
8.264583333333332860e+01,4.225636173001817951e+04
8.266666666666665719e+01,4.224441773870817269e+04
8.268750000000000000e+01,3.644444753106822463e+04
8.270833333333332860e+01,3.580582632376632682e+04
8.272916666666665719e+01,4.218353610719331482e+04
8.275000000000000000e+01,4.218082214066001325e+04
8.277083333333332860e+01,3.576779946208540787e+04
8.279166666666665719e+01,3.586355312482814770e+04
8.281250000000000000e+01,4.212879976898037421e+04
8.283333333333332860e+01,4.212766688374106889e+04
8.285416666666665719e+01,3.571704542406876135e+04
8.287500000000000000e+01,3.660047756802388176e+04
8.289583333333332860e+01,4.206551406091139506e+04
8.291666666666665719e+01,4.002849542034071055e+04
8.293750000000000000e+01,3.232253896729493135e+04
8.295833333333332860e+01,3.158653934340604246e+04
8.297916666666665719e+01,4.093511117659863521e+04
8.300000000000000000e+01,4.076408525427489803e+04
8.302083333333332860e+01,2.855362638141217394e+04
8.304166666666665719e+01,3.025390661186145371e+04
8.306250000000000000e+01,4.109725728605720360e+04
8.308333333333332860e+01,4.109165343608702824e+04
8.310416666666665719e+01,3.041166503182113229e+04
8.312500000000000000e+01,3.083529561616804858e+04
8.314583333333332860e+01,4.397683728211399284e+04
8.316666666666665719e+01,4.327666048447362118e+04
8.318750000000000000e+01,3.186544989632542274e+04
8.320833333333332860e+01,3.297176912142163201e+04
8.322916666666665719e+01,4.069896803228813951e+04
8.325000000000000000e+01,4.478857268771812232e+04
8.327083333333332860e+01,3.588977091882055538e+04
8.329166666666665719e+01,3.289322800304484554e+04
8.331250000000000000e+01,3.827616932502420968e+04
8.333333333333332860e+01,4.493337180451791210e+04
8.335416666666665719e+01,4.256459807177608309e+04
8.337500000000000000e+01,3.946988812159650115e+04
8.339583333333332860e+01,3.318370555019741005e+04
8.341666666666665719e+01,3.910063840393914143e+04
8.343750000000000000e+01,3.969090811271881830e+04
8.345833333333332860e+01,4.283468193861946202e+04
8.347916666666665719e+01,3.963184354696844821e+04
8.350000000000000000e+01,3.712916275155603944e+04
8.352083333333332860e+01,3.750432357345160563e+04
8.354166666666665719e+01,3.923221345288873272e+04
8.356250000000000000e+01,4.307015418250484072e+04
8.358333333333332860e+01,4.257524301759148511e+04
8.360416666666665719e+01,3.604078292756291194e+04
8.362500000000000000e+01,3.261352206238554936e+04
8.364583333333332860e+01,3.991422248198177112e+04
8.366666666666665719e+01,4.520330557027820760e+04
8.368750000000000000e+01,3.783308057696882315e+04
8.370833333333332860e+01,3.389965178984439990e+04
8.372916666666665719e+01,4.153649273417235963e+04
8.375000000000000000e+01,4.380564508044857212e+04
8.377083333333332860e+01,3.511030013533084275e+04
8.379166666666665719e+01,3.209708706218585576e+04
8.381250000000000000e+01,4.141458857188348338e+04
8.383333333333332860e+01,4.461245765379171644e+04
8.385416666666665719e+01,3.500448378291606059e+04
8.387500000000000000e+01,3.264123466454639129e+04
8.389583333333332860e+01,4.141945377513849235e+04
8.391666666666665719e+01,4.410772723025465530e+04
8.393750000000000000e+01,3.503132129555836582e+04
8.395833333333332860e+01,3.186955415157595417e+04
8.397916666666665719e+01,4.261829897973253537e+04
8.400000000000000000e+01,4.470033570242051792e+04
8.402083333333332860e+01,3.356332331602388876e+04
8.404166666666665719e+01,3.194883924716888578e+04
8.406250000000000000e+01,4.335984356416951778e+04
8.408333333333332860e+01,4.432402211839239317e+04
8.410416666666665719e+01,3.202174893990082273e+04
8.412500000000000000e+01,3.203133479756523957e+04
8.414583333333332860e+01,4.484336218174632813e+04
8.416666666666665719e+01,4.365145515205321135e+04
8.418750000000000000e+01,3.207912766874826775e+04
8.420833333333332860e+01,3.244990574148628730e+04
8.422916666666665719e+01,4.415017641138331965e+04
8.425000000000000000e+01,4.063250080631673336e+04
8.427083333333332860e+01,3.171857763775115745e+04
8.429166666666665719e+01,2.927327076750142805e+04
8.431250000000000000e+01,3.767122652700429171e+04
8.433333333333332860e+01,3.935923306820543803e+04
8.435416666666665719e+01,3.001823708774423358e+04
8.437500000000000000e+01,2.978076691727632715e+04
8.439583333333332860e+01,4.106299100594843912e+04
8.441666666666665719e+01,4.200560009685638215e+04
8.443750000000000000e+01,2.972911919020190180e+04
8.445833333333332860e+01,3.047841501540015088e+04
8.447916666666665719e+01,4.276262181879042328e+04
8.450000000000000000e+01,4.189214494277796621e+04
8.452083333333332860e+01,3.432533790707354638e+04
8.454166666666665719e+01,3.126419667121980456e+04
8.456250000000000000e+01,4.004510351071249170e+04
8.458333333333332860e+01,4.437762506675598706e+04
8.460416666666665719e+01,3.812018779584657750e+04
8.462500000000000000e+01,3.504743871364873485e+04
8.464583333333332860e+01,3.853985745358050917e+04
8.466666666666665719e+01,3.854709485012602818e+04
8.468750000000000000e+01,4.322418773500950192e+04
8.470833333333332860e+01,4.081762044239472016e+04
8.472916666666665719e+01,3.673341435218760307e+04
8.475000000000000000e+01,3.333907156585662597e+04
8.477083333333332860e+01,4.213952540304225113e+04
8.479166666666665719e+01,4.083297886448051577e+04
8.481250000000000000e+01,3.979001664600273944e+04
8.483333333333332860e+01,3.902711439897013770e+04
8.485416666666665719e+01,3.718381839697602118e+04
8.487500000000000000e+01,3.891790907293303462e+04
8.489583333333332860e+01,4.144020469761413551e+04
8.491666666666665719e+01,3.867765993656648061e+04
8.493750000000000000e+01,3.413352026681161078e+04
8.495833333333332860e+01,3.846323266407795018e+04
8.497916666666665719e+01,4.195878573988837888e+04
8.500000000000000000e+01,3.821675910310429754e+04
8.502083333333332860e+01,3.773271957781515812e+04
8.504166666666665719e+01,3.810617759223841131e+04
8.506250000000000000e+01,3.805994968247046927e+04
8.508333333333332860e+01,3.592423104508766846e+04
8.510416666666665719e+01,3.794582375210365717e+04
8.512500000000000000e+01,4.012935778965795907e+04
8.514583333333332860e+01,3.799345481971767003e+04
8.516666666666665719e+01,3.734369814939932985e+04
8.518750000000000000e+01,3.727966724531394721e+04
8.520833333333332860e+01,3.796057641223999963e+04
8.522916666666665719e+01,3.797659820401174511e+04
8.525000000000000000e+01,3.799739470530481049e+04
8.527083333333332860e+01,3.801408550438970997e+04
8.529166666666665719e+01,3.821299309797273600e+04
8.531250000000000000e+01,3.989147996235779283e+04
8.533333333333332860e+01,3.811533178935036995e+04
8.535416666666665719e+01,3.654797039810559363e+04
8.537500000000000000e+01,3.815605466599508509e+04
8.539583333333332860e+01,4.105928678293775738e+04
8.541666666666665719e+01,3.763182441343187384e+04
8.543750000000000000e+01,3.493131844141022884e+04
8.545833333333332860e+01,3.821249317621498631e+04
8.547916666666665719e+01,4.141551161467167549e+04
8.550000000000000000e+01,3.823500138222363603e+04
8.552083333333332860e+01,3.505380708711760963e+04
8.554166666666665719e+01,3.909430523347256531e+04
8.556250000000000000e+01,4.146783126281826844e+04
8.558333333333332860e+01,4.025895119310688460e+04
8.560416666666665719e+01,3.824246475676746923e+04
8.562500000000000000e+01,4.210158938347377261e+04
8.564583333333332860e+01,4.564484097835943248e+04
8.566666666666665719e+01,4.258943542334681115e+04
8.568750000000000000e+01,3.939725850120360701e+04
8.570833333333332860e+01,4.252479080360539228e+04
8.572916666666665719e+01,4.561061408141903667e+04
8.575000000000000000e+01,4.226238079364328587e+04
8.577083333333332860e+01,3.945427230526191124e+04
8.579166666666665719e+01,4.225057169882232120e+04
8.581250000000000000e+01,4.611991513980254240e+04
8.583333333333332860e+01,4.160476246007826558e+04
8.585416666666665719e+01,3.794133142328156100e+04
8.587500000000000000e+01,4.219883857318002265e+04
8.589583333333332860e+01,4.434696198618826020e+04
8.591666666666665719e+01,4.098773820136772702e+04
8.593750000000000000e+01,3.764895338470583374e+04
8.595833333333332860e+01,4.072594448388719320e+04
8.597916666666665719e+01,4.379980076831920451e+04
8.600000000000000000e+01,4.047324069189024885e+04
8.602083333333332860e+01,3.716280631664410612e+04
8.604166666666665719e+01,4.026505582220948418e+04
8.606250000000000000e+01,4.336365838004758552e+04
8.608333333333332860e+01,4.006427976549817686e+04
8.610416666666665719e+01,3.742704787509397283e+04
8.612500000000000000e+01,4.045209768204480497e+04
8.614583333333332860e+01,4.286725276084673533e+04
8.616666666666665719e+01,3.962634881328731717e+04
8.618750000000000000e+01,3.547736796814581612e+04
8.620833333333332860e+01,3.963502267098648008e+04
8.622916666666665719e+01,4.340031701696900564e+04
8.625000000000000000e+01,3.951781504645961832e+04
8.627083333333332860e+01,3.626168521307621268e+04
8.629166666666665719e+01,3.940273565759928169e+04
8.631250000000000000e+01,4.253961963435856160e+04
8.633333333333332860e+01,3.930978457617735694e+04
8.635416666666665719e+01,3.606719091992631002e+04
8.637500000000000000e+01,3.922230698308740102e+04
8.639583333333332860e+01,4.238035643671904836e+04
8.641666666666665719e+01,3.915096104428570834e+04
8.643750000000000000e+01,3.626034315236855764e+04
8.645833333333332860e+01,4.009127727102464269e+04
8.647916666666665719e+01,4.226292390528247779e+04
8.650000000000000000e+01,3.880578833659199154e+04
8.652083333333332860e+01,3.581066985744525300e+04
8.654166666666665719e+01,3.898312108620037179e+04
8.656250000000000000e+01,4.215761763584623259e+04
8.658333333333332860e+01,3.893301417553456122e+04
8.660416666666665719e+01,3.571088447037358128e+04
8.662500000000000000e+01,3.889481398555476335e+04
8.664583333333332860e+01,4.246220869900639082e+04
8.666666666666665719e+01,3.885674724954404519e+04
8.668750000000000000e+01,3.625608031837655290e+04
8.670833333333332860e+01,3.928477698744105874e+04
8.672916666666665719e+01,4.202642627745364007e+04
8.675000000000000000e+01,3.880246909374133975e+04
8.677083333333332860e+01,3.559076248088000284e+04
8.679166666666665719e+01,3.878677204599120887e+04
8.681250000000000000e+01,4.197216114007011493e+04
8.683333333333332860e+01,3.875045538671648683e+04
8.685416666666665719e+01,3.554153125057987927e+04
8.687500000000000000e+01,3.970754330676380050e+04
8.689583333333332860e+01,4.193838472133750474e+04
8.691666666666665719e+01,3.872035608805787342e+04
8.693750000000000000e+01,3.551382372896720335e+04
8.695833333333332860e+01,3.871294342246698943e+04
8.697916666666665719e+01,4.190401011832682707e+04
8.700000000000000000e+01,3.868976164710054582e+04
8.702083333333332860e+01,3.548143935036870243e+04
8.704166666666665719e+01,3.867967039044881676e+04
8.706250000000000000e+01,4.187550438978275633e+04
8.708333333333332860e+01,3.866715118289394741e+04
8.710416666666665719e+01,3.546070316127131809e+04
8.712500000000000000e+01,3.888865521586975228e+04
8.714583333333332860e+01,4.185417114983608917e+04
8.716666666666665719e+01,3.864974827667747013e+04
8.718750000000000000e+01,3.530117915003198868e+04
8.720833333333332860e+01,4.033931147352021799e+04
8.722916666666665719e+01,4.184283937253083423e+04
8.725000000000000000e+01,3.600439066630038724e+04
8.727083333333332860e+01,3.517263750655778858e+04
8.729166666666665719e+01,4.186526989347177732e+04
8.731250000000000000e+01,4.339090973611250229e+04
8.733333333333332860e+01,3.546260965061066236e+04
8.735416666666665719e+01,3.224698384625298058e+04
8.737500000000000000e+01,4.267379651810705400e+04
8.739583333333332860e+01,4.463578331202526897e+04
8.741666666666665719e+01,3.521412788477988215e+04
8.743750000000000000e+01,3.222327512374843718e+04
8.745833333333332860e+01,4.181726130178149469e+04
8.747916666666665719e+01,4.501950081820133346e+04
8.750000000000000000e+01,3.406238686882524780e+04
8.752083333333332860e+01,3.221202719097169393e+04
8.754166666666665719e+01,4.282566218194677640e+04
8.756250000000000000e+01,4.376731939160324691e+04
8.758333333333332860e+01,3.485500990474486753e+04
8.760416666666665719e+01,3.342311192284239951e+04
8.762500000000000000e+01,4.182834138703389908e+04
8.764583333333332860e+01,4.375897599168529996e+04
8.766666666666665719e+01,3.542464928690982197e+04
8.768750000000000000e+01,3.313087909473434411e+04
8.770833333333332860e+01,4.181904922577212710e+04
8.772916666666665719e+01,4.501257843132575363e+04
8.775000000000000000e+01,3.537334219126472453e+04
8.777083333333332860e+01,3.219687517521875998e+04
8.779166666666665719e+01,4.179521814541148342e+04
8.781250000000000000e+01,4.420981702372179279e+04
8.783333333333332860e+01,3.503809575009772379e+04
8.785416666666665719e+01,3.219560005588149215e+04
8.787500000000000000e+01,4.179597829636634560e+04
8.789583333333332860e+01,4.496128827607158746e+04
8.791666666666665719e+01,3.539395590258405718e+04
8.793750000000000000e+01,3.218772235770046245e+04
8.795833333333332860e+01,4.179043361667927820e+04
8.797916666666665719e+01,4.480406200446182629e+04
8.800000000000000000e+01,3.494138136350150307e+04
8.802083333333332860e+01,3.218937980801782396e+04
8.804166666666665719e+01,4.179172122717030288e+04
8.806250000000000000e+01,4.499606450613225752e+04
8.808333333333332860e+01,3.482639089898741804e+04
8.810416666666665719e+01,3.242798660024419223e+04
8.812500000000000000e+01,4.179631808078090398e+04
8.814583333333332860e+01,4.499972116004813870e+04
8.816666666666665719e+01,3.539413176168942300e+04
8.818750000000000000e+01,3.218490104495570995e+04
8.820833333333332860e+01,4.178466382801256987e+04
8.822916666666665719e+01,4.422611443027550558e+04
8.825000000000000000e+01,3.505725842991707759e+04
8.827083333333332860e+01,3.219196419714634249e+04
8.829166666666665719e+01,4.179215002778881899e+04
8.831250000000000000e+01,4.499818339436553651e+04
8.833333333333332860e+01,3.539524053761846153e+04
8.835416666666665719e+01,3.218777191495851002e+04
8.837500000000000000e+01,4.178680984549267305e+04
8.839583333333332860e+01,4.498984745816624491e+04
8.841666666666665719e+01,3.538880188500303484e+04
8.843750000000000000e+01,3.218362615409253340e+04
8.845833333333332860e+01,4.178118301229205827e+04
8.847916666666665719e+01,4.426022418514645688e+04
8.850000000000000000e+01,3.498371530283098400e+04
8.852083333333332860e+01,3.234081695708748884e+04
8.854166666666665719e+01,4.179225128852339549e+04
8.856250000000000000e+01,4.499347446532678441e+04
8.858333333333332860e+01,3.539382270063378382e+04
8.860416666666665719e+01,3.219012096683018171e+04
8.862500000000000000e+01,4.178544932851891645e+04
8.864583333333332860e+01,4.498469874390627956e+04
8.866666666666665719e+01,3.538820552286474413e+04
8.868750000000000000e+01,3.218760599348762844e+04
8.870833333333332860e+01,4.178141185484447487e+04
8.872916666666665719e+01,4.455541625726156781e+04
8.875000000000000000e+01,3.442664227146437770e+04
8.877083333333332860e+01,3.219816660690742719e+04
8.879166666666665719e+01,4.227415406976598024e+04
8.881250000000000000e+01,4.499243789717011532e+04
8.883333333333332860e+01,3.539601599181262281e+04
8.885416666666665719e+01,3.219430175097203755e+04
8.887500000000000000e+01,4.178472232768737740e+04
8.889583333333332860e+01,4.498299984554159164e+04
8.891666666666665719e+01,3.392821886243877088e+04
8.893750000000000000e+01,3.219928159678422526e+04
8.895833333333332860e+01,4.312982503580004413e+04
8.897916666666665719e+01,4.499766322975645744e+04
8.900000000000000000e+01,3.302139899510690157e+04
8.902083333333332860e+01,3.220268940371799908e+04
8.904166666666665719e+01,4.499645470799414034e+04
8.906250000000000000e+01,4.444356851388609357e+04
8.908333333333332860e+01,3.219464138978484334e+04
8.910416666666665719e+01,3.216473372641491733e+04
8.912500000000000000e+01,4.445084558981413284e+04
8.914583333333332860e+01,4.365010388194301777e+04
8.916666666666665719e+01,3.219562718929736002e+04
8.918750000000000000e+01,3.232904403359902426e+04
8.920833333333332860e+01,4.497207216265158786e+04
8.922916666666665719e+01,4.383550097265283694e+04
8.925000000000000000e+01,3.219995503483383800e+04
8.927083333333332860e+01,3.218979266031440784e+04
8.929166666666665719e+01,4.491817519534887106e+04
8.931250000000000000e+01,4.353345945532948099e+04
8.933333333333332860e+01,3.220083487748353582e+04
8.935416666666665719e+01,3.415808408740344021e+04
8.937500000000000000e+01,4.501662290530992323e+04
8.939583333333332860e+01,4.112967492334808776e+04
8.941666666666665719e+01,3.283356201638929633e+04
8.943750000000000000e+01,3.540800682528587640e+04
8.945833333333332860e+01,4.500449556826133630e+04
8.947916666666665719e+01,4.179503456614384049e+04
8.950000000000000000e+01,3.218856421537364804e+04
8.952083333333332860e+01,3.635808547457389795e+04
8.954166666666665719e+01,4.420189190854204935e+04
8.956250000000000000e+01,4.179926110067161790e+04
8.958333333333332860e+01,3.219651788082105122e+04
8.960416666666665719e+01,3.539646934306690673e+04
8.962500000000000000e+01,4.498931876894965535e+04
8.964583333333332860e+01,4.178545712911296141e+04
8.966666666666665719e+01,3.218994777207665175e+04
8.968750000000000000e+01,3.539027799208318902e+04
8.970833333333332860e+01,4.498325276747528551e+04
8.972916666666665719e+01,4.178243528591276117e+04
8.975000000000000000e+01,3.218956416967187761e+04
8.977083333333332860e+01,3.539125449827329430e+04
8.979166666666665719e+01,4.380728043163214898e+04
8.981250000000000000e+01,4.149297225150022859e+04
8.983333333333332860e+01,3.250857680745097969e+04
8.985416666666665719e+01,3.604304964686217136e+04
8.987500000000000000e+01,4.499699879870514997e+04
8.989583333333332860e+01,4.179384068483608280e+04
8.991666666666665719e+01,3.219940664209764509e+04
8.993750000000000000e+01,3.539824918399850139e+04
8.995833333333332860e+01,4.475027460013688687e+04
8.997916666666665719e+01,4.038474054324906319e+04
9.000000000000000000e+01,3.219610333155787521e+04
9.002083333333332860e+01,3.683264689227338386e+04
9.004166666666665719e+01,4.390290295803795743e+04
9.006250000000000000e+01,3.921451060148027318e+04
9.008333333333332860e+01,3.309816579536629433e+04
9.010416666666665719e+01,3.861370183242372150e+04
9.012500000000000000e+01,4.500515794210245804e+04
9.014583333333332860e+01,3.859408986438241118e+04
9.016666666666665719e+01,3.218626351559184695e+04
9.018750000000000000e+01,3.859198104803929164e+04
9.020833333333332860e+01,4.421982715085070959e+04
9.022916666666665719e+01,3.825973433242650935e+04
9.025000000000000000e+01,3.278451377086781577e+04
9.027083333333332860e+01,3.860631176398334355e+04
9.029166666666665719e+01,4.500160664236062439e+04
9.031250000000000000e+01,3.850946528741694783e+04
9.033333333333332860e+01,3.292747584965695569e+04
9.035416666666665719e+01,3.859933343318705010e+04
9.037500000000000000e+01,4.499213454975283094e+04
9.039583333333332860e+01,3.795847201417893666e+04
9.041666666666665719e+01,3.220391759162283415e+04
9.043750000000000000e+01,3.859622257210661337e+04
9.045833333333332860e+01,4.499011417203047313e+04
9.047916666666665719e+01,3.859082747647930955e+04
9.050000000000000000e+01,3.218726222833699285e+04
9.052083333333332860e+01,3.858696302059785376e+04
9.054166666666665719e+01,4.498503575524369808e+04
9.056250000000000000e+01,3.858431401735352847e+04
9.058333333333332860e+01,3.218085630954983208e+04
9.060416666666665719e+01,3.858603185381250660e+04
9.062500000000000000e+01,4.485565622088946111e+04
9.064583333333332860e+01,3.858214803493180079e+04
9.066666666666665719e+01,3.217700076635285950e+04
9.068750000000000000e+01,3.858864823570087174e+04
9.070833333333332860e+01,4.418025272910361673e+04
9.072916666666665719e+01,3.814456037717022264e+04
9.075000000000000000e+01,3.219465978673518111e+04
9.077083333333332860e+01,3.860598031299322611e+04
9.079166666666665719e+01,4.500546437962920754e+04
9.081250000000000000e+01,3.859317909234890976e+04
9.083333333333332860e+01,3.218689869903633371e+04
9.085416666666665719e+01,3.859534202485770220e+04
9.087500000000000000e+01,4.499424231507698278e+04
9.089583333333332860e+01,3.800515352491343947e+04
9.091666666666665719e+01,3.219918198552180547e+04
9.093750000000000000e+01,3.859461288584581052e+04
9.095833333333332860e+01,4.498729858183038596e+04
9.097916666666665719e+01,3.859228891586168174e+04
9.100000000000000000e+01,3.445627810980439244e+04
9.102083333333332860e+01,3.860078017499321868e+04
9.104166666666665719e+01,4.296709063881319889e+04
9.106250000000000000e+01,3.861339576249648235e+04
9.108333333333332860e+01,3.540556752405443694e+04
9.110416666666665719e+01,3.859486130749336007e+04
9.112500000000000000e+01,4.179532481273101439e+04
9.114583333333332860e+01,3.859950855121632776e+04
9.116666666666665719e+01,3.586369240662990342e+04
9.118750000000000000e+01,3.771555770274162205e+04
9.120833333333332860e+01,4.179405525240563293e+04
9.122916666666665719e+01,3.859719320984560909e+04
9.125000000000000000e+01,3.539617161314242549e+04
9.127083333333332860e+01,3.858473052002755867e+04
9.129166666666665719e+01,4.178002810790291551e+04
9.131250000000000000e+01,3.986343851758528763e+04
9.133333333333332860e+01,3.568695333467518503e+04
9.135416666666665719e+01,3.859291824932820600e+04
9.137500000000000000e+01,4.179161260665663576e+04
9.139583333333332860e+01,3.859711025423366664e+04
9.141666666666665719e+01,3.539569790936666686e+04
9.143750000000000000e+01,3.858845282005732588e+04
9.145833333333332860e+01,4.178391242971444444e+04
9.147916666666665719e+01,3.858509924823190522e+04
9.150000000000000000e+01,3.548762845014363120e+04
9.152083333333332860e+01,3.773921505593277834e+04
9.154166666666665719e+01,4.178996448921420961e+04
9.156250000000000000e+01,3.883101543886065338e+04
9.158333333333332860e+01,3.673498922580202634e+04
9.160416666666665719e+01,3.881690520914148510e+04
9.162500000000000000e+01,4.062417921447808476e+04
9.164583333333332860e+01,3.940317332226910366e+04
9.166666666666665719e+01,3.682011237724451348e+04
9.168750000000000000e+01,3.860573627556722931e+04
9.170833333333332860e+01,4.046680873148476530e+04
9.172916666666665719e+01,3.860248393991492048e+04
9.175000000000000000e+01,3.765044954095815046e+04
9.177083333333332860e+01,3.859885063157787954e+04
9.179166666666665719e+01,3.859429864494541835e+04
9.181250000000000000e+01,3.890353929748253722e+04
9.183333333333332860e+01,3.859132292884736671e+04
9.185416666666665719e+01,3.858400808860713732e+04
9.187500000000000000e+01,3.957441216851770150e+04
9.189583333333332860e+01,3.937858046237689268e+04
9.191666666666665719e+01,3.861342897116824315e+04
9.193750000000000000e+01,3.717328503669166821e+04
9.195833333333332860e+01,3.861407677450828487e+04
9.197916666666665719e+01,4.160685137045588635e+04
9.200000000000000000e+01,3.806399863978353096e+04
9.202083333333332860e+01,3.539623165433625400e+04
9.204166666666665719e+01,3.859724656734357268e+04
9.206250000000000000e+01,4.179463013563917775e+04
9.208333333333332860e+01,3.858654365866355511e+04
9.210416666666665719e+01,3.668050070291783049e+04
9.212500000000000000e+01,3.859836713166712434e+04
9.214583333333332860e+01,4.179101438735712873e+04
9.216666666666665719e+01,3.858910960300715669e+04
9.218750000000000000e+01,3.506818870722768042e+04
9.220833333333332860e+01,3.859148007720450551e+04
9.222916666666665719e+01,4.178495796991565294e+04
9.225000000000000000e+01,3.858860337539792818e+04
9.227083333333332860e+01,3.539297304014523979e+04
9.229166666666665719e+01,3.881630597647393006e+04
9.231250000000000000e+01,4.178007188879908790e+04
9.233333333333332860e+01,3.858659368080330751e+04
9.235416666666665719e+01,3.462519271307266899e+04
9.237500000000000000e+01,3.937224007949593215e+04
9.239583333333332860e+01,4.261606142661928607e+04
9.241666666666665719e+01,3.861506798176377197e+04
9.243750000000000000e+01,3.541554653533195960e+04
9.245833333333332860e+01,3.860249495692727214e+04
9.247916666666665719e+01,4.179188485798974580e+04
9.250000000000000000e+01,3.859428989897989959e+04
9.252083333333332860e+01,3.539496311390535993e+04
9.254166666666665719e+01,3.858799546201433986e+04
9.256250000000000000e+01,4.178545948165148002e+04
9.258333333333332860e+01,3.858796148501511198e+04
9.260416666666665719e+01,3.538763950973244209e+04
9.262500000000000000e+01,3.884589662500150735e+04
9.264583333333332860e+01,4.178775236489348754e+04
9.266666666666665719e+01,3.858434128794547723e+04
9.268750000000000000e+01,3.538392307757933304e+04
9.270833333333332860e+01,4.031025339622118918e+04
9.272916666666665719e+01,4.210325120837635768e+04
9.275000000000000000e+01,3.601550509899779718e+04
9.277083333333332860e+01,3.600587825137856271e+04
9.279166666666665719e+01,4.180485962504205236e+04
9.281250000000000000e+01,4.180195304862971534e+04
9.283333333333332860e+01,3.539720543163233378e+04
9.285416666666665719e+01,3.539303306675001659e+04
9.287500000000000000e+01,4.179651278618608194e+04
9.289583333333332860e+01,4.179249195628117013e+04
9.291666666666665719e+01,3.392554611030201340e+04
9.293750000000000000e+01,3.539846352502310765e+04
9.295833333333332860e+01,4.179127372415925493e+04
9.297916666666665719e+01,4.178483495940273133e+04
9.300000000000000000e+01,3.608139259515174490e+04
9.302083333333332860e+01,3.726034608903939079e+04
9.304166666666665719e+01,4.181927076029005548e+04
9.306250000000000000e+01,4.138571162679450936e+04
9.308333333333332860e+01,3.541443935034432798e+04
9.310416666666665719e+01,3.540567571870757820e+04
9.312500000000000000e+01,4.179405516708654613e+04
9.314583333333332860e+01,4.178439877213473665e+04
9.316666666666665719e+01,3.430474855601238232e+04
9.318750000000000000e+01,3.540079787786410452e+04
9.320833333333332860e+01,4.179057401984166790e+04
9.322916666666665719e+01,4.178370778957955190e+04
9.325000000000000000e+01,3.549186628039940115e+04
9.327083333333332860e+01,3.681027531824498146e+04
9.329166666666665719e+01,4.179467777286000637e+04
9.331250000000000000e+01,4.029984419514253386e+04
9.333333333333332860e+01,3.540479506766211125e+04
9.335416666666665719e+01,3.791472713229028886e+04
9.337500000000000000e+01,4.108879407016271580e+04
9.339583333333332860e+01,3.859857742642980884e+04
9.341666666666665719e+01,3.574999239318994660e+04
9.343750000000000000e+01,3.860187270126269141e+04
9.345833333333332860e+01,4.179286693585132161e+04
9.347916666666665719e+01,3.931395419313992898e+04
9.350000000000000000e+01,3.638977000582010805e+04
9.352083333333332860e+01,3.859677390582778025e+04
9.354166666666665719e+01,4.179457330069784803e+04
9.356250000000000000e+01,3.859501041593149421e+04
9.358333333333332860e+01,3.538932085747623205e+04
9.360416666666665719e+01,3.858526635071820783e+04
9.362500000000000000e+01,4.178890890825169481e+04
9.364583333333332860e+01,3.859049532574646582e+04
9.366666666666665719e+01,3.538381877150935179e+04
9.368750000000000000e+01,3.858014812531955977e+04
9.370833333333332860e+01,4.178636282294670673e+04
9.372916666666665719e+01,3.953270345229185477e+04
9.375000000000000000e+01,3.588618450107151875e+04
9.377083333333332860e+01,3.896967248856606602e+04
9.379166666666665719e+01,4.180668183523351763e+04
9.381250000000000000e+01,3.860934369333905488e+04
9.383333333333332860e+01,3.539840803941457125e+04
9.385416666666665719e+01,3.858934161981851503e+04
9.387500000000000000e+01,4.179206236280989833e+04
9.389583333333332860e+01,3.859562507879576879e+04
9.391666666666665719e+01,3.626853886461621005e+04
9.393750000000000000e+01,3.859215835945697472e+04
9.395833333333332860e+01,4.179060212142842647e+04
9.397916666666665719e+01,3.859266822235999280e+04
9.400000000000000000e+01,3.539306125333180535e+04
9.402083333333332860e+01,3.779454097162318794e+04
9.404166666666665719e+01,4.179118473020921374e+04
9.406250000000000000e+01,3.859072837630631693e+04
9.408333333333332860e+01,3.539617897393008752e+04
9.410416666666665719e+01,3.859383793191934819e+04
9.412500000000000000e+01,4.178610427225079911e+04
9.414583333333332860e+01,3.890496348937270523e+04
9.416666666666665719e+01,3.655547419813294982e+04
9.418750000000000000e+01,3.859706229259667452e+04
9.420833333333332860e+01,4.104831481656429969e+04
9.422916666666665719e+01,3.970352418353901157e+04
9.425000000000000000e+01,3.580264564215301652e+04
9.427083333333332860e+01,3.775671072748275765e+04
9.429166666666665719e+01,4.180031417984683503e+04
9.431250000000000000e+01,3.859741628379600297e+04
9.433333333333332860e+01,3.580154369358295662e+04
9.435416666666665719e+01,3.858715521002184687e+04
9.437500000000000000e+01,4.178624862627273251e+04
9.439583333333332860e+01,3.945184654190210858e+04
9.441666666666665719e+01,3.595567377526131895e+04
9.443750000000000000e+01,3.799180877661851264e+04
9.445833333333332860e+01,4.180210265584822628e+04
9.447916666666665719e+01,3.860303990352365508e+04
9.450000000000000000e+01,3.539646249685169460e+04
9.452083333333332860e+01,3.858615751313579676e+04
9.454166666666665719e+01,4.178416460403367091e+04
9.456250000000000000e+01,3.884380841315446742e+04
9.458333333333332860e+01,3.655466863435391861e+04
9.460416666666665719e+01,3.859332763394145150e+04
9.462500000000000000e+01,4.077610522504946130e+04
9.464583333333332860e+01,3.860221708667960047e+04
9.466666666666665719e+01,3.646421812080501695e+04
9.468750000000000000e+01,3.859717864831701445e+04
9.470833333333332860e+01,4.166450517409214081e+04
9.472916666666665719e+01,3.859282452594158531e+04
9.475000000000000000e+01,3.538988990335415292e+04
9.477083333333332860e+01,3.858827571844503109e+04
9.479166666666665719e+01,4.178728611817211640e+04
9.481250000000000000e+01,3.858433016849638079e+04
9.483333333333332860e+01,3.538356981852139870e+04
9.485416666666665719e+01,3.858681350482305425e+04
9.487500000000000000e+01,4.178762566564125882e+04
9.489583333333332860e+01,3.858525012805610459e+04
9.491666666666665719e+01,3.620026151560445578e+04
9.493750000000000000e+01,3.859123364295941428e+04
9.495833333333332860e+01,4.178970459727090201e+04
9.497916666666665719e+01,3.858848248944219085e+04
9.500000000000000000e+01,3.538484038974100986e+04
9.502083333333332860e+01,3.878268319705932663e+04
9.504166666666665719e+01,4.178868173100522108e+04
9.506250000000000000e+01,3.932305149296497984e+04
9.508333333333332860e+01,3.637057496101716242e+04
9.510416666666665719e+01,3.859417640002693952e+04
9.512500000000000000e+01,4.172010627550282516e+04
9.514583333333332860e+01,3.860142865314566734e+04
9.516666666666665719e+01,3.539315858515098080e+04
9.518750000000000000e+01,3.858653873655175994e+04
9.520833333333332860e+01,4.179005046445753396e+04
9.522916666666665719e+01,3.859200472999203339e+04
9.525000000000000000e+01,3.538597164809560491e+04
9.527083333333332860e+01,3.858215717828820198e+04
9.529166666666665719e+01,4.178537732582109311e+04
9.531250000000000000e+01,3.858857872087701253e+04
9.533333333333332860e+01,3.692506569932405546e+04
9.535416666666665719e+01,3.858972629726770538e+04
9.537500000000000000e+01,4.017417845906355797e+04
9.539583333333332860e+01,3.860177340417195228e+04
9.541666666666665719e+01,3.859232331067842460e+04
9.543750000000000000e+01,3.810412252422788151e+04
9.545833333333332860e+01,3.859451925099085929e+04
9.547916666666665719e+01,3.990999014962257206e+04
9.550000000000000000e+01,3.859568281376739469e+04
9.552083333333332860e+01,3.754361130756185594e+04
9.554166666666665719e+01,3.860076597198242962e+04
9.556250000000000000e+01,4.047271969434554921e+04
9.558333333333332860e+01,3.860338592594425427e+04
9.560416666666665719e+01,3.809873419546690275e+04
9.562500000000000000e+01,3.860038103735617187e+04
9.564583333333332860e+01,3.753603348303158418e+04
9.566666666666665719e+01,3.861171143233007024e+04
9.568750000000000000e+01,3.859892417754172493e+04
9.570833333333332860e+01,3.859625839265097602e+04
9.572916666666665719e+01,3.994667324963790452e+04
9.575000000000000000e+01,3.859833685898651311e+04
9.577083333333332860e+01,3.859009188157401513e+04
9.579166666666665719e+01,3.859330947638524958e+04
9.581250000000000000e+01,3.859078116932103148e+04
9.583333333333332860e+01,3.858469840729273710e+04
9.585416666666665719e+01,3.857814798296678782e+04
9.587500000000000000e+01,3.970903395598728821e+04
9.589583333333332860e+01,3.872587423396188387e+04
9.591666666666665719e+01,3.859056022230718372e+04
9.593750000000000000e+01,3.858379359147194191e+04
9.595833333333332860e+01,3.911446919538901420e+04
9.597916666666665719e+01,3.936924329158950422e+04
9.600000000000000000e+01,3.859650602585572051e+04
9.602083333333332860e+01,3.858963145261976751e+04
9.604166666666665719e+01,3.859742572873622703e+04
9.606250000000000000e+01,3.859533627415669616e+04
9.608333333333332860e+01,3.858745942993475910e+04
9.610416666666665719e+01,3.858087846502161119e+04
9.612500000000000000e+01,3.915545338751669624e+04
9.614583333333332860e+01,3.888865233586051181e+04
9.616666666666665719e+01,3.860024198955560132e+04
9.618750000000000000e+01,3.859358862370992574e+04
9.620833333333332860e+01,3.859486727064278966e+04
9.622916666666665719e+01,3.811983632827281690e+04
9.625000000000000000e+01,3.860046325393528241e+04
9.627083333333332860e+01,3.859284219000070152e+04
9.629166666666665719e+01,3.869585028410080849e+04
9.631250000000000000e+01,4.006550639167905319e+04
9.633333333333332860e+01,3.859717739904996415e+04
9.635416666666665719e+01,3.694074933432648686e+04
9.637500000000000000e+01,3.859980599004156102e+04
9.639583333333332860e+01,4.174788315979149775e+04
9.641666666666665719e+01,3.829324350794758357e+04
9.643750000000000000e+01,3.539330755350549589e+04
9.645833333333332860e+01,3.858967589817214321e+04
9.647916666666665719e+01,4.178776135127511225e+04
9.650000000000000000e+01,3.858529961205809377e+04
9.652083333333332860e+01,3.538390428747874830e+04
9.654166666666665719e+01,3.907821875880293373e+04
9.656250000000000000e+01,4.226706163137518161e+04
9.658333333333332860e+01,3.858789276424337004e+04
9.660416666666665719e+01,3.538835344532252930e+04
9.662500000000000000e+01,3.904000474579927686e+04
9.664583333333332860e+01,4.179235383054397971e+04
9.666666666666665719e+01,3.858531929587484774e+04
9.668750000000000000e+01,3.538903030111217231e+04
9.670833333333332860e+01,3.928817794355322258e+04
9.672916666666665719e+01,4.179179514125170681e+04
9.675000000000000000e+01,3.858790030640098848e+04
9.677083333333332860e+01,3.539368284984467755e+04
9.679166666666665719e+01,3.859231764238912729e+04
9.681250000000000000e+01,4.178304264181246253e+04
9.683333333333332860e+01,3.858308772982826486e+04
9.685416666666665719e+01,3.432870020617860428e+04
9.687500000000000000e+01,3.933801966031573829e+04
9.689583333333332860e+01,4.235202133784291800e+04
9.691666666666665719e+01,3.860271230716020364e+04
9.693750000000000000e+01,3.540436375138878066e+04
9.695833333333332860e+01,3.859681118149993563e+04
9.697916666666665719e+01,4.178943362742332101e+04
9.700000000000000000e+01,3.859018355916163273e+04
9.702083333333332860e+01,3.539068796462930914e+04
9.704166666666665719e+01,3.858724639026515797e+04
9.706250000000000000e+01,4.178571637546631246e+04
9.708333333333332860e+01,3.858558341985074367e+04
9.710416666666665719e+01,3.538498185959430702e+04
9.712500000000000000e+01,3.915161460619462014e+04
9.714583333333332860e+01,4.193648218517709756e+04
9.716666666666665719e+01,3.858614895883512509e+04
9.718750000000000000e+01,3.538474808161862893e+04
9.720833333333332860e+01,3.859029201512981672e+04
9.722916666666665719e+01,4.238647555527941586e+04
9.725000000000000000e+01,3.858559054516618926e+04
9.727083333333332860e+01,3.635171338711449062e+04
9.729166666666665719e+01,3.860673357810533344e+04
9.731250000000000000e+01,4.180066230476303463e+04
9.733333333333332860e+01,3.859053418109301856e+04
9.735416666666665719e+01,3.539317230420701526e+04
9.737500000000000000e+01,3.859795408771784423e+04
9.739583333333332860e+01,4.179050259458165965e+04
9.741666666666665719e+01,3.858331309606892319e+04
9.743750000000000000e+01,3.579253692174869502e+04
9.745833333333332860e+01,3.960244423953081423e+04
9.747916666666665719e+01,4.179980139631339989e+04
9.750000000000000000e+01,3.779008743606952339e+04
9.752083333333332860e+01,3.459976684495693917e+04
9.754166666666665719e+01,3.883246082890755497e+04
9.756250000000000000e+01,4.179705481283002882e+04
9.758333333333332860e+01,3.859725313246085716e+04
9.760416666666665719e+01,3.539973944859216135e+04
9.762500000000000000e+01,3.939552381073740980e+04
9.764583333333332860e+01,4.187883977382563171e+04
9.766666666666665719e+01,3.859288295475234190e+04
9.768750000000000000e+01,3.539367900634612306e+04
9.770833333333332860e+01,3.859187326907690294e+04
9.772916666666665719e+01,4.269051320439787378e+04
9.775000000000000000e+01,3.859186857852923276e+04
9.777083333333332860e+01,3.538955137052260397e+04
9.779166666666665719e+01,3.859089070438063209e+04
9.781250000000000000e+01,4.178954992436817702e+04
9.783333333333332860e+01,3.858664320373919327e+04
9.785416666666665719e+01,3.473654714761326613e+04
9.787500000000000000e+01,3.931961749635554588e+04
9.789583333333332860e+01,4.179287367152416846e+04
9.791666666666665719e+01,3.859072503720271197e+04
9.793750000000000000e+01,3.538993878847598535e+04
9.795833333333332860e+01,3.858754750242314185e+04
9.797916666666665719e+01,4.178503860767003061e+04
9.800000000000000000e+01,3.858332519403459446e+04
9.802083333333332860e+01,3.538426138620584970e+04
9.804166666666665719e+01,3.983357293126744480e+04
9.806250000000000000e+01,4.179243744682617398e+04
9.808333333333332860e+01,3.812921005357168178e+04
9.810416666666665719e+01,3.539224053349941096e+04
9.812500000000000000e+01,3.859336997208737012e+04
9.814583333333332860e+01,4.191080475044392369e+04
9.816666666666665719e+01,3.858359590842006583e+04
9.818750000000000000e+01,3.538275320428853593e+04
9.820833333333332860e+01,3.963056077245658525e+04
9.822916666666665719e+01,4.190393128705994604e+04
9.825000000000000000e+01,3.858881927891528903e+04
9.827083333333332860e+01,3.538839927546936815e+04
9.829166666666665719e+01,3.859557931625770289e+04
9.831250000000000000e+01,4.179541852326843946e+04
9.833333333333332860e+01,3.858605443850965094e+04
9.835416666666665719e+01,3.538224226243644807e+04
9.837500000000000000e+01,3.858974752481139149e+04
9.839583333333332860e+01,4.179301392082509847e+04
9.841666666666665719e+01,3.858499689290337119e+04
9.843750000000000000e+01,3.560919389990128548e+04
9.845833333333332860e+01,3.905286389163138665e+04
9.847916666666665719e+01,4.179789945007401548e+04
9.850000000000000000e+01,3.858782649009146553e+04
9.852083333333332860e+01,3.538576331045760890e+04
9.854166666666665719e+01,3.933373022258733545e+04
9.856250000000000000e+01,4.179499516453574324e+04
9.858333333333332860e+01,3.858814066310240742e+04
9.860416666666665719e+01,3.538962435079821444e+04
9.862500000000000000e+01,3.859148054931537627e+04
9.864583333333332860e+01,4.178636009252900112e+04
9.866666666666665719e+01,3.858351935281981423e+04
9.868750000000000000e+01,3.538780681577865471e+04
9.870833333333332860e+01,4.000323590805471031e+04
9.872916666666665719e+01,4.178948000211816543e+04
9.875000000000000000e+01,3.681143127202175674e+04
9.877083333333332860e+01,3.451835094355198817e+04
9.879166666666665719e+01,4.160338563319965033e+04
9.881250000000000000e+01,4.143499614146824752e+04
9.883333333333332860e+01,3.542111697203448421e+04
9.885416666666665719e+01,3.573761583305455861e+04
9.887500000000000000e+01,4.180114591994189686e+04
9.889583333333332860e+01,4.178929619773310696e+04
9.891666666666665719e+01,3.539536498509881494e+04
9.893750000000000000e+01,3.666034031482711725e+04
9.895833333333332860e+01,4.181475829683552729e+04
9.897916666666665719e+01,4.178064519766597368e+04
9.900000000000000000e+01,3.540573000460649928e+04
9.902083333333332860e+01,3.540080313375651167e+04
9.904166666666665719e+01,4.179202211452331539e+04
9.906250000000000000e+01,4.178507633707635978e+04
9.908333333333332860e+01,3.538773138767691853e+04
9.910416666666665719e+01,3.438513445296933787e+04
9.912500000000000000e+01,4.179416670356938266e+04
9.914583333333332860e+01,4.179150508617669402e+04
9.916666666666665719e+01,3.539237609186783084e+04
9.918750000000000000e+01,3.538954254484422563e+04
9.920833333333332860e+01,4.179237057934309996e+04
9.922916666666665719e+01,4.178995954383724893e+04
9.925000000000000000e+01,3.574890418966540165e+04
9.927083333333332860e+01,3.648038027949244861e+04
9.929166666666665719e+01,4.179961203638074221e+04
9.931250000000000000e+01,4.111635966838397144e+04
9.933333333333332860e+01,3.539748772204974375e+04
9.935416666666665719e+01,3.568148737445595179e+04
9.937500000000000000e+01,4.179804759090086736e+04
9.939583333333332860e+01,4.179442575223738822e+04
9.941666666666665719e+01,3.539940937209389085e+04
9.943750000000000000e+01,3.718882477185774042e+04
9.945833333333332860e+01,4.181718590383532137e+04
9.947916666666665719e+01,3.950755355298832728e+04
9.950000000000000000e+01,3.547835654613531369e+04
9.952083333333332860e+01,3.852696387575873814e+04
9.954166666666665719e+01,4.179149691978543706e+04
9.956250000000000000e+01,3.859334334943948488e+04
9.958333333333332860e+01,3.539574070197621768e+04
9.960416666666665719e+01,3.754946220078619081e+04
9.962500000000000000e+01,4.178755619755870430e+04
9.964583333333332860e+01,3.951047175997729937e+04
9.966666666666665719e+01,3.604426935866434360e+04
9.968750000000000000e+01,3.860444478111123317e+04
9.970833333333332860e+01,4.179509068668921100e+04
9.972916666666665719e+01,3.859823785822714854e+04
9.975000000000000000e+01,3.540013302863884019e+04
9.977083333333332860e+01,3.859348327175121085e+04
9.979166666666665719e+01,4.178764012012127205e+04
9.981250000000000000e+01,3.858733247386097355e+04
9.983333333333332860e+01,3.538747041396234999e+04
9.985416666666665719e+01,3.858622941157731111e+04
9.987500000000000000e+01,4.178584062901588914e+04
9.989583333333332860e+01,3.858509223041200312e+04
9.991666666666665719e+01,-1.515940409683426333e+04
9.993750000000000000e+01,4.854763569715608173e+04
9.995833333333332860e+01,4.531001420552257332e+04
9.997916666666665719e+01,3.921824483411305846e+04
1.000000000000000000e+02,3.690948823131008976e+04
1.000208333333333286e+02,3.873683651243992790e+04
1.000416666666666572e+02,4.016886862038607796e+04
1.000625000000000000e+02,3.698320037168970157e+04
1.000833333333333286e+02,3.793175740263637272e+04
1.001041666666666572e+02,4.023109796183997969e+04
1.001250000000000000e+02,3.996493175080772198e+04
1.001458333333333286e+02,3.698689041596712923e+04
1.001666666666666572e+02,3.710777435724272800e+04
1.001875000000000000e+02,4.013907269443281984e+04
1.002083333333333286e+02,4.021282492272845411e+04
1.002291666666666572e+02,3.724902908154276520e+04
1.002500000000000000e+02,3.671971771319286927e+04
1.002708333333333286e+02,4.032655725652277033e+04
1.002916666666666572e+02,3.975889323269762099e+04
1.003125000000000000e+02,3.615300956022385799e+04
1.003333333333333286e+02,3.786650790463824524e+04
1.003541666666666572e+02,4.092223796829565254e+04
1.003750000000000000e+02,3.870478010407347028e+04
1.003958333333333286e+02,3.775520206380003219e+04
1.004166666666666572e+02,3.924322241154048970e+04
1.004375000000000000e+02,3.862568524366499332e+04
1.004583333333333286e+02,3.880142612875187478e+04
1.004791666666666572e+02,3.886045060689765523e+04
1.005000000000000000e+02,3.834871729294618854e+04
1.005208333333333286e+02,3.870840662677561340e+04
1.005416666666666572e+02,3.918060729563719360e+04
1.005625000000000000e+02,3.838825727119886869e+04
1.005833333333333286e+02,3.824469188665031834e+04
1.006041666666666572e+02,3.946344223792330740e+04
1.006250000000000000e+02,3.865538242624928534e+04
1.006458333333333286e+02,3.781171934242497809e+04
1.006666666666666572e+02,3.953118443964831386e+04
1.006875000000000000e+02,3.916139184908872994e+04
1.007083333333333286e+02,3.758363359483316890e+04
1.007291666666666572e+02,3.949209079885427491e+04
1.007500000000000000e+02,4.025379839368382818e+04
1.007708333333333286e+02,3.634312877175583708e+04
1.007916666666666572e+02,3.886953401151111757e+04
1.008125000000000000e+02,4.185664437813809491e+04
1.008333333333333286e+02,3.572069131633787765e+04
1.008541666666666572e+02,3.690714321187795576e+04
1.008750000000000000e+02,4.182356680957436765e+04
1.008958333333333286e+02,4.114517660205811990e+04
1.009166666666666572e+02,3.540088021411981754e+04
1.009375000000000000e+02,3.539469703328765172e+04
1.009583333333333286e+02,4.142626687339503405e+04
1.009791666666666572e+02,4.177913070489752863e+04
1.010000000000000000e+02,3.537039089576821425e+04
1.010208333333333286e+02,3.537956177298435068e+04
1.010416666666666572e+02,4.178025643693695019e+04
1.010625000000000000e+02,4.177031712205790245e+04
1.010833333333333286e+02,3.536457978083803027e+04
1.011041666666666572e+02,3.640465514023821743e+04
1.011250000000000000e+02,4.102618105614723754e+04
1.011458333333333286e+02,4.179558733306570502e+04
1.011666666666666572e+02,3.538853107849728985e+04
1.011875000000000000e+02,3.539787090122109657e+04
1.012083333333333286e+02,4.179532971534701937e+04
1.012291666666666572e+02,4.210391329558037251e+04
1.012500000000000000e+02,3.632700138971170236e+04
1.012708333333333286e+02,3.539143029945540911e+04
1.012916666666666572e+02,4.123660531646816526e+04
1.013125000000000000e+02,4.171234822294056357e+04
1.013333333333333286e+02,3.538918928310253250e+04
1.013541666666666572e+02,3.538188025842107163e+04
1.013750000000000000e+02,4.177596575885231869e+04
1.013958333333333286e+02,4.178596512701290339e+04
1.014166666666666572e+02,3.565075224002074538e+04
1.014375000000000000e+02,3.538142851090209297e+04
1.014583333333333286e+02,4.177526237647672679e+04
1.014791666666666572e+02,4.179300460528220719e+04
1.015000000000000000e+02,3.538714527525663289e+04
1.015208333333333286e+02,3.538136331324392813e+04
1.015416666666666572e+02,4.177390000546559895e+04
1.015625000000000000e+02,4.179450596568627225e+04
1.015833333333333286e+02,3.531754157078752178e+04
1.016041666666666572e+02,3.634018134264827677e+04
1.016250000000000000e+02,4.179434547208711592e+04
1.016458333333333286e+02,4.180880652952501259e+04
1.016666666666666572e+02,3.588535137089068303e+04
1.016875000000000000e+02,3.539598867287745816e+04
1.017083333333333286e+02,4.178767050595281762e+04
1.017291666666666572e+02,4.180369377716831514e+04
1.017500000000000000e+02,3.540491481425154052e+04
1.017708333333333286e+02,3.539395612197604351e+04
1.017916666666666572e+02,4.177188489903422305e+04
1.018125000000000000e+02,4.179131336187600391e+04
1.018333333333333286e+02,3.538691727094059752e+04
1.018541666666666572e+02,3.468112249629426515e+04
1.018750000000000000e+02,4.294267547884157102e+04
1.018958333333333286e+02,4.179970415440019860e+04
1.019166666666666572e+02,3.399554030333433911e+04
1.019375000000000000e+02,3.541621561420814396e+04
1.019583333333333286e+02,4.408642297315299948e+04
1.019791666666666572e+02,4.180421259781823755e+04
1.020000000000000000e+02,3.219862095773807960e+04
1.020208333333333286e+02,3.542819139871547668e+04
1.020416666666666572e+02,4.464711190044591785e+04
1.020625000000000000e+02,4.181287022142847854e+04
1.020833333333333286e+02,3.220822747057623201e+04
1.021041666666666572e+02,3.541686843161626166e+04
1.021250000000000000e+02,4.501396705032476166e+04
1.021458333333333286e+02,4.155141909856755956e+04
1.021666666666666572e+02,3.219627088306141741e+04
1.021875000000000000e+02,3.539756104470675928e+04
1.022083333333333286e+02,4.491576132705639611e+04
1.022291666666666572e+02,4.042118464469674655e+04
1.022500000000000000e+02,3.219705016731903015e+04
1.022708333333333286e+02,3.676454153187786142e+04
1.022916666666666572e+02,4.500936774682945543e+04
1.023125000000000000e+02,3.976827369607504806e+04
1.023333333333333286e+02,3.220305850757624648e+04
1.023541666666666572e+02,3.860163022136297513e+04
1.023750000000000000e+02,4.356948202841636521e+04
1.023958333333333286e+02,3.860004922301037004e+04
1.024166666666666572e+02,3.262306019968590408e+04
1.024375000000000000e+02,3.860102150277701003e+04
1.024583333333333286e+02,4.499501730791971931e+04
1.024791666666666572e+02,3.793809611558247707e+04
1.025000000000000000e+02,3.342883785875073954e+04
1.025208333333333286e+02,3.860355652627848031e+04
1.025416666666666572e+02,4.410482040296310879e+04
1.025625000000000000e+02,3.860748405574126082e+04
1.025833333333333286e+02,3.348496822022749984e+04
1.026041666666666572e+02,3.859795690119061328e+04
1.026250000000000000e+02,4.347161369699866918e+04
1.026458333333333286e+02,3.906559339057114266e+04
1.026666666666666572e+02,3.529711637244482699e+04
1.026875000000000000e+02,3.847169218503129377e+04
1.027083333333333286e+02,4.180491454188866919e+04
1.027291666666666572e+02,3.860981553837344836e+04
1.027500000000000000e+02,3.540522559337026178e+04
1.027708333333333286e+02,3.859316911403019185e+04
1.027916666666666572e+02,4.178944591452628083e+04
1.028125000000000000e+02,3.859273034931026632e+04
1.028333333333333286e+02,3.539149376565609418e+04
1.028541666666666572e+02,3.893745785036240704e+04
1.028750000000000000e+02,4.178983727860435465e+04
1.028958333333333286e+02,3.858968956945915852e+04
1.029166666666666572e+02,3.624459607527568733e+04
1.029375000000000000e+02,3.859254971516878140e+04
1.029583333333333286e+02,4.178716200384658441e+04
1.029791666666666572e+02,3.858740017210513179e+04
1.030000000000000000e+02,3.538986763184777374e+04
1.030208333333333286e+02,3.858936941783525253e+04
1.030416666666666572e+02,4.178409126126369665e+04
1.030625000000000000e+02,3.858112304101396876e+04
1.030833333333333286e+02,3.538685776662828721e+04
1.031041666666666572e+02,3.841220245464675827e+04
1.031250000000000000e+02,4.178528129174619244e+04
1.031458333333333286e+02,3.858220402106770052e+04
1.031666666666666572e+02,3.688577541938226932e+04
1.031875000000000000e+02,3.860068721332135465e+04
1.032083333333333286e+02,4.030382217619345465e+04
1.032291666666666572e+02,3.859628538871541241e+04
1.032500000000000000e+02,3.849615448941046634e+04
1.032708333333333286e+02,3.790324936098505714e+04
1.032916666666666572e+02,3.859792174723982316e+04
1.033125000000000000e+02,3.963030853174919321e+04
1.033333333333333286e+02,3.860173379441021098e+04
1.033541666666666572e+02,3.859371175015577319e+04
1.033750000000000000e+02,3.859350709671684308e+04
1.033958333333333286e+02,3.892076467984203919e+04
1.034166666666666572e+02,3.862147775811373867e+04
1.034375000000000000e+02,3.793762346487770992e+04
1.034583333333333286e+02,3.861789120294444729e+04
1.034791666666666572e+02,4.045327370531940687e+04
1.035000000000000000e+02,3.861102729447840829e+04
1.035208333333333286e+02,3.917474561438003730e+04
1.035416666666666572e+02,3.862159956810378935e+04
1.035625000000000000e+02,3.861337248264829395e+04
1.035833333333333286e+02,3.860042864340003871e+04
1.036041666666666572e+02,3.859147363418285386e+04
1.036250000000000000e+02,3.859421691689886211e+04
1.036458333333333286e+02,3.904499661286110495e+04
1.036666666666666572e+02,3.859059333265094756e+04
1.036875000000000000e+02,3.858432544684876484e+04
1.037083333333333286e+02,3.858553486783255357e+04
1.037291666666666572e+02,3.790829138012856129e+04
1.037500000000000000e+02,3.861825714027067443e+04
1.037708333333333286e+02,3.917768528382767545e+04
1.037916666666666572e+02,3.861551010084355221e+04
1.038125000000000000e+02,3.894913148970071779e+04
1.038333333333333286e+02,3.859906189457992150e+04
1.038541666666666572e+02,3.858891595220803720e+04
1.038750000000000000e+02,3.859166088143622619e+04
1.038958333333333286e+02,3.977492051952421753e+04
1.039166666666666572e+02,3.859115799608253292e+04
1.039375000000000000e+02,3.824957765993167413e+04
1.039583333333333286e+02,3.908515845831106708e+04
1.039791666666666572e+02,3.932032819968605327e+04
1.040000000000000000e+02,3.859582252495363355e+04
1.040208333333333286e+02,3.858957348918981006e+04
1.040416666666666572e+02,3.859459863424139621e+04
1.040625000000000000e+02,3.859222101234396541e+04
1.040833333333333286e+02,3.858721278795866965e+04
1.041041666666666572e+02,3.858146353415927297e+04
1.041250000000000000e+02,3.939099661160776304e+04
1.041458333333333286e+02,3.754344712018794235e+04
1.041666666666666572e+02,3.861596999015238544e+04
1.041875000000000000e+02,3.860334547345035389e+04
1.042083333333333286e+02,3.860105292080281652e+04
1.042291666666666572e+02,3.859601462697524403e+04
1.042500000000000000e+02,3.859122458208892931e+04
1.042708333333333286e+02,3.957469464655639604e+04
1.042916666666666572e+02,3.918065358425252634e+04
1.043125000000000000e+02,3.962702391861601063e+04
1.043333333333333286e+02,3.860363341036167549e+04
1.043541666666666572e+02,3.859296201768038736e+04
1.043750000000000000e+02,3.859695072328165406e+04
1.043958333333333286e+02,3.753015150211752916e+04
1.044166666666666572e+02,3.861683580178249395e+04
1.044375000000000000e+02,3.881224765423583449e+04
1.044583333333333286e+02,3.860606251140520180e+04
1.044791666666666572e+02,3.878808936434460338e+04
1.045000000000000000e+02,3.859124768079267233e+04
1.045208333333333286e+02,3.864542873333783791e+04
1.045416666666666572e+02,3.898091189974732697e+04
1.045625000000000000e+02,4.085509171681158477e+04
1.045833333333333286e+02,3.860354344941247837e+04
1.046041666666666572e+02,3.667093098281168932e+04
1.046250000000000000e+02,3.861681690002822143e+04
1.046458333333333286e+02,3.972154308965070959e+04
1.046666666666666572e+02,3.860192571232926275e+04
1.046875000000000000e+02,3.829860569358713110e+04
1.047083333333333286e+02,3.927668318122093478e+04
1.047291666666666572e+02,3.907182325732298341e+04
1.047500000000000000e+02,3.859761416240451945e+04
1.047708333333333286e+02,3.859169286137291056e+04
1.047916666666666572e+02,3.859461261588438356e+04
1.048125000000000000e+02,3.859204631062335829e+04
1.048333333333333286e+02,3.859026428750607010e+04
1.048541666666666572e+02,3.858605840272206115e+04
1.048750000000000000e+02,3.858795544745762163e+04
1.048958333333333286e+02,3.942309912483219523e+04
1.049166666666666572e+02,3.859285522333710105e+04
1.049375000000000000e+02,3.858477609057787777e+04
1.049583333333333286e+02,3.911817890991234890e+04
1.049791666666666572e+02,3.794374926008795592e+04
1.050000000000000000e+02,3.861877206071637193e+04
1.050208333333333286e+02,3.871283861966562108e+04
1.050416666666666572e+02,3.860662271434820286e+04
1.050625000000000000e+02,3.880528092875963921e+04
1.050833333333333286e+02,3.859483502682640392e+04
1.051041666666666572e+02,3.905555981243894348e+04
1.051250000000000000e+02,3.900526426084821287e+04
1.051458333333333286e+02,3.953588576908417599e+04
1.051666666666666572e+02,3.860197005035565235e+04
1.051875000000000000e+02,3.827914024107925070e+04
1.052083333333333286e+02,3.860002073256925360e+04
1.052291666666666572e+02,3.859455144255681807e+04
1.052500000000000000e+02,3.859394739733558526e+04
1.052708333333333286e+02,3.858988223777970416e+04
1.052916666666666572e+02,3.859012904264883400e+04
1.053125000000000000e+02,3.944583016864620004e+04
1.053333333333333286e+02,3.860800307874768623e+04
1.053541666666666572e+02,3.859636668729753728e+04
1.053750000000000000e+02,3.859618232682337111e+04
1.053958333333333286e+02,3.920184537267570704e+04
1.054166666666666572e+02,3.859273103030518541e+04
1.054375000000000000e+02,3.858756715650489059e+04
1.054583333333333286e+02,3.859188664442688605e+04
1.054791666666666572e+02,3.819394465401877824e+04
1.055000000000000000e+02,3.859352811296731670e+04
1.055208333333333286e+02,3.858364195621011459e+04
1.055416666666666572e+02,3.977775746069379238e+04
1.055625000000000000e+02,3.965305121720387979e+04
1.055833333333333286e+02,3.859837820930017915e+04
1.056041666666666572e+02,3.853963293782563414e+04
1.056250000000000000e+02,3.860207945568011201e+04
1.056458333333333286e+02,3.827018628743368026e+04
1.056666666666666572e+02,3.859805089996294555e+04
1.056875000000000000e+02,3.858924126420470566e+04
1.057083333333333286e+02,3.859145977971154934e+04
1.057291666666666572e+02,3.973024646398029290e+04
1.057500000000000000e+02,3.859675332996862562e+04
1.057708333333333286e+02,3.855774028435368382e+04
1.057916666666666572e+02,3.859582609082228009e+04
1.058125000000000000e+02,3.812081863123622315e+04
1.058333333333333286e+02,3.860673623010370648e+04
1.058541666666666572e+02,3.860240463710355834e+04
1.058750000000000000e+02,3.859428258455967443e+04
1.058958333333333286e+02,3.858905626466024114e+04
1.059166666666666572e+02,3.859665209653229249e+04
1.059375000000000000e+02,3.859495570265423157e+04
1.059583333333333286e+02,3.975259795254821074e+04
1.059791666666666572e+02,3.859549430280315573e+04
1.060000000000000000e+02,3.859502241422096267e+04
1.060208333333333286e+02,3.859125779166955181e+04
1.060416666666666572e+02,3.859139171271835221e+04
1.060625000000000000e+02,3.901823590473069635e+04
1.060833333333333286e+02,3.860680104653373564e+04
1.061041666666666572e+02,3.859430586460809718e+04
1.061250000000000000e+02,3.952590599944934365e+04
1.061458333333333286e+02,3.874517380783570843e+04
1.061666666666666572e+02,3.859728143459145213e+04
1.061875000000000000e+02,3.859190229847522278e+04
1.062083333333333286e+02,3.859966749500451988e+04
1.062291666666666572e+02,3.859888081904166029e+04
1.062500000000000000e+02,3.858931855897277273e+04
1.062708333333333286e+02,3.858125263478302804e+04
1.062916666666666572e+02,3.935019891456865298e+04
1.063125000000000000e+02,4.019700143293330621e+04
1.063333333333333286e+02,3.860303662057973997e+04
1.063541666666666572e+02,3.796784437067250838e+04
1.063750000000000000e+02,3.861224683793923759e+04
1.063958333333333286e+02,3.855839456032696035e+04
1.064166666666666572e+02,3.859478035715211445e+04
1.064375000000000000e+02,3.858533737471450877e+04
1.064583333333333286e+02,3.859089188292677136e+04
1.064791666666666572e+02,3.815015279262271360e+04
1.065000000000000000e+02,3.860986790976432530e+04
1.065208333333333286e+02,3.859467104830017342e+04
1.065416666666666572e+02,3.928859197888871859e+04
1.065625000000000000e+02,3.908035668180559151e+04
1.065833333333333286e+02,3.859767717899868148e+04
1.066041666666666572e+02,3.921605773243626027e+04
1.066250000000000000e+02,3.860953762304790143e+04
1.066458333333333286e+02,3.860287043980282033e+04
1.066666666666666572e+02,3.859532175443865708e+04
1.066875000000000000e+02,3.858794998139955715e+04
1.067083333333333286e+02,3.859005370785570267e+04
1.067291666666666572e+02,3.976245708533631114e+04
1.067500000000000000e+02,3.859280546200522804e+04
1.067708333333333286e+02,3.817981024657857051e+04
1.067916666666666572e+02,3.859248512628184835e+04
1.068125000000000000e+02,3.870363300542138313e+04
1.068333333333333286e+02,3.862130595268768957e+04
1.068541666666666572e+02,3.713144719039677875e+04
1.068750000000000000e+02,3.861912335713746143e+04
1.068958333333333286e+02,4.180527621653227106e+04
1.069166666666666572e+02,3.856279045875839074e+04
1.069375000000000000e+02,3.575702078148798319e+04
1.069583333333333286e+02,3.859851950800384657e+04
1.069791666666666572e+02,4.264684831464432500e+04
1.070000000000000000e+02,3.859740482881615753e+04
1.070208333333333286e+02,3.529556026783242851e+04
1.070416666666666572e+02,3.859178342101865564e+04
1.070625000000000000e+02,4.179511769081270904e+04
1.070833333333333286e+02,3.859395296827722632e+04
1.071041666666666572e+02,3.432723679162904591e+04
1.071250000000000000e+02,3.859275121613935335e+04
1.071458333333333286e+02,4.231255470424590021e+04
1.071666666666666572e+02,3.859964412787595211e+04
1.071875000000000000e+02,3.574558777945164184e+04
1.072083333333333286e+02,3.978543549671402434e+04
1.072291666666666572e+02,4.179676383517058275e+04
1.072500000000000000e+02,3.789620914960833761e+04
1.072708333333333286e+02,3.539876357272173482e+04
1.072916666666666572e+02,3.886984537231321883e+04
1.073125000000000000e+02,4.178758085247883719e+04
1.073333333333333286e+02,3.858677858370455942e+04
1.073541666666666572e+02,3.568170698387083394e+04
1.073750000000000000e+02,3.960589760480770201e+04
1.073958333333333286e+02,4.179082527710961585e+04
1.074166666666666572e+02,3.832765759798470390e+04
1.074375000000000000e+02,3.481352836633927654e+04
1.074583333333333286e+02,3.860105925469040085e+04
1.074791666666666572e+02,4.179201785791596922e+04
1.075000000000000000e+02,3.859556881527134101e+04
1.075208333333333286e+02,3.539874619524069567e+04
1.075416666666666572e+02,3.859315850769281678e+04
1.075625000000000000e+02,4.184556789506648784e+04
1.075833333333333286e+02,3.858358266716756043e+04
1.076041666666666572e+02,3.605360844246612396e+04
1.076250000000000000e+02,3.939015789601964934e+04
1.076458333333333286e+02,4.303327513140207884e+04
1.076666666666666572e+02,3.818492300387672003e+04
1.076875000000000000e+02,3.394427530628438399e+04
1.077083333333333286e+02,3.861516738582831749e+04
1.077291666666666572e+02,4.394395705419659498e+04
1.077500000000000000e+02,3.860250426877288555e+04
1.077708333333333286e+02,3.220193877905580666e+04
1.077916666666666572e+02,3.859721825280055782e+04
1.078125000000000000e+02,4.493741095900948130e+04
1.078333333333333286e+02,3.858527451801981806e+04
1.078541666666666572e+02,3.218959202944828940e+04
1.078750000000000000e+02,3.858846173744017869e+04
1.078958333333333286e+02,4.363834970914243604e+04
1.079166666666666572e+02,3.860759693220062763e+04
1.079375000000000000e+02,3.245345313262446143e+04
1.079583333333333286e+02,3.860170573652251915e+04
1.079791666666666572e+02,4.499594960075386189e+04
1.080000000000000000e+02,3.859014746689565072e+04
1.080208333333333286e+02,3.227231161993028945e+04
1.080416666666666572e+02,3.858876230999328254e+04
1.080625000000000000e+02,4.498944397777759150e+04
1.080833333333333286e+02,3.813347812459572015e+04
1.081041666666666572e+02,3.219295066473685438e+04
1.081250000000000000e+02,3.859189666424031020e+04
1.081458333333333286e+02,4.499463862764966325e+04
1.081666666666666572e+02,3.859224076002137735e+04
1.081875000000000000e+02,3.219356667615926926e+04
1.082083333333333286e+02,3.859222473637510120e+04
1.082291666666666572e+02,4.498987138518642314e+04
1.082500000000000000e+02,3.858518607700007124e+04
1.082708333333333286e+02,3.248221090365182681e+04
1.082916666666666572e+02,3.940215077366158221e+04
1.083125000000000000e+02,4.499474048962350935e+04
1.083333333333333286e+02,3.859007579326447740e+04
1.083541666666666572e+02,3.219744698708135547e+04
1.083750000000000000e+02,3.858602258100207837e+04
1.083958333333333286e+02,4.356193574838761560e+04
1.084166666666666572e+02,3.830102913673214789e+04
1.084375000000000000e+02,3.243452622853004868e+04
1.084583333333333286e+02,3.860171670227037248e+04
1.084791666666666572e+02,4.500037524493060482e+04
1.085000000000000000e+02,3.768028526896921539e+04
1.085208333333333286e+02,3.248431536309556395e+04
1.085416666666666572e+02,3.863960448250686022e+04
1.085625000000000000e+02,4.500536916494557954e+04
1.085833333333333286e+02,3.835780396860582550e+04
1.086041666666666572e+02,3.219516428324221852e+04
1.086250000000000000e+02,3.960572853368012875e+04
1.086458333333333286e+02,4.500130785085572279e+04
1.086666666666666572e+02,3.820751428586453403e+04
1.086875000000000000e+02,3.219210630855426280e+04
1.087083333333333286e+02,3.858373013651042857e+04
1.087291666666666572e+02,4.499188363924287842e+04
1.087500000000000000e+02,3.792595829246074572e+04
1.087708333333333286e+02,3.219221227947341686e+04
1.087916666666666572e+02,3.858812340078526177e+04
1.088125000000000000e+02,4.408760470447169064e+04
1.088333333333333286e+02,3.861381562078510615e+04
1.088541666666666572e+02,3.226511173109674928e+04
1.088750000000000000e+02,3.990774166458144464e+04
1.088958333333333286e+02,4.500145459760075028e+04
1.089166666666666572e+02,3.725284802859613410e+04
1.089375000000000000e+02,3.220216142792383107e+04
1.089583333333333286e+02,4.064322973386695958e+04
1.089791666666666572e+02,4.499932636931463639e+04
1.090000000000000000e+02,3.527282537219876394e+04
1.090208333333333286e+02,3.255447458298772835e+04
1.090416666666666572e+02,4.178645697959773679e+04
1.090625000000000000e+02,4.426769340630842635e+04
1.090833333333333286e+02,3.509773479408914136e+04
1.091041666666666572e+02,3.219631161468752543e+04
1.091250000000000000e+02,4.178632628425046278e+04
1.091458333333333286e+02,4.498853916630448657e+04
1.091666666666666572e+02,3.539635709650118952e+04
1.091875000000000000e+02,3.247916911500855713e+04
1.092083333333333286e+02,4.178508294316488173e+04
1.092291666666666572e+02,4.498627786507351993e+04
1.092500000000000000e+02,3.413128846894049639e+04
1.092708333333333286e+02,3.220236751898532748e+04
1.092916666666666572e+02,4.258601669996805140e+04
1.093125000000000000e+02,4.499951632953551598e+04
1.093333333333333286e+02,3.529849673601074028e+04
1.093541666666666572e+02,3.219815655468974001e+04
1.093750000000000000e+02,4.178626486085777287e+04
1.093958333333333286e+02,4.479197318261349574e+04
1.094166666666666572e+02,3.415533620632702514e+04
1.094375000000000000e+02,3.219835952437392552e+04
1.094583333333333286e+02,4.316731395852626883e+04
1.094791666666666572e+02,4.464847148841361923e+04
1.095000000000000000e+02,3.294452753494308126e+04
1.095208333333333286e+02,3.219759679069625054e+04
1.095416666666666572e+02,4.499858248751018982e+04
1.095625000000000000e+02,4.322822306122012378e+04
1.095833333333333286e+02,3.220097950954208500e+04
1.096041666666666572e+02,3.425079977459988731e+04
1.096250000000000000e+02,4.500831874161632004e+04
1.096458333333333286e+02,4.106810665766589227e+04
1.096666666666666572e+02,3.220857670636538387e+04
1.096875000000000000e+02,3.541028133036033978e+04
1.097083333333333286e+02,4.500614885429889546e+04
1.097291666666666572e+02,4.179271444797761069e+04
1.097500000000000000e+02,3.218623266872104432e+04
1.097708333333333286e+02,3.539176931972194870e+04
1.097916666666666572e+02,4.373596921830673091e+04
1.098125000000000000e+02,4.179563065379685577e+04
1.098333333333333286e+02,3.307997119055571966e+04
1.098541666666666572e+02,3.589492513445500663e+04
1.098750000000000000e+02,4.458311526660850359e+04
1.098958333333333286e+02,4.180312017679349810e+04
1.099166666666666572e+02,3.219141767270786295e+04
1.099375000000000000e+02,3.539028988346862752e+04
1.099583333333333286e+02,4.499358464560549328e+04
1.099791666666666572e+02,4.178853758245137578e+04
1.100000000000000000e+02,3.217873860196684836e+04
1.100208333333333286e+02,3.490386581496855069e+04
1.100416666666666572e+02,4.417636534455185756e+04
1.100625000000000000e+02,4.133526092708126816e+04
1.100833333333333286e+02,3.257758682530053920e+04
1.101041666666666572e+02,3.539662646080961713e+04
1.101250000000000000e+02,4.500089815675657155e+04
1.101458333333333286e+02,4.179861970925758214e+04
1.101666666666666572e+02,3.219104796243747478e+04
1.101875000000000000e+02,3.548345387614527863e+04
1.102083333333333286e+02,4.498942482977032341e+04
1.102291666666666572e+02,4.178633563492386747e+04
1.102500000000000000e+02,3.229937415312305166e+04
1.102708333333333286e+02,3.544616694740717503e+04
1.102916666666666572e+02,4.500281299520307221e+04
1.103125000000000000e+02,4.019490220625126676e+04
1.103333333333333286e+02,3.221479583689785431e+04
1.103541666666666572e+02,3.635299076213395165e+04
1.103750000000000000e+02,4.500463305583939655e+04
1.103958333333333286e+02,4.163411695785868505e+04
1.104166666666666572e+02,3.219986011096585935e+04
1.104375000000000000e+02,3.539716910066848504e+04
1.104583333333333286e+02,4.499158858709164633e+04
1.104791666666666572e+02,4.129867542116178811e+04
1.105000000000000000e+02,3.218884603314983542e+04
1.105208333333333286e+02,3.473097063158389210e+04
1.105416666666666572e+02,4.432082345218176488e+04
1.105625000000000000e+02,4.179627558279774530e+04
1.105833333333333286e+02,3.219061037949515594e+04
1.106041666666666572e+02,3.539129061096082296e+04
1.106250000000000000e+02,4.499290446414645703e+04
1.106458333333333286e+02,4.179051740434208477e+04
1.106666666666666572e+02,3.218491297596866571e+04
1.106875000000000000e+02,3.538261248390183755e+04
1.107083333333333286e+02,4.498736874548248306e+04
1.107291666666666572e+02,4.178945516961330577e+04
1.107500000000000000e+02,3.218293661577378953e+04
1.107708333333333286e+02,3.538042753569153138e+04
1.107916666666666572e+02,4.408471870859794581e+04
1.108125000000000000e+02,4.179672135039870045e+04
1.108333333333333286e+02,3.218674490256297577e+04
1.108541666666666572e+02,3.538403771797674563e+04
1.108750000000000000e+02,4.499181480704812566e+04
1.108958333333333286e+02,4.171784029084896611e+04
1.109166666666666572e+02,3.218427076041170585e+04
1.109375000000000000e+02,3.538225192008437443e+04
1.109583333333333286e+02,4.433510025135320029e+04
1.109791666666666572e+02,4.179743295745537034e+04
1.110000000000000000e+02,3.218708899195671620e+04
1.110208333333333286e+02,3.538689429532842041e+04
1.110416666666666572e+02,4.499379913305048103e+04
1.110625000000000000e+02,4.178989872184048727e+04
1.110833333333333286e+02,3.218124020699685207e+04
1.111041666666666572e+02,3.442284661570526805e+04
1.111250000000000000e+02,4.499953088545052742e+04
1.111458333333333286e+02,4.179124536732365959e+04
1.111666666666666572e+02,3.218753111930833984e+04
1.111875000000000000e+02,3.539428669669527153e+04
1.112083333333333286e+02,4.499241092178945109e+04
1.112291666666666572e+02,4.178095580632657220e+04
1.112500000000000000e+02,3.242011327070335028e+04
1.112708333333333286e+02,3.548773112585099443e+04
1.112916666666666572e+02,4.500918019354592252e+04
1.113125000000000000e+02,4.129498039378532849e+04
1.113333333333333286e+02,3.220800758909590513e+04
1.113541666666666572e+02,3.541277255201643857e+04
1.113750000000000000e+02,4.500359867164691968e+04
1.113958333333333286e+02,4.179078542921062035e+04
1.114166666666666572e+02,3.219057262505796098e+04
1.114375000000000000e+02,3.539583250326410780e+04
1.114583333333333286e+02,4.373717051309029193e+04
1.114791666666666572e+02,4.179447962464336888e+04
1.115000000000000000e+02,3.322324503000665572e+04
1.115208333333333286e+02,3.540191073491999123e+04
1.115416666666666572e+02,4.388763145089777390e+04
1.115625000000000000e+02,4.176682999308535364e+04
1.115833333333333286e+02,3.271561517292384087e+04
1.116041666666666572e+02,3.539296938280518953e+04
1.116250000000000000e+02,4.499544307376632059e+04
1.116458333333333286e+02,4.092032160927888617e+04
1.116666666666666572e+02,3.219641845352722521e+04
1.116875000000000000e+02,3.547210731173989916e+04
1.117083333333333286e+02,4.390808253014226648e+04
1.117291666666666572e+02,4.180802759916963259e+04
1.117500000000000000e+02,3.241085635284987075e+04
1.117708333333333286e+02,3.634156847011477657e+04
1.117916666666666572e+02,4.499805823986528412e+04
1.118125000000000000e+02,4.124203442532593908e+04
1.118333333333333286e+02,3.220013050568049221e+04
1.118541666666666572e+02,3.539031493154828058e+04
1.118750000000000000e+02,4.498692574892535777e+04
1.118958333333333286e+02,4.179116122081776120e+04
1.119166666666666572e+02,3.219151107464897723e+04
1.119375000000000000e+02,3.538647424028687237e+04
1.119583333333333286e+02,4.485292268745483307e+04
1.119791666666666572e+02,4.178857857313108252e+04
1.120000000000000000e+02,3.218772072703339290e+04
1.120208333333333286e+02,3.415870574582656263e+04
1.120416666666666572e+02,4.499588159364126477e+04
1.120625000000000000e+02,4.178870026695781416e+04
1.120833333333333286e+02,3.218890516367236341e+04
1.121041666666666572e+02,3.539338427227668581e+04
1.121250000000000000e+02,4.498999324053052260e+04
1.121458333333333286e+02,4.178152427920798800e+04
1.121666666666666572e+02,3.218215401433061925e+04
1.121875000000000000e+02,3.456251374713950645e+04
1.122083333333333286e+02,4.477802769277291372e+04
1.122291666666666572e+02,4.161342072756220296e+04
1.122500000000000000e+02,3.219585348806047841e+04
1.122708333333333286e+02,3.546857252860387962e+04
1.122916666666666572e+02,4.499869901810776355e+04
1.123125000000000000e+02,4.178485373256650928e+04
1.123333333333333286e+02,3.218762089760489471e+04
1.123541666666666572e+02,3.564060028140377108e+04
1.123750000000000000e+02,4.384077106188778998e+04
1.123958333333333286e+02,4.179258370973187266e+04
1.124166666666666572e+02,3.267376433471728160e+04
1.124375000000000000e+02,3.541001239244599856e+04
1.124583333333333286e+02,4.499879595272229199e+04
1.124791666666666572e+02,4.178844925217601849e+04
1.125000000000000000e+02,3.219070899328669475e+04
1.125208333333333286e+02,3.539363657367720589e+04
1.125416666666666572e+02,4.474512120076134306e+04
1.125625000000000000e+02,4.178483183142563939e+04
1.125833333333333286e+02,3.218548917050950331e+04
1.126041666666666572e+02,3.538835644217588560e+04
1.126250000000000000e+02,4.377779644753451430e+04
1.126458333333333286e+02,4.179155731274467689e+04
1.126666666666666572e+02,3.290826551045857923e+04
1.126875000000000000e+02,3.539547988949300634e+04
1.127083333333333286e+02,4.485576147259031859e+04
1.127291666666666572e+02,4.179177024437287037e+04
1.127500000000000000e+02,3.218460027068774798e+04
1.127708333333333286e+02,3.519900858301250264e+04
1.127916666666666572e+02,4.353124885706062923e+04
1.128125000000000000e+02,4.179940193102016929e+04
1.128333333333333286e+02,3.417044702653027343e+04
1.128541666666666572e+02,3.539504813129312242e+04
1.128750000000000000e+02,4.179883600183853559e+04
1.128958333333333286e+02,4.179784344854085066e+04
1.129166666666666572e+02,3.539175646420340490e+04
1.129375000000000000e+02,3.582275692809098837e+04
1.129583333333333286e+02,4.180574080644780042e+04
1.129791666666666572e+02,4.180163202435306448e+04
1.130000000000000000e+02,3.539623206212408695e+04
1.130208333333333286e+02,3.625800706089594314e+04
1.130416666666666572e+02,4.180498614566336619e+04
1.130625000000000000e+02,4.057439768533358438e+04
1.130833333333333286e+02,3.540429035817878321e+04
1.131041666666666572e+02,3.830625139447500260e+04
1.131250000000000000e+02,4.180843504048773320e+04
1.131458333333333286e+02,3.859962681878575677e+04
1.131666666666666572e+02,3.539580693253245408e+04
1.131875000000000000e+02,3.858952118216386589e+04
1.132083333333333286e+02,4.178334455073890422e+04
1.132291666666666572e+02,4.016645593234936678e+04
1.132500000000000000e+02,3.540219139264677506e+04
1.132708333333333286e+02,3.859517616258613998e+04
1.132916666666666572e+02,4.148167898515411798e+04
1.133125000000000000e+02,3.859971377930402377e+04
1.133333333333333286e+02,3.539824184320399218e+04
1.133541666666666572e+02,3.859024298325253039e+04
1.133750000000000000e+02,4.178476158035063418e+04
1.133958333333333286e+02,3.858733197585665766e+04
1.134166666666666572e+02,3.553291752578120941e+04
1.134375000000000000e+02,3.858526437295306096e+04
1.134583333333333286e+02,4.177863019848076510e+04
1.134791666666666572e+02,3.825899561971642106e+04
1.135000000000000000e+02,3.630134645042559714e+04
1.135208333333333286e+02,3.857450961773690506e+04
1.135416666666666572e+02,4.173088711819270247e+04
1.135625000000000000e+02,3.859586362380426726e+04
1.135833333333333286e+02,3.539915219996839005e+04
1.136041666666666572e+02,3.824909016649912519e+04
1.136250000000000000e+02,4.179086265943091712e+04
1.136458333333333286e+02,3.858647894073768839e+04
1.136666666666666572e+02,3.539164978697280458e+04
1.136875000000000000e+02,3.860588534697550494e+04
1.137083333333333286e+02,4.179129757617513678e+04
1.137291666666666572e+02,3.858400863838677469e+04
1.137500000000000000e+02,3.538730008716468728e+04
1.137708333333333286e+02,3.923433437135805434e+04
1.137916666666666572e+02,4.180794975405012519e+04
1.138125000000000000e+02,3.859629487827302364e+04
1.138333333333333286e+02,3.539297724231930624e+04
1.138541666666666572e+02,3.859512183912551700e+04
1.138750000000000000e+02,4.179425077889461681e+04
1.138958333333333286e+02,3.993008168621835648e+04
1.139166666666666572e+02,3.539664177119841770e+04
1.139375000000000000e+02,3.858885252173837216e+04
1.139583333333333286e+02,4.179197682145771250e+04
1.139791666666666572e+02,3.814376373124996462e+04
1.140000000000000000e+02,3.540406056939353584e+04
1.140208333333333286e+02,3.859159640896309429e+04
1.140416666666666572e+02,4.179455073094081308e+04
1.140625000000000000e+02,3.928260147236430203e+04
1.140833333333333286e+02,3.600503415384015534e+04
1.141041666666666572e+02,3.859507549272725009e+04
1.141250000000000000e+02,4.180149607990327786e+04
1.141458333333333286e+02,3.861048289433163154e+04
1.141666666666666572e+02,3.540036616069081356e+04
1.141875000000000000e+02,3.858946087574888952e+04
1.142083333333333286e+02,4.179430998695420567e+04
1.142291666666666572e+02,3.859872503004445753e+04
1.142500000000000000e+02,3.539083562256323057e+04
1.142708333333333286e+02,3.883982620471531118e+04
1.142916666666666572e+02,4.179423510119461571e+04
1.143125000000000000e+02,3.859442861454754166e+04
1.143333333333333286e+02,3.539029017341354484e+04
1.143541666666666572e+02,3.858565979475573113e+04
1.143750000000000000e+02,4.178184887514687580e+04
1.143958333333333286e+02,3.959198575079635339e+04
1.144166666666666572e+02,3.521815189871091570e+04
1.144375000000000000e+02,3.726378674961025536e+04
1.144583333333333286e+02,4.179723436479336669e+04
1.144791666666666572e+02,4.040890533203616360e+04
1.145000000000000000e+02,3.541199401860983926e+04
1.145208333333333286e+02,3.540032245359817898e+04
1.145416666666666572e+02,4.272321743383321882e+04
1.145625000000000000e+02,4.180751078045149916e+04
1.145833333333333286e+02,3.540103882974949374e+04
1.146041666666666572e+02,3.583932111850770889e+04
1.146250000000000000e+02,4.179371940469951369e+04
1.146458333333333286e+02,4.179491724578176945e+04
1.146666666666666572e+02,3.469893441386728955e+04
1.146875000000000000e+02,3.539477641813276568e+04
1.147083333333333286e+02,4.051046092123229027e+04
1.147291666666666572e+02,4.180548997831963788e+04
1.147500000000000000e+02,3.685690162070089718e+04
1.147708333333333286e+02,3.561175871452991123e+04
1.147916666666666572e+02,4.094869096203370282e+04
1.148125000000000000e+02,4.181412945926332759e+04
1.148333333333333286e+02,3.775183762770993053e+04
1.148541666666666572e+02,3.579730907279883832e+04
1.148750000000000000e+02,3.971967892823009606e+04
1.148958333333333286e+02,4.180214376550618908e+04
1.149166666666666572e+02,3.859935427745159541e+04
1.149375000000000000e+02,3.531919913122415892e+04
1.149583333333333286e+02,3.859287654819709860e+04
1.149791666666666572e+02,4.178392078729720379e+04
1.150000000000000000e+02,3.858688993106754788e+04
1.150208333333333286e+02,3.526133877289977681e+04
1.150416666666666572e+02,3.887827758372263634e+04
1.150625000000000000e+02,4.178151150407373643e+04
1.150833333333333286e+02,3.858463874288671650e+04
1.151041666666666572e+02,3.539925229313475575e+04
1.151250000000000000e+02,4.023365995905190357e+04
1.151458333333333286e+02,4.178983401534352743e+04
1.151666666666666572e+02,3.646793145344679215e+04
1.151875000000000000e+02,3.479554488025198225e+04
1.152083333333333286e+02,4.179853308565885527e+04
1.152291666666666572e+02,4.178988869812178746e+04
1.152500000000000000e+02,3.540080537579907104e+04
1.152708333333333286e+02,3.539995830220741482e+04
1.152916666666666572e+02,4.178942025082180771e+04
1.153125000000000000e+02,4.178181661858833832e+04
1.153333333333333286e+02,3.538866707937719184e+04
1.153541666666666572e+02,3.553312235085468274e+04
1.153750000000000000e+02,4.178657420846389141e+04
1.153958333333333286e+02,4.177887625518260757e+04
1.154166666666666572e+02,3.538663405943077669e+04
1.154375000000000000e+02,3.495745714171094005e+04
1.154583333333333286e+02,4.179847514423611574e+04
1.154791666666666572e+02,4.323313825671682571e+04
1.155000000000000000e+02,3.540518977757179528e+04
1.155208333333333286e+02,3.333432512419153500e+04
1.155416666666666572e+02,4.200931898137437383e+04
1.155625000000000000e+02,4.413714284205142758e+04
1.155833333333333286e+02,3.540219730268455896e+04
1.156041666666666572e+02,3.219761674946636413e+04
1.156250000000000000e+02,4.179852979307321220e+04
1.156458333333333286e+02,4.499586445304970403e+04
1.156666666666666572e+02,3.424841502700417914e+04
1.156875000000000000e+02,3.219548895279340286e+04
1.157083333333333286e+02,4.197620388031451876e+04
1.157291666666666572e+02,4.499265788087758847e+04
1.157500000000000000e+02,3.538895012993195269e+04
1.157708333333333286e+02,3.286225066846046684e+04
1.157916666666666572e+02,4.179216147692200320e+04
1.158125000000000000e+02,4.498812633545425342e+04
1.158333333333333286e+02,3.538890685890895111e+04
1.158541666666666572e+02,3.218841004338119092e+04
1.158750000000000000e+02,4.178505386297535733e+04
1.158958333333333286e+02,4.442480652845680743e+04
1.159166666666666572e+02,3.467002877957445162e+04
1.159375000000000000e+02,3.219241838688941061e+04
1.159583333333333286e+02,4.179052583361797588e+04
1.159791666666666572e+02,4.446004956983054581e+04
1.160000000000000000e+02,3.539809028887747991e+04
1.160208333333333286e+02,3.218979642625998167e+04
1.160416666666666572e+02,4.179087760196982708e+04
1.160625000000000000e+02,4.499201793567853019e+04
1.160833333333333286e+02,3.538509837859527761e+04
1.161041666666666572e+02,3.218034464906520225e+04
1.161250000000000000e+02,4.178559805396538286e+04
1.161458333333333286e+02,4.462681763727219368e+04
1.161666666666666572e+02,3.402920793548567599e+04
1.161875000000000000e+02,3.219165752796311426e+04
1.162083333333333286e+02,4.285890501728418894e+04
1.162291666666666572e+02,4.500841304552437941e+04
1.162500000000000000e+02,3.403122385078747175e+04
1.162708333333333286e+02,3.219654502667172346e+04
1.162916666666666572e+02,4.279179120920688729e+04
1.163125000000000000e+02,4.500585602510213357e+04
1.163333333333333286e+02,3.437705663778851158e+04
1.163541666666666572e+02,3.219464786634113989e+04
1.163750000000000000e+02,4.179455137846400612e+04
1.163958333333333286e+02,4.499450788298038242e+04
1.164166666666666572e+02,3.538730025900904002e+04
1.164375000000000000e+02,3.218429127362229337e+04
1.164583333333333286e+02,4.178762295022860781e+04
1.164791666666666572e+02,4.498724832578119822e+04
1.165000000000000000e+02,3.538352273661367508e+04
1.165208333333333286e+02,3.218364196857165371e+04
1.165416666666666572e+02,4.178551924848751514e+04
1.165625000000000000e+02,4.478185782050243870e+04
1.165833333333333286e+02,3.410441512828085979e+04
1.166041666666666572e+02,3.219492094043655379e+04
1.166250000000000000e+02,4.225187296046587289e+04
1.166458333333333286e+02,4.499452858324003319e+04
1.166666666666666572e+02,3.539261400160021003e+04
1.166875000000000000e+02,3.218944969049197607e+04
1.167083333333333286e+02,4.178413648618340085e+04
1.167291666666666572e+02,4.498410035927354329e+04
1.167500000000000000e+02,3.391853147202340188e+04
1.167708333333333286e+02,3.219583910186690628e+04
1.167916666666666572e+02,4.301745243299497815e+04
1.168125000000000000e+02,4.481844178504843876e+04
1.168333333333333286e+02,3.351889591796814057e+04
1.168541666666666572e+02,3.220669269494626860e+04
1.168750000000000000e+02,4.472140595653969649e+04
1.168958333333333286e+02,4.373226296683499822e+04
1.169166666666666572e+02,3.220597559448620450e+04
1.169375000000000000e+02,3.307754931195924291e+04
1.169583333333333286e+02,4.500382304335162917e+04
1.169791666666666572e+02,4.298599894356058940e+04
1.170000000000000000e+02,3.221014975587614026e+04
1.170208333333333286e+02,3.233714133897886495e+04
1.170416666666666572e+02,4.499969757386154379e+04
1.170625000000000000e+02,4.499405129318705440e+04
1.170833333333333286e+02,3.218890426851980737e+04
1.171041666666666572e+02,3.218289388120039439e+04
1.171250000000000000e+02,4.498762935945350910e+04
1.171458333333333286e+02,4.197634451667410758e+04
1.171666666666666572e+02,3.221337022620011339e+04
1.171875000000000000e+02,3.417529848008814588e+04
1.172083333333333286e+02,4.501274019606148067e+04
1.172291666666666572e+02,4.180309506005414005e+04
1.172500000000000000e+02,3.219305349319231391e+04
1.172708333333333286e+02,3.539122565067588584e+04
1.172916666666666572e+02,4.499308128265300184e+04
1.173125000000000000e+02,4.179068375831980666e+04
1.173333333333333286e+02,3.218576012128486036e+04
1.173541666666666572e+02,3.660461719488349627e+04
1.173750000000000000e+02,4.500947581644025195e+04
1.173958333333333286e+02,4.171506586675197468e+04
1.174166666666666572e+02,3.219444303563589710e+04
1.174375000000000000e+02,3.522746734274306073e+04
1.174583333333333286e+02,4.359862018348250422e+04
1.174791666666666572e+02,4.064132369745368487e+04
1.175000000000000000e+02,3.388492046994074917e+04
1.175208333333333286e+02,3.613879528177878092e+04
1.175416666666666572e+02,4.180887687135505985e+04
1.175625000000000000e+02,4.231506345837092522e+04
1.175833333333333286e+02,3.569759487455752969e+04
1.176041666666666572e+02,3.663574330214929068e+04
1.176250000000000000e+02,4.181842059565490490e+04
1.176458333333333286e+02,4.152561178510889295e+04
1.176666666666666572e+02,3.557054951211883599e+04
1.176875000000000000e+02,3.574655581174422696e+04
1.177083333333333286e+02,4.180995646004453738e+04
1.177291666666666572e+02,4.033095495914638013e+04
1.177500000000000000e+02,3.541348299390552711e+04
1.177708333333333286e+02,3.818012882924298174e+04
1.177916666666666572e+02,4.156590095085850044e+04
1.178125000000000000e+02,3.866662944810870977e+04
1.178333333333333286e+02,3.540329808722766757e+04
1.178541666666666572e+02,3.859340875958152174e+04
1.178750000000000000e+02,4.179215880397158617e+04
1.178958333333333286e+02,3.859206185568787623e+04
1.179166666666666572e+02,3.567005708203156246e+04
1.179375000000000000e+02,3.858298696457160986e+04
1.179583333333333286e+02,4.178633745236015966e+04
1.179791666666666572e+02,3.896924614187748375e+04
1.180000000000000000e+02,3.661784276973689703e+04
1.180208333333333286e+02,3.859076055290739168e+04
1.180416666666666572e+02,4.128545712273497338e+04
1.180625000000000000e+02,3.860403227432434505e+04
1.180833333333333286e+02,3.539302613438804838e+04
1.181041666666666572e+02,3.858661225288065179e+04
1.181250000000000000e+02,4.179011724302270886e+04
1.181458333333333286e+02,3.859237781078425905e+04
1.181666666666666572e+02,3.683800420377125556e+04
1.181875000000000000e+02,3.859109814370859385e+04
1.182083333333333286e+02,4.037554691957237810e+04
1.182291666666666572e+02,3.860163680131098954e+04
1.182500000000000000e+02,3.824130462115986302e+04
1.182708333333333286e+02,3.823356825302864308e+04
1.182916666666666572e+02,3.859459866100541694e+04
1.183125000000000000e+02,3.859066638301139756e+04
1.183333333333333286e+02,3.858800250746023812e+04
1.183541666666666572e+02,3.858163583139122784e+04
1.183750000000000000e+02,3.951672072753472457e+04
1.183958333333333286e+02,3.939712853358338907e+04
1.184166666666666572e+02,3.861601484588412859e+04
1.184375000000000000e+02,3.831695612254164007e+04
1.184583333333333286e+02,3.860571130717129563e+04
1.184791666666666572e+02,3.859784673763839237e+04
1.185000000000000000e+02,3.859358700026320730e+04
1.185208333333333286e+02,3.858861528924989398e+04
1.185416666666666572e+02,3.858694400260638213e+04
1.185625000000000000e+02,3.908931135545712459e+04
1.185833333333333286e+02,3.859140106073138304e+04
1.186041666666666572e+02,3.858824013036500401e+04
1.186250000000000000e+02,3.858808302936430118e+04
1.186458333333333286e+02,3.923186638619447331e+04
1.186666666666666572e+02,3.859345110006325558e+04
1.186875000000000000e+02,3.858937471905087295e+04
1.187083333333333286e+02,3.859280656661559624e+04
1.187291666666666572e+02,3.990863898323610192e+04
1.187500000000000000e+02,3.860070933095136570e+04
1.187708333333333286e+02,3.693782434716826538e+04
1.187916666666666572e+02,3.860380603504295141e+04
1.188125000000000000e+02,4.305926025027019932e+04
1.188333333333333286e+02,3.830557236974920670e+04
1.188541666666666572e+02,3.357064558000786928e+04
1.188750000000000000e+02,3.860741215844243561e+04
1.188958333333333286e+02,4.449747646113141673e+04
1.189166666666666572e+02,3.723211839289521595e+04
1.189375000000000000e+02,3.220794830718414232e+04
1.189583333333333286e+02,4.022181516366276628e+04
1.189791666666666572e+02,4.500310036837094958e+04
1.190000000000000000e+02,3.556715900233844877e+04
1.190208333333333286e+02,3.312108353639186680e+04
1.190416666666666572e+02,4.179286686098308564e+04
1.190625000000000000e+02,4.354298822924409615e+04
1.190833333333333286e+02,3.497093690922514361e+04
1.191041666666666572e+02,3.219790913395825555e+04
1.191250000000000000e+02,4.179442988262334984e+04
1.191458333333333286e+02,4.499748286726558581e+04
1.191666666666666572e+02,3.539513699378544698e+04
1.191875000000000000e+02,3.218818308399178568e+04
1.192083333333333286e+02,4.178447336930384336e+04
1.192291666666666572e+02,4.498615542944348272e+04
1.192500000000000000e+02,3.538818846789472445e+04
1.192708333333333286e+02,3.291261064353155234e+04
1.192916666666666572e+02,4.178400325381074072e+04
1.193125000000000000e+02,4.455584434282268921e+04
1.193333333333333286e+02,3.466678125413288217e+04
1.193541666666666572e+02,3.219633436402609368e+04
1.193750000000000000e+02,4.179131180952645082e+04
1.193958333333333286e+02,4.465407268814046984e+04
1.194166666666666572e+02,3.539533223891859961e+04
1.194375000000000000e+02,3.218923749295235757e+04
1.194583333333333286e+02,4.178941731629999413e+04
1.194791666666666572e+02,4.498865751114887826e+04
1.195000000000000000e+02,3.538319781109182077e+04
1.195208333333333286e+02,3.218349444614485037e+04
1.195416666666666572e+02,4.178971505744915339e+04
1.195625000000000000e+02,4.486591605113603146e+04
1.195833333333333286e+02,3.538286925183277344e+04
1.196041666666666572e+02,3.220182570004320951e+04
1.196250000000000000e+02,4.179348300703929272e+04
1.196458333333333286e+02,4.495058131910189695e+04
1.196666666666666572e+02,3.395954638442847499e+04
1.196875000000000000e+02,3.219022021516826862e+04
1.197083333333333286e+02,4.292702008971779287e+04
1.197291666666666572e+02,4.426686869931533147e+04
1.197500000000000000e+02,3.366041344494689110e+04
1.197708333333333286e+02,3.220403000056081510e+04
1.197916666666666572e+02,4.413211837797691987e+04
1.198125000000000000e+02,4.478632624222008599e+04
1.198333333333333286e+02,3.220211862990909867e+04
1.198541666666666572e+02,3.219374795230901873e+04
1.198750000000000000e+02,4.499434371240869223e+04
1.198958333333333286e+02,4.499065378673925443e+04
1.199166666666666572e+02,3.218942209169184935e+04
1.199375000000000000e+02,3.218563177719074520e+04
1.199583333333333286e+02,4.430838892330366070e+04
1.199791666666666572e+02,4.409920472216628696e+04
1.200000000000000000e+02,3.220934813559370014e+04
1.200208333333333286e+02,3.220465519519742156e+04
1.200416666666666572e+02,4.500203209549259918e+04
1.200625000000000000e+02,4.490189266572694760e+04
1.200833333333333286e+02,3.220219702154201514e+04
1.201041666666666572e+02,3.219785753008205938e+04
1.201250000000000000e+02,4.476062993003372685e+04
1.201458333333333286e+02,4.253195258654333884e+04
1.201666666666666572e+02,3.416980576351314812e+04
1.201875000000000000e+02,3.676351087989112420e+04
1.202083333333333286e+02,4.874700312943912286e+04
1.202291666666666572e+02,4.586608461005900608e+04
1.202500000000000000e+02,3.690299601568136859e+04
1.202708333333333286e+02,4.078189747315100249e+04
1.202916666666666572e+02,4.912824201648288727e+04
1.203125000000000000e+02,4.544623497203025181e+04
1.203333333333333286e+02,3.603253478305984754e+04
1.203541666666666572e+02,3.875161693877859216e+04
1.203750000000000000e+02,4.717923779261429445e+04
1.203958333333333286e+02,4.413415854122308519e+04
1.204166666666666572e+02,3.670190585523129266e+04
1.204375000000000000e+02,3.841076325447326235e+04
1.204583333333333286e+02,4.548762236043089797e+04
1.204791666666666572e+02,4.449297159597359860e+04
1.205000000000000000e+02,3.794628629566572636e+04
1.205208333333333286e+02,4.041440038559270761e+04
1.205416666666666572e+02,4.409439677488099551e+04
1.205625000000000000e+02,4.215846900354409445e+04
1.205833333333333286e+02,3.730415586730353243e+04
1.206041666666666572e+02,3.938072227814167854e+04
1.206250000000000000e+02,4.363296829611336580e+04
1.206458333333333286e+02,4.197992047924299550e+04
1.206666666666666572e+02,3.705452929746117297e+04
1.206875000000000000e+02,3.755868115575555566e+04
1.207083333333333286e+02,4.376309896063543420e+04
1.207291666666666572e+02,4.320090030913485680e+04
1.207500000000000000e+02,3.672151673787610343e+04
1.207708333333333286e+02,3.665065031387757335e+04
1.207916666666666572e+02,4.215500886715977686e+04
1.208125000000000000e+02,4.292659941941226134e+04
1.208333333333333286e+02,3.646587747553239751e+04
1.208541666666666572e+02,3.641435128421019908e+04
1.208750000000000000e+02,4.275971095400240301e+04
1.208958333333333286e+02,4.271173054548690561e+04
1.209166666666666572e+02,3.667654379116363998e+04
1.209375000000000000e+02,3.622494723418302601e+04
1.209583333333333286e+02,4.258003884899644618e+04
1.209791666666666572e+02,4.254684278849569091e+04
1.210000000000000000e+02,3.611085428722071083e+04
1.210208333333333286e+02,3.675223053406122926e+04
1.210416666666666572e+02,4.240982603866431600e+04
1.210625000000000000e+02,4.237140227031699760e+04
1.210833333333333286e+02,3.578163461405155977e+04
1.211041666666666572e+02,3.589812676322262269e+04
1.211250000000000000e+02,4.226594927986675611e+04
1.211458333333333286e+02,4.225394609164293070e+04
1.211666666666666572e+02,3.583523747099083994e+04
1.211875000000000000e+02,3.580590744499387074e+04
1.212083333333333286e+02,4.218235851517557603e+04
1.212291666666666572e+02,4.218077760584166390e+04
1.212500000000000000e+02,3.530283641258560965e+04
1.212708333333333286e+02,3.662215610448387451e+04
1.212916666666666572e+02,4.214781848143446405e+04
1.213125000000000000e+02,4.214440641459394101e+04
1.213333333333333286e+02,3.573120491234929796e+04
1.213541666666666572e+02,3.570668087763277435e+04
1.213750000000000000e+02,4.208897585399002128e+04
1.213958333333333286e+02,4.208832115234949015e+04
1.214166666666666572e+02,3.567885573326441954e+04
1.214375000000000000e+02,3.566456507046047773e+04
1.214583333333333286e+02,4.298263219685577496e+04
1.214791666666666572e+02,4.004557255786225869e+04
1.215000000000000000e+02,3.236302412282002115e+04
1.215208333333333286e+02,2.843732438091914082e+04
1.215416666666666572e+02,3.454849327999076195e+04
1.215625000000000000e+02,3.761352375308133924e+04
1.215833333333333286e+02,3.412686713565208629e+04
1.216041666666666572e+02,2.979667902442492050e+04
1.216250000000000000e+02,3.688276218971897470e+04
1.216458333333333286e+02,4.263945068212680781e+04
1.216666666666666572e+02,3.372325825574745249e+04
1.216875000000000000e+02,3.219950332053504098e+04
1.217083333333333286e+02,4.053999485929629009e+04
1.217291666666666572e+02,4.286539511672714434e+04
1.217500000000000000e+02,3.489330623255841056e+04
1.217708333333333286e+02,3.511357463696361810e+04
1.217916666666666572e+02,4.165482528800344880e+04
1.218125000000000000e+02,4.499308653550219606e+04
1.218333333333333286e+02,3.552521927448700444e+04
1.218541666666666572e+02,3.338420594103125768e+04
1.218750000000000000e+02,4.531214136875131953e+04
1.218958333333333286e+02,4.539367645247692417e+04
1.219166666666666572e+02,3.270055019175844791e+04
1.219375000000000000e+02,3.506862949459067022e+04
1.219583333333333286e+02,4.560455639566445461e+04
1.219791666666666572e+02,4.301286701393417025e+04
1.220000000000000000e+02,3.386212765996000235e+04
1.220208333333333286e+02,3.609073551845110342e+04
1.220416666666666572e+02,4.518806595731191192e+04
1.220625000000000000e+02,4.076306360337736260e+04
1.220833333333333286e+02,3.291627735319076601e+04
1.221041666666666572e+02,3.687719111628735118e+04
1.221250000000000000e+02,4.488198880479465879e+04
1.221458333333333286e+02,4.183827646215779532e+04
1.221666666666666572e+02,3.255932882344131212e+04
1.221875000000000000e+02,3.551098547072351357e+04
1.222083333333333286e+02,4.300738047325668595e+04
1.222291666666666572e+02,4.182951680102493992e+04
1.222500000000000000e+02,3.424525875194610853e+04
1.222708333333333286e+02,3.493510270757008402e+04
1.222916666666666572e+02,4.161338150423592015e+04
1.223125000000000000e+02,4.155395653849533846e+04
1.223333333333333286e+02,3.509018899228209921e+04
1.223541666666666572e+02,3.671552645295195543e+04
1.223750000000000000e+02,4.147541385155952594e+04
1.223958333333333286e+02,3.935088799445499899e+04
1.224166666666666572e+02,3.384404959563964076e+04
1.224375000000000000e+02,3.860057156139535800e+04
1.224583333333333286e+02,4.145259945141752542e+04
1.224791666666666572e+02,3.825893229065168271e+04
1.225000000000000000e+02,3.507376672020614933e+04
1.225208333333333286e+02,3.828347446267690975e+04
1.225416666666666572e+02,4.148875176390133129e+04
1.225625000000000000e+02,3.837481941712527623e+04
1.225833333333333286e+02,3.639819565625675023e+04
1.226041666666666572e+02,3.812685310661879339e+04
1.226250000000000000e+02,4.103560992960313888e+04
1.226458333333333286e+02,3.839720482995652856e+04
1.226666666666666572e+02,3.522411051494201820e+04
1.226875000000000000e+02,3.843819235896946338e+04
1.227083333333333286e+02,4.163961732086136180e+04
1.227291666666666572e+02,3.845226331708482758e+04
1.227500000000000000e+02,3.552705711027847428e+04
1.227708333333333286e+02,3.848907322396132804e+04
1.227916666666666572e+02,4.169462364860856178e+04
1.228125000000000000e+02,4.157403266244706901e+04
1.228333333333333286e+02,3.304938108153319627e+04
1.228541666666666572e+02,3.500718655306515575e+04
1.228750000000000000e+02,4.082742397889064159e+04
1.228958333333333286e+02,3.683208657491008489e+04
1.229166666666666572e+02,2.820889669108535236e+04
1.229375000000000000e+02,3.347480369162524585e+04
1.229583333333333286e+02,4.159232564067372005e+04
1.229791666666666572e+02,3.563195358655718155e+04
1.230000000000000000e+02,2.996441356214742700e+04
1.230208333333333286e+02,3.632548323361352232e+04
1.230416666666666572e+02,4.071986100583501684e+04
1.230625000000000000e+02,3.702844544391790987e+04
1.230833333333333286e+02,3.410321573565435392e+04
1.231041666666666572e+02,3.481949138268781826e+04
1.231250000000000000e+02,4.082640401553538686e+04
1.231458333333333286e+02,3.777159264281129435e+04
1.231666666666666572e+02,3.471444612148930901e+04
1.231875000000000000e+02,3.365605867201973160e+04
1.232083333333333286e+02,4.134919233671669645e+04
1.232291666666666572e+02,3.936992222590721212e+04
1.232500000000000000e+02,3.513696268816986412e+04
1.232708333333333286e+02,3.641233017753928289e+04
1.232916666666666572e+02,4.176922258687361318e+04
1.233125000000000000e+02,4.162458425658274064e+04
1.233333333333333286e+02,3.539922780612621864e+04
1.233541666666666572e+02,3.541073646505516081e+04
1.233750000000000000e+02,4.109680340330204490e+04
1.233958333333333286e+02,4.189375780827720882e+04
1.234166666666666572e+02,3.547544743881512841e+04
1.234375000000000000e+02,3.544442719762896013e+04
1.234583333333333286e+02,4.187521953829714039e+04
1.234791666666666572e+02,4.109430258216935181e+04
1.235000000000000000e+02,3.674167465168851777e+04
1.235208333333333286e+02,3.389685280308985966e+04
1.235416666666666572e+02,4.154671002581969515e+04
1.235625000000000000e+02,4.205770759909463959e+04
1.235833333333333286e+02,3.497166269474526780e+04
1.236041666666666572e+02,3.777316943708431791e+04
1.236250000000000000e+02,4.129758601491239824e+04
1.236458333333333286e+02,4.019453369808866410e+04
1.236666666666666572e+02,3.479331219549394154e+04
1.236875000000000000e+02,3.797532470466947416e+04
1.237083333333333286e+02,4.116652758664781140e+04
1.237291666666666572e+02,3.795252936707621120e+04
1.237500000000000000e+02,3.546043964519296424e+04
1.237708333333333286e+02,3.797188771960115992e+04
1.237916666666666572e+02,4.118835709401340137e+04
1.238125000000000000e+02,3.884108861866919324e+04
1.238333333333333286e+02,3.612188325483408698e+04
1.238541666666666572e+02,3.806357043316786439e+04
1.238750000000000000e+02,4.004277690581592469e+04
1.238958333333333286e+02,3.812927500359008263e+04
1.239166666666666572e+02,3.772067702735190687e+04
1.239375000000000000e+02,3.809125056057231996e+04
1.239583333333333286e+02,3.818305444327837176e+04
1.239791666666666572e+02,3.820102012243156787e+04
1.240000000000000000e+02,3.819950468303922389e+04
1.240208333333333286e+02,3.820371339005452319e+04
1.240416666666666572e+02,3.823139589222749782e+04
1.240625000000000000e+02,3.812701000022884546e+04
1.240833333333333286e+02,3.826981939669792337e+04
1.241041666666666572e+02,3.826623285377639695e+04
1.241250000000000000e+02,3.828547778202822519e+04
1.241458333333333286e+02,4.076168504405365820e+04
1.241666666666666572e+02,4.144544867763952061e+04
1.241875000000000000e+02,4.210329222613402089e+04
1.242083333333333286e+02,4.245235493966954527e+04
1.242291666666666572e+02,4.259084166600017488e+04
1.242500000000000000e+02,4.259714675926885684e+04
1.242708333333333286e+02,4.251892275396839977e+04
1.242916666666666572e+02,4.340540618709311821e+04
1.243125000000000000e+02,4.226599976217854419e+04
1.243333333333333286e+02,4.210092669646711147e+04
1.243541666666666572e+02,4.192641709539065050e+04
1.243750000000000000e+02,4.176031716641427192e+04
1.243958333333333286e+02,4.168401134210893360e+04
1.244166666666666572e+02,4.142611692793554539e+04
1.244375000000000000e+02,4.125991521695812844e+04
1.244583333333333286e+02,4.227350021558761364e+04
1.244791666666666572e+02,4.197633735762463039e+04
1.245000000000000000e+02,4.084880478024687909e+04
1.245208333333333286e+02,4.071227548427395232e+04
1.245416666666666572e+02,4.059747973027016997e+04
1.245625000000000000e+02,3.936475167818684713e+04
1.245833333333333286e+02,4.038713163789067767e+04
1.246041666666666572e+02,4.027184783641476679e+04
1.246250000000000000e+02,4.017132225289018243e+04
1.246458333333333286e+02,4.017207157299028040e+04
1.246666666666666572e+02,3.998826647426318232e+04
1.246875000000000000e+02,3.990114927443643683e+04
1.247083333333333286e+02,4.049164933620485681e+04
1.247291666666666572e+02,4.022996947475134948e+04
1.247500000000000000e+02,3.969310437495366932e+04
1.247708333333333286e+02,3.975165466450295207e+04
1.247916666666666572e+02,3.956961408437533828e+04
1.248125000000000000e+02,4.100668772434610582e+04
1.248333333333333286e+02,3.946068441628410073e+04
1.248541666666666572e+02,3.808100889673844358e+04
1.248750000000000000e+02,3.936498319295050896e+04
1.248958333333333286e+02,4.178107778729139682e+04
1.249166666666666572e+02,3.927502769868887844e+04
1.249375000000000000e+02,3.602921791668560036e+04
1.249583333333333286e+02,3.918944965433821926e+04
1.249791666666666572e+02,4.235275537276602699e+04
1.250000000000000000e+02,3.911732105319796392e+04
1.250208333333333286e+02,3.681685674067679065e+04
1.250416666666666572e+02,3.915295750367464643e+04
1.250625000000000000e+02,4.223163934461224562e+04
1.250833333333333286e+02,3.900461010698596510e+04
1.251041666666666572e+02,3.578497040340304375e+04
1.251250000000000000e+02,3.912394197976537544e+04
1.251458333333333286e+02,4.213081393005933205e+04
1.251666666666666572e+02,3.891004300369706471e+04
1.251875000000000000e+02,3.623505417635662889e+04
1.252083333333333286e+02,3.952217320760599978e+04
1.252291666666666572e+02,4.206392684140691563e+04
1.252500000000000000e+02,3.885139608743560530e+04
1.252708333333333286e+02,3.540026841867149051e+04
1.252916666666666572e+02,3.882684996666884399e+04
1.253125000000000000e+02,4.176691624218846118e+04
1.253333333333333286e+02,3.880029037643995252e+04
1.253541666666666572e+02,3.559077930093562463e+04
1.253750000000000000e+02,3.876979710229384364e+04
1.253958333333333286e+02,4.195308558589292807e+04
1.254166666666666572e+02,3.874835121067441651e+04
1.254375000000000000e+02,3.554123002388006717e+04
1.254583333333333286e+02,4.067168045492638339e+04
1.254791666666666572e+02,4.500207480455509358e+04
1.255000000000000000e+02,4.243955353872101841e+04
1.255208333333333286e+02,4.006301923454622738e+04
1.255416666666666572e+02,4.379524463101000583e+04
1.255625000000000000e+02,4.607908593969786307e+04
1.255833333333333286e+02,4.241831974971984891e+04
1.256041666666666572e+02,3.947089283489635272e+04
1.256250000000000000e+02,4.251253236845928041e+04
1.256458333333333286e+02,4.532017744797203341e+04
1.256666666666666572e+02,4.216020070444044541e+04
1.256875000000000000e+02,3.878067831021168968e+04
1.257083333333333286e+02,4.233792108726730658e+04
1.257291666666666572e+02,4.566993064992375002e+04
1.257500000000000000e+02,4.148698313344077906e+04
1.257708333333333286e+02,3.813518575434430386e+04
1.257916666666666572e+02,4.119913855370788951e+04
1.258125000000000000e+02,4.425550559794637957e+04
1.258333333333333286e+02,4.091283231144648016e+04
1.258541666666666572e+02,3.737611645573758142e+04
1.258750000000000000e+02,4.069259356361758546e+04
1.258958333333333286e+02,4.444058699175647780e+04
1.259166666666666572e+02,4.046328776939342788e+04
1.259375000000000000e+02,3.716671903775878309e+04
1.259583333333333286e+02,4.027264736467802868e+04
1.259791666666666572e+02,4.337419709489896923e+04
1.260000000000000000e+02,4.008761911694446462e+04
1.260208333333333286e+02,3.640638043826673675e+04
1.260416666666666572e+02,4.124457190827572049e+04
1.260625000000000000e+02,4.307517763743716932e+04
1.260833333333333286e+02,3.897579481657037104e+04
1.261041666666666572e+02,3.656428189450467471e+04
1.261250000000000000e+02,3.970749064817243197e+04
1.261458333333333286e+02,4.282646175563572615e+04
1.261666666666666572e+02,3.957820822541072266e+04
1.261875000000000000e+02,3.641855450036327966e+04
1.262083333333333286e+02,3.950000272352517641e+04
1.262291666666666572e+02,4.270553973283804226e+04
1.262500000000000000e+02,3.941537851483423583e+04
1.262708333333333286e+02,3.618000846882545011e+04
1.262916666666666572e+02,3.936670974538235896e+04
1.263125000000000000e+02,4.392090010157207143e+04
1.263333333333333286e+02,3.926683485720475437e+04
1.263541666666666572e+02,3.412327467171932949e+04
1.263750000000000000e+02,3.978774294947627641e+04
1.263958333333333286e+02,4.524330755298174336e+04
1.264166666666666572e+02,3.888137389742091909e+04
1.264375000000000000e+02,3.273799082187873864e+04
1.264583333333333286e+02,3.910897405502449692e+04
1.264791666666666572e+02,4.548304753194897057e+04
1.265000000000000000e+02,3.878496568158370064e+04
1.265208333333333286e+02,3.264162028831001589e+04
1.265416666666666572e+02,3.901875559499932569e+04
1.265625000000000000e+02,4.509745439515498583e+04
1.265833333333333286e+02,3.890555057955288066e+04
1.266041666666666572e+02,3.257491466783619762e+04
1.266250000000000000e+02,3.895348843772503460e+04
1.266458333333333286e+02,4.535248015936902084e+04
1.266666666666666572e+02,3.772890494295168173e+04
1.266875000000000000e+02,3.253142435765155824e+04
1.267083333333333286e+02,3.891454280283035041e+04
1.267291666666666572e+02,4.485268262437865633e+04
1.267500000000000000e+02,3.892047047965574893e+04
1.267708333333333286e+02,3.048052638137510075e+04
1.267916666666666572e+02,3.877827524810054456e+04
1.268125000000000000e+02,4.124179129573619866e+04
1.268333333333333286e+02,3.454679878368372010e+04
1.268541666666666572e+02,3.139518015969831322e+04
1.268750000000000000e+02,3.659042190963686153e+04
1.268958333333333286e+02,3.866552860666942433e+04
1.269166666666666572e+02,3.576880935898306052e+04
1.269375000000000000e+02,3.433377861658551410e+04
1.269583333333333286e+02,3.676228310081168456e+04
1.269791666666666572e+02,4.041201262991961266e+04
1.270000000000000000e+02,3.555068916942778014e+04
1.270208333333333286e+02,3.459564561349638097e+04
1.270416666666666572e+02,3.808037841674029914e+04
1.270625000000000000e+02,4.152285916924913909e+04
1.270833333333333286e+02,3.529024322107347689e+04
1.271041666666666572e+02,3.541335909082500439e+04
1.271250000000000000e+02,3.884881837318056932e+04
1.271458333333333286e+02,4.203012863956551155e+04
1.271666666666666572e+02,3.803169637158890691e+04
1.271875000000000000e+02,3.380654408319309732e+04
1.272083333333333286e+02,3.909527783302210446e+04
1.272291666666666572e+02,4.477535483882349217e+04
1.272500000000000000e+02,3.745599161480973999e+04
1.272708333333333286e+02,3.286707841294653190e+04
1.272916666666666572e+02,4.159452644032255193e+04
1.273125000000000000e+02,4.521233187798342988e+04
1.273333333333333286e+02,3.607569983223945019e+04
1.273541666666666572e+02,3.284837029804972553e+04
1.273750000000000000e+02,4.247270726918962464e+04
1.273958333333333286e+02,4.332373525675124256e+04
1.274166666666666572e+02,3.588304373376797594e+04
1.274375000000000000e+02,3.723146917621118337e+04
1.274583333333333286e+02,4.213843848511148826e+04
1.274791666666666572e+02,4.202328613298454729e+04
1.275000000000000000e+02,3.533371954818430095e+04
1.275208333333333286e+02,3.504816949491646665e+04
1.275416666666666572e+02,4.174192147053872031e+04
1.275625000000000000e+02,4.377630791928758845e+04
1.275833333333333286e+02,3.517056164109538076e+04
1.276041666666666572e+02,3.190932853763258390e+04
1.276250000000000000e+02,4.149882747085075971e+04
1.276458333333333286e+02,4.468185335169699101e+04
1.276666666666666572e+02,3.681936943469863763e+04
1.276875000000000000e+02,3.182312971945738173e+04
1.277083333333333286e+02,4.141295380697688961e+04
1.277291666666666572e+02,4.461657982929894206e+04
1.277500000000000000e+02,3.502262426132841210e+04
1.277708333333333286e+02,3.183279554365090007e+04
1.277916666666666572e+02,4.144674393098599830e+04
1.278125000000000000e+02,4.466564619677942392e+04
1.278333333333333286e+02,3.389833937971155683e+04
1.278541666666666572e+02,3.191642078208873863e+04
1.278750000000000000e+02,4.168041803022805834e+04
1.278958333333333286e+02,4.474628641113369667e+04
1.279166666666666572e+02,3.516872530372758047e+04
1.279375000000000000e+02,3.198889805663768493e+04
1.279583333333333286e+02,4.159747285540914891e+04
1.279791666666666572e+02,4.480533241494606773e+04
1.280000000000000000e+02,3.522673908431618474e+04
1.280208333333333144e+02,3.204947881819952454e+04
1.280416666666666572e+02,4.165722112428102264e+04
1.280625000000000000e+02,4.486180879382792045e+04
1.280833333333333144e+02,3.527909656170571543e+04
1.281041666666666572e+02,3.194716622305523924e+04
1.281250000000000000e+02,3.625073331850131945e+04
1.281458333333333144e+02,3.673011057287178119e+04
1.281666666666666572e+02,3.128695325729512842e+04
1.281875000000000000e+02,3.259296241894171544e+04
1.282083333333333144e+02,3.518612939651415945e+04
1.282291666666666572e+02,3.799375916538378078e+04
1.282500000000000000e+02,3.412143494096990617e+04
1.282708333333333144e+02,3.242301236601997880e+04
1.282916666666666572e+02,3.911228725720470538e+04
1.283125000000000000e+02,3.871661494994887471e+04
1.283333333333333144e+02,3.344808662907938560e+04
1.283541666666666572e+02,3.378975387224125734e+04
1.283750000000000000e+02,4.362203768215295713e+04
1.283958333333333144e+02,4.057441964045628265e+04
1.284166666666666572e+02,3.321400877332018717e+04
1.284375000000000000e+02,3.634424744395449670e+04
1.284583333333333144e+02,4.426363100277882768e+04
1.284791666666666572e+02,4.066320004666925524e+04
1.285000000000000000e+02,3.487692179248360480e+04
1.285208333333333144e+02,3.497080148961717350e+04
1.285416666666666572e+02,4.147217181291031011e+04
1.285625000000000000e+02,4.291768301781038463e+04
1.285833333333333144e+02,3.591521556071956002e+04
1.286041666666666572e+02,3.655404491002479335e+04
1.286250000000000000e+02,4.179385317887579731e+04
1.286458333333333144e+02,4.151199660590643180e+04
1.286666666666666572e+02,3.540634069150295545e+04
1.286875000000000000e+02,3.538858011940303550e+04
1.287083333333333144e+02,4.183318078561502625e+04
1.287291666666666572e+02,4.181827221201836073e+04
1.287500000000000000e+02,3.532140110992846166e+04
1.287708333333333144e+02,3.526472238471208402e+04
1.287916666666666572e+02,4.168641956634587405e+04
1.288125000000000000e+02,4.164872115640938864e+04
1.288333333333333144e+02,3.387668965314961679e+04
1.288541666666666572e+02,3.598636373393271788e+04
1.288750000000000000e+02,4.137706325899038347e+04
1.288958333333333144e+02,3.988071473373148183e+04
1.289166666666666572e+02,3.489794535057762550e+04
1.289375000000000000e+02,3.443287268045810924e+04
1.289583333333333144e+02,4.125181423180000274e+04
1.289791666666666572e+02,4.014268084156607802e+04
1.290000000000000000e+02,3.439339444613413070e+04
1.290208333333333144e+02,3.481179295608878601e+04
1.290416666666666572e+02,4.120069747608239413e+04
1.290625000000000000e+02,4.118813288149576692e+04
1.290833333333333144e+02,3.479187098056510877e+04
1.291041666666666572e+02,3.597395435477786668e+04
1.291250000000000000e+02,4.124731629168492509e+04
1.291458333333333144e+02,3.974419039903829253e+04
1.291666666666666572e+02,3.489289993070645141e+04
1.291875000000000000e+02,3.490797072920431674e+04
1.292083333333333144e+02,4.200481377679102297e+04
1.292291666666666572e+02,4.136272668124172196e+04
1.292500000000000000e+02,3.624244756022933143e+04
1.292708333333333144e+02,3.498966236467348062e+04
1.292916666666666572e+02,4.052315878263478953e+04
1.293125000000000000e+02,4.143574016309460421e+04
1.293333333333333144e+02,3.504966823911446409e+04
1.293541666666666572e+02,3.504690293622783793e+04
1.293750000000000000e+02,4.145063231835643091e+04
1.293958333333333144e+02,4.181225869565997709e+04
1.294166666666666572e+02,3.529771938609006611e+04
1.294375000000000000e+02,3.807996384776834020e+04
1.294583333333333144e+02,4.470279286905706249e+04
1.294791666666666572e+02,4.533019859008418280e+04
1.295000000000000000e+02,3.927337222318696149e+04
1.295208333333333144e+02,3.941356837682655896e+04
1.295416666666666572e+02,4.581918113539561455e+04
1.295625000000000000e+02,4.574531727994331595e+04
1.295833333333333144e+02,3.922153526929840154e+04
1.296041666666666572e+02,3.922935294077513390e+04
1.296250000000000000e+02,4.537065138528250827e+04
1.296458333333333144e+02,4.513929433243267704e+04
1.296666666666666572e+02,3.856128221093193861e+04
1.296875000000000000e+02,3.968637682386463712e+04
1.297083333333333144e+02,4.508934274210744479e+04
1.297291666666666572e+02,4.449436011341564154e+04
1.297500000000000000e+02,3.793110452830903523e+04
1.297708333333333144e+02,3.726502886443636817e+04
1.297916666666666572e+02,4.367346608798767556e+04
1.298125000000000000e+02,4.286122992858842917e+04
1.298333333333333144e+02,3.707018918859663972e+04
1.298541666666666572e+02,3.731535178244811686e+04
1.298750000000000000e+02,4.359676707763433660e+04
1.298958333333333144e+02,4.347723509882113285e+04
1.299166666666666572e+02,3.643382147540790174e+04
1.299375000000000000e+02,3.846821286355000484e+04
1.299583333333333144e+02,4.321958418504648580e+04
1.299791666666666572e+02,4.273838084079287364e+04
1.300000000000000000e+02,3.803759877872708603e+04
1.300208333333333144e+02,3.657397748773977946e+04
1.300416666666666572e+02,4.117926335103048768e+04
1.300625000000000000e+02,4.284485964088031324e+04
1.300833333333333144e+02,3.957834185903782782e+04
1.301041666666666572e+02,3.552737688722650637e+04
1.301250000000000000e+02,3.946078661628673581e+04
1.301458333333333144e+02,4.183461390270374250e+04
1.301666666666666572e+02,3.937538108327966620e+04
1.301875000000000000e+02,3.679873162044469791e+04
1.302083333333333144e+02,3.983588145566421008e+04
1.302291666666666572e+02,4.324919818761566421e+04
1.302500000000000000e+02,3.919960464291125390e+04
1.302708333333333144e+02,3.596175839469991479e+04
1.302916666666666572e+02,3.913109504537963949e+04
1.303125000000000000e+02,4.229415509113774169e+04
1.303333333333333144e+02,3.899397850622815167e+04
1.303541666666666572e+02,3.592109485047617636e+04
1.303750000000000000e+02,4.034501372620321490e+04
1.303958333333333144e+02,4.293477748935714772e+04
1.304166666666666572e+02,3.793723135734071548e+04
1.304375000000000000e+02,3.568332019144122023e+04
1.304583333333333144e+02,4.025444122727599461e+04
1.304791666666666572e+02,4.076816983664429426e+04
1.305000000000000000e+02,3.773097385488668806e+04
1.305208333333333144e+02,3.509894749220161611e+04
1.305416666666666572e+02,4.014351305106576183e+04
1.305625000000000000e+02,4.280350638390493987e+04
1.305833333333333144e+02,3.773169541501579079e+04
1.306041666666666572e+02,3.563333029186633212e+04
1.306250000000000000e+02,4.018703291677074594e+04
1.306458333333333144e+02,4.198821909722911369e+04
1.306666666666666572e+02,3.754027858075998665e+04
1.306875000000000000e+02,3.577923172671464999e+04
1.307083333333333144e+02,4.058808588950891863e+04
1.307291666666666572e+02,4.196167180675786949e+04
1.307500000000000000e+02,3.583125640590889816e+04
1.307708333333333144e+02,3.666876943117919291e+04
1.307916666666666572e+02,4.192758631178241194e+04
1.308125000000000000e+02,4.112431412516118144e+04
1.308333333333333144e+02,3.550823535742046806e+04
1.308541666666666572e+02,3.590447010007769131e+04
1.308750000000000000e+02,4.189193735407908389e+04
1.308958333333333144e+02,4.163192346663439093e+04
1.309166666666666572e+02,3.547867488014946866e+04
1.309375000000000000e+02,3.632125526366284612e+04
1.309583333333333144e+02,4.187134703619356151e+04
1.309791666666666572e+02,4.186178509586967266e+04
1.310000000000000000e+02,3.545777510571639141e+04
1.310208333333333144e+02,3.440551780623752711e+04
1.310416666666666572e+02,4.185314624531663139e+04
1.310625000000000000e+02,4.184362754647708061e+04
1.310833333333333144e+02,3.544145719054544315e+04
1.311041666666666572e+02,3.565698739658370323e+04
1.311250000000000000e+02,4.183431315728233312e+04
1.311458333333333144e+02,4.182604078664292319e+04
1.311666666666666572e+02,3.597988498644532228e+04
1.311875000000000000e+02,3.745677906631880614e+04
1.312083333333333144e+02,4.185497072424396174e+04
1.312291666666666572e+02,4.174284320992178982e+04
1.312500000000000000e+02,3.476785286679289857e+04
1.312708333333333144e+02,3.486950428319096682e+04
1.312916666666666572e+02,4.183146347173869435e+04
1.313125000000000000e+02,4.102010908529422159e+04
1.313333333333333144e+02,3.543863230588057195e+04
1.313541666666666572e+02,3.542688853460916289e+04
1.313750000000000000e+02,4.181986642164279328e+04
1.313958333333333144e+02,4.181282382120716647e+04
1.314166666666666572e+02,3.540923046566147241e+04
1.314375000000000000e+02,3.629229313565170742e+04
1.314583333333333144e+02,4.182563044699317106e+04
1.314791666666666572e+02,4.181478538452797511e+04
1.315000000000000000e+02,3.469573351767989516e+04
1.315208333333333144e+02,3.501444203190034750e+04
1.315416666666666572e+02,4.181459548200187419e+04
1.315625000000000000e+02,4.180800741570346145e+04
1.315833333333333144e+02,3.597153561590114987e+04
1.316041666666666572e+02,3.626963288972821465e+04
1.316250000000000000e+02,4.181056983990651497e+04
1.316458333333333144e+02,4.180182767147924460e+04
1.316666666666666572e+02,3.540452245869597391e+04
1.316875000000000000e+02,3.540065763522166526e+04
1.317083333333333144e+02,4.179485395464482281e+04
1.317291666666666572e+02,4.178888921050784847e+04
1.317500000000000000e+02,3.520573600242900284e+04
1.317708333333333144e+02,3.426658304833856528e+04
1.317916666666666572e+02,4.180072394571501354e+04
1.318125000000000000e+02,4.280801342924612982e+04
1.318333333333333144e+02,3.540618668467159296e+04
1.318541666666666572e+02,3.641105361761555105e+04
1.318750000000000000e+02,4.182846790399040765e+04
1.318958333333333144e+02,4.155030319006106583e+04
1.319166666666666572e+02,3.542471690990635398e+04
1.319375000000000000e+02,3.620853100688765699e+04
1.319583333333333144e+02,4.180836322085749998e+04
1.319791666666666572e+02,4.179773315039051522e+04
1.320000000000000000e+02,3.516250110914069955e+04
1.320208333333333144e+02,3.417915234007790423e+04
1.320416666666666572e+02,4.180008441592444433e+04
1.320625000000000000e+02,4.269918760470380221e+04
1.320833333333333144e+02,3.540226294077096099e+04
1.321041666666666572e+02,3.458045878469025774e+04
1.321250000000000000e+02,4.179709101743502106e+04
1.321458333333333144e+02,4.178853946551745321e+04
1.321666666666666572e+02,3.539197515688736166e+04
1.321875000000000000e+02,3.692732576560899179e+04
1.322083333333333144e+02,4.179530231831792480e+04
1.322291666666666572e+02,4.002078601784968487e+04
1.322500000000000000e+02,3.540241956528223818e+04
1.322708333333333144e+02,3.853324268020507589e+04
1.322916666666666572e+02,4.163243883962251857e+04
1.323125000000000000e+02,3.858934878550036228e+04
1.323333333333333144e+02,3.539090707180650497e+04
1.323541666666666572e+02,3.820858690034875326e+04
1.323750000000000000e+02,4.178988954882138933e+04
1.323958333333333144e+02,3.858524785329274891e+04
1.324166666666666572e+02,3.538992029572318279e+04
1.324375000000000000e+02,3.859383480299655639e+04
1.324583333333333144e+02,4.178896659286737122e+04
1.324791666666666572e+02,3.858501369364557468e+04
1.325000000000000000e+02,3.602761036152549786e+04
1.325208333333333144e+02,3.859499209034682281e+04
1.325416666666666572e+02,4.178943292262534669e+04
1.325625000000000000e+02,3.858786598577981204e+04
1.325833333333333144e+02,3.540484789587624982e+04
1.326041666666666572e+02,3.858418290951230301e+04
1.326250000000000000e+02,4.178211822109172499e+04
1.326458333333333144e+02,3.987114587950692658e+04
1.326666666666666572e+02,3.539711057957165031e+04
1.326875000000000000e+02,3.858792107419800595e+04
1.327083333333333144e+02,4.179088065289852238e+04
1.327291666666666572e+02,3.859868554018300347e+04
1.327500000000000000e+02,3.539191625665545143e+04
1.327708333333333144e+02,3.858153422239348583e+04
1.327916666666666572e+02,4.178696863827815105e+04
1.328125000000000000e+02,3.932969048969643336e+04
1.328333333333333144e+02,3.648205634268888389e+04
1.328541666666666572e+02,3.859905519878324412e+04
1.328750000000000000e+02,4.148934950074695371e+04
1.328958333333333144e+02,3.861417575449799187e+04
1.329166666666666572e+02,3.540465063472431211e+04
1.329375000000000000e+02,3.763787066336219141e+04
1.329583333333333144e+02,4.180002426184518845e+04
1.329791666666666572e+02,3.859667595554142463e+04
1.330000000000000000e+02,3.539320710587607027e+04
1.330208333333333144e+02,3.858871559482268640e+04
1.330416666666666572e+02,4.178613031948367279e+04
1.330625000000000000e+02,3.858635355104839982e+04
1.330833333333333144e+02,3.618256233809191326e+04
1.331041666666666572e+02,3.858872474315767613e+04
1.331250000000000000e+02,4.178708021441385790e+04
1.331458333333333144e+02,3.881716788376616023e+04
1.331666666666666572e+02,3.538758100348373409e+04
1.331875000000000000e+02,3.858376748376537580e+04
1.332083333333333144e+02,4.178523332279267197e+04
1.332291666666666572e+02,3.858711612817038258e+04
1.332500000000000000e+02,3.591062755160020606e+04
1.332708333333333144e+02,3.858503597865546908e+04
1.332916666666666572e+02,4.178598533927805693e+04
1.333125000000000000e+02,3.858962819394151302e+04
1.333333333333333144e+02,3.558982198040065123e+04
1.333541666666666572e+02,3.858148201953532407e+04
1.333750000000000000e+02,4.178278048047239281e+04
1.333958333333333144e+02,3.872367026994264597e+04
1.334166666666666572e+02,3.674463633519814175e+04
1.334375000000000000e+02,3.858972964195375971e+04
1.334583333333333144e+02,4.038327726430994517e+04
1.334791666666666572e+02,3.936267492032394512e+04
1.335000000000000000e+02,3.785340209820932068e+04
1.335208333333333144e+02,3.860101416347963823e+04
1.335416666666666572e+02,3.860399953409822047e+04
1.335625000000000000e+02,3.786943365770786477e+04
1.335833333333333144e+02,3.860737293375856825e+04
1.336041666666666572e+02,3.859568294339922431e+04
1.336250000000000000e+02,3.859479734827524953e+04
1.336458333333333144e+02,3.925300211624203075e+04
1.336666666666666572e+02,3.859300606706501276e+04
1.336875000000000000e+02,3.858645477048632893e+04
1.337083333333333144e+02,3.858907016546188243e+04
1.337291666666666572e+02,3.947442904077591083e+04
1.337500000000000000e+02,3.859115226507779880e+04
1.337708333333333144e+02,3.858507629394975083e+04
1.337916666666666572e+02,3.858901197650764516e+04
1.338125000000000000e+02,3.967041482209892274e+04
1.338333333333333144e+02,3.859268653168064338e+04
1.338541666666666572e+02,3.855665559179316188e+04
1.338750000000000000e+02,3.859145952872668568e+04
1.338958333333333144e+02,3.821103652901820169e+04
1.339166666666666572e+02,3.859523391237635224e+04
1.339375000000000000e+02,3.858806627247305732e+04
1.339583333333333144e+02,3.946008942875478533e+04
1.339791666666666572e+02,3.880299502337006561e+04
1.340000000000000000e+02,3.859349330559876398e+04
1.340208333333333144e+02,3.858947925919147383e+04
1.340416666666666572e+02,3.859159836122628622e+04
1.340625000000000000e+02,3.775206902786478895e+04
1.340833333333333144e+02,3.860479819883855089e+04
1.341041666666666572e+02,3.859350217864318984e+04
1.341250000000000000e+02,3.900680810376686713e+04
1.341458333333333144e+02,4.113418067212434835e+04
1.341666666666666572e+02,3.860799232970406592e+04
1.341875000000000000e+02,3.572810423495857685e+04
1.342083333333333144e+02,3.861978888959886535e+04
1.342291666666666572e+02,4.323881024267295288e+04
1.342500000000000000e+02,3.764867753860188532e+04
1.342708333333333144e+02,3.294363334358124848e+04
1.342916666666666572e+02,3.917779911546577932e+04
1.343125000000000000e+02,4.500305281995191035e+04
1.343333333333333144e+02,3.859327295093239081e+04
1.343541666666666572e+02,3.219439616429209855e+04
1.343750000000000000e+02,3.859062647731222387e+04
1.343958333333333144e+02,4.498788699625738082e+04
1.344166666666666572e+02,3.858481117895661009e+04
1.344375000000000000e+02,3.218506130412154744e+04
1.344583333333333144e+02,3.858185584899825335e+04
1.344791666666666572e+02,4.498615556621149881e+04
1.345000000000000000e+02,3.858616385738904501e+04
1.345208333333333144e+02,3.218060423881299357e+04
1.345416666666666572e+02,3.857518045548724331e+04
1.345625000000000000e+02,4.449226149008465291e+04
1.345833333333333144e+02,3.708646649541043007e+04
1.346041666666666572e+02,3.220243829983273827e+04
1.346250000000000000e+02,3.859554992668233899e+04
1.346458333333333144e+02,4.500873839260001841e+04
1.346666666666666572e+02,3.860708025138633820e+04
1.346875000000000000e+02,3.219734314007125431e+04
1.347083333333333144e+02,3.980415342127830809e+04
1.347291666666666572e+02,4.434356307341979846e+04
1.347500000000000000e+02,3.861027941757533699e+04
1.347708333333333144e+02,3.220411070426894003e+04
1.347916666666666572e+02,3.859664717720254703e+04
1.348125000000000000e+02,4.499137678015518759e+04
1.348333333333333144e+02,3.858650175230324385e+04
1.348541666666666572e+02,3.219074517171723346e+04
1.348750000000000000e+02,3.866025759841431864e+04
1.348958333333333144e+02,4.498477910593413253e+04
1.349166666666666572e+02,3.858059741870928701e+04
1.349375000000000000e+02,3.218930129266580116e+04
1.349583333333333144e+02,3.950246229238055093e+04
1.349791666666666572e+02,4.499398563869008649e+04
1.350000000000000000e+02,3.826159063694519136e+04
1.350208333333333144e+02,3.220329139859775023e+04
1.350416666666666572e+02,3.859921285412109864e+04
1.350625000000000000e+02,4.389518067742693529e+04
1.350833333333333144e+02,3.741076948797051591e+04
1.351041666666666572e+02,3.221087365602236605e+04
1.351250000000000000e+02,3.941807111715520296e+04
1.351458333333333144e+02,4.500526693777058244e+04
1.351666666666666572e+02,3.750275586577374634e+04
1.351875000000000000e+02,3.294296772674121894e+04
1.352083333333333144e+02,3.981946461615573207e+04
1.352291666666666572e+02,4.464770702265473665e+04
1.352500000000000000e+02,3.669619998376972217e+04
1.352708333333333144e+02,3.221393646340661508e+04
1.352916666666666572e+02,3.989700981674130162e+04
1.353125000000000000e+02,4.496789939389946812e+04
1.353333333333333144e+02,3.861061590486445493e+04
1.353541666666666572e+02,3.219767731840033230e+04
1.353750000000000000e+02,3.858862086570134852e+04
1.353958333333333144e+02,4.367248131272648607e+04
1.354166666666666572e+02,3.861625011591074144e+04
1.354375000000000000e+02,3.226861057304746646e+04
1.354583333333333144e+02,3.859526395877755567e+04
1.354791666666666572e+02,4.499483549374125869e+04
1.355000000000000000e+02,3.859071157460883114e+04
1.355208333333333144e+02,3.285048752321185748e+04
1.355416666666666572e+02,3.860140725687106169e+04
1.355625000000000000e+02,4.499431128982231166e+04
1.355833333333333144e+02,3.858721557495181332e+04
1.356041666666666572e+02,3.219257442759534024e+04
1.356250000000000000e+02,3.927966053616126010e+04
1.356458333333333144e+02,4.479422297596606222e+04
1.356666666666666572e+02,3.859155210244857881e+04
1.356875000000000000e+02,3.220317419617759515e+04
1.357083333333333144e+02,3.933483415306053939e+04
1.357291666666666572e+02,4.398066794905233110e+04
1.357500000000000000e+02,3.776228557977348100e+04
1.357708333333333144e+02,3.222088990541948806e+04
1.357916666666666572e+02,3.861195546695742814e+04
1.358125000000000000e+02,4.500097258487385261e+04
1.358333333333333144e+02,3.859295596852003655e+04
1.358541666666666572e+02,3.219406696634324908e+04
1.358750000000000000e+02,3.859021003942890093e+04
1.358958333333333144e+02,4.498905839529736113e+04
1.359166666666666572e+02,3.744377441053749499e+04
1.359375000000000000e+02,3.219310894037235994e+04
1.359583333333333144e+02,3.932704247680781555e+04
1.359791666666666572e+02,4.499769168917312345e+04
1.360000000000000000e+02,3.859235430070055736e+04
1.360208333333333144e+02,3.218771148356037156e+04
1.360416666666666572e+02,3.858283508660778898e+04
1.360625000000000000e+02,4.498840060582727892e+04
1.360833333333333144e+02,3.858818135770376102e+04
1.361041666666666572e+02,3.218206784008341492e+04
1.361250000000000000e+02,3.857716282052354654e+04
1.361458333333333144e+02,4.498823377109190915e+04
1.361666666666666572e+02,3.810384348537278856e+04
1.361875000000000000e+02,3.218660998158962684e+04
1.362083333333333144e+02,3.858135121041042294e+04
1.362291666666666572e+02,4.474928921586809884e+04
1.362500000000000000e+02,3.836091506720674079e+04
1.362708333333333144e+02,3.219335991884624673e+04
1.362916666666666572e+02,3.858619333798865409e+04
1.363125000000000000e+02,4.427251727430674509e+04
1.363333333333333144e+02,3.861007862684486463e+04
1.363541666666666572e+02,3.234040767269923163e+04
1.363750000000000000e+02,3.964628439196175896e+04
1.363958333333333144e+02,4.500260484150604316e+04
1.364166666666666572e+02,3.801232525448929664e+04
1.364375000000000000e+02,3.220133267251394136e+04
1.364583333333333144e+02,3.859328604828973766e+04
1.364791666666666572e+02,4.499291088683155976e+04
1.365000000000000000e+02,3.858972908786532935e+04
1.365208333333333144e+02,3.218939966113914852e+04
1.365416666666666572e+02,3.858660094128830679e+04
1.365625000000000000e+02,4.498658708616394870e+04
1.365833333333333144e+02,3.858425439982422540e+04
1.366041666666666572e+02,3.218777306490613410e+04
1.366250000000000000e+02,3.858690809623853420e+04
1.366458333333333144e+02,4.408719326166569226e+04
1.366666666666666572e+02,3.859955248257442145e+04
1.366875000000000000e+02,3.219996751799466801e+04
1.367083333333333144e+02,3.917300151414590800e+04
1.367291666666666572e+02,4.499575292152236216e+04
1.367500000000000000e+02,3.859138857019473653e+04
1.367708333333333144e+02,3.219796021943091182e+04
1.367916666666666572e+02,3.859607850582782703e+04
1.368125000000000000e+02,4.499178197205023753e+04
1.368333333333333144e+02,3.782238177244932740e+04
1.368541666666666572e+02,3.219590307124623359e+04
1.368750000000000000e+02,3.859174810414497915e+04
1.368958333333333144e+02,4.499082605692521611e+04
1.369166666666666572e+02,3.858717567965545459e+04
1.369375000000000000e+02,3.218848562236543876e+04
1.369583333333333144e+02,3.858713127297117171e+04
1.369791666666666572e+02,4.498702106144312711e+04
1.370000000000000000e+02,3.858424249454645178e+04
1.370208333333333144e+02,3.218756543034258357e+04
1.370416666666666572e+02,3.858714060893146961e+04
1.370625000000000000e+02,4.453391908323838288e+04
1.370833333333333144e+02,3.859231732483764063e+04
1.371041666666666572e+02,3.219438987246261240e+04
1.371250000000000000e+02,3.859258502881631284e+04
1.371458333333333144e+02,4.498661389008798142e+04
1.371666666666666572e+02,3.858120351621281588e+04
1.371875000000000000e+02,3.218958330410365670e+04
1.372083333333333144e+02,3.894294500225790398e+04
1.372291666666666572e+02,4.407487677013673965e+04
1.372500000000000000e+02,3.859881245729207149e+04
1.372708333333333144e+02,3.220414755646663616e+04
1.372916666666666572e+02,3.860201695889316034e+04
1.373125000000000000e+02,4.498885188796315197e+04
1.373333333333333144e+02,3.858113931843162572e+04
1.373541666666666572e+02,3.219322138541510503e+04
1.373750000000000000e+02,3.859528962553168094e+04
1.373958333333333144e+02,4.498389661344251363e+04
1.374166666666666572e+02,3.857749667222062999e+04
1.374375000000000000e+02,3.219096384753976963e+04
1.374583333333333144e+02,3.908283765937858698e+04
1.374791666666666572e+02,4.498990963365165226e+04
1.375000000000000000e+02,3.858554055330900883e+04
1.375208333333333144e+02,3.219607018663614144e+04
1.375416666666666572e+02,3.859592786972010799e+04
1.375625000000000000e+02,4.499167571189586306e+04
1.375833333333333144e+02,3.858854453494388144e+04
1.376041666666666572e+02,3.218779396402267230e+04
1.376250000000000000e+02,3.858275821558268945e+04
1.376458333333333144e+02,4.484858226309229940e+04
1.376666666666666572e+02,3.605346054331937921e+04
1.376875000000000000e+02,3.220480680075338023e+04
1.377083333333333144e+02,4.077197192739798629e+04
1.377291666666666572e+02,4.388922433979735797e+04
1.377500000000000000e+02,3.543009337575342943e+04
1.377708333333333144e+02,3.221309317921416005e+04
1.377916666666666572e+02,4.181037809712743910e+04
1.378125000000000000e+02,4.500803158335635817e+04
1.378333333333333144e+02,3.573652668352384353e+04
1.378541666666666572e+02,3.469345549029839458e+04
1.378750000000000000e+02,4.182438493872246909e+04
1.378958333333333144e+02,4.377722085240809247e+04
1.379166666666666572e+02,3.502740155178620626e+04
1.379375000000000000e+02,3.220951150950914234e+04
1.379583333333333144e+02,4.179585587323133950e+04
1.379791666666666572e+02,4.499358980240633537e+04
1.380000000000000000e+02,3.462930601686200680e+04
1.380208333333333144e+02,3.298889524771404831e+04
1.380416666666666572e+02,4.179523490455991850e+04
1.380625000000000000e+02,4.438535712224267627e+04
1.380833333333333144e+02,3.541728188098043029e+04
1.381041666666666572e+02,3.220700961560986616e+04
1.381250000000000000e+02,4.179575081851706636e+04
1.381458333333333144e+02,4.406780454578275385e+04
1.381666666666666572e+02,3.539949954645482649e+04
1.381875000000000000e+02,3.219217741523036602e+04
1.382083333333333144e+02,4.178600605680616718e+04
1.382291666666666572e+02,4.498478530577215861e+04
1.382500000000000000e+02,3.391302220331640274e+04
1.382708333333333144e+02,3.288767021961043793e+04
1.382916666666666572e+02,4.336801173838108662e+04
1.383125000000000000e+02,4.500362993566414661e+04
1.383333333333333144e+02,3.222296219115707208e+04
1.383541666666666572e+02,3.311413855168203736e+04
1.383750000000000000e+02,4.499777777703225001e+04
1.383958333333333144e+02,4.416568347000128415e+04
1.384166666666666572e+02,3.219887861228247493e+04
1.384375000000000000e+02,3.219206304159111824e+04
1.384583333333333144e+02,4.469864908494856354e+04
1.384791666666666572e+02,4.276251975219433371e+04
1.385000000000000000e+02,3.221629391561769080e+04
1.385208333333333144e+02,3.340949625630366791e+04
1.385416666666666572e+02,4.500968771214722074e+04
1.385625000000000000e+02,4.282720090076486667e+04
1.385833333333333144e+02,3.220145405080764613e+04
1.386041666666666572e+02,3.539507200995351741e+04
1.386250000000000000e+02,4.419004566702651937e+04
1.386458333333333144e+02,4.068842297366904677e+04
1.386666666666666572e+02,3.219605991571586128e+04
1.386875000000000000e+02,3.681156679787100438e+04
1.387083333333333144e+02,4.501413446035141533e+04
1.387291666666666572e+02,4.134722233085035987e+04
1.387500000000000000e+02,3.219579353960463413e+04
1.387708333333333144e+02,3.539266869897489960e+04
1.387916666666666572e+02,4.499373435688149766e+04
1.388125000000000000e+02,4.178826376639305818e+04
1.388333333333333144e+02,3.218146825196094142e+04
1.388541666666666572e+02,3.491637469823379797e+04
1.388750000000000000e+02,4.420296693532596692e+04
1.388958333333333144e+02,4.179295573061113100e+04
1.389166666666666572e+02,3.221014272718349093e+04
1.389375000000000000e+02,3.539340125562230969e+04
1.389583333333333144e+02,4.499043440393586206e+04
1.389791666666666572e+02,4.178572893163255503e+04
1.390000000000000000e+02,3.218755927553438960e+04
1.390208333333333144e+02,3.564811266823636834e+04
1.390416666666666572e+02,4.498402000240774214e+04
1.390625000000000000e+02,4.178459449943352229e+04
1.390833333333333144e+02,3.219258602909441834e+04
1.391041666666666572e+02,3.539137664717654116e+04
1.391250000000000000e+02,4.498300662856212875e+04
1.391458333333333144e+02,4.178494717297290481e+04
1.391666666666666572e+02,3.219441443861388325e+04
1.391875000000000000e+02,3.539467949938587117e+04
1.392083333333333144e+02,4.379974397106318065e+04
1.392291666666666572e+02,4.178978682042144646e+04
1.392500000000000000e+02,3.235064763089629560e+04
1.392708333333333144e+02,3.595446705763733917e+04
1.392916666666666572e+02,4.499308832757660275e+04
1.393125000000000000e+02,4.179117051630469359e+04
1.393333333333333144e+02,3.219845677834492017e+04
1.393541666666666572e+02,3.539799790832269355e+04
1.393750000000000000e+02,4.499235395795549994e+04
1.393958333333333144e+02,4.063970114820334857e+04
1.394166666666666572e+02,3.219326031834403329e+04
1.394375000000000000e+02,3.470635363925764250e+04
1.394583333333333144e+02,4.500899142817927350e+04
1.394791666666666572e+02,4.179871880926348240e+04
1.395000000000000000e+02,3.219105579380044946e+04
1.395208333333333144e+02,3.539306731864964968e+04
1.395416666666666572e+02,4.499762431804204243e+04
1.395625000000000000e+02,4.138950132106096862e+04
1.395833333333333144e+02,3.218654347320104353e+04
1.396041666666666572e+02,3.538893383020367764e+04
1.396250000000000000e+02,4.437649356405624712e+04
1.396458333333333144e+02,4.180090510420884675e+04
1.396666666666666572e+02,3.218923594363327356e+04
1.396875000000000000e+02,3.539198431550919486e+04
1.397083333333333144e+02,4.500082236280748475e+04
1.397291666666666572e+02,4.179528495871511404e+04
1.397500000000000000e+02,3.218390029160413542e+04
1.397708333333333144e+02,3.538669002895118319e+04
1.397916666666666572e+02,4.350368248011516698e+04
1.398125000000000000e+02,4.179985253256112628e+04
1.398333333333333144e+02,3.405705725938983232e+04
1.398541666666666572e+02,3.605695120846902864e+04
1.398750000000000000e+02,4.180783464454780915e+04
1.398958333333333144e+02,4.179732618425238616e+04
1.399166666666666572e+02,3.605547127075280878e+04
1.399375000000000000e+02,3.617491007713093859e+04
1.399583333333333144e+02,4.180254804122085625e+04
1.399791666666666572e+02,4.218760326480294316e+04
1.400000000000000000e+02,3.540450490724366682e+04
1.400208333333333144e+02,3.540065438954999991e+04
1.400416666666666572e+02,4.180005503894361755e+04
1.400625000000000000e+02,4.179621861877872288e+04
1.400833333333333144e+02,3.539611830312557140e+04
1.401041666666666572e+02,3.566596905077013071e+04
1.401250000000000000e+02,4.181203415878412488e+04
1.401458333333333144e+02,4.179845789006178529e+04
1.401666666666666572e+02,3.552773184286033938e+04
1.401875000000000000e+02,3.608657602416055306e+04
1.402083333333333144e+02,4.180459822880396678e+04
1.402291666666666572e+02,4.028913190647494775e+04
1.402500000000000000e+02,3.540965245952433179e+04
1.402708333333333144e+02,3.838611388395824906e+04
1.402916666666666572e+02,4.108592198910378647e+04
1.403125000000000000e+02,3.859820474655623548e+04
1.403333333333333144e+02,3.584220756453292415e+04
1.403541666666666572e+02,3.859743221798587183e+04
1.403750000000000000e+02,4.178746595387806883e+04
1.403958333333333144e+02,3.804315228385153750e+04
1.404166666666666572e+02,3.561872882275839947e+04
1.404375000000000000e+02,3.858470699462451012e+04
1.404583333333333144e+02,4.178625397196673293e+04
1.404791666666666572e+02,3.858377587723287434e+04
1.405000000000000000e+02,3.688201339465828642e+04
1.405208333333333144e+02,3.854520109493254859e+04
1.405416666666666572e+02,4.013741846940472169e+04
1.405625000000000000e+02,3.859662219177251245e+04
1.405833333333333144e+02,3.860041558725512004e+04
1.406041666666666572e+02,3.810828970197391027e+04
1.406250000000000000e+02,3.859701982020748983e+04
1.406458333333333144e+02,3.859108050453024771e+04
1.406666666666666572e+02,3.859490678562221728e+04
1.406875000000000000e+02,3.859009026046331564e+04
1.407083333333333144e+02,4.025657522278810939e+04
1.407291666666666572e+02,3.979580782487334363e+04
1.407500000000000000e+02,3.860071262318143272e+04
1.407708333333333144e+02,3.739395171902301081e+04
1.407916666666666572e+02,3.860746370198575460e+04
1.408125000000000000e+02,3.875095159021209111e+04
1.408333333333333144e+02,3.859248078456434450e+04
1.408541666666666572e+02,3.858289418377048423e+04
1.408750000000000000e+02,3.951874274568616238e+04
1.408958333333333144e+02,3.954548085172434367e+04
1.409166666666666572e+02,3.861811960316163459e+04
1.409375000000000000e+02,3.776439721001651196e+04
1.409583333333333144e+02,3.861877117244787951e+04
1.409791666666666572e+02,3.904395471735647152e+04
1.410000000000000000e+02,3.859977294998111756e+04
1.410208333333333144e+02,3.858974710255239916e+04
1.410416666666666572e+02,3.859482359441959125e+04
1.410625000000000000e+02,3.892344392147521285e+04
1.410833333333333144e+02,3.858893680171438609e+04
1.411041666666666572e+02,3.858206593589282420e+04
1.411250000000000000e+02,3.858985227281328116e+04
1.411458333333333144e+02,4.009550473207257892e+04
1.411666666666666572e+02,3.859571626347183337e+04
1.411875000000000000e+02,3.858871594844734500e+04
1.412083333333333144e+02,3.859596531757673802e+04
1.412291666666666572e+02,3.775983594144123344e+04
1.412500000000000000e+02,3.860533641918987269e+04
1.412708333333333144e+02,3.859414407852686418e+04
1.412916666666666572e+02,3.859432097129338945e+04
1.413125000000000000e+02,3.866917760685780377e+04
1.413333333333333144e+02,3.858645848059954005e+04
1.413541666666666572e+02,3.857891765436112473e+04
1.413750000000000000e+02,3.945814864906705770e+04
1.413958333333333144e+02,4.018912635199156648e+04
1.414166666666666572e+02,3.860045097941367567e+04
1.414375000000000000e+02,3.780208817666964751e+04
1.414583333333333144e+02,3.860541007566909684e+04
1.414791666666666572e+02,3.863232027124569140e+04
1.415000000000000000e+02,3.859209336474185693e+04
1.415208333333333144e+02,3.858443029969790950e+04
1.415416666666666572e+02,3.921969156201342412e+04
1.415625000000000000e+02,3.908062370537308743e+04
1.415833333333333144e+02,3.859203970527284400e+04
1.416041666666666572e+02,3.858586971313269896e+04
1.416250000000000000e+02,3.859035340664491378e+04
1.416458333333333144e+02,3.942221749073584942e+04
1.416666666666666572e+02,3.860147529357042367e+04
1.416875000000000000e+02,3.832542644246085547e+04
1.417083333333333144e+02,3.859705221370251820e+04
1.417291666666666572e+02,3.859190519165992009e+04
1.417500000000000000e+02,3.859010011726827361e+04
1.417708333333333144e+02,3.858574944162472821e+04
1.417916666666666572e+02,3.858665449854184408e+04
1.418125000000000000e+02,3.844048586841014185e+04
1.418333333333333144e+02,3.861342600580333237e+04
1.418541666666666572e+02,3.859931597112346208e+04
1.418750000000000000e+02,3.883355763002590538e+04
1.418958333333333144e+02,3.982335948109303718e+04
1.419166666666666572e+02,3.859889481207906647e+04
1.419375000000000000e+02,3.851411413241662376e+04
1.419583333333333144e+02,3.861993843723632745e+04
1.419791666666666572e+02,3.933361907661460282e+04
1.420000000000000000e+02,3.860279970063698420e+04
1.420208333333333144e+02,3.859193273507324193e+04
1.420416666666666572e+02,3.879294747973772610e+04
1.420625000000000000e+02,3.919673247964967595e+04
1.420833333333333144e+02,3.861139723236470309e+04
1.421041666666666572e+02,3.726329869944770326e+04
1.421250000000000000e+02,3.860926467294114263e+04
1.421458333333333144e+02,4.133570788478726172e+04
1.421666666666666572e+02,3.860155800515769079e+04
1.421875000000000000e+02,3.539462335413751134e+04
1.422083333333333144e+02,3.859493628587230342e+04
1.422291666666666572e+02,4.179108148784613877e+04
1.422500000000000000e+02,3.858334791249505361e+04
1.422708333333333144e+02,3.553286977411692351e+04
1.422916666666666572e+02,3.992764583935187693e+04
1.423125000000000000e+02,4.179514723535764642e+04
1.423333333333333144e+02,3.729066991026615142e+04
1.423541666666666572e+02,3.539849830589651538e+04
1.423750000000000000e+02,4.084595303886328475e+04
1.423958333333333144e+02,4.179720783818485506e+04
1.424166666666666572e+02,3.539466515298371087e+04
1.424375000000000000e+02,3.469688204015705560e+04
1.424583333333333144e+02,4.180337337906532048e+04
1.424791666666666572e+02,4.179315367132311076e+04
1.425000000000000000e+02,3.559456590812087234e+04
1.425208333333333144e+02,3.668743271045964502e+04
1.425416666666666572e+02,4.179786459975534672e+04
1.425625000000000000e+02,4.061793479378326447e+04
1.425833333333333144e+02,3.540315274800946645e+04
1.426041666666666572e+02,3.757521389923180686e+04
1.426250000000000000e+02,4.181040938905634539e+04
1.426458333333333144e+02,3.941598327994569263e+04
1.426666666666666572e+02,3.561311558902934485e+04
1.426875000000000000e+02,3.859731141632884828e+04
1.427083333333333144e+02,4.179010640960989258e+04
1.427291666666666572e+02,3.858855505668178375e+04
1.427500000000000000e+02,3.538911756209190935e+04
1.427708333333333144e+02,3.858602600514358346e+04
1.427916666666666572e+02,4.178102403164069983e+04
1.428125000000000000e+02,3.858194935182945483e+04
1.428333333333333144e+02,3.682973972041471279e+04
1.428541666666666572e+02,3.859315400517551461e+04
1.428750000000000000e+02,4.042241575126758107e+04
1.428958333333333144e+02,3.815388639096281258e+04
1.429166666666666572e+02,3.778947699983618804e+04
1.429375000000000000e+02,3.860500397543216968e+04
1.429583333333333144e+02,3.859764413729621447e+04
1.429791666666666572e+02,3.859174560828632821e+04
1.430000000000000000e+02,3.858999840853465867e+04
1.430208333333333144e+02,3.858353667363277054e+04
1.430416666666666572e+02,4.002575127032948512e+04
1.430625000000000000e+02,3.912413929215433745e+04
1.430833333333333144e+02,3.861258287642423238e+04
1.431041666666666572e+02,3.787943981892150623e+04
1.431250000000000000e+02,3.861099994287706795e+04
1.431458333333333144e+02,3.860388376145962684e+04
1.431666666666666572e+02,3.859242418941781216e+04
1.431875000000000000e+02,3.858273118272718420e+04
1.432083333333333144e+02,3.948084102621466445e+04
1.432291666666666572e+02,3.921950633184409526e+04
1.432500000000000000e+02,3.859353117820043553e+04
1.432708333333333144e+02,3.858568145389029814e+04
1.432916666666666572e+02,3.859700553930037131e+04
1.433125000000000000e+02,3.877141531180525635e+04
1.433333333333333144e+02,3.858618427149672789e+04
1.433541666666666572e+02,3.857710640438481641e+04
1.433750000000000000e+02,3.876773898469340929e+04
1.433958333333333144e+02,4.087150826324560330e+04
1.434166666666666572e+02,3.860302318323352665e+04
1.434375000000000000e+02,3.677538582083858637e+04
1.434583333333333144e+02,3.861750870750275499e+04
1.434791666666666572e+02,3.999907600144175376e+04
1.435000000000000000e+02,3.862327379622997250e+04
1.435208333333333144e+02,3.541082967438140622e+04
1.435416666666666572e+02,3.860251916112169420e+04
1.435625000000000000e+02,4.179381547174180741e+04
1.435833333333333144e+02,3.858958749612155225e+04
1.436041666666666572e+02,3.589382653080648015e+04
1.436250000000000000e+02,3.990955570510742837e+04
1.436458333333333144e+02,4.179487647537071462e+04
1.436666666666666572e+02,3.734503470554138767e+04
1.436875000000000000e+02,3.477915267180780211e+04
1.437083333333333144e+02,3.860298679364882992e+04
1.437291666666666572e+02,4.179738172378631134e+04
1.437500000000000000e+02,3.860125849384083267e+04
1.437708333333333144e+02,3.645138237918441882e+04
1.437916666666666572e+02,3.861099003286741936e+04
1.438125000000000000e+02,4.338363317834895133e+04
1.438333333333333144e+02,3.860013028087420389e+04
1.438541666666666572e+02,3.307425605834789167e+04
1.438750000000000000e+02,3.860102167160803219e+04
1.438958333333333144e+02,4.499360087069383007e+04
1.439166666666666572e+02,3.858796382591884321e+04
1.439375000000000000e+02,3.219130306179879699e+04
1.439583333333333144e+02,3.858924425951297599e+04
1.439791666666666572e+02,4.498598559545152239e+04
1.440000000000000000e+02,3.858298644289085496e+04
1.440208333333333144e+02,3.218754592285570834e+04
1.440416666666666572e+02,3.858652441452537460e+04
1.440625000000000000e+02,4.426161861751057586e+04
1.440833333333333144e+02,3.859805087942162208e+04
1.441041666666666572e+02,3.219629577997365413e+04
1.441250000000000000e+02,3.859167534477874142e+04
1.441458333333333144e+02,4.498970491273228254e+04
1.441666666666666572e+02,3.829346358231945487e+04
1.441875000000000000e+02,3.219176970994744624e+04
1.442083333333333144e+02,3.859021605409121548e+04
1.442291666666666572e+02,4.499111613255138218e+04
1.442500000000000000e+02,3.858898102393028239e+04
1.442708333333333144e+02,3.219137016281573960e+04
1.442916666666666572e+02,3.859033647710915102e+04
1.443125000000000000e+02,4.420901798324294941e+04
1.443333333333333144e+02,3.860323178989743610e+04
1.443541666666666572e+02,3.220188890862774861e+04
1.443750000000000000e+02,3.859792534739922121e+04
1.443958333333333144e+02,4.499173970650185947e+04
1.444166666666666572e+02,3.858591567796054733e+04
1.444375000000000000e+02,3.219280450023783123e+04
1.444583333333333144e+02,3.890973952463490423e+04
1.444791666666666572e+02,4.498810588597655442e+04
1.445000000000000000e+02,3.858210983666001266e+04
1.445208333333333144e+02,3.219343683261281330e+04
1.445416666666666572e+02,3.876781206591232331e+04
1.445625000000000000e+02,4.498731011721131654e+04
1.445833333333333144e+02,3.858195468167553190e+04
1.446041666666666572e+02,3.219439209304578981e+04
1.446250000000000000e+02,3.894013840905787220e+04
1.446458333333333144e+02,4.470080730930405116e+04
1.446666666666666572e+02,3.847796687511980417e+04
1.446875000000000000e+02,3.220329935526005647e+04
1.447083333333333144e+02,3.860103498707726976e+04
1.447291666666666572e+02,4.464255646501383308e+04
1.447500000000000000e+02,3.746031612499842595e+04
1.447708333333333144e+02,3.221227344420706868e+04
1.447916666666666572e+02,3.957714335337857483e+04
1.448125000000000000e+02,4.501734476719326631e+04
1.448333333333333144e+02,3.831746493785042549e+04
1.448541666666666572e+02,3.220169098797181869e+04
1.448750000000000000e+02,3.859221117944495199e+04
1.448958333333333144e+02,4.404353444348517223e+04
1.449166666666666572e+02,3.801335134883102728e+04
1.449375000000000000e+02,3.220552239808876766e+04
1.449583333333333144e+02,4.054659926525868650e+04
1.449791666666666572e+02,4.810244412705862487e+04
1.450000000000000000e+02,4.234367113452465128e+04
1.450208333333333144e+02,3.626081453092507581e+04
1.450416666666666572e+02,4.301691363672199077e+04
1.450625000000000000e+02,4.918894095006186399e+04
1.450833333333333144e+02,4.270644515312424483e+04
1.451041666666666572e+02,3.618212939961229131e+04
1.451250000000000000e+02,4.264907498222841969e+04
1.451458333333333144e+02,4.794995297012836818e+04
1.451666666666666572e+02,4.209248426662692509e+04
1.451875000000000000e+02,3.584705829984646698e+04
1.452083333333333144e+02,4.285032044990461145e+04
1.452291666666666572e+02,4.799672047723128344e+04
1.452500000000000000e+02,4.143392293299789162e+04
1.452708333333333144e+02,3.490274985289514007e+04
1.452916666666666572e+02,4.116003935502503737e+04
1.453125000000000000e+02,4.740926646579975204e+04
1.453333333333333144e+02,4.027462412265349849e+04
1.453541666666666572e+02,3.436250606748279097e+04
1.453750000000000000e+02,4.064157873006349109e+04
1.453958333333333144e+02,4.692726276337234594e+04
1.454166666666666572e+02,4.023440282514436694e+04
1.454375000000000000e+02,3.392284052862523095e+04
1.454583333333333144e+02,4.022606590331030020e+04
1.454791666666666572e+02,4.634352426073513197e+04
1.455000000000000000e+02,3.931450102120680094e+04
1.455208333333333144e+02,3.359100721131816681e+04
1.455416666666666572e+02,3.991153359229329362e+04
1.455625000000000000e+02,4.576871967647920246e+04
1.455833333333333144e+02,3.968571983983603423e+04
1.456041666666666572e+02,3.333059944247789099e+04
1.456250000000000000e+02,3.966363223170014680e+04
1.456458333333333144e+02,4.602697456909945322e+04
1.456666666666666572e+02,3.939169179258382064e+04
1.456875000000000000e+02,3.311741513730234146e+04
1.457083333333333144e+02,3.946490660680786823e+04
1.457291666666666572e+02,4.583823502712490153e+04
1.457500000000000000e+02,3.939975064038363780e+04
1.457708333333333144e+02,3.295125747946036427e+04
1.457916666666666572e+02,3.955820373064674641e+04
1.458125000000000000e+02,4.510636179937281850e+04
1.458333333333333144e+02,3.926604160363756091e+04
1.458541666666666572e+02,3.282997501357865985e+04
1.458750000000000000e+02,3.987358784763183212e+04
1.458958333333333144e+02,4.557460982534947834e+04
1.459166666666666572e+02,3.914634399885152379e+04
1.459375000000000000e+02,3.272831783810955676e+04
1.459583333333333144e+02,3.910431954847890302e+04
1.459791666666666572e+02,4.547622793530025956e+04
1.460000000000000000e+02,3.905124460661211197e+04
1.460208333333333144e+02,3.264099036484864700e+04
1.460416666666666572e+02,4.019037817230571090e+04
1.460625000000000000e+02,4.505217899069903797e+04
1.460833333333333144e+02,3.669884723369206040e+04
1.461041666666666572e+02,3.257422477023508691e+04
1.461250000000000000e+02,4.065451023613383586e+04
1.461458333333333144e+02,4.530521063002940355e+04
1.461666666666666572e+02,3.567529840041037096e+04
1.461875000000000000e+02,3.362555441875810357e+04
1.462083333333333144e+02,4.206472235718085722e+04
1.462291666666666572e+02,4.433890200043384539e+04
1.462500000000000000e+02,3.563520840091533319e+04
1.462708333333333144e+02,3.041760343689174988e+04
1.462916666666666572e+02,3.870898173837800277e+04
1.463125000000000000e+02,3.790138851774317300e+04
1.463333333333333144e+02,3.364510718012647703e+04
1.463541666666666572e+02,3.374868970942732994e+04
1.463750000000000000e+02,3.855476445415362832e+04
1.463958333333333144e+02,3.726510179296541173e+04
1.464166666666666572e+02,3.653571810267902038e+04
1.464375000000000000e+02,3.942400754126042739e+04
1.464583333333333144e+02,4.171013296694507153e+04
1.464791666666666572e+02,3.790583252357233869e+04
1.465000000000000000e+02,3.812932431720949535e+04
1.465208333333333144e+02,4.620622860108311579e+04
1.465416666666666572e+02,4.750471361280684505e+04
1.465625000000000000e+02,3.898049602534402948e+04
1.465833333333333144e+02,3.665003141475038137e+04
1.466041666666666572e+02,3.988449350893533119e+04
1.466250000000000000e+02,4.299301498313725460e+04
1.466458333333333144e+02,4.928149770089793310e+04
1.466666666666666572e+02,4.605898926789702818e+04
1.466875000000000000e+02,4.527382352619607991e+04
1.467083333333333144e+02,3.974049846959015849e+04
1.467291666666666572e+02,4.511129750396008603e+04
1.467500000000000000e+02,4.990367892678886710e+04
1.467708333333333144e+02,4.536936110519115027e+04
1.467916666666666572e+02,3.766290065559641516e+04
1.468125000000000000e+02,3.773957681141275680e+04
1.468333333333333144e+02,4.091037996067369386e+04
1.468541666666666572e+02,4.510916050278224429e+04
1.468750000000000000e+02,5.057442158773098345e+04
1.468958333333333144e+02,4.482469696666207165e+04
1.469166666666666572e+02,3.750403817257608898e+04
1.469375000000000000e+02,3.883923164479143452e+04
1.469583333333333144e+02,4.037350827259058860e+04
1.469791666666666572e+02,4.328215042450849432e+04
1.470000000000000000e+02,4.530119271987528191e+04
1.470208333333333144e+02,3.763539142402727884e+04
1.470416666666666572e+02,3.679977521801670810e+04
1.470625000000000000e+02,4.305354499699503504e+04
1.470833333333333144e+02,4.352100951004234958e+04
1.471041666666666572e+02,3.595346641855955386e+04
1.471250000000000000e+02,3.657150317741969775e+04
1.471458333333333144e+02,4.230200159661484940e+04
1.471666666666666572e+02,4.166556371345417574e+04
1.471875000000000000e+02,3.737822312180862355e+04
1.472083333333333144e+02,3.565233657864804263e+04
1.472291666666666572e+02,4.465507780975432979e+04
1.472500000000000000e+02,3.970401859177852020e+04
1.472708333333333144e+02,3.180680288753815694e+04
1.472916666666666572e+02,3.791370822097435303e+04
1.473125000000000000e+02,4.420327790495720546e+04
1.473333333333333144e+02,3.917453268023495912e+04
1.473541666666666572e+02,3.239409550448988375e+04
1.473750000000000000e+02,4.040596671686010814e+04
1.473958333333333144e+02,4.492840857463239081e+04
1.474166666666666572e+02,3.390310517744455137e+04
1.474375000000000000e+02,3.374374231514411076e+04
1.474583333333333144e+02,4.503689163583949994e+04
1.474791666666666572e+02,4.486562932355058001e+04
1.475000000000000000e+02,3.232660347386565263e+04
1.475208333333333144e+02,3.235804388643815400e+04
1.475416666666666572e+02,4.341389752524822688e+04
1.475625000000000000e+02,4.367544743245208520e+04
1.475833333333333144e+02,3.241338707455759868e+04
1.476041666666666572e+02,3.500633773185002065e+04
1.476250000000000000e+02,3.907064331720989867e+04
1.476458333333333144e+02,3.782899314990342828e+04
1.476666666666666572e+02,3.613946629666985245e+04
1.476875000000000000e+02,3.257458920559366015e+04
1.477083333333333144e+02,3.530346873410823900e+04
1.477291666666666572e+02,3.690400127342868655e+04
1.477500000000000000e+02,3.733751508157123317e+04
1.477708333333333144e+02,3.733478748999538948e+04
1.477916666666666572e+02,3.867208984649663762e+04
1.478125000000000000e+02,3.919673433736664447e+04
1.478333333333333144e+02,4.142559959921474365e+04
1.478541666666666572e+02,4.011658579192247998e+04
1.478750000000000000e+02,3.728783720755149261e+04
1.478958333333333144e+02,4.067546052346382203e+04
1.479166666666666572e+02,4.079365411330175993e+04
1.479375000000000000e+02,4.095711937838269660e+04
1.479583333333333144e+02,3.822891020506369387e+04
1.479791666666666572e+02,3.823430402502368088e+04
1.480000000000000000e+02,4.104369701102980616e+04
1.480208333333333144e+02,4.106498940810000204e+04
1.480416666666666572e+02,4.525261199660368584e+04
1.480625000000000000e+02,4.117463761882849940e+04
1.480833333333333144e+02,3.799833432524103409e+04
1.481041666666666572e+02,3.809109002699953999e+04
1.481250000000000000e+02,4.159655957666640461e+04
1.481458333333333144e+02,4.191462675456423312e+04
1.481666666666666572e+02,4.848823735834809486e+04
1.481875000000000000e+02,4.208652636495875777e+04
1.482083333333333144e+02,4.199592545055939263e+04
1.482291666666666572e+02,3.868530621670692926e+04
1.482500000000000000e+02,4.188835720858439890e+04
1.482708333333333144e+02,4.498482971541383449e+04
1.482916666666666572e+02,4.135816558962708950e+04
1.483125000000000000e+02,4.089001210081561294e+04
1.483333333333333144e+02,4.054217293145127769e+04
1.483541666666666572e+02,4.076524289796871017e+04
1.483750000000000000e+02,3.974974176861034357e+04
1.483958333333333144e+02,3.938856889688352385e+04
1.484166666666666572e+02,4.235370047784980125e+04
1.484375000000000000e+02,3.889166776822039537e+04
1.484583333333333144e+02,3.399111004590888479e+04
1.484791666666666572e+02,3.891495663812170824e+04
1.485000000000000000e+02,4.287844284702675941e+04
1.485208333333333144e+02,3.808946850475631800e+04
1.485416666666666572e+02,3.159724117515571925e+04
1.485625000000000000e+02,3.523139051440524781e+04
1.485833333333333144e+02,4.427256670537973696e+04
1.486041666666666572e+02,4.093220683587413077e+04
1.486250000000000000e+02,3.340452787804041873e+04
1.486458333333333144e+02,3.297725294464862964e+04
1.486666666666666572e+02,4.339315746772864804e+04
1.486875000000000000e+02,4.070698745741540188e+04
1.487083333333333144e+02,3.168555503472216878e+04
1.487291666666666572e+02,3.580607192239823780e+04
1.487500000000000000e+02,4.374427236807651934e+04
1.487708333333333144e+02,4.138499194968648953e+04
1.487916666666666572e+02,3.182627168881750549e+04
1.488125000000000000e+02,3.509385417473142297e+04
1.488333333333333144e+02,4.471106373462948250e+04
1.488541666666666572e+02,4.144029658792947885e+04
1.488750000000000000e+02,3.190034076646455651e+04
1.488958333333333144e+02,3.513915883016905718e+04
1.489166666666666572e+02,4.291842391684264294e+04
1.489375000000000000e+02,4.350414548968713643e+04
1.489583333333333144e+02,3.724474495999101055e+04
1.489791666666666572e+02,3.960235475051849062e+04
1.490000000000000000e+02,4.569866802970747085e+04
1.490208333333333144e+02,4.613853801977069816e+04
1.490416666666666572e+02,3.942862282959376898e+04
1.490625000000000000e+02,3.935314830292095576e+04
1.490833333333333144e+02,4.566525415063706896e+04
1.491041666666666572e+02,4.569474487543116265e+04
1.491250000000000000e+02,3.893500073985751078e+04
1.491458333333333144e+02,3.875918016077362699e+04
1.491666666666666572e+02,4.503363454876217293e+04
1.491875000000000000e+02,4.487599027655797545e+04
1.492083333333333144e+02,3.827571243740984210e+04
1.492291666666666572e+02,3.904483248992484732e+04
1.492500000000000000e+02,4.439505725732917927e+04
1.492708333333333144e+02,4.424953598941001837e+04
1.492916666666666572e+02,3.767580142765611527e+04
1.493125000000000000e+02,3.757256495397680555e+04
1.493333333333333144e+02,4.383460415418842604e+04
1.493541666666666572e+02,4.371613105100712710e+04
1.493750000000000000e+02,3.935738827149038843e+04
1.493958333333333144e+02,4.151362917468905653e+04
1.494166666666666572e+02,4.703238657936675736e+04
1.494375000000000000e+02,4.667786581629008288e+04
1.494583333333333144e+02,4.088923735694304924e+04
1.494791666666666572e+02,3.974804173130051640e+04
1.495000000000000000e+02,4.704483216163347970e+04
1.495208333333333144e+02,4.684188923548685125e+04
1.495416666666666572e+02,4.024235789810476854e+04
1.495625000000000000e+02,4.168657238742987101e+04
1.495833333333333144e+02,4.618965385756325850e+04
1.496041666666666572e+02,4.387680584526847815e+04
1.496250000000000000e+02,3.936923818117366318e+04
1.496458333333333144e+02,4.162989742888500768e+04
1.496666666666666572e+02,4.534386428169226565e+04
1.496875000000000000e+02,4.196039183622175187e+04
1.497083333333333144e+02,3.859248174928424123e+04
1.497291666666666572e+02,4.161486399639831507e+04
1.497500000000000000e+02,4.463887671018744732e+04
1.497708333333333144e+02,4.143380621763828822e+04
1.497916666666666572e+02,3.794256768809953792e+04
1.498125000000000000e+02,4.100196858115326904e+04
1.498333333333333144e+02,4.406892406238504918e+04
1.498541666666666572e+02,4.168141342587915278e+04
1.498750000000000000e+02,3.744166506349895644e+04
1.498958333333333144e+02,3.948178979785460979e+04
1.499166666666666572e+02,4.363572822097459721e+04
1.499375000000000000e+02,4.083972485597868217e+04
1.499583333333333144e+02,3.707060669380486797e+04
1.499791666666666572e+02,4.014555958199633460e+04
1.500000000000000000e+02,4.326764849648327800e+04
1.500208333333333144e+02,4.066843587011959607e+04
1.500416666666666572e+02,3.732468177242994716e+04
1.500625000000000000e+02,3.984818479799239140e+04
1.500833333333333144e+02,4.298741849758489116e+04
1.501041666666666572e+02,3.972880360988999746e+04
1.501250000000000000e+02,3.646348894250860758e+04
1.501458333333333144e+02,3.961526626674360887e+04
1.501666666666666572e+02,4.275990579653159512e+04
1.501875000000000000e+02,3.951226304158462153e+04
1.502083333333333144e+02,3.626274630799391889e+04
1.502291666666666572e+02,3.985855754619689105e+04
1.502500000000000000e+02,4.258982357895710447e+04
1.502708333333333144e+02,3.934871687664109777e+04
1.502916666666666572e+02,3.727399128572439076e+04
1.503125000000000000e+02,3.880795427311249659e+04
1.503333333333333144e+02,4.243611230745698413e+04
1.503541666666666572e+02,3.921924927854479029e+04
1.503750000000000000e+02,3.599402060446902760e+04
1.503958333333333144e+02,3.916723758094404911e+04
1.504166666666666572e+02,4.233600421683891182e+04
1.504375000000000000e+02,3.910839227621410100e+04
1.504583333333333144e+02,3.589127626639412483e+04
1.504791666666666572e+02,3.907480778656906477e+04
1.505000000000000000e+02,4.224993849632451020e+04
1.505208333333333144e+02,3.872184133682162792e+04
1.505416666666666572e+02,3.582241743706548004e+04
1.505625000000000000e+02,3.900595293622347526e+04
1.505833333333333144e+02,4.218159430199935741e+04
1.506041666666666572e+02,4.028430635281415016e+04
1.506250000000000000e+02,3.576751609490196279e+04
1.506458333333333144e+02,3.894951893694695900e+04
1.506666666666666572e+02,4.212998030342916172e+04
1.506875000000000000e+02,3.690736572690083995e+04
1.507083333333333144e+02,3.565484341979774763e+04
1.507291666666666572e+02,3.495574417068712501e+04
1.507500000000000000e+02,3.789179283114488499e+04
1.507708333333333144e+02,3.768947153317364427e+04
1.507916666666666572e+02,3.188331219073956163e+04
1.508125000000000000e+02,3.498503782778188179e+04
1.508333333333333144e+02,3.903496359416930500e+04
1.508541666666666572e+02,3.633336533258298005e+04
1.508750000000000000e+02,3.358035545823656867e+04
1.508958333333333144e+02,3.709263421635686245e+04
1.509166666666666572e+02,4.007451614209109539e+04
1.509375000000000000e+02,3.779273310032588779e+04
1.509583333333333144e+02,3.489077717481075524e+04
1.509791666666666572e+02,3.518433302602676122e+04
1.510000000000000000e+02,4.163110944609728904e+04
1.510208333333333144e+02,3.970435367599816527e+04
1.510416666666666572e+02,3.549960507043536927e+04
1.510625000000000000e+02,3.560853014986914786e+04
1.510833333333333144e+02,4.211628933761349617e+04
1.511041666666666572e+02,3.998599468460373464e+04
1.511250000000000000e+02,3.585775426860537846e+04
1.511458333333333144e+02,3.725504874704677786e+04
1.511666666666666572e+02,4.242761738184750720e+04
1.511875000000000000e+02,3.923456189347281179e+04
1.512083333333333144e+02,3.605562333837596088e+04
1.512291666666666572e+02,3.845645680234507017e+04
1.512500000000000000e+02,4.252081616296732682e+04
1.512708333333333144e+02,3.920433760884439835e+04
1.512916666666666572e+02,3.593978010314680432e+04
1.513125000000000000e+02,3.913610885043064627e+04
1.513333333333333144e+02,4.226300302637041023e+04
1.513541666666666572e+02,4.108165486535823584e+04
1.513750000000000000e+02,3.563704445180488983e+04
1.513958333333333144e+02,3.887217735071796778e+04
1.514166666666666572e+02,4.184994844171562727e+04
1.514375000000000000e+02,3.879139215199432510e+04
1.514583333333333144e+02,3.726164218161136523e+04
1.514791666666666572e+02,3.840352089762054675e+04
1.515000000000000000e+02,3.946776465455624566e+04
1.515208333333333144e+02,3.893941699924140266e+04
1.515416666666666572e+02,3.827900367670399282e+04
1.515625000000000000e+02,3.825155967345063254e+04
1.515833333333333144e+02,3.822011472474000766e+04
1.516041666666666572e+02,3.856884671837964561e+04
1.516250000000000000e+02,3.823543719326857536e+04
1.516458333333333144e+02,3.823065828704233718e+04
1.516666666666666572e+02,3.863783171988125832e+04
1.516875000000000000e+02,4.053820087135698122e+04
1.517083333333333144e+02,3.828623596525067114e+04
1.517291666666666572e+02,3.572942641162060318e+04
1.517500000000000000e+02,3.832814656030016340e+04
1.517708333333333144e+02,4.153258655582512438e+04
1.517916666666666572e+02,3.834055091906790040e+04
1.518125000000000000e+02,3.516334250599372899e+04
1.518333333333333144e+02,3.838820627464761492e+04
1.518541666666666572e+02,4.217880496728238359e+04
1.518750000000000000e+02,3.840953604430724226e+04
1.518958333333333144e+02,3.522825761183424765e+04
1.519166666666666572e+02,3.845212471107748570e+04
1.519375000000000000e+02,4.165973486892437359e+04
1.519583333333333144e+02,3.846018355189181602e+04
1.519791666666666572e+02,3.527308240227016358e+04
1.520000000000000000e+02,3.956683167148081702e+04
1.520208333333333144e+02,3.886123769929843547e+04
1.520416666666666572e+02,3.310984512898843241e+04
1.520625000000000000e+02,3.370807655559200794e+04
1.520833333333333144e+02,3.546315439273318043e+04
1.521041666666666572e+02,3.437250213174329838e+04
1.521250000000000000e+02,3.421417386770564190e+04
1.521458333333333144e+02,3.280316504689875001e+04
1.521666666666666572e+02,3.508958286899155064e+04
1.521875000000000000e+02,3.778391733148958156e+04
1.522083333333333144e+02,3.592381734410748322e+04
1.522291666666666572e+02,3.347248192418470717e+04
1.522500000000000000e+02,3.822418520170354168e+04
1.522708333333333144e+02,4.006223673333132319e+04
1.522916666666666572e+02,3.712628307741646131e+04
1.523125000000000000e+02,3.537764281008839316e+04
1.523333333333333144e+02,3.989550674991080450e+04
1.523541666666666572e+02,4.084585192723068758e+04
1.523750000000000000e+02,3.627092339625168825e+04
1.523958333333333144e+02,3.587482804687249882e+04
1.524166666666666572e+02,4.331055462495190295e+04
1.524375000000000000e+02,4.132049451850891637e+04
1.524583333333333144e+02,3.339715520349727740e+04
1.524791666666666572e+02,3.458552008999360987e+04
1.525000000000000000e+02,4.480848519254368148e+04
1.525208333333333144e+02,4.339729869260514533e+04
1.525416666666666572e+02,3.217423269339279432e+04
1.525625000000000000e+02,3.220377080319772358e+04
1.525833333333333144e+02,4.494839920442441507e+04
1.526041666666666572e+02,4.441351390107179759e+04
1.526250000000000000e+02,3.219616687597414057e+04
1.526458333333333144e+02,3.221310254422382059e+04
1.526666666666666572e+02,4.488532777623513539e+04
1.526875000000000000e+02,4.483248448902660311e+04
1.527083333333333144e+02,3.206446498372698261e+04
1.527291666666666572e+02,3.203207487545862386e+04
1.527500000000000000e+02,4.373463425837716932e+04
1.527708333333333144e+02,4.306707905278267572e+04
1.527916666666666572e+02,3.182270819886020399e+04
1.528125000000000000e+02,3.175201424555101767e+04
1.528333333333333144e+02,4.446317257628707011e+04
1.528541666666666572e+02,4.215408014315415494e+04
1.528750000000000000e+02,3.163196156567225262e+04
1.528958333333333144e+02,3.318721652311888465e+04
1.529166666666666572e+02,4.306385784553620761e+04
1.529375000000000000e+02,4.088556090968661738e+04
1.529583333333333144e+02,3.254291045268659218e+04
1.529791666666666572e+02,3.478559115521044441e+04
1.530000000000000000e+02,4.294075598617803189e+04
1.530208333333333144e+02,4.121771240213816782e+04
1.530416666666666572e+02,3.293615352881385479e+04
1.530625000000000000e+02,3.514406900884302740e+04
1.530833333333333144e+02,4.182977514700214670e+04
1.531041666666666572e+02,4.114639424073365080e+04
1.531250000000000000e+02,3.491852826849531994e+04
1.531458333333333144e+02,3.498298643709417956e+04
1.531666666666666572e+02,4.136893302737327031e+04
1.531875000000000000e+02,4.139189755165761017e+04
1.532083333333333144e+02,3.499958014260305208e+04
1.532291666666666572e+02,3.477694359013358917e+04
1.532500000000000000e+02,4.146392064919404947e+04
1.532708333333333144e+02,4.147178339041394065e+04
1.532916666666666572e+02,3.676959922928464221e+04
1.533125000000000000e+02,3.509152860659622092e+04
1.533333333333333144e+02,4.149545785522111692e+04
1.533541666666666572e+02,4.347538285906561941e+04
1.533750000000000000e+02,3.825414077025993174e+04
1.533958333333333144e+02,3.891598055323331937e+04
1.534166666666666572e+02,4.565491854229190358e+04
1.534375000000000000e+02,4.578869922924482671e+04
1.534583333333333144e+02,4.004039071702631190e+04
1.534791666666666572e+02,3.969539640486942517e+04
1.535000000000000000e+02,4.562871527915992192e+04
1.535208333333333144e+02,4.547613746842823457e+04
1.535416666666666572e+02,3.892954332665717811e+04
1.535625000000000000e+02,3.792702916862763959e+04
1.535833333333333144e+02,4.497491751606854814e+04
1.536041666666666572e+02,4.479613926174355583e+04
1.536250000000000000e+02,3.824375122494195239e+04
1.536458333333333144e+02,3.808298270796731958e+04
1.536666666666666572e+02,4.431847245271452266e+04
1.536875000000000000e+02,4.416632754367640882e+04
1.537083333333333144e+02,3.763881919755074341e+04
1.537291666666666572e+02,3.791689592958738649e+04
1.537500000000000000e+02,4.381197652345952520e+04
1.537708333333333144e+02,4.349716626375907072e+04
1.537916666666666572e+02,3.718072720748808933e+04
1.538125000000000000e+02,3.707119229017569160e+04
1.538333333333333144e+02,4.336526815847439866e+04
1.538541666666666572e+02,4.281603296164012863e+04
1.538750000000000000e+02,3.725806788206882629e+04
1.538958333333333144e+02,3.746858757402584160e+04
1.539166666666666572e+02,4.303617297605040221e+04
1.539375000000000000e+02,4.295838995678898937e+04
1.539583333333333144e+02,3.649117159023509157e+04
1.539791666666666572e+02,3.642307662553157570e+04
1.540000000000000000e+02,4.276256097724193387e+04
1.540208333333333144e+02,4.270199366083646601e+04
1.540416666666666572e+02,3.606153793806673639e+04
1.540625000000000000e+02,3.499117608436864975e+04
1.540833333333333144e+02,4.256321965639412520e+04
1.541041666666666572e+02,4.383234077948489721e+04
1.541250000000000000e+02,3.607627738394065091e+04
1.541458333333333144e+02,3.426781358330000512e+04
1.541666666666666572e+02,4.241231847045329778e+04
1.541875000000000000e+02,4.556854208252706303e+04
1.542083333333333144e+02,3.785776787884151418e+04
1.542291666666666572e+02,3.575579022075112152e+04
1.542500000000000000e+02,4.596263303388136410e+04
1.542708333333333144e+02,4.913182331005126616e+04
1.542916666666666572e+02,3.868271796726514003e+04
1.543125000000000000e+02,3.674938639762861567e+04
1.543333333333333144e+02,4.768197447350076982e+04
1.543541666666666572e+02,4.930914458741956332e+04
1.543750000000000000e+02,3.650677185931220447e+04
1.543958333333333144e+02,3.688168454796198785e+04
1.544166666666666572e+02,4.876634822782763513e+04
1.544375000000000000e+02,4.807675556428925483e+04
1.544583333333333144e+02,3.560209696204813372e+04
1.544791666666666572e+02,3.541790183914447698e+04
1.545000000000000000e+02,4.735250906187137298e+04
1.545208333333333144e+02,4.730247476251803892e+04
1.545416666666666572e+02,3.493685070572119002e+04
1.545625000000000000e+02,3.478387310287006403e+04
1.545833333333333144e+02,4.739420370332060702e+04
1.546041666666666572e+02,4.501314194540635799e+04
1.546250000000000000e+02,3.440112900969640032e+04
1.546458333333333144e+02,3.676221658203063998e+04
1.546666666666666572e+02,4.639645108852312842e+04
1.546875000000000000e+02,4.366154317326860473e+04
1.547083333333333144e+02,3.395462291460677807e+04
1.547291666666666572e+02,3.706191226040597394e+04
1.547500000000000000e+02,4.657470588326820871e+04
1.547708333333333144e+02,4.328626054109841789e+04
1.547916666666666572e+02,3.360450354880969098e+04
1.548125000000000000e+02,3.673452097586917080e+04
1.548333333333333144e+02,4.573135145239173289e+04
1.548541666666666572e+02,4.299826225150634855e+04
1.548750000000000000e+02,3.333593842070669052e+04
1.548958333333333144e+02,3.712638340688093740e+04
1.549166666666666572e+02,4.599670026374463487e+04
1.549375000000000000e+02,4.277429378853681555e+04
1.549583333333333144e+02,3.312472415016236482e+04
1.549791666666666572e+02,3.645941545248333568e+04
1.550000000000000000e+02,4.516956420985044679e+04
1.550208333333333144e+02,4.260838908267278021e+04
1.550416666666666572e+02,3.297548243267863290e+04
1.550625000000000000e+02,3.614656672726931720e+04
1.550833333333333144e+02,4.570500577458435146e+04
1.551041666666666572e+02,4.204150748140072392e+04
1.551250000000000000e+02,3.284628499337167159e+04
1.551458333333333144e+02,3.600355894801972318e+04
1.551666666666666572e+02,4.557326000621962885e+04
1.551875000000000000e+02,4.221384862674696342e+04
1.552083333333333144e+02,3.275633809508035847e+04
1.552291666666666572e+02,3.589512649260788021e+04
1.552500000000000000e+02,4.547712558400198031e+04
1.552708333333333144e+02,4.103237129109511443e+04
1.552916666666666572e+02,3.265890357241193487e+04
1.553125000000000000e+02,3.683933623470386374e+04
1.553333333333333144e+02,4.542540287220668688e+04
1.553541666666666572e+02,4.172624576429116132e+04
1.553750000000000000e+02,3.260368442198492266e+04
1.553958333333333144e+02,3.577151704942918150e+04
1.554166666666666572e+02,4.536105222852605948e+04
1.554375000000000000e+02,4.194786832193504233e+04
1.554583333333333144e+02,3.253608494620361307e+04
1.554791666666666572e+02,3.401052651023658836e+04
1.555000000000000000e+02,4.532174569692135265e+04
1.555208333333333144e+02,4.009588638417838229e+04
1.555416666666666572e+02,2.918500065777931377e+04
1.555625000000000000e+02,2.840262308962749739e+04
1.555833333333333144e+02,3.689905088108711061e+04
1.556041666666666572e+02,3.339532743214308721e+04
1.556250000000000000e+02,2.867062237754707166e+04
1.556458333333333144e+02,3.423265785953866725e+04
1.556666666666666572e+02,4.023458844519119884e+04
1.556875000000000000e+02,3.838415084752057010e+04
1.557083333333333144e+02,3.452732821341483213e+04
1.557291666666666572e+02,3.923388644269415090e+04
1.557500000000000000e+02,4.193183768699760549e+04
1.557708333333333144e+02,3.935190150774417998e+04
1.557916666666666572e+02,3.934056168281246937e+04
1.558125000000000000e+02,4.278484310723047383e+04
1.558333333333333144e+02,4.072213744302813575e+04
1.558541666666666572e+02,3.726110260195879528e+04
1.558750000000000000e+02,4.327820781284270925e+04
1.558958333333333144e+02,4.651230681319058203e+04
1.559166666666666572e+02,4.061828324018697458e+04
1.559375000000000000e+02,3.876976493463361112e+04
1.559583333333333144e+02,4.026732133474753209e+04
1.559791666666666572e+02,3.831105224416714918e+04
1.560000000000000000e+02,4.370620740376537287e+04
1.560208333333333144e+02,4.474750869584227621e+04
1.560416666666666572e+02,4.389243184107393608e+04
1.560625000000000000e+02,3.749057893065293320e+04
1.560833333333333144e+02,3.776627676747125224e+04
1.561041666666666572e+02,4.261309653409654857e+04
1.561250000000000000e+02,4.513985412219488353e+04
1.561458333333333144e+02,3.996066025184862519e+04
1.561666666666666572e+02,3.685703203342795314e+04
1.561875000000000000e+02,3.776908551014789555e+04
1.562083333333333144e+02,4.311784173990674026e+04
1.562291666666666572e+02,3.973514947299732012e+04
1.562500000000000000e+02,3.854745655985646590e+04
1.562708333333333144e+02,3.667504980341236660e+04
1.562916666666666572e+02,3.942469840769064467e+04
1.563125000000000000e+02,4.130674403642980178e+04
1.563333333333333144e+02,3.542211361058898183e+04
1.563541666666666572e+02,3.528273956139536313e+04
1.563750000000000000e+02,4.063277465196752746e+04
1.563958333333333144e+02,4.061351080082907720e+04
1.564166666666666572e+02,3.505717080256876216e+04
1.564375000000000000e+02,3.500855713090202335e+04
1.564583333333333144e+02,4.137026534760039794e+04
1.564791666666666572e+02,4.006622276373767818e+04
1.565000000000000000e+02,3.441375045742234943e+04
1.565208333333333144e+02,3.443224550323919539e+04
1.565416666666666572e+02,4.142112725922163372e+04
1.565625000000000000e+02,4.043107240922260098e+04
1.565833333333333144e+02,3.511903339801993570e+04
1.566041666666666572e+02,3.683028750881522865e+04
1.566250000000000000e+02,4.157718237690393289e+04
1.566458333333333144e+02,4.134369078263254778e+04
1.566666666666666572e+02,3.521241968256275140e+04
1.566875000000000000e+02,3.629576996317236626e+04
1.567083333333333144e+02,4.166789343395648029e+04
1.567291666666666572e+02,4.191094291195660480e+04
1.567500000000000000e+02,3.529046778976658970e+04
1.567708333333333144e+02,3.529830499920793955e+04
1.567916666666666572e+02,4.172956708417154732e+04
1.568125000000000000e+02,4.174613037216950033e+04
1.568333333333333144e+02,3.706033426610361494e+04
1.568541666666666572e+02,3.829323449317787890e+04
1.568750000000000000e+02,4.258624140088687273e+04
1.568958333333333144e+02,3.745765921735628217e+04
1.569166666666666572e+02,3.131623113340031705e+04
1.569375000000000000e+02,3.457007879783430690e+04
1.569583333333333144e+02,3.803045865111871535e+04
1.569791666666666572e+02,3.425468062538420781e+04
1.570000000000000000e+02,3.433818418189614022e+04
1.570208333333333144e+02,3.614032866368422401e+04
1.570416666666666572e+02,3.669285451022482448e+04
1.570625000000000000e+02,3.715043606044067565e+04
1.570833333333333144e+02,3.656157195525962743e+04
1.571041666666666572e+02,3.755189356868421601e+04
1.571250000000000000e+02,3.806088307114530471e+04
1.571458333333333144e+02,3.835425419807699654e+04
1.571666666666666572e+02,3.301911574044072040e+04
1.571875000000000000e+02,3.868759865457042179e+04
1.572083333333333144e+02,4.192244327620921831e+04
1.572291666666666572e+02,3.880205659809280769e+04
1.572500000000000000e+02,4.089411707705247682e+04
1.572708333333333144e+02,3.578977253594365902e+04
1.572916666666666572e+02,3.269988194117179228e+04
1.573125000000000000e+02,3.556212627153391804e+04
1.573333333333333144e+02,4.260765630970317579e+04
1.573541666666666572e+02,4.076976129145554296e+04
1.573750000000000000e+02,4.147432041164051770e+04
1.573958333333333144e+02,3.708490841632612864e+04
1.574166666666666572e+02,3.646029314034903655e+04
1.574375000000000000e+02,4.163771157406677958e+04
1.574583333333333144e+02,4.270535190670051088e+04
1.574791666666666572e+02,4.061279128132375627e+04
1.575000000000000000e+02,3.615162490322588565e+04
1.575208333333333144e+02,3.610025483329759300e+04
1.575416666666666572e+02,4.308310848028686451e+04
1.575625000000000000e+02,4.320091966193782719e+04
1.575833333333333144e+02,3.544513244661549106e+04
1.576041666666666572e+02,3.553618450516008306e+04
1.576250000000000000e+02,4.184031734036975104e+04
1.576458333333333144e+02,4.144375244158880378e+04
1.576666666666666572e+02,3.495914352796466119e+04
1.576875000000000000e+02,3.750058141985659313e+04
1.577083333333333144e+02,4.118206618139213242e+04
1.577291666666666572e+02,4.057929692384154623e+04
1.577500000000000000e+02,3.474100315823016717e+04
1.577708333333333144e+02,3.791991542837357702e+04
1.577916666666666572e+02,4.110983167873763887e+04
1.578125000000000000e+02,3.792447523570341582e+04
1.578333333333333144e+02,3.475274715545654180e+04
1.578541666666666572e+02,3.794791245324687770e+04
1.578750000000000000e+02,4.256082411226332624e+04
1.578958333333333144e+02,3.889548999940929934e+04
1.579166666666666572e+02,3.515780659430996457e+04
1.579375000000000000e+02,3.793586938497909432e+04
1.579583333333333144e+02,4.132198466180234391e+04
1.579791666666666572e+02,3.730559601434100477e+04
1.580000000000000000e+02,3.499171128213340853e+04
1.580208333333333144e+02,3.780630470780256292e+04
1.580416666666666572e+02,4.141579003321848722e+04
1.580625000000000000e+02,3.823530066238578729e+04
1.580833333333333144e+02,3.504176524314344715e+04
1.581041666666666572e+02,3.789347022947967343e+04
1.581250000000000000e+02,4.146668799487991782e+04
1.581458333333333144e+02,3.827687046094401740e+04
1.581666666666666572e+02,3.508908306488340168e+04
1.581875000000000000e+02,3.981970920681607095e+04
1.582083333333333144e+02,4.467232423684869718e+04
1.582291666666666572e+02,4.231607009961514996e+04
1.582500000000000000e+02,3.927902612000407680e+04
1.582708333333333144e+02,4.262842420258058701e+04
1.582916666666666572e+02,4.583014600633812370e+04
1.583125000000000000e+02,4.254190829053662310e+04
1.583333333333333144e+02,3.922393757451666897e+04
1.583541666666666572e+02,4.228763282602970867e+04
1.583750000000000000e+02,4.531945374857053685e+04
1.583958333333333144e+02,4.200847227654406015e+04
1.584166666666666572e+02,3.899544778265711648e+04
1.584375000000000000e+02,4.160334283013462846e+04
1.584583333333333144e+02,4.463245799419447576e+04
1.584791666666666572e+02,4.141659744063697872e+04
1.585000000000000000e+02,3.951101947201076837e+04
1.585208333333333144e+02,4.097027752489867271e+04
1.585416666666666572e+02,4.230748429585846316e+04
1.585625000000000000e+02,4.138036015128296276e+04
1.585833333333333144e+02,4.060601675583967881e+04
1.586041666666666572e+02,3.893820839214736043e+04
1.586250000000000000e+02,4.038180146446062281e+04
1.586458333333333144e+02,4.346862923584484815e+04
1.586666666666666572e+02,3.933814464444491023e+04
1.586875000000000000e+02,3.655687446720868320e+04
1.587083333333333144e+02,4.023832948534980824e+04
1.587291666666666572e+02,4.310446952383259486e+04
1.587500000000000000e+02,3.982353811378178216e+04
1.587708333333333144e+02,3.727195707695714373e+04
1.587916666666666572e+02,4.298127808511688636e+04
1.588125000000000000e+02,4.586468470502568380e+04
1.588333333333333144e+02,4.199571458412723587e+04
1.588541666666666572e+02,3.950492587889871356e+04
1.588750000000000000e+02,4.524725548223005899e+04
1.588958333333333144e+02,4.674081161723613332e+04
1.589166666666666572e+02,4.119377534078640019e+04
1.589375000000000000e+02,4.006173084527841274e+04
1.589583333333333144e+02,4.626012653138519090e+04
1.589791666666666572e+02,4.604984596417725697e+04
1.590000000000000000e+02,3.944877166350617335e+04
1.590208333333333144e+02,3.924304066952966969e+04
1.590416666666666572e+02,4.543896046124405984e+04
1.590625000000000000e+02,4.523975903426765581e+04
1.590833333333333144e+02,3.967127050767846231e+04
1.591041666666666572e+02,3.849821073286265892e+04
1.591250000000000000e+02,4.472246006610395852e+04
1.591458333333333144e+02,4.455678606780801783e+04
1.591666666666666572e+02,3.735700984021212935e+04
1.591875000000000000e+02,3.741529434804139601e+04
1.592083333333333144e+02,4.414389733543754846e+04
1.592291666666666572e+02,4.400929883996148419e+04
1.592500000000000000e+02,3.750217561542769545e+04
1.592708333333333144e+02,3.920022312329847045e+04
1.592916666666666572e+02,4.369210042041759880e+04
1.593125000000000000e+02,4.201450432302161062e+04
1.593333333333333144e+02,3.710232929076708388e+04
1.593541666666666572e+02,4.006656082088578842e+04
1.593750000000000000e+02,4.258303686729277251e+04
1.593958333333333144e+02,4.003981126626228797e+04
1.594166666666666572e+02,3.678399360321815766e+04
1.594375000000000000e+02,4.019299159844718088e+04
1.594583333333333144e+02,4.302333450169371645e+04
1.594791666666666572e+02,4.059761246142181335e+04
1.595000000000000000e+02,3.657510636038127996e+04
1.595208333333333144e+02,3.964011906936655578e+04
1.595416666666666572e+02,4.278838141140034713e+04
1.595625000000000000e+02,3.968412225891875278e+04
1.595833333333333144e+02,3.629165088705020753e+04
1.596041666666666572e+02,3.943972452429361874e+04
1.596250000000000000e+02,4.260295941294841759e+04
1.596458333333333144e+02,4.079142206646359409e+04
1.596666666666666572e+02,3.614351190850372222e+04
1.596875000000000000e+02,3.929957311337513238e+04
1.597083333333333144e+02,4.247397244902353123e+04
1.597291666666666572e+02,3.925048399786857772e+04
1.597500000000000000e+02,3.601375754723020509e+04
1.597708333333333144e+02,3.917796660095752304e+04
1.597916666666666572e+02,4.235388854421095311e+04
1.598125000000000000e+02,3.913321706256733887e+04
1.598333333333333144e+02,3.670567763900330465e+04
1.598541666666666572e+02,3.881820700970140024e+04
1.598750000000000000e+02,4.226635041657658439e+04
1.598958333333333144e+02,3.904752967132227786e+04
1.599166666666666572e+02,3.583266719103424111e+04
1.599375000000000000e+02,3.865211407257350220e+04
1.599583333333333144e+02,4.219399602671375033e+04
1.599791666666666572e+02,3.897696004245812946e+04
1.600000000000000000e+02,3.577180623732243839e+04
1.600208333333333144e+02,3.895975886778566201e+04
1.600416666666666572e+02,4.213609675026477635e+04
1.600625000000000000e+02,3.923781371670465887e+04
1.600833333333333144e+02,3.697742060041512013e+04
1.601041666666666572e+02,3.691176236319661984e+04
1.601250000000000000e+02,4.037873350695582485e+04
1.601458333333333144e+02,3.750251525130544178e+04
1.601666666666666572e+02,3.168351588049585916e+04
1.601875000000000000e+02,3.279322302576085349e+04
1.602083333333333144e+02,4.027352699526663491e+04
1.602291666666666572e+02,3.815174435410138540e+04
1.602500000000000000e+02,2.929368219917991883e+04
1.602708333333333144e+02,3.454933748833022401e+04
1.602916666666666572e+02,4.215645831935429305e+04
1.603125000000000000e+02,3.689224921882356284e+04
1.603333333333333144e+02,3.298424479986676306e+04
1.603541666666666572e+02,3.703331734503380721e+04
1.603750000000000000e+02,4.073192220201959572e+04
1.603958333333333144e+02,3.806240768745379319e+04
1.604166666666666572e+02,3.510716971710709186e+04
1.604375000000000000e+02,3.527900369776045409e+04
1.604583333333333144e+02,4.084792203412661911e+04
1.604791666666666572e+02,4.006156006968738075e+04
1.605000000000000000e+02,3.562939327724002942e+04
1.605208333333333144e+02,3.702613391800624231e+04
1.605416666666666572e+02,4.221730094351202570e+04
1.605625000000000000e+02,3.905690599701201427e+04
1.605833333333333144e+02,3.590672042892751051e+04
1.606041666666666572e+02,3.933923016986749280e+04
1.606250000000000000e+02,4.130745106175999535e+04
1.606458333333333144e+02,3.920361201342508866e+04
1.606666666666666572e+02,3.618620620463202067e+04
1.606875000000000000e+02,3.925725852505084913e+04
1.607083333333333144e+02,4.241909070838032494e+04
1.607291666666666572e+02,3.908489030930534500e+04
1.607500000000000000e+02,3.759490210437950736e+04
1.607708333333333144e+02,3.893320180939666898e+04
1.607916666666666572e+02,4.031911981967743486e+04
1.608125000000000000e+02,3.871248815054709848e+04
1.608333333333333144e+02,3.865400242096952570e+04
1.608541666666666572e+02,3.857631081313030882e+04
1.608750000000000000e+02,3.924360478913146653e+04
1.608958333333333144e+02,4.109969454250367562e+04
1.609166666666666572e+02,3.838494186529589933e+04
1.609375000000000000e+02,3.647013709816265327e+04
1.609583333333333144e+02,3.850045904019805312e+04
1.609791666666666572e+02,4.066854335681495286e+04
1.610000000000000000e+02,3.826920680590087431e+04
1.610208333333333144e+02,3.419688184365732741e+04
1.610416666666666572e+02,4.033171146200715884e+04
1.610625000000000000e+02,4.143946640002266940e+04
1.610833333333333144e+02,3.566497720260922506e+04
1.611041666666666572e+02,3.666493457881420909e+04
1.611250000000000000e+02,4.147969013437723333e+04
1.611458333333333144e+02,4.084321143515836593e+04
1.611666666666666572e+02,3.511388298749410023e+04
1.611875000000000000e+02,3.453303841989272041e+04
1.612083333333333144e+02,4.154448974689084571e+04
1.612291666666666572e+02,4.154928629091920448e+04
1.612500000000000000e+02,3.517918155100136210e+04
1.612708333333333144e+02,3.775167396659245424e+04
1.612916666666666572e+02,4.163206092912267195e+04
1.613125000000000000e+02,3.982232157104669022e+04
1.613333333333333144e+02,3.526591535506629589e+04
1.613541666666666572e+02,3.846959300352219725e+04
1.613750000000000000e+02,4.124624341161690973e+04
1.613958333333333144e+02,3.751396709370450844e+04
1.614166666666666572e+02,3.532418075244238571e+04
1.614375000000000000e+02,3.548096728451163654e+04
1.614583333333333144e+02,3.847696916235992103e+04
1.614791666666666572e+02,3.509600424225577444e+04
1.615000000000000000e+02,3.099610778634305098e+04
1.615208333333333144e+02,3.346221798718277569e+04
1.615416666666666572e+02,3.592867614446803054e+04
1.615625000000000000e+02,3.478204419422540377e+04
1.615833333333333144e+02,3.518255532471417973e+04
1.616041666666666572e+02,3.583081448837385688e+04
1.616250000000000000e+02,3.853905341435135779e+04
1.616458333333333144e+02,3.621127699770167965e+04
1.616666666666666572e+02,3.342830334326603770e+04
1.616875000000000000e+02,3.698041432027491828e+04
1.617083333333333144e+02,4.362136814541381318e+04
1.617291666666666572e+02,3.977102644334910292e+04
1.617500000000000000e+02,3.301450775261364470e+04
1.617708333333333144e+02,3.642814796023978124e+04
1.617916666666666572e+02,4.314281806282750040e+04
1.618125000000000000e+02,4.151950289913924644e+04
1.618333333333333144e+02,3.486035089521136979e+04
1.618541666666666572e+02,3.495647504505015968e+04
1.618750000000000000e+02,4.162806702380479692e+04
1.618958333333333144e+02,4.397487313069313677e+04
1.619166666666666572e+02,3.522317526599970006e+04
1.619375000000000000e+02,3.211126883326762982e+04
1.619583333333333144e+02,4.306138580288214143e+04
1.619791666666666572e+02,4.265849981798222143e+04
1.620000000000000000e+02,3.444545593157480471e+04
1.620208333333333144e+02,3.457702380118695146e+04
1.620416666666666572e+02,4.243122483862032823e+04
1.620625000000000000e+02,4.180450564303183637e+04
1.620833333333333144e+02,3.525894273492632783e+04
1.621041666666666572e+02,3.528413140487399505e+04
1.621250000000000000e+02,4.163827244198980043e+04
1.621458333333333144e+02,4.177014159903446125e+04
1.621666666666666572e+02,3.437130430419460754e+04
1.621875000000000000e+02,3.500513941740507289e+04
1.622083333333333144e+02,4.133915900980072911e+04
1.622291666666666572e+02,4.125283718309443066e+04
1.622500000000000000e+02,3.483877377947494824e+04
1.622708333333333144e+02,3.596347881180700642e+04
1.622916666666666572e+02,4.121768638407932303e+04
1.623125000000000000e+02,3.846177609188787756e+04
1.623333333333333144e+02,3.475570557973218092e+04
1.623541666666666572e+02,3.758399437136078632e+04
1.623750000000000000e+02,4.099069845319999877e+04
1.623958333333333144e+02,3.673726317949981603e+04
1.624166666666666572e+02,3.431361044889399636e+04
1.624375000000000000e+02,3.729123715207632631e+04
1.624583333333333144e+02,4.125074064621489379e+04
1.624791666666666572e+02,3.924090662136949686e+04
1.625000000000000000e+02,3.615791372318406502e+04
1.625208333333333144e+02,3.848245269967237982e+04
1.625416666666666572e+02,4.023966792440253630e+04
1.625625000000000000e+02,3.816249689082195982e+04
1.625833333333333144e+02,3.650513518197886151e+04
1.626041666666666572e+02,3.820859058530393668e+04
1.626250000000000000e+02,4.004936931066233228e+04
1.626458333333333144e+02,3.822828027730139002e+04
1.626666666666666572e+02,3.726017815000718110e+04
1.626875000000000000e+02,3.826784097661891428e+04
1.627083333333333144e+02,3.827252291342858371e+04
1.627291666666666572e+02,4.045048047385337850e+04
1.627500000000000000e+02,3.831246175545117876e+04
1.627708333333333144e+02,3.839884428408716485e+04
1.627916666666666572e+02,4.150617955011488084e+04
1.628125000000000000e+02,4.532385688567691977e+04
1.628333333333333144e+02,4.246347460960220633e+04
1.628541666666666572e+02,3.915549236340398784e+04
1.628750000000000000e+02,4.286098544815134665e+04
1.628958333333333144e+02,4.573297828126399691e+04
1.629166666666666572e+02,4.241440595221362310e+04
1.629375000000000000e+02,3.936834485572395351e+04
1.629583333333333144e+02,4.349845053846910014e+04
1.629791666666666572e+02,4.514655491254779918e+04
1.630000000000000000e+02,3.988222400208027830e+04
1.630208333333333144e+02,3.703138604258302075e+04
1.630416666666666572e+02,4.466096795672245207e+04
1.630625000000000000e+02,4.611696388420253788e+04
1.630833333333333144e+02,3.797016186657123035e+04
1.631041666666666572e+02,3.461378461489320034e+04
1.631250000000000000e+02,4.436242018467637536e+04
1.631458333333333144e+02,4.610001804613559216e+04
1.631666666666666572e+02,3.741288896970146016e+04
1.631875000000000000e+02,3.459262481192955602e+04
1.632083333333333144e+02,4.356933211517884047e+04
1.632291666666666572e+02,4.666289102226369141e+04
1.632500000000000000e+02,3.678457002315503632e+04
1.632708333333333144e+02,3.366532489526845166e+04
1.632916666666666572e+02,4.317778085348921013e+04
1.633125000000000000e+02,4.573415889019773749e+04
1.633333333333333144e+02,3.565086344823185937e+04
1.633541666666666572e+02,3.335317944532539696e+04
1.633750000000000000e+02,4.289125837273243815e+04
1.633958333333333144e+02,4.603226361129578436e+04
1.634166666666666572e+02,3.636007382908301224e+04
1.634375000000000000e+02,3.309795623049739515e+04
1.634583333333333144e+02,4.265553319856841699e+04
1.634791666666666572e+02,4.497527008051052690e+04
1.635000000000000000e+02,3.615599100008595269e+04
1.635208333333333144e+02,3.371545324939365673e+04
1.635416666666666572e+02,4.250142921939236112e+04
1.635625000000000000e+02,4.565081936510703235e+04
1.635833333333333144e+02,3.600093552706587798e+04
1.636041666666666572e+02,3.412920143869515596e+04
1.636250000000000000e+02,4.234406335298703198e+04
1.636458333333333144e+02,4.414510645050551102e+04
1.636666666666666572e+02,3.587586297193740756e+04
1.636875000000000000e+02,3.483591837819357170e+04
1.637083333333333144e+02,4.222271617825757858e+04
1.637291666666666572e+02,4.153449760370415606e+04
1.637500000000000000e+02,3.539952177534515067e+04
1.637708333333333144e+02,3.574353146693709277e+04
1.637916666666666572e+02,4.211539739536327397e+04
1.638125000000000000e+02,4.212055718394757423e+04
1.638333333333333144e+02,3.674184837671053538e+04
1.638541666666666572e+02,3.567014654332101054e+04
1.638750000000000000e+02,4.151000856755708082e+04
1.638958333333333144e+02,4.205080147528820817e+04
1.639166666666666572e+02,3.563097574334955425e+04
1.639375000000000000e+02,3.560836214628830930e+04
1.639583333333333144e+02,4.293016065550815983e+04
1.639791666666666572e+02,4.198879485582710186e+04
1.640000000000000000e+02,3.537682003163145419e+04
1.640208333333333144e+02,3.586061124961033056e+04
1.640416666666666572e+02,4.148911827761205495e+04
1.640625000000000000e+02,4.194611696131285862e+04
1.640833333333333144e+02,3.525018337461272313e+04
1.641041666666666572e+02,3.590269094834502903e+04
1.641250000000000000e+02,4.192032423389599717e+04
1.641458333333333144e+02,4.190977072844518989e+04
1.641666666666666572e+02,3.549222825734719663e+04
1.641875000000000000e+02,3.549164398391506256e+04
1.642083333333333144e+02,4.138398744498664746e+04
1.642291666666666572e+02,4.187694727502520254e+04
1.642500000000000000e+02,3.460697348556954967e+04
1.642708333333333144e+02,3.609745242775524821e+04
1.642916666666666572e+02,4.189232358631183160e+04
1.643125000000000000e+02,4.188460869287665264e+04
1.643333333333333144e+02,3.547301073499055201e+04
1.643541666666666572e+02,3.566504371375511255e+04
1.643750000000000000e+02,4.305288362292583770e+04
1.643958333333333144e+02,4.185947496124038298e+04
1.644166666666666572e+02,3.417219108130107634e+04
1.644375000000000000e+02,3.545342500575702434e+04
1.644583333333333144e+02,4.364084964319246501e+04
1.644791666666666572e+02,4.184571987926772272e+04
1.645000000000000000e+02,3.223765430421975907e+04
1.645208333333333144e+02,3.648494098296514858e+04
1.645416666666666572e+02,4.503034033312894462e+04
1.645625000000000000e+02,4.148137136266120797e+04
1.645833333333333144e+02,3.223284857449786432e+04
1.646041666666666572e+02,3.542416590859762800e+04
1.646250000000000000e+02,4.501703943452905514e+04
1.646458333333333144e+02,4.181774788021180575e+04
1.646666666666666572e+02,3.221666674116024660e+04
1.646875000000000000e+02,3.541147574689026078e+04
1.647083333333333144e+02,4.338465795889859146e+04
1.647291666666666572e+02,4.171597715537076874e+04
1.647500000000000000e+02,3.389288889854089211e+04
1.647708333333333144e+02,3.541463102400778007e+04
1.647916666666666572e+02,4.181300963037626207e+04
1.648125000000000000e+02,4.191993945819310466e+04
1.648333333333333144e+02,3.540494012284599012e+04
1.648541666666666572e+02,3.544020495558858238e+04
1.648750000000000000e+02,4.180576710298281250e+04
1.648958333333333144e+02,4.180337838413550344e+04
1.649166666666666572e+02,3.540007787190929957e+04
1.649375000000000000e+02,3.816196242223971785e+04
1.649583333333333144e+02,4.182886914407410950e+04
1.649791666666666572e+02,4.028580801979883836e+04
1.650000000000000000e+02,3.525756069255940383e+04
1.650208333333333144e+02,3.698753212970217282e+04
1.650416666666666572e+02,4.129759205677041609e+04
1.650625000000000000e+02,3.961031430627399823e+04
1.650833333333333144e+02,3.543522702119530732e+04
1.651041666666666572e+02,3.541771278720964619e+04
1.651250000000000000e+02,4.294095734898012597e+04
1.651458333333333144e+02,4.181297184942571039e+04
1.651666666666666572e+02,3.578579174005349341e+04
1.651875000000000000e+02,3.582174838155513135e+04
1.652083333333333144e+02,4.151438344787500682e+04
1.652291666666666572e+02,4.181344985601198277e+04
1.652500000000000000e+02,3.540574993821659154e+04
1.652708333333333144e+02,3.561872713828388805e+04
1.652916666666666572e+02,4.182936337738782458e+04
1.653125000000000000e+02,4.179449628972550272e+04
1.653333333333333144e+02,3.530795818303033593e+04
1.653541666666666572e+02,3.671210288563647191e+04
1.653750000000000000e+02,4.178533769834091800e+04
1.653958333333333144e+02,4.142384113823160442e+04
1.654166666666666572e+02,3.538616798806468432e+04
1.654375000000000000e+02,3.539691754712643160e+04
1.654583333333333144e+02,4.184243550033526117e+04
1.654791666666666572e+02,4.178684291610310174e+04
1.655000000000000000e+02,3.537993633006627351e+04
1.655208333333333144e+02,3.539601838792944181e+04
1.655416666666666572e+02,4.218335327461973066e+04
1.655625000000000000e+02,4.179004725776163104e+04
1.655833333333333144e+02,3.538310926716368704e+04
1.656041666666666572e+02,3.540104420039392426e+04
1.656250000000000000e+02,4.140064561419872916e+04
1.656458333333333144e+02,4.179549337815681065e+04
1.656666666666666572e+02,3.538920744811898476e+04
1.656875000000000000e+02,3.540138426886842353e+04
1.657083333333333144e+02,4.180085134853476484e+04
1.657291666666666572e+02,4.179470493059923319e+04
1.657500000000000000e+02,3.468780059907490795e+04
1.657708333333333144e+02,3.506999218753565947e+04
1.657916666666666572e+02,4.259347687904613122e+04
1.658125000000000000e+02,4.166183856314561126e+04
1.658333333333333144e+02,3.530546214213928033e+04
1.658541666666666572e+02,3.783965057186822378e+04
1.658750000000000000e+02,4.179279677768709371e+04
1.658958333333333144e+02,4.072368842455027334e+04
1.659166666666666572e+02,3.540795436961064115e+04
1.659375000000000000e+02,3.418190285300088726e+04
1.659583333333333144e+02,4.180565563504361489e+04
1.659791666666666572e+02,4.213794079240337305e+04
1.660000000000000000e+02,3.539991417938589439e+04
1.660208333333333144e+02,3.594371151864044805e+04
1.660416666666666572e+02,4.179761127549122466e+04
1.660625000000000000e+02,4.179137657531152945e+04
1.660833333333333144e+02,3.539273559103654406e+04
1.661041666666666572e+02,3.523245300760105602e+04
1.661250000000000000e+02,4.179528134419787239e+04
1.661458333333333144e+02,4.178788089283330191e+04
1.661666666666666572e+02,3.539440672840998013e+04
1.661875000000000000e+02,3.628542082819634379e+04
1.662083333333333144e+02,4.180144873357653705e+04
1.662291666666666572e+02,4.179191301249889511e+04
1.662500000000000000e+02,3.538117112605869625e+04
1.662708333333333144e+02,3.407108542280794063e+04
1.662916666666666572e+02,4.180558819291300460e+04
1.663125000000000000e+02,4.371720777035142964e+04
1.663333333333333144e+02,3.541059813259607472e+04
1.663541666666666572e+02,3.220133871067500877e+04
1.663750000000000000e+02,4.179265460507528769e+04
1.663958333333333144e+02,4.499271861879980861e+04
1.664166666666666572e+02,3.539416002044650668e+04
1.664375000000000000e+02,3.219048070977624593e+04
1.664583333333333144e+02,4.178636986476602760e+04
1.664791666666666572e+02,4.498612468695241841e+04
1.665000000000000000e+02,3.538644135632299731e+04
1.665208333333333144e+02,3.218429538799307193e+04
1.665416666666666572e+02,4.178353165119087498e+04
1.665625000000000000e+02,4.469815570245294657e+04
1.665833333333333144e+02,3.435211824242232979e+04
1.666041666666666572e+02,3.226113665333329845e+04
1.666250000000000000e+02,4.198059639526728279e+04
1.666458333333333144e+02,4.380022345929729636e+04
1.666666666666666572e+02,3.539974804610145657e+04
1.666875000000000000e+02,3.336318626223463070e+04
1.667083333333333144e+02,4.180828397696584580e+04
1.667291666666666572e+02,4.407146587060336606e+04
1.667500000000000000e+02,3.539882685045043036e+04
1.667708333333333144e+02,3.285184316057922842e+04
1.667916666666666572e+02,4.180902233124819031e+04
1.668125000000000000e+02,4.500141892992376233e+04
1.668333333333333144e+02,3.539410024911435175e+04
1.668541666666666572e+02,3.219161488843912957e+04
1.668750000000000000e+02,4.178804962409899599e+04
1.668958333333333144e+02,4.388266715582246252e+04
1.669166666666666572e+02,3.533175464281653694e+04
1.669375000000000000e+02,3.368895950007536885e+04
1.669583333333333144e+02,4.179715641096184117e+04
1.669791666666666572e+02,4.292837663706757303e+04
1.670000000000000000e+02,3.540895155452022300e+04
1.670208333333333144e+02,3.539686091710459004e+04
1.670416666666666572e+02,4.176443145382704824e+04
1.670625000000000000e+02,4.179962215638348425e+04
1.670833333333333144e+02,3.539732721353530360e+04
1.671041666666666572e+02,3.557712872252748639e+04
1.671250000000000000e+02,4.040959422180199181e+04
1.671458333333333144e+02,4.180015083090660482e+04
1.671666666666666572e+02,3.704744702023926948e+04
1.671875000000000000e+02,3.568649601281311334e+04
1.672083333333333144e+02,3.877389784152712673e+04
1.672291666666666572e+02,4.282267112240603456e+04
1.672500000000000000e+02,3.859763317032577470e+04
1.672708333333333144e+02,3.536510951268541976e+04
1.672916666666666572e+02,3.873953756974884891e+04
1.673125000000000000e+02,4.182607055636333098e+04
1.673333333333333144e+02,3.859238377896905877e+04
1.673541666666666572e+02,3.539507107865607395e+04
1.673750000000000000e+02,3.871615154795288981e+04
1.673958333333333144e+02,4.259985908033282612e+04
1.674166666666666572e+02,3.858667390107060783e+04
1.674375000000000000e+02,3.566035295596384094e+04
1.674583333333333144e+02,3.979378184124525433e+04
1.674791666666666572e+02,4.180144945679572265e+04
1.675000000000000000e+02,3.753843348730285652e+04
1.675208333333333144e+02,3.403145689827380556e+04
1.675416666666666572e+02,3.938216783694606420e+04
1.675625000000000000e+02,4.303965465634880093e+04
1.675833333333333144e+02,3.861231606811208621e+04
1.676041666666666572e+02,3.321833469648964819e+04
1.676250000000000000e+02,3.860879237718584773e+04
1.676458333333333144e+02,4.472135211691278528e+04
1.676666666666666572e+02,3.809521056726892130e+04
1.676875000000000000e+02,3.219834728720490239e+04
1.677083333333333144e+02,3.853132379048764415e+04
1.677291666666666572e+02,4.441739843013491918e+04
1.677500000000000000e+02,3.858113930832277401e+04
1.677708333333333144e+02,3.217896052889773637e+04
1.677916666666666572e+02,3.857749188632546429e+04
1.678125000000000000e+02,4.498684259874781128e+04
1.678333333333333144e+02,3.858714171481785888e+04
1.678541666666666572e+02,3.218267338463951091e+04
1.678750000000000000e+02,3.938198096562966384e+04
1.678958333333333144e+02,4.499241380324143392e+04
1.679166666666666572e+02,3.786003625920061313e+04
1.679375000000000000e+02,3.219409382716090840e+04
1.679583333333333144e+02,3.858941336458374280e+04
1.679791666666666572e+02,4.487011718880703847e+04
1.680000000000000000e+02,3.790610412800838822e+04
1.680208333333333144e+02,3.219733250104789477e+04
1.680416666666666572e+02,3.962957462699936877e+04
1.680625000000000000e+02,4.444540785929239064e+04
1.680833333333333144e+02,3.838922942483384395e+04
1.681041666666666572e+02,3.220381822260813715e+04
1.681250000000000000e+02,3.859611135201276193e+04
1.681458333333333144e+02,4.499196329574763513e+04
1.681666666666666572e+02,3.858678625283615838e+04
1.681875000000000000e+02,3.218911649237855454e+04
1.682083333333333144e+02,3.946092463616930036e+04
1.682291666666666572e+02,4.499187515936216369e+04
1.682500000000000000e+02,3.830979765359379962e+04
1.682708333333333144e+02,3.219471224713334232e+04
1.682916666666666572e+02,3.859016457449240261e+04
1.683125000000000000e+02,4.499068113776387327e+04
1.683333333333333144e+02,3.756049583315358905e+04
1.683541666666666572e+02,3.219246730083434522e+04
1.683750000000000000e+02,3.894286336053038394e+04
1.683958333333333144e+02,4.397765246858377213e+04
1.684166666666666572e+02,3.804001513173675630e+04
1.684375000000000000e+02,3.220532848177704727e+04
1.684583333333333144e+02,3.859660024328435975e+04
1.684791666666666572e+02,4.499837638125642843e+04
1.685000000000000000e+02,3.859378113554055744e+04
1.685208333333333144e+02,3.230851832632151491e+04
1.685416666666666572e+02,3.859132413514835207e+04
1.685625000000000000e+02,4.498702630441098154e+04
1.685833333333333144e+02,3.858059332618188637e+04
1.686041666666666572e+02,3.254656453482029974e+04
1.686250000000000000e+02,4.014132533260080527e+04
1.686458333333333144e+02,4.499886336042064795e+04
1.686666666666666572e+02,3.775628188585366297e+04
1.686875000000000000e+02,3.221187653126139412e+04
1.687083333333333144e+02,3.860663769682055135e+04
