0.000000000000000000e+00,0.000000000000000000e+00
2.083333333333333218e-02,1.710534018468640716e+04
4.166666666666666435e-02,1.623603881418281162e+04
6.250000000000000000e-02,1.393105148991038368e+04
8.333333333333332871e-02,1.524881136741411683e+04
1.041666666666666574e-01,1.438128658724368870e+04
1.250000000000000000e-01,1.391359367089619991e+04
1.458333333333333148e-01,1.442356935131564023e+04
1.666666666666666574e-01,1.496491390505377785e+04
1.875000000000000000e-01,1.433901069026625191e+04
2.083333333333333148e-01,1.377847797663208985e+04
2.291666666666666574e-01,1.435788112162150355e+04
2.500000000000000000e-01,1.533311228306677731e+04
2.708333333333333148e-01,1.448320894270772260e+04
2.916666666666666297e-01,1.348367271790841187e+04
3.125000000000000000e-01,1.443806207989107133e+04
3.333333333333333148e-01,1.542721224014917243e+04
3.541666666666666297e-01,1.430524831593925410e+04
3.750000000000000000e-01,1.353765077419607405e+04
3.958333333333333148e-01,1.464359058738107342e+04
4.166666666666666297e-01,1.505769774066240643e+04
4.375000000000000000e-01,1.427481424583036278e+04
4.583333333333333148e-01,1.395671227843356246e+04
4.791666666666666297e-01,1.432583412603942634e+04
5.000000000000000000e-01,1.488000438056284838e+04
5.208333333333332593e-01,1.496256302918411893e+04
5.416666666666666297e-01,1.372421062363663441e+04
5.625000000000000000e-01,1.358386754047735303e+04
5.833333333333332593e-01,1.586241877951905553e+04
6.041666666666666297e-01,1.510769935404176431e+04
6.250000000000000000e-01,1.271519825353080159e+04
6.458333333333332593e-01,1.387756922337545257e+04
6.666666666666666297e-01,1.614756607911700485e+04
6.875000000000000000e-01,1.523247429968045253e+04
7.083333333333332593e-01,1.270814384706435521e+04
7.291666666666666297e-01,1.367166954939401330e+04
7.500000000000000000e-01,1.578861038945653854e+04
7.708333333333332593e-01,1.528656329312302114e+04
7.916666666666666297e-01,1.294409025069509153e+04
8.125000000000000000e-01,1.356859877020455315e+04
8.333333333333332593e-01,1.592806325782668500e+04
8.541666666666666297e-01,1.512560982974177023e+04
8.750000000000000000e-01,1.270901842605771526e+04
8.958333333333332593e-01,1.356777681226534332e+04
9.166666666666666297e-01,1.614625569986630944e+04
9.375000000000000000e-01,1.528668513474528663e+04
9.583333333333332593e-01,1.270780721338180228e+04
9.791666666666666297e-01,1.356706251283749589e+04
1.000000000000000000e+00,1.601651304155959224e+04
1.020833333333333259e+00,1.528673458575013137e+04
1.041666666666666519e+00,1.270844253273497088e+04
1.062500000000000000e+00,1.374238812824271008e+04
1.083333333333333259e+00,1.602264470600290224e+04
1.104166666666666519e+00,1.528770245249537766e+04
1.125000000000000000e+00,1.271007900176697513e+04
1.145833333333333259e+00,1.357055564264666100e+04
1.166666666666666519e+00,1.599621638778764463e+04
1.187500000000000000e+00,1.528806345792006687e+04
1.208333333333333259e+00,1.271029014771156289e+04
1.229166666666666519e+00,1.357108047606812033e+04
1.250000000000000000e+00,1.614854934930799573e+04
1.270833333333333259e+00,1.528717617108424383e+04
1.291666666666666519e+00,1.270867211290213891e+04
1.312500000000000000e+00,1.336453962865352514e+04
1.333333333333333259e+00,1.606366345269271187e+04
1.354166666666666519e+00,1.529019026963499709e+04
1.375000000000000000e+00,1.271130114933544974e+04
1.395833333333333259e+00,1.357172132352961489e+04
1.416666666666666519e+00,1.615044147497973609e+04
1.437500000000000000e+00,1.515899572112602254e+04
1.458333333333333259e+00,1.271168421170585862e+04
1.479166666666666519e+00,1.357102295779471024e+04
1.500000000000000000e+00,1.615035366110874384e+04
1.520833333333333259e+00,1.529060754394870673e+04
1.541666666666666519e+00,1.271097773933981080e+04
1.562500000000000000e+00,1.357030831546113041e+04
1.583333333333333259e+00,1.576240583427591628e+04
1.604166666666666519e+00,1.524453392642725885e+04
1.625000000000000000e+00,1.308032935306088621e+04
1.645833333333333259e+00,1.379753245010350656e+04
1.666666666666666519e+00,1.558792759752648635e+04
1.687500000000000000e+00,1.529383385027110489e+04
1.708333333333333259e+00,1.357463099238973518e+04
1.729166666666666519e+00,1.334330210532054843e+04
1.750000000000000000e+00,1.529223038360709324e+04
1.770833333333333259e+00,1.529019483481768111e+04
1.791666666666666519e+00,1.357251955967614049e+04
1.812500000000000000e+00,1.382758571872179891e+04
1.833333333333333259e+00,1.529148264339723391e+04
1.854166666666666519e+00,1.529038762334596686e+04
1.875000000000000000e+00,1.357349768341612435e+04
1.895833333333333259e+00,1.367633407298772727e+04
1.916666666666666519e+00,1.529474834317936256e+04
1.937500000000000000e+00,1.529170506863082483e+04
1.958333333333333259e+00,1.357389917321523171e+04
1.979166666666666519e+00,1.314852693800716588e+04
2.000000000000000000e+00,1.529224701127337539e+04
2.020833333333333037e+00,1.573560292395264696e+04
2.041666666666666519e+00,1.357574555338990831e+04
2.062500000000000000e+00,1.274981035972484824e+04
2.083333333333333037e+00,1.537043819021011223e+04
2.104166666666666519e+00,1.615016192479858364e+04
2.125000000000000000e+00,1.357301841242587034e+04
2.145833333333333037e+00,1.271339326184187303e+04
2.166666666666666519e+00,1.528914312420951683e+04
2.187500000000000000e+00,1.614781683757542123e+04
2.208333333333333037e+00,1.347107048668701464e+04
2.229166666666666519e+00,1.273644396755870912e+04
2.250000000000000000e+00,1.528930170329081011e+04
2.270833333333333037e+00,1.614843905503398491e+04
2.291666666666666519e+00,1.326220610274144565e+04
2.312500000000000000e+00,1.271467595874575272e+04
2.333333333333333037e+00,1.532426366342282927e+04
2.354166666666666519e+00,1.615041933255732511e+04
2.375000000000000000e+00,1.357326466783881551e+04
2.395833333333333037e+00,1.271331076593932812e+04
2.416666666666666519e+00,1.528987015222364062e+04
2.437500000000000000e+00,1.614881082978364066e+04
2.458333333333333037e+00,1.357123806686655007e+04
2.479166666666666519e+00,1.271177494327774548e+04
2.500000000000000000e+00,1.528941090771617746e+04
2.520833333333333037e+00,1.614899782601131301e+04
2.541666666666666519e+00,1.322343334640239482e+04
2.562500000000000000e+00,1.271242244804003712e+04
2.583333333333333037e+00,1.528779879372259165e+04
2.604166666666666519e+00,1.601481132191594588e+04
2.625000000000000000e+00,1.357489347009913035e+04
2.645833333333333037e+00,1.271448983264152412e+04
2.666666666666666519e+00,1.529370219181005450e+04
2.687500000000000000e+00,1.615316566043658531e+04
2.708333333333333037e+00,1.336364878055853478e+04
2.729166666666666519e+00,1.284947166892204768e+04
2.750000000000000000e+00,1.529308232147966919e+04
2.770833333333333037e+00,1.615189940076616767e+04
2.791666666666666519e+00,1.357347736797903781e+04
2.812500000000000000e+00,1.272870904701749532e+04
2.833333333333333037e+00,1.528968203204436941e+04
2.854166666666666519e+00,1.614908644205753808e+04
2.875000000000000000e+00,1.322552265188542151e+04
2.895833333333333037e+00,1.271490040666122150e+04
2.916666666666666519e+00,1.552792302852332068e+04
2.937500000000000000e+00,1.615160691160224451e+04
2.958333333333333037e+00,1.333236156638662214e+04
2.979166666666666519e+00,1.271672872539002128e+04
3.000000000000000000e+00,1.529105001598773379e+04
3.020833333333333037e+00,1.614942219480449785e+04
3.041666666666666519e+00,1.357401190463745297e+04
3.062500000000000000e+00,1.284585289367659789e+04
3.083333333333333037e+00,1.529142909850991055e+04
3.104166666666666519e+00,1.614998451211602151e+04
3.125000000000000000e+00,1.357492930058055208e+04
3.145833333333333037e+00,1.271583442954911152e+04
3.166666666666666519e+00,1.529091442438070226e+04
3.187500000000000000e+00,1.594885995614613785e+04
3.208333333333333037e+00,1.340346885579302398e+04
3.229166666666666519e+00,1.271532785610183055e+04
3.250000000000000000e+00,1.529187287159160769e+04
3.270833333333333037e+00,1.583770259101952979e+04
3.291666666666666519e+00,1.357502451224320976e+04
3.312500000000000000e+00,1.288573889416615566e+04
3.333333333333333037e+00,1.529399527207778010e+04
3.354166666666666519e+00,1.615256226875641732e+04
3.375000000000000000e+00,1.357266888767483397e+04
3.395833333333333037e+00,1.271185816236392930e+04
3.416666666666666519e+00,1.529042296650509161e+04
3.437500000000000000e+00,1.609623640325048473e+04
3.458333333333333037e+00,1.325063548794235612e+04
3.479166666666666519e+00,1.271282559847668745e+04
3.500000000000000000e+00,1.545673066646996085e+04
3.520833333333333037e+00,1.588138921506656334e+04
3.541666666666666519e+00,1.357601771081950938e+04
3.562500000000000000e+00,1.293897300235708462e+04
3.583333333333333037e+00,1.529615000596057507e+04
3.604166666666666519e+00,1.615462124847704399e+04
3.625000000000000000e+00,1.316690856496252309e+04
3.645833333333333037e+00,1.271528201197630915e+04
3.666666666666666519e+00,1.574939167468731830e+04
3.687500000000000000e+00,1.615434005959360366e+04
3.708333333333333037e+00,1.271497899175938801e+04
3.729166666666666519e+00,1.275431910993525162e+04
3.750000000000000000e+00,1.615082901177120584e+04
3.770833333333333037e+00,1.614988513534493177e+04
3.791666666666666519e+00,1.271285255405000862e+04
3.812500000000000000e+00,1.271176635075108425e+04
3.833333333333333037e+00,1.610597267801971611e+04
3.854166666666666519e+00,1.573472886747756638e+04
3.875000000000000000e+00,1.271618280512249839e+04
3.895833333333333037e+00,1.304463777063151065e+04
3.916666666666666519e+00,1.615305050835897418e+04
3.937500000000000000e+00,1.531711929216118733e+04
3.958333333333333037e+00,1.272028877110809844e+04
3.979166666666666519e+00,1.357621453610208482e+04
4.000000000000000000e+00,1.581061759377296403e+04
4.020833333333333037e+00,1.529406722085980800e+04
4.041666666666666075e+00,1.288923911945132568e+04
4.062500000000000000e+00,1.357438798862153999e+04
4.083333333333333037e+00,1.615041535280065000e+04
4.104166666666666075e+00,1.529006039290506305e+04
4.125000000000000000e+00,1.271228940495739516e+04
4.145833333333333037e+00,1.354357259617840100e+04
4.166666666666666075e+00,1.613038608585422480e+04
4.187500000000000000e+00,1.528802752095335018e+04
4.208333333333333037e+00,1.271433043752771118e+04
4.229166666666666075e+00,1.357412472662911387e+04
4.250000000000000000e+00,1.615094977433650638e+04
4.270833333333333037e+00,1.491769107635786713e+04
4.291666666666666075e+00,1.271333374985383489e+04
4.312500000000000000e+00,1.402282318118848343e+04
4.333333333333333037e+00,1.594236678029364703e+04
4.354166666666666075e+00,1.443555538008605799e+04
4.375000000000000000e+00,1.311783102747615339e+04
4.395833333333333037e+00,1.443768267493975509e+04
4.416666666666666075e+00,1.564631169802293516e+04
4.437500000000000000e+00,1.462723434173359055e+04
4.458333333333333037e+00,1.370799079138841626e+04
4.479166666666666075e+00,1.414358936610242381e+04
4.500000000000000000e+00,1.529398238007178952e+04
4.520833333333333037e+00,1.467284778380458010e+04
4.541666666666666075e+00,1.357623591500805196e+04
4.562500000000000000e+00,1.441629480399257955e+04
4.583333333333333037e+00,1.529007446670186982e+04
4.604166666666666075e+00,1.443109011254660072e+04
4.625000000000000000e+00,1.390425191438104957e+04
4.645833333333333037e+00,1.430848778128509730e+04
4.666666666666666075e+00,1.518038331911396745e+04
4.687500000000000000e+00,1.443482782182075243e+04
4.708333333333333037e+00,1.357620649291032532e+04
4.729166666666666075e+00,1.443320632572914838e+04
4.750000000000000000e+00,1.529009830992731440e+04
4.770833333333333037e+00,1.443149241103067470e+04
4.791666666666666075e+00,1.370409073905672631e+04
4.812500000000000000e+00,1.443132360189535393e+04
4.833333333333333037e+00,1.528967736972053899e+04
4.854166666666666075e+00,1.452907638351674905e+04
4.875000000000000000e+00,1.357616460987434402e+04
4.895833333333333037e+00,1.443227476103327353e+04
4.916666666666666075e+00,1.529089059327473660e+04
4.937500000000000000e+00,1.448117219243234285e+04
4.958333333333333037e+00,1.390306727955504539e+04
4.979166666666666075e+00,1.443324727289057410e+04
5.000000000000000000e+00,1.497835901659075898e+04
5.020833333333333037e+00,1.443516056030460459e+04
5.041666666666666075e+00,1.395224138966051760e+04
5.062500000000000000e+00,1.440889637118133032e+04
5.083333333333333037e+00,1.492594878919114490e+04
5.104166666666666075e+00,1.443401102182489194e+04
5.125000000000000000e+00,1.413828518178348531e+04
5.145833333333333037e+00,1.443526776131250153e+04
5.166666666666666075e+00,1.443255668984412478e+04
5.187500000000000000e+00,1.464123451584359282e+04
5.208333333333333037e+00,1.443461629095838725e+04
5.229166666666666075e+00,1.443372807202803233e+04
5.250000000000000000e+00,1.443189375160061900e+04
5.270833333333333037e+00,1.431698020026326412e+04
5.291666666666666075e+00,1.443475731892181648e+04
5.312500000000000000e+00,1.443283916898886309e+04
5.333333333333333037e+00,1.490431590607366525e+04
5.354166666666666075e+00,1.448380193699742449e+04
5.375000000000000000e+00,1.443324960756925066e+04
5.395833333333333037e+00,1.422567226248042425e+04
5.416666666666666075e+00,1.447815457724496446e+04
5.437500000000000000e+00,1.487787383299579960e+04
5.458333333333333037e+00,1.443650201852664031e+04
5.479166666666666075e+00,1.408909047506659772e+04
5.500000000000000000e+00,1.443705076073999226e+04
5.520833333333333037e+00,1.501522487094222379e+04
5.541666666666666075e+00,1.443426761309564972e+04
5.562500000000000000e+00,1.357306678605482375e+04
5.583333333333333037e+00,1.460311213826130916e+04
5.604166666666666075e+00,1.535387388420176649e+04
5.625000000000000000e+00,1.443135532042432169e+04
5.645833333333333037e+00,1.357188937988319958e+04
5.666666666666666075e+00,1.443295946657325476e+04
5.687500000000000000e+00,1.529129443591970266e+04
5.708333333333333037e+00,1.442935538302350687e+04
5.729166666666666075e+00,1.368427094083268457e+04
5.750000000000000000e+00,1.466450205831325729e+04
5.770833333333333037e+00,1.529324842373666615e+04
5.791666666666666075e+00,1.438183523406073436e+04
5.812500000000000000e+00,1.357390895605565674e+04
5.833333333333333037e+00,1.443336831453768900e+04
5.854166666666666075e+00,1.529130641138198553e+04
5.875000000000000000e+00,1.443110562861145809e+04
5.895833333333333037e+00,1.357182161231274949e+04
5.916666666666666075e+00,1.443041554017929593e+04
5.937500000000000000e+00,1.528900202938727671e+04
5.958333333333333037e+00,1.443065002776041365e+04
5.979166666666666075e+00,1.332581746590762123e+04
6.000000000000000000e+00,1.461827367955651061e+04
6.020833333333333037e+00,1.529234556433542821e+04
6.041666666666666075e+00,1.443439151386876256e+04
6.062500000000000000e+00,1.357537244605811065e+04
6.083333333333333037e+00,1.443274020144595124e+04
6.104166666666666075e+00,1.554310370468291512e+04
6.125000000000000000e+00,1.443317361862534017e+04
6.145833333333333037e+00,1.357340517860732507e+04
6.166666666666666075e+00,1.462815988277608267e+04
6.187500000000000000e+00,1.529062813879956229e+04
6.208333333333333037e+00,1.443112276931121232e+04
6.229166666666666075e+00,1.335772025777297677e+04
6.250000000000000000e+00,1.443282591314068122e+04
6.270833333333333037e+00,1.529034665719622353e+04
6.291666666666666075e+00,1.443118342161586042e+04
6.312500000000000000e+00,1.357257517931323309e+04
6.333333333333333037e+00,1.470279829810122465e+04
6.354166666666666075e+00,1.561504690880264752e+04
6.375000000000000000e+00,1.443373423994769109e+04
6.395833333333333037e+00,1.323770074232112893e+04
6.416666666666666075e+00,1.443616909437995128e+04
6.437500000000000000e+00,1.569216734902673852e+04
6.458333333333333037e+00,1.443459467021347882e+04
6.479166666666666075e+00,1.301121340189082912e+04
6.500000000000000000e+00,1.443436138771146216e+04
6.520833333333333037e+00,1.615167424820710221e+04
6.541666666666666075e+00,1.428177060158783934e+04
6.562500000000000000e+00,1.271473183673442327e+04
6.583333333333333037e+00,1.443167681793982410e+04
6.604166666666666075e+00,1.615164386252392796e+04
6.625000000000000000e+00,1.411668771437189935e+04
6.645833333333333037e+00,1.271492888666055296e+04
6.666666666666666075e+00,1.468584283898337890e+04
6.687500000000000000e+00,1.608835546948140473e+04
6.708333333333333037e+00,1.440863360679620746e+04
6.729166666666666075e+00,1.271447186299845634e+04
6.750000000000000000e+00,1.443056538856125917e+04
6.770833333333333037e+00,1.598524693043270963e+04
6.791666666666666075e+00,1.433595932137738055e+04
6.812500000000000000e+00,1.271537966194961336e+04
6.833333333333333037e+00,1.443158722083171597e+04
6.854166666666666075e+00,1.615174981039150225e+04
6.875000000000000000e+00,1.443293540845592361e+04
6.895833333333333037e+00,1.271317388956024661e+04
6.916666666666666075e+00,1.443056650462553080e+04
6.937500000000000000e+00,1.614967205969075803e+04
6.958333333333333037e+00,1.443059628504487409e+04
6.979166666666666075e+00,1.271297058400242167e+04
7.000000000000000000e+00,1.459943396963541454e+04
7.020833333333333037e+00,1.612382971866769367e+04
7.041666666666666075e+00,1.443140505252855655e+04
7.062500000000000000e+00,1.271561674061511076e+04
7.083333333333333037e+00,1.460783698054177148e+04
7.104166666666666075e+00,1.593247799296603989e+04
7.125000000000000000e+00,1.443615549170195300e+04
7.145833333333333037e+00,1.271870481480972012e+04
7.166666666666666075e+00,1.443564248276013313e+04
7.187500000000000000e+00,1.615157958218261047e+04
7.208333333333333037e+00,1.412024712239609289e+04
7.229166666666666075e+00,1.271614704720656664e+04
7.250000000000000000e+00,1.462792957660933098e+04
7.270833333333333037e+00,1.615293335404372920e+04
7.291666666666666075e+00,1.441927349699542174e+04
7.312500000000000000e+00,1.271340003880967197e+04
7.333333333333333037e+00,1.443004055050592069e+04
7.354166666666666075e+00,1.615010907325397056e+04
7.375000000000000000e+00,1.399787677417454324e+04
7.395833333333333037e+00,1.271495599225827391e+04
7.416666666666666075e+00,1.456514399683357988e+04
7.437500000000000000e+00,1.615451821455918980e+04
7.458333333333333037e+00,1.443527873318420825e+04
7.479166666666666075e+00,1.271388507071714412e+04
7.500000000000000000e+00,1.443055679891205000e+04
7.520833333333333037e+00,1.615107884078500138e+04
7.541666666666666075e+00,1.443239228630431535e+04
7.562500000000000000e+00,1.271264716320240041e+04
7.583333333333333037e+00,1.443009454664713849e+04
7.604166666666666075e+00,1.581261851673764613e+04
7.625000000000000000e+00,1.443647873748915299e+04
7.645833333333333037e+00,1.271662542459734323e+04
7.666666666666666075e+00,1.473661039833653558e+04
7.687500000000000000e+00,1.615210190394430538e+04
7.708333333333333037e+00,1.416617733192594824e+04
7.729166666666666075e+00,1.292480408082958456e+04
7.750000000000000000e+00,1.475543231733520588e+04
7.770833333333333037e+00,1.615563937536378944e+04
7.791666666666666075e+00,1.443430526948030092e+04
7.812500000000000000e+00,1.271827079017294818e+04
7.833333333333333037e+00,1.443596834342355214e+04
7.854166666666666075e+00,1.602051121014004821e+04
7.875000000000000000e+00,1.443442555504208940e+04
7.895833333333333037e+00,1.271602719230898219e+04
7.916666666666666075e+00,1.443272003970828519e+04
7.937500000000000000e+00,1.614326538595700185e+04
7.958333333333333037e+00,1.388802739554397340e+04
7.979166666666666075e+00,1.271635830360113323e+04
8.000000000000000000e+00,1.451658443306529443e+04
8.020833333333332149e+00,1.589371843152170550e+04
8.041666666666666075e+00,1.443920946704331800e+04
8.062500000000000000e+00,1.271735350486204334e+04
8.083333333333332149e+00,1.465999006424153777e+04
8.104166666666666075e+00,1.615295535155806647e+04
8.125000000000000000e+00,1.443257118725703549e+04
8.145833333333332149e+00,1.271353807259751920e+04
8.166666666666666075e+00,1.443070580108566719e+04
8.187500000000000000e+00,1.614907531164161992e+04
8.208333333333332149e+00,1.440328448071782623e+04
8.229166666666666075e+00,1.275587986962290597e+04
8.250000000000000000e+00,1.443050212541874134e+04
8.270833333333332149e+00,1.614910519066877168e+04
8.291666666666666075e+00,1.436526724624026974e+04
8.312500000000000000e+00,1.271242138285281180e+04
8.333333333333332149e+00,1.446505007649715844e+04
8.354166666666666075e+00,1.614949916149097771e+04
8.375000000000000000e+00,1.443056827718549903e+04
8.395833333333332149e+00,1.271273122630692524e+04
8.416666666666666075e+00,1.443082525394374898e+04
8.437500000000000000e+00,1.614602751981428446e+04
8.458333333333332149e+00,1.443020539761408145e+04
8.479166666666666075e+00,1.271295339157833951e+04
8.500000000000000000e+00,1.443576515994858710e+04
8.520833333333332149e+00,1.577155280171152117e+04
8.541666666666666075e+00,1.443786432146413063e+04
8.562500000000000000e+00,1.282498347548508900e+04
8.583333333333332149e+00,1.443771145267487736e+04
8.604166666666666075e+00,1.615273225455359716e+04
8.625000000000000000e+00,1.443184002575154227e+04
8.645833333333332149e+00,1.271500207089186733e+04
8.666666666666666075e+00,1.444767048443183012e+04
8.687500000000000000e+00,1.614912940018795780e+04
8.708333333333332149e+00,1.442894079917707131e+04
8.729166666666666075e+00,1.275639686085768335e+04
8.750000000000000000e+00,1.466331412639964401e+04
8.770833333333332149e+00,1.615147674765521515e+04
8.791666666666666075e+00,1.442883144609465307e+04
8.812500000000000000e+00,1.271635257815648220e+04
8.833333333333332149e+00,1.443400641779313082e+04
8.854166666666666075e+00,1.611867297865908768e+04
8.875000000000000000e+00,1.384377333367969550e+04
8.895833333333332149e+00,1.271784128389900798e+04
8.916666666666666075e+00,1.458326003343811681e+04
8.937500000000000000e+00,1.615499276155069674e+04
8.958333333333332149e+00,1.443451628210117997e+04
8.979166666666666075e+00,1.271418618200494166e+04
9.000000000000000000e+00,1.456024627177262300e+04
9.020833333333332149e+00,1.585997565589870646e+04
9.041666666666666075e+00,1.443797615494317506e+04
9.062500000000000000e+00,1.271703527654960271e+04
9.083333333333332149e+00,1.443321212818366985e+04
9.104166666666666075e+00,1.615149621826070506e+04
9.125000000000000000e+00,1.443210755762846748e+04
9.145833333333332149e+00,1.271310091580244261e+04
9.166666666666666075e+00,1.443054704038229465e+04
9.187500000000000000e+00,1.614952578515992718e+04
9.208333333333332149e+00,1.443063951349968556e+04
9.229166666666666075e+00,1.271221558973648280e+04
9.250000000000000000e+00,1.442999790576456508e+04
9.270833333333332149e+00,1.614880249894313602e+04
9.291666666666666075e+00,1.440333082262477910e+04
9.312500000000000000e+00,1.271235556760749023e+04
9.333333333333332149e+00,1.473126627950640614e+04
9.354166666666666075e+00,1.615203616090885043e+04
9.375000000000000000e+00,1.396506571580708260e+04
9.395833333333332149e+00,1.271929622963229849e+04
9.416666666666666075e+00,1.449977725389516854e+04
9.437500000000000000e+00,1.615418627732391542e+04
9.458333333333332149e+00,1.443415323604469449e+04
9.479166666666666075e+00,1.271604153679506635e+04
9.500000000000000000e+00,1.458862282811224577e+04
9.520833333333332149e+00,1.603776966257044114e+04
9.541666666666666075e+00,1.443405514031794883e+04
9.562500000000000000e+00,1.271636291696354965e+04
9.583333333333332149e+00,1.443389539380793576e+04
9.604166666666666075e+00,1.612106837391548470e+04
9.625000000000000000e+00,1.443075265749469690e+04
9.645833333333332149e+00,1.271415717363842123e+04
9.666666666666666075e+00,1.443238122732526972e+04
9.687500000000000000e+00,1.592458887332085214e+04
9.708333333333332149e+00,1.443373246295780700e+04
9.729166666666666075e+00,1.277506650589901255e+04
9.750000000000000000e+00,1.459739293090859428e+04
9.770833333333332149e+00,1.615272013435403278e+04
9.791666666666666075e+00,1.407989788256018437e+04
9.812500000000000000e+00,1.271931190725307897e+04
9.833333333333332149e+00,1.481242749504524545e+04
9.854166666666666075e+00,1.614318498979943615e+04
9.875000000000000000e+00,1.352021933666940095e+04
9.895833333333332149e+00,1.272069851780696627e+04
9.916666666666666075e+00,1.563425850715802153e+04
9.937500000000000000e+00,1.596671406708637733e+04
9.958333333333332149e+00,1.289707276304070183e+04
9.979166666666666075e+00,1.271632486406360840e+04
1.000000000000000000e+01,1.615336608960360172e+04
1.002083333333333215e+01,1.615220812741707414e+04
1.004166666666666607e+01,1.271290828296843756e+04
1.006250000000000000e+01,1.271059976809983709e+04
1.008333333333333215e+01,1.574708215893173474e+04
1.010416666666666607e+01,1.615345382947587132e+04
1.012500000000000000e+01,1.271374579283313142e+04
1.014583333333333215e+01,1.271189444587814796e+04
1.016666666666666607e+01,1.604597199796260975e+04
1.018750000000000000e+01,1.591605826793034066e+04
1.020833333333333215e+01,1.271547315882422845e+04
1.022916666666666607e+01,1.277032909296422076e+04
1.025000000000000000e+01,1.615267372951242942e+04
1.027083333333333215e+01,1.610369479685766782e+04
1.029166666666666607e+01,1.271462664375771055e+04
1.031250000000000000e+01,1.271292174069466273e+04
1.033333333333333215e+01,1.614970100817664934e+04
1.035416666666666607e+01,1.585768992802359571e+04
1.037500000000000000e+01,1.271803040556076667e+04
1.039583333333333215e+01,1.271486027390672825e+04
1.041666666666666607e+01,1.594630404797864685e+04
1.043750000000000000e+01,1.605631089052984680e+04
1.045833333333333215e+01,1.271470830579175890e+04
1.047916666666666607e+01,1.275369412793078300e+04
1.050000000000000000e+01,1.593047013338190300e+04
1.052083333333333215e+01,1.607966646532194500e+04
1.054166666666666607e+01,1.271441019214555126e+04
1.056250000000000000e+01,1.271233668641262921e+04
1.058333333333333215e+01,1.615068663194616238e+04
1.060416666666666607e+01,1.606196904221631485e+04
1.062500000000000000e+01,1.271240220344965564e+04
1.064583333333333215e+01,1.271040964829561563e+04
1.066666666666666607e+01,1.614954678602458807e+04
1.068750000000000000e+01,1.552108544958727362e+04
1.070833333333333215e+01,1.271582709646935837e+04
1.072916666666666607e+01,1.310699131172256239e+04
1.075000000000000000e+01,1.615588692703120978e+04
1.077083333333333215e+01,1.578480464333192867e+04
1.079166666666666607e+01,1.271686128981876755e+04
1.081250000000000000e+01,1.304143037163557165e+04
1.083333333333333215e+01,1.615352969760536143e+04
1.085416666666666607e+01,1.547690667645796930e+04
1.087500000000000000e+01,1.271974034810201920e+04
1.089583333333333215e+01,1.357614401782164714e+04
1.091666666666666607e+01,1.574939198833976116e+04
1.093750000000000000e+01,1.529334222409130598e+04
1.095833333333333215e+01,1.315880563406768852e+04
1.097916666666666607e+01,1.357557328445633902e+04
1.100000000000000000e+01,1.529174770921052550e+04
1.102083333333333215e+01,1.538791779897723245e+04
1.104166666666666607e+01,1.357304148949103546e+04
1.106250000000000000e+01,1.413517594082928554e+04
1.108333333333333215e+01,1.529574880380772811e+04
1.110416666666666607e+01,1.483247009989361686e+04
1.112500000000000000e+01,1.357748801699915566e+04
1.114583333333333215e+01,1.443382400309588775e+04
1.116666666666666607e+01,1.526346391681203750e+04
1.118750000000000000e+01,1.443314631138284676e+04
1.120833333333333215e+01,1.357350006760924589e+04
1.122916666666666607e+01,1.432897435459230473e+04
1.125000000000000000e+01,1.529067227293872202e+04
1.127083333333333215e+01,1.443071391810725618e+04
1.129166666666666607e+01,1.357224297618833589e+04
1.131250000000000000e+01,1.443172940098883919e+04
1.133333333333333215e+01,1.528967460714101981e+04
1.135416666666666607e+01,1.442985515584692257e+04
1.137500000000000000e+01,1.373541052971172758e+04
1.139583333333333215e+01,1.443245227024135966e+04
1.141666666666666607e+01,1.528998098010781905e+04
1.143750000000000000e+01,1.443048823703789094e+04
1.145833333333333215e+01,1.357200891737520578e+04
1.147916666666666607e+01,1.443040426441943782e+04
1.150000000000000000e+01,1.528821371026364795e+04
1.152083333333333215e+01,1.476385723441999289e+04
1.154166666666666607e+01,1.357428337803056274e+04
1.156250000000000000e+01,1.454003587024849185e+04
1.158333333333333215e+01,1.529269839559646061e+04
1.160416666666666607e+01,1.443390159269525975e+04
1.162500000000000000e+01,1.357355433370276660e+04
1.164583333333333215e+01,1.443066396872690530e+04
1.166666666666666607e+01,1.528997474061937828e+04
1.168750000000000000e+01,1.450672880432408419e+04
1.170833333333333215e+01,1.357198631160797231e+04
1.172916666666666607e+01,1.442928687576578523e+04
1.175000000000000000e+01,1.528938587317206475e+04
1.177083333333333215e+01,1.470720853346958029e+04
1.179166666666666607e+01,1.357400383130800401e+04
1.181250000000000000e+01,1.443059701762031182e+04
1.183333333333333215e+01,1.529116692417705053e+04
1.185416666666666607e+01,1.443397023710051508e+04
1.187500000000000000e+01,1.357282821368308578e+04
1.189583333333333215e+01,1.442959565787879910e+04
1.191666666666666607e+01,1.528988933806280329e+04
1.193750000000000000e+01,1.443250904267766600e+04
1.195833333333333215e+01,1.395530988871725640e+04
1.197916666666666607e+01,1.443157915572202546e+04
1.200000000000000000e+01,1.489968940968871175e+04
1.202083333333333215e+01,1.430890244253372293e+04
1.204166666666666607e+01,1.430376749989678865e+04
1.206250000000000000e+01,1.437183269188416671e+04
1.208333333333333215e+01,1.445019097320747096e+04
1.210416666666666607e+01,1.478506612588473581e+04
1.212500000000000000e+01,1.443451518312625922e+04
1.214583333333333215e+01,1.405848763383585901e+04
1.216666666666666607e+01,1.443553212154719222e+04
1.218750000000000000e+01,1.510960842882898214e+04
1.220833333333333215e+01,1.443462719655300316e+04
1.222916666666666607e+01,1.357361775693424352e+04
1.225000000000000000e+01,1.443227184395146105e+04
1.227083333333333215e+01,1.533940295433818392e+04
1.229166666666666607e+01,1.443105452647983839e+04
1.231250000000000000e+01,1.357092537608651037e+04
1.233333333333333215e+01,1.468984643168992625e+04
1.235416666666666607e+01,1.529230461563474819e+04
1.237500000000000000e+01,1.443105467961069371e+04
1.239583333333333215e+01,1.357087559096936820e+04
1.241666666666666607e+01,1.443112311407287780e+04
1.243750000000000000e+01,1.531566838980477769e+04
1.245833333333333215e+01,1.443051955126363828e+04
1.247916666666666607e+01,1.357005160111107762e+04
1.250000000000000000e+01,1.443103778787380361e+04
1.252083333333333215e+01,1.530614267807700526e+04
1.254166666666666607e+01,1.443028983340760169e+04
1.256250000000000000e+01,1.361914794118641294e+04
1.258333333333333215e+01,1.478357346020529076e+04
1.260416666666666607e+01,1.529378896246996010e+04
1.262500000000000000e+01,1.416487636408252001e+04
1.264583333333333215e+01,1.357392668109682563e+04
1.266666666666666607e+01,1.475980909927608445e+04
1.268750000000000000e+01,1.529483624961257010e+04
1.270833333333333215e+01,1.433947972213451067e+04
1.272916666666666607e+01,1.357374820345680564e+04
1.275000000000000000e+01,1.443311938106573507e+04
1.277083333333333215e+01,1.529149207509603002e+04
1.279166666666666607e+01,1.443099385640831315e+04
1.281250000000000000e+01,1.367878900977636658e+04
1.283333333333333215e+01,1.468362693984431826e+04
1.285416666666666607e+01,1.529207861212820717e+04
1.287500000000000000e+01,1.436368935066528502e+04
1.289583333333333215e+01,1.335614274948188176e+04
1.291666666666666607e+01,1.443414514730019437e+04
1.293750000000000000e+01,1.533416788503346470e+04
1.295833333333333215e+01,1.443479900061208536e+04
1.297916666666666607e+01,1.357543007823180596e+04
1.300000000000000000e+01,1.443262821055365202e+04
1.302083333333333215e+01,1.542969170098801987e+04
1.304166666666666607e+01,1.443273780103111494e+04
1.306250000000000000e+01,1.357310033303925593e+04
1.308333333333333215e+01,1.471452360921839863e+04
1.310416666666666607e+01,1.529176980496878605e+04
1.312500000000000000e+01,1.443170066449172737e+04
1.314583333333333215e+01,1.357273262088287811e+04
1.316666666666666607e+01,1.443183582159621801e+04
1.318750000000000000e+01,1.529044466207285586e+04
1.320833333333333215e+01,1.443030993848445360e+04
1.322916666666666607e+01,1.357067298330439371e+04
1.325000000000000000e+01,1.443083662053221269e+04
1.327083333333333215e+01,1.530868469202846245e+04
1.329166666666666607e+01,1.442976532225237315e+04
1.331250000000000000e+01,1.357002472173537535e+04
1.333333333333333215e+01,1.468888563666141272e+04
1.335416666666666607e+01,1.544434483715520400e+04
1.337500000000000000e+01,1.443271444769358641e+04
1.339583333333333215e+01,1.357338554680051675e+04
1.341666666666666607e+01,1.443451582168132154e+04
1.343750000000000000e+01,1.529331995627493234e+04
1.345833333333333215e+01,1.443199551835382226e+04
1.347916666666666607e+01,1.353056552185457622e+04
1.350000000000000000e+01,1.443222938380923733e+04
1.352083333333333215e+01,1.529019880845545413e+04
1.354166666666666607e+01,1.443025442969359938e+04
1.356250000000000000e+01,1.344815884229404037e+04
1.358333333333333215e+01,1.459338390121709745e+04
1.360416666666666607e+01,1.545731664500617990e+04
1.362500000000000000e+01,1.443564264717009064e+04
1.364583333333333215e+01,1.357643712530636913e+04
1.366666666666666607e+01,1.443330687534630124e+04
1.368750000000000000e+01,1.529054514902312803e+04
1.370833333333333215e+01,1.443210205270882216e+04
1.372916666666666607e+01,1.357309987913500663e+04
1.375000000000000000e+01,1.443029467690483216e+04
1.377083333333333215e+01,1.528894648419858277e+04
1.379166666666666607e+01,1.443152789501332882e+04
1.381250000000000000e+01,1.357270575670776816e+04
1.383333333333333215e+01,1.442994736090428341e+04
1.385416666666666607e+01,1.528833539812808885e+04
1.387500000000000000e+01,1.443069293267082685e+04
1.389583333333333215e+01,1.386815126617970236e+04
1.391666666666666607e+01,1.443280856300062806e+04
1.393750000000000000e+01,1.528970294031717640e+04
1.395833333333333215e+01,1.443181157838580475e+04
1.397916666666666607e+01,1.357424110327982999e+04
1.400000000000000000e+01,1.443185510106257061e+04
1.402083333333333215e+01,1.528892875358401216e+04
1.404166666666666607e+01,1.443016487127907385e+04
1.406250000000000000e+01,1.363222353559871772e+04
1.408333333333333215e+01,1.472289768208640817e+04
1.410416666666666607e+01,1.529190701327346687e+04
1.412500000000000000e+01,1.433143773620833599e+04
1.414583333333333215e+01,1.357512977432713160e+04
1.416666666666666607e+01,1.443395276172623198e+04
1.418750000000000000e+01,1.529156912742554778e+04
1.420833333333333215e+01,1.443025032029247450e+04
1.422916666666666607e+01,1.357069183184521535e+04
1.425000000000000000e+01,1.447654389308330792e+04
1.427083333333333215e+01,1.559870600953402754e+04
1.429166666666666607e+01,1.443255029600173293e+04
1.431250000000000000e+01,1.328991136083325546e+04
1.433333333333333215e+01,1.466777191985887475e+04
1.435416666666666607e+01,1.559405023153444199e+04
1.437500000000000000e+01,1.443628292994732692e+04
1.439583333333333215e+01,1.328681908865094738e+04
1.441666666666666607e+01,1.443853421570160572e+04
1.443750000000000000e+01,1.548840695883520675e+04
1.445833333333333215e+01,1.435104180498842834e+04
1.447916666666666607e+01,1.357428634469292592e+04
1.450000000000000000e+01,1.443312692493497161e+04
1.452083333333333215e+01,1.529269740684476710e+04
1.454166666666666607e+01,1.441051941432218518e+04
1.456250000000000000e+01,1.325302477042768078e+04
1.458333333333333215e+01,1.445638173898508467e+04
1.460416666666666607e+01,1.554271065114258818e+04
1.462500000000000000e+01,1.443558786432782290e+04
1.464583333333333215e+01,1.359348168258051373e+04
1.466666666666666607e+01,1.476469102285251211e+04
1.468750000000000000e+01,1.529297126847728941e+04
1.470833333333333215e+01,1.409493318229437864e+04
1.472916666666666607e+01,1.349096734523342093e+04
1.475000000000000000e+01,1.508246128069856422e+04
1.477083333333333215e+01,1.529268781618651337e+04
1.479166666666666607e+01,1.357590400126298118e+04
1.481250000000000000e+01,1.339999587526240794e+04
1.483333333333333215e+01,1.529216242394596338e+04
1.485416666666666607e+01,1.528995374873149194e+04
1.487500000000000000e+01,1.367722917779891213e+04
1.489583333333333215e+01,1.405637009552925883e+04
1.491666666666666607e+01,1.529750979068043307e+04
1.493750000000000000e+01,1.513393540412237053e+04
1.495833333333333215e+01,1.357845431039219329e+04
1.497916666666666607e+01,1.356071063694872282e+04
1.500000000000000000e+01,1.529115453896286999e+04
1.502083333333333215e+01,1.528798665430080291e+04
1.504166666666666607e+01,1.354740233167698898e+04
1.506250000000000000e+01,1.364983092689766636e+04
1.508333333333333215e+01,1.529441733893624405e+04
1.510416666666666607e+01,1.515123917792993598e+04
1.512500000000000000e+01,1.357854211093550839e+04
1.514583333333333215e+01,1.363320765977416522e+04
1.516666666666666607e+01,1.529270816377154188e+04
1.518750000000000000e+01,1.529036338438049643e+04
1.520833333333333215e+01,1.357236980922056682e+04
1.522916666666666607e+01,1.393862715911800478e+04
1.525000000000000000e+01,1.529268908440806990e+04
1.527083333333333215e+01,1.492725382181770692e+04
1.529166666666666607e+01,1.357544398624916357e+04
1.531250000000000000e+01,1.422414257019547586e+04
1.533333333333333215e+01,1.529379763084557999e+04
1.535416666666666607e+01,1.443361860121905192e+04
1.537500000000000000e+01,1.357280631260061273e+04
1.539583333333333215e+01,1.448851912035474379e+04
1.541666666666666607e+01,1.529152667729703535e+04
1.543750000000000000e+01,1.443152914771343421e+04
1.545833333333333215e+01,1.384720061929045187e+04
1.547916666666666607e+01,1.426617519960153368e+04
1.550000000000000000e+01,1.529200542627250252e+04
1.552083333333333215e+01,1.443204434981589657e+04
1.554166666666666607e+01,1.357286212484271528e+04
1.556250000000000000e+01,1.443184475036824369e+04
1.558333333333333215e+01,1.529030832413157623e+04
1.560416666666666607e+01,1.443024742787980722e+04
1.562500000000000000e+01,1.357087515927424465e+04
1.564583333333333215e+01,1.443056445071540293e+04
1.566666666666666607e+01,1.529008951921213520e+04
1.568750000000000000e+01,1.447370664011572444e+04
1.570833333333333215e+01,1.376026677736478086e+04
1.572916666666666607e+01,1.443112080544948185e+04
1.575000000000000000e+01,1.529084009129791957e+04
1.577083333333333215e+01,1.456397779684269699e+04
1.579166666666666607e+01,1.357256837735276349e+04
1.581250000000000000e+01,1.443037937316480020e+04
1.583333333333333215e+01,1.529066954075990725e+04
1.585416666666666607e+01,1.460214358184748926e+04
1.587500000000000000e+01,1.373786730639054076e+04
1.589583333333333215e+01,1.443301754921648535e+04
1.591666666666666607e+01,1.529220784308574002e+04
1.593750000000000000e+01,1.443419856210567741e+04
1.595833333333333215e+01,1.357452221484870824e+04
1.597916666666666607e+01,1.423339527126599569e+04
1.600000000000000000e+01,1.529151109900668598e+04
1.602083333333333215e+01,1.443234854740261653e+04
1.604166666666666430e+01,1.357380965009448119e+04
1.606250000000000000e+01,1.443188757452744176e+04
1.608333333333333215e+01,1.528947132458621127e+04
1.610416666666666430e+01,1.443060599705763889e+04
1.612500000000000000e+01,1.380381818339592064e+04
1.614583333333333215e+01,1.443219215029428597e+04
1.616666666666666430e+01,1.529035287768343187e+04
1.618750000000000000e+01,1.445901810229381590e+04
1.620833333333333215e+01,1.357235012235896284e+04
1.622916666666666430e+01,1.443023538701712096e+04
1.625000000000000000e+01,1.528969002616155558e+04
1.627083333333333215e+01,1.451319070173278669e+04
1.629166666666666430e+01,1.357348127754635061e+04
1.631250000000000000e+01,1.443118674208811717e+04
1.633333333333333215e+01,1.529091824213770087e+04
1.635416666666666430e+01,1.449342655185381955e+04
1.637500000000000000e+01,1.390379314068408348e+04
1.639583333333333215e+01,1.443282730598139460e+04
1.641666666666666430e+01,1.501074116487275023e+04
1.643750000000000000e+01,1.443502645723466776e+04
1.645833333333333215e+01,1.389300885337579166e+04
1.647916666666666430e+01,1.443386136620425532e+04
1.650000000000000000e+01,1.520562578128859604e+04
1.652083333333333215e+01,1.443283306769328919e+04
1.654166666666666430e+01,1.357307245119785148e+04
1.656250000000000000e+01,1.443180030573303884e+04
1.658333333333333215e+01,1.528958567766188935e+04
1.660416666666666430e+01,1.437165677289407176e+04
1.662500000000000000e+01,1.357305967961790884e+04
1.664583333333333215e+01,1.420587244057199132e+04
1.666666666666666430e+01,1.529083287953678519e+04
1.668750000000000000e+01,1.470932843943222178e+04
1.670833333333333215e+01,1.357703690246353653e+04
1.672916666666666430e+01,1.443436396592297024e+04
1.675000000000000000e+01,1.529138609759293104e+04
1.677083333333333215e+01,1.465215626594906644e+04
1.679166666666666430e+01,1.357526507739183580e+04
1.681250000000000000e+01,1.443201004382249812e+04
1.683333333333333215e+01,1.528980716955824755e+04
1.685416666666666430e+01,1.443130611795190998e+04
1.687500000000000000e+01,1.396435894742611345e+04
1.689583333333333215e+01,1.443283624761737155e+04
1.691666666666666430e+01,1.487084774741510773e+04
1.693750000000000000e+01,1.443458567335094631e+04
1.695833333333333215e+01,1.440776722782059369e+04
1.697916666666666430e+01,1.420920047348137086e+04
1.700000000000000000e+01,1.443401020144878566e+04
1.702083333333333215e+01,1.456234239239846647e+04
1.704166666666666430e+01,1.443289718601763889e+04
1.706250000000000000e+01,1.443101085852192045e+04
1.708333333333333215e+01,1.448188750762639756e+04
1.710416666666666430e+01,1.476579200485117690e+04
1.712500000000000000e+01,1.443414150934691497e+04
1.714583333333333215e+01,1.404187140557695966e+04
1.716666666666666430e+01,1.446375758287369172e+04
1.718750000000000000e+01,1.554699287652391649e+04
1.720833333333333215e+01,1.421138271331326177e+04
1.722916666666666430e+01,1.307202977108788400e+04
1.725000000000000000e+01,1.456489010448703993e+04
1.727083333333333215e+01,1.615355968612666038e+04
1.729166666666666430e+01,1.402319245444286935e+04
1.731250000000000000e+01,1.271719506649195318e+04
1.733333333333333215e+01,1.499145234513152536e+04
1.735416666666666430e+01,1.599910685150739300e+04
1.737500000000000000e+01,1.357672472261404619e+04
1.739583333333333215e+01,1.271551251012054126e+04
1.741666666666666430e+01,1.529158523316599531e+04
1.743750000000000000e+01,1.579322490063087753e+04
1.745833333333333215e+01,1.357528442269259904e+04
1.747916666666666430e+01,1.279192628564608094e+04
1.750000000000000000e+01,1.529118393829391789e+04
1.752083333333333215e+01,1.615091890472480009e+04
1.754166666666666430e+01,1.357376628695677573e+04
1.756250000000000000e+01,1.298711202869638146e+04
1.758333333333333215e+01,1.529415804619320625e+04
1.760416666666666430e+01,1.615226829652356901e+04
1.762500000000000000e+01,1.335112901760501336e+04
1.764583333333333215e+01,1.271559516799090125e+04
1.766666666666666430e+01,1.529067665590552133e+04
1.768750000000000000e+01,1.593137146568666867e+04
1.770833333333333215e+01,1.357880623326091882e+04
1.772916666666666430e+01,1.277925834883194693e+04
1.775000000000000000e+01,1.529156344290520792e+04
1.777083333333333215e+01,1.615014903014167066e+04
1.779166666666666430e+01,1.357413703275056469e+04
1.781250000000000000e+01,1.271388551113794165e+04
1.783333333333333215e+01,1.528868049408035949e+04
1.785416666666666430e+01,1.601681164991006517e+04
1.787500000000000000e+01,1.336829589261727597e+04
1.789583333333333215e+01,1.288659454318776989e+04
1.791666666666666430e+01,1.529468024634672838e+04
1.793750000000000000e+01,1.615284301789735036e+04
1.795833333333333215e+01,1.357465310301545469e+04
1.797916666666666430e+01,1.271423085370430272e+04
1.800000000000000000e+01,1.529100125409674365e+04
1.802083333333333215e+01,1.614929253377663917e+04
1.804166666666666430e+01,1.357048789406623109e+04
1.806250000000000000e+01,1.271175315994178527e+04
1.808333333333333215e+01,1.521212889581574200e+04
1.810416666666666430e+01,1.595565567632324382e+04
1.812500000000000000e+01,1.357305932835272324e+04
1.814583333333333215e+01,1.272134975607627348e+04
1.816666666666666430e+01,1.529490726717063080e+04
1.818750000000000000e+01,1.605683373551177647e+04
1.820833333333333215e+01,1.320837840989318283e+04
1.822916666666666430e+01,1.297062195800445625e+04
1.825000000000000000e+01,1.554964007889531786e+04
1.827083333333333215e+01,1.608553345293849634e+04
1.829166666666666430e+01,1.325203286891380412e+04
1.831250000000000000e+01,1.271635819939207795e+04
1.833333333333333215e+01,1.533407879338339990e+04
1.835416666666666430e+01,1.615151789540996469e+04
1.837500000000000000e+01,1.357190671838081471e+04
1.839583333333333215e+01,1.271153905269480674e+04
1.841666666666666430e+01,1.528980514450235569e+04
1.843750000000000000e+01,1.595045127506311837e+04
1.845833333333333215e+01,1.347868636237904138e+04
1.847916666666666430e+01,1.271297693430553772e+04
1.850000000000000000e+01,1.529091266330191502e+04
1.852083333333333215e+01,1.615091454765860544e+04
1.854166666666666430e+01,1.313337333477171342e+04
1.856250000000000000e+01,1.285708463386694348e+04
1.858333333333333215e+01,1.587197146922859247e+04
1.860416666666666430e+01,1.615395705053595884e+04
1.862500000000000000e+01,1.271549656212852642e+04
1.864583333333333215e+01,1.271379708643480262e+04
1.866666666666666430e+01,1.615147058529093192e+04
1.868750000000000000e+01,1.597029491877356122e+04
1.870833333333333215e+01,1.271405206931275825e+04
1.872916666666666430e+01,1.271167911683929924e+04
1.875000000000000000e+01,1.604731910521132522e+04
1.877083333333333215e+01,1.591354489805472986e+04
1.879166666666666430e+01,1.271465341510509825e+04
1.881250000000000000e+01,1.277104083250366239e+04
1.883333333333333215e+01,1.603185504015050901e+04
1.885416666666666430e+01,1.563839876195207762e+04
1.887500000000000000e+01,1.272160464485813281e+04
1.889583333333333215e+01,1.278476434264455384e+04
1.891666666666666430e+01,1.615490486159022839e+04
1.893750000000000000e+01,1.615278875074611278e+04
1.895833333333333215e+01,1.271471381592660327e+04
1.897916666666666430e+01,1.271326304105802410e+04
1.900000000000000000e+01,1.614978537984095965e+04
1.902083333333333215e+01,1.614920888705681136e+04
1.904166666666666430e+01,1.271249768350513114e+04
1.906250000000000000e+01,1.272456644607022827e+04
1.908333333333333215e+01,1.590238090150237622e+04
1.910416666666666430e+01,1.573231444415895021e+04
1.912500000000000000e+01,1.271640037477730948e+04
1.914583333333333215e+01,1.296306453235732261e+04
1.916666666666666430e+01,1.615403487116590986e+04
1.918750000000000000e+01,1.586142667572348000e+04
1.920833333333333215e+01,1.271615968135932781e+04
1.922916666666666430e+01,1.271408716610032934e+04
1.925000000000000000e+01,1.615070408362272065e+04
1.927083333333333215e+01,1.614954106676293668e+04
1.929166666666666430e+01,1.271283259101193835e+04
1.931250000000000000e+01,1.271210690167073699e+04
1.933333333333333215e+01,1.614883133271066617e+04
1.935416666666666430e+01,1.614173253730454599e+04
1.937500000000000000e+01,1.271171828165030456e+04
1.939583333333333215e+01,1.271025640935174306e+04
1.941666666666666430e+01,1.558449328726013846e+04
1.943750000000000000e+01,1.580325428244386421e+04
1.945833333333333215e+01,1.272114415867787466e+04
1.947916666666666430e+01,1.281287230458108388e+04
1.950000000000000000e+01,1.615674179296178409e+04
1.952083333333333215e+01,1.615483641052064922e+04
1.954166666666666430e+01,1.271386092330239626e+04
1.956250000000000000e+01,1.271080052044889453e+04
1.958333333333333215e+01,1.596597152269535582e+04
1.960416666666666430e+01,1.564326723587467131e+04
1.962500000000000000e+01,1.271732484536630727e+04
1.964583333333333215e+01,1.304610915751815264e+04
1.966666666666666430e+01,1.615708124178466460e+04
1.968750000000000000e+01,1.567121706189124598e+04
1.970833333333333215e+01,1.271762446843277576e+04
1.972916666666666430e+01,1.365551435955356646e+04
1.975000000000000000e+01,1.601570072986177183e+04
1.977083333333333215e+01,1.529358909027573100e+04
1.979166666666666430e+01,1.271494335581207997e+04
1.981250000000000000e+01,1.357403016323966949e+04
1.983333333333333215e+01,1.615032076361802319e+04
1.985416666666666430e+01,1.528993186201390199e+04
1.987500000000000000e+01,1.271237470057904648e+04
1.989583333333333215e+01,1.357176940405473215e+04
1.991666666666666430e+01,1.605298427654621992e+04
1.993750000000000000e+01,1.528976881108898669e+04
1.995833333333333215e+01,1.271175076798855662e+04
1.997916666666666430e+01,1.357143823168391827e+04
2.000000000000000000e+01,1.586313380520964711e+04
2.002083333333333215e+01,1.529113550445053988e+04
2.004166666666666430e+01,1.271274353312462699e+04
2.006250000000000000e+01,1.357217322587834860e+04
2.008333333333333215e+01,1.614989857654217485e+04
2.010416666666666430e+01,1.529042324537207969e+04
2.012500000000000000e+01,1.271178598030340072e+04
2.014583333333333215e+01,1.357008587744124088e+04
2.016666666666666430e+01,1.614879537251680449e+04
2.018750000000000000e+01,1.517909000928444220e+04
2.020833333333333215e+01,1.271305264942381109e+04
2.022916666666666430e+01,1.357121881097380538e+04
2.025000000000000000e+01,1.607795641329055070e+04
2.027083333333333215e+01,1.529256613298185766e+04
2.029166666666666430e+01,1.271285330269848055e+04
2.031250000000000000e+01,1.352595984222990228e+04
2.033333333333333215e+01,1.576206040091995601e+04
2.035416666666666430e+01,1.529314242820744039e+04
2.037500000000000000e+01,1.309641794528513856e+04
2.039583333333333215e+01,1.376715635492440924e+04
2.041666666666666430e+01,1.544998448608873150e+04
2.043750000000000000e+01,1.529329360638492653e+04
2.045833333333333215e+01,1.357494568631722723e+04
2.047916666666666430e+01,1.357382422042491817e+04
2.050000000000000000e+01,1.529010335775867134e+04
2.052083333333333215e+01,1.528804028560862935e+04
2.054166666666666430e+01,1.384003427685140923e+04
2.056250000000000000e+01,1.336107372516832766e+04
2.058333333333333215e+01,1.529428445676856063e+04
2.060416666666666430e+01,1.529209815991410505e+04
2.062500000000000000e+01,1.357649791949977589e+04
2.064583333333333215e+01,1.369720543008917593e+04
2.066666666666666430e+01,1.529395579034399998e+04
2.068750000000000000e+01,1.529097375777371053e+04
2.070833333333333215e+01,1.357409775676711433e+04
2.072916666666666430e+01,1.388728211263375488e+04
2.075000000000000000e+01,1.529291140398608331e+04
2.077083333333333215e+01,1.511298933408173616e+04
2.079166666666666430e+01,1.357636671413031945e+04
2.081250000000000000e+01,1.346160910883633551e+04
2.083333333333333215e+01,1.529273347768506937e+04
2.085416666666666430e+01,1.529001353379370266e+04
2.087500000000000000e+01,1.357290508640717235e+04
2.089583333333333215e+01,1.378651392468546328e+04
2.091666666666666430e+01,1.529660190758900717e+04
2.093750000000000000e+01,1.529338089844695423e+04
2.095833333333333215e+01,1.357572513458128742e+04
2.097916666666666430e+01,1.357450617023533414e+04
2.100000000000000000e+01,1.529119989508233630e+04
2.102083333333333215e+01,1.528962273148585155e+04
2.104166666666666430e+01,1.357183189061502708e+04
2.106250000000000000e+01,1.320705200236836390e+04
2.108333333333333215e+01,1.529273466530804581e+04
2.110416666666666430e+01,1.552313630722391463e+04
2.112500000000000000e+01,1.357566743006207253e+04
2.114583333333333215e+01,1.347232157910016758e+04
2.116666666666666430e+01,1.529303048708384813e+04
2.118750000000000000e+01,1.529141440484286795e+04
2.120833333333333215e+01,1.357311036913176576e+04
2.122916666666666430e+01,1.369285249730871510e+04
2.125000000000000000e+01,1.529413029695734076e+04
2.127083333333333215e+01,1.513647591125721374e+04
2.129166666666666430e+01,1.357552224481667508e+04
2.131250000000000000e+01,1.364031192944271243e+04
2.133333333333333215e+01,1.529281701481959681e+04
2.135416666666666430e+01,1.529067377404032231e+04
2.137500000000000000e+01,1.388991106643081366e+04
2.139583333333333215e+01,1.368473977134901361e+04
2.141666666666666430e+01,1.529420020623423261e+04
2.143750000000000000e+01,1.529216677425797752e+04
2.145833333333333215e+01,1.357431201149599292e+04
2.147916666666666430e+01,1.355246904097819788e+04
2.150000000000000000e+01,1.529062573328632789e+04
2.152083333333333215e+01,1.528865150580554109e+04
2.154166666666666430e+01,1.331644011572259842e+04
2.156250000000000000e+01,1.398546144715044647e+04
2.158333333333333215e+01,1.529560513533635822e+04
2.160416666666666430e+01,1.519152375858787855e+04
2.162500000000000000e+01,1.357749659405933926e+04
2.164583333333333215e+01,1.357607941478030625e+04
2.166666666666666430e+01,1.529127452504542089e+04
2.168750000000000000e+01,1.528886351806275707e+04
2.170833333333333215e+01,1.348045599967060116e+04
2.172916666666666430e+01,1.329316173930942023e+04
2.175000000000000000e+01,1.529189880556396747e+04
2.177083333333333215e+01,1.542760619790232886e+04
2.179166666666666430e+01,1.359343749470482362e+04
2.181250000000000000e+01,1.398063505838011042e+04
2.183333333333333215e+01,1.529371662595766611e+04
2.185416666666666430e+01,1.492016701193544941e+04
2.187500000000000000e+01,1.357643045682919183e+04
2.189583333333333215e+01,1.424401822384535262e+04
2.191666666666666430e+01,1.529471934645540387e+04
2.193750000000000000e+01,1.443299365082766599e+04
2.195833333333333215e+01,1.357380664076178073e+04
2.197916666666666430e+01,1.443254550112492871e+04
2.200000000000000000e+01,1.528954534938604775e+04
2.202083333333333215e+01,1.442950103037102235e+04
2.204166666666666430e+01,1.391030209409288727e+04
2.206250000000000000e+01,1.443318597864211188e+04
2.208333333333333215e+01,1.512007221992772975e+04
2.210416666666666430e+01,1.443182739175641473e+04
2.212500000000000000e+01,1.357327190267735568e+04
2.214583333333333215e+01,1.443208815315925312e+04
2.216666666666666430e+01,1.528907674035495438e+04
2.218750000000000000e+01,1.461037157236655185e+04
2.220833333333333215e+01,1.370545787417738757e+04
2.222916666666666430e+01,1.443302354075949188e+04
2.225000000000000000e+01,1.529026325531232942e+04
2.227083333333333215e+01,1.443123917425780019e+04
2.229166666666666430e+01,1.357285154897623579e+04
2.231250000000000000e+01,1.443127536354504991e+04
2.233333333333333215e+01,1.528908726703223147e+04
2.235416666666666430e+01,1.427377723700912611e+04
2.237500000000000000e+01,1.357499845971242758e+04
2.239583333333333215e+01,1.443222753579682467e+04
2.241666666666666430e+01,1.528934212392434347e+04
2.243750000000000000e+01,1.465710151929669519e+04
2.245833333333333215e+01,1.362539119889670110e+04
2.247916666666666430e+01,1.443210707785625345e+04
2.250000000000000000e+01,1.529005124249265646e+04
2.252083333333333215e+01,1.443192389666166855e+04
2.254166666666666430e+01,1.357311790375651253e+04
2.256250000000000000e+01,1.443062549185982061e+04
2.258333333333333215e+01,1.528862354323874752e+04
2.260416666666666430e+01,1.443046198248123255e+04
2.262500000000000000e+01,1.383775938007196237e+04
2.264583333333333215e+01,1.457179570552074802e+04
2.266666666666666430e+01,1.529344270953556406e+04
2.268750000000000000e+01,1.443394527671698961e+04
2.270833333333333215e+01,1.357418549908399655e+04
2.272916666666666430e+01,1.443225456629698601e+04
2.275000000000000000e+01,1.529037506538314119e+04
2.277083333333333215e+01,1.443021297604374922e+04
2.279166666666666430e+01,1.357115449223047835e+04
2.281250000000000000e+01,1.443141806086698125e+04
2.283333333333333215e+01,1.529022702323169142e+04
2.285416666666666430e+01,1.442952196063013253e+04
2.287500000000000000e+01,1.357106195691218454e+04
2.289583333333333215e+01,1.443210376396778884e+04
2.291666666666666430e+01,1.529047409326034904e+04
2.293750000000000000e+01,1.421362252811471262e+04
2.295833333333333215e+01,1.385300697431574736e+04
2.297916666666666430e+01,1.431539346182280860e+04
2.300000000000000000e+01,1.529397691506278352e+04
2.302083333333333215e+01,1.443287113987819248e+04
2.304166666666666430e+01,1.357426283631585829e+04
2.306250000000000000e+01,1.443366089662525701e+04
2.308333333333333215e+01,1.529090807869909258e+04
2.310416666666666430e+01,1.443104922252112738e+04
2.312500000000000000e+01,1.364705132025457715e+04
2.314583333333333215e+01,1.469604110854970713e+04
2.316666666666666430e+01,1.529497619292398667e+04
2.318750000000000000e+01,1.464757374929199432e+04
2.320833333333333215e+01,1.402049142932104951e+04
2.322916666666666430e+01,1.443516553479294453e+04
2.325000000000000000e+01,1.466769958600154496e+04
2.327083333333333215e+01,1.412850134029329274e+04
2.329166666666666430e+01,1.444082956875368109e+04
2.331250000000000000e+01,1.444440915097517791e+04
2.333333333333333215e+01,1.443734531262515884e+04
2.335416666666666430e+01,1.447722444486673339e+04
2.337500000000000000e+01,1.443226418026239844e+04
2.339583333333333215e+01,1.457783913357580968e+04
2.341666666666666430e+01,1.456249496046964123e+04
2.343750000000000000e+01,1.474490770632601925e+04
2.345833333333333215e+01,1.443520898541587303e+04
2.347916666666666430e+01,1.443278325602085170e+04
2.350000000000000000e+01,1.443582602221410707e+04
2.352083333333333215e+01,1.447488787512581985e+04
2.354166666666666430e+01,1.443246087336575511e+04
2.356250000000000000e+01,1.443016169377133701e+04
2.358333333333333215e+01,1.445981275217015718e+04
2.360416666666666430e+01,1.437403681663055249e+04
2.362500000000000000e+01,1.444105155691710024e+04
2.364583333333333215e+01,1.417490546713842559e+04
2.366666666666666430e+01,1.444096804947294368e+04
2.368750000000000000e+01,1.516247891274266658e+04
2.370833333333333215e+01,1.431502914863311162e+04
2.372916666666666430e+01,1.351943544952267257e+04
2.375000000000000000e+01,1.445217412030473133e+04
2.377083333333333215e+01,1.529136387135711993e+04
2.379166666666666430e+01,1.443371677059020658e+04
2.381250000000000000e+01,1.380934457058505359e+04
2.383333333333333215e+01,1.477149764242045785e+04
2.385416666666666430e+01,1.529396640285953981e+04
2.387500000000000000e+01,1.407409976077466854e+04
2.389583333333333215e+01,1.341147414603878133e+04
2.391666666666666430e+01,1.506602477890550654e+04
2.393750000000000000e+01,1.529477270001315628e+04
2.395833333333333215e+01,1.357771679741042681e+04
2.397916666666666430e+01,1.357673354316103359e+04
2.400000000000000000e+01,1.529255207505311409e+04
2.402083333333333215e+01,1.529027087404054328e+04
2.404166666666666430e+01,1.373613482996316816e+04
2.406250000000000000e+01,1.373414647359699666e+04
2.408333333333333215e+01,1.529224363474786514e+04
2.410416666666666430e+01,1.529039325287947577e+04
2.412500000000000000e+01,1.357277549090709363e+04
2.414583333333333215e+01,1.357216875366110253e+04
2.416666666666666430e+01,1.528984125309978481e+04
2.418750000000000000e+01,1.528852662492283707e+04
2.420833333333333215e+01,1.342496278521533168e+04
2.422916666666666430e+01,1.364449947586271446e+04
2.425000000000000000e+01,1.529605906880117982e+04
2.427083333333333215e+01,1.529274714354583921e+04
2.429166666666666430e+01,1.360799426016863072e+04
2.431250000000000000e+01,1.395365138074541755e+04
2.433333333333333215e+01,1.529323546274302134e+04
2.435416666666666430e+01,1.487704100044080405e+04
2.437500000000000000e+01,1.357548164069102495e+04
2.439583333333333215e+01,1.443230936171686335e+04
2.441666666666666430e+01,1.503056722691461619e+04
2.443750000000000000e+01,1.443473351880158953e+04
2.445833333333333215e+01,1.387860554523505198e+04
2.447916666666666430e+01,1.443212029819041345e+04
2.450000000000000000e+01,1.524734689422806332e+04
2.452083333333333215e+01,1.441923565624626644e+04
2.454166666666666430e+01,1.358000139993768607e+04
2.456250000000000000e+01,1.428717452441888963e+04
2.458333333333333215e+01,1.529775595808022626e+04
2.460416666666666430e+01,1.443671795813132849e+04
2.462500000000000000e+01,1.357442598733888371e+04
2.464583333333333215e+01,1.469243492043975493e+04
2.466666666666666430e+01,1.529612736163043519e+04
2.468750000000000000e+01,1.469075312266113542e+04
2.470833333333333215e+01,1.357701070795138003e+04
2.472916666666666430e+01,1.409089963868278937e+04
2.475000000000000000e+01,1.529305363231791489e+04
2.477083333333333215e+01,1.474958615082608958e+04
2.479166666666666430e+01,1.357744807024096735e+04
2.481250000000000000e+01,1.407256150603928108e+04
2.483333333333333215e+01,1.529236296267169382e+04
2.485416666666666430e+01,1.477894687266970868e+04
2.487500000000000000e+01,1.384931538778132381e+04
2.489583333333333215e+01,1.372707563925374416e+04
2.491666666666666430e+01,1.536957748271935998e+04
2.493750000000000000e+01,1.529829531584851065e+04
2.495833333333333215e+01,1.357739830782324862e+04
2.497916666666666430e+01,1.357415707709955313e+04
2.500000000000000000e+01,1.514079924897933233e+04
2.502083333333333215e+01,1.529227220769303312e+04
2.504166666666666430e+01,1.340361724922691428e+04
2.506250000000000000e+01,1.357361120532851055e+04
2.508333333333333215e+01,1.529098367962237899e+04
2.510416666666666430e+01,1.529158273054051097e+04
2.512500000000000000e+01,1.357235024663409786e+04
2.514583333333333215e+01,1.398843584325684060e+04
2.516666666666666430e+01,1.524893910423716079e+04
2.518750000000000000e+01,1.512651436611366444e+04
2.520833333333333215e+01,1.357723555375258729e+04
2.522916666666666430e+01,1.357798929154753205e+04
2.525000000000000000e+01,1.560716244012002426e+04
2.527083333333333215e+01,1.529363744165036042e+04
2.529166666666666430e+01,1.336646116921842986e+04
2.531250000000000000e+01,1.357785987828040015e+04
2.533333333333333215e+01,1.514413727321779515e+04
2.535416666666666430e+01,1.529280475777588072e+04
2.537500000000000000e+01,1.357217850692845968e+04
2.539583333333333215e+01,1.357592982460223357e+04
2.541666666666666430e+01,1.534771934398248050e+04
2.543750000000000000e+01,1.529192175961730391e+04
2.545833333333333215e+01,1.382182108169121057e+04
2.547916666666666430e+01,1.368279637687000650e+04
2.550000000000000000e+01,1.529590052440851287e+04
2.552083333333333215e+01,1.529312480651392980e+04
2.554166666666666430e+01,1.357244818235202547e+04
2.556250000000000000e+01,1.357376859859631077e+04
2.558333333333333215e+01,1.529199555711861467e+04
2.560416666666666430e+01,1.529046797042638354e+04
2.562500000000000000e+01,1.357060693490759513e+04
2.564583333333333215e+01,1.378275222437294360e+04
2.566666666666666430e+01,1.528816852550768090e+04
2.568750000000000000e+01,1.529250405996361587e+04
2.570833333333333215e+01,1.357181522049865453e+04
2.572916666666666430e+01,1.357290684044574300e+04
2.575000000000000000e+01,1.512027209629724530e+04
2.577083333333333215e+01,1.529140379531352301e+04
2.579166666666666430e+01,1.357184667212562999e+04
2.581250000000000000e+01,1.357240548457326804e+04
2.583333333333333215e+01,1.528986477677533912e+04
2.585416666666666430e+01,1.529067735284910304e+04
2.587500000000000000e+01,1.327019978849249674e+04
2.589583333333333215e+01,1.357345241072964927e+04
2.591666666666666430e+01,1.550203110897014994e+04
2.593750000000000000e+01,1.529519970211945474e+04
2.595833333333333215e+01,1.365766594430196710e+04
2.597916666666666430e+01,1.357288301224231691e+04
2.600000000000000000e+01,1.528896486431400990e+04
2.602083333333333215e+01,1.529280127454813191e+04
2.604166666666666430e+01,1.354829622959368862e+04
2.606250000000000000e+01,1.371651443227086202e+04
2.608333333333333215e+01,1.529086967312007255e+04
2.610416666666666430e+01,1.529471423767305896e+04
2.612500000000000000e+01,1.357684302468908209e+04
2.614583333333333215e+01,1.357183652350215198e+04
2.616666666666666430e+01,1.528773948790850773e+04
2.618750000000000000e+01,1.529283091063000757e+04
2.620833333333333215e+01,1.363345247627797289e+04
2.622916666666666430e+01,1.367933921185189320e+04
2.625000000000000000e+01,1.529067954006935179e+04
2.627083333333333215e+01,1.529466517167845814e+04
2.629166666666666430e+01,1.357673180498817237e+04
2.631250000000000000e+01,1.357279748736481270e+04
2.633333333333333215e+01,1.528917278889633235e+04
2.635416666666666430e+01,1.529212925489024565e+04
2.637500000000000000e+01,1.357389682721627105e+04
2.639583333333333215e+01,1.369695669830177576e+04
2.641666666666666430e+01,1.520634455927125236e+04
2.643750000000000000e+01,1.529284903636582021e+04
2.645833333333333215e+01,1.357304427991960256e+04
2.647916666666666430e+01,1.357380420539779152e+04
2.650000000000000000e+01,1.518137135812947599e+04
2.652083333333333215e+01,1.529113199000600071e+04
2.654166666666666430e+01,1.357139200080074443e+04
2.656250000000000000e+01,1.357505308956346198e+04
2.658333333333333215e+01,1.533027168566912951e+04
2.660416666666666430e+01,1.529070826720890545e+04
2.662500000000000000e+01,1.357027920349337364e+04
2.664583333333333215e+01,1.381305441623304796e+04
2.666666666666666430e+01,1.546299120070600475e+04
2.668750000000000000e+01,1.529567126733600162e+04
2.670833333333333215e+01,1.357438347688170325e+04
2.672916666666666430e+01,1.357918700112641091e+04
2.675000000000000000e+01,1.529784193959916956e+04
2.677083333333333215e+01,1.529342830944259913e+04
2.679166666666666430e+01,1.349340199677983401e+04
2.681250000000000000e+01,1.357611758734163595e+04
2.683333333333333215e+01,1.529379979358381752e+04
2.685416666666666430e+01,1.529194650396121506e+04
2.687500000000000000e+01,1.339365963743826069e+04
2.689583333333333215e+01,1.357399012330939149e+04
2.691666666666666430e+01,1.529139778225626287e+04
2.693750000000000000e+01,1.529244268929604732e+04
2.695833333333333215e+01,1.357360662958474131e+04
2.697916666666666430e+01,1.357175979956033552e+04
2.700000000000000000e+01,1.528885809829822392e+04
2.702083333333333215e+01,1.529527025948269147e+04
2.704166666666666430e+01,1.387201396180110169e+04
2.706250000000000000e+01,1.357407513543276218e+04
2.708333333333333215e+01,1.511788773672094976e+04
2.710416666666666430e+01,1.529668745550376843e+04
2.712500000000000000e+01,1.357729171131255862e+04
2.714583333333333215e+01,1.362233321788426838e+04
2.716666666666666430e+01,1.529143307732594985e+04
2.718750000000000000e+01,1.529311799070449706e+04
2.720833333333333215e+01,1.357412259318014912e+04
2.722916666666666430e+01,1.386049782470148784e+04
2.725000000000000000e+01,1.538329340449286610e+04
2.727083333333333215e+01,1.529508906395075610e+04
2.729166666666666430e+01,1.357460168845898443e+04
2.731250000000000000e+01,1.357440272534409087e+04
2.733333333333333215e+01,1.529189979269263131e+04
2.735416666666666430e+01,1.526505925717845457e+04
2.737500000000000000e+01,1.357100854047264875e+04
2.739583333333333215e+01,1.357343797238612751e+04
2.741666666666666430e+01,1.495931525791638342e+04
2.743750000000000000e+01,1.529183821496547171e+04
2.745833333333333215e+01,1.389331186144288949e+04
2.747916666666666430e+01,1.357730951805207951e+04
2.750000000000000000e+01,1.517265546815997368e+04
2.752083333333333215e+01,1.529560715355144202e+04
2.754166666666666430e+01,1.393664533241979734e+04
2.756250000000000000e+01,1.358010063922600239e+04
2.758333333333333215e+01,1.488352241467824570e+04
2.760416666666666430e+01,1.529573612857113767e+04
2.762500000000000000e+01,1.405767079675733476e+04
2.764583333333333215e+01,1.357768752049662726e+04
2.766666666666666430e+01,1.443378927792407194e+04
2.768750000000000000e+01,1.529184941954238820e+04
2.770833333333333215e+01,1.443268693139913375e+04
2.772916666666666430e+01,1.357281661176274793e+04
2.775000000000000000e+01,1.483506645199908962e+04
2.777083333333333215e+01,1.529195689986003345e+04
2.779166666666666430e+01,1.400590888054055904e+04
2.781250000000000000e+01,1.357447502546368196e+04
2.783333333333333215e+01,1.529190930335412486e+04
2.785416666666666430e+01,1.515645064805723814e+04
2.787500000000000000e+01,1.357281548590015882e+04
2.789583333333333215e+01,1.365404526042293946e+04
2.791666666666666430e+01,1.529284183754740297e+04
2.793750000000000000e+01,1.529122839626067071e+04
2.795833333333333215e+01,1.365903606958471573e+04
2.797916666666666430e+01,1.359787364804666140e+04
2.800000000000000000e+01,1.529707764080073684e+04
2.802083333333333215e+01,1.542146341175409907e+04
2.804166666666666430e+01,1.357961083363078069e+04
2.806250000000000000e+01,1.311337365424317613e+04
2.808333333333333215e+01,1.557877272908926534e+04
2.810416666666666430e+01,1.550738588432632605e+04
2.812500000000000000e+01,1.336004643322559059e+04
2.814583333333333215e+01,1.357620395118460146e+04
2.816666666666666430e+01,1.529221411794503365e+04
2.818750000000000000e+01,1.529182422245175985e+04
2.820833333333333215e+01,1.357194116561920964e+04
2.822916666666666430e+01,1.358443305513841187e+04
2.825000000000000000e+01,1.546038268646830693e+04
2.827083333333333215e+01,1.529081485584083566e+04
2.829166666666666430e+01,1.357101428048432354e+04
2.831250000000000000e+01,1.383025760369910859e+04
2.833333333333333215e+01,1.523015372213185401e+04
2.835416666666666430e+01,1.529352521960088779e+04
2.837500000000000000e+01,1.357267414315203496e+04
2.839583333333333215e+01,1.357387913921643485e+04
2.841666666666666430e+01,1.529158297263303393e+04
2.843750000000000000e+01,1.529011954826463989e+04
2.845833333333333215e+01,1.338777795300622529e+04
2.847916666666666430e+01,1.357353914550496847e+04
2.850000000000000000e+01,1.525701365322881611e+04
2.852083333333333215e+01,1.523955599859872382e+04
2.854166666666666430e+01,1.357291709256720424e+04
2.856250000000000000e+01,1.357398550235886796e+04
2.858333333333333215e+01,1.529211285447842238e+04
2.860416666666666430e+01,1.529051029611635022e+04
2.862500000000000000e+01,1.357054440442381019e+04
2.864583333333333215e+01,1.357272761859019374e+04
2.866666666666666430e+01,1.555018434750440065e+04
2.868750000000000000e+01,1.529152464101437363e+04
2.870833333333333215e+01,1.354526982907292040e+04
2.872916666666666430e+01,1.357385083264376954e+04
2.875000000000000000e+01,1.529161738226164016e+04
2.877083333333333215e+01,1.529062077369469989e+04
2.879166666666666430e+01,1.345337387085078080e+04
2.881250000000000000e+01,1.389696701204048441e+04
2.883333333333333215e+01,1.529719172928670014e+04
2.885416666666666430e+01,1.529575201459222444e+04
2.887500000000000000e+01,1.358250772691349994e+04
2.889583333333333215e+01,1.357290818908276196e+04
2.891666666666666430e+01,1.528937675932603088e+04
2.893750000000000000e+01,1.511400139901900184e+04
2.895833333333333215e+01,1.383380395235961623e+04
2.897916666666666430e+01,1.357742987116410950e+04
2.900000000000000000e+01,1.515435144465822304e+04
2.902083333333333215e+01,1.529658667772579065e+04
2.904166666666666430e+01,1.357616013521092464e+04
2.906250000000000000e+01,1.375115479748569851e+04
2.908333333333333215e+01,1.555764273112098090e+04
2.910416666666666430e+01,1.529620205128872476e+04
2.912500000000000000e+01,1.345697527946556875e+04
2.914583333333333215e+01,1.357682396919111125e+04
2.916666666666666430e+01,1.519069474293758685e+04
2.918750000000000000e+01,1.529274053603075299e+04
2.920833333333333215e+01,1.357249516709006275e+04
2.922916666666666430e+01,1.362945713031846753e+04
2.925000000000000000e+01,1.529241621300327097e+04
2.927083333333333215e+01,1.529070809398971323e+04
2.929166666666666430e+01,1.357094408755901532e+04
2.931250000000000000e+01,1.369583170948461702e+04
2.933333333333333215e+01,1.507763494803616049e+04
2.935416666666666430e+01,1.529400382130340950e+04
2.937500000000000000e+01,1.333999876496780780e+04
2.939583333333333215e+01,1.357772784157293427e+04
2.941666666666666430e+01,1.531397169675247642e+04
2.943750000000000000e+01,1.529528202111369319e+04
2.945833333333333215e+01,1.388304236729537297e+04
2.947916666666666430e+01,1.357634843597151121e+04
2.950000000000000000e+01,1.552898540655404577e+04
2.952083333333333215e+01,1.529536649333298919e+04
2.954166666666666430e+01,1.316247693516424624e+04
2.956250000000000000e+01,1.357598041274476782e+04
2.958333333333333215e+01,1.596328893278334363e+04
2.960416666666666430e+01,1.527173566558648599e+04
2.962500000000000000e+01,1.271394042395204451e+04
2.964583333333333215e+01,1.367197993961966131e+04
2.966666666666666430e+01,1.599456224148283582e+04
2.968750000000000000e+01,1.529223211623157113e+04
2.970833333333333215e+01,1.271326470908524789e+04
2.972916666666666430e+01,1.357244021540495669e+04
2.975000000000000000e+01,1.612645022583540413e+04
2.977083333333333215e+01,1.528882640906043162e+04
2.979166666666666430e+01,1.271082413528448524e+04
2.981250000000000000e+01,1.333952443377231248e+04
2.983333333333333215e+01,1.611750222483408652e+04
2.985416666666666430e+01,1.528954507400325747e+04
2.987500000000000000e+01,1.271251947998663309e+04
2.989583333333333215e+01,1.365328380557667697e+04
2.991666666666666430e+01,1.615099833372305147e+04
2.993750000000000000e+01,1.527377090488718386e+04
2.995833333333333215e+01,1.271258760170431196e+04
2.997916666666666430e+01,1.348738294914119251e+04
3.000000000000000000e+01,1.589668720420438331e+04
3.002083333333333215e+01,1.516104811274363965e+04
3.004166666666666430e+01,1.281163796103202912e+04
3.006250000000000000e+01,1.357876590874839530e+04
3.008333333333333215e+01,1.615311516290331201e+04
3.010416666666666430e+01,1.529107989574339081e+04
3.012500000000000000e+01,1.271386978123214794e+04
3.014583333333333215e+01,1.357345009826073510e+04
3.016666666666666430e+01,1.614936132383039148e+04
3.018750000000000000e+01,1.528902064454695210e+04
3.020833333333333215e+01,1.271200139681400469e+04
3.022916666666666430e+01,1.355543139433334727e+04
3.025000000000000000e+01,1.572952244616593816e+04
3.027083333333333215e+01,1.529117320287840994e+04
3.029166666666666430e+01,1.326548736693312821e+04
3.031250000000000000e+01,1.361781205261130890e+04
3.033333333333333215e+01,1.529235113805390210e+04
3.035416666666666430e+01,1.529040580460232013e+04
3.037500000000000000e+01,1.357243131085378627e+04
3.039583333333333215e+01,1.398469741822468131e+04
3.041666666666666430e+01,1.529560386141929484e+04
3.043750000000000000e+01,1.529260858246269345e+04
3.045833333333333215e+01,1.357399238580618112e+04
3.047916666666666430e+01,1.334117060161598783e+04
3.050000000000000000e+01,1.529212706416643778e+04
3.052083333333333215e+01,1.529051761565744164e+04
3.054166666666666430e+01,1.357273476564399607e+04
3.056250000000000000e+01,1.357215409349451511e+04
3.058333333333333215e+01,1.528963708699493873e+04
3.060416666666666430e+01,1.528813496981920980e+04
3.062500000000000000e+01,1.381554953456659496e+04
3.064583333333333215e+01,1.344025425434273711e+04
3.066666666666666430e+01,1.529185334941776455e+04
3.068750000000000000e+01,1.529004879221357987e+04
3.070833333333333215e+01,1.357383078296692838e+04
3.072916666666666430e+01,1.357362029920921123e+04
3.075000000000000000e+01,1.528943324926846617e+04
3.077083333333333215e+01,1.528734094385274147e+04
3.079166666666666430e+01,1.342697298049755045e+04
3.081250000000000000e+01,1.397994908972603662e+04
3.083333333333333215e+01,1.529889940380020926e+04
3.085416666666666430e+01,1.497255420083504941e+04
3.087500000000000000e+01,1.358081319842636731e+04
3.089583333333333215e+01,1.412723932595750739e+04
3.091666666666666430e+01,1.529562988136251079e+04
3.093750000000000000e+01,1.447756550832961148e+04
3.095833333333333215e+01,1.380903672710280443e+04
3.097916666666666430e+01,1.443303640020073362e+04
3.100000000000000000e+01,1.529182518616645393e+04
3.102083333333333215e+01,1.453008322993581169e+04
3.104166666666666430e+01,1.357865710164600750e+04
3.106250000000000000e+01,1.413873430534468571e+04
3.108333333333333215e+01,1.529718206549305251e+04
3.110416666666666430e+01,1.460555829159232599e+04
3.112500000000000000e+01,1.357440590145656824e+04
3.114583333333333215e+01,1.459940599791719069e+04
3.116666666666666430e+01,1.529718920985593650e+04
3.118750000000000000e+01,1.443564656412075055e+04
3.120833333333333215e+01,1.357388847142505256e+04
3.122916666666666430e+01,1.436514623110224420e+04
3.125000000000000000e+01,1.529223203662596279e+04
3.127083333333333215e+01,1.458253963700987879e+04
3.129166666666666430e+01,1.374166444614123975e+04
3.131250000000000000e+01,1.425113885415332697e+04
3.133333333333333215e+01,1.529251743424552114e+04
3.135416666666666430e+01,1.443298859951331178e+04
3.137500000000000000e+01,1.357462150618997839e+04
3.139583333333333215e+01,1.443278168594441377e+04
3.141666666666666430e+01,1.529007397553098053e+04
3.143750000000000000e+01,1.443106955153925082e+04
3.145833333333333215e+01,1.371530318683653968e+04
3.147916666666666430e+01,1.443185483246295917e+04
3.150000000000000000e+01,1.528974356750462903e+04
3.152083333333333215e+01,1.450455345067748931e+04
3.154166666666666430e+01,1.365016962485463227e+04
3.156250000000000000e+01,1.443138320188581929e+04
3.158333333333333215e+01,1.528987381618212385e+04
3.160416666666666430e+01,1.441614648765745369e+04
3.162500000000000000e+01,1.387985302207967834e+04
3.164583333333333215e+01,1.443220020751961420e+04
3.166666666666666430e+01,1.516950825681054266e+04
3.168750000000000000e+01,1.442189735169489359e+04
3.170833333333333215e+01,1.357626210506372809e+04
3.172916666666666430e+01,1.443209369476815846e+04
3.175000000000000000e+01,1.529164135257463568e+04
3.177083333333333215e+01,1.443341893116594292e+04
3.179166666666666430e+01,1.362791722051243778e+04
3.181250000000000000e+01,1.442972191786778785e+04
3.183333333333333215e+01,1.529000009888798377e+04
3.185416666666666430e+01,1.443243955301686219e+04
3.187500000000000000e+01,1.390424941405065329e+04
3.189583333333333215e+01,1.443108295335992807e+04
3.191666666666666430e+01,1.508390217381293041e+04
3.193750000000000000e+01,1.448958217153389705e+04
3.195833333333333215e+01,1.357959450517049481e+04
3.197916666666666430e+01,1.443066064083026140e+04
3.200000000000000000e+01,1.529060902082275788e+04
3.202083333333332860e+01,1.461379487299697576e+04
3.204166666666666430e+01,1.366545827100213501e+04
3.206250000000000000e+01,1.443165536540968969e+04
3.208333333333332860e+01,1.529104936091134005e+04
3.210416666666666430e+01,1.443277476908047538e+04
3.212500000000000000e+01,1.357292880948811580e+04
3.214583333333332860e+01,1.443081951301622030e+04
3.216666666666666430e+01,1.528897655389066495e+04
3.218750000000000000e+01,1.442990390215604566e+04
3.220833333333332860e+01,1.365660576153793954e+04
3.222916666666666430e+01,1.407193505520172403e+04
3.225000000000000000e+01,1.529181197433810303e+04
3.227083333333332860e+01,1.488192042870980003e+04
3.229166666666666430e+01,1.360306125488428370e+04
3.231250000000000000e+01,1.364581829312014088e+04
3.233333333333332860e+01,1.555702643419027299e+04
3.235416666666666430e+01,1.529604830373705045e+04
3.237500000000000000e+01,1.337531098065473998e+04
3.239583333333332860e+01,1.357462434364371074e+04
3.241666666666666430e+01,1.529076967806703033e+04
3.243750000000000000e+01,1.529341415575589781e+04
3.245833333333332860e+01,1.357469246869677954e+04
3.247916666666666430e+01,1.381287018907377569e+04
3.250000000000000000e+01,1.564692263484075374e+04
3.252083333333332860e+01,1.529642231604567860e+04
3.254166666666666430e+01,1.316163379131686088e+04
3.256250000000000000e+01,1.357698339832360580e+04
3.258333333333332860e+01,1.596638395226537250e+04
3.260416666666666430e+01,1.525357446280874865e+04
3.262500000000000000e+01,1.271610137588978978e+04
3.264583333333332860e+01,1.357388385869854756e+04
3.266666666666666430e+01,1.571329473330335895e+04
3.268750000000000000e+01,1.529203679189900868e+04
3.270833333333332860e+01,1.314518001712650221e+04
3.272916666666666430e+01,1.357595767217365938e+04
3.275000000000000000e+01,1.529154409933327406e+04
3.277083333333332860e+01,1.529422072658435718e+04
3.279166666666666430e+01,1.373350588065422926e+04
3.281250000000000000e+01,1.374844689334707073e+04
3.283333333333332860e+01,1.529271222988273075e+04
3.285416666666666430e+01,1.529119781463098479e+04
3.287500000000000000e+01,1.357464578960591098e+04
3.289583333333332860e+01,1.357404618089857104e+04
3.291666666666666430e+01,1.529094858274265425e+04
3.293750000000000000e+01,1.528954701556723376e+04
3.295833333333332860e+01,1.357206894933629155e+04
3.297916666666666430e+01,1.352874125832554637e+04
3.300000000000000000e+01,1.528963554734331046e+04
3.302083333333332860e+01,1.528789925222085731e+04
3.304166666666666430e+01,1.344405840838367294e+04
3.306250000000000000e+01,1.388467502523933217e+04
3.308333333333332860e+01,1.529893790145348248e+04
3.310416666666666430e+01,1.538828184439496545e+04
3.312500000000000000e+01,1.357837079018543955e+04
3.314583333333332860e+01,1.357599426941623096e+04
3.316666666666666430e+01,1.529240582666736009e+04
3.318750000000000000e+01,1.529057192841311553e+04
3.320833333333332860e+01,1.357214941854778590e+04
3.322916666666666430e+01,1.339425032231817022e+04
3.325000000000000000e+01,1.529154163701282232e+04
3.327083333333332860e+01,1.529043317276024391e+04
3.329166666666666430e+01,1.357247834483484621e+04
3.331250000000000000e+01,1.368223633919164786e+04
3.333333333333332860e+01,1.529092171671445612e+04
3.335416666666666430e+01,1.528920176715140042e+04
3.337500000000000000e+01,1.357190841738586460e+04
3.339583333333332860e+01,1.368572209959065731e+04
3.341666666666666430e+01,1.529335970842428651e+04
3.343750000000000000e+01,1.501105372690731383e+04
3.345833333333332860e+01,1.357651896743343241e+04
3.347916666666666430e+01,1.396838520770020114e+04
3.350000000000000000e+01,1.529401873184534270e+04
3.352083333333332860e+01,1.505783079214312238e+04
3.354166666666666430e+01,1.357620328647415590e+04
3.356250000000000000e+01,1.425290701673179865e+04
3.358333333333332860e+01,1.529954315060235604e+04
3.360416666666666430e+01,1.473252867223982685e+04
3.362500000000000000e+01,1.357741694125743743e+04
3.364583333333332860e+01,1.443344398282210386e+04
3.366666666666666430e+01,1.529267529081593966e+04
3.368750000000000000e+01,1.443372936916491744e+04
3.370833333333332860e+01,1.357253478479610203e+04
3.372916666666666430e+01,1.442994523129583104e+04
3.375000000000000000e+01,1.528973265548031122e+04
3.377083333333332860e+01,1.441276497968924741e+04
3.379166666666666430e+01,1.377799712410416396e+04
3.381250000000000000e+01,1.443423141043969008e+04
3.383333333333332860e+01,1.529304537788593734e+04
3.385416666666666430e+01,1.443448447969967310e+04
3.387500000000000000e+01,1.357379180369335154e+04
3.389583333333332860e+01,1.443137232466982459e+04
3.391666666666666430e+01,1.529033229402710276e+04
3.393750000000000000e+01,1.443094801892871692e+04
3.395833333333332860e+01,1.357155346917802308e+04
3.397916666666666430e+01,1.443081809488884392e+04
3.400000000000000000e+01,1.528922845581028741e+04
3.402083333333332860e+01,1.442942785787355024e+04
3.404166666666666430e+01,1.370439146071097275e+04
3.406250000000000000e+01,1.437060971037963463e+04
3.408333333333332860e+01,1.529390911398109529e+04
3.410416666666666430e+01,1.443349523824110656e+04
3.412500000000000000e+01,1.364509702545081745e+04
3.414583333333332860e+01,1.443441265633245348e+04
3.416666666666666430e+01,1.529091672497344189e+04
3.418750000000000000e+01,1.449268972812417996e+04
3.420833333333332860e+01,1.399248070641587765e+04
3.422916666666666430e+01,1.443381390672173438e+04
3.425000000000000000e+01,1.484434633720140846e+04
3.427083333333332860e+01,1.483942052123490430e+04
3.429166666666666430e+01,1.443563227578188162e+04
3.431250000000000000e+01,1.379150812342108111e+04
3.433333333333332860e+01,1.443867854599931889e+04
3.435416666666666430e+01,1.533206785276201117e+04
3.437500000000000000e+01,1.443727266800590587e+04
3.439583333333332860e+01,1.347099755977280074e+04
3.441666666666666430e+01,1.443488708928983760e+04
3.443750000000000000e+01,1.512847952238775542e+04
3.445833333333332860e+01,1.443434013430351479e+04
3.447916666666666430e+01,1.369148564002414787e+04
3.450000000000000000e+01,1.469887973107438302e+04
3.452083333333332860e+01,1.529237267049589354e+04
3.454166666666666430e+01,1.424659360587703850e+04
3.456250000000000000e+01,1.341088024324378421e+04
3.458333333333332860e+01,1.443495539179179832e+04
3.460416666666666430e+01,1.529114404416228717e+04
3.462500000000000000e+01,1.443226582204124861e+04
3.464583333333332860e+01,1.383806129017935018e+04
3.466666666666666430e+01,1.459956790987994100e+04
3.468750000000000000e+01,1.529406095869898127e+04
3.470833333333332860e+01,1.443399685439832683e+04
3.472916666666666430e+01,1.357527544269983628e+04
3.475000000000000000e+01,1.443378854555180442e+04
3.477083333333332860e+01,1.567134326918391889e+04
3.479166666666666430e+01,1.443339798396320475e+04
3.481250000000000000e+01,1.313393460783500268e+04
3.483333333333332860e+01,1.443488794986378343e+04
3.485416666666666430e+01,1.604845838840100623e+04
3.487500000000000000e+01,1.429816743459751160e+04
3.489583333333332860e+01,1.271530967581741788e+04
3.491666666666666430e+01,1.443153355955242660e+04
3.493750000000000000e+01,1.615062777838817783e+04
3.495833333333332860e+01,1.407683299735556284e+04
3.497916666666666430e+01,1.271557437427024342e+04
3.500000000000000000e+01,1.484823567164897759e+04
3.502083333333332860e+01,1.590733293397631860e+04
3.504166666666666430e+01,1.386635187803094232e+04
3.506250000000000000e+01,1.272084391731707001e+04
3.508333333333332860e+01,1.529715924120487398e+04
3.510416666666666430e+01,1.615369985031358738e+04
3.512500000000000000e+01,1.357322143896099442e+04
3.514583333333332860e+01,1.277780079149079029e+04
3.516666666666666430e+01,1.529261196129614109e+04
3.518750000000000000e+01,1.584259171976653306e+04
3.520833333333332860e+01,1.357497646591179728e+04
3.522916666666666430e+01,1.280448348239142069e+04
3.525000000000000000e+01,1.529237199195314315e+04
3.527083333333332860e+01,1.615181740337287920e+04
3.529166666666666430e+01,1.349547165900766049e+04
3.531250000000000000e+01,1.271352289918469978e+04
3.533333333333332860e+01,1.528880624512613576e+04
3.535416666666666430e+01,1.614923999501825529e+04
3.537500000000000000e+01,1.312618384214570324e+04
3.539583333333332860e+01,1.298616459034918444e+04
3.541666666666666430e+01,1.599972345250511353e+04
3.543750000000000000e+01,1.575521288394652947e+04
3.545833333333332860e+01,1.272164331721392227e+04
3.547916666666666430e+01,1.271892995657317806e+04
3.550000000000000000e+01,1.615456182892387733e+04
3.552083333333332860e+01,1.615280462334718322e+04
3.554166666666666430e+01,1.271589876501905383e+04
3.556250000000000000e+01,1.271471350405880366e+04
3.558333333333332860e+01,1.615090759784619877e+04
3.560416666666666430e+01,1.560237584872114167e+04
3.562500000000000000e+01,1.271872969272491173e+04
3.564583333333332860e+01,1.299743341327398593e+04
3.566666666666666430e+01,1.615380527039288427e+04
3.568750000000000000e+01,1.565433963100377514e+04
3.570833333333332860e+01,1.271632930670165661e+04
3.572916666666666430e+01,1.341176087076526892e+04
3.575000000000000000e+01,1.593547175581036936e+04
3.577083333333332860e+01,1.526583474883485542e+04
3.579166666666666430e+01,1.271418957715119541e+04
3.581250000000000000e+01,1.357325587969736443e+04
3.583333333333332860e+01,1.615071336624627293e+04
3.585416666666666430e+01,1.529053217096240041e+04
3.587500000000000000e+01,1.271154922945905491e+04
3.589583333333332860e+01,1.357035939690268060e+04
3.591666666666666430e+01,1.614900918173689934e+04
3.593750000000000000e+01,1.509642398837899236e+04
3.595833333333332860e+01,1.271248495181586986e+04
3.597916666666666430e+01,1.357168773078333106e+04
3.600000000000000000e+01,1.596828375448286170e+04
3.602083333333332860e+01,1.529205223813452540e+04
3.604166666666666430e+01,1.271290839701175719e+04
3.606250000000000000e+01,1.385363805303412300e+04
3.608333333333332860e+01,1.615202823814104340e+04
3.610416666666666430e+01,1.518738915610979166e+04
3.612500000000000000e+01,1.271335080196387935e+04
3.614583333333332860e+01,1.357298068703561148e+04
3.616666666666666430e+01,1.578797553123163743e+04
3.618750000000000000e+01,1.529179783517054966e+04
3.620833333333332860e+01,1.301009883300806905e+04
3.622916666666666430e+01,1.357589289270703011e+04
3.625000000000000000e+01,1.577621715945771939e+04
3.627083333333332860e+01,1.529279871635789823e+04
3.629166666666666430e+01,1.307470380407960693e+04
3.631250000000000000e+01,1.357595999064219723e+04
3.633333333333332860e+01,1.553211852939302844e+04
3.635416666666666430e+01,1.529164640940860772e+04
3.637500000000000000e+01,1.368629725836163925e+04
3.639583333333332860e+01,1.402771025275914872e+04
3.641666666666666430e+01,1.529720291013406313e+04
3.643750000000000000e+01,1.518253340363422467e+04
3.645833333333332860e+01,1.357518947715646209e+04
3.647916666666666430e+01,1.316085572322938606e+04
3.650000000000000000e+01,1.529390344239047772e+04
3.652083333333332860e+01,1.576235564337495816e+04
3.654166666666666430e+01,1.357612076253606938e+04
3.656250000000000000e+01,1.271519430782231211e+04
3.658333333333332860e+01,1.531470750928880443e+04
3.660416666666666430e+01,1.614923078503599754e+04
3.662500000000000000e+01,1.357185980118953739e+04
3.664583333333332860e+01,1.271305082032144855e+04
3.666666666666666430e+01,1.528978089390054811e+04
3.668750000000000000e+01,1.614786668140064285e+04
3.670833333333332860e+01,1.357086640753546089e+04
3.672916666666666430e+01,1.271265608016146143e+04
3.675000000000000000e+01,1.528961959336355358e+04
3.677083333333332860e+01,1.614508888531662160e+04
3.679166666666666430e+01,1.320937838315708723e+04
3.681250000000000000e+01,1.271436532687208455e+04
3.683333333333332860e+01,1.551123073481208485e+04
3.685416666666666430e+01,1.596908718941426923e+04
3.687500000000000000e+01,1.340990534463675431e+04
3.689583333333332860e+01,1.271683989800819836e+04
3.691666666666666430e+01,1.529248352162896117e+04
3.693750000000000000e+01,1.615125577046464969e+04
3.695833333333332860e+01,1.357260592257315147e+04
3.697916666666666430e+01,1.271141279895654952e+04
3.700000000000000000e+01,1.528877139545098908e+04
3.702083333333332860e+01,1.584103755760535205e+04
3.704166666666666430e+01,1.357430213070903483e+04
3.706250000000000000e+01,1.286639047002647931e+04
3.708333333333332860e+01,1.529448797353230475e+04
3.710416666666666430e+01,1.612390731970944398e+04
3.712500000000000000e+01,1.357518492370234526e+04
3.714583333333332860e+01,1.271258536007415387e+04
3.716666666666666430e+01,1.529129878579779688e+04
3.718750000000000000e+01,1.615262155418226030e+04
3.720833333333332860e+01,1.336325733339192084e+04
3.722916666666666430e+01,1.271269253642071999e+04
3.725000000000000000e+01,1.529200920896241951e+04
3.727083333333332860e+01,1.612247639715483456e+04
3.729166666666666430e+01,1.357357411638759368e+04
3.731250000000000000e+01,1.271217251380070229e+04
3.733333333333332860e+01,1.529153101987722766e+04
3.735416666666666430e+01,1.608476103894403059e+04
3.737500000000000000e+01,1.357368420002144558e+04
3.739583333333332860e+01,1.271279102487585260e+04
3.741666666666666430e+01,1.529106987539736292e+04
3.743750000000000000e+01,1.615062400431245987e+04
3.745833333333332860e+01,1.333239011697556998e+04
3.747916666666666430e+01,1.271390596762771747e+04
3.750000000000000000e+01,1.529065346237131234e+04
3.752083333333332860e+01,1.614964871659292112e+04
3.754166666666666430e+01,1.357259906961230445e+04
3.756250000000000000e+01,1.300509535380843226e+04
3.758333333333332860e+01,1.529192216028871917e+04
3.760416666666666430e+01,1.605125650968316404e+04
3.762500000000000000e+01,1.357583734799438753e+04
3.764583333333332860e+01,1.271610904003294490e+04
3.766666666666666430e+01,1.529119024676033951e+04
3.768750000000000000e+01,1.607534585461296956e+04
3.770833333333332860e+01,1.319773750809022022e+04
3.772916666666666430e+01,1.271684051909746995e+04
3.775000000000000000e+01,1.564318965865912469e+04
3.777083333333332860e+01,1.601510902134146090e+04
3.779166666666666430e+01,1.295483119306414665e+04
3.781250000000000000e+01,1.271640418994383072e+04
3.783333333333332860e+01,1.615234284178675080e+04
3.785416666666666430e+01,1.598961948689216661e+04
3.787500000000000000e+01,1.271452085687375802e+04
3.789583333333332860e+01,1.271206858501347233e+04
3.791666666666666430e+01,1.596997114128890826e+04
3.793750000000000000e+01,1.560681421875055821e+04
3.795833333333332860e+01,1.271921882994373300e+04
3.797916666666666430e+01,1.274813248369041685e+04
3.800000000000000000e+01,1.615600997091811223e+04
3.802083333333332860e+01,1.615458132239692350e+04
3.804166666666666430e+01,1.271485020134929800e+04
3.806250000000000000e+01,1.271290045485291921e+04
3.808333333333332860e+01,1.615050746420333599e+04
3.810416666666666430e+01,1.614987274914658337e+04
3.812500000000000000e+01,1.271216944984781730e+04
3.814583333333332860e+01,1.271083949585428127e+04
3.816666666666666430e+01,1.614876027625179631e+04
3.818750000000000000e+01,1.549893132520313884e+04
3.820833333333332860e+01,1.271845118540482508e+04
3.822916666666666430e+01,1.295347714441434800e+04
3.825000000000000000e+01,1.615451464385930376e+04
3.827083333333332860e+01,1.597768892052034789e+04
3.829166666666666430e+01,1.271487496075542731e+04
3.831250000000000000e+01,1.271230094692109924e+04
3.833333333333332860e+01,1.605152801402837940e+04
3.835416666666666430e+01,1.588256404261916759e+04
3.837500000000000000e+01,1.271461488205920250e+04
3.839583333333332860e+01,1.338689994737207235e+04
3.841666666666666430e+01,1.698387707072417470e+04
3.843750000000000000e+01,1.689027404875123830e+04
3.845833333333332860e+01,1.380591448980701534e+04
3.847916666666666430e+01,1.383775172468256642e+04
3.850000000000000000e+01,1.727678823589638341e+04
3.852083333333332860e+01,1.692956678811455276e+04
3.854166666666666430e+01,1.378584327534470140e+04
3.856250000000000000e+01,1.387871695130364606e+04
3.858333333333332860e+01,1.713826319592290020e+04
3.860416666666666430e+01,1.695021515587760587e+04
3.862500000000000000e+01,1.361002069305027180e+04
3.864583333333332860e+01,1.356232163555605803e+04
3.866666666666666430e+01,1.695486499547464700e+04
3.868750000000000000e+01,1.677134229775426502e+04
3.870833333333332860e+01,1.343499018195492317e+04
3.872916666666666430e+01,1.339454333188996316e+04
3.875000000000000000e+01,1.647796874675690924e+04
3.877083333333332860e+01,1.668567891376122498e+04
3.879166666666666430e+01,1.329396771858054854e+04
3.881250000000000000e+01,1.326045977284043329e+04
3.883333333333332860e+01,1.662763905147570767e+04
3.885416666666666430e+01,1.628461044492775909e+04
3.887500000000000000e+01,1.318040391535692106e+04
3.889583333333332860e+01,1.352109313281082359e+04
3.891666666666666430e+01,1.657225532105214370e+04
3.893750000000000000e+01,1.573966349015158994e+04
3.895833333333332860e+01,1.309404480991630408e+04
3.897916666666666430e+01,1.393128004965425134e+04
3.900000000000000000e+01,1.649098631807025231e+04
3.902083333333332860e+01,1.561343532091974339e+04
3.904166666666666430e+01,1.301674476552863780e+04
3.906250000000000000e+01,1.372981398944382818e+04
3.908333333333332860e+01,1.622857027870635284e+04
3.910416666666666430e+01,1.555384483827945223e+04
3.912500000000000000e+01,1.296164953735262316e+04
3.914583333333332860e+01,1.380875443578177510e+04
3.916666666666666430e+01,1.637487974959512940e+04
3.918750000000000000e+01,1.550437933326377242e+04
3.920833333333332860e+01,1.291654360927107336e+04
3.922916666666666430e+01,1.376573151590204361e+04
3.925000000000000000e+01,1.633321484745678026e+04
3.927083333333332860e+01,1.546100871525791445e+04
3.929166666666666430e+01,1.287135783478762824e+04
3.931250000000000000e+01,1.419410538498490860e+04
3.933333333333332860e+01,1.629309336321910087e+04
3.935416666666666430e+01,1.529391094929554311e+04
3.937500000000000000e+01,1.284297790678575257e+04
3.939583333333332860e+01,1.357494314136445973e+04
3.941666666666666430e+01,1.600724053177983660e+04
3.943750000000000000e+01,1.533645439752391394e+04
3.945833333333332860e+01,1.289447738800445222e+04
3.947916666666666430e+01,1.367667352345019390e+04
3.950000000000000000e+01,1.624857044539211711e+04
3.952083333333332860e+01,1.536611938132936484e+04
3.954166666666666430e+01,1.280250449183351520e+04
3.956250000000000000e+01,1.365826856699311975e+04
3.958333333333332860e+01,1.618835040791758001e+04
3.960416666666666430e+01,1.495997683272486029e+04
3.962500000000000000e+01,1.279334675359529501e+04
3.964583333333332860e+01,1.400238804580634678e+04
3.966666666666666430e+01,1.604709363740135450e+04
3.968750000000000000e+01,1.462030134776261548e+04
3.970833333333332860e+01,1.246798854793052669e+04
3.972916666666666430e+01,1.363076460363198203e+04
3.975000000000000000e+01,1.495963973735417312e+04
3.977083333333332860e+01,1.392928158971562152e+04
3.979166666666666430e+01,1.244771597182636833e+04
3.981250000000000000e+01,1.354361775210485212e+04
3.983333333333332860e+01,1.521036884052782625e+04
3.985416666666666430e+01,1.451112657373926413e+04
3.987500000000000000e+01,1.211969520091782397e+04
3.989583333333332860e+01,1.313583228646455973e+04
3.991666666666666430e+01,1.554239411371075767e+04
3.993750000000000000e+01,1.465828826181781551e+04
3.995833333333332860e+01,1.277463284431069042e+04
3.997916666666666430e+01,1.351149915229695034e+04
4.000000000000000000e+01,1.527146311709513247e+04
4.002083333333332860e+01,1.478416526238389633e+04
4.004166666666666430e+01,1.364380773473883892e+04
4.006250000000000000e+01,1.367175999944061186e+04
4.008333333333332860e+01,1.541139246300870582e+04
4.010416666666666430e+01,1.457119686812640794e+04
4.012500000000000000e+01,1.372858192109752781e+04
4.014583333333332860e+01,1.448409852755402608e+04
4.016666666666666430e+01,1.471121451711294867e+04
4.018750000000000000e+01,1.464967968407516310e+04
4.020833333333332860e+01,1.467104372741565021e+04
4.022916666666666430e+01,1.467580239780466218e+04
4.025000000000000000e+01,1.505697254425138817e+04
4.027083333333332860e+01,1.466202703754672257e+04
4.029166666666666430e+01,1.419625686915187543e+04
4.031250000000000000e+01,1.469032431991518024e+04
4.033333333333332860e+01,1.511861270308541862e+04
4.035416666666666430e+01,1.465055547722742995e+04
4.037500000000000000e+01,1.462997477665718907e+04
4.039583333333332860e+01,1.459949527762706566e+04
4.041666666666666430e+01,1.455372700304524551e+04
4.043750000000000000e+01,1.452202672902699123e+04
4.045833333333332860e+01,1.450924348994137836e+04
4.047916666666666430e+01,1.448325593498154922e+04
4.050000000000000000e+01,1.530441437703294650e+04
4.052083333333332860e+01,1.440430248105746432e+04
4.054166666666666430e+01,1.397700885413346987e+04
4.056250000000000000e+01,1.436503288149809669e+04
4.058333333333332860e+01,1.520857441784427283e+04
4.060416666666666430e+01,1.424648007164135197e+04
4.062500000000000000e+01,1.359546121956500065e+04
4.064583333333332860e+01,1.432904260494526898e+04
4.066666666666666430e+01,1.518510546020234324e+04
4.068750000000000000e+01,1.505981294116225399e+04
4.070833333333332860e+01,1.347367225656172377e+04
4.072916666666666430e+01,1.331318685518078200e+04
4.075000000000000000e+01,1.520059080907727912e+04
4.077083333333332860e+01,1.520314808594544229e+04
4.079166666666666430e+01,1.360897393184381872e+04
4.081250000000000000e+01,1.381539412018006988e+04
4.083333333333332860e+01,1.522764893577148905e+04
4.085416666666666430e+01,1.499583459999962361e+04
4.087500000000000000e+01,1.352775590515415388e+04
4.089583333333332860e+01,1.361218254361539584e+04
4.091666666666666430e+01,1.524850598977562549e+04
4.093750000000000000e+01,1.524812919367174254e+04
4.095833333333332860e+01,1.347244686907756477e+04
4.097916666666666430e+01,1.358954616942047141e+04
4.100000000000000000e+01,1.527199103511304929e+04
4.102083333333332860e+01,1.552897212350525297e+04
4.104166666666666430e+01,1.351857926066275832e+04
4.106250000000000000e+01,1.246281681550310168e+04
4.108333333333332860e+01,1.345042092727258932e+04
4.110416666666666430e+01,1.372168252376975215e+04
4.112500000000000000e+01,1.238297561183616563e+04
4.114583333333332860e+01,1.157527077398990514e+04
4.116666666666666430e+01,1.447867660525270185e+04
4.118750000000000000e+01,1.504565455797366667e+04
4.120833333333332860e+01,1.249499731280409105e+04
4.122916666666666430e+01,1.234553490857849101e+04
4.125000000000000000e+01,1.530241632102593576e+04
4.127083333333332860e+01,1.555699385807543149e+04
4.129166666666666430e+01,1.266711543548959162e+04
4.131250000000000000e+01,1.265525714874566256e+04
4.133333333333332860e+01,1.587144880837029996e+04
4.135416666666666430e+01,1.591721163916714431e+04
4.137500000000000000e+01,1.267358976054324012e+04
4.139583333333332860e+01,1.332691419195581329e+04
4.141666666666666430e+01,1.600774649346613296e+04
4.143750000000000000e+01,1.518374108622828862e+04
4.145833333333332860e+01,1.347971524795315781e+04
4.147916666666666430e+01,1.350389703036921128e+04
4.150000000000000000e+01,1.525102462617534184e+04
4.152083333333332860e+01,1.579948655459202928e+04
4.154166666666666430e+01,1.357219193925840591e+04
4.156250000000000000e+01,1.309775857489564805e+04
4.158333333333332860e+01,1.578599525634447127e+04
4.160416666666666430e+01,1.618646762496395604e+04
4.162500000000000000e+01,1.286841076229889586e+04
4.164583333333332860e+01,1.288434732113788777e+04
4.166666666666666430e+01,1.610701033200453458e+04
4.168750000000000000e+01,1.558329121521152410e+04
4.170833333333332860e+01,1.273555114924785448e+04
4.172916666666666430e+01,1.314661033518398472e+04
4.175000000000000000e+01,1.570353542876040956e+04
4.177083333333332860e+01,1.544428421139500279e+04
4.179166666666666430e+01,1.263762127283122027e+04
4.181250000000000000e+01,1.347794669468005668e+04
4.183333333333332860e+01,1.580041802886936784e+04
4.185416666666666430e+01,1.489951120847340644e+04
4.187500000000000000e+01,1.257191959291210151e+04
4.189583333333332860e+01,1.342376619486973868e+04
4.191666666666666430e+01,1.598933607304154793e+04
4.193750000000000000e+01,1.468820100731414641e+04
4.195833333333332860e+01,1.254813887147754212e+04
4.197916666666666430e+01,1.336102413240352689e+04
4.200000000000000000e+01,1.560046031936635700e+04
4.202083333333332860e+01,1.513274283522523547e+04
4.204166666666666430e+01,1.310466745773691582e+04
4.206250000000000000e+01,1.342603696643345393e+04
4.208333333333332860e+01,1.514864058913534245e+04
4.210416666666666430e+01,1.515354565842219017e+04
4.212500000000000000e+01,1.344043415436490977e+04
4.214583333333332860e+01,1.344478152267887708e+04
4.216666666666666430e+01,1.517069550070384139e+04
4.218750000000000000e+01,1.517638588712914134e+04
4.220833333333332860e+01,1.346112309589712822e+04
4.222916666666666430e+01,1.364496213174171135e+04
4.225000000000000000e+01,1.519482214690702676e+04
4.227083333333332860e+01,1.519808428585673755e+04
4.229166666666666430e+01,1.375299561278830151e+04
4.231250000000000000e+01,1.344479367864964661e+04
4.233333333333332860e+01,1.520815946635185901e+04
4.235416666666666430e+01,1.520942207620851696e+04
4.237500000000000000e+01,1.402428870892844861e+04
4.239583333333332860e+01,1.447294198585672711e+04
4.241666666666666430e+01,1.623961013062763232e+04
4.243750000000000000e+01,1.632968993720717117e+04
4.245833333333332860e+01,1.465111752716049523e+04
4.247916666666666430e+01,1.468840530221765584e+04
4.250000000000000000e+01,1.634903693936361742e+04
4.252083333333332860e+01,1.631363508802534488e+04
4.254166666666666430e+01,1.453820888431348067e+04
4.256250000000000000e+01,1.471962123716884889e+04
4.258333333333332860e+01,1.619640992137245485e+04
4.260416666666666430e+01,1.614734351727865578e+04
4.262500000000000000e+01,1.438819962453762128e+04
4.264583333333332860e+01,1.434339459132119737e+04
4.266666666666666430e+01,1.601397622613457497e+04
4.268750000000000000e+01,1.597043043580838639e+04
4.270833333333332860e+01,1.421620487537761801e+04
4.272916666666666430e+01,1.417921217419027016e+04
4.275000000000000000e+01,1.585946976535510476e+04
4.277083333333332860e+01,1.582419832554162349e+04
4.279166666666666430e+01,1.407768006855726344e+04
4.281250000000000000e+01,1.404628200511862451e+04
4.283333333333332860e+01,1.574219961016900925e+04
4.285416666666666430e+01,1.558695044402616986e+04
4.287500000000000000e+01,1.397716223513094155e+04
4.289583333333332860e+01,1.434541464918806014e+04
4.291666666666666430e+01,1.564830128147201685e+04
4.293750000000000000e+01,1.476601083281169122e+04
4.295833333333332860e+01,1.412511241844545293e+04
4.297916666666666430e+01,1.472822224139707760e+04
4.300000000000000000e+01,1.556824974628896234e+04
4.302083333333332860e+01,1.469175976940262990e+04
4.304166666666666430e+01,1.381722435904471422e+04
4.306250000000000000e+01,1.466260439851204501e+04
4.308333333333332860e+01,1.550776321259529504e+04
4.310416666666666430e+01,1.463439101530241169e+04
4.312500000000000000e+01,1.376357151721203263e+04
4.314583333333332860e+01,1.461317586691226097e+04
4.316666666666666430e+01,1.546151529826963815e+04
4.318750000000000000e+01,1.459099454678159964e+04
4.320833333333332860e+01,1.389067012569612416e+04
4.322916666666666430e+01,1.457542961047260178e+04
4.325000000000000000e+01,1.542488698500584360e+04
4.327083333333332860e+01,1.455701881702778701e+04
4.329166666666666430e+01,1.430444859619324052e+04
4.331250000000000000e+01,1.537934954656545960e+04
4.333333333333332860e+01,1.639110743511258261e+04
4.335416666666666430e+01,1.561401615088724429e+04
4.337500000000000000e+01,1.510666506335075610e+04
4.339583333333332860e+01,1.563986666447539756e+04
4.341666666666666430e+01,1.643116689084018435e+04
4.343750000000000000e+01,1.557677332684221255e+04
4.345833333333332860e+01,1.467340866809271756e+04
4.347916666666666430e+01,1.548257756243177937e+04
4.350000000000000000e+01,1.628997735074752563e+04
4.352083333333332860e+01,1.538106774060982207e+04
4.354166666666666430e+01,1.447437963346535980e+04
4.356250000000000000e+01,1.528616150491439475e+04
4.358333333333332860e+01,1.609846155271618773e+04
4.360416666666666430e+01,1.519608558410354817e+04
4.362500000000000000e+01,1.437646941928454544e+04
4.364583333333332860e+01,1.511796389396192171e+04
4.366666666666666430e+01,1.593810863295075615e+04
4.368750000000000000e+01,1.504462170547073401e+04
4.370833333333332860e+01,1.452191582692570591e+04
4.372916666666666430e+01,1.498421536066659246e+04
4.375000000000000000e+01,1.552539464601026702e+04
4.377083333333332860e+01,1.492774315367741656e+04
4.379166666666666430e+01,1.436238320737237518e+04
4.381250000000000000e+01,1.487797758851828621e+04
4.383333333333332860e+01,1.558623996651326888e+04
4.385416666666666430e+01,1.483135020372964209e+04
4.387500000000000000e+01,1.395114086613595282e+04
4.389583333333332860e+01,1.478971620899960908e+04
4.391666666666666430e+01,1.562954781507042208e+04
4.393750000000000000e+01,1.475305087301945241e+04
4.395833333333332860e+01,1.407461451356722682e+04
4.397916666666666430e+01,1.472113686370350842e+04
4.400000000000000000e+01,1.556632387124247180e+04
4.402083333333332860e+01,1.483801319420550499e+04
4.404166666666666430e+01,1.382677943689178210e+04
4.406250000000000000e+01,1.438628964498885762e+04
4.408333333333332860e+01,1.552187704190905060e+04
4.410416666666666430e+01,1.477053981526451389e+04
4.412500000000000000e+01,1.377935225250826261e+04
4.414583333333332860e+01,1.462671179992534962e+04
4.416666666666666430e+01,1.547751136296579352e+04
4.418750000000000000e+01,1.478934510847744605e+04
4.420833333333332860e+01,1.386747609522111088e+04
4.422916666666666430e+01,1.477511931428315438e+04
4.425000000000000000e+01,1.545051123111927518e+04
4.427083333333332860e+01,1.458427005988108067e+04
4.429166666666666430e+01,1.371739867750064150e+04
4.431250000000000000e+01,1.438217580156668191e+04
4.433333333333332860e+01,1.542213388917641714e+04
4.435416666666666430e+01,1.455743500180106639e+04
4.437500000000000000e+01,1.369400367280412320e+04
4.439583333333332860e+01,1.454733281412897122e+04
4.441666666666666430e+01,1.540009279964882444e+04
4.443750000000000000e+01,1.459736711234138056e+04
4.445833333333332860e+01,1.393296274224168883e+04
4.447916666666666430e+01,1.453296854641518803e+04
4.450000000000000000e+01,1.535869476392525758e+04
4.452083333333332860e+01,1.435961730235227151e+04
4.454166666666666430e+01,1.366636353857400900e+04
4.456250000000000000e+01,1.452047465297501913e+04
4.458333333333332860e+01,1.537540594338528899e+04
4.460416666666666430e+01,1.397213161717873663e+04
4.462500000000000000e+01,1.223972685391967934e+04
4.464583333333332860e+01,1.259839453691887320e+04
4.466666666666666430e+01,1.438139277740879334e+04
4.468750000000000000e+01,1.504471803247548814e+04
4.470833333333332860e+01,1.190734595181240365e+04
4.472916666666666430e+01,1.226028306034457273e+04
4.475000000000000000e+01,1.544930535869982850e+04
4.477083333333332860e+01,1.526555304238275858e+04
4.479166666666666430e+01,1.223849479091238209e+04
4.481250000000000000e+01,1.233595506636419304e+04
4.483333333333332860e+01,1.524811120534917427e+04
4.485416666666666430e+01,1.597785701813987180e+04
4.487500000000000000e+01,1.400055486544300584e+04
4.489583333333332860e+01,1.279778489593532868e+04
4.491666666666666430e+01,1.468183000292824363e+04
4.493750000000000000e+01,1.534810758848721161e+04
4.495833333333332860e+01,1.548621401102008895e+04
4.497916666666666430e+01,1.454632797739559464e+04
4.500000000000000000e+01,1.370804734356219706e+04
4.502083333333332860e+01,1.287245750439573021e+04
4.504166666666666430e+01,1.494554885154819203e+04
4.506250000000000000e+01,1.635118456349803091e+04
4.508333333333332860e+01,1.636770787847970496e+04
4.510416666666666430e+01,1.462638968693644711e+04
4.512500000000000000e+01,1.297255520313834131e+04
4.514583333333332860e+01,1.297108121373530594e+04
4.516666666666666430e+01,1.552896636139204202e+04
4.518750000000000000e+01,1.599091926728022372e+04
4.520833333333332860e+01,1.456963322488410631e+04
4.522916666666666430e+01,1.380314192144344634e+04
4.525000000000000000e+01,1.392169166033228976e+04
4.527083333333332860e+01,1.543070627502936622e+04
4.529166666666666430e+01,1.535326705040027082e+04
4.531250000000000000e+01,1.429016542141708487e+04
4.533333333333332860e+01,1.364474760480463010e+04
4.535416666666666430e+01,1.489717996689971915e+04
4.537500000000000000e+01,1.532191705128568356e+04
4.539583333333332860e+01,1.357354246111631801e+04
4.541666666666666430e+01,1.406985960887776673e+04
4.543750000000000000e+01,1.507542509759129825e+04
4.545833333333332860e+01,1.478263639200492253e+04
4.547916666666666430e+01,1.349469111106136188e+04
4.550000000000000000e+01,1.402743346557773839e+04
4.552083333333332860e+01,1.472684716752555687e+04
4.554166666666666430e+01,1.476808030780346235e+04
4.556250000000000000e+01,1.399830319509072069e+04
4.558333333333332860e+01,1.388488100851156196e+04
4.560416666666666430e+01,1.433829844425248666e+04
4.562500000000000000e+01,1.519824827367926991e+04
4.564583333333332860e+01,1.433271155552369964e+04
4.566666666666666430e+01,1.349290048838804069e+04
4.568750000000000000e+01,1.435585710270224445e+04
4.570833333333332860e+01,1.521828733360102342e+04
4.572916666666666430e+01,1.436646731869063296e+04
4.575000000000000000e+01,1.351444085754353364e+04
4.577083333333332860e+01,1.437643467472766497e+04
4.579166666666666430e+01,1.523894327748517753e+04
4.581250000000000000e+01,1.438665015175715962e+04
4.583333333333332860e+01,1.353326259923424004e+04
4.585416666666666430e+01,1.439454047515968341e+04
4.587500000000000000e+01,1.525602687742147100e+04
4.589583333333332860e+01,1.440142481822185073e+04
4.591666666666666430e+01,1.379743896856978245e+04
4.593750000000000000e+01,1.522425870960713291e+04
4.595833333333332860e+01,1.458053337702690987e+04
4.597916666666666430e+01,1.363621838048276550e+04
4.600000000000000000e+01,1.267172181351326071e+04
4.602083333333332860e+01,1.337166343840461559e+04
4.604166666666666430e+01,1.492025044255616740e+04
4.606250000000000000e+01,1.342499950788415299e+04
4.608333333333332860e+01,1.181394082820669610e+04
4.610416666666666430e+01,1.364094902879541769e+04
4.612500000000000000e+01,1.500522985081728984e+04
4.614583333333332860e+01,1.383288254323222645e+04
4.616666666666666430e+01,1.305915802801137033e+04
4.618750000000000000e+01,1.462515530038079669e+04
4.620833333333332860e+01,1.318849451058727936e+04
4.622916666666666430e+01,1.400998656119340376e+04
4.625000000000000000e+01,1.471875871509879289e+04
4.627083333333332860e+01,1.422946036905758228e+04
4.629166666666666430e+01,1.419404417950652351e+04
4.631250000000000000e+01,1.306210487076913341e+04
4.633333333333332860e+01,1.348539151166383817e+04
4.635416666666666430e+01,1.608423852112138411e+04
4.637500000000000000e+01,1.504734240393746950e+04
4.639583333333332860e+01,1.369491031670144730e+04
4.641666666666666430e+01,1.314981745772854265e+04
4.643750000000000000e+01,1.443303337303101580e+04
4.645833333333332860e+01,1.497127440332813421e+04
4.647916666666666430e+01,1.481646813594458217e+04
4.650000000000000000e+01,1.422116913352300253e+04
4.652083333333332860e+01,1.383222439791145734e+04
4.654166666666666430e+01,1.425467135649964257e+04
4.656250000000000000e+01,1.530058956648739695e+04
4.658333333333332860e+01,1.530642436580652793e+04
4.660416666666666430e+01,1.343319547883303312e+04
4.662500000000000000e+01,1.354305541935967995e+04
4.664583333333332860e+01,1.533179905163695730e+04
4.666666666666666430e+01,1.524953943231896119e+04
4.668750000000000000e+01,1.351708371663969956e+04
4.670833333333332860e+01,1.361917638696504218e+04
4.672916666666666430e+01,1.566035679146316761e+04
4.675000000000000000e+01,1.517283704887393833e+04
4.677083333333332860e+01,1.273338701899399894e+04
4.679166666666666430e+01,1.375935053750200677e+04
4.681250000000000000e+01,1.595778632909463340e+04
4.683333333333332860e+01,1.506726401863703359e+04
4.685416666666666430e+01,1.254992891780167702e+04
4.687500000000000000e+01,1.294917577301153142e+04
4.689583333333332860e+01,1.598920823884297715e+04
4.691666666666666430e+01,1.513060760154989111e+04
4.693750000000000000e+01,1.289792806196972379e+04
4.695833333333332860e+01,1.361666891356309497e+04
4.697916666666666430e+01,1.600808967800955725e+04
4.700000000000000000e+01,1.515159312984123244e+04
4.702083333333332860e+01,1.258135908127932998e+04
4.704166666666666430e+01,1.344765496323350817e+04
4.706250000000000000e+01,1.602775778126513615e+04
4.708333333333332860e+01,1.517124216639583028e+04
4.710416666666666430e+01,1.260079963637476249e+04
4.712500000000000000e+01,1.324887046794152775e+04
4.714583333333332860e+01,1.601504227997023190e+04
4.716666666666666430e+01,1.504610383171551439e+04
4.718750000000000000e+01,1.262319005385186028e+04
4.720833333333332860e+01,1.348785766328565296e+04
4.722916666666666430e+01,1.606765521022113535e+04
4.725000000000000000e+01,1.479256930094242489e+04
4.727083333333332860e+01,1.316441922332479589e+04
4.729166666666666430e+01,1.474751886355998431e+04
4.731250000000000000e+01,1.705399664209293041e+04
4.733333333333332860e+01,1.552172181365825963e+04
4.735416666666666430e+01,1.402600209629061283e+04
4.737500000000000000e+01,1.551400474489679982e+04
4.739583333333332860e+01,1.709169779583492709e+04
4.741666666666666430e+01,1.545804428568857111e+04
4.743750000000000000e+01,1.369744753417756147e+04
4.745833333333332860e+01,1.537678322019302504e+04
4.747916666666666430e+01,1.705034294367593247e+04
4.750000000000000000e+01,1.528185337174569577e+04
4.752083333333332860e+01,1.351638216239794565e+04
4.754166666666666430e+01,1.519581940401661268e+04
4.756250000000000000e+01,1.687294771257375760e+04
4.758333333333332860e+01,1.511050763062110855e+04
4.760416666666666430e+01,1.335189245547875908e+04
4.762500000000000000e+01,1.503785383602699949e+04
4.764583333333332860e+01,1.650572525671270705e+04
4.766666666666666430e+01,1.466737320283737427e+04
4.768750000000000000e+01,1.344290699698316166e+04
4.770833333333332860e+01,1.491896787247780958e+04
4.772916666666666430e+01,1.660788397257119505e+04
4.775000000000000000e+01,1.486222179732247969e+04
4.777083333333332860e+01,1.344079367961656317e+04
4.779166666666666430e+01,1.505661402172868111e+04
4.781250000000000000e+01,1.637027465495415527e+04
4.783333333333332860e+01,1.477109432232475228e+04
4.785416666666666430e+01,1.303022924263696768e+04
4.787500000000000000e+01,1.472813468926226051e+04
4.789583333333332860e+01,1.626434446211919931e+04
4.791666666666666430e+01,1.441826229242954651e+04
4.793750000000000000e+01,1.298199987243064970e+04
4.795833333333332860e+01,1.466607991349785152e+04
4.797916666666666430e+01,1.636821989454284994e+04
4.800000000000000000e+01,1.463802303259523251e+04
4.802083333333332860e+01,1.314578791471034128e+04
4.804166666666666430e+01,1.461527135062131129e+04
4.806250000000000000e+01,1.628239209105021655e+04
4.808333333333332860e+01,1.459644430838547123e+04
4.810416666666666430e+01,1.286790877581682435e+04
4.812500000000000000e+01,1.457610995906767857e+04
4.814583333333332860e+01,1.599119333055626703e+04
4.816666666666666430e+01,1.456059657853822137e+04
4.818750000000000000e+01,1.291329568406273393e+04
4.820833333333332860e+01,1.454452142626155910e+04
4.822916666666666430e+01,1.625441527350803881e+04
4.825000000000000000e+01,1.453054005112167943e+04
4.827083333333332860e+01,1.302379883893104488e+04
4.829166666666666430e+01,1.451996740511357348e+04
4.831250000000000000e+01,1.623208717342937234e+04
4.833333333333332860e+01,1.446298533454224162e+04
4.835416666666666430e+01,1.278765502748425206e+04
4.837500000000000000e+01,1.450107256890473582e+04
4.839583333333332860e+01,1.606870288636694022e+04
4.841666666666666430e+01,1.423514666083166958e+04
4.843750000000000000e+01,1.277492406656602179e+04
4.845833333333332860e+01,1.448921593059514998e+04
4.847916666666666430e+01,1.620288855201568731e+04
4.850000000000000000e+01,1.447938718224741388e+04
4.852083333333332860e+01,1.275659649827278190e+04
4.854166666666666430e+01,1.447428600274085693e+04
4.856250000000000000e+01,1.619022637229669999e+04
4.858333333333332860e+01,1.446732332378060528e+04
4.860416666666666430e+01,1.274532566611787479e+04
4.862500000000000000e+01,1.446480445253205471e+04
4.864583333333332860e+01,1.616580366815143861e+04
4.866666666666666430e+01,1.445897050909113750e+04
4.868750000000000000e+01,1.273723746873565688e+04
4.870833333333332860e+01,1.445807459284404467e+04
4.872916666666666430e+01,1.608563655555644073e+04
4.875000000000000000e+01,1.445382857901508760e+04
4.877083333333332860e+01,1.273252046762513055e+04
4.879166666666666430e+01,1.445389940488987122e+04
4.881250000000000000e+01,1.617187214746096652e+04
4.883333333333332860e+01,1.444922208107259576e+04
4.885416666666666430e+01,1.272817975220752851e+04
4.887500000000000000e+01,1.444857430244712305e+04
4.889583333333332860e+01,1.616625936570857084e+04
4.891666666666666430e+01,1.401793768831898706e+04
4.893750000000000000e+01,1.273253564926368927e+04
4.895833333333332860e+01,1.468906853040591159e+04
4.897916666666666430e+01,1.616891163834165127e+04
4.900000000000000000e+01,1.444749888099997042e+04
4.902083333333332860e+01,1.305422315839332805e+04
4.904166666666666430e+01,1.444528375891019823e+04
4.906250000000000000e+01,1.588423541988832949e+04
4.908333333333332860e+01,1.444606194642783521e+04
4.910416666666666430e+01,1.281266420521007967e+04
4.912500000000000000e+01,1.444093989102906926e+04
4.914583333333332860e+01,1.615657549219609064e+04
4.916666666666666430e+01,1.422466353516340314e+04
4.918750000000000000e+01,1.297454095030431563e+04
4.920833333333332860e+01,1.444210213183224914e+04
4.922916666666666430e+01,1.614079694712413038e+04
4.925000000000000000e+01,1.444182898437244512e+04
4.927083333333332860e+01,1.272249748938117773e+04
4.929166666666666430e+01,1.443769389307689562e+04
4.931250000000000000e+01,1.593705730675998711e+04
4.933333333333332860e+01,1.443839466598813306e+04
4.935416666666666430e+01,1.271862518417040337e+04
4.937500000000000000e+01,1.443576422330277273e+04
4.939583333333332860e+01,1.615261903970911953e+04
4.941666666666666430e+01,1.443427542082128639e+04
4.943750000000000000e+01,1.271507057224988239e+04
4.945833333333332860e+01,1.443354190643977927e+04
4.947916666666666430e+01,1.595673386110450519e+04
4.950000000000000000e+01,1.443441924926428328e+04
4.952083333333332860e+01,1.298145038554286657e+04
4.954166666666666430e+01,1.443709240625191524e+04
4.956250000000000000e+01,1.606916448846429921e+04
4.958333333333332860e+01,1.425552152433230003e+04
4.960416666666666430e+01,1.272061237502926087e+04
4.962500000000000000e+01,1.443766412036113979e+04
4.964583333333332860e+01,1.608471393257109958e+04
4.966666666666666430e+01,1.495852067013110718e+04
4.968750000000000000e+01,1.391036215178752900e+04
4.970833333333332860e+01,1.543943563229428037e+04
4.972916666666666430e+01,1.671626919307154094e+04
4.975000000000000000e+01,1.556077356268868607e+04
4.977083333333332860e+01,1.469936057622656153e+04
4.979166666666666430e+01,1.553751548050838028e+04
4.981250000000000000e+01,1.636562185796447739e+04
4.983333333333332860e+01,1.546298290432030990e+04
4.985416666666666430e+01,1.455863974533615328e+04
4.987500000000000000e+01,1.498690337116107912e+04
4.989583333333332860e+01,1.618773012940738045e+04
4.991666666666666430e+01,1.585355632723644521e+04
4.993750000000000000e+01,1.471111587089260502e+04
4.995833333333332860e+01,1.433853326342348009e+04
4.997916666666666430e+01,1.588763691745526376e+04
5.000000000000000000e+01,1.598000884431781014e+04
5.002083333333332860e+01,1.437399339553005848e+04
5.004166666666666430e+01,1.418737153397721704e+04
5.006250000000000000e+01,1.587103033223800594e+04
5.008333333333332860e+01,1.584082121803099653e+04
5.010416666666666430e+01,1.409242136010601462e+04
5.012500000000000000e+01,1.419947249130727141e+04
5.014583333333332860e+01,1.575849697378844212e+04
5.016666666666666430e+01,1.573361478454558892e+04
5.018750000000000000e+01,1.399081311604882649e+04
5.020833333333332860e+01,1.396898993604774660e+04
5.022916666666666430e+01,1.566617317985104455e+04
5.025000000000000000e+01,1.564627303885995570e+04
5.027083333333332860e+01,1.390850432452673704e+04
5.029166666666666430e+01,1.407862513732426669e+04
5.031250000000000000e+01,1.559912081954456153e+04
5.033333333333332860e+01,1.558058564603476043e+04
5.035416666666666430e+01,1.384530644813556864e+04
5.037500000000000000e+01,1.383471743422931468e+04
5.039583333333332860e+01,1.536441427642046256e+04
5.041666666666666430e+01,1.552817393840369550e+04
5.043750000000000000e+01,1.379667454391011051e+04
5.045833333333332860e+01,1.379010032836188839e+04
5.047916666666666430e+01,1.549848320371573209e+04
5.050000000000000000e+01,1.548583857629911290e+04
5.052083333333332860e+01,1.408102689312703660e+04
5.054166666666666430e+01,1.375257070398147698e+04
5.056250000000000000e+01,1.519530190932387995e+04
5.058333333333332860e+01,1.545464479319389284e+04
5.060416666666666430e+01,1.382852914868747393e+04
5.062500000000000000e+01,1.372198197912017713e+04
5.064583333333332860e+01,1.543321413202392432e+04
5.066666666666666430e+01,1.542633827717749955e+04
5.068750000000000000e+01,1.370126538706694191e+04
5.070833333333332860e+01,1.401218729859833911e+04
5.072916666666666430e+01,1.541546846404857934e+04
5.075000000000000000e+01,1.540933779192615475e+04
5.077083333333332860e+01,1.368489918402512558e+04
5.079166666666666430e+01,1.367908138847918599e+04
5.081250000000000000e+01,1.539198610903291410e+04
5.083333333333332860e+01,1.527719377236953733e+04
5.085416666666666430e+01,1.382741227699652154e+04
5.087500000000000000e+01,1.366635375868464325e+04
5.089583333333332860e+01,1.537987689101580327e+04
5.091666666666666430e+01,1.538034877990277528e+04
5.093750000000000000e+01,1.353754545031121961e+04
5.095833333333332860e+01,1.365461026720568771e+04
5.097916666666666430e+01,1.474392144152574474e+04
5.100000000000000000e+01,1.446868786660079058e+04
5.102083333333332860e+01,1.253208971633259353e+04
5.104166666666666430e+01,1.165667274732917031e+04
5.106250000000000000e+01,1.327916301398301948e+04
5.108333333333332860e+01,1.420965691304101711e+04
5.110416666666666430e+01,1.261959889329824000e+04
5.112500000000000000e+01,1.200008003350667059e+04
5.114583333333332860e+01,1.469575083823060777e+04
5.116666666666666430e+01,1.571286974799837117e+04
5.118750000000000000e+01,1.291864717696026128e+04
5.120833333333332860e+01,1.299170658322778036e+04
5.122916666666666430e+01,1.602039809488204628e+04
5.125000000000000000e+01,1.582382357849823529e+04
5.127083333333332860e+01,1.271284255204290821e+04
5.129166666666666430e+01,1.360976611152856276e+04
5.131250000000000000e+01,1.623266985560366447e+04
5.133333333333332860e+01,1.626016656722984408e+04
5.135416666666666430e+01,1.284026133274901076e+04
5.137500000000000000e+01,1.371526038321889428e+04
5.139583333333332860e+01,1.631302930268871569e+04
5.141666666666666430e+01,1.532049834878642650e+04
5.143750000000000000e+01,1.364283145974114450e+04
5.145833333333332860e+01,1.379627670348627726e+04
5.147916666666666430e+01,1.554320640274945617e+04
5.150000000000000000e+01,1.579108777134607953e+04
5.152083333333332860e+01,1.382224761661792581e+04
5.154166666666666430e+01,1.435242399372491855e+04
5.156250000000000000e+01,1.555688938941661036e+04
5.158333333333332860e+01,1.554767519739531053e+04
5.160416666666666430e+01,1.379087869375834998e+04
5.162500000000000000e+01,1.376364045921322759e+04
5.164583333333332860e+01,1.547714638513420141e+04
5.166666666666666430e+01,1.545267644923756234e+04
5.168750000000000000e+01,1.324281243177422220e+04
5.170833333333332860e+01,1.393527771653094533e+04
5.172916666666666430e+01,1.534197744757117107e+04
5.175000000000000000e+01,1.531109184186092898e+04
5.177083333333332860e+01,1.354047713690167802e+04
5.179166666666666430e+01,1.286099605188520582e+04
5.181250000000000000e+01,1.523308445531977122e+04
5.183333333333332860e+01,1.587290931548799199e+04
5.185416666666666430e+01,1.293946027181139289e+04
5.187500000000000000e+01,1.266883100940561781e+04
5.189583333333332860e+01,1.549127839840023807e+04
5.191666666666666430e+01,1.604753193361418016e+04
5.193750000000000000e+01,1.261243736173954312e+04
5.195833333333332860e+01,1.261353404855552799e+04
5.197916666666666430e+01,1.605141190190789712e+04
5.200000000000000000e+01,1.597903237438670112e+04
5.202083333333332860e+01,1.262345007554711628e+04
5.204166666666666430e+01,1.262530877804578267e+04
5.206250000000000000e+01,1.532312952110898550e+04
5.208333333333332860e+01,1.605882917005393392e+04
5.210416666666666430e+01,1.264791482785027983e+04
5.212500000000000000e+01,1.279134846151045349e+04
5.214583333333332860e+01,1.609979530197885833e+04
5.216666666666666430e+01,1.578860455442512830e+04
5.218750000000000000e+01,1.267259015133405410e+04
5.220833333333332860e+01,1.267114336855855436e+04
5.222916666666666430e+01,1.607601519103661849e+04
5.225000000000000000e+01,1.565299830357215615e+04
5.227083333333332860e+01,1.268584675373814753e+04
5.229166666666666430e+01,1.312421504253972671e+04
5.231250000000000000e+01,1.609502384128127960e+04
5.233333333333332860e+01,1.470885301136448470e+04
5.235416666666666430e+01,1.259549401705236960e+04
5.237500000000000000e+01,1.358072894859755615e+04
5.239583333333332860e+01,1.496858047440341397e+04
5.241666666666666430e+01,1.419231467637943933e+04
5.243750000000000000e+01,1.170699639355323052e+04
5.245833333333332860e+01,1.276267395028817919e+04
5.247916666666666430e+01,1.480986539841924969e+04
5.250000000000000000e+01,1.459186011289479211e+04
5.252083333333332860e+01,1.300329545210947981e+04
5.254166666666666430e+01,1.311055633272895648e+04
5.256250000000000000e+01,1.415384926614513824e+04
5.258333333333332860e+01,1.494596808939452239e+04
5.260416666666666430e+01,1.348723299333684918e+04
5.262500000000000000e+01,1.362744767916030105e+04
5.264583333333332860e+01,1.450467748002656663e+04
5.266666666666666430e+01,1.498740264695186124e+04
5.268750000000000000e+01,1.342868878531789960e+04
5.270833333333332860e+01,1.318249342647527737e+04
5.272916666666666430e+01,1.478095958046795204e+04
5.275000000000000000e+01,1.486836981303906578e+04
5.277083333333332860e+01,1.353784126235941585e+04
5.279166666666666430e+01,1.356163346666131474e+04
5.281250000000000000e+01,1.530922370633566607e+04
5.283333333333332860e+01,1.532053656015218075e+04
5.285416666666666430e+01,1.342810921690773466e+04
5.287500000000000000e+01,1.323229635419395709e+04
5.289583333333332860e+01,1.533257218802966236e+04
5.291666666666666430e+01,1.511104928870635922e+04
5.293750000000000000e+01,1.360098076634284371e+04
5.295833333333332860e+01,1.378172114892385798e+04
5.297916666666666430e+01,1.531436728131967902e+04
5.300000000000000000e+01,1.572302370301369592e+04
5.302083333333332860e+01,1.354088843240758797e+04
5.304166666666666430e+01,1.368942917568318444e+04
5.306250000000000000e+01,1.522204353289504797e+04
5.308333333333332860e+01,1.493096435432675935e+04
5.310416666666666430e+01,1.364914084187753906e+04
5.312500000000000000e+01,1.443736708810418713e+04
5.314583333333332860e+01,1.515689911330656105e+04
5.316666666666666430e+01,1.427959981066824548e+04
5.318750000000000000e+01,1.371906888174925189e+04
5.320833333333332860e+01,1.427163072043424472e+04
5.322916666666666430e+01,1.512871866283607233e+04
5.325000000000000000e+01,1.426647681804614695e+04
5.327083333333332860e+01,1.402495717872309251e+04
5.329166666666666430e+01,1.427070196401125577e+04
5.331250000000000000e+01,1.439766747558946008e+04
5.333333333333332860e+01,1.446010417789450003e+04
5.335416666666666430e+01,1.429230873564587819e+04
5.337500000000000000e+01,1.387015255350954249e+04
5.339583333333332860e+01,1.430470148205316582e+04
5.341666666666666430e+01,1.516607488975457090e+04
5.343750000000000000e+01,1.431096947184531018e+04
5.345833333333332860e+01,1.346005250099774639e+04
5.347916666666666430e+01,1.432485074712756614e+04
5.350000000000000000e+01,1.518525331506897783e+04
5.352083333333332860e+01,1.432897374537073483e+04
5.354166666666666430e+01,1.365822005883747624e+04
5.356250000000000000e+01,1.434323069007685626e+04
5.358333333333332860e+01,1.520237110061870408e+04
5.360416666666666430e+01,1.434472753385125543e+04
5.362500000000000000e+01,1.348922013557656101e+04
5.364583333333332860e+01,1.488159484018202420e+04
5.366666666666666430e+01,1.605643168115557273e+04
5.368750000000000000e+01,1.537584058503403139e+04
5.370833333333332860e+01,1.460848634544899687e+04
5.372916666666666430e+01,1.550480575583598693e+04
5.375000000000000000e+01,1.634615353484337538e+04
5.377083333333332860e+01,1.548869141963784205e+04
5.379166666666666430e+01,1.459630381336599385e+04
5.381250000000000000e+01,1.565003167737952754e+04
5.383333333333332860e+01,1.615288059019125285e+04
5.385416666666666430e+01,1.532841851042101553e+04
5.387500000000000000e+01,1.442178255752198311e+04
5.389583333333332860e+01,1.523616819595978450e+04
5.391666666666666430e+01,1.605253996137628201e+04
5.393750000000000000e+01,1.514994155039855104e+04
5.395833333333332860e+01,1.424874471335780254e+04
5.397916666666666430e+01,1.507118697580338630e+04
5.400000000000000000e+01,1.604509132479626714e+04
5.402083333333332860e+01,1.500121141191888819e+04
5.404166666666666430e+01,1.412360032656472686e+04
5.406250000000000000e+01,1.534488927001037882e+04
5.408333333333332860e+01,1.577092732420947505e+04
5.410416666666666430e+01,1.445407629779503259e+04
5.412500000000000000e+01,1.396662434567794480e+04
5.414583333333332860e+01,1.569129742193198035e+04
5.416666666666666430e+01,1.552503865072399276e+04
5.418750000000000000e+01,1.361553844502670108e+04
5.420833333333332860e+01,1.394235792165748717e+04
5.422916666666666430e+01,1.560636359964452640e+04
5.425000000000000000e+01,1.558604914189097690e+04
5.427083333333332860e+01,1.385196428471942272e+04
5.429166666666666430e+01,1.439306693721454576e+04
5.431250000000000000e+01,1.554384854843184075e+04
5.433333333333332860e+01,1.543804767796187662e+04
5.435416666666666430e+01,1.375134332114348581e+04
5.437500000000000000e+01,1.343053219205271671e+04
5.439583333333332860e+01,1.548859852632401817e+04
5.441666666666666430e+01,1.573373650524098048e+04
5.443750000000000000e+01,1.375194626755685749e+04
5.445833333333332860e+01,1.332964042462093494e+04
5.447916666666666430e+01,1.544713909895963661e+04
5.450000000000000000e+01,1.593407685986088109e+04
5.452083333333332860e+01,1.371188042621506611e+04
5.454166666666666430e+01,1.310199862475669215e+04
5.456250000000000000e+01,1.547228917115162039e+04
5.458333333333332860e+01,1.612730905732409883e+04
5.460416666666666430e+01,1.368129965601044751e+04
5.462500000000000000e+01,1.281465700790727715e+04
5.464583333333332860e+01,1.538509787033751854e+04
5.466666666666666430e+01,1.623731950302296173e+04
5.468750000000000000e+01,1.365405381121086612e+04
5.470833333333332860e+01,1.279102568958849224e+04
5.472916666666666430e+01,1.536464533330443737e+04
5.475000000000000000e+01,1.621845023007315103e+04
5.477083333333332860e+01,1.363562070849669544e+04
5.479166666666666430e+01,1.277303497371368940e+04
5.481250000000000000e+01,1.534826350482600901e+04
5.483333333333332860e+01,1.550862507247097528e+04
5.485416666666666430e+01,1.362703029210733439e+04
5.487500000000000000e+01,1.311934400875967913e+04
5.489583333333332860e+01,1.542917180769024708e+04
5.491666666666666430e+01,1.580465911231933933e+04
5.493750000000000000e+01,1.361598048034881867e+04
5.495833333333332860e+01,1.336763044192323287e+04
5.497916666666666430e+01,1.532987910581567485e+04
5.500000000000000000e+01,1.532535339135017057e+04
5.502083333333332860e+01,1.360337169583984723e+04
5.504166666666666430e+01,1.360239372355017622e+04
5.506250000000000000e+01,1.531824504581424480e+04
5.508333333333332860e+01,1.531655317714766352e+04
5.510416666666666430e+01,1.371784624781136881e+04
5.512500000000000000e+01,1.388872003691460486e+04
5.514583333333332860e+01,1.531647586521749690e+04
5.516666666666666430e+01,1.531536725368300904e+04
5.518750000000000000e+01,1.352132197041770996e+04
5.520833333333332860e+01,1.359096827912330627e+04
5.522916666666666430e+01,1.530619433718082291e+04
5.525000000000000000e+01,1.530877280312312723e+04
5.527083333333332860e+01,1.362970230913685737e+04
5.529166666666666430e+01,1.358581491880432804e+04
5.531250000000000000e+01,1.530152478795031493e+04
5.533333333333332860e+01,1.530558877839469278e+04
5.535416666666666430e+01,1.358759887647967116e+04
5.537500000000000000e+01,1.358254427275567650e+04
5.539583333333332860e+01,1.529823014106196933e+04
5.541666666666666430e+01,1.530272799957477400e+04
5.543750000000000000e+01,1.358501823044496268e+04
5.545833333333332860e+01,1.358005548900501890e+04
5.547916666666666430e+01,1.529583422766672447e+04
5.550000000000000000e+01,1.530026021661436243e+04
5.552083333333332860e+01,1.358258590285498576e+04
5.554166666666666430e+01,1.357817747166000845e+04
5.556250000000000000e+01,1.529421036403221660e+04
5.558333333333332860e+01,1.529799026234779012e+04
5.560416666666666430e+01,1.358008614391936862e+04
5.562500000000000000e+01,1.397884439095087509e+04
5.564583333333332860e+01,1.530047495030156279e+04
5.566666666666666430e+01,1.518357739372284414e+04
5.568750000000000000e+01,1.354613898696186880e+04
5.570833333333332860e+01,1.357968569194135125e+04
5.572916666666666430e+01,1.522014143650160258e+04
5.575000000000000000e+01,1.529633722457319163e+04
5.577083333333332860e+01,1.356128810025018174e+04
5.579166666666666430e+01,1.356668198559379744e+04
5.581250000000000000e+01,1.581156791827991401e+04
5.583333333333332860e+01,1.612064526293663585e+04
5.585416666666666430e+01,1.457560804761948384e+04
5.587500000000000000e+01,1.466567167751244415e+04
5.589583333333332860e+01,1.641816423149127149e+04
5.591666666666666430e+01,1.641811188739482895e+04
5.593750000000000000e+01,1.467823492357792929e+04
5.595833333333332860e+01,1.464604755871420639e+04
5.597916666666666430e+01,1.632309934025634357e+04
5.600000000000000000e+01,1.627832353818486808e+04
5.602083333333332860e+01,1.441885328887395008e+04
5.604166666666666430e+01,1.468460348756418534e+04
5.606250000000000000e+01,1.614535812854330652e+04
5.608333333333332860e+01,1.610024047057030475e+04
5.610416666666666430e+01,1.433781651274967589e+04
5.612500000000000000e+01,1.429708793137019893e+04
5.614583333333332860e+01,1.597597257576748598e+04
5.616666666666666430e+01,1.593938171904440242e+04
5.618750000000000000e+01,1.418541256871086443e+04
5.620833333333332860e+01,1.415283602939429693e+04
5.622916666666666430e+01,1.583960125186968071e+04
5.625000000000000000e+01,1.581058535808107627e+04
5.627083333333332860e+01,1.407979218816035427e+04
5.629166666666666430e+01,1.403821118697396378e+04
5.631250000000000000e+01,1.596299982612074382e+04
5.633333333333332860e+01,1.571143861450229087e+04
5.635416666666666430e+01,1.424468780153468106e+04
5.637500000000000000e+01,1.421992286844596310e+04
5.639583333333332860e+01,1.553742487589440498e+04
5.641666666666666430e+01,1.563965054317088652e+04
5.643750000000000000e+01,1.367222844150265155e+04
5.645833333333332860e+01,1.388357754633406148e+04
5.647916666666666430e+01,1.558375629218318863e+04
5.650000000000000000e+01,1.556934777386917267e+04
5.652083333333332860e+01,1.383557793110554485e+04
5.654166666666666430e+01,1.382210491456606178e+04
5.656250000000000000e+01,1.523525259782842477e+04
5.658333333333332860e+01,1.542736735393900017e+04
5.660416666666666430e+01,1.389129113026650157e+04
5.662500000000000000e+01,1.377965984197677608e+04
5.664583333333332860e+01,1.576871119125789846e+04
5.666666666666666430e+01,1.547844989085296038e+04
5.668750000000000000e+01,1.356098419273132095e+04
5.670833333333332860e+01,1.374525266664052833e+04
5.672916666666666430e+01,1.545477317961306107e+04
5.675000000000000000e+01,1.544564376606260339e+04
5.677083333333332860e+01,1.371895224578650596e+04
5.679166666666666430e+01,1.380204823412985206e+04
5.681250000000000000e+01,1.542835031298245667e+04
5.683333333333332860e+01,1.542105340649697973e+04
5.685416666666666430e+01,1.369593902397143029e+04
5.687500000000000000e+01,1.384109264969622018e+04
5.689583333333332860e+01,1.540860649473640296e+04
5.691666666666666430e+01,1.540265009667181585e+04
5.693750000000000000e+01,1.357520394718209354e+04
5.695833333333332860e+01,1.367611364530644278e+04
5.697916666666666430e+01,1.530518061121729261e+04
5.700000000000000000e+01,1.538797579011416383e+04
5.702083333333332860e+01,1.366571021642793858e+04
5.704166666666666430e+01,1.366286723657198672e+04
5.706250000000000000e+01,1.537771582371457407e+04
5.708333333333332860e+01,1.537570009739582747e+04
5.710416666666666430e+01,1.365435790811836705e+04
5.712500000000000000e+01,1.337125428154189649e+04
5.714583333333332860e+01,1.521738131089244780e+04
5.716666666666666430e+01,1.514625710082965088e+04
5.718750000000000000e+01,1.299079259478081076e+04
5.720833333333332860e+01,1.275688468579078472e+04
5.722916666666666430e+01,1.351555283626674282e+04
5.725000000000000000e+01,1.476555912387484932e+04
5.727083333333332860e+01,1.350462886283473927e+04
5.729166666666666430e+01,1.308264748121402226e+04
5.731250000000000000e+01,1.445805022292187277e+04
5.733333333333332860e+01,1.509741667236005014e+04
5.735416666666666430e+01,1.349952215720640743e+04
5.737500000000000000e+01,1.358672309851721730e+04
5.739583333333332860e+01,1.374810945520724272e+04
5.741666666666666430e+01,1.544813946723203844e+04
5.743750000000000000e+01,1.541274924838460720e+04
5.745833333333332860e+01,1.423737596643319193e+04
5.747916666666666430e+01,1.343790540860912006e+04
5.750000000000000000e+01,1.362993320869348463e+04
5.752083333333332860e+01,1.542761797026112981e+04
5.754166666666666430e+01,1.532424384516285500e+04
5.756250000000000000e+01,1.377301897974159874e+04
5.758333333333332860e+01,1.385132696537000083e+04
5.760416666666666430e+01,1.571371501580426775e+04
5.762500000000000000e+01,1.486492906719145321e+04
5.764583333333332860e+01,1.531138440079158318e+04
5.766666666666666430e+01,1.427958497853374865e+04
5.768750000000000000e+01,1.402795886453861749e+04
5.770833333333332860e+01,1.571148276666746824e+04
5.772916666666666430e+01,1.654299535059864138e+04
5.775000000000000000e+01,1.419463996600991231e+04
5.777083333333332860e+01,1.300307903168567282e+04
5.779166666666666430e+01,1.466706614550010636e+04
5.781250000000000000e+01,1.639941769127605221e+04
5.783333333333332860e+01,1.499050908551590692e+04
5.785416666666666430e+01,1.299349259475203871e+04
5.787500000000000000e+01,1.381867409621304250e+04
5.789583333333332860e+01,1.623254825168461321e+04
5.791666666666666430e+01,1.532986971723374882e+04
5.793750000000000000e+01,1.270852497490030146e+04
5.795833333333332860e+01,1.356490176546694784e+04
5.797916666666666430e+01,1.611235814026093431e+04
5.800000000000000000e+01,1.523227509726825519e+04
5.802083333333332860e+01,1.349325768785356559e+04
5.804166666666666430e+01,1.348009514798375312e+04
5.806250000000000000e+01,1.519057167052195655e+04
5.808333333333332860e+01,1.535247181031798027e+04
5.810416666666666430e+01,1.358578986408286437e+04
5.812500000000000000e+01,1.347193701106835942e+04
5.814583333333332860e+01,1.568562519383841573e+04
5.816666666666666430e+01,1.519990530730539831e+04
5.818750000000000000e+01,1.282122205331186342e+04
5.820833333333332860e+01,1.354135355107192663e+04
5.822916666666666430e+01,1.607684954913125694e+04
5.825000000000000000e+01,1.522429408832129411e+04
5.827083333333332860e+01,1.265781566351593210e+04
5.829166666666666430e+01,1.319015169412394607e+04
5.831250000000000000e+01,1.610810870869283826e+04
5.833333333333332860e+01,1.524376374095027859e+04
5.835416666666666430e+01,1.268256834949116819e+04
5.837500000000000000e+01,1.354818453389252318e+04
5.839583333333332860e+01,1.598178707540498363e+04
5.841666666666666430e+01,1.508522449114332630e+04
5.843750000000000000e+01,1.269994695559220418e+04
5.845833333333332860e+01,1.263030207472346228e+04
5.847916666666666430e+01,1.452101733526194221e+04
5.850000000000000000e+01,1.321181741371358294e+04
5.852083333333332860e+01,1.177609361814716249e+04
5.854166666666666430e+01,1.334972950537365614e+04
5.856250000000000000e+01,1.383541268757844227e+04
5.858333333333332860e+01,1.344216587098287346e+04
5.860416666666666430e+01,1.367876849405946996e+04
5.862500000000000000e+01,1.382331063315387291e+04
5.864583333333332860e+01,1.436999718907558417e+04
5.866666666666666430e+01,1.400935561147753106e+04
5.868750000000000000e+01,1.413563696253310263e+04
5.870833333333332860e+01,1.450181231199136528e+04
5.872916666666666430e+01,1.574321954723978342e+04
5.875000000000000000e+01,1.380892534627861096e+04
5.877083333333332860e+01,1.392981633859368594e+04
5.879166666666666430e+01,1.560935497412637778e+04
5.881250000000000000e+01,1.457092747913881249e+04
5.883333333333332860e+01,1.550011780054300107e+04
5.885416666666666430e+01,1.526008743770836736e+04
5.887500000000000000e+01,1.370997571677229280e+04
5.889583333333332860e+01,1.396621490606241787e+04
5.891666666666666430e+01,1.546138512086111587e+04
5.893750000000000000e+01,1.583449199118099204e+04
5.895833333333332860e+01,1.549925285900081872e+04
5.897916666666666430e+01,1.378776838283430334e+04
5.900000000000000000e+01,1.458274887684165151e+04
5.902083333333332860e+01,1.409651984527159948e+04
5.904166666666666430e+01,1.470909118855693305e+04
5.906250000000000000e+01,1.492939190141526706e+04
5.908333333333332860e+01,1.577785255843578125e+04
5.910416666666666430e+01,1.373491138129504907e+04
5.912500000000000000e+01,1.323552763523966496e+04
5.914583333333332860e+01,1.524869451915088575e+04
5.916666666666666430e+01,1.586884048149278169e+04
5.918750000000000000e+01,1.344983611941764320e+04
5.920833333333332860e+01,1.269706476301957809e+04
5.922916666666666430e+01,1.512636661931287745e+04
5.925000000000000000e+01,1.511268437354417620e+04
5.927083333333332860e+01,1.347055959286704456e+04
5.929166666666666430e+01,1.258793677728990588e+04
5.931250000000000000e+01,1.514082110165225095e+04
5.933333333333332860e+01,1.598580225007626723e+04
5.935416666666666430e+01,1.340712812367228980e+04
5.937500000000000000e+01,1.254652653413774897e+04
5.939583333333332860e+01,1.443164446366773700e+04
5.941666666666666430e+01,1.598054815895850334e+04
5.943750000000000000e+01,1.351760308776647798e+04
5.945833333333332860e+01,1.255281153942578749e+04
5.947916666666666430e+01,1.513390827655603425e+04
5.950000000000000000e+01,1.571369010669937052e+04
5.952083333333332860e+01,1.316674930599048821e+04
5.954166666666666430e+01,1.261171387298002446e+04
5.956250000000000000e+01,1.516195620200759367e+04
5.958333333333332860e+01,1.603202409978933429e+04
5.960416666666666430e+01,1.346077973795299476e+04
5.962500000000000000e+01,1.276184750373895440e+04
5.964583333333332860e+01,1.518383334085647948e+04
5.966666666666666430e+01,1.605104210990613501e+04
5.968750000000000000e+01,1.335912702350409745e+04
5.970833333333332860e+01,1.262090474002450719e+04
5.972916666666666430e+01,1.520000388613995892e+04
5.975000000000000000e+01,1.606564634189627395e+04
5.977083333333332860e+01,1.349286725127771206e+04
5.979166666666666430e+01,1.316346171360746666e+04
5.981250000000000000e+01,1.605589778922120604e+04
5.983333333333332860e+01,1.709461397718103035e+04
5.985416666666666430e+01,1.461103887394774210e+04
5.987500000000000000e+01,1.379004431229241527e+04
5.989583333333332860e+01,1.636880863849773959e+04
5.991666666666666430e+01,1.720722099999325292e+04
5.993750000000000000e+01,1.459920023281162503e+04
5.995833333333332860e+01,1.370333480948926444e+04
5.997916666666666430e+01,1.623611882867396707e+04
6.000000000000000000e+01,1.704677797269969960e+04
6.002083333333332860e+01,1.442476292845652279e+04
6.004166666666666430e+01,1.352362900555139640e+04
6.006250000000000000e+01,1.605597509964377969e+04
6.008333333333332860e+01,1.685492905256495214e+04
6.010416666666666430e+01,1.376896805864532143e+04
6.012500000000000000e+01,1.335745648202455050e+04
6.014583333333332860e+01,1.659406321511311762e+04
6.016666666666666430e+01,1.640745149473243873e+04
6.018750000000000000e+01,1.325474185713703991e+04
6.020833333333332860e+01,1.322068002147676816e+04
6.022916666666666430e+01,1.644044605142235014e+04
6.025000000000000000e+01,1.643645157764033502e+04
6.027083333333332860e+01,1.313715755578739481e+04
6.029166666666666430e+01,1.311115979512126796e+04
6.031250000000000000e+01,1.652561580370010051e+04
6.033333333333332860e+01,1.650323194026662532e+04
6.035416666666666430e+01,1.304441884926558851e+04
6.037500000000000000e+01,1.302309504562571601e+04
6.039583333333332860e+01,1.604370292202354540e+04
6.041666666666666430e+01,1.635117644591626959e+04
6.043750000000000000e+01,1.297571301687269442e+04
6.045833333333332860e+01,1.295792086238788761e+04
6.047916666666666430e+01,1.627975802396961808e+04
6.050000000000000000e+01,1.611684101460749298e+04
6.052083333333332860e+01,1.292051428330196723e+04
6.054166666666666430e+01,1.301098641189790214e+04
6.056250000000000000e+01,1.633504806300392374e+04
6.058333333333332860e+01,1.621388797785301358e+04
6.060416666666666430e+01,1.287737254791825399e+04
6.062500000000000000e+01,1.286560700156872917e+04
6.064583333333332860e+01,1.629331193916713528e+04
6.066666666666666430e+01,1.628423429594889240e+04
6.068750000000000000e+01,1.283885087926177584e+04
6.070833333333332860e+01,1.282964649059281874e+04
6.072916666666666430e+01,1.601610385202648831e+04
6.075000000000000000e+01,1.575829286698826763e+04
6.077083333333332860e+01,1.281688155344489496e+04
6.079166666666666430e+01,1.300886559741802557e+04
6.081250000000000000e+01,1.624217627607985924e+04
6.083333333333332860e+01,1.623517011324250780e+04
6.085416666666666430e+01,1.279159123522506707e+04
6.087500000000000000e+01,1.278493310590941110e+04
6.089583333333332860e+01,1.602514053381785197e+04
6.091666666666666430e+01,1.606502369828028532e+04
6.093750000000000000e+01,1.277576942134858473e+04
6.095833333333332860e+01,1.276997479460980685e+04
6.097916666666666430e+01,1.619606656806420870e+04
6.100000000000000000e+01,1.571518077276249824e+04
6.102083333333332860e+01,1.276370313356132465e+04
6.104166666666666430e+01,1.326325949543169918e+04
6.106250000000000000e+01,1.619585697909762530e+04
6.108333333333332860e+01,1.533197696789296970e+04
6.110416666666666430e+01,1.275072810314446542e+04
6.112500000000000000e+01,1.360767434403870357e+04
6.114583333333332860e+01,1.618290696825162377e+04
6.116666666666666430e+01,1.532113199885503855e+04
6.118750000000000000e+01,1.274143500006444447e+04
6.120833333333332860e+01,1.359885078742055339e+04
6.122916666666666430e+01,1.617456468467653394e+04
6.125000000000000000e+01,1.531346159622535197e+04
6.127083333333332860e+01,1.273446612953685690e+04
6.129166666666666430e+01,1.344674822605920417e+04
6.131250000000000000e+01,1.598223757590256355e+04
6.133333333333332860e+01,1.531004890236206120e+04
6.135416666666666430e+01,1.273155723643101010e+04
6.137500000000000000e+01,1.359056985079584410e+04
6.139583333333332860e+01,1.616553301621488936e+04
6.141666666666666430e+01,1.530399387361184563e+04
6.143750000000000000e+01,1.272679371972181252e+04
6.145833333333332860e+01,1.370762901299315854e+04
6.147916666666666430e+01,1.616228908239158409e+04
6.150000000000000000e+01,1.530146748818379638e+04
6.152083333333332860e+01,1.272469092221185929e+04
6.154166666666666430e+01,1.354484517241378853e+04
6.156250000000000000e+01,1.577567745366603413e+04
6.158333333333332860e+01,1.528869483948134439e+04
6.160416666666666430e+01,1.314823453390766372e+04
6.162500000000000000e+01,1.358482114837004337e+04
6.164583333333332860e+01,1.530058612062376415e+04
6.166666666666666430e+01,1.545718486867049069e+04
6.168750000000000000e+01,1.358118267484936587e+04
6.170833333333332860e+01,1.357944373222417198e+04
6.172916666666666430e+01,1.529732608705675375e+04
6.175000000000000000e+01,1.529566221382641743e+04
6.177083333333332860e+01,1.344340349409231203e+04
6.179166666666666430e+01,1.338257508285616859e+04
6.181250000000000000e+01,1.529733264754746779e+04
6.183333333333332860e+01,1.529532556819519959e+04
6.185416666666666430e+01,1.367951381952931479e+04
6.187500000000000000e+01,1.409892411594200166e+04
6.189583333333332860e+01,1.530175960286094778e+04
6.191666666666666430e+01,1.514379830974632932e+04
6.193750000000000000e+01,1.357987121382404075e+04
6.195833333333332860e+01,1.357727784792537568e+04
6.197916666666666430e+01,1.529487781606443241e+04
6.200000000000000000e+01,1.529328588672661499e+04
6.202083333333332860e+01,1.368969959202864266e+04
6.204166666666666430e+01,1.381465545278033096e+04
6.206250000000000000e+01,1.529527043910678549e+04
6.208333333333332860e+01,1.522935814760902213e+04
6.210416666666666430e+01,1.357655513339100071e+04
6.212500000000000000e+01,1.316901536336782374e+04
6.214583333333332860e+01,1.529494032750590122e+04
6.216666666666666430e+01,1.562320980188704561e+04
6.218750000000000000e+01,1.357691976844361488e+04
6.220833333333332860e+01,1.297330503325999598e+04
6.222916666666666430e+01,1.529460727586398934e+04
6.225000000000000000e+01,1.615242481646351735e+04
6.227083333333332860e+01,1.337346443961009936e+04
6.229166666666666430e+01,1.271506194393023179e+04
6.231250000000000000e+01,1.529186528248601462e+04
6.233333333333332860e+01,1.615144570334217497e+04
6.235416666666666430e+01,1.357305924347144901e+04
6.237500000000000000e+01,1.277978643011155145e+04
6.239583333333332860e+01,1.529103479281259206e+04
6.241666666666666430e+01,1.595176400607843971e+04
6.243750000000000000e+01,1.348077626479024184e+04
6.245833333333332860e+01,1.271389359895186499e+04
6.247916666666666430e+01,1.529197463172171410e+04
6.250000000000000000e+01,1.613736283708234259e+04
6.252083333333332860e+01,1.357412090708273900e+04
6.254166666666666430e+01,1.271193811779455427e+04
6.256250000000000000e+01,1.529055305178781418e+04
6.258333333333332860e+01,1.603161157364588871e+04
6.260416666666666430e+01,1.339236087696954201e+04
6.262500000000000000e+01,1.271398920502294277e+04
6.264583333333332860e+01,1.529290660642121657e+04
6.266666666666666430e+01,1.615385213169470808e+04
6.268750000000000000e+01,1.357450149882481492e+04
6.270833333333332860e+01,1.271307738697652894e+04
6.272916666666666430e+01,1.529062964005350659e+04
6.275000000000000000e+01,1.615056833835818907e+04
6.277083333333332860e+01,1.335985574680825448e+04
6.279166666666666430e+01,1.286846805244854841e+04
6.281250000000000000e+01,1.529190740482327965e+04
6.283333333333332860e+01,1.612659761269101000e+04
6.285416666666666430e+01,1.355834309443829625e+04
6.287500000000000000e+01,1.270368286129364424e+04
6.289583333333332860e+01,1.511901205523240060e+04
6.291666666666666430e+01,1.612331500619922008e+04
6.293750000000000000e+01,1.348369494686991311e+04
6.295833333333332860e+01,1.271171916596168739e+04
6.297916666666666430e+01,1.528916292807046557e+04
6.300000000000000000e+01,1.614912058201680702e+04
6.302083333333332860e+01,1.326049524080217816e+04
6.304166666666666430e+01,1.271370255891856505e+04
6.306250000000000000e+01,1.535209976128756171e+04
6.308333333333332860e+01,1.615140112982748178e+04
6.310416666666666430e+01,1.357265021260938738e+04
6.312500000000000000e+01,1.271241387018964087e+04
6.314583333333332860e+01,1.529036704548554917e+04
6.316666666666666430e+01,1.606258157039581056e+04
6.318750000000000000e+01,1.357286470948989154e+04
6.320833333333332860e+01,1.271214145770066898e+04
6.322916666666666430e+01,1.529033254940753977e+04
6.325000000000000000e+01,1.576169555194344866e+04
6.327083333333332860e+01,1.349856002382849692e+04
6.329166666666666430e+01,1.271484297598509511e+04
6.331250000000000000e+01,1.529305520731208890e+04
6.333333333333332860e+01,1.615289298360532484e+04
6.335416666666666430e+01,1.357414338128448071e+04
6.337500000000000000e+01,1.304346423180610873e+04
6.339583333333332860e+01,1.529151579907579799e+04
6.341666666666666430e+01,1.589055465889488551e+04
6.343750000000000000e+01,1.318090006351285047e+04
6.345833333333332860e+01,1.274764062370192551e+04
6.347916666666666430e+01,1.575398554398254419e+04
6.350000000000000000e+01,1.615379718086202047e+04
6.352083333333332860e+01,1.271603980694285201e+04
6.354166666666666430e+01,1.277400739436328513e+04
6.356250000000000000e+01,1.615139465979469969e+04
6.358333333333332860e+01,1.614986696790530914e+04
6.360416666666666430e+01,1.271459214984072969e+04
6.362500000000000000e+01,1.271432180460384916e+04
6.364583333333332860e+01,1.614981114813524619e+04
6.366666666666666430e+01,1.603142359667255005e+04
6.368750000000000000e+01,1.271453672417461712e+04
6.370833333333332860e+01,1.271329502173016590e+04
6.372916666666666430e+01,1.614994382506614056e+04
6.375000000000000000e+01,1.534230072231624945e+04
6.377083333333332860e+01,1.271686668577285309e+04
6.379166666666666430e+01,1.369415234785815846e+04
6.381250000000000000e+01,1.615650476861551579e+04
6.383333333333332860e+01,1.427114733547776268e+04
6.385416666666666430e+01,1.288360973891403046e+04
6.387500000000000000e+01,1.443878041210431911e+04
6.389583333333332860e+01,1.615397974342793168e+04
6.391666666666666430e+01,1.443332452235775781e+04
6.393750000000000000e+01,1.271296938055112332e+04
6.395833333333332860e+01,1.443138062442744922e+04
6.397916666666666430e+01,1.602390614170344270e+04
6.400000000000000000e+01,1.443158128338853930e+04
6.402083333333332860e+01,1.302793598760950044e+04
6.404166666666665719e+01,1.443417772320274526e+04
6.406250000000000000e+01,1.582322183779376064e+04
6.408333333333332860e+01,1.443591296808900006e+04
6.410416666666665719e+01,1.298658576484351943e+04
6.412500000000000000e+01,1.443471063342045454e+04
6.414583333333332860e+01,1.601402493977259655e+04
6.416666666666665719e+01,1.457911209241022152e+04
6.418750000000000000e+01,1.286665274804880755e+04
6.420833333333332860e+01,1.443420279557311733e+04
6.422916666666665719e+01,1.615097977069706030e+04
6.425000000000000000e+01,1.443347678177429043e+04
6.427083333333332860e+01,1.271400371372896188e+04
6.429166666666665719e+01,1.443217627284229820e+04
6.431250000000000000e+01,1.588596713843396719e+04
6.433333333333332860e+01,1.443324067469881265e+04
6.435416666666665719e+01,1.271338487230255487e+04
6.437500000000000000e+01,1.443356272002121841e+04
6.439583333333332860e+01,1.610173485548319513e+04
6.441666666666665719e+01,1.408804644351735624e+04
6.443750000000000000e+01,1.271878251135352548e+04
6.445833333333332860e+01,1.449346743270727166e+04
6.447916666666665719e+01,1.603466392569371965e+04
6.450000000000000000e+01,1.443433919319099732e+04
6.452083333333332860e+01,1.280437819339702401e+04
6.454166666666665719e+01,1.454303332779806078e+04
6.456250000000000000e+01,1.615399385727955450e+04
6.458333333333332860e+01,1.443372404922818896e+04
6.460416666666665719e+01,1.271380649615405491e+04
6.462500000000000000e+01,1.443205888012756259e+04
6.464583333333332860e+01,1.614938059793849607e+04
6.466666666666665719e+01,1.443173846547479479e+04
6.468750000000000000e+01,1.272467185505630550e+04
6.470833333333332860e+01,1.443015590792438888e+04
6.472916666666665719e+01,1.614703741914062630e+04
6.475000000000000000e+01,1.424449455511655833e+04
6.477083333333332860e+01,1.312037785515624273e+04
6.479166666666665719e+01,1.443570237820534749e+04
6.481250000000000000e+01,1.591395306677478948e+04
6.483333333333332860e+01,1.443827952734167411e+04
6.485416666666665719e+01,1.273202747722188724e+04
6.487500000000000000e+01,1.443269402338607688e+04
6.489583333333332860e+01,1.614837921587054370e+04
6.491666666666665719e+01,1.443361958104892619e+04
6.493750000000000000e+01,1.288476376164468820e+04
6.495833333333332860e+01,1.443255168564002815e+04
6.497916666666665719e+01,1.614934340536640957e+04
6.500000000000000000e+01,1.440177863666153644e+04
6.502083333333332860e+01,1.271634697905404391e+04
6.504166666666665719e+01,1.443288032241641849e+04
6.506250000000000000e+01,1.609384897150120742e+04
6.508333333333332860e+01,1.422185869023630221e+04
6.510416666666665719e+01,1.308491177216895085e+04
6.512500000000000000e+01,1.449270396468118997e+04
6.514583333333332860e+01,1.597817558478874707e+04
6.516666666666665719e+01,1.441641574144237529e+04
6.518750000000000000e+01,1.272474036889521085e+04
6.520833333333332860e+01,1.442623530501706409e+04
6.522916666666665719e+01,1.614641887295176275e+04
6.525000000000000000e+01,1.442898226983721179e+04
6.527083333333332860e+01,1.280734051875857040e+04
6.529166666666665719e+01,1.443186603987270428e+04
6.531250000000000000e+01,1.615010319576014444e+04
6.533333333333332860e+01,1.443198710212211154e+04
6.535416666666665719e+01,1.271312873789544028e+04
6.537500000000000000e+01,1.443200346864496169e+04
6.539583333333332860e+01,1.614989377482515192e+04
6.541666666666665719e+01,1.443185024404914657e+04
6.543750000000000000e+01,1.271297368301690221e+04
6.545833333333332860e+01,1.443141306277461263e+04
6.547916666666665719e+01,1.614911698890346088e+04
6.550000000000000000e+01,1.443154154360750545e+04
6.552083333333332860e+01,1.273751856028953625e+04
6.554166666666665719e+01,1.443099871328684458e+04
6.556250000000000000e+01,1.614848177511822360e+04
6.558333333333332860e+01,1.417718337236512525e+04
6.560416666666665719e+01,1.291053168894316696e+04
6.562500000000000000e+01,1.443626650228830840e+04
6.564583333333332860e+01,1.615309347114239790e+04
6.566666666666665719e+01,1.443503641459981736e+04
6.568750000000000000e+01,1.271527146677604469e+04
6.570833333333332860e+01,1.443373006439308665e+04
6.572916666666665719e+01,1.582400438548707825e+04
6.575000000000000000e+01,1.443462532524074777e+04
6.577083333333332860e+01,1.271434691886551445e+04
6.579166666666665719e+01,1.443425043540675688e+04
6.581250000000000000e+01,1.615199624836467410e+04
6.583333333333332860e+01,1.443216922816130682e+04
6.585416666666665719e+01,1.271281442416083883e+04
6.587500000000000000e+01,1.443187547475556858e+04
6.589583333333332860e+01,1.614939468884017697e+04
6.591666666666665719e+01,1.443150574096418859e+04
6.593750000000000000e+01,1.289836947960834368e+04
6.595833333333332860e+01,1.443187465691224497e+04
6.597916666666665719e+01,1.614861500414597322e+04
6.600000000000000000e+01,1.413367763186867523e+04
6.602083333333332860e+01,1.272032812086761987e+04
6.604166666666665719e+01,1.443413874252387905e+04
6.606250000000000000e+01,1.614964889184150888e+04
6.608333333333332860e+01,1.443412699408425397e+04
6.610416666666665719e+01,1.273949338924760013e+04
6.612500000000000000e+01,1.444084336451731724e+04
6.614583333333332860e+01,1.614747484122271999e+04
6.616666666666665719e+01,1.443340642532568381e+04
6.618750000000000000e+01,1.282098022409938494e+04
6.620833333333332860e+01,1.443181623453204520e+04
6.622916666666665719e+01,1.614845850826246533e+04
6.625000000000000000e+01,1.443451283653079008e+04
6.627083333333332860e+01,1.271674332351023622e+04
6.629166666666665719e+01,1.443193279599084781e+04
6.631250000000000000e+01,1.614861870456592078e+04
6.633333333333332860e+01,1.443291447773313121e+04
6.635416666666665719e+01,1.271442800914321560e+04
6.637500000000000000e+01,1.443150478079786990e+04
6.639583333333332860e+01,1.597342412346623678e+04
6.641666666666665719e+01,1.443247204038192285e+04
6.643750000000000000e+01,1.271321438888799094e+04
6.645833333333332860e+01,1.443247524152523329e+04
6.647916666666665719e+01,1.615044314601553197e+04
6.650000000000000000e+01,1.429338576159056538e+04
6.652083333333332860e+01,1.271452361811811352e+04
6.654166666666665719e+01,1.443419595465297971e+04
6.656250000000000000e+01,1.615217557703301281e+04
6.658333333333332860e+01,1.443097545476809682e+04
6.660416666666665719e+01,1.271082325907386621e+04
6.662500000000000000e+01,1.443272032676529125e+04
6.664583333333332860e+01,1.595540284034059368e+04
6.666666666666665719e+01,1.416093959434404314e+04
6.668750000000000000e+01,1.271782272397068664e+04
6.670833333333332860e+01,1.443834641776801800e+04
6.672916666666665719e+01,1.615587053695782743e+04
6.675000000000000000e+01,1.443380632523722306e+04
6.677083333333332860e+01,1.276128031047455806e+04
6.679166666666665719e+01,1.443378191447906283e+04
6.681250000000000000e+01,1.615129611382963776e+04
6.683333333333332860e+01,1.443214570961602294e+04
6.685416666666665719e+01,1.290038758476775183e+04
6.687500000000000000e+01,1.450101672599827361e+04
6.689583333333332860e+01,1.615109659730816566e+04
6.691666666666665719e+01,1.443417072368326262e+04
6.693750000000000000e+01,1.305119232834109425e+04
6.695833333333332860e+01,1.443399315240621218e+04
6.697916666666665719e+01,1.581159938105070978e+04
6.700000000000000000e+01,1.443673138251777709e+04
6.702083333333332860e+01,1.312115834662131601e+04
6.704166666666665719e+01,1.443493919089805786e+04
6.706250000000000000e+01,1.551932851735449003e+04
6.708333333333332860e+01,1.443547120497741344e+04
6.710416666666665719e+01,1.357373009506601375e+04
6.712500000000000000e+01,1.443115116611843405e+04
6.714583333333332860e+01,1.529080387085277835e+04
6.716666666666665719e+01,1.424390887177254990e+04
6.718750000000000000e+01,1.399982595553798092e+04
6.720833333333332860e+01,1.443513773429885987e+04
6.722916666666665719e+01,1.479049125788541278e+04
6.725000000000000000e+01,1.443573689903891864e+04
6.727083333333332860e+01,1.443362564657821349e+04
6.729166666666665719e+01,1.443206991020196074e+04
6.731250000000000000e+01,1.443211643801961691e+04
6.733333333333332860e+01,1.443122787300554046e+04
6.735416666666665719e+01,1.443166658354337778e+04
6.737500000000000000e+01,1.443099675067213684e+04
6.739583333333332860e+01,1.443073590558735305e+04
6.741666666666665719e+01,1.449789172480887282e+04
6.743750000000000000e+01,1.443123260825343459e+04
6.745833333333332860e+01,1.442970843405070627e+04
6.747916666666665719e+01,1.461721051194390748e+04
6.750000000000000000e+01,1.497838324666611879e+04
6.752083333333332860e+01,1.443497191570692667e+04
6.754166666666665719e+01,1.404667755342870441e+04
6.756250000000000000e+01,1.443654645182522654e+04
6.758333333333332860e+01,1.496401119469674450e+04
6.760416666666665719e+01,1.443684989244140888e+04
6.762500000000000000e+01,1.357559491484145838e+04
6.764583333333332860e+01,1.443279595361098109e+04
6.766666666666665719e+01,1.528976865592696413e+04
6.768750000000000000e+01,1.443035329902198282e+04
6.770833333333332860e+01,1.350555091998919306e+04
6.772916666666665719e+01,1.445337950724881011e+04
6.775000000000000000e+01,1.564519398522645497e+04
6.777083333333332860e+01,1.443590930827856937e+04
6.779166666666665719e+01,1.317042387482073173e+04
6.781250000000000000e+01,1.443648846885364401e+04
6.783333333333332860e+01,1.598500690174848569e+04
6.785416666666665719e+01,1.438443548569761697e+04
6.787500000000000000e+01,1.271527473518618717e+04
6.789583333333332860e+01,1.443237202304730454e+04
6.791666666666665719e+01,1.607417393695916689e+04
6.793750000000000000e+01,1.443351025199233118e+04
6.795833333333332860e+01,1.271436644546409661e+04
6.797916666666665719e+01,1.446373239487959654e+04
6.800000000000000000e+01,1.611703320272335623e+04
6.802083333333332860e+01,1.443120815695860438e+04
6.804166666666665719e+01,1.274037679003808807e+04
6.806250000000000000e+01,1.469485308188996351e+04
6.808333333333332860e+01,1.601626697996288203e+04
6.810416666666665719e+01,1.414704337275049693e+04
6.812500000000000000e+01,1.271971657262196823e+04
6.814583333333332860e+01,1.443639734795470213e+04
6.816666666666665719e+01,1.615457222852663108e+04
6.818750000000000000e+01,1.419541259550086033e+04
6.820833333333332860e+01,1.271690763178611087e+04
6.822916666666665719e+01,1.469064224078192274e+04
6.825000000000000000e+01,1.615263350208233896e+04
6.827083333333332860e+01,1.440203570203322670e+04
6.829166666666665719e+01,1.271389930266920055e+04
6.831250000000000000e+01,1.449554942409837895e+04
6.833333333333332860e+01,1.614944059328250660e+04
6.835416666666665719e+01,1.434158525247023863e+04
6.837500000000000000e+01,1.271315952650720283e+04
6.839583333333332860e+01,1.443090521270966201e+04
6.841666666666665719e+01,1.590681993548671380e+04
6.843750000000000000e+01,1.443477742106168807e+04
6.845833333333332860e+01,1.271551285778882811e+04
6.847916666666665719e+01,1.443254181110702120e+04
6.850000000000000000e+01,1.614982761743885203e+04
6.852083333333332860e+01,1.443016150815129367e+04
6.854166666666665719e+01,1.271277932030158263e+04
6.856250000000000000e+01,1.450540523370204755e+04
6.858333333333332860e+01,1.614945236336806192e+04
6.860416666666665719e+01,1.443022021032514749e+04
6.862500000000000000e+01,1.271327451696186836e+04
6.864583333333332860e+01,1.443145916951262916e+04
6.866666666666665719e+01,1.614930276031933317e+04
6.868750000000000000e+01,1.443019701839676418e+04
6.870833333333332860e+01,1.271264576449092419e+04
6.872916666666665719e+01,1.443059616984989407e+04
6.875000000000000000e+01,1.614923438002292460e+04
6.877083333333332860e+01,1.443043113662891483e+04
6.879166666666665719e+01,1.271189867981927091e+04
6.881250000000000000e+01,1.442946015629292015e+04
6.883333333333332860e+01,1.613808272977959859e+04
6.885416666666665719e+01,1.426400176892623131e+04
6.887500000000000000e+01,1.271329353700057982e+04
6.889583333333332860e+01,1.443063541061447904e+04
6.891666666666665719e+01,1.579104541213235279e+04
6.893750000000000000e+01,1.443980457123969973e+04
6.895833333333332860e+01,1.277145774318129770e+04
6.897916666666665719e+01,1.443456638848531293e+04
6.900000000000000000e+01,1.615316195995125963e+04
6.902083333333332860e+01,1.443341933282323225e+04
6.904166666666665719e+01,1.275047068861711159e+04
6.906250000000000000e+01,1.463462250467898411e+04
6.908333333333332860e+01,1.615178153913419374e+04
6.910416666666665719e+01,1.443209486800637023e+04
6.912500000000000000e+01,1.271357202057222094e+04
6.914583333333332860e+01,1.443087088548995234e+04
6.916666666666665719e+01,1.614948186824281220e+04
6.918750000000000000e+01,1.443068725938084390e+04
6.920833333333332860e+01,1.271193387048570730e+04
6.922916666666665719e+01,1.442928756149237597e+04
6.925000000000000000e+01,1.614910214795934735e+04
6.927083333333332860e+01,1.439247026820751489e+04
6.929166666666665719e+01,1.271143285759202990e+04
6.931250000000000000e+01,1.442841004933326258e+04
6.933333333333332860e+01,1.614210329402016214e+04
6.935416666666665719e+01,1.428320197588350129e+04
6.937500000000000000e+01,1.271249189204926006e+04
6.939583333333332860e+01,1.442917826534609776e+04
6.941666666666665719e+01,1.573835677141786800e+04
6.943750000000000000e+01,1.435577689092466244e+04
6.945833333333332860e+01,1.287656160047557933e+04
6.947916666666665719e+01,1.443696153193659484e+04
6.950000000000000000e+01,1.615573398766680839e+04
6.952083333333332860e+01,1.443555642827708289e+04
6.954166666666665719e+01,1.271506450565650812e+04
6.956250000000000000e+01,1.471449171501506135e+04
6.958333333333332860e+01,1.615239344889486165e+04
6.960416666666665719e+01,1.429371951890576747e+04
6.962500000000000000e+01,1.271626753318521514e+04
6.964583333333332860e+01,1.443336190492378955e+04
6.966666666666665719e+01,1.614959366590498757e+04
6.968750000000000000e+01,1.442942354930236615e+04
6.970833333333332860e+01,1.280008015877611615e+04
6.972916666666665719e+01,1.460630520252883434e+04
6.975000000000000000e+01,1.615106590656496337e+04
6.977083333333332860e+01,1.443158174612220682e+04
6.979166666666665719e+01,1.271689678592181372e+04
6.981250000000000000e+01,1.443541532374469898e+04
6.983333333333332860e+01,1.579892628143663023e+04
6.985416666666665719e+01,1.421524388610298774e+04
6.987500000000000000e+01,1.273300678537632484e+04
6.989583333333332860e+01,1.443638969288052249e+04
6.991666666666665719e+01,1.615191983240302216e+04
6.993750000000000000e+01,1.443121640402780758e+04
6.995833333333332860e+01,1.295450844831295399e+04
6.997916666666665719e+01,1.443638962281207205e+04
7.000000000000000000e+01,1.615196391099153334e+04
7.002083333333332860e+01,1.443123353182482970e+04
7.004166666666665719e+01,1.271340977404809746e+04
7.006250000000000000e+01,1.444003189382720302e+04
7.008333333333332860e+01,1.577472952708109733e+04
7.010416666666665719e+01,1.443611604138884650e+04
7.012500000000000000e+01,1.274959171309347948e+04
7.014583333333332860e+01,1.456269304498512065e+04
7.016666666666665719e+01,1.615209138770890786e+04
7.018750000000000000e+01,1.443213554835587274e+04
7.020833333333332860e+01,1.280587741586697666e+04
7.022916666666665719e+01,1.443363529018899135e+04
7.025000000000000000e+01,1.615161960507915865e+04
7.027083333333332860e+01,1.443234009316467564e+04
7.029166666666665719e+01,1.271245990494723083e+04
7.031250000000000000e+01,1.442919483427454179e+04
7.033333333333332860e+01,1.610112311315298211e+04
7.035416666666665719e+01,1.409930613079935210e+04
7.037500000000000000e+01,1.271423845283492483e+04
7.039583333333332860e+01,1.485977580226623832e+04
7.041666666666665719e+01,1.604423955946652859e+04
7.043750000000000000e+01,1.339548300164846296e+04
7.045833333333332860e+01,1.283492786886653630e+04
7.047916666666665719e+01,1.545442830342492380e+04
7.050000000000000000e+01,1.615769596244622517e+04
7.052083333333332860e+01,1.357680404205611558e+04
7.054166666666665719e+01,1.271381303602063417e+04
7.056250000000000000e+01,1.529073585580904910e+04
7.058333333333332860e+01,1.615084756325302078e+04
7.060416666666665719e+01,1.329004913834228864e+04
7.062500000000000000e+01,1.271267547867226676e+04
7.064583333333332860e+01,1.529594416239053680e+04
7.066666666666665719e+01,1.605369511753966435e+04
7.068750000000000000e+01,1.357276940665164148e+04
7.070833333333332860e+01,1.271261271696637414e+04
7.072916666666665719e+01,1.529171311930726006e+04
7.075000000000000000e+01,1.615033118898162866e+04
7.077083333333332860e+01,0.000000000000000000e+00
7.079166666666665719e+01,1.710534018468640716e+04
7.081250000000000000e+01,1.623603881418281162e+04
7.083333333333332860e+01,1.393105148991038368e+04
7.085416666666665719e+01,1.524881136741411683e+04
7.087500000000000000e+01,1.438128658724368870e+04
7.089583333333332860e+01,1.391359367089619991e+04
7.091666666666665719e+01,1.442356935131564023e+04
7.093750000000000000e+01,1.496491390505377785e+04
7.095833333333332860e+01,1.433901069026625191e+04
7.097916666666665719e+01,1.377847797663208985e+04
7.100000000000000000e+01,1.435788112162150355e+04
7.102083333333332860e+01,1.533311228306677731e+04
7.104166666666665719e+01,1.448320894270772260e+04
7.106250000000000000e+01,1.348367271790841187e+04
7.108333333333332860e+01,1.443806207989107133e+04
7.110416666666665719e+01,1.542721224014917243e+04
7.112500000000000000e+01,1.430524831593925410e+04
7.114583333333332860e+01,1.353765077419607405e+04
7.116666666666665719e+01,1.464359058738107342e+04
7.118750000000000000e+01,1.505769774066240643e+04
7.120833333333332860e+01,1.427481424583036278e+04
7.122916666666665719e+01,1.395671227843356246e+04
7.125000000000000000e+01,1.432583412603942634e+04
7.127083333333332860e+01,1.488000438056284838e+04
7.129166666666665719e+01,1.496256302918411893e+04
7.131250000000000000e+01,1.372421062363663441e+04
7.133333333333332860e+01,1.358386754047735303e+04
7.135416666666665719e+01,1.586241877951905553e+04
7.137500000000000000e+01,1.510769935404176431e+04
7.139583333333332860e+01,1.271519825353080159e+04
7.141666666666665719e+01,1.387756922337545257e+04
7.143750000000000000e+01,1.614756607911700485e+04
7.145833333333332860e+01,1.523247429968045253e+04
7.147916666666665719e+01,1.270814384706435521e+04
7.150000000000000000e+01,1.367166954939401330e+04
7.152083333333332860e+01,1.578861038945653854e+04
7.154166666666665719e+01,1.528656329312302114e+04
7.156250000000000000e+01,1.294409025069509153e+04
7.158333333333332860e+01,1.356859877020455315e+04
7.160416666666665719e+01,1.592806325782668500e+04
7.162500000000000000e+01,1.512560982974177023e+04
7.164583333333332860e+01,1.270901842605771526e+04
7.166666666666665719e+01,1.356777681226534332e+04
7.168750000000000000e+01,1.614625569986630944e+04
7.170833333333332860e+01,1.528668513474528663e+04
7.172916666666665719e+01,1.270780721338180228e+04
7.175000000000000000e+01,1.356706251283749589e+04
7.177083333333332860e+01,1.601651304155959224e+04
7.179166666666665719e+01,1.528673458575013137e+04
7.181250000000000000e+01,1.270844253273497088e+04
7.183333333333332860e+01,1.374238812824271008e+04
7.185416666666665719e+01,1.602264470600290224e+04
7.187500000000000000e+01,1.528770245249537766e+04
7.189583333333332860e+01,1.271007900176697513e+04
7.191666666666665719e+01,1.357055564264666100e+04
7.193750000000000000e+01,1.599621638778764463e+04
7.195833333333332860e+01,1.528806345792006687e+04
7.197916666666665719e+01,1.271029014771156289e+04
7.200000000000000000e+01,1.357108047606812033e+04
7.202083333333332860e+01,1.614854934930799573e+04
7.204166666666665719e+01,1.528717617108424383e+04
7.206250000000000000e+01,1.270867211290213891e+04
7.208333333333332860e+01,1.336453962865352514e+04
7.210416666666665719e+01,1.606366345269271187e+04
7.212500000000000000e+01,1.529019026963499709e+04
7.214583333333332860e+01,1.271130114933544974e+04
7.216666666666665719e+01,1.357172132352961489e+04
7.218750000000000000e+01,1.615044147497973609e+04
7.220833333333332860e+01,1.515899572112602254e+04
7.222916666666665719e+01,1.271168421170585862e+04
7.225000000000000000e+01,1.357102295779471024e+04
7.227083333333332860e+01,1.615035366110874384e+04
7.229166666666665719e+01,1.529060754394870673e+04
7.231250000000000000e+01,1.271097773933981080e+04
7.233333333333332860e+01,1.357030831546113041e+04
7.235416666666665719e+01,1.576240583427591628e+04
7.237500000000000000e+01,1.524453392642725885e+04
7.239583333333332860e+01,1.308032935306088621e+04
7.241666666666665719e+01,1.379753245010350656e+04
7.243750000000000000e+01,1.558792759752648635e+04
7.245833333333332860e+01,1.529383385027110489e+04
7.247916666666665719e+01,1.357463099238973518e+04
7.250000000000000000e+01,1.334330210532054843e+04
7.252083333333332860e+01,1.529223038360709324e+04
7.254166666666665719e+01,1.529019483481768111e+04
7.256250000000000000e+01,1.357251955967614049e+04
7.258333333333332860e+01,1.382758571872179891e+04
7.260416666666665719e+01,1.529148264339723391e+04
7.262500000000000000e+01,1.529038762334596686e+04
7.264583333333332860e+01,1.357349768341612435e+04
7.266666666666665719e+01,1.367633407298772727e+04
7.268750000000000000e+01,1.529474834317936256e+04
7.270833333333332860e+01,1.529170506863082483e+04
7.272916666666665719e+01,1.357389917321523171e+04
7.275000000000000000e+01,1.314852693800716588e+04
7.277083333333332860e+01,1.529224701127337539e+04
7.279166666666665719e+01,1.573560292395264696e+04
7.281250000000000000e+01,1.357574555338990831e+04
7.283333333333332860e+01,1.274981035972484824e+04
7.285416666666665719e+01,1.537043819021011223e+04
7.287500000000000000e+01,1.615016192479858364e+04
7.289583333333332860e+01,1.357301841242587034e+04
7.291666666666665719e+01,1.271339326184187303e+04
7.293750000000000000e+01,1.528914312420951683e+04
7.295833333333332860e+01,1.614781683757542123e+04
7.297916666666665719e+01,1.347107048668701464e+04
7.300000000000000000e+01,1.273644396755870912e+04
7.302083333333332860e+01,1.528930170329081011e+04
7.304166666666665719e+01,1.614843905503398491e+04
7.306250000000000000e+01,1.326220610274144565e+04
7.308333333333332860e+01,1.271467595874575272e+04
7.310416666666665719e+01,1.532426366342282927e+04
7.312500000000000000e+01,1.615041933255732511e+04
7.314583333333332860e+01,1.357326466783881551e+04
7.316666666666665719e+01,1.271331076593932812e+04
7.318750000000000000e+01,1.528987015222364062e+04
7.320833333333332860e+01,1.614881082978364066e+04
7.322916666666665719e+01,1.357123806686655007e+04
7.325000000000000000e+01,1.271177494327774548e+04
7.327083333333332860e+01,1.528941090771617746e+04
7.329166666666665719e+01,1.614899782601131301e+04
7.331250000000000000e+01,1.322343334640239482e+04
7.333333333333332860e+01,1.271242244804003712e+04
7.335416666666665719e+01,1.528779879372259165e+04
7.337500000000000000e+01,1.601481132191594588e+04
7.339583333333332860e+01,1.357489347009913035e+04
7.341666666666665719e+01,1.271448983264152412e+04
7.343750000000000000e+01,1.529370219181005450e+04
7.345833333333332860e+01,1.615316566043658531e+04
7.347916666666665719e+01,1.336364878055853478e+04
7.350000000000000000e+01,1.339919934267193094e+04
7.352083333333332860e+01,1.612423557027147035e+04
7.354166666666665719e+01,1.715567677682059002e+04
7.356250000000000000e+01,1.466503106739391296e+04
7.358333333333332860e+01,1.383858613512913507e+04
7.360416666666665719e+01,1.641553903635713868e+04
7.362500000000000000e+01,1.725420256577293549e+04
7.364583333333332860e+01,1.452417441990576845e+04
7.366666666666665719e+01,1.374332524384680073e+04
7.368750000000000000e+01,1.627503332878139554e+04
7.370833333333332860e+01,1.708914928131255510e+04
7.372916666666665719e+01,1.425806865211672630e+04
7.375000000000000000e+01,1.356177411405953171e+04
7.377083333333332860e+01,1.609424393315219640e+04
7.379166666666665719e+01,1.691261029133680859e+04
7.381250000000000000e+01,1.429519687522766253e+04
7.383333333333332860e+01,1.339566789310357490e+04
7.385416666666665719e+01,1.593560302794965537e+04
7.387500000000000000e+01,1.676141866170526191e+04
7.389583333333332860e+01,1.396211979680593140e+04
7.391666666666665719e+01,1.326119661053795062e+04
7.393750000000000000e+01,1.580918460523838075e+04
7.395833333333332860e+01,1.664236421418354075e+04
7.397916666666665719e+01,1.403796363400185874e+04
7.400000000000000000e+01,1.315203513174091495e+04
7.402083333333332860e+01,1.570708210593524927e+04
7.404166666666665719e+01,1.624604288242670009e+04
7.406250000000000000e+01,1.378717140798993569e+04
7.408333333333332860e+01,1.332843670530669624e+04
7.410416666666665719e+01,1.563332786999734890e+04
7.412500000000000000e+01,1.647506079547464833e+04
7.414583333333332860e+01,1.387875987213671033e+04
7.416666666666665719e+01,1.300161348463384275e+04
7.418750000000000000e+01,1.556493026157759596e+04
7.420833333333332860e+01,1.641154757478779720e+04
7.422916666666665719e+01,1.353522414160058179e+04
7.425000000000000000e+01,1.294890760544974910e+04
7.427083333333332860e+01,1.551586078534423723e+04
7.429166666666665719e+01,1.636528402867795739e+04
7.431250000000000000e+01,1.376799371316806719e+04
7.433333333333332860e+01,1.289359607484829030e+04
7.435416666666665719e+01,1.546105211724381297e+04
7.437500000000000000e+01,1.624334493895759442e+04
7.439583333333332860e+01,1.372284290420225079e+04
7.441666666666665719e+01,1.285666178712850888e+04
7.443750000000000000e+01,1.542953065278118083e+04
7.445833333333332860e+01,1.628185262931265606e+04
7.447916666666665719e+01,1.369693893706800372e+04
7.450000000000000000e+01,1.283317448220893493e+04
7.452083333333332860e+01,1.540683244906761684e+04
7.454166666666665719e+01,1.610676965423280490e+04
7.456250000000000000e+01,1.343671587029073999e+04
7.458333333333332860e+01,1.281754369407057311e+04
7.460416666666665719e+01,1.547343836669497978e+04
7.462500000000000000e+01,1.624627959157564328e+04
7.464583333333332860e+01,1.366504587830323362e+04
7.466666666666665719e+01,1.280209318159017857e+04
7.468750000000000000e+01,1.537486309597259969e+04
7.470833333333332860e+01,1.623100244142669544e+04
7.472916666666665719e+01,1.322999321428477197e+04
7.475000000000000000e+01,1.299510116991389805e+04
7.477083333333332860e+01,1.589210075053013134e+04
7.479166666666665719e+01,1.622800710671153502e+04
7.481250000000000000e+01,1.224961226563803393e+04
7.483333333333332860e+01,1.224713482940585527e+04
7.485416666666665719e+01,1.517187738588084540e+04
7.487500000000000000e+01,1.509453127166318154e+04
7.489583333333332860e+01,1.253183942971355646e+04
7.491666666666665719e+01,1.254626285294376430e+04
7.493750000000000000e+01,1.447343720181359822e+04
7.495833333333332860e+01,1.460332355798569915e+04
7.497916666666665719e+01,1.298434171353339480e+04
7.500000000000000000e+01,1.321937694722304877e+04
7.502083333333332860e+01,1.494520223963590979e+04
7.504166666666665719e+01,1.485584010045262039e+04
7.506250000000000000e+01,1.276686239372014461e+04
7.508333333333332860e+01,1.352460836226868560e+04
7.510416666666665719e+01,1.483981221993847066e+04
7.512500000000000000e+01,1.528367832778038792e+04
7.514583333333332860e+01,1.406510343355262376e+04
7.516666666666665719e+01,1.318195935149125580e+04
7.518750000000000000e+01,1.451735936383844455e+04
7.520833333333332860e+01,1.533039404379518965e+04
7.522916666666665719e+01,1.456704445370904432e+04
7.525000000000000000e+01,1.343271229964475060e+04
7.527083333333332860e+01,1.459339159943449340e+04
7.529166666666665719e+01,1.546691558486559370e+04
7.531250000000000000e+01,1.463171378213911885e+04
7.533333333333332860e+01,1.356200017359410049e+04
7.535416666666665719e+01,1.462412901845898523e+04
7.537500000000000000e+01,1.546184227447086232e+04
7.539583333333332860e+01,1.462974286924309854e+04
7.541666666666665719e+01,1.407558684266750060e+04
7.543750000000000000e+01,1.458603831944458580e+04
7.545833333333332860e+01,1.522900229877374295e+04
7.547916666666665719e+01,1.455954215365921118e+04
7.550000000000000000e+01,1.368075082158213627e+04
7.552083333333332860e+01,1.449772469033006928e+04
7.554166666666665719e+01,1.558011599998683596e+04
7.556250000000000000e+01,1.445461998332002622e+04
7.558333333333332860e+01,1.375152438026783784e+04
7.560416666666665719e+01,1.439857791809877745e+04
7.562500000000000000e+01,1.561682803358928140e+04
7.564583333333332860e+01,1.436702861576892610e+04
7.566666666666665719e+01,1.349420165323504261e+04
7.568750000000000000e+01,1.439818515496224427e+04
7.570833333333332860e+01,1.518888505420451838e+04
7.572916666666665719e+01,1.432917917955583107e+04
7.575000000000000000e+01,1.353065110814406580e+04
7.577083333333332860e+01,1.498368743717256802e+04
7.579166666666665719e+01,1.519347348771574980e+04
7.581250000000000000e+01,1.410850670754667590e+04
7.583333333333332860e+01,1.348230547595012831e+04
7.585416666666665719e+01,1.438860202494336772e+04
7.587500000000000000e+01,1.521139591879601358e+04
7.589583333333332860e+01,1.435423190586858982e+04
7.591666666666665719e+01,1.355379488018900520e+04
7.593750000000000000e+01,1.461118709645809213e+04
7.595833333333332860e+01,1.523489307874189763e+04
7.597916666666665719e+01,1.437804413848877448e+04
7.600000000000000000e+01,1.352324037523061270e+04
7.602083333333332860e+01,1.438873172015578166e+04
7.604166666666665719e+01,1.525286575465980786e+04
7.606250000000000000e+01,1.439679957192117581e+04
7.608333333333332860e+01,1.328372414624531666e+04
7.610416666666665719e+01,1.440480275115899713e+04
7.612500000000000000e+01,1.526800019495328888e+04
7.614583333333332860e+01,1.388650754732055793e+04
7.616666666666665719e+01,1.213523596337827985e+04
7.618750000000000000e+01,1.349894972954487093e+04
7.620833333333332860e+01,1.496224877571040633e+04
7.622916666666665719e+01,1.245511135947426737e+04
7.625000000000000000e+01,1.162366286716274590e+04
7.627083333333332860e+01,1.429371423826962564e+04
7.629166666666665719e+01,1.521637093027166702e+04
7.631250000000000000e+01,1.209776425441131869e+04
7.633333333333332860e+01,1.212176987713765629e+04
7.635416666666665719e+01,1.554509159204794196e+04
7.637500000000000000e+01,1.564306889481091639e+04
7.639583333333332860e+01,1.308570287709129116e+04
7.641666666666665719e+01,1.231811391358456603e+04
7.643750000000000000e+01,1.536778108980138131e+04
7.645833333333332860e+01,1.555987019303832130e+04
7.647916666666665719e+01,1.333142071093505729e+04
7.650000000000000000e+01,1.284466665148498214e+04
7.652083333333332860e+01,1.553003591040667015e+04
7.654166666666665719e+01,1.600676708956279253e+04
7.656250000000000000e+01,1.326195156833150759e+04
7.658333333333332860e+01,1.271075644732322689e+04
7.660416666666665719e+01,1.596092468439197182e+04
7.662500000000000000e+01,1.610044084063656192e+04
7.664583333333332860e+01,1.268498869730252045e+04
7.666666666666665719e+01,1.272219446930288905e+04
7.668750000000000000e+01,1.598627328990611932e+04
7.670833333333332860e+01,1.575655867288193258e+04
7.672916666666665719e+01,1.277986821836090530e+04
7.675000000000000000e+01,1.287537351964075788e+04
7.677083333333332860e+01,1.613465284501736824e+04
7.679166666666665719e+01,1.592095171922839290e+04
7.681250000000000000e+01,1.279122532685673286e+04
7.683333333333332860e+01,1.298206552574056695e+04
7.685416666666665719e+01,1.608580556585110389e+04
7.687500000000000000e+01,1.548408462739860261e+04
7.689583333333332860e+01,1.262255548297048153e+04
7.691666666666665719e+01,1.278351677753940385e+04
7.693750000000000000e+01,1.601558792561421433e+04
7.695833333333332860e+01,1.536227188631219178e+04
7.697916666666665719e+01,1.256567821288752748e+04
7.700000000000000000e+01,1.327626258163579041e+04
7.702083333333332860e+01,1.548219554548627275e+04
7.704166666666665719e+01,1.490707065773127761e+04
7.706250000000000000e+01,1.308285955785209080e+04
7.708333333333332860e+01,1.337138671417349178e+04
7.710416666666665719e+01,1.513080220670289782e+04
7.712500000000000000e+01,1.513145751746514361e+04
7.714583333333332860e+01,1.341765132427916615e+04
7.716666666666665719e+01,1.360323530790354198e+04
7.718750000000000000e+01,1.514798567607136283e+04
7.720833333333332860e+01,1.478376773524745295e+04
7.722916666666665719e+01,1.344452419227926657e+04
7.725000000000000000e+01,1.410324047030104703e+04
7.727083333333332860e+01,1.509610626962669994e+04
7.729166666666665719e+01,1.431621139407122973e+04
7.731250000000000000e+01,1.346544182248939615e+04
7.733333333333332860e+01,1.432986107189217000e+04
7.735416666666665719e+01,1.518884821312293207e+04
7.737500000000000000e+01,1.438694963439269122e+04
7.739583333333332860e+01,1.378521993416250916e+04
7.741666666666665719e+01,1.434731448658457521e+04
7.743750000000000000e+01,1.514810875197632049e+04
7.745833333333332860e+01,1.435055506333079757e+04
7.747916666666665719e+01,1.402557711061098234e+04
7.750000000000000000e+01,1.520062998508044620e+04
7.752083333333332860e+01,1.653041505415687789e+04
7.754166666666665719e+01,1.547398165112660718e+04
7.756250000000000000e+01,1.464961660367367585e+04
7.758333333333332860e+01,1.551166747227231826e+04
7.760416666666665719e+01,1.635465796977567879e+04
7.762500000000000000e+01,1.546319066346496038e+04
7.764583333333332860e+01,1.461203961305596022e+04
7.766666666666665719e+01,1.537514135886334043e+04
7.768750000000000000e+01,1.619112183532328345e+04
7.770833333333332860e+01,1.557323605140613654e+04
7.772916666666665719e+01,1.438209836168857146e+04
7.775000000000000000e+01,1.519440919295769709e+04
7.777083333333332860e+01,1.601419545210519573e+04
7.779166666666665719e+01,1.511685054231375398e+04
7.781250000000000000e+01,1.421559291979833870e+04
7.783333333333332860e+01,1.511896717816295859e+04
7.785416666666665719e+01,1.586322854950022884e+04
7.787500000000000000e+01,1.506311704461621412e+04
7.789583333333332860e+01,1.434461834481271580e+04
7.791666666666665719e+01,1.490988569786725202e+04
7.793750000000000000e+01,1.565929759894220842e+04
7.795833333333332860e+01,1.485987984484956542e+04
7.797916666666665719e+01,1.397347188246085716e+04
7.800000000000000000e+01,1.480683707240657895e+04
7.802083333333332860e+01,1.564370588327560472e+04
7.804166666666665719e+01,1.476390050235751914e+04
7.806250000000000000e+01,1.388516230995226579e+04
7.808333333333332860e+01,1.452619852280051055e+04
7.810416666666665719e+01,1.556742167886272000e+04
7.812500000000000000e+01,1.469195410182917112e+04
7.814583333333332860e+01,1.418261465827068241e+04
7.816666666666665719e+01,1.466592498796760628e+04
7.818750000000000000e+01,1.519344708319624624e+04
7.820833333333332860e+01,1.463928757381310061e+04
7.822916666666665719e+01,1.424329335084858030e+04
7.825000000000000000e+01,1.461674091520926231e+04
7.827083333333332860e+01,1.497074021183474542e+04
7.829166666666665719e+01,1.480455182109685848e+04
7.831250000000000000e+01,1.458702575599659758e+04
7.833333333333332860e+01,1.457577488722493217e+04
7.835416666666665719e+01,1.456751690031948965e+04
7.837500000000000000e+01,1.450410980521277452e+04
7.839583333333332860e+01,1.455124578126174674e+04
7.841666666666665719e+01,1.454237557879446467e+04
7.843750000000000000e+01,1.453693961089457298e+04
7.845833333333332860e+01,1.496933552840116681e+04
7.847916666666665719e+01,1.453270648128977700e+04
7.850000000000000000e+01,1.403017379173860900e+04
7.852083333333332860e+01,1.452258359421814384e+04
7.854166666666665719e+01,1.514086721569604924e+04
7.856250000000000000e+01,1.450877478785594212e+04
7.858333333333332860e+01,1.364286934156366260e+04
7.860416666666665719e+01,1.451236926994314854e+04
7.862500000000000000e+01,1.535218709835859772e+04
7.864583333333332860e+01,1.448729555944833555e+04
7.866666666666665719e+01,1.409937052877302267e+04
7.868750000000000000e+01,1.448850879892488229e+04
7.870833333333332860e+01,1.534142212122709316e+04
7.872916666666665719e+01,1.447694185485923663e+04
7.875000000000000000e+01,1.361538601257613118e+04
7.877083333333332860e+01,1.447241511943934529e+04
7.879166666666665719e+01,1.528084731853078483e+04
7.881250000000000000e+01,1.446504560768812371e+04
7.883333333333332860e+01,1.384335114653694836e+04
7.885416666666665719e+01,1.448583646709202367e+04
7.887500000000000000e+01,1.518033383689329276e+04
7.889583333333332860e+01,1.446151861394124717e+04
7.891666666666665719e+01,1.360139788393380877e+04
7.893750000000000000e+01,1.445864287812013572e+04
7.895833333333332860e+01,1.531349740869002198e+04
7.897916666666665719e+01,1.445158881348768045e+04
7.900000000000000000e+01,1.359253477738119545e+04
7.902083333333332860e+01,1.481078402393127180e+04
7.904166666666665719e+01,1.530945527190864595e+04
7.906250000000000000e+01,1.414079504458538213e+04
7.908333333333332860e+01,1.359202418720778587e+04
7.910416666666665719e+01,1.480548401984373049e+04
7.912500000000000000e+01,1.530619277052242251e+04
7.914583333333332860e+01,1.409712732322277225e+04
7.916666666666665719e+01,1.341148786612518597e+04
7.918750000000000000e+01,1.463393186667157352e+04
7.920833333333332860e+01,1.539916625644295345e+04
7.922916666666665719e+01,1.444715031374911996e+04
7.925000000000000000e+01,1.358580321044391167e+04
7.927083333333332860e+01,1.444212929955519212e+04
7.929166666666665719e+01,1.530000420145467797e+04
7.931250000000000000e+01,1.443994240181613714e+04
7.933333333333332860e+01,1.361902601127190792e+04
7.935416666666665719e+01,1.474428845459918739e+04
7.937500000000000000e+01,1.555534676546092305e+04
7.939583333333332860e+01,1.432194291010657253e+04
7.941666666666665719e+01,1.350788545042727128e+04
7.943750000000000000e+01,1.444072265427601451e+04
7.945833333333332860e+01,1.529854838856531569e+04
7.947916666666665719e+01,1.443705981848440206e+04
7.950000000000000000e+01,1.357698530648739325e+04
7.952083333333332860e+01,1.487257379610790667e+04
7.954166666666665719e+01,1.529627597903288188e+04
7.956250000000000000e+01,1.388143102808720869e+04
7.958333333333332860e+01,1.330550537849732791e+04
7.960416666666665719e+01,1.529776505236875892e+04
7.962500000000000000e+01,1.529693129713915914e+04
7.964583333333332860e+01,1.357900531679093910e+04
7.966666666666665719e+01,1.357705920757416243e+04
7.968750000000000000e+01,1.529397415427190572e+04
7.970833333333332860e+01,1.529235343098064550e+04
7.972916666666665719e+01,1.357442087040417755e+04
7.975000000000000000e+01,1.390821807492472726e+04
7.977083333333332860e+01,1.529769716118733049e+04
7.979166666666665719e+01,1.529380737968065296e+04
7.981250000000000000e+01,1.352458916632381442e+04
7.983333333333332860e+01,1.346937954520814674e+04
7.985416666666665719e+01,1.529649226558248847e+04
7.987500000000000000e+01,1.568022521019009946e+04
7.989583333333332860e+01,1.358055668907210566e+04
7.991666666666665719e+01,1.278003232278079668e+04
7.993750000000000000e+01,1.546295367899108169e+04
7.995833333333332860e+01,1.589750280359218959e+04
7.997916666666665719e+01,1.356948291276485907e+04
8.000000000000000000e+01,1.271675772951478939e+04
8.002083333333332860e+01,1.529270239290808240e+04
8.004166666666665719e+01,1.601287997701402492e+04
8.006250000000000000e+01,1.336629334174031828e+04
8.008333333333332860e+01,1.271457700481208667e+04
8.010416666666665719e+01,1.533242166084760902e+04
8.012500000000000000e+01,1.611085238536676479e+04
8.014583333333332860e+01,1.357333944568987135e+04
8.016666666666665719e+01,1.271261578828822167e+04
8.018750000000000000e+01,1.529200425677046223e+04
8.020833333333332860e+01,1.615159464180323994e+04
8.022916666666665719e+01,1.357141342693678234e+04
8.025000000000000000e+01,1.271166168108331840e+04
8.027083333333332860e+01,1.529170250601269800e+04
8.029166666666665719e+01,1.614591951406429143e+04
8.031250000000000000e+01,1.338981050426385991e+04
8.033333333333332860e+01,1.271271334388135801e+04
8.035416666666665719e+01,1.529209585795842941e+04
8.037500000000000000e+01,1.613282581981776457e+04
8.039583333333332860e+01,1.357218638885828477e+04
8.041666666666665719e+01,1.271887342720061861e+04
8.043750000000000000e+01,1.529071710350122521e+04
8.045833333333332860e+01,1.599102841344751141e+04
8.047916666666665719e+01,1.342452334916409018e+04
8.050000000000000000e+01,1.272866591926074034e+04
8.052083333333332860e+01,1.529238490172400634e+04
8.054166666666665719e+01,1.615282615054273629e+04
8.056250000000000000e+01,1.357423473635128539e+04
8.058333333333332860e+01,1.271320723633342277e+04
8.060416666666665719e+01,1.528986064506251932e+04
8.062500000000000000e+01,1.611911340912996457e+04
8.064583333333332860e+01,1.355314825004643353e+04
8.066666666666665719e+01,1.269987761748476623e+04
8.068750000000000000e+01,1.528076702654796463e+04
8.070833333333332860e+01,1.614378172464959425e+04
8.072916666666665719e+01,1.324829871231004290e+04
8.075000000000000000e+01,1.271223305497751426e+04
8.077083333333332860e+01,1.540536716423883263e+04
8.079166666666665719e+01,1.598131424986434286e+04
8.081250000000000000e+01,1.357458367482617541e+04
8.083333333333332860e+01,1.271384086173233663e+04
8.085416666666665719e+01,1.529086898178723277e+04
8.087500000000000000e+01,1.607634205415175893e+04
8.089583333333332860e+01,1.352553589714237751e+04
8.091666666666665719e+01,1.271380227777127584e+04
8.093750000000000000e+01,1.528973338795210293e+04
8.095833333333332860e+01,1.609534295047060004e+04
8.097916666666665719e+01,1.326222594811698218e+04
8.100000000000000000e+01,1.285979059552543549e+04
8.102083333333332860e+01,1.548852459873484258e+04
8.104166666666665719e+01,1.615314677798306730e+04
8.106250000000000000e+01,1.357583823103270333e+04
8.108333333333332860e+01,1.271500987665359571e+04
8.110416666666665719e+01,1.529023644814330692e+04
8.112500000000000000e+01,1.586579146108080386e+04
8.114583333333332860e+01,1.346066881491567619e+04
8.116666666666665719e+01,1.271584919523381541e+04
8.118750000000000000e+01,1.529227252422902893e+04
8.120833333333332860e+01,1.588805686447982953e+04
8.122916666666665719e+01,1.357537118488382839e+04
8.125000000000000000e+01,1.277631125910078481e+04
8.127083333333332860e+01,1.529291677708832503e+04
8.129166666666665719e+01,1.615169816327328590e+04
8.131250000000000000e+01,1.357278675113207646e+04
8.133333333333332860e+01,1.271278225845652196e+04
8.135416666666665719e+01,1.528989008541233125e+04
8.137500000000000000e+01,1.614876482328122438e+04
8.139583333333332860e+01,1.333229965525738226e+04
8.141666666666665719e+01,1.302468183276946002e+04
8.143750000000000000e+01,1.529233903139415997e+04
8.145833333333332860e+01,1.585760506252000414e+04
8.147916666666665719e+01,1.357584864480108445e+04
8.150000000000000000e+01,1.307343212945764390e+04
8.152083333333332860e+01,1.529626829350946355e+04
8.154166666666665719e+01,1.615269203779380405e+04
8.156250000000000000e+01,1.357437909802336799e+04
8.158333333333332860e+01,1.271467201790304898e+04
8.160416666666665719e+01,1.581503528998258844e+04
8.162500000000000000e+01,1.694907804623545599e+04
8.164583333333332860e+01,1.444161567195664975e+04
8.166666666666665719e+01,1.380430649667378748e+04
8.168750000000000000e+01,1.641619019545622359e+04
8.170833333333332860e+01,1.683536198249648805e+04
8.172916666666665719e+01,1.461917941514207996e+04
8.175000000000000000e+01,1.378734145359753893e+04
8.177083333333332860e+01,1.632404454715028260e+04
8.179166666666665719e+01,1.713961677181489358e+04
8.181250000000000000e+01,1.408626271453063237e+04
8.183333333333332860e+01,1.368477382009430221e+04
8.185416666666665719e+01,1.666123568129848718e+04
8.187500000000000000e+01,1.695929643866024344e+04
8.189583333333332860e+01,1.347785252352130919e+04
8.191666666666665719e+01,1.348690826251852195e+04
8.193750000000000000e+01,1.683606930430591456e+04
8.195833333333332860e+01,1.679831636673049070e+04
8.197916666666665719e+01,1.332623216597258215e+04
8.200000000000000000e+01,1.329211809149725741e+04
8.202083333333332860e+01,1.669805394568416159e+04
8.204166666666665719e+01,1.623538437179362882e+04
8.206250000000000000e+01,1.320627247918849025e+04
8.208333333333332860e+01,1.362824875716773749e+04
8.210416666666665719e+01,1.659345447133383277e+04
8.212500000000000000e+01,1.570924565259824885e+04
8.214583333333332860e+01,1.313350219915032358e+04
8.216666666666665719e+01,1.394861333216869025e+04
8.218750000000000000e+01,1.650541075259235731e+04
8.220833333333332860e+01,1.562761781828859603e+04
8.222916666666665719e+01,1.303360228335345528e+04
8.225000000000000000e+01,1.387627826677271878e+04
8.227083333333332860e+01,1.643748235200558702e+04
8.229166666666665719e+01,1.534327767319575287e+04
8.231250000000000000e+01,1.297802793404598924e+04
8.233333333333332860e+01,1.382313654872202096e+04
8.235416666666665719e+01,1.595542925132624077e+04
8.237500000000000000e+01,1.551696936905963958e+04
8.239583333333332860e+01,1.338760445711349166e+04
8.241666666666665719e+01,1.389556176829038668e+04
8.243750000000000000e+01,1.548851081525714108e+04
8.245833333333332860e+01,1.547661757573200885e+04
8.247916666666665719e+01,1.378333921145398563e+04
8.250000000000000000e+01,1.417831413608225557e+04
8.252083333333332860e+01,1.545581155284445049e+04
8.254166666666665719e+01,1.503286616239571231e+04
8.256250000000000000e+01,1.372419727020577920e+04
8.258333333333332860e+01,1.457996591301212902e+04
8.260416666666665719e+01,1.518379357900186369e+04
8.262500000000000000e+01,1.456552762602415169e+04
8.264583333333332860e+01,1.395550522866124084e+04
8.266666666666665719e+01,1.455240867219625216e+04
8.268750000000000000e+01,1.540724468117570359e+04
8.270833333333332860e+01,1.481438519574640668e+04
8.272916666666665719e+01,1.368027442533986687e+04
8.275000000000000000e+01,1.439318937765293595e+04
8.277083333333332860e+01,1.539403142406359984e+04
8.279166666666665719e+01,1.452951977329831789e+04
8.281250000000000000e+01,1.366467242190771140e+04
8.283333333333332860e+01,1.452146359388291603e+04
8.285416666666665719e+01,1.537851016584375247e+04
8.287500000000000000e+01,1.451239144716662850e+04
8.289583333333332860e+01,1.364304861795439137e+04
8.291666666666665719e+01,1.378196058857356547e+04
8.293750000000000000e+01,1.445973217200161525e+04
8.295833333333332860e+01,1.424635472857475179e+04
8.297916666666665719e+01,1.169837553468834449e+04
8.300000000000000000e+01,1.245805219184380985e+04
8.302083333333332860e+01,1.426059760307782562e+04
8.304166666666665719e+01,1.362201684761460274e+04
8.306250000000000000e+01,1.265366169654348414e+04
8.308333333333332860e+01,1.399463696508423891e+04
8.310416666666665719e+01,1.444593101747427136e+04
8.312500000000000000e+01,1.455147114936477010e+04
8.314583333333332860e+01,1.428028060504963651e+04
8.316666666666665719e+01,1.437788482616087640e+04
8.318750000000000000e+01,1.393272674551629098e+04
8.320833333333332860e+01,1.520457485011533208e+04
8.322916666666665719e+01,1.511988706022994666e+04
8.325000000000000000e+01,1.464905603020423951e+04
8.327083333333332860e+01,1.375486123605226749e+04
8.329166666666665719e+01,1.460851417805111123e+04
8.331250000000000000e+01,1.551506540393502655e+04
8.333333333333332860e+01,1.553554374992677549e+04
8.335416666666665719e+01,1.429366619038063436e+04
8.337500000000000000e+01,1.467218461726920577e+04
8.339583333333332860e+01,1.398807949087880843e+04
8.341666666666665719e+01,1.476185661162768884e+04
8.343750000000000000e+01,1.575228937992076317e+04
8.345833333333332860e+01,1.557561813188666565e+04
8.347916666666665719e+01,1.445483364903033362e+04
8.350000000000000000e+01,1.342011382995630265e+04
8.352083333333332860e+01,1.475499479008039634e+04
8.354166666666665719e+01,1.624140864346997478e+04
8.356250000000000000e+01,1.511686915231294552e+04
8.358333333333332860e+01,1.296548205052515186e+04
8.360416666666665719e+01,1.436156073744745663e+04
8.362500000000000000e+01,1.631493884385870842e+04
8.364583333333332860e+01,1.414947275702750994e+04
8.366666666666665719e+01,1.280087700481572392e+04
8.368750000000000000e+01,1.447643387529330721e+04
8.370833333333332860e+01,1.614920782267733739e+04
8.372916666666665719e+01,1.440072038574731778e+04
8.375000000000000000e+01,1.308141312653605200e+04
8.377083333333332860e+01,1.437521732765347770e+04
8.379166666666665719e+01,1.538409492037864038e+04
8.381250000000000000e+01,1.429510007638394018e+04
8.383333333333332860e+01,1.279989432372407828e+04
8.385416666666665719e+01,1.432734137677783292e+04
8.387500000000000000e+01,1.604240840606317943e+04
8.389583333333332860e+01,1.393605860925960224e+04
8.391666666666665719e+01,1.261070379606479037e+04
8.393750000000000000e+01,1.443865753170960306e+04
8.395833333333332860e+01,1.605867029817503862e+04
8.397916666666665719e+01,1.434566340024284727e+04
8.400000000000000000e+01,1.263082699057641730e+04
8.402083333333332860e+01,1.435316161977400770e+04
8.404166666666665719e+01,1.600564922691156971e+04
8.406250000000000000e+01,1.433549110217260386e+04
8.408333333333332860e+01,1.265441169705986613e+04
8.410416666666665719e+01,1.437548968864384369e+04
8.412500000000000000e+01,1.605284948080146569e+04
8.414583333333332860e+01,1.435921087332363459e+04
8.416666666666665719e+01,1.267485113481639928e+04
8.418750000000000000e+01,1.439448318916761127e+04
8.420833333333332860e+01,1.603310571487521520e+04
8.422916666666665719e+01,1.423117090898066817e+04
8.425000000000000000e+01,1.343539095639976222e+04
8.427083333333332860e+01,1.405509731139072028e+04
8.429166666666665719e+01,1.454320292106953639e+04
8.431250000000000000e+01,1.332529683833573290e+04
8.433333333333332860e+01,1.324928279349015065e+04
8.435416666666665719e+01,1.335279357995732789e+04
8.437500000000000000e+01,1.420637234924707445e+04
8.439583333333332860e+01,1.352252644347907699e+04
8.441666666666665719e+01,1.279154126645646465e+04
8.443750000000000000e+01,1.388312313533299675e+04
8.445833333333332860e+01,1.486196097489391832e+04
8.447916666666665719e+01,1.388617629908291929e+04
8.450000000000000000e+01,1.310689554452037919e+04
8.452083333333332860e+01,1.412955450998402739e+04
8.454166666666665719e+01,1.454936222026304677e+04
8.456250000000000000e+01,1.404142569604525488e+04
8.458333333333332860e+01,1.330833516633789259e+04
8.460416666666665719e+01,1.498107014957241699e+04
8.462500000000000000e+01,1.516360349252490050e+04
8.464583333333332860e+01,1.260995773681724313e+04
8.466666666666665719e+01,1.349092324428469146e+04
8.468750000000000000e+01,1.530852373810512290e+04
8.470833333333332860e+01,1.548383123492786035e+04
8.472916666666665719e+01,1.443450908765073109e+04
8.475000000000000000e+01,1.280824281238079493e+04
8.477083333333332860e+01,1.361962456272108830e+04
8.479166666666665719e+01,1.439859022751211523e+04
8.481250000000000000e+01,1.531610603148600785e+04
8.483333333333332860e+01,1.531394805143301710e+04
8.485416666666665719e+01,1.521885816389596584e+04
8.487500000000000000e+01,1.327080659166417536e+04
8.489583333333332860e+01,1.304383334616256616e+04
8.491666666666665719e+01,1.510955221547363180e+04
8.493750000000000000e+01,1.613159814110883963e+04
8.495833333333332860e+01,1.437906965371234037e+04
8.497916666666665719e+01,1.266685698463298831e+04
8.500000000000000000e+01,1.403061458035180840e+04
8.502083333333332860e+01,1.558945609289275671e+04
8.504166666666665719e+01,1.445472542304048693e+04
8.506250000000000000e+01,1.323897120684912443e+04
8.508333333333332860e+01,1.463023027615240790e+04
8.510416666666665719e+01,1.525883177425417307e+04
8.512500000000000000e+01,1.469386608615911973e+04
8.514583333333332860e+01,1.342470955754926763e+04
8.516666666666665719e+01,1.402418877138708558e+04
8.518750000000000000e+01,1.512927141246880637e+04
8.520833333333332860e+01,1.488818854792972706e+04
8.522916666666665719e+01,1.369700998905182496e+04
8.525000000000000000e+01,1.341899997849576175e+04
8.527083333333332860e+01,1.535215483442803088e+04
8.529166666666665719e+01,1.514975020848555869e+04
8.531250000000000000e+01,1.283223854170399136e+04
8.533333333333332860e+01,1.359447558952023974e+04
8.535416666666665719e+01,1.602239291726832016e+04
8.537500000000000000e+01,1.516785955670360636e+04
8.539583333333332860e+01,1.259840909229122917e+04
8.541666666666665719e+01,1.345350248080832898e+04
8.543750000000000000e+01,1.572818038651097595e+04
8.545833333333332860e+01,1.516803560848953930e+04
8.547916666666665719e+01,1.275917619347409709e+04
8.550000000000000000e+01,1.348382260901773407e+04
8.552083333333332860e+01,1.606256936335751379e+04
8.554166666666665719e+01,1.489546545481235444e+04
8.556250000000000000e+01,1.263061206300152480e+04
8.558333333333332860e+01,1.405197742390020721e+04
8.560416666666665719e+01,1.659854644106571504e+04
8.562500000000000000e+01,1.623761725343787839e+04
8.564583333333332860e+01,1.379383920927676809e+04
8.566666666666665719e+01,1.464873839551801211e+04
8.568750000000000000e+01,1.722923175341191745e+04
8.570833333333332860e+01,1.634928526648192201e+04
8.572916666666665719e+01,1.373769571085979260e+04
8.575000000000000000e+01,1.455672022263498729e+04
8.577083333333332860e+01,1.709129773675223987e+04
8.579166666666665719e+01,1.618694671492274574e+04
8.581250000000000000e+01,1.356252511815372782e+04
8.583333333333332860e+01,1.437571652601513051e+04
8.585416666666665719e+01,1.691055705086595117e+04
8.587500000000000000e+01,1.601019168527727379e+04
8.589583333333332860e+01,1.339119362357199861e+04
8.591666666666665719e+01,1.421121702024684782e+04
8.593750000000000000e+01,1.643507179375009582e+04
8.595833333333332860e+01,1.586137324460667151e+04
8.597916666666665719e+01,1.324948122420694926e+04
8.600000000000000000e+01,1.410588767220300360e+04
8.602083333333332860e+01,1.662605874326517369e+04
8.604166666666665719e+01,1.573913054533766262e+04
8.606250000000000000e+01,1.313522057713269533e+04
8.608333333333332860e+01,1.397424946987111616e+04
8.610416666666665719e+01,1.652284013201054768e+04
8.612500000000000000e+01,1.564237914693478160e+04
8.614583333333332860e+01,1.304511222795284266e+04
8.616666666666665719e+01,1.400608916704697913e+04
8.618750000000000000e+01,1.638656525980552760e+04
8.620833333333332860e+01,1.556759326516711008e+04
8.622916666666665719e+01,1.297449679290580389e+04
8.625000000000000000e+01,1.369180777518146351e+04
8.627083333333332860e+01,1.613085666716828564e+04
8.629166666666665719e+01,1.550932090038238675e+04
8.631250000000000000e+01,1.297424768113136452e+04
8.633333333333332860e+01,1.376876136786201096e+04
8.635416666666665719e+01,1.633280509422107934e+04
8.637500000000000000e+01,1.546086532679645825e+04
8.639583333333332860e+01,1.287401857573394591e+04
8.641666666666665719e+01,1.372474599462252081e+04
8.643750000000000000e+01,1.629208067801901780e+04
8.645833333333332860e+01,1.542278752064208311e+04
8.647916666666665719e+01,1.283763162975588784e+04
8.650000000000000000e+01,1.350628264624448275e+04
8.652083333333332860e+01,1.617128511687865830e+04
8.654166666666665719e+01,1.539620434935787125e+04
8.656250000000000000e+01,1.281203855602072872e+04
8.658333333333332860e+01,1.366691486027348219e+04
8.660416666666665719e+01,1.623922482403823960e+04
8.662500000000000000e+01,1.537304048422561391e+04
8.664583333333332860e+01,1.278887074915830453e+04
8.666666666666665719e+01,1.364419063494525835e+04
8.668750000000000000e+01,1.606601632361760130e+04
8.670833333333332860e+01,1.506659687306200794e+04
8.672916666666665719e+01,1.277531246995625770e+04
8.675000000000000000e+01,1.381941472624803646e+04
8.677083333333332860e+01,1.620975390897713805e+04
8.679166666666665719e+01,1.534496404753799652e+04
8.681250000000000000e+01,1.276090302736812737e+04
8.683333333333332860e+01,1.361699861781790241e+04
8.685416666666665719e+01,1.602088947404686769e+04
8.687500000000000000e+01,1.533253328484094527e+04
8.689583333333332860e+01,1.275006423916726271e+04
8.691666666666665719e+01,1.360722223765102535e+04
8.693750000000000000e+01,1.618409802674048478e+04
8.695833333333332860e+01,1.532215029662727466e+04
8.697916666666665719e+01,1.274096532103127902e+04
8.700000000000000000e+01,1.366142960874199343e+04
8.702083333333332860e+01,1.596216412850629786e+04
8.704166666666665719e+01,1.531676019912076663e+04
8.706250000000000000e+01,1.273656595338268744e+04
8.708333333333332860e+01,1.359463941094069742e+04
8.710416666666665719e+01,1.617004808397120360e+04
8.712500000000000000e+01,1.530856682480114614e+04
8.714583333333332860e+01,1.273076868023143470e+04
8.716666666666665719e+01,1.387959420564846732e+04
8.718750000000000000e+01,1.616710871169941311e+04
8.720833333333332860e+01,1.514279881471298359e+04
8.722916666666665719e+01,1.273085854291396026e+04
8.725000000000000000e+01,1.358882833944552476e+04
8.727083333333332860e+01,1.576306237409704772e+04
8.729166666666665719e+01,1.530414654259540112e+04
8.731250000000000000e+01,1.314013954261856998e+04
8.733333333333332860e+01,1.358737713607732439e+04
8.735416666666665719e+01,1.530964027728235669e+04
8.737500000000000000e+01,1.552776343725894185e+04
8.739583333333332860e+01,1.358365503598154828e+04
8.741666666666665719e+01,1.362081594337439310e+04
8.743750000000000000e+01,1.530137936060862921e+04
8.745833333333332860e+01,1.529870922616021562e+04
8.747916666666665719e+01,1.358111928394117786e+04
8.750000000000000000e+01,1.363294736165102586e+04
8.752083333333332860e+01,1.529755091644104687e+04
8.754166666666665719e+01,1.529494395012522727e+04
8.756250000000000000e+01,1.339931754639205610e+04
8.758333333333332860e+01,1.362022506741639518e+04
8.760416666666665719e+01,1.529988462791337588e+04
8.762500000000000000e+01,1.529646115465384355e+04
8.764583333333332860e+01,1.360375312490195211e+04
8.766666666666665719e+01,1.394800664372904430e+04
8.768750000000000000e+01,1.529691993984483634e+04
8.770833333333332860e+01,1.492459847507876111e+04
8.772916666666665719e+01,1.357947110777825583e+04
8.775000000000000000e+01,1.422662573372478437e+04
8.777083333333332860e+01,1.529608010308750090e+04
8.779166666666665719e+01,1.443535592525753600e+04
8.781250000000000000e+01,1.357516313579924463e+04
8.783333333333332860e+01,1.443350113994279309e+04
8.785416666666665719e+01,1.529216246204016352e+04
8.787500000000000000e+01,1.447455188149348396e+04
8.789583333333332860e+01,1.392337001112425423e+04
8.791666666666665719e+01,1.443374851282762029e+04
8.793750000000000000e+01,1.503053352857207574e+04
8.795833333333332860e+01,1.457718432317088082e+04
8.797916666666665719e+01,1.380675256133656148e+04
8.800000000000000000e+01,1.443496285500069280e+04
8.802083333333332860e+01,1.529448872050395585e+04
8.804166666666665719e+01,1.443519203777093571e+04
8.806250000000000000e+01,1.357372600501429406e+04
8.808333333333332860e+01,1.443179381189622291e+04
8.810416666666665719e+01,1.529185899797922320e+04
8.812500000000000000e+01,1.443300744332623071e+04
8.814583333333332860e+01,1.379772285704216847e+04
8.816666666666665719e+01,1.443260608343507192e+04
8.818750000000000000e+01,1.529172549479559166e+04
8.820833333333332860e+01,1.443290036573204998e+04
8.822916666666665719e+01,1.357311916252427545e+04
8.825000000000000000e+01,1.443130825713581726e+04
8.827083333333332860e+01,1.528972893818299417e+04
8.829166666666665719e+01,1.443084694012137697e+04
8.831250000000000000e+01,1.388832509040356308e+04
8.833333333333332860e+01,1.440737313703737527e+04
8.835416666666665719e+01,1.517240451897290404e+04
8.837500000000000000e+01,1.443289705369005242e+04
8.839583333333332860e+01,1.357497826593627906e+04
8.841666666666665719e+01,1.433513855163994594e+04
8.843750000000000000e+01,1.529087720855790030e+04
8.845833333333332860e+01,1.443154689451655941e+04
8.847916666666665719e+01,1.394983212377427481e+04
8.850000000000000000e+01,1.443643504467011371e+04
8.852083333333332860e+01,1.497291838383940194e+04
8.854166666666665719e+01,1.443544549441978234e+04
8.856250000000000000e+01,1.407211884025746258e+04
8.858333333333332860e+01,1.443655684616994768e+04
8.860416666666665719e+01,1.463437212545713192e+04
8.862500000000000000e+01,1.497620237969595473e+04
8.864583333333332860e+01,1.443756312219885876e+04
8.866666666666665719e+01,1.404641409000126805e+04
8.868750000000000000e+01,1.443716900599245855e+04
8.870833333333332860e+01,1.497495625860625296e+04
8.872916666666665719e+01,1.443833147953291700e+04
8.875000000000000000e+01,1.357706069660603316e+04
8.877083333333332860e+01,1.443363445103617050e+04
8.879166666666665719e+01,1.529032693460523660e+04
8.881250000000000000e+01,1.443123502389794521e+04
8.883333333333332860e+01,1.336578436557142777e+04
8.885416666666665719e+01,1.476790201034141137e+04
8.887500000000000000e+01,1.529276061331493474e+04
8.889583333333332860e+01,1.424660303482832751e+04
8.891666666666665719e+01,1.382936840415495681e+04
8.893750000000000000e+01,1.443999036023716326e+04
8.895833333333332860e+01,1.536422278742090202e+04
8.897916666666665719e+01,1.443353332488760134e+04
8.900000000000000000e+01,1.380516433748117197e+04
8.902083333333332860e+01,1.443565075696248823e+04
8.904166666666665719e+01,1.540071493257009934e+04
8.906250000000000000e+01,1.443445792117653400e+04
8.908333333333332860e+01,1.357572101794670380e+04
8.910416666666665719e+01,1.443556110614753561e+04
8.912500000000000000e+01,1.529187666799447106e+04
8.914583333333332860e+01,1.443006673886302087e+04
8.916666666666665719e+01,1.364437266903370619e+04
8.918750000000000000e+01,1.468449729201737864e+04
8.920833333333332860e+01,1.525930575411683094e+04
8.922916666666665719e+01,1.434646017863135057e+04
8.925000000000000000e+01,1.349149369881415623e+04
8.927083333333332860e+01,1.443427680268544646e+04
8.929166666666665719e+01,1.529125850222766167e+04
8.931250000000000000e+01,1.443180734354751985e+04
8.933333333333332860e+01,1.357256201725026403e+04
8.935416666666665719e+01,1.443033630534720214e+04
8.937500000000000000e+01,1.528908199249336758e+04
8.939583333333332860e+01,1.443120114912876670e+04
8.941666666666665719e+01,1.353958159161657386e+04
8.943750000000000000e+01,1.450637099228332590e+04
8.945833333333332860e+01,1.528938297242698900e+04
8.947916666666665719e+01,1.443176501432642908e+04
8.950000000000000000e+01,1.354591965145063295e+04
8.952083333333332860e+01,1.476597874024894554e+04
8.954166666666665719e+01,1.529067165856802239e+04
8.956250000000000000e+01,1.426001805568491181e+04
8.958333333333332860e+01,1.350340464327785958e+04
8.960416666666665719e+01,1.443287099749436311e+04
8.962500000000000000e+01,1.529029312050012595e+04
8.964583333333332860e+01,1.443241178862068773e+04
8.966666666666665719e+01,1.378140208060942314e+04
8.968750000000000000e+01,1.450816911772305684e+04
8.970833333333332860e+01,1.529145186565964832e+04
8.972916666666665719e+01,1.443229122961610483e+04
8.975000000000000000e+01,1.357402544681608197e+04
8.977083333333332860e+01,1.443287926612511001e+04
8.979166666666665719e+01,1.551595715248740817e+04
8.981250000000000000e+01,1.443143276873932336e+04
8.983333333333332860e+01,1.357294553352504226e+04
8.985416666666665719e+01,1.470799693838843814e+04
8.987500000000000000e+01,1.529346222445702006e+04
8.989583333333332860e+01,1.443244931517938676e+04
8.991666666666665719e+01,1.360149933512564166e+04
8.993750000000000000e+01,1.443422819283586432e+04
8.995833333333332860e+01,1.529180351428206632e+04
8.997916666666665719e+01,1.443150110361855332e+04
9.000000000000000000e+01,1.347795086496475415e+04
9.002083333333332860e+01,1.443346395733159443e+04
9.004166666666665719e+01,1.529180279311405320e+04
9.006250000000000000e+01,1.443248247416332379e+04
9.008333333333332860e+01,1.357212710399659409e+04
9.010416666666665719e+01,1.443057565824528501e+04
9.012500000000000000e+01,1.529034789825976986e+04
9.014583333333332860e+01,1.443106234854105060e+04
9.016666666666665719e+01,1.357114315327732402e+04
9.018750000000000000e+01,1.481215802715827886e+04
9.020833333333332860e+01,1.529203702456886094e+04
9.022916666666665719e+01,1.415854552486936518e+04
9.025000000000000000e+01,1.357339375867300623e+04
9.027083333333332860e+01,1.477084454282281877e+04
9.029166666666665719e+01,1.529366702246938803e+04
9.031250000000000000e+01,1.433071263064676896e+04
9.033333333333332860e+01,1.357256860153580783e+04
9.035416666666665719e+01,1.443254621708311606e+04
9.037500000000000000e+01,1.530694748438645183e+04
9.039583333333332860e+01,1.443025813970341915e+04
9.041666666666665719e+01,1.357034356330813171e+04
9.043750000000000000e+01,1.473421179418600150e+04
9.045833333333332860e+01,1.530786349862940187e+04
9.047916666666665719e+01,1.443147336771011396e+04
9.050000000000000000e+01,1.357189529509788190e+04
9.052083333333332860e+01,1.443293914081823459e+04
9.054166666666665719e+01,1.529220470859822308e+04
9.056250000000000000e+01,1.443067395813044641e+04
9.058333333333332860e+01,1.357047373006121052e+04
9.060416666666665719e+01,1.443139045406840523e+04
9.062500000000000000e+01,1.529132378702780989e+04
9.064583333333332860e+01,1.443039642720497068e+04
9.066666666666665719e+01,1.362713522576759715e+04
9.068750000000000000e+01,1.458785833653980080e+04
9.070833333333332860e+01,1.529251118493684771e+04
9.072916666666665719e+01,1.443142379472305038e+04
9.075000000000000000e+01,1.357210223966775811e+04
9.077083333333332860e+01,1.448129044040674853e+04
9.079166666666665719e+01,1.528996151981438743e+04
9.081250000000000000e+01,1.443002582021879425e+04
9.083333333333332860e+01,1.363133168160270361e+04
9.085416666666665719e+01,1.480468934956638986e+04
9.087500000000000000e+01,1.529135675903187439e+04
9.089583333333332860e+01,1.383095348200423177e+04
9.091666666666665719e+01,1.334022487863111019e+04
9.093750000000000000e+01,1.529549023719296383e+04
9.095833333333332860e+01,1.529824208820315471e+04
9.097916666666665719e+01,1.357844516951765036e+04
9.100000000000000000e+01,1.373641169685063869e+04
9.102083333333332860e+01,1.529651139637787492e+04
9.104166666666665719e+01,1.529351358409666864e+04
9.106250000000000000e+01,1.357479406094692240e+04
9.108333333333332860e+01,1.357340356779632930e+04
9.110416666666665719e+01,1.529164437832311887e+04
9.112500000000000000e+01,1.529075138946834340e+04
9.114583333333332860e+01,1.357178515877309474e+04
9.116666666666665719e+01,1.357124517599497995e+04
9.118750000000000000e+01,1.529064366465141211e+04
9.120833333333332860e+01,1.528972775168061708e+04
9.122916666666665719e+01,1.337779500813065897e+04
9.125000000000000000e+01,1.374782284830255594e+04
9.127083333333332860e+01,1.529374811939881329e+04
9.129166666666665719e+01,1.529177306537039476e+04
9.131250000000000000e+01,1.357373185342587385e+04
9.133333333333332860e+01,1.382215466391813970e+04
9.135416666666665719e+01,1.529562946367621043e+04
9.137500000000000000e+01,1.529291415994901399e+04
9.139583333333332860e+01,1.357375501268491280e+04
9.141666666666665719e+01,1.357268989712760958e+04
9.143750000000000000e+01,1.528999895508198460e+04
9.145833333333332860e+01,1.528803979236658051e+04
9.147916666666665719e+01,1.371961078870057099e+04
9.150000000000000000e+01,1.352290330508634725e+04
9.152083333333332860e+01,1.529240734612995220e+04
9.154166666666665719e+01,1.529060131030251068e+04
9.156250000000000000e+01,1.357463156267608065e+04
9.158333333333332860e+01,1.357434489955394747e+04
9.160416666666665719e+01,1.529008662157983417e+04
9.162500000000000000e+01,1.528806669538017741e+04
9.164583333333332860e+01,1.349904752903022018e+04
9.166666666666665719e+01,1.331127175200969214e+04
9.168750000000000000e+01,1.529184471614903669e+04
9.170833333333332860e+01,1.549873866394767902e+04
9.172916666666665719e+01,1.357571722509739993e+04
9.175000000000000000e+01,1.385201277215467780e+04
9.177083333333332860e+01,1.529342667455309129e+04
9.179166666666665719e+01,1.506064716782369214e+04
9.181250000000000000e+01,1.357660444025775723e+04
9.183333333333332860e+01,1.354391824083910979e+04
9.185416666666665719e+01,1.529439855062335482e+04
9.187500000000000000e+01,1.529137573875511953e+04
9.189583333333332860e+01,1.357438203819244518e+04
9.191666666666665719e+01,1.380038273852359998e+04
9.193750000000000000e+01,1.529419464878610597e+04
9.195833333333332860e+01,1.529066919057791165e+04
9.197916666666665719e+01,1.359202976543858676e+04
9.200000000000000000e+01,1.375653054659835107e+04
9.202083333333332860e+01,1.529379029740736951e+04
9.204166666666665719e+01,1.482290542063262183e+04
9.206250000000000000e+01,1.357686009171091064e+04
9.208333333333332860e+01,1.443381078715773765e+04
9.210416666666665719e+01,1.515791998480455004e+04
9.212500000000000000e+01,1.443311316119287949e+04
9.214583333333332860e+01,1.357260453670802599e+04
9.216666666666665719e+01,1.443080277733049661e+04
9.218750000000000000e+01,1.529032506620209460e+04
9.220833333333332860e+01,1.468434428714322348e+04
9.222916666666665719e+01,1.380323605770779614e+04
9.225000000000000000e+01,1.443337319231562651e+04
9.227083333333332860e+01,1.529344500072111623e+04
9.229166666666665719e+01,1.443393871072957700e+04
9.231250000000000000e+01,1.357297759021893580e+04
9.233333333333332860e+01,1.413843503043435703e+04
9.235416666666665719e+01,1.529277966237465807e+04
9.237500000000000000e+01,1.451939847077070954e+04
9.239583333333332860e+01,1.357437547882050421e+04
9.241666666666665719e+01,1.443233763036523669e+04
9.243750000000000000e+01,1.529076528034099829e+04
9.245833333333332860e+01,1.445787185375718400e+04
9.247916666666665719e+01,1.395297739497684961e+04
9.250000000000000000e+01,1.443288221871288988e+04
9.252083333333332860e+01,1.496351586838080402e+04
9.254166666666665719e+01,1.441342052763899119e+04
9.256250000000000000e+01,1.409604871877022379e+04
9.258333333333332860e+01,1.443446959430499192e+04
9.260416666666665719e+01,1.447024502075322016e+04
9.262500000000000000e+01,1.467405941215222629e+04
9.264583333333332860e+01,1.443686458496753039e+04
9.266666666666665719e+01,1.402169429957708417e+04
9.268750000000000000e+01,1.443591654357438165e+04
9.270833333333332860e+01,1.568920234520605300e+04
9.272916666666665719e+01,1.415122803582197594e+04
9.275000000000000000e+01,1.290230062877578530e+04
9.277083333333332860e+01,1.464177845571023499e+04
9.279166666666665719e+01,1.615327370888981022e+04
9.281250000000000000e+01,1.443251975476321240e+04
9.283333333333332860e+01,1.271449341127425578e+04
9.285416666666665719e+01,1.443176983643917265e+04
9.287500000000000000e+01,1.614965765274027217e+04
9.289583333333332860e+01,1.428225989281723741e+04
9.291666666666665719e+01,1.271336186283468851e+04
9.293750000000000000e+01,1.443069946945552147e+04
9.295833333333332860e+01,1.615038338124087750e+04
9.297916666666665719e+01,1.443172625545194387e+04
9.300000000000000000e+01,1.271201941897366851e+04
9.302083333333332860e+01,1.442921912986010284e+04
9.304166666666665719e+01,1.596202517484873533e+04
9.306250000000000000e+01,1.422888632674726614e+04
9.308333333333332860e+01,1.271623170782896705e+04
9.310416666666665719e+01,1.443283289361794959e+04
9.312500000000000000e+01,1.615250521932830452e+04
9.314583333333332860e+01,1.443309315963552581e+04
9.316666666666665719e+01,1.271400180297214683e+04
9.318750000000000000e+01,1.471313786950631766e+04
9.320833333333332860e+01,1.615138802539143944e+04
9.322916666666665719e+01,1.439860497670713085e+04
9.325000000000000000e+01,1.271437159288425028e+04
9.327083333333332860e+01,1.449449895515018216e+04
9.329166666666665719e+01,1.614968516260472461e+04
9.331250000000000000e+01,1.441383822005664842e+04
9.333333333333332860e+01,1.271391782257306841e+04
9.335416666666665719e+01,1.443211957493254886e+04
9.337500000000000000e+01,1.592623026331519577e+04
9.339583333333332860e+01,1.438748573630854662e+04
9.341666666666665719e+01,1.271676534710175474e+04
9.343750000000000000e+01,1.443392157505703653e+04
9.345833333333332860e+01,1.615112315715075965e+04
9.347916666666665719e+01,1.443156049144922144e+04
9.350000000000000000e+01,1.271384573037166047e+04
9.352083333333332860e+01,1.443175166674361390e+04
9.354166666666665719e+01,1.615003916906222366e+04
9.356250000000000000e+01,1.443103881340151929e+04
9.358333333333332860e+01,1.271291672867922534e+04
9.360416666666665719e+01,1.443069560288696448e+04
9.362500000000000000e+01,1.614987454473366597e+04
9.364583333333332860e+01,1.443121706491615987e+04
9.366666666666665719e+01,1.271213804225791682e+04
9.368750000000000000e+01,1.442949796805501319e+04
9.370833333333332860e+01,1.614980311667904243e+04
9.372916666666665719e+01,1.420481361554575778e+04
9.375000000000000000e+01,1.271373469411659971e+04
9.377083333333332860e+01,1.443113422733388506e+04
9.379166666666665719e+01,1.582781478322821931e+04
9.381250000000000000e+01,1.443943970195729344e+04
9.383333333333332860e+01,1.271776513003143918e+04
9.385416666666665719e+01,1.446569699733642119e+04
9.387500000000000000e+01,1.615194246697507333e+04
9.389583333333332860e+01,1.443169643651603110e+04
9.391666666666665719e+01,1.284025076603134221e+04
9.393750000000000000e+01,1.480059977248257201e+04
9.395833333333332860e+01,1.615377413926730515e+04
9.397916666666665719e+01,1.443327949478100345e+04
9.400000000000000000e+01,1.271695785202357365e+04
9.402083333333332860e+01,1.443461400614717786e+04
9.404166666666665719e+01,1.615090175928057943e+04
9.406250000000000000e+01,1.441382066390195905e+04
9.408333333333332860e+01,1.271369099669380012e+04
9.410416666666665719e+01,1.443084727942839163e+04
9.412500000000000000e+01,1.601117030591381263e+04
9.414583333333332860e+01,1.391483875813216946e+04
9.416666666666665719e+01,1.271759517040395076e+04
9.418750000000000000e+01,1.449764404288530204e+04
9.420833333333332860e+01,1.615400413731244771e+04
9.422916666666665719e+01,1.443398834731828902e+04
9.425000000000000000e+01,1.271410049372771391e+04
9.427083333333332860e+01,1.462250872364975294e+04
9.429166666666665719e+01,1.604384007964977718e+04
9.431250000000000000e+01,1.443342940545936654e+04
9.433333333333332860e+01,1.271497909144979349e+04
9.435416666666665719e+01,1.465628491999289690e+04
9.437500000000000000e+01,1.615121263100627039e+04
9.439583333333332860e+01,1.443155254203029472e+04
9.441666666666665719e+01,1.271392134922764672e+04
9.443750000000000000e+01,1.443117182537789995e+04
9.445833333333332860e+01,1.603584505024585087e+04
9.447916666666665719e+01,1.402842908930054182e+04
9.450000000000000000e+01,1.271662729538807616e+04
9.452083333333332860e+01,1.443279824554506195e+04
9.454166666666665719e+01,1.615211936594911458e+04
9.456250000000000000e+01,1.443263134850751158e+04
9.458333333333332860e+01,1.271318410146900715e+04
9.460416666666665719e+01,1.444763269182463046e+04
9.462500000000000000e+01,1.614912086471046496e+04
9.464583333333332860e+01,1.442939929112047685e+04
9.466666666666665719e+01,1.271240574619244944e+04
9.468750000000000000e+01,1.486590576241200324e+04
9.470833333333332860e+01,1.592073793148089680e+04
9.472916666666665719e+01,1.436028025807398080e+04
9.475000000000000000e+01,1.271972101689199553e+04
9.477083333333332860e+01,1.443606340229177295e+04
9.479166666666665719e+01,1.615200373458979448e+04
9.481250000000000000e+01,1.431044328178591240e+04
9.483333333333332860e+01,1.271451775671468931e+04
9.485416666666665719e+01,1.443119090644342214e+04
9.487500000000000000e+01,1.615013825532629926e+04
9.489583333333332860e+01,1.416436058077982307e+04
9.491666666666665719e+01,1.271380912851773246e+04
9.493750000000000000e+01,1.450221865173569313e+04
9.495833333333332860e+01,1.615219578652909331e+04
9.497916666666665719e+01,1.438970762316510445e+04
9.500000000000000000e+01,1.271310386279059094e+04
9.502083333333332860e+01,1.443408396340778927e+04
9.504166666666665719e+01,1.615025043155433013e+04
9.506250000000000000e+01,1.439804224696999518e+04
9.508333333333332860e+01,1.277938943668517095e+04
9.510416666666665719e+01,1.461363211537884854e+04
9.512500000000000000e+01,1.615201702512385236e+04
9.514583333333332860e+01,1.439360022365022087e+04
9.516666666666665719e+01,1.271471724125144829e+04
9.518750000000000000e+01,1.443174027049578581e+04
9.520833333333332860e+01,1.598645772354678047e+04
9.522916666666665719e+01,1.431522028925534687e+04
9.525000000000000000e+01,1.271637937824644541e+04
9.527083333333332860e+01,1.443199468593174606e+04
9.529166666666665719e+01,1.615212589568429394e+04
9.531250000000000000e+01,1.443338108660399666e+04
9.533333333333332860e+01,1.271267072091698356e+04
9.535416666666665719e+01,1.442951550445537578e+04
9.537500000000000000e+01,1.609353545790190401e+04
9.539583333333332860e+01,1.443326106460339361e+04
9.541666666666665719e+01,1.271281373587601774e+04
9.543750000000000000e+01,1.442975404618169705e+04
9.545833333333332860e+01,1.603762521522169118e+04
9.547916666666665719e+01,1.443387054462599190e+04
9.550000000000000000e+01,1.271373957162990700e+04
9.552083333333332860e+01,1.443072760521908276e+04
9.554166666666665719e+01,1.614968237844969553e+04
9.556250000000000000e+01,1.443065830119369275e+04
9.558333333333332860e+01,1.273662653473756291e+04
9.560416666666665719e+01,1.473256452047636412e+04
9.562500000000000000e+01,1.613583576723328952e+04
9.564583333333332860e+01,1.400671646522149604e+04
9.566666666666665719e+01,1.271987216829731551e+04
9.568750000000000000e+01,1.458506666381860850e+04
9.570833333333332860e+01,1.602710211610027181e+04
9.572916666666665719e+01,1.443755410683894661e+04
9.575000000000000000e+01,1.271855680973623748e+04
9.577083333333332860e+01,1.443543355174346289e+04
9.579166666666665719e+01,1.615229285036982037e+04
9.581250000000000000e+01,1.442263517546281582e+04
9.583333333333332860e+01,1.271445581531644712e+04
9.585416666666665719e+01,1.474100667442765189e+04
9.587500000000000000e+01,1.596516889874370827e+04
9.589583333333332860e+01,1.429777440403151923e+04
9.591666666666665719e+01,1.271779201180492964e+04
9.593750000000000000e+01,1.443463367016467237e+04
9.595833333333332860e+01,1.604320322835842308e+04
9.597916666666665719e+01,1.443660392427508486e+04
9.600000000000000000e+01,1.271610391192878888e+04
9.602083333333332860e+01,1.443255596741222325e+04
9.604166666666665719e+01,1.615207653333912094e+04
9.606250000000000000e+01,1.426384904540830394e+04
9.608333333333332860e+01,1.271437754769295861e+04
9.610416666666665719e+01,1.443109828167294836e+04
9.612500000000000000e+01,1.604523474283762698e+04
9.614583333333332860e+01,1.443451929956215827e+04
9.616666666666665719e+01,1.271421701311699144e+04
9.618750000000000000e+01,1.443125996488298551e+04
9.620833333333332860e+01,1.614967657817025975e+04
9.622916666666665719e+01,1.443008347479312579e+04
9.625000000000000000e+01,1.271256025484646307e+04
9.627083333333332860e+01,1.470543491783693389e+04
9.629166666666665719e+01,1.613006537326092439e+04
9.631250000000000000e+01,1.443113969207918126e+04
9.633333333333332860e+01,1.271522597581136142e+04
9.635416666666665719e+01,1.443349362304328315e+04
9.637500000000000000e+01,1.595476884789975520e+04
9.639583333333332860e+01,1.443405314627655025e+04
9.641666666666665719e+01,1.271623925173597672e+04
9.643750000000000000e+01,1.443346474483253769e+04
9.645833333333332860e+01,1.615003841405511412e+04
9.647916666666665719e+01,1.422641087783676994e+04
9.650000000000000000e+01,1.271453318435171968e+04
9.652083333333332860e+01,1.443224381295029889e+04
9.654166666666665719e+01,1.615003121053552604e+04
9.656250000000000000e+01,1.443043914519546888e+04
9.658333333333332860e+01,1.271295817374538456e+04
9.660416666666665719e+01,1.443119684592710473e+04
9.662500000000000000e+01,1.614863810006302447e+04
9.664583333333332860e+01,1.442901427959165812e+04
9.666666666666665719e+01,1.271242053102896534e+04
9.668750000000000000e+01,1.461852740183489368e+04
9.670833333333332860e+01,1.614974888660297074e+04
9.672916666666665719e+01,1.443020376231453338e+04
9.675000000000000000e+01,1.271378140667955449e+04
9.677083333333332860e+01,1.443191139110561926e+04
9.679166666666665719e+01,1.589366735751494343e+04
9.681250000000000000e+01,1.437383528062955884e+04
9.683333333333332860e+01,1.271619586110571254e+04
9.685416666666665719e+01,1.443244125537449145e+04
9.687500000000000000e+01,1.615104514185001972e+04
9.689583333333332860e+01,1.438007112328060612e+04
9.691666666666665719e+01,1.271243628199015075e+04
9.693750000000000000e+01,1.442927305421774872e+04
9.695833333333332860e+01,1.615047465769543123e+04
9.697916666666665719e+01,1.438017688657844701e+04
9.700000000000000000e+01,1.271174398378623664e+04
9.702083333333332860e+01,1.442832453209161031e+04
9.704166666666665719e+01,1.615130664300588978e+04
9.706250000000000000e+01,1.421673903962485565e+04
9.708333333333332860e+01,1.271398566109922831e+04
9.710416666666665719e+01,1.443080467694448089e+04
9.712500000000000000e+01,1.615403865839950959e+04
9.714583333333332860e+01,1.439319948960799957e+04
9.716666666666665719e+01,1.281021689015617812e+04
9.718750000000000000e+01,1.462164633349156429e+04
9.720833333333332860e+01,1.615405848666399834e+04
9.722916666666665719e+01,1.443489990094616587e+04
9.725000000000000000e+01,1.271434038344004512e+04
9.727083333333332860e+01,1.443089736534993062e+04
9.729166666666665719e+01,1.579701010159581347e+04
9.731250000000000000e+01,1.443887584566362784e+04
9.733333333333332860e+01,1.271709025166797437e+04
9.735416666666665719e+01,1.443279453021013251e+04
9.737500000000000000e+01,1.615122143940841124e+04
9.739583333333332860e+01,1.443187117030776426e+04
9.741666666666665719e+01,1.293445884520288746e+04
9.743750000000000000e+01,1.447616539189353352e+04
9.745833333333332860e+01,1.615210170866948101e+04
9.747916666666665719e+01,1.429314388899830738e+04
9.750000000000000000e+01,1.271532978502246260e+04
9.752083333333332860e+01,1.464956981813623497e+04
9.754166666666665719e+01,1.591898713061019589e+04
9.756250000000000000e+01,1.443833098940914351e+04
9.758333333333332860e+01,1.272029178830699311e+04
9.760416666666665719e+01,1.443723728930458310e+04
9.762500000000000000e+01,1.615292794214486639e+04
9.764583333333332860e+01,1.425148025350667012e+04
9.766666666666665719e+01,1.271655485294159735e+04
9.768750000000000000e+01,1.466791245901280126e+04
9.770833333333332860e+01,1.615195976467157379e+04
9.772916666666665719e+01,1.443201229225776115e+04
9.775000000000000000e+01,1.271511761004698565e+04
9.777083333333332860e+01,1.443282961272609464e+04
9.779166666666665719e+01,1.615047043209922413e+04
9.781250000000000000e+01,1.429582865199422304e+04
9.783333333333332860e+01,1.271363077453884398e+04
9.785416666666665719e+01,1.443043187868130190e+04
9.787500000000000000e+01,1.589738274160314904e+04
9.789583333333332860e+01,1.416880136213518563e+04
9.791666666666665719e+01,1.271759249594408902e+04
9.793750000000000000e+01,1.457544216345050882e+04
9.795833333333332860e+01,1.615524515254109792e+04
9.797916666666665719e+01,1.443537698837641801e+04
9.800000000000000000e+01,1.271388172895213211e+04
9.802083333333332860e+01,1.443025620320454254e+04
9.804166666666665719e+01,1.615097558639867930e+04
9.806250000000000000e+01,1.437119539016055569e+04
9.808333333333332860e+01,1.271264486555544499e+04
9.810416666666665719e+01,1.442966296944463829e+04
9.812500000000000000e+01,1.615046675564350153e+04
9.814583333333332860e+01,1.443205107407563628e+04
9.816666666666665719e+01,1.271233866849917831e+04
9.818750000000000000e+01,1.449741311520161980e+04
9.820833333333332860e+01,1.615022385487005522e+04
9.822916666666665719e+01,1.443146268551990579e+04
9.825000000000000000e+01,1.271311086945723946e+04
9.827083333333332860e+01,1.443101231864735746e+04
9.829166666666665719e+01,1.614942444127569252e+04
9.831250000000000000e+01,1.443037256799116585e+04
9.833333333333332860e+01,1.271341539448591720e+04
9.835416666666665719e+01,1.461723765895331962e+04
9.837500000000000000e+01,1.589464512792999449e+04
9.839583333333332860e+01,1.443775729568992392e+04
9.841666666666665719e+01,1.271975404866789540e+04
9.843750000000000000e+01,1.443665562209031486e+04
9.845833333333332860e+01,1.615273212882536609e+04
9.847916666666665719e+01,1.417890695047015470e+04
9.850000000000000000e+01,1.271653360015384897e+04
9.852083333333332860e+01,1.443355218068561589e+04
9.854166666666665719e+01,1.614997744734682419e+04
9.856250000000000000e+01,1.442964060142289600e+04
9.858333333333332860e+01,1.281013024297020456e+04
9.860416666666665719e+01,1.456559790906411945e+04
9.862500000000000000e+01,1.615113644582921552e+04
9.864583333333332860e+01,1.443162152907561904e+04
9.866666666666665719e+01,1.271637245885112134e+04
9.868750000000000000e+01,1.443492914670234313e+04
9.870833333333332860e+01,1.615097869322834595e+04
9.872916666666665719e+01,1.437751755852599308e+04
9.875000000000000000e+01,1.271477072048864284e+04
9.877083333333332860e+01,1.443249335495027117e+04
9.879166666666665719e+01,1.590698891822505539e+04
9.881250000000000000e+01,1.422481626184157722e+04
9.883333333333332860e+01,1.271744555100537764e+04
9.885416666666665719e+01,1.452767166371681014e+04
9.887500000000000000e+01,1.615259159509966776e+04
9.889583333333332860e+01,1.443256781654783117e+04
9.891666666666665719e+01,1.271452556593435656e+04
9.893750000000000000e+01,1.443232482605427140e+04
9.895833333333332860e+01,1.615007789785754358e+04
9.897916666666665719e+01,1.443054575946005571e+04
9.900000000000000000e+01,1.271287103663176094e+04
9.902083333333332860e+01,1.454698064584073290e+04
9.904166666666665719e+01,1.614989694639855588e+04
9.906250000000000000e+01,1.443045548301342569e+04
9.908333333333332860e+01,1.271237916527992638e+04
9.910416666666665719e+01,1.442992296372018609e+04
9.912500000000000000e+01,1.611224819490437585e+04
9.914583333333332860e+01,1.412503670860282364e+04
9.916666666666665719e+01,1.271483466509830396e+04
9.918750000000000000e+01,1.472780043988096804e+04
9.920833333333332860e+01,1.604598139944286231e+04
9.922916666666665719e+01,1.427348278253021272e+04
9.925000000000000000e+01,1.271717461812160764e+04
9.927083333333332860e+01,1.443360764853252113e+04
9.929166666666665719e+01,1.615233227750684819e+04
9.931250000000000000e+01,1.443292285587655715e+04
9.933333333333332860e+01,1.271381765047163572e+04
9.935416666666665719e+01,1.444101667122247454e+04
9.937500000000000000e+01,1.587929310564329717e+04
9.939583333333332860e+01,1.443580423999395498e+04
9.941666666666665719e+01,1.279553823871446366e+04
9.943750000000000000e+01,1.466041952348359700e+04
9.945833333333332860e+01,1.615299978515377734e+04
9.947916666666665719e+01,1.431773777232228895e+04
9.950000000000000000e+01,1.280378224881373899e+04
9.952083333333332860e+01,1.443470117579846192e+04
9.954166666666665719e+01,1.615225086196058328e+04
9.956250000000000000e+01,1.419221882961097799e+04
9.958333333333332860e+01,1.271587014225941311e+04
9.960416666666665719e+01,1.448779172807195209e+04
9.962500000000000000e+01,1.615321447125595296e+04
9.964583333333332860e+01,1.443370206901604251e+04
9.966666666666665719e+01,1.271404307874005099e+04
9.968750000000000000e+01,1.461963894142021672e+04
9.970833333333332860e+01,1.613928351791112800e+04
9.972916666666665719e+01,1.408619358471795931e+04
9.975000000000000000e+01,1.271553907855909347e+04
9.977083333333332860e+01,1.479514529142522588e+04
9.979166666666665719e+01,1.596467900683045445e+04
9.981250000000000000e+01,1.402701978373886232e+04
9.983333333333332860e+01,1.271886028638945209e+04
9.985416666666665719e+01,1.508879457599773741e+04
9.987500000000000000e+01,1.615389323154147132e+04
9.989583333333332860e+01,1.325126042279219473e+04
9.991666666666665719e+01,0.000000000000000000e+00
9.993750000000000000e+01,1.710534018468640716e+04
9.995833333333332860e+01,1.623603881418281162e+04
9.997916666666665719e+01,1.393105148991038368e+04
1.000000000000000000e+02,1.524881136741411683e+04
1.000208333333333286e+02,1.438128658724368870e+04
1.000416666666666572e+02,1.391359367089619991e+04
1.000625000000000000e+02,1.442356935131564023e+04
1.000833333333333286e+02,1.496491390505377785e+04
1.001041666666666572e+02,1.433901069026625191e+04
1.001250000000000000e+02,1.377847797663208985e+04
1.001458333333333286e+02,1.435788112162150355e+04
1.001666666666666572e+02,1.533311228306677731e+04
1.001875000000000000e+02,1.448320894270772260e+04
1.002083333333333286e+02,1.348367271790841187e+04
1.002291666666666572e+02,1.443806207989107133e+04
1.002500000000000000e+02,1.542721224014917243e+04
1.002708333333333286e+02,1.430524831593925410e+04
1.002916666666666572e+02,1.353765077419607405e+04
1.003125000000000000e+02,1.464359058738107342e+04
1.003333333333333286e+02,1.505769774066240643e+04
1.003541666666666572e+02,1.427481424583036278e+04
1.003750000000000000e+02,1.395671227843356246e+04
1.003958333333333286e+02,1.432583412603942634e+04
1.004166666666666572e+02,1.488000438056284838e+04
1.004375000000000000e+02,1.496256302918411893e+04
1.004583333333333286e+02,1.372421062363663441e+04
1.004791666666666572e+02,1.358386754047735303e+04
1.005000000000000000e+02,1.586241877951905553e+04
1.005208333333333286e+02,1.510769935404176431e+04
1.005416666666666572e+02,1.271519825353080159e+04
1.005625000000000000e+02,1.387756922337545257e+04
1.005833333333333286e+02,1.614756607911700485e+04
1.006041666666666572e+02,1.523247429968045253e+04
1.006250000000000000e+02,1.270814384706435521e+04
1.006458333333333286e+02,1.367166954939401330e+04
1.006666666666666572e+02,1.578861038945653854e+04
1.006875000000000000e+02,1.528656329312302114e+04
1.007083333333333286e+02,1.294409025069509153e+04
1.007291666666666572e+02,1.356859877020455315e+04
1.007500000000000000e+02,1.592806325782668500e+04
1.007708333333333286e+02,1.512560982974177023e+04
1.007916666666666572e+02,1.270901842605771526e+04
1.008125000000000000e+02,1.356777681226534332e+04
1.008333333333333286e+02,1.614625569986630944e+04
1.008541666666666572e+02,1.528668513474528663e+04
1.008750000000000000e+02,1.270780721338180228e+04
1.008958333333333286e+02,1.356706251283749589e+04
1.009166666666666572e+02,1.601651304155959224e+04
1.009375000000000000e+02,1.528673458575013137e+04
1.009583333333333286e+02,1.270844253273497088e+04
1.009791666666666572e+02,1.374238812824271008e+04
1.010000000000000000e+02,1.602264470600290224e+04
1.010208333333333286e+02,1.528770245249537766e+04
1.010416666666666572e+02,1.271007900176697513e+04
1.010625000000000000e+02,1.357055564264666100e+04
1.010833333333333286e+02,1.599621638778764463e+04
1.011041666666666572e+02,1.528806345792006687e+04
1.011250000000000000e+02,1.271029014771156289e+04
1.011458333333333286e+02,1.357108047606812033e+04
1.011666666666666572e+02,1.614854934930799573e+04
1.011875000000000000e+02,1.528717617108424383e+04
1.012083333333333286e+02,1.270867211290213891e+04
1.012291666666666572e+02,1.336453962865352514e+04
1.012500000000000000e+02,1.606366345269271187e+04
1.012708333333333286e+02,1.529019026963499709e+04
1.012916666666666572e+02,1.271130114933544974e+04
1.013125000000000000e+02,1.357172132352961489e+04
1.013333333333333286e+02,1.615044147497973609e+04
1.013541666666666572e+02,1.515899572112602254e+04
1.013750000000000000e+02,1.271168421170585862e+04
1.013958333333333286e+02,1.357102295779471024e+04
1.014166666666666572e+02,1.615035366110874384e+04
1.014375000000000000e+02,1.529060754394870673e+04
1.014583333333333286e+02,1.271097773933981080e+04
1.014791666666666572e+02,1.357030831546113041e+04
1.015000000000000000e+02,1.576240583427591628e+04
1.015208333333333286e+02,1.524453392642725885e+04
1.015416666666666572e+02,1.308032935306088621e+04
1.015625000000000000e+02,1.379753245010350656e+04
1.015833333333333286e+02,1.558792759752648635e+04
1.016041666666666572e+02,1.529383385027110489e+04
1.016250000000000000e+02,1.357463099238973518e+04
1.016458333333333286e+02,1.334330210532054843e+04
1.016666666666666572e+02,1.529223038360709324e+04
1.016875000000000000e+02,1.529019483481768111e+04
1.017083333333333286e+02,1.357251955967614049e+04
1.017291666666666572e+02,1.382758571872179891e+04
1.017500000000000000e+02,1.529148264339723391e+04
1.017708333333333286e+02,1.529038762334596686e+04
1.017916666666666572e+02,1.357349768341612435e+04
1.018125000000000000e+02,1.367633407298772727e+04
1.018333333333333286e+02,1.529474834317936256e+04
1.018541666666666572e+02,1.529170506863082483e+04
1.018750000000000000e+02,1.357389917321523171e+04
1.018958333333333286e+02,1.314852693800716588e+04
1.019166666666666572e+02,1.529224701127337539e+04
1.019375000000000000e+02,1.573560292395264696e+04
1.019583333333333286e+02,1.357574555338990831e+04
1.019791666666666572e+02,1.274981035972484824e+04
1.020000000000000000e+02,1.537043819021011223e+04
1.020208333333333286e+02,1.615016192479858364e+04
1.020416666666666572e+02,1.357301841242587034e+04
1.020625000000000000e+02,1.271339326184187303e+04
1.020833333333333286e+02,1.528914312420951683e+04
1.021041666666666572e+02,1.614781683757542123e+04
1.021250000000000000e+02,1.347107048668701464e+04
1.021458333333333286e+02,1.273644396755870912e+04
1.021666666666666572e+02,1.528930170329081011e+04
1.021875000000000000e+02,1.614843905503398491e+04
1.022083333333333286e+02,1.326220610274144565e+04
1.022291666666666572e+02,1.271467595874575272e+04
1.022500000000000000e+02,1.532426366342282927e+04
1.022708333333333286e+02,1.615041933255732511e+04
1.022916666666666572e+02,1.357326466783881551e+04
1.023125000000000000e+02,1.271331076593932812e+04
1.023333333333333286e+02,1.528987015222364062e+04
1.023541666666666572e+02,1.614881082978364066e+04
1.023750000000000000e+02,1.357123806686655007e+04
1.023958333333333286e+02,1.271177494327774548e+04
1.024166666666666572e+02,1.528941090771617746e+04
1.024375000000000000e+02,1.614899782601131301e+04
1.024583333333333286e+02,1.322343334640239482e+04
1.024791666666666572e+02,1.271242244804003712e+04
1.025000000000000000e+02,1.528779879372259165e+04
1.025208333333333286e+02,1.601481132191594588e+04
1.025416666666666572e+02,1.357489347009913035e+04
1.025625000000000000e+02,1.271448983264152412e+04
1.025833333333333286e+02,1.529370219181005450e+04
1.026041666666666572e+02,1.615316566043658531e+04
1.026250000000000000e+02,1.336364878055853478e+04
1.026458333333333286e+02,1.284947166892204768e+04
1.026666666666666572e+02,1.529308232147966919e+04
1.026875000000000000e+02,1.615189940076616767e+04
1.027083333333333286e+02,1.357347736797903781e+04
1.027291666666666572e+02,1.272870904701749532e+04
1.027500000000000000e+02,1.528968203204436941e+04
1.027708333333333286e+02,1.614908644205753808e+04
1.027916666666666572e+02,1.322552265188542151e+04
1.028125000000000000e+02,1.271490040666122150e+04
1.028333333333333286e+02,1.552792302852332068e+04
1.028541666666666572e+02,1.615160691160224451e+04
1.028750000000000000e+02,1.333236156638662214e+04
1.028958333333333286e+02,1.271672872539002128e+04
1.029166666666666572e+02,1.529105001598773379e+04
1.029375000000000000e+02,1.614942219480449785e+04
1.029583333333333286e+02,1.357401190463745297e+04
1.029791666666666572e+02,1.284585289367659789e+04
1.030000000000000000e+02,1.529142909850991055e+04
1.030208333333333286e+02,1.614998451211602151e+04
1.030416666666666572e+02,1.357492930058055208e+04
1.030625000000000000e+02,1.271583442954911152e+04
1.030833333333333286e+02,1.529091442438070226e+04
1.031041666666666572e+02,1.594885995614613785e+04
1.031250000000000000e+02,1.340346885579302398e+04
1.031458333333333286e+02,1.271532785610183055e+04
1.031666666666666572e+02,1.529187287159160769e+04
1.031875000000000000e+02,1.583770259101952979e+04
1.032083333333333286e+02,1.357502451224320976e+04
1.032291666666666572e+02,1.288573889416615566e+04
1.032500000000000000e+02,1.529399527207778010e+04
1.032708333333333286e+02,1.615256226875641732e+04
1.032916666666666572e+02,1.357266888767483397e+04
1.033125000000000000e+02,1.271185816236392930e+04
1.033333333333333286e+02,1.529042296650509161e+04
1.033541666666666572e+02,1.609623640325048473e+04
1.033750000000000000e+02,1.325063548794235612e+04
1.033958333333333286e+02,1.271282559847668745e+04
1.034166666666666572e+02,1.545673066646996085e+04
1.034375000000000000e+02,1.588138921506656334e+04
1.034583333333333286e+02,1.357601771081950938e+04
1.034791666666666572e+02,1.293897300235708462e+04
1.035000000000000000e+02,1.529615000596057507e+04
1.035208333333333286e+02,1.615462124847704399e+04
1.035416666666666572e+02,1.316690856496252309e+04
1.035625000000000000e+02,1.271528201197630915e+04
1.035833333333333286e+02,1.574939167468731830e+04
1.036041666666666572e+02,1.615434005959360366e+04
1.036250000000000000e+02,1.271497899175938801e+04
1.036458333333333286e+02,1.275431910993525162e+04
1.036666666666666572e+02,1.615082901177120584e+04
1.036875000000000000e+02,1.614988513534493177e+04
1.037083333333333286e+02,1.271285255405000862e+04
1.037291666666666572e+02,1.271176635075108425e+04
1.037500000000000000e+02,1.610597267801971611e+04
1.037708333333333286e+02,1.573472886747756638e+04
1.037916666666666572e+02,1.271618280512249839e+04
1.038125000000000000e+02,1.304463777063151065e+04
1.038333333333333286e+02,1.615305050835897418e+04
1.038541666666666572e+02,1.531711929216118733e+04
1.038750000000000000e+02,1.272028877110809844e+04
1.038958333333333286e+02,1.357621453610208482e+04
1.039166666666666572e+02,1.581061759377296403e+04
1.039375000000000000e+02,1.529406722085980800e+04
1.039583333333333286e+02,1.288923911945132568e+04
1.039791666666666572e+02,1.357438798862153999e+04
1.040000000000000000e+02,1.615041535280065000e+04
1.040208333333333286e+02,1.529006039290506305e+04
1.040416666666666572e+02,1.271228940495739516e+04
1.040625000000000000e+02,1.354357259617840100e+04
1.040833333333333286e+02,1.613038608585422480e+04
1.041041666666666572e+02,1.528802752095335018e+04
1.041250000000000000e+02,1.271433043752771118e+04
1.041458333333333286e+02,1.357412472662911387e+04
1.041666666666666572e+02,1.615094977433650638e+04
1.041875000000000000e+02,1.491769107635786713e+04
1.042083333333333286e+02,1.271333374985383489e+04
1.042291666666666572e+02,1.402282318118848343e+04
1.042500000000000000e+02,1.594236678029364703e+04
1.042708333333333286e+02,1.443555538008605799e+04
1.042916666666666572e+02,1.311783102747615339e+04
1.043125000000000000e+02,1.443768267493975509e+04
1.043333333333333286e+02,1.564631169802293516e+04
1.043541666666666572e+02,1.462723434173359055e+04
1.043750000000000000e+02,1.370799079138841626e+04
1.043958333333333286e+02,1.414358936610242381e+04
1.044166666666666572e+02,1.529398238007178952e+04
1.044375000000000000e+02,1.467284778380458010e+04
1.044583333333333286e+02,1.357623591500805196e+04
1.044791666666666572e+02,1.441629480399257955e+04
1.045000000000000000e+02,1.529007446670186982e+04
1.045208333333333286e+02,1.443109011254660072e+04
1.045416666666666572e+02,1.390425191438104957e+04
1.045625000000000000e+02,1.430848778128509730e+04
1.045833333333333286e+02,1.518038331911396745e+04
1.046041666666666572e+02,1.443482782182075243e+04
1.046250000000000000e+02,1.357620649291032532e+04
1.046458333333333286e+02,1.443320632572914838e+04
1.046666666666666572e+02,1.529009830992731440e+04
1.046875000000000000e+02,1.443149241103067470e+04
1.047083333333333286e+02,1.370409073905672631e+04
1.047291666666666572e+02,1.443132360189535393e+04
1.047500000000000000e+02,1.528967736972053899e+04
1.047708333333333286e+02,1.452907638351674905e+04
1.047916666666666572e+02,1.357616460987434402e+04
1.048125000000000000e+02,1.443227476103327353e+04
1.048333333333333286e+02,1.529089059327473660e+04
1.048541666666666572e+02,1.448117219243234285e+04
1.048750000000000000e+02,1.390306727955504539e+04
1.048958333333333286e+02,1.443324727289057410e+04
1.049166666666666572e+02,1.497835901659075898e+04
1.049375000000000000e+02,1.443516056030460459e+04
1.049583333333333286e+02,1.395224138966051760e+04
1.049791666666666572e+02,1.440889637118133032e+04
1.050000000000000000e+02,1.492594878919114490e+04
1.050208333333333286e+02,1.443401102182489194e+04
1.050416666666666572e+02,1.413828518178348531e+04
1.050625000000000000e+02,1.443526776131250153e+04
1.050833333333333286e+02,1.443255668984412478e+04
1.051041666666666572e+02,1.464123451584359282e+04
1.051250000000000000e+02,1.443461629095838725e+04
1.051458333333333286e+02,1.443372807202803233e+04
1.051666666666666572e+02,1.443189375160061900e+04
1.051875000000000000e+02,1.431698020026326412e+04
1.052083333333333286e+02,1.443475731892181648e+04
1.052291666666666572e+02,1.443283916898886309e+04
1.052500000000000000e+02,1.490431590607366525e+04
1.052708333333333286e+02,1.448380193699742449e+04
1.052916666666666572e+02,1.443324960756925066e+04
1.053125000000000000e+02,1.422567226248042425e+04
1.053333333333333286e+02,1.447815457724496446e+04
1.053541666666666572e+02,1.487787383299579960e+04
1.053750000000000000e+02,1.443650201852664031e+04
1.053958333333333286e+02,1.408909047506659772e+04
1.054166666666666572e+02,1.443705076073999226e+04
1.054375000000000000e+02,1.501522487094222379e+04
1.054583333333333286e+02,1.443426761309564972e+04
1.054791666666666572e+02,1.357306678605482375e+04
1.055000000000000000e+02,1.460311213826130916e+04
1.055208333333333286e+02,1.535387388420176649e+04
1.055416666666666572e+02,1.443135532042432169e+04
1.055625000000000000e+02,1.357188937988319958e+04
1.055833333333333286e+02,1.443295946657325476e+04
1.056041666666666572e+02,1.529129443591970266e+04
1.056250000000000000e+02,1.442935538302350687e+04
1.056458333333333286e+02,1.368427094083268457e+04
1.056666666666666572e+02,1.466450205831325729e+04
1.056875000000000000e+02,1.529324842373666615e+04
1.057083333333333286e+02,1.438183523406073436e+04
1.057291666666666572e+02,1.357390895605565674e+04
1.057500000000000000e+02,1.443336831453768900e+04
1.057708333333333286e+02,1.529130641138198553e+04
1.057916666666666572e+02,1.443110562861145809e+04
1.058125000000000000e+02,1.357182161231274949e+04
1.058333333333333286e+02,1.443041554017929593e+04
1.058541666666666572e+02,1.528900202938727671e+04
1.058750000000000000e+02,1.443065002776041365e+04
1.058958333333333286e+02,1.332581746590762123e+04
1.059166666666666572e+02,1.461827367955651061e+04
1.059375000000000000e+02,1.529234556433542821e+04
1.059583333333333286e+02,1.443439151386876256e+04
1.059791666666666572e+02,1.357537244605811065e+04
1.060000000000000000e+02,1.443274020144595124e+04
1.060208333333333286e+02,1.554310370468291512e+04
1.060416666666666572e+02,1.443317361862534017e+04
1.060625000000000000e+02,1.357340517860732507e+04
1.060833333333333286e+02,1.462815988277608267e+04
1.061041666666666572e+02,1.529062813879956229e+04
1.061250000000000000e+02,1.443112276931121232e+04
1.061458333333333286e+02,1.335772025777297677e+04
1.061666666666666572e+02,1.443282591314068122e+04
1.061875000000000000e+02,1.529034665719622353e+04
1.062083333333333286e+02,1.443118342161586042e+04
1.062291666666666572e+02,1.357257517931323309e+04
1.062500000000000000e+02,1.470279829810122465e+04
1.062708333333333286e+02,1.561504690880264752e+04
1.062916666666666572e+02,1.443373423994769109e+04
1.063125000000000000e+02,1.323770074232112893e+04
1.063333333333333286e+02,1.443616909437995128e+04
1.063541666666666572e+02,1.569216734902673852e+04
1.063750000000000000e+02,1.443459467021347882e+04
1.063958333333333286e+02,1.301121340189082912e+04
1.064166666666666572e+02,1.443436138771146216e+04
1.064375000000000000e+02,1.615167424820710221e+04
1.064583333333333286e+02,1.428177060158783934e+04
1.064791666666666572e+02,1.271473183673442327e+04
1.065000000000000000e+02,1.443167681793982410e+04
1.065208333333333286e+02,1.615164386252392796e+04
1.065416666666666572e+02,1.411668771437189935e+04
1.065625000000000000e+02,1.271492888666055296e+04
1.065833333333333286e+02,1.468584283898337890e+04
1.066041666666666572e+02,1.608835546948140473e+04
1.066250000000000000e+02,1.440863360679620746e+04
1.066458333333333286e+02,1.271447186299845634e+04
1.066666666666666572e+02,1.443056538856125917e+04
1.066875000000000000e+02,1.598524693043270963e+04
1.067083333333333286e+02,1.433595932137738055e+04
1.067291666666666572e+02,1.271537966194961336e+04
1.067500000000000000e+02,1.443158722083171597e+04
1.067708333333333286e+02,1.615174981039150225e+04
1.067916666666666572e+02,1.443293540845592361e+04
1.068125000000000000e+02,1.271317388956024661e+04
1.068333333333333286e+02,1.443056650462553080e+04
1.068541666666666572e+02,1.614967205969075803e+04
1.068750000000000000e+02,1.443059628504487409e+04
1.068958333333333286e+02,1.271297058400242167e+04
1.069166666666666572e+02,1.459943396963541454e+04
1.069375000000000000e+02,1.612382971866769367e+04
1.069583333333333286e+02,1.443140505252855655e+04
1.069791666666666572e+02,1.271561674061511076e+04
1.070000000000000000e+02,1.460783698054177148e+04
1.070208333333333286e+02,1.593247799296603989e+04
1.070416666666666572e+02,1.443615549170195300e+04
1.070625000000000000e+02,1.271870481480972012e+04
1.070833333333333286e+02,1.443564248276013313e+04
1.071041666666666572e+02,1.615157958218261047e+04
1.071250000000000000e+02,1.412024712239609289e+04
1.071458333333333286e+02,1.271614704720656664e+04
1.071666666666666572e+02,1.462792957660933098e+04
1.071875000000000000e+02,1.615293335404372920e+04
1.072083333333333286e+02,1.441927349699542174e+04
1.072291666666666572e+02,1.271340003880967197e+04
1.072500000000000000e+02,1.443004055050592069e+04
1.072708333333333286e+02,1.615010907325397056e+04
1.072916666666666572e+02,1.399787677417454324e+04
1.073125000000000000e+02,1.271495599225827391e+04
1.073333333333333286e+02,1.456514399683357988e+04
1.073541666666666572e+02,1.615451821455918980e+04
1.073750000000000000e+02,1.443527873318420825e+04
1.073958333333333286e+02,1.271388507071714412e+04
1.074166666666666572e+02,1.443055679891205000e+04
1.074375000000000000e+02,1.615107884078500138e+04
1.074583333333333286e+02,1.443239228630431535e+04
1.074791666666666572e+02,1.271264716320240041e+04
1.075000000000000000e+02,1.443009454664713849e+04
1.075208333333333286e+02,1.581261851673764613e+04
1.075416666666666572e+02,1.443647873748915299e+04
1.075625000000000000e+02,1.271662542459734323e+04
1.075833333333333286e+02,1.473661039833653558e+04
1.076041666666666572e+02,1.615210190394430538e+04
1.076250000000000000e+02,1.416617733192594824e+04
1.076458333333333286e+02,1.292480408082958456e+04
1.076666666666666572e+02,1.475543231733520588e+04
1.076875000000000000e+02,1.615563937536378944e+04
1.077083333333333286e+02,1.443430526948030092e+04
1.077291666666666572e+02,1.271827079017294818e+04
1.077500000000000000e+02,1.443596834342355214e+04
1.077708333333333286e+02,1.602051121014004821e+04
1.077916666666666572e+02,1.443442555504208940e+04
1.078125000000000000e+02,1.271602719230898219e+04
1.078333333333333286e+02,1.443272003970828519e+04
1.078541666666666572e+02,1.614326538595700185e+04
1.078750000000000000e+02,1.388802739554397340e+04
1.078958333333333286e+02,1.271635830360113323e+04
1.079166666666666572e+02,1.451658443306529443e+04
1.079375000000000000e+02,1.589371843152170550e+04
1.079583333333333286e+02,1.443920946704331800e+04
1.079791666666666572e+02,1.271735350486204334e+04
1.080000000000000000e+02,1.465999006424153777e+04
1.080208333333333286e+02,1.615295535155806647e+04
1.080416666666666572e+02,1.443257118725703549e+04
1.080625000000000000e+02,1.271353807259751920e+04
1.080833333333333286e+02,1.443070580108566719e+04
1.081041666666666572e+02,1.614907531164161992e+04
1.081250000000000000e+02,1.440328448071782623e+04
1.081458333333333286e+02,1.275587986962290597e+04
1.081666666666666572e+02,1.443050212541874134e+04
1.081875000000000000e+02,1.614910519066877168e+04
1.082083333333333286e+02,1.436526724624026974e+04
1.082291666666666572e+02,1.271242138285281180e+04
1.082500000000000000e+02,1.446505007649715844e+04
1.082708333333333286e+02,1.614949916149097771e+04
1.082916666666666572e+02,1.443056827718549903e+04
1.083125000000000000e+02,1.271273122630692524e+04
1.083333333333333286e+02,1.443082525394374898e+04
1.083541666666666572e+02,1.614602751981428446e+04
1.083750000000000000e+02,1.443020539761408145e+04
1.083958333333333286e+02,1.271295339157833951e+04
1.084166666666666572e+02,1.443576515994858710e+04
1.084375000000000000e+02,1.577155280171152117e+04
1.084583333333333286e+02,1.443786432146413063e+04
1.084791666666666572e+02,1.282498347548508900e+04
1.085000000000000000e+02,1.443771145267487736e+04
1.085208333333333286e+02,1.615273225455359716e+04
1.085416666666666572e+02,1.443184002575154227e+04
1.085625000000000000e+02,1.271500207089186733e+04
1.085833333333333286e+02,1.444767048443183012e+04
1.086041666666666572e+02,1.614912940018795780e+04
1.086250000000000000e+02,1.442894079917707131e+04
1.086458333333333286e+02,1.275639686085768335e+04
1.086666666666666572e+02,1.466331412639964401e+04
1.086875000000000000e+02,1.615147674765521515e+04
1.087083333333333286e+02,1.442883144609465307e+04
1.087291666666666572e+02,1.271635257815648220e+04
1.087500000000000000e+02,1.443400641779313082e+04
1.087708333333333286e+02,1.611867297865908768e+04
1.087916666666666572e+02,1.384377333367969550e+04
1.088125000000000000e+02,1.271784128389900798e+04
1.088333333333333286e+02,1.458326003343811681e+04
1.088541666666666572e+02,1.615499276155069674e+04
1.088750000000000000e+02,1.443451628210117997e+04
1.088958333333333286e+02,1.271418618200494166e+04
1.089166666666666572e+02,1.456024627177262300e+04
1.089375000000000000e+02,1.585997565589870646e+04
1.089583333333333286e+02,1.443797615494317506e+04
1.089791666666666572e+02,1.271703527654960271e+04
1.090000000000000000e+02,1.443321212818366985e+04
1.090208333333333286e+02,1.615149621826070506e+04
1.090416666666666572e+02,1.443210755762846748e+04
1.090625000000000000e+02,1.271310091580244261e+04
1.090833333333333286e+02,1.443054704038229465e+04
1.091041666666666572e+02,1.614952578515992718e+04
1.091250000000000000e+02,1.443063951349968556e+04
1.091458333333333286e+02,1.271221558973648280e+04
1.091666666666666572e+02,1.442999790576456508e+04
1.091875000000000000e+02,1.614880249894313602e+04
1.092083333333333286e+02,1.440333082262477910e+04
1.092291666666666572e+02,1.271235556760749023e+04
1.092500000000000000e+02,1.473126627950640614e+04
1.092708333333333286e+02,1.615203616090885043e+04
1.092916666666666572e+02,1.396506571580708260e+04
1.093125000000000000e+02,1.271929622963229849e+04
1.093333333333333286e+02,1.449977725389516854e+04
1.093541666666666572e+02,1.615418627732391542e+04
1.093750000000000000e+02,1.443415323604469449e+04
1.093958333333333286e+02,1.271604153679506635e+04
1.094166666666666572e+02,1.458862282811224577e+04
1.094375000000000000e+02,1.603776966257044114e+04
1.094583333333333286e+02,1.443405514031794883e+04
1.094791666666666572e+02,1.271636291696354965e+04
1.095000000000000000e+02,1.443389539380793576e+04
1.095208333333333286e+02,1.612106837391548470e+04
1.095416666666666572e+02,1.443075265749469690e+04
1.095625000000000000e+02,1.271415717363842123e+04
1.095833333333333286e+02,1.443238122732526972e+04
1.096041666666666572e+02,1.592458887332085214e+04
1.096250000000000000e+02,1.443373246295780700e+04
1.096458333333333286e+02,1.277506650589901255e+04
1.096666666666666572e+02,1.459739293090859428e+04
1.096875000000000000e+02,1.615272013435403278e+04
1.097083333333333286e+02,1.407989788256018437e+04
1.097291666666666572e+02,1.271931190725307897e+04
1.097500000000000000e+02,1.481242749504524545e+04
1.097708333333333286e+02,1.614318498979943615e+04
1.097916666666666572e+02,1.352021933666940095e+04
1.098125000000000000e+02,1.272069851780696627e+04
1.098333333333333286e+02,1.563425850715802153e+04
1.098541666666666572e+02,1.596671406708637733e+04
1.098750000000000000e+02,1.289707276304070183e+04
1.098958333333333286e+02,1.271632486406360840e+04
1.099166666666666572e+02,1.615336608960360172e+04
1.099375000000000000e+02,1.615220812741707414e+04
1.099583333333333286e+02,1.271290828296843756e+04
1.099791666666666572e+02,1.271059976809983709e+04
1.100000000000000000e+02,1.574708215893173474e+04
1.100208333333333286e+02,1.615345382947587132e+04
1.100416666666666572e+02,1.271374579283313142e+04
1.100625000000000000e+02,1.271189444587814796e+04
1.100833333333333286e+02,1.604597199796260975e+04
1.101041666666666572e+02,1.591605826793034066e+04
1.101250000000000000e+02,1.271547315882422845e+04
1.101458333333333286e+02,1.277032909296422076e+04
1.101666666666666572e+02,1.615267372951242942e+04
1.101875000000000000e+02,1.610369479685766782e+04
1.102083333333333286e+02,1.271462664375771055e+04
1.102291666666666572e+02,1.271292174069466273e+04
1.102500000000000000e+02,1.614970100817664934e+04
1.102708333333333286e+02,1.585768992802359571e+04
1.102916666666666572e+02,1.271803040556076667e+04
1.103125000000000000e+02,1.271486027390672825e+04
1.103333333333333286e+02,1.594630404797864685e+04
1.103541666666666572e+02,1.605631089052984680e+04
1.103750000000000000e+02,1.271470830579175890e+04
1.103958333333333286e+02,1.275369412793078300e+04
1.104166666666666572e+02,1.593047013338190300e+04
1.104375000000000000e+02,1.607966646532194500e+04
1.104583333333333286e+02,1.271441019214555126e+04
1.104791666666666572e+02,1.271233668641262921e+04
1.105000000000000000e+02,1.615068663194616238e+04
1.105208333333333286e+02,1.606196904221631485e+04
1.105416666666666572e+02,1.271240220344965564e+04
1.105625000000000000e+02,1.271040964829561563e+04
1.105833333333333286e+02,1.614954678602458807e+04
1.106041666666666572e+02,1.552108544958727362e+04
1.106250000000000000e+02,1.271582709646935837e+04
1.106458333333333286e+02,1.310699131172256239e+04
1.106666666666666572e+02,1.615588692703120978e+04
1.106875000000000000e+02,1.578480464333192867e+04
1.107083333333333286e+02,1.271686128981876755e+04
1.107291666666666572e+02,1.304143037163557165e+04
1.107500000000000000e+02,1.615352969760536143e+04
1.107708333333333286e+02,1.547690667645796930e+04
1.107916666666666572e+02,1.271974034810201920e+04
1.108125000000000000e+02,1.357614401782164714e+04
1.108333333333333286e+02,1.574939198833976116e+04
1.108541666666666572e+02,1.529334222409130598e+04
1.108750000000000000e+02,1.315880563406768852e+04
1.108958333333333286e+02,1.357557328445633902e+04
1.109166666666666572e+02,1.529174770921052550e+04
1.109375000000000000e+02,1.538791779897723245e+04
1.109583333333333286e+02,1.357304148949103546e+04
1.109791666666666572e+02,1.413517594082928554e+04
1.110000000000000000e+02,1.529574880380772811e+04
1.110208333333333286e+02,1.483247009989361686e+04
1.110416666666666572e+02,1.357748801699915566e+04
1.110625000000000000e+02,1.443382400309588775e+04
1.110833333333333286e+02,1.526346391681203750e+04
1.111041666666666572e+02,1.443314631138284676e+04
1.111250000000000000e+02,1.357350006760924589e+04
1.111458333333333286e+02,1.432897435459230473e+04
1.111666666666666572e+02,1.529067227293872202e+04
1.111875000000000000e+02,1.443071391810725618e+04
1.112083333333333286e+02,1.357224297618833589e+04
1.112291666666666572e+02,1.443172940098883919e+04
1.112500000000000000e+02,1.528967460714101981e+04
1.112708333333333286e+02,1.442985515584692257e+04
1.112916666666666572e+02,1.373541052971172758e+04
1.113125000000000000e+02,1.443245227024135966e+04
1.113333333333333286e+02,1.528998098010781905e+04
1.113541666666666572e+02,1.443048823703789094e+04
1.113750000000000000e+02,1.357200891737520578e+04
1.113958333333333286e+02,1.443040426441943782e+04
1.114166666666666572e+02,1.528821371026364795e+04
1.114375000000000000e+02,1.476385723441999289e+04
1.114583333333333286e+02,1.357428337803056274e+04
1.114791666666666572e+02,1.454003587024849185e+04
1.115000000000000000e+02,1.529269839559646061e+04
1.115208333333333286e+02,1.443390159269525975e+04
1.115416666666666572e+02,1.357355433370276660e+04
1.115625000000000000e+02,1.443066396872690530e+04
1.115833333333333286e+02,1.528997474061937828e+04
1.116041666666666572e+02,1.450672880432408419e+04
1.116250000000000000e+02,1.357198631160797231e+04
1.116458333333333286e+02,1.442928687576578523e+04
1.116666666666666572e+02,1.528938587317206475e+04
1.116875000000000000e+02,1.470720853346958029e+04
1.117083333333333286e+02,1.357400383130800401e+04
1.117291666666666572e+02,1.443059701762031182e+04
1.117500000000000000e+02,1.529116692417705053e+04
1.117708333333333286e+02,1.443397023710051508e+04
1.117916666666666572e+02,1.357282821368308578e+04
1.118125000000000000e+02,1.442959565787879910e+04
1.118333333333333286e+02,1.528988933806280329e+04
1.118541666666666572e+02,1.443250904267766600e+04
1.118750000000000000e+02,1.395530988871725640e+04
1.118958333333333286e+02,1.443157915572202546e+04
1.119166666666666572e+02,1.489968940968871175e+04
1.119375000000000000e+02,1.430890244253372293e+04
1.119583333333333286e+02,1.430376749989678865e+04
1.119791666666666572e+02,1.437183269188416671e+04
1.120000000000000000e+02,1.445019097320747096e+04
1.120208333333333286e+02,1.478506612588473581e+04
1.120416666666666572e+02,1.443451518312625922e+04
1.120625000000000000e+02,1.405848763383585901e+04
1.120833333333333286e+02,1.443553212154719222e+04
1.121041666666666572e+02,1.510960842882898214e+04
1.121250000000000000e+02,1.443462719655300316e+04
1.121458333333333286e+02,1.357361775693424352e+04
1.121666666666666572e+02,1.443227184395146105e+04
1.121875000000000000e+02,1.533940295433818392e+04
1.122083333333333286e+02,1.443105452647983839e+04
1.122291666666666572e+02,1.357092537608651037e+04
1.122500000000000000e+02,1.468984643168992625e+04
1.122708333333333286e+02,1.529230461563474819e+04
1.122916666666666572e+02,1.443105467961069371e+04
1.123125000000000000e+02,1.357087559096936820e+04
1.123333333333333286e+02,1.443112311407287780e+04
1.123541666666666572e+02,1.531566838980477769e+04
1.123750000000000000e+02,1.443051955126363828e+04
1.123958333333333286e+02,1.357005160111107762e+04
1.124166666666666572e+02,1.443103778787380361e+04
1.124375000000000000e+02,1.530614267807700526e+04
1.124583333333333286e+02,1.443028983340760169e+04
1.124791666666666572e+02,1.361914794118641294e+04
1.125000000000000000e+02,1.478357346020529076e+04
1.125208333333333286e+02,1.529378896246996010e+04
1.125416666666666572e+02,1.416487636408252001e+04
1.125625000000000000e+02,1.357392668109682563e+04
1.125833333333333286e+02,1.475980909927608445e+04
1.126041666666666572e+02,1.529483624961257010e+04
1.126250000000000000e+02,1.433947972213451067e+04
1.126458333333333286e+02,1.357374820345680564e+04
1.126666666666666572e+02,1.443311938106573507e+04
1.126875000000000000e+02,1.529149207509603002e+04
1.127083333333333286e+02,1.443099385640831315e+04
1.127291666666666572e+02,1.367878900977636658e+04
1.127500000000000000e+02,1.468362693984431826e+04
1.127708333333333286e+02,1.529207861212820717e+04
1.127916666666666572e+02,1.436368935066528502e+04
1.128125000000000000e+02,1.335614274948188176e+04
1.128333333333333286e+02,1.443414514730019437e+04
1.128541666666666572e+02,1.533416788503346470e+04
1.128750000000000000e+02,1.443479900061208536e+04
1.128958333333333286e+02,1.357543007823180596e+04
1.129166666666666572e+02,1.443262821055365202e+04
1.129375000000000000e+02,1.542969170098801987e+04
1.129583333333333286e+02,1.443273780103111494e+04
1.129791666666666572e+02,1.357310033303925593e+04
1.130000000000000000e+02,1.471452360921839863e+04
1.130208333333333286e+02,1.529176980496878605e+04
1.130416666666666572e+02,1.443170066449172737e+04
1.130625000000000000e+02,1.357273262088287811e+04
1.130833333333333286e+02,1.443183582159621801e+04
1.131041666666666572e+02,1.529044466207285586e+04
1.131250000000000000e+02,1.443030993848445360e+04
1.131458333333333286e+02,1.357067298330439371e+04
1.131666666666666572e+02,1.443083662053221269e+04
1.131875000000000000e+02,1.530868469202846245e+04
1.132083333333333286e+02,1.442976532225237315e+04
1.132291666666666572e+02,1.357002472173537535e+04
1.132500000000000000e+02,1.468888563666141272e+04
1.132708333333333286e+02,1.544434483715520400e+04
1.132916666666666572e+02,1.443271444769358641e+04
1.133125000000000000e+02,1.357338554680051675e+04
1.133333333333333286e+02,1.443451582168132154e+04
1.133541666666666572e+02,1.529331995627493234e+04
1.133750000000000000e+02,1.443199551835382226e+04
1.133958333333333286e+02,1.353056552185457622e+04
1.134166666666666572e+02,1.443222938380923733e+04
1.134375000000000000e+02,1.529019880845545413e+04
1.134583333333333286e+02,1.443025442969359938e+04
1.134791666666666572e+02,1.344815884229404037e+04
1.135000000000000000e+02,1.459338390121709745e+04
1.135208333333333286e+02,1.545731664500617990e+04
1.135416666666666572e+02,1.443564264717009064e+04
1.135625000000000000e+02,1.357643712530636913e+04
1.135833333333333286e+02,1.443330687534630124e+04
1.136041666666666572e+02,1.529054514902312803e+04
1.136250000000000000e+02,1.443210205270882216e+04
1.136458333333333286e+02,1.357309987913500663e+04
1.136666666666666572e+02,1.443029467690483216e+04
1.136875000000000000e+02,1.528894648419858277e+04
1.137083333333333286e+02,1.443152789501332882e+04
1.137291666666666572e+02,1.357270575670776816e+04
1.137500000000000000e+02,1.442994736090428341e+04
1.137708333333333286e+02,1.528833539812808885e+04
1.137916666666666572e+02,1.443069293267082685e+04
1.138125000000000000e+02,1.386815126617970236e+04
1.138333333333333286e+02,1.443280856300062806e+04
1.138541666666666572e+02,1.528970294031717640e+04
1.138750000000000000e+02,1.443181157838580475e+04
1.138958333333333286e+02,1.357424110327982999e+04
1.139166666666666572e+02,1.443185510106257061e+04
1.139375000000000000e+02,1.528892875358401216e+04
1.139583333333333286e+02,1.443016487127907385e+04
1.139791666666666572e+02,1.363222353559871772e+04
1.140000000000000000e+02,1.472289768208640817e+04
1.140208333333333286e+02,1.529190701327346687e+04
1.140416666666666572e+02,1.433143773620833599e+04
1.140625000000000000e+02,1.357512977432713160e+04
1.140833333333333286e+02,1.443395276172623198e+04
1.141041666666666572e+02,1.529156912742554778e+04
1.141250000000000000e+02,1.443025032029247450e+04
1.141458333333333286e+02,1.357069183184521535e+04
1.141666666666666572e+02,1.447654389308330792e+04
1.141875000000000000e+02,1.559870600953402754e+04
1.142083333333333286e+02,1.443255029600173293e+04
1.142291666666666572e+02,1.328991136083325546e+04
1.142500000000000000e+02,1.466777191985887475e+04
1.142708333333333286e+02,1.559405023153444199e+04
1.142916666666666572e+02,1.443628292994732692e+04
1.143125000000000000e+02,1.328681908865094738e+04
1.143333333333333286e+02,1.443853421570160572e+04
1.143541666666666572e+02,1.548840695883520675e+04
1.143750000000000000e+02,1.435104180498842834e+04
1.143958333333333286e+02,1.357428634469292592e+04
1.144166666666666572e+02,1.443312692493497161e+04
1.144375000000000000e+02,1.529269740684476710e+04
1.144583333333333286e+02,1.441051941432218518e+04
1.144791666666666572e+02,1.325302477042768078e+04
1.145000000000000000e+02,1.445638173898508467e+04
1.145208333333333286e+02,1.554271065114258818e+04
1.145416666666666572e+02,1.443558786432782290e+04
1.145625000000000000e+02,1.359348168258051373e+04
1.145833333333333286e+02,1.476469102285251211e+04
1.146041666666666572e+02,1.529297126847728941e+04
1.146250000000000000e+02,1.409493318229437864e+04
1.146458333333333286e+02,1.349096734523342093e+04
1.146666666666666572e+02,1.508246128069856422e+04
1.146875000000000000e+02,1.529268781618651337e+04
1.147083333333333286e+02,1.357590400126298118e+04
1.147291666666666572e+02,1.339999587526240794e+04
1.147500000000000000e+02,1.529216242394596338e+04
1.147708333333333286e+02,1.528995374873149194e+04
1.147916666666666572e+02,1.367722917779891213e+04
1.148125000000000000e+02,1.405637009552925883e+04
1.148333333333333286e+02,1.529750979068043307e+04
1.148541666666666572e+02,1.513393540412237053e+04
1.148750000000000000e+02,1.357845431039219329e+04
1.148958333333333286e+02,1.356071063694872282e+04
1.149166666666666572e+02,1.529115453896286999e+04
1.149375000000000000e+02,1.528798665430080291e+04
1.149583333333333286e+02,1.354740233167698898e+04
1.149791666666666572e+02,1.364983092689766636e+04
1.150000000000000000e+02,1.529441733893624405e+04
1.150208333333333286e+02,1.515123917792993598e+04
1.150416666666666572e+02,1.357854211093550839e+04
1.150625000000000000e+02,1.363320765977416522e+04
1.150833333333333286e+02,1.529270816377154188e+04
1.151041666666666572e+02,1.529036338438049643e+04
1.151250000000000000e+02,1.357236980922056682e+04
1.151458333333333286e+02,1.393862715911800478e+04
1.151666666666666572e+02,1.529268908440806990e+04
1.151875000000000000e+02,1.492725382181770692e+04
1.152083333333333286e+02,1.357544398624916357e+04
1.152291666666666572e+02,1.422414257019547586e+04
1.152500000000000000e+02,1.529379763084557999e+04
1.152708333333333286e+02,1.443361860121905192e+04
1.152916666666666572e+02,1.357280631260061273e+04
1.153125000000000000e+02,1.448851912035474379e+04
1.153333333333333286e+02,1.529152667729703535e+04
1.153541666666666572e+02,1.443152914771343421e+04
1.153750000000000000e+02,1.384720061929045187e+04
1.153958333333333286e+02,1.426617519960153368e+04
1.154166666666666572e+02,1.529200542627250252e+04
1.154375000000000000e+02,1.443204434981589657e+04
1.154583333333333286e+02,1.357286212484271528e+04
1.154791666666666572e+02,1.443184475036824369e+04
1.155000000000000000e+02,1.529030832413157623e+04
1.155208333333333286e+02,1.443024742787980722e+04
1.155416666666666572e+02,1.357087515927424465e+04
1.155625000000000000e+02,1.443056445071540293e+04
1.155833333333333286e+02,1.529008951921213520e+04
1.156041666666666572e+02,1.447370664011572444e+04
1.156250000000000000e+02,1.376026677736478086e+04
1.156458333333333286e+02,1.443112080544948185e+04
1.156666666666666572e+02,1.529084009129791957e+04
1.156875000000000000e+02,1.456397779684269699e+04
1.157083333333333286e+02,1.357256837735276349e+04
1.157291666666666572e+02,1.443037937316480020e+04
1.157500000000000000e+02,1.529066954075990725e+04
1.157708333333333286e+02,1.460214358184748926e+04
1.157916666666666572e+02,1.373786730639054076e+04
1.158125000000000000e+02,1.443301754921648535e+04
1.158333333333333286e+02,1.529220784308574002e+04
1.158541666666666572e+02,1.443419856210567741e+04
1.158750000000000000e+02,1.357452221484870824e+04
1.158958333333333286e+02,1.423339527126599569e+04
1.159166666666666572e+02,1.529151109900668598e+04
1.159375000000000000e+02,1.443234854740261653e+04
1.159583333333333286e+02,1.357380965009448119e+04
1.159791666666666572e+02,1.443188757452744176e+04
1.160000000000000000e+02,1.528947132458621127e+04
1.160208333333333286e+02,1.443060599705763889e+04
1.160416666666666572e+02,1.380381818339592064e+04
1.160625000000000000e+02,1.443219215029428597e+04
1.160833333333333286e+02,1.529035287768343187e+04
1.161041666666666572e+02,1.445901810229381590e+04
1.161250000000000000e+02,1.357235012235896284e+04
1.161458333333333286e+02,1.443023538701712096e+04
1.161666666666666572e+02,1.528969002616155558e+04
1.161875000000000000e+02,1.451319070173278669e+04
1.162083333333333286e+02,1.357348127754635061e+04
1.162291666666666572e+02,1.443118674208811717e+04
1.162500000000000000e+02,1.529091824213770087e+04
1.162708333333333286e+02,1.449342655185381955e+04
1.162916666666666572e+02,1.390379314068408348e+04
1.163125000000000000e+02,1.443282730598139460e+04
1.163333333333333286e+02,1.501074116487275023e+04
1.163541666666666572e+02,1.443502645723466776e+04
1.163750000000000000e+02,1.389300885337579166e+04
1.163958333333333286e+02,1.443386136620425532e+04
1.164166666666666572e+02,1.520562578128859604e+04
1.164375000000000000e+02,1.443283306769328919e+04
1.164583333333333286e+02,1.357307245119785148e+04
1.164791666666666572e+02,1.443180030573303884e+04
1.165000000000000000e+02,1.528958567766188935e+04
1.165208333333333286e+02,1.437165677289407176e+04
1.165416666666666572e+02,1.357305967961790884e+04
1.165625000000000000e+02,1.420587244057199132e+04
1.165833333333333286e+02,1.529083287953678519e+04
1.166041666666666572e+02,1.470932843943222178e+04
1.166250000000000000e+02,1.357703690246353653e+04
1.166458333333333286e+02,1.443436396592297024e+04
1.166666666666666572e+02,1.529138609759293104e+04
1.166875000000000000e+02,1.465215626594906644e+04
1.167083333333333286e+02,1.357526507739183580e+04
1.167291666666666572e+02,1.443201004382249812e+04
1.167500000000000000e+02,1.528980716955824755e+04
1.167708333333333286e+02,1.443130611795190998e+04
1.167916666666666572e+02,1.396435894742611345e+04
1.168125000000000000e+02,1.443283624761737155e+04
1.168333333333333286e+02,1.487084774741510773e+04
1.168541666666666572e+02,1.443458567335094631e+04
1.168750000000000000e+02,1.440776722782059369e+04
1.168958333333333286e+02,1.420920047348137086e+04
1.169166666666666572e+02,1.443401020144878566e+04
1.169375000000000000e+02,1.456234239239846647e+04
1.169583333333333286e+02,1.443289718601763889e+04
1.169791666666666572e+02,1.443101085852192045e+04
1.170000000000000000e+02,1.448188750762639756e+04
1.170208333333333286e+02,1.476579200485117690e+04
1.170416666666666572e+02,1.443414150934691497e+04
1.170625000000000000e+02,1.404187140557695966e+04
1.170833333333333286e+02,1.446375758287369172e+04
1.171041666666666572e+02,1.554699287652391649e+04
1.171250000000000000e+02,1.421138271331326177e+04
1.171458333333333286e+02,1.307202977108788400e+04
1.171666666666666572e+02,1.456489010448703993e+04
1.171875000000000000e+02,1.615355968612666038e+04
1.172083333333333286e+02,1.402319245444286935e+04
1.172291666666666572e+02,1.271719506649195318e+04
1.172500000000000000e+02,1.499145234513152536e+04
1.172708333333333286e+02,1.599910685150739300e+04
1.172916666666666572e+02,1.357672472261404619e+04
1.173125000000000000e+02,1.271551251012054126e+04
1.173333333333333286e+02,1.529158523316599531e+04
1.173541666666666572e+02,1.579322490063087753e+04
1.173750000000000000e+02,1.357528442269259904e+04
1.173958333333333286e+02,1.279192628564608094e+04
1.174166666666666572e+02,1.529118393829391789e+04
1.174375000000000000e+02,1.615091890472480009e+04
1.174583333333333286e+02,1.357376628695677573e+04
1.174791666666666572e+02,1.298711202869638146e+04
1.175000000000000000e+02,1.529415804619320625e+04
1.175208333333333286e+02,1.615226829652356901e+04
1.175416666666666572e+02,1.335112901760501336e+04
1.175625000000000000e+02,1.271559516799090125e+04
1.175833333333333286e+02,1.529067665590552133e+04
1.176041666666666572e+02,1.593137146568666867e+04
1.176250000000000000e+02,1.357880623326091882e+04
1.176458333333333286e+02,1.277925834883194693e+04
1.176666666666666572e+02,1.529156344290520792e+04
1.176875000000000000e+02,1.615014903014167066e+04
1.177083333333333286e+02,1.357413703275056469e+04
1.177291666666666572e+02,1.271388551113794165e+04
1.177500000000000000e+02,1.528868049408035949e+04
1.177708333333333286e+02,1.601681164991006517e+04
1.177916666666666572e+02,1.336829589261727597e+04
1.178125000000000000e+02,1.288659454318776989e+04
1.178333333333333286e+02,1.529468024634672838e+04
1.178541666666666572e+02,1.615284301789735036e+04
1.178750000000000000e+02,1.357465310301545469e+04
1.178958333333333286e+02,1.271423085370430272e+04
1.179166666666666572e+02,1.529100125409674365e+04
1.179375000000000000e+02,1.614929253377663917e+04
1.179583333333333286e+02,1.357048789406623109e+04
1.179791666666666572e+02,1.271175315994178527e+04
1.180000000000000000e+02,1.521212889581574200e+04
1.180208333333333286e+02,1.595565567632324382e+04
1.180416666666666572e+02,1.357305932835272324e+04
1.180625000000000000e+02,1.272134975607627348e+04
1.180833333333333286e+02,1.529490726717063080e+04
1.181041666666666572e+02,1.605683373551177647e+04
1.181250000000000000e+02,1.320837840989318283e+04
1.181458333333333286e+02,1.297062195800445625e+04
1.181666666666666572e+02,1.554964007889531786e+04
1.181875000000000000e+02,1.608553345293849634e+04
1.182083333333333286e+02,1.325203286891380412e+04
1.182291666666666572e+02,1.271635819939207795e+04
1.182500000000000000e+02,1.533407879338339990e+04
1.182708333333333286e+02,1.615151789540996469e+04
1.182916666666666572e+02,1.357190671838081471e+04
1.183125000000000000e+02,1.271153905269480674e+04
1.183333333333333286e+02,1.528980514450235569e+04
1.183541666666666572e+02,1.595045127506311837e+04
1.183750000000000000e+02,1.347868636237904138e+04
1.183958333333333286e+02,1.271297693430553772e+04
1.184166666666666572e+02,1.529091266330191502e+04
1.184375000000000000e+02,1.615091454765860544e+04
1.184583333333333286e+02,1.313337333477171342e+04
1.184791666666666572e+02,1.285708463386694348e+04
1.185000000000000000e+02,1.587197146922859247e+04
1.185208333333333286e+02,1.615395705053595884e+04
1.185416666666666572e+02,1.271549656212852642e+04
1.185625000000000000e+02,1.271379708643480262e+04
1.185833333333333286e+02,1.615147058529093192e+04
1.186041666666666572e+02,1.597029491877356122e+04
1.186250000000000000e+02,1.271405206931275825e+04
1.186458333333333286e+02,1.271167911683929924e+04
1.186666666666666572e+02,1.604731910521132522e+04
1.186875000000000000e+02,1.591354489805472986e+04
1.187083333333333286e+02,1.271465341510509825e+04
1.187291666666666572e+02,1.277104083250366239e+04
1.187500000000000000e+02,1.603185504015050901e+04
1.187708333333333286e+02,1.563839876195207762e+04
1.187916666666666572e+02,1.272160464485813281e+04
1.188125000000000000e+02,1.278476434264455384e+04
1.188333333333333286e+02,1.615490486159022839e+04
1.188541666666666572e+02,1.615278875074611278e+04
1.188750000000000000e+02,1.271471381592660327e+04
1.188958333333333286e+02,1.271326304105802410e+04
1.189166666666666572e+02,1.614978537984095965e+04
1.189375000000000000e+02,1.614920888705681136e+04
1.189583333333333286e+02,1.271249768350513114e+04
1.189791666666666572e+02,1.272456644607022827e+04
1.190000000000000000e+02,1.590238090150237622e+04
1.190208333333333286e+02,1.573231444415895021e+04
1.190416666666666572e+02,1.271640037477730948e+04
1.190625000000000000e+02,1.296306453235732261e+04
1.190833333333333286e+02,1.615403487116590986e+04
1.191041666666666572e+02,1.586142667572348000e+04
1.191250000000000000e+02,1.271615968135932781e+04
1.191458333333333286e+02,1.271408716610032934e+04
1.191666666666666572e+02,1.615070408362272065e+04
1.191875000000000000e+02,1.614954106676293668e+04
1.192083333333333286e+02,1.271283259101193835e+04
1.192291666666666572e+02,1.271210690167073699e+04
1.192500000000000000e+02,1.614883133271066617e+04
1.192708333333333286e+02,1.614173253730454599e+04
1.192916666666666572e+02,1.271171828165030456e+04
1.193125000000000000e+02,1.271025640935174306e+04
1.193333333333333286e+02,1.558449328726013846e+04
1.193541666666666572e+02,1.580325428244386421e+04
1.193750000000000000e+02,1.272114415867787466e+04
1.193958333333333286e+02,1.281287230458108388e+04
1.194166666666666572e+02,1.615674179296178409e+04
1.194375000000000000e+02,1.615483641052064922e+04
1.194583333333333286e+02,1.271386092330239626e+04
1.194791666666666572e+02,1.271080052044889453e+04
1.195000000000000000e+02,1.596597152269535582e+04
1.195208333333333286e+02,1.564326723587467131e+04
1.195416666666666572e+02,1.271732484536630727e+04
1.195625000000000000e+02,1.304610915751815264e+04
1.195833333333333286e+02,1.615708124178466460e+04
1.196041666666666572e+02,1.567121706189124598e+04
1.196250000000000000e+02,1.271762446843277576e+04
1.196458333333333286e+02,1.365551435955356646e+04
1.196666666666666572e+02,1.601570072986177183e+04
1.196875000000000000e+02,1.529358909027573100e+04
1.197083333333333286e+02,1.271494335581207997e+04
1.197291666666666572e+02,1.357403016323966949e+04
1.197500000000000000e+02,1.615032076361802319e+04
1.197708333333333286e+02,1.528993186201390199e+04
1.197916666666666572e+02,1.271237470057904648e+04
1.198125000000000000e+02,1.357176940405473215e+04
1.198333333333333286e+02,1.605298427654621992e+04
1.198541666666666572e+02,1.528976881108898669e+04
1.198750000000000000e+02,1.271175076798855662e+04
1.198958333333333286e+02,1.357143823168391827e+04
1.199166666666666572e+02,1.586313380520964711e+04
1.199375000000000000e+02,1.529113550445053988e+04
1.199583333333333286e+02,1.271274353312462699e+04
1.199791666666666572e+02,1.357217322587834860e+04
1.200000000000000000e+02,1.614989857654217485e+04
1.200208333333333286e+02,1.529042324537207969e+04
1.200416666666666572e+02,1.271178598030340072e+04
1.200625000000000000e+02,1.357008587744124088e+04
1.200833333333333286e+02,1.614879537251680449e+04
1.201041666666666572e+02,1.517909000928444220e+04
1.201250000000000000e+02,1.271305264942381109e+04
1.201458333333333286e+02,1.357121881097380538e+04
1.201666666666666572e+02,1.659989080831052343e+04
1.201875000000000000e+02,1.612365021855773011e+04
1.202083333333333286e+02,1.371652185717777684e+04
1.202291666666666572e+02,1.466319071697826439e+04
1.202500000000000000e+02,1.687969186994561096e+04
1.202708333333333286e+02,1.641854878667350931e+04
1.202916666666666572e+02,1.414476048285674551e+04
1.203125000000000000e+02,1.469185120086090683e+04
1.203333333333333286e+02,1.668589009006714332e+04
1.203541666666666572e+02,1.627842722710897215e+04
1.203750000000000000e+02,1.447268369261588305e+04
1.203958333333333286e+02,1.458738650329722441e+04
1.204166666666666572e+02,1.614356740980106406e+04
1.204375000000000000e+02,1.592238971022652186e+04
1.204583333333333286e+02,1.434062797604771185e+04
1.204791666666666572e+02,1.429831483657782883e+04
1.205000000000000000e+02,1.597489958590699098e+04
1.205208333333333286e+02,1.593582463125869981e+04
1.205416666666666572e+02,1.434001735369801827e+04
1.205625000000000000e+02,1.430965192623559051e+04
1.205833333333333286e+02,1.584110674784128423e+04
1.206041666666666572e+02,1.581073442584192162e+04
1.206250000000000000e+02,1.406696142163382319e+04
1.206458333333333286e+02,1.421258166978474037e+04
1.206666666666666572e+02,1.573808697205136559e+04
1.206875000000000000e+02,1.571129268357340698e+04
1.207083333333333286e+02,1.397112611718289554e+04
1.207291666666666572e+02,1.348087319019282586e+04
1.207500000000000000e+02,1.564970280420019117e+04
1.207708333333333286e+02,1.621578437738525099e+04
1.207916666666666572e+02,1.389612357005395825e+04
1.208125000000000000e+02,1.301786365296375516e+04
1.208333333333333286e+02,1.558033546119184030e+04
1.208541666666666572e+02,1.637028340912923886e+04
1.208750000000000000e+02,1.383417891032128318e+04
1.208958333333333286e+02,1.295940903252921999e+04
1.209166666666666572e+02,1.552641405326686072e+04
1.209375000000000000e+02,1.608437467073670996e+04
1.209583333333333286e+02,1.377764624749121504e+04
1.209791666666666572e+02,1.291755357901545358e+04
1.210000000000000000e+02,1.548784743576310211e+04
1.210208333333333286e+02,1.627399883734275136e+04
1.210416666666666572e+02,1.371267933599087337e+04
1.210625000000000000e+02,1.286850487588735632e+04
1.210833333333333286e+02,1.543734397089972845e+04
1.211041666666666572e+02,1.623880891767415960e+04
1.211250000000000000e+02,1.337215810574201532e+04
1.211458333333333286e+02,1.284012989667793590e+04
1.211666666666666572e+02,1.579716405196335836e+04
1.211875000000000000e+02,1.626916101036838882e+04
1.212083333333333286e+02,1.297177380370683386e+04
1.212291666666666572e+02,1.288198011848076203e+04
1.212500000000000000e+02,1.625308011539439030e+04
1.212708333333333286e+02,1.624754723174038736e+04
1.212916666666666572e+02,1.280874842796697703e+04
1.213125000000000000e+02,1.280516828323070513e+04
1.213333333333333286e+02,1.623685718520175578e+04
1.213541666666666572e+02,1.588868544074212696e+04
1.213750000000000000e+02,1.280219255372993939e+04
1.213958333333333286e+02,1.279801529724592183e+04
1.214166666666666572e+02,1.622941985312932957e+04
1.214375000000000000e+02,1.621493602846853901e+04
1.214583333333333286e+02,1.278827449090790469e+04
1.214791666666666572e+02,1.224469885523401172e+04
1.215000000000000000e+02,1.497997920112184511e+04
1.215208333333333286e+02,1.516389990534694516e+04
1.215416666666666572e+02,1.251092745132578057e+04
1.215625000000000000e+02,1.268275420131796636e+04
1.215833333333333286e+02,1.503697973233722587e+04
1.216041666666666572e+02,1.447251054653674873e+04
1.216250000000000000e+02,1.202845797953772308e+04
1.216458333333333286e+02,1.308407966757261602e+04
1.216666666666666572e+02,1.566020220885445451e+04
1.216875000000000000e+02,1.493401419491777779e+04
1.217083333333333286e+02,1.247192956991121173e+04
1.217291666666666572e+02,1.255125397638781214e+04
1.217500000000000000e+02,1.578858787933410349e+04
1.217708333333333286e+02,1.526527917565551979e+04
1.217916666666666572e+02,1.286827902968303897e+04
1.218125000000000000e+02,1.349594763398098075e+04
1.218333333333333286e+02,1.460463685752504898e+04
1.218541666666666572e+02,1.537280701849533216e+04
1.218750000000000000e+02,1.433327915112228948e+04
1.218958333333333286e+02,1.389455439977763308e+04
1.219166666666666572e+02,1.458495067657532491e+04
1.219375000000000000e+02,1.546839564901847552e+04
1.219583333333333286e+02,1.413085252281407520e+04
1.219791666666666572e+02,1.367263316065299296e+04
1.220000000000000000e+02,1.514054864025813731e+04
1.220208333333333286e+02,1.549951874737965409e+04
1.220416666666666572e+02,1.367389767089511224e+04
1.220625000000000000e+02,1.318705678747282946e+04
1.220833333333333286e+02,1.548005479883625230e+04
1.221041666666666572e+02,1.588070622004951292e+04
1.221250000000000000e+02,1.374332409003298380e+04
1.221458333333333286e+02,1.420702967377351888e+04
1.221666666666666572e+02,1.538008286090323236e+04
1.221875000000000000e+02,1.472868578439619887e+04
1.222083333333333286e+02,1.360123322267178810e+04
1.222291666666666572e+02,1.444063959699396219e+04
1.222500000000000000e+02,1.527581036081987259e+04
1.222708333333333286e+02,1.450433005297223644e+04
1.222916666666666572e+02,1.401965637095310740e+04
1.223125000000000000e+02,1.436060647971654180e+04
1.223333333333333286e+02,1.469269215720511056e+04
1.223541666666666572e+02,1.481183207022200077e+04
1.223750000000000000e+02,1.433837929642343443e+04
1.223958333333333286e+02,1.430950880351630258e+04
1.224166666666666572e+02,1.433140001030794883e+04
1.224375000000000000e+02,1.443424854544515620e+04
1.224583333333333286e+02,1.433490224284307260e+04
1.224791666666666572e+02,1.433531665379590413e+04
1.225000000000000000e+02,1.467595465905686433e+04
1.225208333333333286e+02,1.398362131043142290e+04
1.225416666666666572e+02,1.435726258587262782e+04
1.225625000000000000e+02,1.440256861957088404e+04
1.225833333333333286e+02,1.448324531047333585e+04
1.226041666666666572e+02,1.464826136801923349e+04
1.226250000000000000e+02,1.437595131025560113e+04
1.226458333333333286e+02,1.441856223694811706e+04
1.226666666666666572e+02,1.442194725362055033e+04
1.226875000000000000e+02,1.470956295821634194e+04
1.227083333333333286e+02,1.439594580177260286e+04
1.227291666666666572e+02,1.409768432278226101e+04
1.227500000000000000e+02,1.440640840162343011e+04
1.227708333333333286e+02,1.464520355704628309e+04
1.227916666666666572e+02,1.441007328929000505e+04
1.228125000000000000e+02,1.351002005192185607e+04
1.228333333333333286e+02,1.380334095297229578e+04
1.228541666666666572e+02,1.347154451617392624e+04
1.228750000000000000e+02,1.245724622639580411e+04
1.228958333333333286e+02,1.329020503470574477e+04
1.229166666666666572e+02,1.356080225863121450e+04
1.229375000000000000e+02,1.342201591570342498e+04
1.229583333333333286e+02,1.350958102393678564e+04
1.229791666666666572e+02,1.361817223902108526e+04
1.230000000000000000e+02,1.370128432484029690e+04
1.230208333333333286e+02,1.402478673229546985e+04
1.230416666666666572e+02,1.390970653837491409e+04
1.230625000000000000e+02,1.400269629419745252e+04
1.230833333333333286e+02,1.492788652493335758e+04
1.231041666666666572e+02,1.456451807525949334e+04
1.231250000000000000e+02,1.371150218627210052e+04
1.231458333333333286e+02,1.413631846419064095e+04
1.231666666666666572e+02,1.525099024368862592e+04
1.231875000000000000e+02,1.431163681445501788e+04
1.232083333333333286e+02,1.375938533954766899e+04
1.232291666666666572e+02,1.432025925920557711e+04
1.232500000000000000e+02,1.537278203044587644e+04
1.232708333333333286e+02,1.503140115408058045e+04
1.232916666666666572e+02,1.353923789104961907e+04
1.233125000000000000e+02,1.352315381964862172e+04
1.233333333333333286e+02,1.579617066842007262e+04
1.233541666666666572e+02,1.529438751332578977e+04
1.233750000000000000e+02,1.276511211538561838e+04
1.233958333333333286e+02,1.393475272607680017e+04
1.234166666666666572e+02,1.614616767724054080e+04
1.234375000000000000e+02,1.483771408365937168e+04
1.234583333333333286e+02,1.270305226637223313e+04
1.234791666666666572e+02,1.375773682955463664e+04
1.235000000000000000e+02,1.606501937239342078e+04
1.235208333333333286e+02,1.521422166092550469e+04
1.235416666666666572e+02,1.264279806744353482e+04
1.235625000000000000e+02,1.331560597565811986e+04
1.235833333333333286e+02,1.563383782228325072e+04
1.236041666666666572e+02,1.493226765268102827e+04
1.236250000000000000e+02,1.269943704963891651e+04
1.236458333333333286e+02,1.341540720670787414e+04
1.236666666666666572e+02,1.564366208761603775e+04
1.236875000000000000e+02,1.493957088844832833e+04
1.237083333333333286e+02,1.292146700766005961e+04
1.237291666666666572e+02,1.340938384531572228e+04
1.237500000000000000e+02,1.573730442033360305e+04
1.237708333333333286e+02,1.506688108443543388e+04
1.237916666666666572e+02,1.255485802766629786e+04
1.238125000000000000e+02,1.359123220396136821e+04
1.238333333333333286e+02,1.558337936918115156e+04
1.238541666666666572e+02,1.514942214992257868e+04
1.238750000000000000e+02,1.284669592365141943e+04
1.238958333333333286e+02,1.344528752746239843e+04
1.239166666666666572e+02,1.552587654732487135e+04
1.239375000000000000e+02,1.517207335320015773e+04
1.239583333333333286e+02,1.335232629334387093e+04
1.239791666666666572e+02,1.339341160911596307e+04
1.240000000000000000e+02,1.518878698379755224e+04
1.240208333333333286e+02,1.538646946867259248e+04
1.240416666666666572e+02,1.348224795108968465e+04
1.240625000000000000e+02,1.354102440448536072e+04
1.240833333333333286e+02,1.520322412800200982e+04
1.241041666666666572e+02,1.520249713330616214e+04
1.241250000000000000e+02,1.348982103567941522e+04
1.241458333333333286e+02,1.427343657923176943e+04
1.241666666666666572e+02,1.606222917672682161e+04
1.241875000000000000e+02,1.618925039754969839e+04
1.242083333333333286e+02,1.461404407142913988e+04
1.242291666666666572e+02,1.464992631092316515e+04
1.242500000000000000e+02,1.637031243817067298e+04
1.242708333333333286e+02,1.635007093892632111e+04
1.242916666666666572e+02,1.459816390887657690e+04
1.243125000000000000e+02,1.455755233377966215e+04
1.243333333333333286e+02,1.623572758566872653e+04
1.243541666666666572e+02,1.619055414103387011e+04
1.243750000000000000e+02,1.442375094260247715e+04
1.243958333333333286e+02,1.442488279309771315e+04
1.244166666666666572e+02,1.605713964400980694e+04
1.244375000000000000e+02,1.601480653138706839e+04
1.244583333333333286e+02,1.441979907947370884e+04
1.244791666666666572e+02,1.450604096988050514e+04
1.245000000000000000e+02,1.590371818386628365e+04
1.245208333333333286e+02,1.586698392171036539e+04
1.245416666666666572e+02,1.395874816425419340e+04
1.245625000000000000e+02,1.383907387118107363e+04
1.245833333333333286e+02,1.577140181711567493e+04
1.246041666666666572e+02,1.574114757026864027e+04
1.246250000000000000e+02,1.399576380397822140e+04
1.246458333333333286e+02,1.400115575265769075e+04
1.246666666666666572e+02,1.566571041788048387e+04
1.246875000000000000e+02,1.564266571932409715e+04
1.247083333333333286e+02,1.390384962804123643e+04
1.247291666666666572e+02,1.428285522252232113e+04
1.247500000000000000e+02,1.558910461264927289e+04
1.247708333333333286e+02,1.556852779859232032e+04
1.247916666666666572e+02,1.354840752182134020e+04
1.248125000000000000e+02,1.382183617474825587e+04
1.248333333333333286e+02,1.552287799733406428e+04
1.248541666666666572e+02,1.550735011132902582e+04
1.248750000000000000e+02,1.377910844607388208e+04
1.248958333333333286e+02,1.405032227424713710e+04
1.249166666666666572e+02,1.547320704209268661e+04
1.249375000000000000e+02,1.546019436485548067e+04
1.249583333333333286e+02,1.365365577354982088e+04
1.249791666666666572e+02,1.345506713459610910e+04
1.250000000000000000e+02,1.543626232359488131e+04
1.250208333333333286e+02,1.559975373991156448e+04
1.250416666666666572e+02,1.370360081057568095e+04
1.250625000000000000e+02,1.369452678156621914e+04
1.250833333333333286e+02,1.540400579239168655e+04
1.251041666666666572e+02,1.539554630674879445e+04
1.251250000000000000e+02,1.367150872244787388e+04
1.251458333333333286e+02,1.343810355303472898e+04
1.251666666666666572e+02,1.537962665542245304e+04
1.251875000000000000e+02,1.537301056003356280e+04
1.252083333333333286e+02,1.381446371624733729e+04
1.252291666666666572e+02,1.410374995229969136e+04
1.252500000000000000e+02,1.536715379028205280e+04
1.252708333333333286e+02,1.535996431456946448e+04
1.252916666666666572e+02,1.363632297300293430e+04
1.253125000000000000e+02,1.363078071179915059e+04
1.253333333333333286e+02,1.534653116024864721e+04
1.253541666666666572e+02,1.534290573349390615e+04
1.253750000000000000e+02,1.361996288793548592e+04
1.253958333333333286e+02,1.361625885705558903e+04
1.254166666666666572e+02,1.533439691796222905e+04
1.254375000000000000e+02,1.533173096730691395e+04
1.254583333333333286e+02,1.418319514179541875e+04
1.254791666666666572e+02,1.468760630366557234e+04
1.255000000000000000e+02,1.632999293343907266e+04
1.255208333333333286e+02,1.585803335185461401e+04
1.255416666666666572e+02,1.472930045642222467e+04
1.255625000000000000e+02,1.558424165867904958e+04
1.255833333333333286e+02,1.641980845561289607e+04
1.256041666666666572e+02,1.552619218551033555e+04
1.256250000000000000e+02,1.462553441738100446e+04
1.256458333333333286e+02,1.527289895010568216e+04
1.256666666666666572e+02,1.624840826257992740e+04
1.256875000000000000e+02,1.534286251873624133e+04
1.257083333333333286e+02,1.483576023247517151e+04
1.257291666666666572e+02,1.525525574214231528e+04
1.257500000000000000e+02,1.563567811001088194e+04
1.257708333333333286e+02,1.517133325339525254e+04
1.257916666666666572e+02,1.513114162958517409e+04
1.258125000000000000e+02,1.488372877558053369e+04
1.258333333333333286e+02,1.533957922513184167e+04
1.258541666666666572e+02,1.502603263976982271e+04
1.258750000000000000e+02,1.499190567968699906e+04
1.258958333333333286e+02,1.495971491213601257e+04
1.259166666666666572e+02,1.510926661857225918e+04
1.259375000000000000e+02,1.502452182508015903e+04
1.259583333333333286e+02,1.488128833926811785e+04
1.259791666666666572e+02,1.485521341772709638e+04
1.260000000000000000e+02,1.509237956268728158e+04
1.260208333333333286e+02,1.481826336595049725e+04
1.260416666666666572e+02,1.479535985480214003e+04
1.260625000000000000e+02,1.477490835745317600e+04
1.260833333333333286e+02,1.476057905206049691e+04
1.261041666666666572e+02,1.458248706703852440e+04
1.261250000000000000e+02,1.472854301506760385e+04
1.261458333333333286e+02,1.471003288921617423e+04
1.261666666666666572e+02,1.493318434946113848e+04
1.261875000000000000e+02,1.508194928532065387e+04
1.262083333333333286e+02,1.467569918807630165e+04
1.262291666666666572e+02,1.432784698206040048e+04
1.262500000000000000e+02,1.465599294764722799e+04
1.262708333333333286e+02,1.503148793669799124e+04
1.262916666666666572e+02,1.463377046342266840e+04
1.263125000000000000e+02,1.404705744350080204e+04
1.263333333333333286e+02,1.461562754245248288e+04
1.263541666666666572e+02,1.537651356624989785e+04
1.263750000000000000e+02,1.459779607231748014e+04
1.263958333333333286e+02,1.373001651354003479e+04
1.264166666666666572e+02,1.458186477817547711e+04
1.264375000000000000e+02,1.543451902631247140e+04
1.264583333333333286e+02,1.456884101756935706e+04
1.264791666666666572e+02,1.370304240227301489e+04
1.265000000000000000e+02,1.455668686275068103e+04
1.265208333333333286e+02,1.541142898928615614e+04
1.265416666666666572e+02,1.454756788063394561e+04
1.265625000000000000e+02,1.372788608767354162e+04
1.265833333333333286e+02,1.491195487879597567e+04
1.266041666666666572e+02,1.539550680177503091e+04
1.266250000000000000e+02,1.414486526457285800e+04
1.266458333333333286e+02,1.371818747406139664e+04
1.266666666666666572e+02,1.531651817976112943e+04
1.266875000000000000e+02,1.526097614180444361e+04
1.267083333333333286e+02,1.354925618249184481e+04
1.267291666666666572e+02,1.360460588782560444e+04
1.267500000000000000e+02,1.537921693503695860e+04
1.267708333333333286e+02,1.487056809389464979e+04
1.267916666666666572e+02,1.277325771455536960e+04
1.268125000000000000e+02,1.257148703426120846e+04
1.268333333333333286e+02,1.334459167601648733e+04
1.268541666666666572e+02,1.335370685393822350e+04
1.268750000000000000e+02,1.257812285687812255e+04
1.268958333333333286e+02,1.357197712745147146e+04
1.269166666666666572e+02,1.486840389547063387e+04
1.269375000000000000e+02,1.380954007628948239e+04
1.269583333333333286e+02,1.285323055091398055e+04
1.269791666666666572e+02,1.405790813746087952e+04
1.270000000000000000e+02,1.530191706072383022e+04
1.270208333333333286e+02,1.511773954856024284e+04
1.270416666666666572e+02,1.275837883503701232e+04
1.270625000000000000e+02,1.423427911064312502e+04
1.270833333333333286e+02,1.612816537952673025e+04
1.271041666666666572e+02,1.559554938085500180e+04
1.271250000000000000e+02,1.334717554003522673e+04
1.271458333333333286e+02,1.365290902838499096e+04
1.271666666666666572e+02,1.571275005987927216e+04
1.271875000000000000e+02,1.559589519392948932e+04
1.272083333333333286e+02,1.371812483425227038e+04
1.272291666666666572e+02,1.360426487714049654e+04
1.272500000000000000e+02,1.547854327108263533e+04
1.272708333333333286e+02,1.580624985742672288e+04
1.272916666666666572e+02,1.375878744671236200e+04
1.273125000000000000e+02,1.374762333662428864e+04
1.273333333333333286e+02,1.549807980298084294e+04
1.273541666666666572e+02,1.549235275591241589e+04
1.273750000000000000e+02,1.373637053553494479e+04
1.273958333333333286e+02,1.338409273079750346e+04
1.274166666666666572e+02,1.542492637418230879e+04
1.274375000000000000e+02,1.536967518824529179e+04
1.274583333333333286e+02,1.363383925696183724e+04
1.274791666666666572e+02,1.370233427112676873e+04
1.275000000000000000e+02,1.532996955931403863e+04
1.275208333333333286e+02,1.531521111907435261e+04
1.275416666666666572e+02,1.304658499941206173e+04
1.275625000000000000e+02,1.356650757066719234e+04
1.275833333333333286e+02,1.524469265816502957e+04
1.276041666666666572e+02,1.523063897505586647e+04
1.276250000000000000e+02,1.403532313673215322e+04
1.276458333333333286e+02,1.341446874030201434e+04
1.276666666666666572e+02,1.520636686492633817e+04
1.276875000000000000e+02,1.504372718120137142e+04
1.277083333333333286e+02,1.340333656437214086e+04
1.277291666666666572e+02,1.300407511207757489e+04
1.277500000000000000e+02,1.519620730224833460e+04
1.277708333333333286e+02,1.578125738231921423e+04
1.277916666666666572e+02,1.353174170074961876e+04
1.278125000000000000e+02,1.293565220919212152e+04
1.278333333333333286e+02,1.521258813729169196e+04
1.278541666666666572e+02,1.572724822940264130e+04
1.278750000000000000e+02,1.338972684540033515e+04
1.278958333333333286e+02,1.298132018099809648e+04
1.279166666666666572e+02,1.523434367208876574e+04
1.279375000000000000e+02,1.573962307479128867e+04
1.279583333333333286e+02,1.353259564305909953e+04
1.279791666666666572e+02,1.295587024526796813e+04
1.280000000000000000e+02,1.525088006826721175e+04
1.280208333333333144e+02,1.592200513854224118e+04
1.280416666666666572e+02,1.333401175220277219e+04
1.280625000000000000e+02,1.268731097706232686e+04
1.280833333333333144e+02,1.526561610704240957e+04
1.281041666666666572e+02,1.608579805884485540e+04
1.281250000000000000e+02,1.292827106279246800e+04
1.281458333333333144e+02,1.257589036102080354e+04
1.281666666666666572e+02,1.497953140168435129e+04
1.281875000000000000e+02,1.493951845513504304e+04
1.282083333333333144e+02,1.241956604591785072e+04
1.282291666666666572e+02,1.246695681615193098e+04
1.282500000000000000e+02,1.418159819210347996e+04
1.282708333333333144e+02,1.477957880343972283e+04
1.282916666666666572e+02,1.243538530228158561e+04
1.283125000000000000e+02,1.262243418416313216e+04
1.283333333333333144e+02,1.505257983746058380e+04
1.283541666666666572e+02,1.515973606590787676e+04
1.283750000000000000e+02,1.251790077334478337e+04
1.283958333333333144e+02,1.307253557759663454e+04
1.284166666666666572e+02,1.504803823718884814e+04
1.284375000000000000e+02,1.522915633797044939e+04
1.284583333333333144e+02,1.270416771161853103e+04
1.284791666666666572e+02,1.344392476787213673e+04
1.285000000000000000e+02,1.495776941644471299e+04
1.285208333333333144e+02,1.482007214227344957e+04
1.285416666666666572e+02,1.344059064636313269e+04
1.285625000000000000e+02,1.442585071182781758e+04
1.285833333333333144e+02,1.531409780752529332e+04
1.286041666666666572e+02,1.391003985614356861e+04
1.286250000000000000e+02,1.362244532926702959e+04
1.286458333333333144e+02,1.526618736449705102e+04
1.286666666666666572e+02,1.501589847454010669e+04
1.286875000000000000e+02,1.363659430598143445e+04
1.287083333333333144e+02,1.330947210227733740e+04
1.287291666666666572e+02,1.535857886194758612e+04
1.287500000000000000e+02,1.599048848370055566e+04
1.287708333333333144e+02,1.358059912723941670e+04
1.287916666666666572e+02,1.269462049321101949e+04
1.288125000000000000e+02,1.527025483074206568e+04
1.288333333333333144e+02,1.611589853565501835e+04
1.288541666666666572e+02,1.350385293943429861e+04
1.288750000000000000e+02,1.315503184011582925e+04
1.288958333333333144e+02,1.518750060533653595e+04
1.289166666666666572e+02,1.555424476886896809e+04
1.289375000000000000e+02,1.343929628895475980e+04
1.289583333333333144e+02,1.360457459796925468e+04
1.289791666666666572e+02,1.513861889607218109e+04
1.290000000000000000e+02,1.523121558356400419e+04
1.290208333333333144e+02,1.366320270891942346e+04
1.290416666666666572e+02,1.340846862549327489e+04
1.290625000000000000e+02,1.476771755402091367e+04
1.290833333333333144e+02,1.513211445097289106e+04
1.291041666666666572e+02,1.427449293057182877e+04
1.291250000000000000e+02,1.341904564455646687e+04
1.291458333333333144e+02,1.470261433555998883e+04
1.291666666666666572e+02,1.515381720881533329e+04
1.291875000000000000e+02,1.389928056192133590e+04
1.292083333333333144e+02,1.344508767718436502e+04
1.292291666666666572e+02,1.517180668189398784e+04
1.292500000000000000e+02,1.506191089109605309e+04
1.292708333333333144e+02,1.346337010683077460e+04
1.292916666666666572e+02,1.346627914217703801e+04
1.293125000000000000e+02,1.519217923130927738e+04
1.293333333333333144e+02,1.519654571585537997e+04
1.293541666666666572e+02,1.339566745248107327e+04
1.293750000000000000e+02,1.371370749885713303e+04
1.293958333333333144e+02,1.521550211408359246e+04
1.294166666666666572e+02,1.510851451545494638e+04
1.294375000000000000e+02,1.402987091839330606e+04
1.294583333333333144e+02,1.437497554503936044e+04
1.294791666666666572e+02,1.623751990555470547e+04
1.295000000000000000e+02,1.632667708785371360e+04
1.295208333333333144e+02,1.428420085911759088e+04
1.295416666666666572e+02,1.485476404771630769e+04
1.295625000000000000e+02,1.635463708817445149e+04
1.295833333333333144e+02,1.641769898417090371e+04
1.296041666666666572e+02,1.456751288010901771e+04
1.296250000000000000e+02,1.452189985823600364e+04
1.296458333333333144e+02,1.618990324861210320e+04
1.296666666666666572e+02,1.614132456787589035e+04
1.296875000000000000e+02,1.438007622972203171e+04
1.297083333333333144e+02,1.416555447610788906e+04
1.297291666666666572e+02,1.601166555357077959e+04
1.297500000000000000e+02,1.597018691294152450e+04
1.297708333333333144e+02,1.421570850298727601e+04
1.297916666666666572e+02,1.420016695793817416e+04
1.298125000000000000e+02,1.586135090936287452e+04
1.298333333333333144e+02,1.582655350993180036e+04
1.298541666666666572e+02,1.408075154897923858e+04
1.298750000000000000e+02,1.471615273643890760e+04
1.298958333333333144e+02,1.574935716155259070e+04
1.299166666666666572e+02,1.489605987997514967e+04
1.299375000000000000e+02,1.413316087789878293e+04
1.299583333333333144e+02,1.481443950571090318e+04
1.299791666666666572e+02,1.564780824615967504e+04
1.300000000000000000e+02,1.505662890718585186e+04
1.300208333333333144e+02,1.388949476426667752e+04
1.300416666666666572e+02,1.451274748554545295e+04
1.300625000000000000e+02,1.557086062476303414e+04
1.300833333333333144e+02,1.467568933337763519e+04
1.301041666666666572e+02,1.381819363277424782e+04
1.301250000000000000e+02,1.466048223047309875e+04
1.301458333333333144e+02,1.558718796034183106e+04
1.301666666666666572e+02,1.512843834432421136e+04
1.301875000000000000e+02,1.377132823447644114e+04
1.302083333333333144e+02,1.452335162388007666e+04
1.302291666666666572e+02,1.546754469664962016e+04
1.302500000000000000e+02,1.459882905387365099e+04
1.302708333333333144e+02,1.372734957669270443e+04
1.302916666666666572e+02,1.457539500781525931e+04
1.303125000000000000e+02,1.542613171552476342e+04
1.303333333333333144e+02,1.455863573282636571e+04
1.303541666666666572e+02,1.365347432065242901e+04
1.303750000000000000e+02,1.421534143428709285e+04
1.303958333333333144e+02,1.539773312628186250e+04
1.304166666666666572e+02,1.490088325015269947e+04
1.304375000000000000e+02,1.366919942992615324e+04
1.304583333333333144e+02,1.399515942312476182e+04
1.304791666666666572e+02,1.537551716653671610e+04
1.305000000000000000e+02,1.538047238317014853e+04
1.305208333333333144e+02,1.390553124646174183e+04
1.305416666666666572e+02,1.387840641338951900e+04
1.305625000000000000e+02,1.499251458265321708e+04
1.305833333333333144e+02,1.535924942142364671e+04
1.306041666666666572e+02,1.413197940123362787e+04
1.306250000000000000e+02,1.363040154194970819e+04
1.306458333333333144e+02,1.448412269482765259e+04
1.306666666666666572e+02,1.548193479550185293e+04
1.306875000000000000e+02,1.447942404826767233e+04
1.307083333333333144e+02,1.361521323553066031e+04
1.307291666666666572e+02,1.467084598785407070e+04
1.307500000000000000e+02,1.523978615907549465e+04
1.307708333333333144e+02,1.446925143761521394e+04
1.307916666666666572e+02,1.360673463086352422e+04
1.308125000000000000e+02,1.449356182541078306e+04
1.308333333333333144e+02,1.531879925064286726e+04
1.308541666666666572e+02,1.445736205979945589e+04
1.308750000000000000e+02,1.377733165718493183e+04
1.308958333333333144e+02,1.446852718247501252e+04
1.309166666666666572e+02,1.531405334210753063e+04
1.309375000000000000e+02,1.445417201978147204e+04
1.309583333333333144e+02,1.359636456933689988e+04
1.309791666666666572e+02,1.445324300335582666e+04
1.310000000000000000e+02,1.530785075797895479e+04
1.310208333333333144e+02,1.444744119237123596e+04
1.310416666666666572e+02,1.369765925060960581e+04
1.310625000000000000e+02,1.466428512688629417e+04
1.310833333333333144e+02,1.530693566681737502e+04
1.311041666666666572e+02,1.444620658815736169e+04
1.311250000000000000e+02,1.358899700792581280e+04
1.311458333333333144e+02,1.444694515562151355e+04
1.311666666666666572e+02,1.530346397990834885e+04
1.311875000000000000e+02,1.436797327518817110e+04
1.312083333333333144e+02,1.358227766636888191e+04
1.312291666666666572e+02,1.444130996675344795e+04
1.312500000000000000e+02,1.558409771102820378e+04
1.312708333333333144e+02,1.444228501793409305e+04
1.312916666666666572e+02,1.349826821527683205e+04
1.313125000000000000e+02,1.444178411559796587e+04
1.313333333333333144e+02,1.530176840160725260e+04
1.313541666666666572e+02,1.444089617918478689e+04
1.313750000000000000e+02,1.357911464682400037e+04
1.313958333333333144e+02,1.444868583754770225e+04
1.314166666666666572e+02,1.529739945095090297e+04
1.314375000000000000e+02,1.442003372369064164e+04
1.314583333333333144e+02,1.360500020482087348e+04
1.314791666666666572e+02,1.444005317208914857e+04
1.315000000000000000e+02,1.562464086952287471e+04
1.315208333333333144e+02,1.443947388941639292e+04
1.315416666666666572e+02,1.323168210984992038e+04
1.315625000000000000e+02,1.443829008420453465e+04
1.315833333333333144e+02,1.572776263997573187e+04
1.316041666666666572e+02,1.443796810464672672e+04
1.316250000000000000e+02,1.287437659617992540e+04
1.316458333333333144e+02,1.452629062153924679e+04
1.316666666666666572e+02,1.615441244419203213e+04
1.316875000000000000e+02,1.443399789139100176e+04
1.317083333333333144e+02,1.271587596700917857e+04
1.317291666666666572e+02,1.443351573214132077e+04
1.317500000000000000e+02,1.615067875926844863e+04
1.317708333333333144e+02,1.443109886396214279e+04
1.317916666666666572e+02,1.271440514227680251e+04
1.318125000000000000e+02,1.452048696325051787e+04
1.318333333333333144e+02,1.601066529416689082e+04
1.318541666666666572e+02,1.443441561762321362e+04
1.318750000000000000e+02,1.271719903633007561e+04
1.318958333333333144e+02,1.443493560276772041e+04
1.319166666666666572e+02,1.615135257714490581e+04
1.319375000000000000e+02,1.443158948376803528e+04
1.319583333333333144e+02,1.271472915561248010e+04
1.319791666666666572e+02,1.443281755840677215e+04
1.320000000000000000e+02,1.590684449600553125e+04
1.320208333333333144e+02,1.443587457770736000e+04
1.320416666666666572e+02,1.271652971676888046e+04
1.320625000000000000e+02,1.443323659723059973e+04
1.320833333333333144e+02,1.615105266423173816e+04
1.321041666666666572e+02,1.420632942352394093e+04
1.321250000000000000e+02,1.271504046580506110e+04
1.321458333333333144e+02,1.443273815456950251e+04
1.321666666666666572e+02,1.615166199244611926e+04
1.321875000000000000e+02,1.443229496506571377e+04
1.322083333333333144e+02,1.271417783821364355e+04
1.322291666666666572e+02,1.445271018559770164e+04
1.322500000000000000e+02,1.614984411072303556e+04
1.322708333333333144e+02,1.442990283057514534e+04
1.322916666666666572e+02,1.271366509067955485e+04
1.323125000000000000e+02,1.486442085286230213e+04
1.323333333333333144e+02,1.615252555989663961e+04
1.323541666666666572e+02,1.430569642159217256e+04
1.323750000000000000e+02,1.271813399005826795e+04
1.323958333333333144e+02,1.443535344833180716e+04
1.324166666666666572e+02,1.615175837327229601e+04
1.324375000000000000e+02,1.405775493426851244e+04
1.324583333333333144e+02,1.271598541958295391e+04
1.324791666666666572e+02,1.485585230413299359e+04
1.325000000000000000e+02,1.594729533075193467e+04
1.325208333333333144e+02,1.365031623189132733e+04
1.325416666666666572e+02,1.283287802639405345e+04
1.325625000000000000e+02,1.529450763603192536e+04
1.325833333333333144e+02,1.615271590759485844e+04
1.326041666666666572e+02,1.312884028537944323e+04
1.326250000000000000e+02,1.271461310037137446e+04
1.326458333333333144e+02,1.587056750647546505e+04
1.326666666666666572e+02,1.580644407971924738e+04
1.326875000000000000e+02,1.271636400256674460e+04
1.327083333333333144e+02,1.292236717120957837e+04
1.327291666666666572e+02,1.615554248627511333e+04
1.327500000000000000e+02,1.604139935310911096e+04
1.327708333333333144e+02,1.271464864868668155e+04
1.327916666666666572e+02,1.271185553169434570e+04
1.328125000000000000e+02,1.615122523734601054e+04
1.328333333333333144e+02,1.581498442682744280e+04
1.328541666666666572e+02,1.271465255959222486e+04
1.328750000000000000e+02,1.271260639723932763e+04
1.328958333333333144e+02,1.615241806422312220e+04
1.329166666666666572e+02,1.615236141068679353e+04
1.329375000000000000e+02,1.271257705291129241e+04
1.329583333333333144e+02,1.271038611008493535e+04
1.329791666666666572e+02,1.612554130508217713e+04
1.330000000000000000e+02,1.566398380683235882e+04
1.330208333333333144e+02,1.271633950733218080e+04
1.330416666666666572e+02,1.311435659003079127e+04
1.330625000000000000e+02,1.615428604855019512e+04
1.330833333333333144e+02,1.516678112925255846e+04
1.331041666666666572e+02,1.284136119250002957e+04
1.331250000000000000e+02,1.367217784695273440e+04
1.331458333333333144e+02,1.615363814738771907e+04
1.331666666666666572e+02,1.514503379125912761e+04
1.331875000000000000e+02,1.271699361120985486e+04
1.332083333333333144e+02,1.357927103560900287e+04
1.332291666666666572e+02,1.578929358710673478e+04
1.332500000000000000e+02,1.529272025612147991e+04
1.332708333333333144e+02,1.317750170556010926e+04
1.332916666666666572e+02,1.392516326152813417e+04
1.333125000000000000e+02,1.529493282180531241e+04
1.333333333333333144e+02,1.524765141230393419e+04
1.333541666666666572e+02,1.357857994546529881e+04
1.333750000000000000e+02,1.394287755649563405e+04
1.333958333333333144e+02,1.529920349872080624e+04
1.334166666666666572e+02,1.525114427924148185e+04
1.334375000000000000e+02,1.357693504800744267e+04
1.334583333333333144e+02,1.392584661506823613e+04
1.334791666666666572e+02,1.529416962449468338e+04
1.335000000000000000e+02,1.494791273899431690e+04
1.335208333333333144e+02,1.346387186488076259e+04
1.335416666666666572e+02,1.344234402793372283e+04
1.335625000000000000e+02,1.529557357472379954e+04
1.335833333333333144e+02,1.529241530067893837e+04
1.336041666666666572e+02,1.357511476104068788e+04
1.336250000000000000e+02,1.361589364872749502e+04
1.336458333333333144e+02,1.529069563731918606e+04
1.336666666666666572e+02,1.528878349437711222e+04
1.336875000000000000e+02,1.357318153646298015e+04
1.337083333333333144e+02,1.403776811898817687e+04
1.337291666666666572e+02,1.529331198164376474e+04
1.337500000000000000e+02,1.483047331567856963e+04
1.337708333333333144e+02,1.357587737162369012e+04
1.337916666666666572e+02,1.452417329508874172e+04
1.338125000000000000e+02,1.514130850928120708e+04
1.338333333333333144e+02,1.443392855055749897e+04
1.338541666666666572e+02,1.357373205054671052e+04
1.338750000000000000e+02,1.443241163359585698e+04
1.338958333333333144e+02,1.529006216634468001e+04
1.339166666666666572e+02,1.442987791359478069e+04
1.339375000000000000e+02,1.396392766439221668e+04
1.339583333333333144e+02,1.437077223669821979e+04
1.339791666666666572e+02,1.488471535333677821e+04
1.340000000000000000e+02,1.443325239029184013e+04
1.340208333333333144e+02,1.443302940312636929e+04
1.340416666666666572e+02,1.419238767643558094e+04
1.340625000000000000e+02,1.443353447666941065e+04
1.340833333333333144e+02,1.465013699230116617e+04
1.341041666666666572e+02,1.443460982138148029e+04
1.341250000000000000e+02,1.443269369629355424e+04
1.341458333333333144e+02,1.478474357518265242e+04
1.341666666666666572e+02,1.423658138728342965e+04
1.341875000000000000e+02,1.443662650963559281e+04
1.342083333333333144e+02,1.443383750471387975e+04
1.342291666666666572e+02,1.443417766793199917e+04
1.342500000000000000e+02,1.478343061580416179e+04
1.342708333333333144e+02,1.443344878953604348e+04
1.342916666666666572e+02,1.426113560740826870e+04
1.343125000000000000e+02,1.443457821307247650e+04
1.343333333333333144e+02,1.456490232024199213e+04
1.343541666666666572e+02,1.443192273493423272e+04
1.343750000000000000e+02,1.442943852242330468e+04
1.343958333333333144e+02,1.473342482853998808e+04
1.344166666666666572e+02,1.446873172641074780e+04
1.344375000000000000e+02,1.443201148609144366e+04
1.344583333333333144e+02,1.442962226121648564e+04
1.344791666666666572e+02,1.446973474631038698e+04
1.345000000000000000e+02,1.453024230433324919e+04
1.345208333333333144e+02,1.443883448141940607e+04
1.345416666666666572e+02,1.405172832596853914e+04
1.345625000000000000e+02,1.443926052636623717e+04
1.345833333333333144e+02,1.514619142071766328e+04
1.346041666666666572e+02,1.443579669048868527e+04
1.346250000000000000e+02,1.361092897171221921e+04
1.346458333333333144e+02,1.443517794678288919e+04
1.346666666666666572e+02,1.529321035553203183e+04
1.346875000000000000e+02,1.443127802282685298e+04
1.347083333333333144e+02,1.375878647730038574e+04
1.347291666666666572e+02,1.457251534172949323e+04
1.347500000000000000e+02,1.529430556106986478e+04
1.347708333333333144e+02,1.443238952848138433e+04
1.347916666666666572e+02,1.357224711079654662e+04
1.348125000000000000e+02,1.443156101434181255e+04
1.348333333333333144e+02,1.528990355705807815e+04
1.348541666666666572e+02,1.442973378986933676e+04
1.348750000000000000e+02,1.372659062686374818e+04
1.348958333333333144e+02,1.461967479611095405e+04
1.349166666666666572e+02,1.527254837155646601e+04
1.349375000000000000e+02,1.443005566376230490e+04
1.349583333333333144e+02,1.349242937032247937e+04
1.349791666666666572e+02,1.443187486482911845e+04
1.350000000000000000e+02,1.520389517595169673e+04
1.350208333333333144e+02,1.443447559792465836e+04
1.350416666666666572e+02,1.357468240902041725e+04
1.350625000000000000e+02,1.443085684185272839e+04
1.350833333333333144e+02,1.528989066668927626e+04
1.351041666666666572e+02,1.443325931316032438e+04
1.351250000000000000e+02,1.357389248471866813e+04
1.351458333333333144e+02,1.443041566265192887e+04
1.351666666666666572e+02,1.528958194055628701e+04
1.351875000000000000e+02,1.443277372031428240e+04
1.352083333333333144e+02,1.368975454662442280e+04
1.352291666666666572e+02,1.469563773698640216e+04
1.352500000000000000e+02,1.529166812366482554e+04
1.352708333333333144e+02,1.437483994383358731e+04
1.352916666666666572e+02,1.357549946193875439e+04
1.353125000000000000e+02,1.443206829502322216e+04
1.353333333333333144e+02,1.528982540246706776e+04
1.353541666666666572e+02,1.443153776609876513e+04
1.353750000000000000e+02,1.357288554766118614e+04
1.353958333333333144e+02,1.448045781949070079e+04
1.354166666666666572e+02,1.528956647988102122e+04
1.354375000000000000e+02,1.442977797119604656e+04
1.354583333333333144e+02,1.387391514056510641e+04
1.354791666666666572e+02,1.451627931138009444e+04
1.355000000000000000e+02,1.544748867226329457e+04
1.355208333333333144e+02,1.443346985665870307e+04
1.355416666666666572e+02,1.357510934780188109e+04
1.355625000000000000e+02,1.443592108003215981e+04
1.355833333333333144e+02,1.529298051923649473e+04
1.356041666666666572e+02,1.443064654429292204e+04
1.356250000000000000e+02,1.357239835903290441e+04
1.356458333333333144e+02,1.476648778117561233e+04
1.356666666666666572e+02,1.529428553187226134e+04
1.356875000000000000e+02,1.424590688224630503e+04
1.357083333333333144e+02,1.357590434093092335e+04
1.357291666666666572e+02,1.443539946876595423e+04
1.357500000000000000e+02,1.529241184577294916e+04
1.357708333333333144e+02,1.443078444429727824e+04
1.357916666666666572e+02,1.359293984507222194e+04
1.358125000000000000e+02,1.481405948637025358e+04
1.358333333333333144e+02,1.529180827062204844e+04
1.358541666666666572e+02,1.379934280917873548e+04
1.358750000000000000e+02,1.336652558280359881e+04
1.358958333333333144e+02,1.529454896224470940e+04
1.359166666666666572e+02,1.528462978637771084e+04
1.359375000000000000e+02,1.357564753636604655e+04
1.359583333333333144e+02,1.357445134087037150e+04
1.359791666666666572e+02,1.529170058671600054e+04
1.360000000000000000e+02,1.529061517075897427e+04
1.360208333333333144e+02,1.357217253915786932e+04
1.360416666666666572e+02,1.357149543018078475e+04
1.360625000000000000e+02,1.529059286853418234e+04
1.360833333333333144e+02,1.528993750033418110e+04
1.361041666666666572e+02,1.336331365516360529e+04
1.361250000000000000e+02,1.383028226844675373e+04
1.361458333333333144e+02,1.530019279382873719e+04
1.361666666666666572e+02,1.528007044326330652e+04
1.361875000000000000e+02,1.357849303729878375e+04
1.362083333333333144e+02,1.384765008246335128e+04
1.362291666666666572e+02,1.529518749172379830e+04
1.362500000000000000e+02,1.512234472867583827e+04
1.362708333333333144e+02,1.357773345797140064e+04
1.362916666666666572e+02,1.357540792962008709e+04
1.363125000000000000e+02,1.529172259446849057e+04
1.363333333333333144e+02,1.528958110099759870e+04
1.363541666666666572e+02,1.357230606654015355e+04
1.363750000000000000e+02,1.362006097692789626e+04
1.363958333333333144e+02,1.529547126570006003e+04
1.364166666666666572e+02,1.547962598932336550e+04
1.364375000000000000e+02,1.358000061360673135e+04
1.364583333333333144e+02,1.351189848666346006e+04
1.364791666666666572e+02,1.529774339488514670e+04
1.365000000000000000e+02,1.529609979077980097e+04
1.365208333333333144e+02,1.357524385122779131e+04
1.365416666666666572e+02,1.357379123097097545e+04
1.365625000000000000e+02,1.541782485344509769e+04
1.365833333333333144e+02,1.529138837612155112e+04
1.366041666666666572e+02,1.357164606280399676e+04
1.366250000000000000e+02,1.357311744196528889e+04
1.366458333333333144e+02,1.529137417362594351e+04
1.366666666666666572e+02,1.528952641353237050e+04
1.366875000000000000e+02,1.356968526755336643e+04
1.367083333333333144e+02,1.374471462441432232e+04
1.367291666666666572e+02,1.506838188876738059e+04
1.367500000000000000e+02,1.529360184466517603e+04
1.367708333333333144e+02,1.357295996369562999e+04
1.367916666666666572e+02,1.357571675915485321e+04
1.368125000000000000e+02,1.529367693031501767e+04
1.368333333333333144e+02,1.529125308539938487e+04
1.368541666666666572e+02,1.387255134870182155e+04
1.368750000000000000e+02,1.357473852712850567e+04
1.368958333333333144e+02,1.511636358147771898e+04
1.369166666666666572e+02,1.529259408321640512e+04
1.369375000000000000e+02,1.357230876714316400e+04
1.369583333333333144e+02,1.357254653248097384e+04
1.369791666666666572e+02,1.529015114217058363e+04
1.370000000000000000e+02,1.529034558943892625e+04
1.370208333333333144e+02,1.357147017031711221e+04
1.370416666666666572e+02,1.371863990953145912e+04
1.370625000000000000e+02,1.529139017060210608e+04
1.370833333333333144e+02,1.529247412030658961e+04
1.371041666666666572e+02,1.368249699554693871e+04
1.371250000000000000e+02,1.357203109233521536e+04
1.371458333333333144e+02,1.528865138935497089e+04
1.371666666666666572e+02,1.529265914261629587e+04
1.371875000000000000e+02,1.325320132227862632e+04
1.372083333333333144e+02,1.357458724070322933e+04
1.372291666666666572e+02,1.561047622919011337e+04
1.372500000000000000e+02,1.529735057419789882e+04
1.372708333333333144e+02,1.333715691786112802e+04
1.372916666666666572e+02,1.377430882697311972e+04
1.373125000000000000e+02,1.513884436506870406e+04
1.373333333333333144e+02,1.529793145607300539e+04
1.373541666666666572e+02,1.357691836941991642e+04
1.373750000000000000e+02,1.369842954795573314e+04
1.373958333333333144e+02,1.545375153232359662e+04
1.374166666666666572e+02,1.529315521982008067e+04
1.374375000000000000e+02,1.357287386083715319e+04
1.374583333333333144e+02,1.357424570379919169e+04
1.374791666666666572e+02,1.529195974425799795e+04
1.375000000000000000e+02,1.529017909930555106e+04
1.375208333333333144e+02,1.357060928475753099e+04
1.375416666666666572e+02,1.357236185579126686e+04
1.375625000000000000e+02,1.529039731113092421e+04
1.375833333333333144e+02,1.528927373771531347e+04
1.376041666666666572e+02,1.334705540477070099e+04
1.376250000000000000e+02,1.357333791850392663e+04
1.376458333333333144e+02,1.523597974375632839e+04
1.376666666666666572e+02,1.529099353620680267e+04
1.376875000000000000e+02,1.357111887051559097e+04
1.377083333333333144e+02,1.369430320687057974e+04
1.377291666666666572e+02,1.551081144707723797e+04
1.377500000000000000e+02,1.529315378754927224e+04
1.377708333333333144e+02,1.357233887984355897e+04
1.377916666666666572e+02,1.357439665426771171e+04
1.378125000000000000e+02,1.529232104824202906e+04
1.378333333333333144e+02,1.529041454884663835e+04
1.378541666666666572e+02,1.342355861806597386e+04
1.378750000000000000e+02,1.373248930681725324e+04
1.378958333333333144e+02,1.529446582817351373e+04
1.379166666666666572e+02,1.529280977904464817e+04
1.379375000000000000e+02,1.357270393086595504e+04
1.379583333333333144e+02,1.357259828160149846e+04
1.379791666666666572e+02,1.529019612187327948e+04
1.380000000000000000e+02,1.529045456670580097e+04
1.380208333333333144e+02,1.357147266638939618e+04
1.380416666666666572e+02,1.357117240974714514e+04
1.380625000000000000e+02,1.528884220783952696e+04
1.380833333333333144e+02,1.529016425065870135e+04
1.381041666666666572e+02,1.357170133655780955e+04
1.381250000000000000e+02,1.366925228874084496e+04
1.381458333333333144e+02,1.529018404622118032e+04
1.381666666666666572e+02,1.529177137174950985e+04
1.381875000000000000e+02,1.382860920903362057e+04
1.382083333333333144e+02,1.357400786078888632e+04
1.382291666666666572e+02,1.519575226699306586e+04
1.382500000000000000e+02,1.529469766991825963e+04
1.382708333333333144e+02,1.357518227453284635e+04
1.382916666666666572e+02,1.371767723492633741e+04
1.383125000000000000e+02,1.529437004281700865e+04
1.383333333333333144e+02,1.529296834807790583e+04
1.383541666666666572e+02,1.357250395969322562e+04
1.383750000000000000e+02,1.354821282230281577e+04
1.383958333333333144e+02,1.496540387000062037e+04
1.384166666666666572e+02,1.529283605829484804e+04
1.384375000000000000e+02,1.411479249063439420e+04
1.384583333333333144e+02,1.357705415242799063e+04
1.384791666666666572e+02,1.464373819354459192e+04
1.385000000000000000e+02,1.529295840540916834e+04
1.385208333333333144e+02,1.443384686204546233e+04
1.385416666666666572e+02,1.357628493597342458e+04
1.385625000000000000e+02,1.443452769107634595e+04
1.385833333333333144e+02,1.541102772146277857e+04
1.386041666666666572e+02,1.443183598342058394e+04
1.386250000000000000e+02,1.357312157086655861e+04
1.386458333333333144e+02,1.447373097947889983e+04
1.386666666666666572e+02,1.529005993534955269e+04
1.386875000000000000e+02,1.442927840833009031e+04
1.387083333333333144e+02,1.357106849594458254e+04
1.387291666666666572e+02,1.483949495720541017e+04
1.387500000000000000e+02,1.529201009864179650e+04
1.387708333333333144e+02,1.391970131662197673e+04
1.387916666666666572e+02,1.357481783708644070e+04
1.388125000000000000e+02,1.529222473817814898e+04
1.388333333333333144e+02,1.529098840208917318e+04
1.388541666666666572e+02,1.357259459962787150e+04
1.388750000000000000e+02,1.334717807971873845e+04
1.388958333333333144e+02,1.529217930084722684e+04
1.389166666666666572e+02,1.529107290394537995e+04
1.389375000000000000e+02,1.357216039876615832e+04
1.389583333333333144e+02,1.375014046708755268e+04
1.389791666666666572e+02,1.529460502109811932e+04
1.390000000000000000e+02,1.529287707419554135e+04
1.390208333333333144e+02,1.357346272996997504e+04
1.390416666666666572e+02,1.317009014305263554e+04
1.390625000000000000e+02,1.529396266428746094e+04
1.390833333333333144e+02,1.571054451459755001e+04
1.391041666666666572e+02,1.359624894515443521e+04
1.391250000000000000e+02,1.310963949709972439e+04
1.391458333333333144e+02,1.558832396705498468e+04
1.391666666666666572e+02,1.551104987660403640e+04
1.391875000000000000e+02,1.337621907730680323e+04
1.392083333333333144e+02,1.357600233580299391e+04
1.392291666666666572e+02,1.529207846340041215e+04
1.392500000000000000e+02,1.529241307287261225e+04
1.392708333333333144e+02,1.357281993102392153e+04
1.392916666666666572e+02,1.357224039999200249e+04
1.393125000000000000e+02,1.549187166386308672e+04
1.393333333333333144e+02,1.529160104838168627e+04
1.393541666666666572e+02,1.357218836355653912e+04
1.393750000000000000e+02,1.387511098596220108e+04
1.393958333333333144e+02,1.529677611996224368e+04
1.394166666666666572e+02,1.529413705582993862e+04
1.394375000000000000e+02,1.357356980583042969e+04
1.394583333333333144e+02,1.357333637925322546e+04
1.394791666666666572e+02,1.529051394662641178e+04
1.395000000000000000e+02,1.517602368282195675e+04
1.395208333333333144e+02,1.332299504193906978e+04
1.395416666666666572e+02,1.357483880746135765e+04
1.395625000000000000e+02,1.528418641641026989e+04
1.395833333333333144e+02,1.529242839374031610e+04
1.396041666666666572e+02,1.357220518209271904e+04
1.396250000000000000e+02,1.357312107066054159e+04
1.396458333333333144e+02,1.540336389104574118e+04
1.396666666666666572e+02,1.529049055518244131e+04
1.396875000000000000e+02,1.357027503782016720e+04
1.397083333333333144e+02,1.360158006755164024e+04
1.397291666666666572e+02,1.526814478843577672e+04
1.397500000000000000e+02,1.528976670030271271e+04
1.397708333333333144e+02,1.356964884777427869e+04
1.397916666666666572e+02,1.389391291377019297e+04
1.398125000000000000e+02,1.529828448139435932e+04
1.398333333333333144e+02,1.529331945270703363e+04
1.398541666666666572e+02,1.357188943572029530e+04
1.398750000000000000e+02,1.357465599172750080e+04
1.398958333333333144e+02,1.529313789161463501e+04
1.399166666666666572e+02,1.516767977878667443e+04
1.399375000000000000e+02,1.357239337904639251e+04
1.399583333333333144e+02,1.357471440561915006e+04
1.399791666666666572e+02,1.530134412565626553e+04
1.400000000000000000e+02,1.529028041848738576e+04
1.400208333333333144e+02,1.357014450298169686e+04
1.400416666666666572e+02,1.357251350101032585e+04
1.400625000000000000e+02,1.535232878967005672e+04
1.400833333333333144e+02,1.529051118608194884e+04
1.401041666666666572e+02,1.371851352192251215e+04
1.401250000000000000e+02,1.369610041496584017e+04
1.401458333333333144e+02,1.529461027005948927e+04
1.401666666666666572e+02,1.529404874647157339e+04
1.401875000000000000e+02,1.357445037056447472e+04
1.402083333333333144e+02,1.358388883668177732e+04
1.402291666666666572e+02,1.529136001887641032e+04
1.402500000000000000e+02,1.529245814586093184e+04
1.402708333333333144e+02,1.357373749243131533e+04
1.402916666666666572e+02,1.386387800528963635e+04
1.403125000000000000e+02,1.529509723558849510e+04
1.403333333333333144e+02,1.529548772963607917e+04
1.403541666666666572e+02,1.357202774592144851e+04
1.403750000000000000e+02,1.357260127083257612e+04
1.403958333333333144e+02,1.528871879515943510e+04
1.404166666666666572e+02,1.514303883038364802e+04
1.404375000000000000e+02,1.334128506390616894e+04
1.404583333333333144e+02,1.357572088961119880e+04
1.404791666666666572e+02,1.543308137685581823e+04
1.405000000000000000e+02,1.529696860582747831e+04
1.405208333333333144e+02,1.357756868329577628e+04
1.405416666666666572e+02,1.357443366867461009e+04
1.405625000000000000e+02,1.529104007470531724e+04
1.405833333333333144e+02,1.529217842559753990e+04
1.406041666666666572e+02,1.357302429628975733e+04
1.406250000000000000e+02,1.357307149200059212e+04
1.406458333333333144e+02,1.509197810854303680e+04
1.406666666666666572e+02,1.529257687312678172e+04
1.406875000000000000e+02,1.357298528121705385e+04
1.407083333333333144e+02,1.374367021639365703e+04
1.407291666666666572e+02,1.562765416999681474e+04
1.407500000000000000e+02,1.529632566626836342e+04
1.407708333333333144e+02,1.337599515200951646e+04
1.407916666666666572e+02,1.357972499960291680e+04
1.408125000000000000e+02,1.558120344198265593e+04
1.408333333333333144e+02,1.529486296947747542e+04
1.408541666666666572e+02,1.342622298499359022e+04
1.408750000000000000e+02,1.357628439017259370e+04
1.408958333333333144e+02,1.529288589154924557e+04
1.409166666666666572e+02,1.529161593106782675e+04
1.409375000000000000e+02,1.357197026179173918e+04
1.409583333333333144e+02,1.363642630097203801e+04
1.409791666666666572e+02,1.529089628214907498e+04
1.410000000000000000e+02,1.529120875905209687e+04
1.410208333333333144e+02,1.360319255715198597e+04
1.410416666666666572e+02,1.367470752825687669e+04
1.410625000000000000e+02,1.529054657391861474e+04
1.410833333333333144e+02,1.529236447654177391e+04
1.411041666666666572e+02,1.370199905252055760e+04
1.411250000000000000e+02,1.357224724063527174e+04
1.411458333333333144e+02,1.528893890369270594e+04
1.411666666666666572e+02,1.529299181229482201e+04
1.411875000000000000e+02,1.329194673002961645e+04
1.412083333333333144e+02,1.368848252729699016e+04
1.412291666666666572e+02,1.548807652194795446e+04
1.412500000000000000e+02,1.529783728049819183e+04
1.412708333333333144e+02,1.357725267618236103e+04
1.412916666666666572e+02,1.352377428989152759e+04
1.413125000000000000e+02,1.497090753635226429e+04
1.413333333333333144e+02,1.529426927440984582e+04
1.413541666666666572e+02,1.392036624504717474e+04
1.413750000000000000e+02,1.357660256073271012e+04
1.413958333333333144e+02,1.489312448640105140e+04
1.414166666666666572e+02,1.529433633039330743e+04
1.414375000000000000e+02,1.413702769535199695e+04
1.414583333333333144e+02,1.358372721091447602e+04
1.414791666666666572e+02,1.490184853766958622e+04
1.415000000000000000e+02,1.529348866853744767e+04
1.415208333333333144e+02,1.385904366757702883e+04
1.415416666666666572e+02,1.375318578154010538e+04
1.415625000000000000e+02,1.529611436922920257e+04
1.415833333333333144e+02,1.529299412205354747e+04
1.416041666666666572e+02,1.357526795757103901e+04
1.416250000000000000e+02,1.361255888851523923e+04
1.416458333333333144e+02,1.529107463966640353e+04
1.416666666666666572e+02,1.528925085390757886e+04
1.416875000000000000e+02,1.368102137411255171e+04
1.417083333333333144e+02,1.381010053403584243e+04
1.417291666666666572e+02,1.529347290107408844e+04
1.417500000000000000e+02,1.520858299423083372e+04
1.417708333333333144e+02,1.353429417711768474e+04
1.417916666666666572e+02,1.319642665086523994e+04
1.418125000000000000e+02,1.529434751390064412e+04
1.418333333333333144e+02,1.563892576241141433e+04
1.418541666666666572e+02,1.357655394831945523e+04
1.418750000000000000e+02,1.297499285572776716e+04
1.418958333333333144e+02,1.529420125629850372e+04
1.419166666666666572e+02,1.615185064101316311e+04
1.419375000000000000e+02,1.353289088040483330e+04
1.419583333333333144e+02,1.277525653668384984e+04
1.419791666666666572e+02,1.529132732701756322e+04
1.420000000000000000e+02,1.563579436975511271e+04
1.420208333333333144e+02,1.357683802278659641e+04
1.420416666666666572e+02,1.290767226786119863e+04
1.420625000000000000e+02,1.529522270869138447e+04
1.420833333333333144e+02,1.615492007280508187e+04
1.421041666666666572e+02,1.355722857451928212e+04
1.421250000000000000e+02,1.271209759584774656e+04
1.421458333333333144e+02,1.529005811406469002e+04
1.421666666666666572e+02,1.594420961067667304e+04
1.421875000000000000e+02,1.351653193348529021e+04
1.422083333333333144e+02,1.271307117021293743e+04
1.422291666666666572e+02,1.529174952331127861e+04
1.422500000000000000e+02,1.615348015633813702e+04
1.422708333333333144e+02,1.357407356279915984e+04
1.422916666666666572e+02,1.271186386866514658e+04
1.423125000000000000e+02,1.529009044998292666e+04
1.423333333333333144e+02,1.615107898161263074e+04
1.423541666666666572e+02,1.339916875925205386e+04
1.423750000000000000e+02,1.271249983741922188e+04
1.423958333333333144e+02,1.529044155143686658e+04
1.424166666666666572e+02,1.615093938518619689e+04
1.424375000000000000e+02,1.357247084334719329e+04
1.424583333333333144e+02,1.271183267345353670e+04
1.424791666666666572e+02,1.528929498383383907e+04
1.425000000000000000e+02,1.614903507687360980e+04
1.425208333333333144e+02,1.343077469935621411e+04
1.425416666666666572e+02,1.275206062063484205e+04
1.425625000000000000e+02,1.529035985646677727e+04
1.425833333333333144e+02,1.614931190696194608e+04
1.426041666666666572e+02,1.357260701484247693e+04
1.426250000000000000e+02,1.272712996781854963e+04
1.426458333333333144e+02,1.528828908290167237e+04
1.426666666666666572e+02,1.601120787786852088e+04
1.426875000000000000e+02,1.332628420057842231e+04
1.427083333333333144e+02,1.291921383946523929e+04
1.427291666666666572e+02,1.551387288106456253e+04
1.427500000000000000e+02,1.615435460756186149e+04
1.427708333333333144e+02,1.346896039786503752e+04
1.427916666666666572e+02,1.271853920494239719e+04
1.428125000000000000e+02,1.514923764166322144e+04
1.428333333333333144e+02,1.602915572697081734e+04
1.428541666666666572e+02,1.348476329622211051e+04
1.428750000000000000e+02,1.271489055540187110e+04
1.428958333333333144e+02,1.529094954161550413e+04
1.429166666666666572e+02,1.615052184891465731e+04
1.429375000000000000e+02,1.328060195137538540e+04
1.429583333333333144e+02,1.271398970486233884e+04
1.429791666666666572e+02,1.529144462406304592e+04
1.430000000000000000e+02,1.615157523326390219e+04
1.430208333333333144e+02,1.357275470223610682e+04
1.430416666666666572e+02,1.271227787377664936e+04
1.430625000000000000e+02,1.529062009004867286e+04
1.430833333333333144e+02,1.614983999921788563e+04
1.431041666666666572e+02,1.357044262476098811e+04
1.431250000000000000e+02,1.271123453757301468e+04
1.431458333333333144e+02,1.529089194665713876e+04
1.431666666666666572e+02,1.602279909733683235e+04
1.431875000000000000e+02,1.357191435677521804e+04
1.432083333333333144e+02,1.271283242485392111e+04
1.432291666666666572e+02,1.529243886909809225e+04
1.432500000000000000e+02,1.596957161083062965e+04
1.432708333333333144e+02,1.341620926967753257e+04
1.432916666666666572e+02,1.271482739897585270e+04
1.433125000000000000e+02,1.529241406873259257e+04
1.433333333333333144e+02,1.615160216294148267e+04
1.433541666666666572e+02,1.357314139601849456e+04
1.433750000000000000e+02,1.291221671850806888e+04
1.433958333333333144e+02,1.529121171128070273e+04
1.434166666666666572e+02,1.615020292415131917e+04
1.434375000000000000e+02,1.349408425288320359e+04
1.434583333333333144e+02,1.271394358338394522e+04
1.434791666666666572e+02,1.528964692341574482e+04
1.435000000000000000e+02,1.614955093272602971e+04
1.435208333333333144e+02,1.315709930367213747e+04
1.435416666666666572e+02,1.271492830612116450e+04
1.435625000000000000e+02,1.574282137086144940e+04
1.435833333333333144e+02,1.591292898070512820e+04
1.436041666666666572e+02,1.271670510621028370e+04
1.436250000000000000e+02,1.290209496714686611e+04
1.436458333333333144e+02,1.615355899075524576e+04
1.436666666666666572e+02,1.615181217303644735e+04
1.436875000000000000e+02,1.271320332466288892e+04
1.437083333333333144e+02,1.271118342293825481e+04
1.437291666666666572e+02,1.587656564691582389e+04
1.437500000000000000e+02,1.612568421606292395e+04
1.437708333333333144e+02,1.271279970632368349e+04
1.437916666666666572e+02,1.271080517534797036e+04
1.438125000000000000e+02,1.596264485910229632e+04
1.438333333333333144e+02,1.584020377983189246e+04
1.438541666666666572e+02,1.271797415803782133e+04
1.438750000000000000e+02,1.271475218501606651e+04
1.438958333333333144e+02,1.615351657668181360e+04
1.439166666666666572e+02,1.583911065765618696e+04
1.439375000000000000e+02,1.271555917523089374e+04
1.439583333333333144e+02,1.281980061907061827e+04
1.439791666666666572e+02,1.615296571503608357e+04
1.440000000000000000e+02,1.615178978573177665e+04
1.440208333333333144e+02,1.271322107376802160e+04
1.440416666666666572e+02,1.271151959455552787e+04
1.440625000000000000e+02,1.614926541232187810e+04
1.440833333333333144e+02,1.576437083412080028e+04
1.441041666666666572e+02,1.271653998598885300e+04
1.441250000000000000e+02,1.271365935012454429e+04
1.441458333333333144e+02,1.615122006585936833e+04
1.441666666666666572e+02,1.597335177729060888e+04
1.441875000000000000e+02,1.271340554337276262e+04
1.442083333333333144e+02,1.271136240285206804e+04
1.442291666666666572e+02,1.614087256895700193e+04
1.442500000000000000e+02,1.574235734659918307e+04
1.442708333333333144e+02,1.271403127022981789e+04
1.442916666666666572e+02,1.319155559117590019e+04
1.443125000000000000e+02,1.615323039938652801e+04
1.443333333333333144e+02,1.498429770654731328e+04
1.443541666666666572e+02,1.278695778237391642e+04
1.443750000000000000e+02,1.357558901615396098e+04
1.443958333333333144e+02,1.615275910670460507e+04
1.444166666666666572e+02,1.529249022784709450e+04
1.444375000000000000e+02,1.271375689412423162e+04
1.444583333333333144e+02,1.386525308848420173e+04
1.444791666666666572e+02,1.615092965154492413e+04
1.445000000000000000e+02,1.517466929648924997e+04
1.445208333333333144e+02,1.271510008975253368e+04
1.445416666666666572e+02,1.357331561548540776e+04
1.445625000000000000e+02,1.587296902349009906e+04
1.445833333333333144e+02,1.529169427142766290e+04
1.446041666666666572e+02,1.271380995281955620e+04
1.446250000000000000e+02,1.357957964845097376e+04
1.446458333333333144e+02,1.614936784553896359e+04
1.446666666666666572e+02,1.528965260786309955e+04
1.446875000000000000e+02,1.271251255380544899e+04
1.447083333333333144e+02,1.373595151247612739e+04
1.447291666666666572e+02,1.615210515038208541e+04
1.447500000000000000e+02,1.529150928138701420e+04
1.447708333333333144e+02,1.271311621250854660e+04
1.447916666666666572e+02,1.350260669369719471e+04
1.448125000000000000e+02,1.583721985009876516e+04
1.448333333333333144e+02,1.529233344535363722e+04
1.448541666666666572e+02,1.287475836409804833e+04
1.448750000000000000e+02,1.357423216546982439e+04
1.448958333333333144e+02,1.615160749410553035e+04
1.449166666666666572e+02,1.529098561435559895e+04
1.449375000000000000e+02,1.271103547350710505e+04
1.449583333333333144e+02,1.394217393615737092e+04
1.449791666666666572e+02,1.682222295117851900e+04
1.450000000000000000e+02,1.601589451613341953e+04
1.450208333333333144e+02,1.380750185010385394e+04
1.450416666666666572e+02,1.470162394307796058e+04
1.450625000000000000e+02,1.728100030921795769e+04
1.450833333333333144e+02,1.639908013548017698e+04
1.451041666666666572e+02,1.380937113638284791e+04
1.451250000000000000e+02,1.493264629944880289e+04
1.451458333333333144e+02,1.713822058637733426e+04
1.451666666666666572e+02,1.592916268046473124e+04
1.451875000000000000e+02,1.360951525575303458e+04
1.452083333333333144e+02,1.459802286124908642e+04
1.452291666666666572e+02,1.695559769261567999e+04
1.452500000000000000e+02,1.597891907276697020e+04
1.452708333333333144e+02,1.343673181813037445e+04
1.452916666666666572e+02,1.425694415457233845e+04
1.453125000000000000e+02,1.645566023447080443e+04
1.453333333333333144e+02,1.590385984315335008e+04
1.453541666666666572e+02,1.345819025360010346e+04
1.453750000000000000e+02,1.412313160259642609e+04
1.453958333333333144e+02,1.667006159518160348e+04
1.454166666666666572e+02,1.578189410771447365e+04
1.454375000000000000e+02,1.317749926560786844e+04
1.454583333333333144e+02,1.389269318030800423e+04
1.454791666666666572e+02,1.635229880843271894e+04
1.455000000000000000e+02,1.568800941028556190e+04
1.455208333333333144e+02,1.308861924525395079e+04
1.455416666666666572e+02,1.393953817351105317e+04
1.455625000000000000e+02,1.648906163097954413e+04
1.455833333333333144e+02,1.552040021348712253e+04
1.456041666666666572e+02,1.301722335876808938e+04
1.456250000000000000e+02,1.404889178370576701e+04
1.456458333333333144e+02,1.642885201274624342e+04
1.456666666666666572e+02,1.555546775352265831e+04
1.456875000000000000e+02,1.296224849634319617e+04
1.457083333333333144e+02,1.380754680900126186e+04
1.457291666666666572e+02,1.637534956538868573e+04
1.457500000000000000e+02,1.550610300548848318e+04
1.457708333333333144e+02,1.291582210079339711e+04
1.457916666666666572e+02,1.360793544192002082e+04
1.458125000000000000e+02,1.616956421131422030e+04
1.458333333333333144e+02,1.538337243148785637e+04
1.458541666666666572e+02,1.288368357550336805e+04
1.458750000000000000e+02,1.373433880829283953e+04
1.458958333333333144e+02,1.630636738271530339e+04
1.459166666666666572e+02,1.544001195931853727e+04
1.459375000000000000e+02,1.285338161505269818e+04
1.459583333333333144e+02,1.370607977075738381e+04
1.459791666666666572e+02,1.628009117249841074e+04
1.460000000000000000e+02,1.541529614062435940e+04
1.460208333333333144e+02,1.283012230662703951e+04
1.460416666666666572e+02,1.345989436502591343e+04
1.460625000000000000e+02,1.620065319315073793e+04
1.460833333333333144e+02,1.539859023868103395e+04
1.461041666666666572e+02,1.280703261440993447e+04
1.461250000000000000e+02,1.365834024689104626e+04
1.461458333333333144e+02,1.623097640195211716e+04
1.461666666666666572e+02,1.536555560808334849e+04
1.461875000000000000e+02,1.278228590273259761e+04
1.462083333333333144e+02,1.363937498313103788e+04
1.462291666666666572e+02,1.597372520456290658e+04
1.462500000000000000e+02,1.535535730959817738e+04
1.462708333333333144e+02,1.223407043285401232e+04
1.462916666666666572e+02,1.275256769884112509e+04
1.463125000000000000e+02,1.426820401761177709e+04
1.463333333333333144e+02,1.420563695918723897e+04
1.463541666666666572e+02,1.333779750183613942e+04
1.463750000000000000e+02,1.361639997769420370e+04
1.463958333333333144e+02,1.498432867221322522e+04
1.464166666666666572e+02,1.461024271003517788e+04
1.464375000000000000e+02,1.406871780518340165e+04
1.464583333333333144e+02,1.408001996316507939e+04
1.464791666666666572e+02,1.496607960655056377e+04
1.465000000000000000e+02,1.597088775403073305e+04
1.465208333333333144e+02,1.600698183311183311e+04
1.465416666666666572e+02,1.463770254890537763e+04
1.465625000000000000e+02,1.475492528046226289e+04
1.465833333333333144e+02,1.564755429118218308e+04
1.466041666666666572e+02,1.575669886111088999e+04
1.466250000000000000e+02,1.658659008368616196e+04
1.466458333333333144e+02,1.564574425168787639e+04
1.466666666666666572e+02,1.475789470871400044e+04
1.466875000000000000e+02,1.471895953462185207e+04
1.467083333333333144e+02,1.444049443339797654e+04
1.467291666666666572e+02,1.556828733350515176e+04
1.467500000000000000e+02,1.559560014346867683e+04
1.467708333333333144e+02,1.650679734920382907e+04
1.467916666666666572e+02,1.622631710987033512e+04
1.468125000000000000e+02,1.589303837901422958e+04
1.468333333333333144e+02,1.563257781860241084e+04
1.468541666666666572e+02,1.641480992065975443e+04
1.468750000000000000e+02,1.623253613502382359e+04
1.468958333333333144e+02,1.585911227166748722e+04
1.469166666666666572e+02,1.611230060234142729e+04
1.469375000000000000e+02,1.682383861182542023e+04
1.469583333333333144e+02,1.559721114940711414e+04
1.469791666666666572e+02,1.427006541852534792e+04
1.470000000000000000e+02,1.690524699801350653e+04
1.470208333333333144e+02,1.611142013701567703e+04
1.470416666666666572e+02,1.327640832388834315e+04
1.470625000000000000e+02,1.445321057775084046e+04
1.470833333333333144e+02,1.557299928831006400e+04
1.471041666666666572e+02,1.518590604655853895e+04
1.471250000000000000e+02,1.312071016156555925e+04
1.471458333333333144e+02,1.478467322998668533e+04
1.471666666666666572e+02,1.535794726593652376e+04
1.471875000000000000e+02,1.352757079753620928e+04
1.472083333333333144e+02,1.332218885061539186e+04
1.472291666666666572e+02,1.512140640532094767e+04
1.472500000000000000e+02,1.512270331779852131e+04
1.472708333333333144e+02,1.305079791712756196e+04
1.472916666666666572e+02,1.352883324726264254e+04
1.473125000000000000e+02,1.601254285293299472e+04
1.473333333333333144e+02,1.470671069279181756e+04
1.473541666666666572e+02,1.261665957642778812e+04
1.473750000000000000e+02,1.408765030321116501e+04
1.473958333333333144e+02,1.598814577984070638e+04
1.474166666666666572e+02,1.438401557492127904e+04
1.474375000000000000e+02,1.293174505391184721e+04
1.474583333333333144e+02,1.441768962774803367e+04
1.474791666666666572e+02,1.587956502498094051e+04
1.475000000000000000e+02,1.431134584094689126e+04
1.475208333333333144e+02,1.332952165651409086e+04
1.475416666666666572e+02,1.423075988299634264e+04
1.475625000000000000e+02,1.506667133703847139e+04
1.475833333333333144e+02,1.446876888373373004e+04
1.476041666666666572e+02,1.343989193008000802e+04
1.476250000000000000e+02,1.279803267171416883e+04
1.476458333333333144e+02,1.415964217852042930e+04
1.476666666666666572e+02,1.403882370271966647e+04
1.476875000000000000e+02,1.495142526017017008e+04
1.477083333333333144e+02,1.296577234118354318e+04
1.477291666666666572e+02,1.295750141826099571e+04
1.477500000000000000e+02,1.524244110957746307e+04
1.477708333333333144e+02,1.492041164179972839e+04
1.477916666666666572e+02,1.264389815003810872e+04
1.478125000000000000e+02,1.389236238341530407e+04
1.478333333333333144e+02,1.639491191491751306e+04
1.478541666666666572e+02,1.568281344158930733e+04
1.478750000000000000e+02,1.331716547531426477e+04
1.478958333333333144e+02,1.419136381190977045e+04
1.479166666666666572e+02,1.572001217088536941e+04
1.479375000000000000e+02,1.688400196202421284e+04
1.479583333333333144e+02,1.425463028838289756e+04
1.479791666666666572e+02,1.384095745282551798e+04
1.480000000000000000e+02,1.429298487365962865e+04
1.480208333333333144e+02,1.512621461419440311e+04
1.480416666666666572e+02,1.683702368977007063e+04
1.480625000000000000e+02,1.598749264514564857e+04
1.480833333333333144e+02,1.602224009467670476e+04
1.481041666666666572e+02,1.460958910266766179e+04
1.481250000000000000e+02,1.360406257096555782e+04
1.481458333333333144e+02,1.452040599452142123e+04
1.481666666666666572e+02,1.568365141575355301e+04
1.481875000000000000e+02,1.724984996259407126e+04
1.482083333333333144e+02,1.552888760540105432e+04
1.482291666666666572e+02,1.483535046274118940e+04
1.482500000000000000e+02,1.370668533297115573e+04
1.482708333333333144e+02,1.474537096996082983e+04
1.482916666666666572e+02,1.536872261971003172e+04
1.483125000000000000e+02,1.593964948610243664e+04
1.483333333333333144e+02,1.534780537440636544e+04
1.483541666666666572e+02,1.518836732093162209e+04
1.483750000000000000e+02,1.372859316822984329e+04
1.483958333333333144e+02,1.389015335135584974e+04
1.484166666666666572e+02,1.612287738588885259e+04
1.484375000000000000e+02,1.533865073970094454e+04
1.484583333333333144e+02,1.303299630150277517e+04
1.484791666666666572e+02,1.365923438977288242e+04
1.485000000000000000e+02,1.603703780069552522e+04
1.485208333333333144e+02,1.487210719276750024e+04
1.485416666666666572e+02,1.338027346291096183e+04
1.485625000000000000e+02,1.338176276453170067e+04
1.485833333333333144e+02,1.484028126987318319e+04
1.486041666666666572e+02,1.512804500707988336e+04
1.486250000000000000e+02,1.337924821873768087e+04
1.486458333333333144e+02,1.378288292850936341e+04
1.486666666666666572e+02,1.596738561611397745e+04
1.486875000000000000e+02,1.515011177045808654e+04
1.487083333333333144e+02,1.258158143379028479e+04
1.487291666666666572e+02,1.344150163473928114e+04
1.487500000000000000e+02,1.603089594278876757e+04
1.487708333333333144e+02,1.519156476139463484e+04
1.487916666666666572e+02,1.262224521368394926e+04
1.488125000000000000e+02,1.354305937297330092e+04
1.488333333333333144e+02,1.606338374987636416e+04
1.488541666666666572e+02,1.491716232364197276e+04
1.488750000000000000e+02,1.264245260602113194e+04
1.488958333333333144e+02,1.327202678661899336e+04
1.489166666666666572e+02,1.597001945163272103e+04
1.489375000000000000e+02,1.574200235349089780e+04
1.489583333333333144e+02,1.347824302698404063e+04
1.489791666666666572e+02,1.431146593322200715e+04
1.490000000000000000e+02,1.718958017765260229e+04
1.490208333333333144e+02,1.636638799769236721e+04
1.490416666666666572e+02,1.379668703440255922e+04
1.490625000000000000e+02,1.468365078148907560e+04
1.490833333333333144e+02,1.715324464987245301e+04
1.491041666666666572e+02,1.628872815585311037e+04
1.491250000000000000e+02,1.367185816068077838e+04
1.491458333333333144e+02,1.448936411120521370e+04
1.491666666666666572e+02,1.663335483400770318e+04
1.491875000000000000e+02,1.611098663969874542e+04
1.492083333333333144e+02,1.373855201154785391e+04
1.492291666666666572e+02,1.431703694492350769e+04
1.492500000000000000e+02,1.679438610904603411e+04
1.492708333333333144e+02,1.593780564440970193e+04
1.492916666666666572e+02,1.332225177511258516e+04
1.493125000000000000e+02,1.415014135991524017e+04
1.493333333333333144e+02,1.641089050558396411e+04
1.493541666666666572e+02,1.579772860281256726e+04
1.493750000000000000e+02,1.388911770734670063e+04
1.493958333333333144e+02,1.483115798786803498e+04
1.494166666666666572e+02,1.754924396199687544e+04
1.494375000000000000e+02,1.646890700394476517e+04
1.494583333333333144e+02,1.417993239847697623e+04
1.494791666666666572e+02,1.503946092491013769e+04
1.495000000000000000e+02,1.755985420749720288e+04
1.495208333333333144e+02,1.664760529438456433e+04
1.495416666666666572e+02,1.401022922417085647e+04
1.495625000000000000e+02,1.489744832120700812e+04
1.495833333333333144e+02,1.705366947150073611e+04
1.496041666666666572e+02,1.641147569987001407e+04
1.496250000000000000e+02,1.390018171981154592e+04
1.496458333333333144e+02,1.457879835086320963e+04
1.496666666666666572e+02,1.710196137280360563e+04
1.496875000000000000e+02,1.619109298277527341e+04
1.497083333333333144e+02,1.356456292654471690e+04
1.497291666666666572e+02,1.437714495793031892e+04
1.497500000000000000e+02,1.691067745644518072e+04
1.497708333333333144e+02,1.601028497953673286e+04
1.497916666666666572e+02,1.339414483294766978e+04
1.498125000000000000e+02,1.398032435881633864e+04
1.498333333333333144e+02,1.676084842150625263e+04
1.498541666666666572e+02,1.586693844166075360e+04
1.498750000000000000e+02,1.325957406801520483e+04
1.498958333333333144e+02,1.426181135307500153e+04
1.499166666666666572e+02,1.652429306137794629e+04
1.499375000000000000e+02,1.575539069393551472e+04
1.499583333333333144e+02,1.315474951880245499e+04
1.499791666666666572e+02,1.399264366265527497e+04
1.500000000000000000e+02,1.633289813122016858e+04
1.500208333333333144e+02,1.566650420829185896e+04
1.500416666666666572e+02,1.306957380832901617e+04
1.500625000000000000e+02,1.391182405714767083e+04
1.500833333333333144e+02,1.647174466148154170e+04
1.501041666666666572e+02,1.537296993740838661e+04
1.501250000000000000e+02,1.300201749358932648e+04
1.501458333333333144e+02,1.384704658337209912e+04
1.501666666666666572e+02,1.635981705487231739e+04
1.501875000000000000e+02,1.551054284188972088e+04
1.502083333333333144e+02,1.294759220250480575e+04
1.502291666666666572e+02,1.379622865144168463e+04
1.502500000000000000e+02,1.595887509088198203e+04
1.502708333333333144e+02,1.549570186443928469e+04
1.502916666666666572e+02,1.336173555491134175e+04
1.503125000000000000e+02,1.400710050676248284e+04
1.503333333333333144e+02,1.547054126000862743e+04
1.503541666666666572e+02,1.571468755200007217e+04
1.503750000000000000e+02,1.373702884996869398e+04
1.503958333333333144e+02,1.350519067539221214e+04
1.504166666666666572e+02,1.544033770539988109e+04
1.504375000000000000e+02,1.543212818477951805e+04
1.504583333333333144e+02,1.370784139533557391e+04
1.504791666666666572e+02,1.370142106640448765e+04
1.505000000000000000e+02,1.541412282458852133e+04
1.505208333333333144e+02,1.540795088105099785e+04
1.505416666666666572e+02,1.386617934768730993e+04
1.505625000000000000e+02,1.406229719328126521e+04
1.505833333333333144e+02,1.540420694878966242e+04
1.506041666666666572e+02,1.539673015943888095e+04
1.506250000000000000e+02,1.367519602107587343e+04
1.506458333333333144e+02,1.325595548593629792e+04
1.506666666666666572e+02,1.538573554243876788e+04
1.506875000000000000e+02,1.525485855607102349e+04
1.507083333333333144e+02,1.278150202217074548e+04
1.507291666666666572e+02,1.178029761329394751e+04
1.507500000000000000e+02,1.336976226459566897e+04
1.507708333333333144e+02,1.389132726386804643e+04
1.507916666666666572e+02,1.253725496052668313e+04
1.508125000000000000e+02,1.208272226767743632e+04
1.508333333333333144e+02,1.445133802736645521e+04
1.508541666666666572e+02,1.554147047659996679e+04
1.508750000000000000e+02,1.301170571438988190e+04
1.508958333333333144e+02,1.241573364835527536e+04
1.509166666666666572e+02,1.505969033023126030e+04
1.509375000000000000e+02,1.602805148897439722e+04
1.509583333333333144e+02,1.387172487666240704e+04
1.509791666666666572e+02,1.283495644231432743e+04
1.510000000000000000e+02,1.618314321595307047e+04
1.510208333333333144e+02,1.621888915283021197e+04
1.510416666666666572e+02,1.293492242076226466e+04
1.510625000000000000e+02,1.368992817431502408e+04
1.510833333333333144e+02,1.628743619100982323e+04
1.511041666666666572e+02,1.525895986593212001e+04
1.511250000000000000e+02,1.370653351508751803e+04
1.511458333333333144e+02,1.376516990722206538e+04
1.511666666666666572e+02,1.550929628812526062e+04
1.511875000000000000e+02,1.601711219942080061e+04
1.512083333333333144e+02,1.380277824729321219e+04
1.512291666666666572e+02,1.326481676425390469e+04
1.512500000000000000e+02,1.554162960816569466e+04
1.512708333333333144e+02,1.638114751689683908e+04
1.512916666666666572e+02,1.378665158246627834e+04
1.513125000000000000e+02,1.335324767226899712e+04
1.513333333333333144e+02,1.539528980580351708e+04
1.513541666666666572e+02,1.531756173150893301e+04
1.513750000000000000e+02,1.350371162336367343e+04
1.513958333333333144e+02,1.355624554762424668e+04
1.514166666666666572e+02,1.536872404262310374e+04
1.514375000000000000e+02,1.531860825503231899e+04
1.514583333333333144e+02,1.356964440523308440e+04
1.514791666666666572e+02,1.360084728666420051e+04
1.515000000000000000e+02,1.526460834697803148e+04
1.515208333333333144e+02,1.498782859016106158e+04
1.515416666666666572e+02,1.349870304897035021e+04
1.515625000000000000e+02,1.416255703592519421e+04
1.515833333333333144e+02,1.520560531252427609e+04
1.516041666666666572e+02,1.442725136513136022e+04
1.516250000000000000e+02,1.347238517789014440e+04
1.516458333333333144e+02,1.432958003287110114e+04
1.516666666666666572e+02,1.519010053355438868e+04
1.516875000000000000e+02,1.422514245641600792e+04
1.517083333333333144e+02,1.326618817078536813e+04
1.517291666666666572e+02,1.434597771962543993e+04
1.517500000000000000e+02,1.520648312309823814e+04
1.517708333333333144e+02,1.435341660509029680e+04
1.517916666666666572e+02,1.372486291497106140e+04
1.518125000000000000e+02,1.436984093038385254e+04
1.518333333333333144e+02,1.523099063543835291e+04
1.518541666666666572e+02,1.437837262806997751e+04
1.518750000000000000e+02,1.352757034521910464e+04
1.518958333333333144e+02,1.438996603252293426e+04
1.519166666666666572e+02,1.525063481274166770e+04
1.519375000000000000e+02,1.463450474327943448e+04
1.519583333333333144e+02,1.356854260236155824e+04
1.519791666666666572e+02,1.440440903938517658e+04
1.520000000000000000e+02,1.526456722226969578e+04
1.520208333333333144e+02,1.545249080936480823e+04
1.520416666666666572e+02,1.295486682052693141e+04
1.520625000000000000e+02,1.348962112228039405e+04
1.520833333333333144e+02,1.476035723902142854e+04
1.521041666666666572e+02,1.327811516500460129e+04
1.521250000000000000e+02,1.248893492015150696e+04
1.521458333333333144e+02,1.332910730020762639e+04
1.521666666666666572e+02,1.404308850957926188e+04
1.521875000000000000e+02,1.376624653396449867e+04
1.522083333333333144e+02,1.371593488231934316e+04
1.522291666666666572e+02,1.348323511785938899e+04
1.522500000000000000e+02,1.391451261601659644e+04
1.522708333333333144e+02,1.400303747867512720e+04
1.522916666666666572e+02,1.320520956642655074e+04
1.523125000000000000e+02,1.410494743705597648e+04
1.523333333333333144e+02,1.448363972807602477e+04
1.523541666666666572e+02,1.424132754413550720e+04
1.523750000000000000e+02,1.336955440359107524e+04
1.523958333333333144e+02,1.425915233407383494e+04
1.524166666666666572e+02,1.428694202357387621e+04
1.524375000000000000e+02,1.482953046665926013e+04
1.524583333333333144e+02,1.434646275856723514e+04
1.524791666666666572e+02,1.384346776562116429e+04
1.525000000000000000e+02,1.438557034831333658e+04
1.525208333333333144e+02,1.481434362418423916e+04
1.525416666666666572e+02,1.442901627922487387e+04
1.525625000000000000e+02,1.334440684457902535e+04
1.525833333333333144e+02,1.462968097393515200e+04
1.526041666666666572e+02,1.525254720702598206e+04
1.526250000000000000e+02,1.443455612533691237e+04
1.526458333333333144e+02,1.354544922112270069e+04
1.526666666666666572e+02,1.438654999458191378e+04
1.526875000000000000e+02,1.524932469637104077e+04
1.527083333333333144e+02,1.438319374147104099e+04
1.527291666666666572e+02,1.364701513815873113e+04
1.527500000000000000e+02,1.459862119109605192e+04
1.527708333333333144e+02,1.518343342377154841e+04
1.527916666666666572e+02,1.431097053501626942e+04
1.528125000000000000e+02,1.343038207329879515e+04
1.528333333333333144e+02,1.427673874289022569e+04
1.528541666666666572e+02,1.513767255611810833e+04
1.528750000000000000e+02,1.427828206138677706e+04
1.528958333333333144e+02,1.427060960665874518e+04
1.529166666666666572e+02,1.426168625823207185e+04
1.529375000000000000e+02,1.446288252586420276e+04
1.529583333333333144e+02,1.426616735098411300e+04
1.529791666666666572e+02,1.426773251343068841e+04
1.530000000000000000e+02,1.473837975454044863e+04
1.530208333333333144e+02,1.456995792550690749e+04
1.530416666666666572e+02,1.428853520190044583e+04
1.530625000000000000e+02,1.389679026736585001e+04
1.530833333333333144e+02,1.430309721819376136e+04
1.531041666666666572e+02,1.516512187266133697e+04
1.531250000000000000e+02,1.415791288633527802e+04
1.531458333333333144e+02,1.345840473573812051e+04
1.531666666666666572e+02,1.432322323720553322e+04
1.531875000000000000e+02,1.518333491089461313e+04
1.532083333333333144e+02,1.432512021867310978e+04
1.532291666666666572e+02,1.347168612249429134e+04
1.532500000000000000e+02,1.466130300749405433e+04
1.532708333333333144e+02,1.519948237596510808e+04
1.532916666666666572e+02,1.408574177644326119e+04
1.533125000000000000e+02,1.343318898456420720e+04
1.533333333333333144e+02,1.445479871792953782e+04
1.533541666666666572e+02,1.574436638096653769e+04
1.533750000000000000e+02,1.520041628458470586e+04
1.533958333333333144e+02,1.451949632231635405e+04
1.534166666666666572e+02,1.546928077693360683e+04
1.534375000000000000e+02,1.636570815085240974e+04
1.534583333333333144e+02,1.551036378114216495e+04
1.534791666666666572e+02,1.465120001357633373e+04
1.535000000000000000e+02,1.545665133480577060e+04
1.535208333333333144e+02,1.627680774970489801e+04
1.535416666666666572e+02,1.537600187164943782e+04
1.535625000000000000e+02,1.448006205018216133e+04
1.535833333333333144e+02,1.550889507038862575e+04
1.536041666666666572e+02,1.609711500403783430e+04
1.536250000000000000e+02,1.519586737311533216e+04
1.536458333333333144e+02,1.419933413906653368e+04
1.536666666666666572e+02,1.511051194362027309e+04
1.536875000000000000e+02,1.593132608448439714e+04
1.537083333333333144e+02,1.503854853836694747e+04
1.537291666666666572e+02,1.414469903847107707e+04
1.537500000000000000e+02,1.508605103631273596e+04
1.537708333333333144e+02,1.579704647488149931e+04
1.537916666666666572e+02,1.490891105786516709e+04
1.538125000000000000e+02,1.402209324774264678e+04
1.538333333333333144e+02,1.513036584894332555e+04
1.538541666666666572e+02,1.587459933619157164e+04
1.538750000000000000e+02,1.480785229181304385e+04
1.538958333333333144e+02,1.392816106014822435e+04
1.539166666666666572e+02,1.476662734069786893e+04
1.539375000000000000e+02,1.560556952626952261e+04
1.539583333333333144e+02,1.472601120943449496e+04
1.539791666666666572e+02,1.393348476345317977e+04
1.540000000000000000e+02,1.469566793427640005e+04
1.540208333333333144e+02,1.553885621936640382e+04
1.540416666666666572e+02,1.466264911522878538e+04
1.540625000000000000e+02,1.378939738760780165e+04
1.540833333333333144e+02,1.494201836821154575e+04
1.541041666666666572e+02,1.548645181737448365e+04
1.541250000000000000e+02,1.459061220327619594e+04
1.541458333333333144e+02,1.374398254030661701e+04
1.541666666666666572e+02,1.459386357554247297e+04
1.541875000000000000e+02,1.544330654762567428e+04
1.542083333333333144e+02,1.509261570117950396e+04
1.542291666666666572e+02,1.452902863677521600e+04
1.542500000000000000e+02,1.555168656049471247e+04
1.542708333333333144e+02,1.649136189874475167e+04
1.542916666666666572e+02,1.566041183910542895e+04
1.543125000000000000e+02,1.456348042584930954e+04
1.543333333333333144e+02,1.568564273216812944e+04
1.543541666666666572e+02,1.644897385421190847e+04
1.543750000000000000e+02,1.554531547214315651e+04
1.543958333333333144e+02,1.464396317315473061e+04
1.544166666666666572e+02,1.591985585461516894e+04
1.544375000000000000e+02,1.634867597727615794e+04
1.544583333333333144e+02,1.463070505334712652e+04
1.544791666666666572e+02,1.462711003040662763e+04
1.545000000000000000e+02,1.611255572525399839e+04
1.545208333333333144e+02,1.606713651506786846e+04
1.545416666666666572e+02,1.430825303623158470e+04
1.545625000000000000e+02,1.426809856260422384e+04
1.545833333333333144e+02,1.594799176423416066e+04
1.546041666666666572e+02,1.591099853437411002e+04
1.546250000000000000e+02,1.389891723368721068e+04
1.546458333333333144e+02,1.435405053830035104e+04
1.546666666666666572e+02,1.582267292018193257e+04
1.546875000000000000e+02,1.579165644234470528e+04
1.547083333333333144e+02,1.404765060645835183e+04
1.547291666666666572e+02,1.399814403028335437e+04
1.547500000000000000e+02,1.571455835164630844e+04
1.547708333333333144e+02,1.568973482455170961e+04
1.547916666666666572e+02,1.396800815455177508e+04
1.548125000000000000e+02,1.395308949273082544e+04
1.548333333333333144e+02,1.563526713561695942e+04
1.548541666666666572e+02,1.561551199022336368e+04
1.548750000000000000e+02,1.388446932943006323e+04
1.548958333333333144e+02,1.386912612127344983e+04
1.549166666666666572e+02,1.556850601820797965e+04
1.549375000000000000e+02,1.555171381926542381e+04
1.549583333333333144e+02,1.394190929787018831e+04
1.549791666666666572e+02,1.366695349043681563e+04
1.550000000000000000e+02,1.552241677808405802e+04
1.550208333333333144e+02,1.568444715354084838e+04
1.550416666666666572e+02,1.378565256016011335e+04
1.550625000000000000e+02,1.393937316567523521e+04
1.550833333333333144e+02,1.548401202450851270e+04
1.551041666666666572e+02,1.547182281854600296e+04
1.551250000000000000e+02,1.374532050293431894e+04
1.551458333333333144e+02,1.346802410735314697e+04
1.551666666666666572e+02,1.544900930674891424e+04
1.551875000000000000e+02,1.544080833248771523e+04
1.552083333333333144e+02,1.371569581385613128e+04
1.552291666666666572e+02,1.370864004250565995e+04
1.552500000000000000e+02,1.542265830553681735e+04
1.552708333333333144e+02,1.541705298041387141e+04
1.552916666666666572e+02,1.369238621940348457e+04
1.553125000000000000e+02,1.409908950183496199e+04
1.553333333333333144e+02,1.540897413457860603e+04
1.553541666666666572e+02,1.540258945265853617e+04
1.553750000000000000e+02,1.367787670212055309e+04
1.553958333333333144e+02,1.367263996086662519e+04
1.554166666666666572e+02,1.538827505782954540e+04
1.554375000000000000e+02,1.538374165667915440e+04
1.554583333333333144e+02,1.341201982151240372e+04
1.554791666666666572e+02,1.399574467814819945e+04
1.555000000000000000e+02,1.537787453902065681e+04
1.555208333333333144e+02,1.460906535887097925e+04
1.555416666666666572e+02,1.316822204740903544e+04
1.555625000000000000e+02,1.344157543234851983e+04
1.555833333333333144e+02,1.457775983019337582e+04
1.556041666666666572e+02,1.388674856113256465e+04
1.556250000000000000e+02,1.269819880920304786e+04
1.556458333333333144e+02,1.410989135016393993e+04
1.556666666666666572e+02,1.469491032468567937e+04
1.556875000000000000e+02,1.411196749336118955e+04
1.557083333333333144e+02,1.329036282072440372e+04
1.557291666666666572e+02,1.426606916088399885e+04
1.557500000000000000e+02,1.507172930727179846e+04
1.557708333333333144e+02,1.455623902160457146e+04
1.557916666666666572e+02,1.323280194232090798e+04
1.558125000000000000e+02,1.429228441160289731e+04
1.558333333333333144e+02,1.559331138934302362e+04
1.558541666666666572e+02,1.477059249052297309e+04
1.558750000000000000e+02,1.433958086725675821e+04
1.558958333333333144e+02,1.313761567962720801e+04
1.559166666666666572e+02,1.429481092757092847e+04
1.559375000000000000e+02,1.571203675356493477e+04
1.559583333333333144e+02,1.570680777425581618e+04
1.559791666666666572e+02,1.542605835799132910e+04
1.560000000000000000e+02,1.316413021219394795e+04
1.560208333333333144e+02,1.349485829949994513e+04
1.560416666666666572e+02,1.461287909442833552e+04
1.560625000000000000e+02,1.581662325047640479e+04
1.560833333333333144e+02,1.595979933407377757e+04
1.561041666666666572e+02,1.578309534494740728e+04
1.561250000000000000e+02,1.402421571763967950e+04
1.561458333333333144e+02,1.311183585813694299e+04
1.561666666666666572e+02,1.450331969004822531e+04
1.561875000000000000e+02,1.649779520444053560e+04
1.562083333333333144e+02,1.643677247661230649e+04
1.562291666666666572e+02,1.291375288458512659e+04
1.562500000000000000e+02,1.285551519848745374e+04
1.562708333333333144e+02,1.627013047536277008e+04
1.562916666666666572e+02,1.623309901993272433e+04
1.563125000000000000e+02,1.274163385929245123e+04
1.563333333333333144e+02,1.318488169303993709e+04
1.563541666666666572e+02,1.606426516880780400e+04
1.563750000000000000e+02,1.514541372429924741e+04
1.563958333333333144e+02,1.275803357741125001e+04
1.564166666666666572e+02,1.407614432394598407e+04
1.564375000000000000e+02,1.606418956156091735e+04
1.564583333333333144e+02,1.484783728365510615e+04
1.564791666666666572e+02,1.261301493567344369e+04
1.565000000000000000e+02,1.400413497024581375e+04
1.565208333333333144e+02,1.604963492312430390e+04
1.565416666666666572e+02,1.462876326457380856e+04
1.565625000000000000e+02,1.280510348850841547e+04
1.565833333333333144e+02,1.434710800847484279e+04
1.566041666666666572e+02,1.606878895912268126e+04
1.566250000000000000e+02,1.411764939451856117e+04
1.566458333333333144e+02,1.265915834778405406e+04
1.566666666666666572e+02,1.437808104740722410e+04
1.566875000000000000e+02,1.600643372976383034e+04
1.567083333333333144e+02,1.439159584199878009e+04
1.567291666666666572e+02,1.268006208387751394e+04
1.567500000000000000e+02,1.440160575409239391e+04
1.567708333333333144e+02,1.605481512488599401e+04
1.567916666666666572e+02,1.441083793155770400e+04
1.568125000000000000e+02,1.269727627161530472e+04
1.568333333333333144e+02,1.428704084374136437e+04
1.568541666666666572e+02,1.435348335028593647e+04
1.568750000000000000e+02,1.377785952820354942e+04
1.568958333333333144e+02,1.213637312344598831e+04
1.569166666666666572e+02,1.234838029999693754e+04
1.569375000000000000e+02,1.352173141558202769e+04
1.569583333333333144e+02,1.364045200149447192e+04
1.569791666666666572e+02,1.268607759882817118e+04
1.570000000000000000e+02,1.404566819729066992e+04
1.570208333333333144e+02,1.468600021151122928e+04
1.570416666666666572e+02,1.390485229693627480e+04
1.570625000000000000e+02,1.359830901882841135e+04
1.570833333333333144e+02,1.432860133939174193e+04
1.571041666666666572e+02,1.511019338033306121e+04
1.571250000000000000e+02,1.561906914459321706e+04
1.571458333333333144e+02,1.349109339194552740e+04
1.571666666666666572e+02,1.412802002682568491e+04
1.571875000000000000e+02,1.529270297428860067e+04
1.572083333333333144e+02,1.565346568689323976e+04
1.572291666666666572e+02,1.493737360385448483e+04
1.572500000000000000e+02,1.383742500504888449e+04
1.572708333333333144e+02,1.453024802725778864e+04
1.572916666666666572e+02,1.440155989312739621e+04
1.573125000000000000e+02,1.546163507204501366e+04
1.573333333333333144e+02,1.634832118679021369e+04
1.573541666666666572e+02,1.467892327708816083e+04
1.573750000000000000e+02,1.385247236474768943e+04
1.573958333333333144e+02,1.385100952297744880e+04
1.574166666666666572e+02,1.555667727619754078e+04
1.574375000000000000e+02,1.543886665005550822e+04
1.574583333333333144e+02,1.511598924039398480e+04
1.574791666666666572e+02,1.379534796468735294e+04
1.575000000000000000e+02,1.374250154978320643e+04
1.575208333333333144e+02,1.541647934388901194e+04
1.575416666666666572e+02,1.538739541524241213e+04
1.575625000000000000e+02,1.363094544732663417e+04
1.575833333333333144e+02,1.285553536822449314e+04
1.576041666666666572e+02,1.524736267623149615e+04
1.576250000000000000e+02,1.516524266912763414e+04
1.576458333333333144e+02,1.347574212431868364e+04
1.576666666666666572e+02,1.333164847893010665e+04
1.576875000000000000e+02,1.454285372016547262e+04
1.577083333333333144e+02,1.512707768653885432e+04
1.577291666666666572e+02,1.356785696053301581e+04
1.577500000000000000e+02,1.325123117834442019e+04
1.577708333333333144e+02,1.469090660706940253e+04
1.577916666666666572e+02,1.511200674917141077e+04
1.578125000000000000e+02,1.339701773051356213e+04
1.578333333333333144e+02,1.349283404040808455e+04
1.578541666666666572e+02,1.512557887087115159e+04
1.578750000000000000e+02,1.513056436797056449e+04
1.578958333333333144e+02,1.341914175024893848e+04
1.579166666666666572e+02,1.310721637812780318e+04
1.579375000000000000e+02,1.515430932337808918e+04
1.579583333333333144e+02,1.530544331943564248e+04
1.579791666666666572e+02,1.345059986532306721e+04
1.580000000000000000e+02,1.359041755383194322e+04
1.580208333333333144e+02,1.518104224634200000e+04
1.580416666666666572e+02,1.518438165918750747e+04
1.580625000000000000e+02,1.347227205459278412e+04
1.580833333333333144e+02,1.418722481344596235e+04
1.581041666666666572e+02,1.520405315145805798e+04
1.581250000000000000e+02,1.453410064950882952e+04
1.581458333333333144e+02,1.362822853878010574e+04
1.581666666666666572e+02,1.435152189938092488e+04
1.581875000000000000e+02,1.574026956662745943e+04
1.582083333333333144e+02,1.484860684398165904e+04
1.582291666666666572e+02,1.454065071096119209e+04
1.582500000000000000e+02,1.557004851095565027e+04
1.582708333333333144e+02,1.636833719963928888e+04
1.582916666666666572e+02,1.593866771944429274e+04
1.583125000000000000e+02,1.463895122065009127e+04
1.583333333333333144e+02,1.553381711908971192e+04
1.583541666666666572e+02,1.619412269099174227e+04
1.583750000000000000e+02,1.560616395603205092e+04
1.583958333333333144e+02,1.447828888326668311e+04
1.584166666666666572e+02,1.528703670494921607e+04
1.584375000000000000e+02,1.610269868882338051e+04
1.584583333333333144e+02,1.520096458984437049e+04
1.584791666666666572e+02,1.429576196303880351e+04
1.585000000000000000e+02,1.500917920059670359e+04
1.585208333333333144e+02,1.593261287469021045e+04
1.585416666666666572e+02,1.503684560527011490e+04
1.585625000000000000e+02,1.426355890314509088e+04
1.585833333333333144e+02,1.501644174421959906e+04
1.586041666666666572e+02,1.579463791481554654e+04
1.586250000000000000e+02,1.490657438091518998e+04
1.586458333333333144e+02,1.408512789070279177e+04
1.586666666666666572e+02,1.456091425805363542e+04
1.586875000000000000e+02,1.568748099049251323e+04
1.587083333333333144e+02,1.494851699058506711e+04
1.587291666666666572e+02,1.412447006775731643e+04
1.587500000000000000e+02,1.476674182515177017e+04
1.587708333333333144e+02,1.560380157442979544e+04
1.587916666666666572e+02,1.524010131396945144e+04
1.588125000000000000e+02,1.466638399058518917e+04
1.588333333333333144e+02,1.567805172111901265e+04
1.588541666666666572e+02,1.660774121569477211e+04
1.588750000000000000e+02,1.576925505361847172e+04
1.588958333333333144e+02,1.490073280105599406e+04
1.589166666666666572e+02,1.572250340364562362e+04
1.589375000000000000e+02,1.653706706889820271e+04
1.589583333333333144e+02,1.620358204568272049e+04
1.589791666666666572e+02,1.472012228521813813e+04
1.590000000000000000e+02,1.547330295841864063e+04
1.590208333333333144e+02,1.632818161751946900e+04
1.590416666666666572e+02,1.541647542712529685e+04
1.590625000000000000e+02,1.450417465664338306e+04
1.590833333333333144e+02,1.522695469985179079e+04
1.591041666666666572e+02,1.612554773614422811e+04
1.591250000000000000e+02,1.522048573390051024e+04
1.591458333333333144e+02,1.431844495098680636e+04
1.591666666666666572e+02,1.513719139216436088e+04
1.591875000000000000e+02,1.595735365548937989e+04
1.592083333333333144e+02,1.506162610614090954e+04
1.592291666666666572e+02,1.429570930541647613e+04
1.592500000000000000e+02,1.499772507006570959e+04
1.592708333333333144e+02,1.582492925332907907e+04
1.592916666666666572e+02,1.493701937084337987e+04
1.593125000000000000e+02,1.423267115226023452e+04
1.593333333333333144e+02,1.490788944607094163e+04
1.593541666666666572e+02,1.572089727499017317e+04
1.593750000000000000e+02,1.483919971406630793e+04
1.593958333333333144e+02,1.396041933967096338e+04
1.594166666666666572e+02,1.479856748436939233e+04
1.594375000000000000e+02,1.563620092701285830e+04
1.594583333333333144e+02,1.490162570985055572e+04
1.594791666666666572e+02,1.409666354878995844e+04
1.595000000000000000e+02,1.473197045165556847e+04
1.595208333333333144e+02,1.557389623956775540e+04
1.595416666666666572e+02,1.470118294460518155e+04
1.595625000000000000e+02,1.383017416978209803e+04
1.595833333333333144e+02,1.467604664748840150e+04
1.596041666666666572e+02,1.552127056285300569e+04
1.596250000000000000e+02,1.465009398072385011e+04
1.596458333333333144e+02,1.378152044950910931e+04
1.596666666666666572e+02,1.463162905313187730e+04
1.596875000000000000e+02,1.548051324158445641e+04
1.597083333333333144e+02,1.461144896753710054e+04
1.597291666666666572e+02,1.374465141885101548e+04
1.597500000000000000e+02,1.459701983877591920e+04
1.597708333333333144e+02,1.544858014814481430e+04
1.597916666666666572e+02,1.462715734624616380e+04
1.598125000000000000e+02,1.407315007836246150e+04
1.598333333333333144e+02,1.457109865839791382e+04
1.598541666666666572e+02,1.520705587439871670e+04
1.598750000000000000e+02,1.483804239943437278e+04
1.598958333333333144e+02,1.374586631398783720e+04
1.599166666666666572e+02,1.450714848611106572e+04
1.599375000000000000e+02,1.540655693638153753e+04
1.599583333333333144e+02,1.470909814607633598e+04
1.599791666666666572e+02,1.384922949918057566e+04
1.600000000000000000e+02,1.444939517393129790e+04
1.600208333333333144e+02,1.539084377339742059e+04
1.600416666666666572e+02,1.452853507324461680e+04
1.600625000000000000e+02,1.366547101348261276e+04
1.600833333333333144e+02,1.453693746296391691e+04
1.601041666666666572e+02,1.483490324535495529e+04
1.601250000000000000e+02,1.362337269182129967e+04
1.601458333333333144e+02,1.170512659761917530e+04
1.601666666666666572e+02,1.265215925340453396e+04
1.601875000000000000e+02,1.421885085980567601e+04
1.602083333333333144e+02,1.345052090183479231e+04
1.602291666666666572e+02,1.272601381664070141e+04
1.602500000000000000e+02,1.371798065409885385e+04
1.602708333333333144e+02,1.467685441274841287e+04
1.602916666666666572e+02,1.410180815404163513e+04
1.603125000000000000e+02,1.320714738073145054e+04
1.603333333333333144e+02,1.417942794659616266e+04
1.603541666666666572e+02,1.597413518417419618e+04
1.603750000000000000e+02,1.435273508746350853e+04
1.603958333333333144e+02,1.330756543047237210e+04
1.604166666666666572e+02,1.441527685176582236e+04
1.604375000000000000e+02,1.616998814822452550e+04
1.604583333333333144e+02,1.444646615558263511e+04
1.604791666666666572e+02,1.365320302987392279e+04
1.605000000000000000e+02,1.453365298199843892e+04
1.605208333333333144e+02,1.558892635646948838e+04
1.605416666666666572e+02,1.526027537484885761e+04
1.605625000000000000e+02,1.373657400204788428e+04
1.605833333333333144e+02,1.375833327347232989e+04
1.606041666666666572e+02,1.627932218588520118e+04
1.606250000000000000e+02,1.549010824035344922e+04
1.606458333333333144e+02,1.292710889478451645e+04
1.606666666666666572e+02,1.301782111833344243e+04
1.606875000000000000e+02,1.633332796363658053e+04
1.607083333333333144e+02,1.631449139380446286e+04
1.607291666666666572e+02,1.287929500649970214e+04
1.607500000000000000e+02,1.286329944827451254e+04
1.607708333333333144e+02,1.626242099469818277e+04
1.607916666666666572e+02,1.603141789259805591e+04
1.608125000000000000e+02,1.278874789013036934e+04
1.608333333333333144e+02,1.276152525593600149e+04
1.608541666666666572e+02,1.603084724624618320e+04
1.608750000000000000e+02,1.532154258652289354e+04
1.608958333333333144e+02,1.268399910328166516e+04
1.609166666666666572e+02,1.319820253571807189e+04
1.609375000000000000e+02,1.602140569221529950e+04
1.609583333333333144e+02,1.521648987609911273e+04
1.609791666666666572e+02,1.262811990843319654e+04
1.610000000000000000e+02,1.366855159858042680e+04
1.610208333333333144e+02,1.538975533781344711e+04
1.610416666666666572e+02,1.515482602975593181e+04
1.610625000000000000e+02,1.347265315476678370e+04
1.610833333333333144e+02,1.301088019057355632e+04
1.611041666666666572e+02,1.519601311708990761e+04
1.611250000000000000e+02,1.544502901716178167e+04
1.611458333333333144e+02,1.359296124335378772e+04
1.611666666666666572e+02,1.337619270315673202e+04
1.611875000000000000e+02,1.522021102217154839e+04
1.612083333333333144e+02,1.531353861977332053e+04
1.612291666666666572e+02,1.351815624848857988e+04
1.612500000000000000e+02,1.316765785972275626e+04
1.612708333333333144e+02,1.524047403253004813e+04
1.612916666666666572e+02,1.544702374810256151e+04
1.613125000000000000e+02,1.353265483054525248e+04
1.613333333333333144e+02,1.410418860025595859e+04
1.613541666666666572e+02,1.526057996510190060e+04
1.613750000000000000e+02,1.491994838208565852e+04
1.613958333333333144e+02,1.354786268801017286e+04
1.614166666666666572e+02,1.369097115124847915e+04
1.614375000000000000e+02,1.598781018755197874e+04
1.614583333333333144e+02,1.501754897494110628e+04
1.614791666666666572e+02,1.219261388864118453e+04
1.615000000000000000e+02,1.277023213867039522e+04
1.615208333333333144e+02,1.493869989808446553e+04
1.615416666666666572e+02,1.356976505810999515e+04
1.615625000000000000e+02,1.227261628706691044e+04
1.615833333333333144e+02,1.348853342687627082e+04
1.616041666666666572e+02,1.423472439003659019e+04
1.616250000000000000e+02,1.372078949276398271e+04
1.616458333333333144e+02,1.362458895950017904e+04
1.616666666666666572e+02,1.350235728795226896e+04
1.616875000000000000e+02,1.396171743110460739e+04
1.617083333333333144e+02,1.403922710604458916e+04
1.617291666666666572e+02,1.323500585713510372e+04
1.617500000000000000e+02,1.413150138391150904e+04
1.617708333333333144e+02,1.458801836708484916e+04
1.617916666666666572e+02,1.460968700616529168e+04
1.618125000000000000e+02,1.338703556788188507e+04
1.618333333333333144e+02,1.402080191521796951e+04
1.618541666666666572e+02,1.468219844144861781e+04
1.618750000000000000e+02,1.420020261358591961e+04
1.618958333333333144e+02,1.404157754225064491e+04
1.619166666666666572e+02,1.411289673172519542e+04
1.619375000000000000e+02,1.439531767569211661e+04
1.619583333333333144e+02,1.440655563230462576e+04
1.619791666666666572e+02,1.443305301534328828e+04
1.620000000000000000e+02,1.443870627785145916e+04
1.620208333333333144e+02,1.441816896382963387e+04
1.620416666666666572e+02,1.440842343335106125e+04
1.620625000000000000e+02,1.441883080715465985e+04
1.620833333333333144e+02,1.441051157365984909e+04
1.621041666666666572e+02,1.465014610013729907e+04
1.621250000000000000e+02,1.505841078122888212e+04
1.621458333333333144e+02,1.435585398121090475e+04
1.621666666666666572e+02,1.397212192419297571e+04
1.621875000000000000e+02,1.431517604442155061e+04
1.622083333333333144e+02,1.495154257383702861e+04
1.622291666666666572e+02,1.430002466337484657e+04
1.622500000000000000e+02,1.330522485994198723e+04
1.622708333333333144e+02,1.444656797981099953e+04
1.622916666666666572e+02,1.513599457005808290e+04
1.623125000000000000e+02,1.427308958489147699e+04
1.623333333333333144e+02,1.397219540465104001e+04
1.623541666666666572e+02,1.426905287333021624e+04
1.623750000000000000e+02,1.512738675766816596e+04
1.623958333333333144e+02,1.426999519117513046e+04
1.624166666666666572e+02,1.341393769402936596e+04
1.624375000000000000e+02,1.480411471427300057e+04
1.624583333333333144e+02,1.514139042266284741e+04
1.624791666666666572e+02,1.365902206076058792e+04
1.625000000000000000e+02,1.324917317700638523e+04
1.625208333333333144e+02,1.516328825914648769e+04
1.625416666666666572e+02,1.545000399530577488e+04
1.625625000000000000e+02,1.346049247310113788e+04
1.625833333333333144e+02,1.312734174858318875e+04
1.626041666666666572e+02,1.518667243847037753e+04
1.626250000000000000e+02,1.542652365176429885e+04
1.626458333333333144e+02,1.347789732921791801e+04
1.626666666666666572e+02,1.354880573501089384e+04
1.626875000000000000e+02,1.520531029945695627e+04
1.627083333333333144e+02,1.520497860817785113e+04
1.627291666666666572e+02,1.348931405208705473e+04
1.627500000000000000e+02,1.342155418864205785e+04
1.627708333333333144e+02,1.574353469318013595e+04
1.627916666666666572e+02,1.590321621000136292e+04
1.628125000000000000e+02,1.452023654005792559e+04
1.628333333333333144e+02,1.443399490991288621e+04
1.628541666666666572e+02,1.637142566888090369e+04
1.628750000000000000e+02,1.637268288498342008e+04
1.628958333333333144e+02,1.463413523798487950e+04
1.629166666666666572e+02,1.497352620194799238e+04
1.629375000000000000e+02,1.627999327756477578e+04
1.629583333333333144e+02,1.600862925174900738e+04
1.629791666666666572e+02,1.447028544559478178e+04
1.630000000000000000e+02,1.426163787465911810e+04
1.630208333333333144e+02,1.609971845815718189e+04
1.630416666666666572e+02,1.609941732698866690e+04
1.630625000000000000e+02,1.429416393096343381e+04
1.630833333333333144e+02,1.437627587008379851e+04
1.631041666666666572e+02,1.593217340605561549e+04
1.631250000000000000e+02,1.589359730661471258e+04
1.631458333333333144e+02,1.414088934615678227e+04
1.631666666666666572e+02,1.472320008738592878e+04
1.631875000000000000e+02,1.580284828621143606e+04
1.632083333333333144e+02,1.568722493919834960e+04
1.632291666666666572e+02,1.402482014293786051e+04
1.632500000000000000e+02,1.399693792632271288e+04
1.632708333333333144e+02,1.569056861079861119e+04
1.632916666666666572e+02,1.560362883118060199e+04
1.633125000000000000e+02,1.392711289162707908e+04
1.633333333333333144e+02,1.370078761846639827e+04
1.633541666666666572e+02,1.560578942864219061e+04
1.633750000000000000e+02,1.558508584872225401e+04
1.633958333333333144e+02,1.385023882016269272e+04
1.634166666666666572e+02,1.420920110998970631e+04
1.634375000000000000e+02,1.553807240597916825e+04
1.634583333333333144e+02,1.518414617186179021e+04
1.634791666666666572e+02,1.379407056550521884e+04
1.635000000000000000e+02,1.417813259596389616e+04
1.635208333333333144e+02,1.548732647755394282e+04
1.635416666666666572e+02,1.465060416045097736e+04
1.635625000000000000e+02,1.405652428361086277e+04
1.635833333333333144e+02,1.459609421096552978e+04
1.636041666666666572e+02,1.529845373959342396e+04
1.636250000000000000e+02,1.457518155969877625e+04
1.636458333333333144e+02,1.370863695720942633e+04
1.636666666666666572e+02,1.453531878429108838e+04
1.636875000000000000e+02,1.540926961381568617e+04
1.637083333333333144e+02,1.454188372280805561e+04
1.637291666666666572e+02,1.392315684913765290e+04
1.637500000000000000e+02,1.453325012228463311e+04
1.637708333333333144e+02,1.538389907185520860e+04
1.637916666666666572e+02,1.451810901398349597e+04
1.638125000000000000e+02,1.365600823050686449e+04
1.638333333333333144e+02,1.450863911369678681e+04
1.638541666666666572e+02,1.536290679031578838e+04
1.638750000000000000e+02,1.449822466091603565e+04
1.638958333333333144e+02,1.363742191552041550e+04
1.639166666666666572e+02,1.449333390717572547e+04
1.639375000000000000e+02,1.534604938506692633e+04
1.639583333333333144e+02,1.474546928601836407e+04
1.639791666666666572e+02,1.362880530929507222e+04
1.640000000000000000e+02,1.448062637284309676e+04
1.640208333333333144e+02,1.533427263140582363e+04
1.640416666666666572e+02,1.447278590386083670e+04
1.640625000000000000e+02,1.361394938543299577e+04
1.640833333333333144e+02,1.446852467854613496e+04
1.641041666666666572e+02,1.532290934126861612e+04
1.641250000000000000e+02,1.469794985458604060e+04
1.641458333333333144e+02,1.364247540647943970e+04
1.641666666666666572e+02,1.446207975308434106e+04
1.641875000000000000e+02,1.531769835611308372e+04
1.642083333333333144e+02,1.445833109014256843e+04
1.642291666666666572e+02,1.359861289659782415e+04
1.642500000000000000e+02,1.445442054864758757e+04
1.642708333333333144e+02,1.531068029741257487e+04
1.642916666666666572e+02,1.445130295677729737e+04
1.643125000000000000e+02,1.374348465780006882e+04
1.643333333333333144e+02,1.444956708274211633e+04
1.643541666666666572e+02,1.530683166224450542e+04
1.643750000000000000e+02,1.444776859064931705e+04
1.643958333333333144e+02,1.358754076845243617e+04
1.644166666666666572e+02,1.444434244538934217e+04
1.644375000000000000e+02,1.530252648044925445e+04
1.644583333333333144e+02,1.444359207214787966e+04
1.644791666666666572e+02,1.380307161302920940e+04
1.645000000000000000e+02,1.444214951562837814e+04
1.645208333333333144e+02,1.530119008426709479e+04
1.645416666666666572e+02,1.444232707397339982e+04
1.645625000000000000e+02,1.358078380800329251e+04
1.645833333333333144e+02,1.443830511942354133e+04
1.646041666666666572e+02,1.529875547050749446e+04
1.646250000000000000e+02,1.456784857770871895e+04
1.646458333333333144e+02,1.357942213457631806e+04
1.646666666666666572e+02,1.443792559216281006e+04
1.646875000000000000e+02,1.529886464090849040e+04
1.647083333333333144e+02,1.443973254401746453e+04
1.647291666666666572e+02,1.387087850482328940e+04
1.647500000000000000e+02,1.443855427684200185e+04
1.647708333333333144e+02,1.529745609130265075e+04
1.647916666666666572e+02,1.441134930651847753e+04
1.648125000000000000e+02,1.357792177969954355e+04
1.648333333333333144e+02,1.416907273484342295e+04
1.648541666666666572e+02,1.529671969921241543e+04
1.648750000000000000e+02,1.443224418161182984e+04
1.648958333333333144e+02,1.357719300255255075e+04
1.649166666666666572e+02,1.443642615499048770e+04
1.649375000000000000e+02,1.529448069448654860e+04
1.649583333333333144e+02,1.452768760033882791e+04
1.649791666666666572e+02,1.367276632895072544e+04
1.650000000000000000e+02,1.443646331080062737e+04
1.650208333333333144e+02,1.529386536960633384e+04
1.650416666666666572e+02,1.443408667056980994e+04
1.650625000000000000e+02,1.396303185292281705e+04
1.650833333333333144e+02,1.443538171304975549e+04
1.651041666666666572e+02,1.499869983814476655e+04
1.651250000000000000e+02,1.443611590688107026e+04
1.651458333333333144e+02,1.398326935670937019e+04
1.651666666666666572e+02,1.443644471883345614e+04
1.651875000000000000e+02,1.489711550966005598e+04
1.652083333333333144e+02,1.443614757259182443e+04
1.652291666666666572e+02,1.435458560789970215e+04
1.652500000000000000e+02,1.432701127359299790e+04
1.652708333333333144e+02,1.443497700545380212e+04
1.652916666666666572e+02,1.456498070653630566e+04
1.653125000000000000e+02,1.443375957983588887e+04
1.653333333333333144e+02,1.443165764597502130e+04
1.653541666666666572e+02,1.443998194063134724e+04
1.653750000000000000e+02,1.504555918820263469e+04
1.653958333333333144e+02,1.443930259648378342e+04
1.654166666666666572e+02,1.355072218500826420e+04
1.654375000000000000e+02,1.444048038205393095e+04
1.654583333333333144e+02,1.544933519879521555e+04
1.654791666666666572e+02,1.443475042817193025e+04
1.655000000000000000e+02,1.357471159891153002e+04
1.655208333333333144e+02,1.443442140900800587e+04
1.655416666666666572e+02,1.529187382241885643e+04
1.655625000000000000e+02,1.443051598207865754e+04
1.655833333333333144e+02,1.367394815165152249e+04
1.656041666666666572e+02,1.468876274455289968e+04
1.656250000000000000e+02,1.529243493194848270e+04
1.656458333333333144e+02,1.429275705825612386e+04
1.656666666666666572e+02,1.342500817310030106e+04
1.656875000000000000e+02,1.443699413538190493e+04
1.657083333333333144e+02,1.529330154776016934e+04
1.657291666666666572e+02,1.443345997533791888e+04
1.657500000000000000e+02,1.357415904323540599e+04
1.657708333333333144e+02,1.460439267802827453e+04
1.657916666666666572e+02,1.548378670931077795e+04
1.658125000000000000e+02,1.443291387748525085e+04
1.658333333333333144e+02,1.357358972909383738e+04
1.658541666666666572e+02,1.443238067397280611e+04
1.658750000000000000e+02,1.529005089264596972e+04
1.658958333333333144e+02,1.443016190118820668e+04
1.659166666666666572e+02,1.357158417621161789e+04
1.659375000000000000e+02,1.465808600146085519e+04
1.659583333333333144e+02,1.529003095934291923e+04
1.659791666666666572e+02,1.443108032990396168e+04
1.660000000000000000e+02,1.334813472740792713e+04
1.660208333333333144e+02,1.443272170511571312e+04
1.660416666666666572e+02,1.529091272055586887e+04
1.660625000000000000e+02,1.443254327517716229e+04
1.660833333333333144e+02,1.357314286794513464e+04
1.661041666666666572e+02,1.443148479049808157e+04
1.661250000000000000e+02,1.568481392812871854e+04
1.661458333333333144e+02,1.443269176336646342e+04
1.661666666666666572e+02,1.306194057700371923e+04
1.661875000000000000e+02,1.460889284197307643e+04
1.662083333333333144e+02,1.615221808281123958e+04
1.662291666666666572e+02,1.425501493662053326e+04
1.662500000000000000e+02,1.271610079440928530e+04
1.662708333333333144e+02,1.443300249458815597e+04
1.662916666666666572e+02,1.615016343231415522e+04
1.663125000000000000e+02,1.443054373684900929e+04
1.663333333333333144e+02,1.271250232329210849e+04
1.663541666666666572e+02,1.443009663835903484e+04
1.663750000000000000e+02,1.612152123993976056e+04
1.663958333333333144e+02,1.409091199154105198e+04
1.664166666666666572e+02,1.271486024592546892e+04
1.664375000000000000e+02,1.486841459385713824e+04
1.664583333333333144e+02,1.585088403721581562e+04
1.664791666666666572e+02,1.408548681499861777e+04
1.665000000000000000e+02,1.272195519516370405e+04
1.665208333333333144e+02,1.490862862024733840e+04
1.665416666666666572e+02,1.615642726084243986e+04
1.665625000000000000e+02,1.361796569660460591e+04
1.665833333333333144e+02,1.325989282159668073e+04
1.666041666666666572e+02,1.529966052372388367e+04
1.666250000000000000e+02,1.557877279647421165e+04
1.666458333333333144e+02,1.357071949429344022e+04
1.666666666666666572e+02,1.302128572356617224e+04
1.666875000000000000e+02,1.527713642772112144e+04
1.667083333333333144e+02,1.577018601150440008e+04
1.667291666666666572e+02,1.357018977112626089e+04
1.667500000000000000e+02,1.319950145435912054e+04
1.667708333333333144e+02,1.529055103636986678e+04
1.667916666666666572e+02,1.529153009206543356e+04
1.668125000000000000e+02,1.384447426215868836e+04
1.668333333333333144e+02,1.357345975996201014e+04
1.668541666666666572e+02,1.519924406107921095e+04
1.668750000000000000e+02,1.529280055901909509e+04
1.668958333333333144e+02,1.357332265174901113e+04
1.669166666666666572e+02,1.357238758307652461e+04
1.669375000000000000e+02,1.528993948529275440e+04
1.669583333333333144e+02,1.528981198600659991e+04
1.669791666666666572e+02,1.357027818671806017e+04
1.670000000000000000e+02,1.357171597013542123e+04
1.670208333333333144e+02,1.543012956527384085e+04
1.670416666666666572e+02,1.529194229471542349e+04
1.670625000000000000e+02,1.357221040853299928e+04
1.670833333333333144e+02,1.357489872850840038e+04
1.671041666666666572e+02,1.529288935230408606e+04
1.671250000000000000e+02,1.524480297187643373e+04
1.671458333333333144e+02,1.333114203876041211e+04
1.671666666666666572e+02,1.393790458218406638e+04
1.671875000000000000e+02,1.530248167062579159e+04
1.672083333333333144e+02,1.529509396804736753e+04
1.672291666666666572e+02,1.357343707506623468e+04
1.672500000000000000e+02,1.357424214445528924e+04
1.672708333333333144e+02,1.546880910366479657e+04
1.672916666666666572e+02,1.503536746217417021e+04
1.673125000000000000e+02,1.357607772456268503e+04
1.673333333333333144e+02,1.357664916575563984e+04
1.673541666666666572e+02,1.529370646219143964e+04
1.673750000000000000e+02,1.529105554362028488e+04
1.673958333333333144e+02,1.348108206675961628e+04
1.674166666666666572e+02,1.397760098868467321e+04
1.674375000000000000e+02,1.528593892234548184e+04
1.674583333333333144e+02,1.523845309375041688e+04
1.674791666666666572e+02,1.357519987172113179e+04
1.675000000000000000e+02,1.357433581548366419e+04
1.675208333333333144e+02,1.529121420925377242e+04
1.675416666666666572e+02,1.526649263163206342e+04
1.675625000000000000e+02,1.327654326693945404e+04
1.675833333333333144e+02,1.357491216380891274e+04
1.676041666666666572e+02,1.555001086740289611e+04
1.676250000000000000e+02,1.529490100658001393e+04
1.676458333333333144e+02,1.357400072411246219e+04
1.676666666666666572e+02,1.357305002340528154e+04
1.676875000000000000e+02,1.518148507020597754e+04
1.677083333333333144e+02,1.529156121253245874e+04
1.677291666666666572e+02,1.352026795693733948e+04
1.677500000000000000e+02,1.357287156492097711e+04
1.677708333333333144e+02,1.529023257050295797e+04
1.677916666666666572e+02,1.529152522419920933e+04
1.678125000000000000e+02,1.357300535473586206e+04
1.678333333333333144e+02,1.357146041924659949e+04
1.678541666666666572e+02,1.528843722093182805e+04
1.678750000000000000e+02,1.529085160960372377e+04
1.678958333333333144e+02,1.392929534317762955e+04
1.679166666666666572e+02,1.386262965240414633e+04
1.679375000000000000e+02,1.489432858179338291e+04
1.679583333333333144e+02,1.529901145460740372e+04
1.679791666666666572e+02,1.426112412030455744e+04
1.680000000000000000e+02,1.352664950663671334e+04
1.680208333333333144e+02,1.492700396781750896e+04
1.680416666666666572e+02,1.513452825569787456e+04
1.680625000000000000e+02,1.380350433288670320e+04
1.680833333333333144e+02,1.366331753873850539e+04
1.681041666666666572e+02,1.529526543109916383e+04
1.681250000000000000e+02,1.529252403720437724e+04
1.681458333333333144e+02,1.323843880600936245e+04
1.681666666666666572e+02,1.357840082740972503e+04
1.681875000000000000e+02,1.529256108275174483e+04
1.682083333333333144e+02,1.529010681842560007e+04
1.682291666666666572e+02,1.357509146699403209e+04
1.682500000000000000e+02,1.426549015779990441e+04
1.682708333333333144e+02,1.529962727135348905e+04
1.682916666666666572e+02,1.502866712302916130e+04
1.683125000000000000e+02,1.358295158455006822e+04
1.683333333333333144e+02,1.324171771100864134e+04
1.683541666666666572e+02,1.529628605765710017e+04
1.683750000000000000e+02,1.549857248155660636e+04
1.683958333333333144e+02,1.357857364390631483e+04
1.684166666666666572e+02,1.354162656114446509e+04
1.684375000000000000e+02,1.529134690836658774e+04
1.684583333333333144e+02,1.528809904827706850e+04
1.684791666666666572e+02,1.371258618638781991e+04
1.685000000000000000e+02,1.336696182970196969e+04
1.685208333333333144e+02,1.529389552365857526e+04
1.685416666666666572e+02,1.562641256846817487e+04
1.685625000000000000e+02,1.357760881929445168e+04
1.685833333333333144e+02,1.310064839483123797e+04
1.686041666666666572e+02,1.529444380724593793e+04
1.686250000000000000e+02,1.608536444390089673e+04
1.686458333333333144e+02,1.324861239926095732e+04
1.686666666666666572e+02,1.271443090232065879e+04
1.686875000000000000e+02,1.551314597218626295e+04
1.687083333333333144e+02,1.604072824807032157e+04
