0.000000000000000000e+00,0.000000000000000000e+00
2.083333333333333218e-02,0.000000000000000000e+00
4.166666666666666435e-02,1.875908358648371009e-04
6.250000000000000000e-02,2.122758648735369332e-04
8.333333333333332871e-02,-1.141927404167541928e-03
1.041666666666666574e-01,1.115041029478656921e-03
1.250000000000000000e-01,-7.461074118113529801e-05
1.458333333333333148e-01,-2.321193914037721420e-03
1.666666666666666574e-01,3.734785864843599094e-03
1.875000000000000000e-01,-2.126258878915779360e-03
2.083333333333333148e-01,-3.593411509172142297e-03
2.291666666666666574e-01,9.863627716216211150e-03
2.500000000000000000e-01,-9.607669373948427016e-03
2.708333333333333148e-01,-2.475263637418463614e-03
2.916666666666666297e-01,2.225652518064504329e-02
3.125000000000000000e-01,-3.219323966653099556e-02
3.333333333333333148e-01,1.209231163317021907e-02
3.541666666666666297e-01,4.074834751512224074e-02
3.750000000000000000e-01,-9.042983592756301259e-02
3.958333333333333148e-01,7.451680105239823215e-02
4.166666666666666297e-01,4.509145261267971661e-02
4.375000000000000000e-01,-2.159510849968093449e-01
4.583333333333333148e-01,8.580553361793868961e-02
4.791666666666666297e-01,1.653622415665880196e-01
5.000000000000000000e-01,-3.476837992022652757e-01
5.208333333333332593e-01,-2.175397980115927887e-01
5.416666666666666297e-01,4.357791714491772161e-01
5.625000000000000000e-01,3.047073123588174282e-01
5.833333333333332593e-01,-3.481601927623150239e-01
6.041666666666666297e-01,-2.165594351853143418e-01
6.250000000000000000e-01,4.377329973236384064e-01
6.458333333333332593e-01,3.077358095889296541e-01
6.666666666666666297e-01,-3.450106337359966635e-01
6.875000000000000000e-01,-2.127624518624424699e-01
7.083333333333332593e-01,4.403645778981442049e-01
7.291666666666666297e-01,3.089099826701817708e-01
7.500000000000000000e-01,-3.455797258448713993e-01
7.708333333333332593e-01,-2.167862496233250724e-01
7.916666666666666297e-01,4.344903455412574278e-01
8.125000000000000000e-01,2.999436006214308836e-01
8.333333333333332593e-01,-3.538905036582645214e-01
8.541666666666666297e-01,-2.259985666957571859e-01
8.750000000000000000e-01,3.339826347977474796e-01
8.958333333333332593e-01,1.410971988424201407e-01
9.166666666666666297e-01,-5.047693370704912086e-01
9.375000000000000000e-01,-3.628378661862803889e-01
9.583333333333332593e-01,3.031111938660598915e-01
9.791666666666666297e-01,1.910674974981187990e-01
1.000000000000000000e+00,-4.538765607520305334e-01
1.020833333333333259e+00,-3.083686369638447555e-01
1.041666666666666519e+00,3.392303419060156422e-01
1.062500000000000000e+00,2.097479939735181764e-01
1.083333333333333259e+00,-4.681808461925728304e-01
1.104166666666666519e+00,-3.574728694455803213e-01
1.125000000000000000e+00,2.788087947813272516e-01
1.145833333333333259e+00,1.319515650732354106e-01
1.166666666666666519e+00,-5.612563437807641664e-01
1.187500000000000000e+00,-4.643463411847520428e-01
1.208333333333333259e+00,1.702864114946476271e-01
1.229166666666666519e+00,2.035579699941009180e-01
1.250000000000000000e+00,-2.557540712039161335e-01
1.270833333333333259e+00,-8.236322624895231481e-02
1.291666666666666519e+00,5.420581962937943699e-01
1.312500000000000000e+00,3.691713267187362035e-01
1.333333333333333259e+00,-3.349620298527988815e-01
1.354166666666666519e+00,-2.403310155382281377e-01
1.375000000000000000e+00,3.731579659160276785e-01
1.395833333333333259e+00,2.035367498349874849e-01
1.416666666666666519e+00,-1.200835867161026277e-01
1.437500000000000000e+00,2.131230267948011625e-01
1.458333333333333259e+00,4.101353364861732853e-01
1.479166666666666519e+00,-2.732027486300743491e-02
1.500000000000000000e+00,6.982409897241514951e-02
1.520833333333333259e+00,5.133913232706360796e-01
1.541666666666666519e+00,2.277844306095870575e-01
1.562500000000000000e+00,-4.562979583752519996e-01
1.583333333333333259e+00,-3.579310125043737578e-01
1.604166666666666519e+00,2.550978668854207987e-01
1.625000000000000000e+00,1.143193833953820016e-01
1.645833333333333259e+00,-2.142385063906436793e-01
1.666666666666666519e+00,1.056914625491601895e-01
1.687500000000000000e+00,3.124000075207440386e-01
1.708333333333333259e+00,-1.389198235861238973e-01
1.729166666666666519e+00,-4.575506087347799844e-02
1.750000000000000000e+00,4.266510445375594207e-01
1.770833333333333259e+00,1.609363836904853517e-01
1.791666666666666519e+00,-5.306368241940344621e-01
1.812500000000000000e+00,-4.359141842903155872e-01
1.833333333333333259e+00,1.699812308648424031e-01
1.854166666666666519e+00,3.161413490272704796e-02
1.875000000000000000e+00,-2.834592902742584242e-01
1.895833333333333259e+00,4.023807501602466585e-02
1.916666666666666519e+00,2.599812342894647355e-01
1.937500000000000000e+00,-1.669367145735226599e-01
1.958333333333333259e+00,-5.618294618918476951e-02
1.979166666666666519e+00,3.495830339330083802e-01
2.000000000000000000e+00,5.264226030300431236e-02
2.020833333333333037e+00,-5.155173958719203586e-01
2.041666666666666519e+00,-3.237238084063495114e-01
2.062500000000000000e+00,3.096385021750711619e-01
2.083333333333333037e+00,1.902832033649274890e-01
2.104166666666666519e+00,-4.737365313366599939e-01
2.125000000000000000e+00,-3.391453742964420370e-01
2.145833333333333037e+00,3.046910435833477537e-01
2.166666666666666519e+00,1.809776170732350642e-01
2.187500000000000000e+00,-4.250835889831570125e-01
2.208333333333333037e+00,-2.487924211164115329e-01
2.229166666666666519e+00,3.942572384382355133e-01
2.250000000000000000e+00,2.678783028687830581e-01
2.270833333333333037e+00,-3.944974476581989409e-01
2.291666666666666519e+00,-2.535648013414007473e-01
2.312500000000000000e+00,3.889472670773480578e-01
2.333333333333333037e+00,2.599323900532550247e-01
2.354166666666666519e+00,-2.978293241346318676e-01
2.375000000000000000e+00,-8.534796406513406319e-02
2.395833333333333037e+00,5.565554940549412022e-01
2.416666666666666519e+00,4.256779226373872405e-01
2.437500000000000000e+00,-2.312941380144769576e-01
2.458333333333333037e+00,-8.513070252471902077e-02
2.479166666666666519e+00,5.569599009545646018e-01
2.500000000000000000e+00,4.303156394801196383e-01
2.520833333333333037e+00,-2.331947514113244524e-01
2.541666666666666519e+00,-1.053356529397177499e-01
2.562500000000000000e+00,3.470258697509112089e-01
2.583333333333333037e+00,1.052458757925646693e-01
2.604166666666666519e+00,-5.599146029866505225e-01
2.625000000000000000e+00,-4.330897404523889604e-01
2.645833333333333037e+00,2.159946623002820532e-01
2.666666666666666519e+00,1.085372295795475062e-01
2.687500000000000000e+00,-5.578292820610528668e-01
2.708333333333333037e+00,-4.371002313756859881e-01
2.729166666666666519e+00,2.218406073954371782e-01
2.750000000000000000e+00,1.221369098136731446e-01
2.770833333333333037e+00,-4.877463179897851830e-01
2.791666666666666519e+00,-3.221940230243818815e-01
2.812500000000000000e+00,3.222679005176546374e-01
2.833333333333333037e+00,1.995368948015351640e-01
2.854166666666666519e+00,-3.925442162565877524e-01
2.875000000000000000e+00,-2.024777476094834494e-01
2.895833333333333037e+00,4.394496462745631771e-01
2.916666666666666519e+00,3.042106910814107446e-01
2.937500000000000000e+00,-3.466532186844446528e-01
2.958333333333333037e+00,-1.887323254271916217e-01
2.979166666666666519e+00,4.520804197973773420e-01
3.000000000000000000e+00,3.158448441584625344e-01
3.020833333333333037e+00,-3.452019788609623774e-01
3.041666666666666519e+00,-2.091948333497460344e-01
3.062500000000000000e+00,4.263142207804312411e-01
3.083333333333333037e+00,2.971768711461709178e-01
3.104166666666666519e+00,-3.652952578460157973e-01
3.125000000000000000e+00,-2.256856334832051392e-01
3.145833333333333037e+00,4.175938565617645093e-01
3.166666666666666519e+00,2.940591171913394808e-01
3.187500000000000000e+00,-3.476145724141749271e-01
3.208333333333333037e+00,-1.993600690458930125e-01
3.229166666666666519e+00,4.448663073941258594e-01
3.250000000000000000e+00,3.272941644096288849e-01
3.270833333333333037e+00,-3.377075993126454345e-01
3.291666666666666519e+00,-2.104350420671104172e-01
3.312500000000000000e+00,4.506532332878036562e-01
3.333333333333333037e+00,3.465382044133578643e-01
3.354166666666666519e+00,-3.079389759645411173e-01
3.375000000000000000e+00,-1.665801217614412688e-01
3.395833333333333037e+00,4.769192196826680386e-01
3.416666666666666519e+00,3.533493253290114766e-01
3.437500000000000000e+00,-3.097866100203058304e-01
3.458333333333333037e+00,-1.715531397362526633e-01
3.479166666666666519e+00,4.712520944312892368e-01
3.500000000000000000e+00,3.451221937444362009e-01
3.520833333333333037e+00,-3.172831127078452051e-01
3.541666666666666519e+00,-1.822404777778286467e-01
3.562500000000000000e+00,1.514984012168602567e-01
3.583333333333333037e+00,-1.789026043448702086e-01
3.604166666666666519e+00,-5.042369152136738641e-01
3.625000000000000000e+00,-1.384784748235274032e-01
3.645833333333333037e+00,8.561086172944480654e-02
3.666666666666666519e+00,-3.197720649204526810e-01
3.687500000000000000e+00,-1.981059616641876464e-01
3.708333333333333037e+00,2.472441820267786416e-01
3.729166666666666519e+00,-2.127760211297478887e-02
3.750000000000000000e+00,-6.401782916532807732e-01
3.770833333333333037e+00,-5.072080016422113591e-01
3.791666666666666519e+00,1.569102616533177841e-01
3.812500000000000000e+00,1.500776210723497872e-02
3.833333333333333037e+00,-2.890709317325057537e-01
3.854166666666666519e+00,6.723144087574467465e-02
3.875000000000000000e+00,3.462346278821936685e-01
3.895833333333333037e+00,-5.681615671151607483e-02
3.916666666666666519e+00,-3.245123366943253318e-02
3.937500000000000000e+00,4.365435438930239664e-01
3.958333333333333037e+00,2.509618156112479737e-01
3.979166666666666519e+00,-4.143647453617558263e-01
4.000000000000000000e+00,-2.885671624984580408e-01
4.020833333333333037e+00,3.660285666676676986e-01
4.041666666666666075e+00,2.581705970659383120e-01
4.062500000000000000e+00,-4.060140687892591638e-01
4.083333333333333037e+00,-2.802524642744151917e-01
4.104166666666666075e+00,3.576189551432427671e-01
4.125000000000000000e+00,2.308634136749256882e-01
4.145833333333333037e+00,-2.384129335196373267e-01
4.166666666666666075e+00,3.647845291487658570e-02
4.187500000000000000e+00,6.771609068640539464e-01
4.208333333333333037e+00,5.332509415001438491e-01
4.229166666666666075e+00,-1.118219507724787787e-01
4.250000000000000000e+00,5.446587402180835813e-02
4.270833333333333037e+00,2.752410996391495002e-01
4.291666666666666075e+00,-1.401529280698292357e-01
4.312500000000000000e+00,-8.965067261386455710e-02
4.333333333333333037e+00,3.315449211615898450e-01
4.354166666666666075e+00,5.354279067661865676e-02
4.375000000000000000e+00,-5.968503683722073960e-01
4.395833333333333037e+00,-4.698027664371808854e-01
4.416666666666666075e+00,1.957053789279192269e-01
4.437500000000000000e+00,5.427270955795534396e-02
4.458333333333333037e+00,-3.837053639810552585e-01
4.479166666666666075e+00,-1.252622868981581872e-01
4.500000000000000000e+00,5.141543011748358483e-01
4.520833333333333037e+00,3.760309532773474794e-01
4.541666666666666075e+00,-2.536228371172518647e-01
4.562500000000000000e+00,-1.343895948622426950e-01
4.583333333333333037e+00,3.376572900978118685e-01
4.604166666666666075e+00,7.919109934200946332e-02
4.625000000000000000e+00,-5.592612171789491660e-01
4.645833333333333037e+00,-4.390253614263184834e-01
4.666666666666666075e+00,2.122889241097082602e-01
4.687500000000000000e+00,8.549586448462412336e-02
4.708333333333333037e+00,-4.658019918736110432e-01
4.729166666666666075e+00,-2.935407244880612887e-01
4.750000000000000000e+00,3.599913921963846519e-01
4.770833333333333037e+00,2.183070970459635995e-01
4.791666666666666075e+00,-4.262298093711490710e-01
4.812500000000000000e+00,-3.048847770060871820e-01
4.833333333333333037e+00,3.533498161500665535e-01
4.854166666666666075e+00,2.181356298555102713e-01
4.875000000000000000e+00,-3.098995741678115534e-01
4.895833333333333037e+00,-1.136315332832260605e-01
4.916666666666666075e+00,5.442841756205156756e-01
4.937500000000000000e+00,4.111597123663540687e-01
4.958333333333333037e+00,-2.291270799075564302e-01
4.979166666666666075e+00,-1.078112399858694587e-01
5.000000000000000000e+00,5.532604831346308316e-01
5.020833333333333037e+00,4.112367030924807265e-01
5.041666666666666075e+00,-2.376942253927791515e-01
5.062500000000000000e+00,-1.161316885154216327e-01
5.083333333333333037e+00,5.174370412088714621e-01
5.104166666666666075e+00,3.792138937601479132e-01
5.125000000000000000e+00,-2.554925127640600979e-01
5.145833333333333037e+00,-1.585397281066910913e-01
5.166666666666666075e+00,1.991077084896674676e-01
5.187500000000000000e+00,-8.973943731123829037e-02
5.208333333333333037e+00,-5.454565022757460468e-01
5.229166666666666075e+00,-2.618564955150625151e-01
5.250000000000000000e+00,4.450545742584124942e-01
5.270833333333333037e+00,3.470469303122432070e-01
5.291666666666666075e+00,-2.792485250447428458e-01
5.312500000000000000e+00,-3.782303661053739718e-01
5.333333333333333037e+00,1.506472840563244375e-01
5.354166666666666075e+00,5.589252911663281087e-02
5.375000000000000000e+00,-5.659075212657096454e-01
5.395833333333333037e+00,-3.935989248853085654e-01
5.416666666666666075e+00,3.050787208009958507e-01
5.437500000000000000e+00,2.102452590370267049e-01
5.458333333333333037e+00,-3.990182185699139294e-01
5.479166666666666075e+00,-2.413961586855769004e-01
5.500000000000000000e+00,3.153643619308283963e-01
5.520833333333333037e+00,1.432775071910055431e-01
5.541666666666666075e+00,-4.598084946040705834e-01
5.562500000000000000e+00,-2.908686582256420072e-01
5.583333333333333037e+00,3.959928891180498622e-01
5.604166666666666075e+00,3.030095047891330218e-01
5.625000000000000000e+00,-3.013120611384842440e-01
5.645833333333333037e+00,-1.330944359034208491e-01
5.666666666666666075e+00,2.612303741046562156e-01
5.687500000000000000e+00,-2.338870181878728582e-02
5.708333333333333037e+00,-4.459413064283013206e-01
5.729166666666666075e+00,-1.565590781967713951e-01
5.750000000000000000e+00,5.317288691690877922e-01
5.770833333333333037e+00,4.377748357943146429e-01
5.791666666666666075e+00,-1.703861022151381688e-01
5.812500000000000000e+00,-1.908638432110321137e-01
5.833333333333333037e+00,3.113931716055770571e-01
5.854166666666666075e+00,1.779444320797461399e-01
5.875000000000000000e+00,-4.276089043311970261e-01
5.895833333333333037e+00,-2.596565585892878225e-01
5.916666666666666075e+00,4.064643396159237643e-01
5.937500000000000000e+00,3.010744091978801995e-01
5.958333333333333037e+00,-3.354678350809174869e-01
5.979166666666666075e+00,-1.813941788750536577e-01
6.000000000000000000e+00,4.624712111815652005e-01
6.020833333333333037e+00,3.324600615311610330e-01
6.041666666666666075e+00,-3.387296122998832426e-01
6.062500000000000000e+00,-1.956947005801802086e-01
6.083333333333333037e+00,3.905307736794574325e-01
6.104166666666666075e+00,2.204156233178056756e-01
6.125000000000000000e+00,-4.484402358464412153e-01
6.145833333333333037e+00,-3.054764931764145652e-01
6.166666666666666075e+00,3.472956489973347272e-01
6.187500000000000000e+00,2.251645699446940263e-01
6.208333333333333037e+00,-4.343911192685650513e-01
6.229166666666666075e+00,-3.148165478037850407e-01
6.250000000000000000e+00,3.157468738359829885e-01
6.270833333333333037e+00,1.705528351417640309e-01
6.291666666666666075e+00,-5.066317469919834338e-01
6.312500000000000000e+00,-4.133544945796307490e-01
6.333333333333333037e+00,2.137372363912740103e-01
6.354166666666666075e+00,5.020174629144158462e-02
6.375000000000000000e+00,-2.443729751467070277e-01
6.395833333333333037e+00,1.169832828191661456e-01
6.416666666666666075e+00,3.167264003586401366e-01
6.437500000000000000e+00,-1.265778094842595347e-01
6.458333333333333037e+00,-3.544312966842960710e-02
6.479166666666666075e+00,5.776251429622236699e-01
6.500000000000000000e+00,3.980771448216331443e-01
6.520833333333333037e+00,-2.923017690657923051e-01
6.541666666666666075e+00,-1.832078881328833564e-01
6.562500000000000000e+00,4.371917932065464973e-01
6.583333333333333037e+00,2.594884559174585048e-01
6.604166666666666075e+00,-4.321088207962346384e-01
6.625000000000000000e+00,-3.465488176910684337e-01
6.645833333333333037e+00,2.734555776761855572e-01
6.666666666666666075e+00,1.250625505823277084e-01
6.687500000000000000e+00,-3.840292788259203061e-01
6.708333333333333037e+00,-1.851192722691220316e-01
6.729166666666666075e+00,4.300193855529569897e-01
6.750000000000000000e+00,2.588404234180805563e-01
6.770833333333333037e+00,-4.327790701568242082e-01
6.791666666666666075e+00,-3.317923503564657040e-01
6.812500000000000000e+00,2.877930533863362061e-01
6.833333333333333037e+00,1.118317315447460158e-01
6.854166666666666075e+00,-1.835555370268580067e-01
6.875000000000000000e+00,1.683787389061645878e-01
6.895833333333333037e+00,2.952796065617234733e-01
6.916666666666666075e+00,-1.886479735710946404e-01
6.937500000000000000e+00,-9.135061341562325521e-02
6.958333333333333037e+00,5.137266769591508631e-01
6.979166666666666075e+00,3.443984663638550714e-01
7.000000000000000000e+00,-3.417070580394413470e-01
7.020833333333333037e+00,-2.483688497195556122e-01
7.041666666666666075e+00,3.541227429876336319e-01
7.062500000000000000e+00,2.010338737688362465e-01
7.083333333333333037e+00,-4.742112540622446248e-01
7.104166666666666075e+00,-3.828693719169231624e-01
7.125000000000000000e+00,2.228667760015081434e-01
7.145833333333333037e+00,5.357969384998920170e-02
7.166666666666666075e+00,-3.199080232691189352e-01
7.187500000000000000e+00,-1.473224463506669565e-02
7.208333333333333037e+00,4.103737065338592394e-01
7.229166666666666075e+00,1.171848133258719116e-01
7.250000000000000000e+00,-4.935866174526646333e-01
7.270833333333333037e+00,-3.448707258786422036e-01
7.291666666666666075e+00,2.705731303820199107e-01
7.312500000000000000e+00,9.863434747402272107e-02
7.333333333333333037e+00,-3.063651020291521254e-01
7.354166666666666075e+00,-1.033765550545832912e-02
7.375000000000000000e+00,5.297067651182155723e-01
7.395833333333333037e+00,2.981759145415087686e-01
7.416666666666666075e+00,-4.168049869478388514e-01
7.437500000000000000e+00,-3.205541039832577876e-01
7.458333333333333037e+00,3.099293073531015352e-01
7.479166666666666075e+00,1.360091265271985705e-01
7.500000000000000000e+00,-4.356829930907472059e-01
7.520833333333333037e+00,-2.452120575339079567e-01
7.541666666666666075e+00,3.799631113542660810e-01
7.562500000000000000e+00,2.074327422443725810e-01
7.583333333333333037e+00,-4.544515315617403406e-01
7.604166666666666075e+00,-3.324047853116993689e-01
7.625000000000000000e+00,2.793396873024817095e-01
7.645833333333333037e+00,2.274557446912295611e-01
7.666666666666666075e+00,-1.699803793761724691e-01
7.687500000000000000e+00,6.054724559540258788e-02
7.708333333333333037e+00,5.947356167270171357e-01
7.729166666666666075e+00,3.796539045236650423e-01
7.750000000000000000e+00,-2.536928633905713992e-01
7.770833333333333037e+00,-1.352081482527252576e-01
7.791666666666666075e+00,5.103039366688135736e-01
7.812500000000000000e+00,3.815052571911475288e-01
7.833333333333333037e+00,-2.443136366756542555e-01
7.854166666666666075e+00,-1.265526422744089885e-01
7.875000000000000000e+00,2.573694597020075858e-01
7.895833333333333037e+00,-5.588982926704716414e-02
7.916666666666666075e+00,-5.327572253334682539e-01
7.937500000000000000e+00,-3.094077481198918012e-01
7.958333333333333037e+00,3.286795809822277148e-01
7.979166666666666075e+00,1.950297417828623647e-01
8.000000000000000000e+00,-4.350625808366383462e-01
8.020833333333332149e+00,-3.142531973014998092e-01
8.041666666666666075e+00,3.462213314676296227e-01
8.062500000000000000e+00,2.040112596000362710e-01
8.083333333333332149e+00,-4.509055436506387293e-01
8.104166666666666075e+00,-3.268875146607593818e-01
8.125000000000000000e+00,3.474705405576473671e-01
8.145833333333332149e+00,2.030425701321595389e-01
8.166666666666666075e+00,-4.609651750403231940e-01
8.187500000000000000e+00,-3.356179226228915846e-01
8.208333333333332149e+00,3.432048277906327716e-01
8.229166666666666075e+00,1.984634911232918686e-01
8.250000000000000000e+00,-4.653939375684241764e-01
8.270833333333332149e+00,-3.405682993925767121e-01
8.291666666666666075e+00,3.333473665934300056e-01
8.312500000000000000e+00,1.900925549477509024e-01
8.333333333333332149e+00,-4.644219316868975489e-01
8.354166666666666075e+00,-3.419327145764471387e-01
8.375000000000000000e+00,3.176504154265401558e-01
8.395833333333332149e+00,1.964937327405839040e-01
8.416666666666666075e+00,-4.308520495923896521e-01
8.437500000000000000e+00,-3.090610929454244982e-01
8.458333333333332149e+00,3.469543936633732173e-01
8.479166666666666075e+00,2.066209099226863077e-01
8.500000000000000000e+00,-2.988079171716052640e-01
8.520833333333332149e+00,-8.700756101715495516e-02
8.541666666666666075e+00,5.661424074855219146e-01
8.562500000000000000e+00,4.261232782800757346e-01
8.583333333333332149e+00,-2.105116102784718446e-01
8.604166666666666075e+00,-9.193347784216415741e-02
8.625000000000000000e+00,5.319661745425360300e-01
8.645833333333332149e+00,3.814384567799513626e-01
8.666666666666666075e+00,-2.516096350673544535e-01
8.687500000000000000e+00,-1.323108465213071461e-01
8.708333333333332149e+00,5.196724561286473199e-01
8.729166666666666075e+00,3.792849821810755917e-01
8.750000000000000000e+00,-2.633036949720181097e-01
8.770833333333332149e+00,-1.426661500285326123e-01
8.791666666666666075e+00,4.519778373153281459e-01
8.812500000000000000e+00,2.705035656455165305e-01
8.833333333333332149e+00,-3.717315033438060023e-01
8.854166666666666075e+00,-2.513266539139983879e-01
8.875000000000000000e+00,3.593913460254664072e-01
8.895833333333332149e+00,2.043872300568951861e-01
8.916666666666666075e+00,-4.293353471752969219e-01
8.937500000000000000e+00,-2.973411490433532922e-01
8.958333333333332149e+00,2.732582534509900296e-01
8.979166666666666075e+00,6.445454824610780120e-02
9.000000000000000000e+00,-5.857402363633652520e-01
9.020833333333332149e+00,-4.632424078982876336e-01
9.041666666666666075e+00,1.961364265658366857e-01
9.062500000000000000e+00,7.232108012672766595e-02
9.083333333333332149e+00,-5.636190706297108388e-01
9.104166666666666075e+00,-4.237711506704873177e-01
9.125000000000000000e+00,2.556646923526458837e-01
9.145833333333332149e+00,1.309442905734367890e-01
9.166666666666666075e+00,-5.107995607423394535e-01
9.187500000000000000e+00,-3.823047477313400999e-01
9.208333333333332149e+00,2.894284914250548346e-01
9.229166666666666075e+00,1.440661891699838715e-01
9.250000000000000000e+00,-3.080262666440004016e-01
9.270833333333332149e+00,-4.697895052072753597e-02
9.291666666666666075e+00,6.227898395813538102e-01
9.312500000000000000e+00,4.796717486974422795e-01
9.333333333333332149e+00,-1.736607024172630576e-01
9.354166666666666075e+00,-5.169149886893870116e-02
9.375000000000000000e+00,6.081728590359795072e-01
9.395833333333332149e+00,4.897542583445795294e-01
9.416666666666666075e+00,-1.390937309855045656e-01
9.437500000000000000e+00,-1.073476839076853151e-01
9.458333333333332149e+00,3.242505791140499749e-01
9.479166666666666075e+00,1.154831323506381735e-01
9.500000000000000000e+00,-5.066236103459218487e-01
9.520833333333332149e+00,-3.401295199818742399e-01
9.541666666666666075e+00,3.560258433890256535e-01
9.562500000000000000e+00,2.636422949956491180e-01
9.583333333333332149e+00,-3.423242935714544966e-01
9.604166666666666075e+00,-1.876836149491196704e-01
9.625000000000000000e+00,4.644324894857289054e-01
9.645833333333332149e+00,3.572510199132700182e-01
9.666666666666666075e+00,-2.459429340686633547e-01
9.687500000000000000e+00,-2.576872789889528836e-01
9.708333333333332149e+00,2.059850899734523011e-01
9.729166666666666075e+00,4.518491773632971054e-02
9.750000000000000000e+00,-5.605890437095724099e-01
9.770833333333332149e+00,-3.926138284547809887e-01
9.791666666666666075e+00,2.784769934572721706e-01
9.812500000000000000e+00,1.764327797269043541e-01
9.833333333333332149e+00,-4.430277437747415781e-01
9.854166666666666075e+00,-2.788616614785000003e-01
9.875000000000000000e+00,4.199033556154384561e-01
9.895833333333332149e+00,3.261421842290114781e-01
9.916666666666666075e+00,-2.890515962918103199e-01
9.937500000000000000e+00,-1.178912266633132255e-01
9.958333333333332149e+00,2.491804274576993605e-01
9.979166666666666075e+00,-6.455232919730077845e-02
1.000000000000000000e+01,-4.160336664309773336e-01
1.002083333333333215e+01,-7.432149622629879993e-02
1.004166666666666607e+01,2.977243000741304768e-01
1.006250000000000000e+01,-7.146581662504314369e-03
1.008333333333333215e+01,-3.920545610713225826e-01
1.010416666666666607e+01,-6.795822327894146531e-02
1.012500000000000000e+01,4.258048424809439680e-01
1.014583333333333215e+01,1.973417612488670980e-01
1.016666666666666607e+01,-4.708222167779045897e-01
1.018750000000000000e+01,-3.279425210313474670e-01
1.020833333333333215e+01,3.242847055887054797e-01
1.022916666666666607e+01,2.022259367854092882e-01
1.025000000000000000e+01,-4.450684852348299470e-01
1.027083333333333215e+01,-3.195825174382151967e-01
1.029166666666666607e+01,3.098189107498922068e-01
1.031250000000000000e+01,2.266381677430407138e-01
1.033333333333333215e+01,-1.592607594050859110e-01
1.035416666666666607e+01,9.951348697635850615e-02
1.037500000000000000e+01,6.132010208345073377e-01
1.039583333333333215e+01,3.783604384327513004e-01
1.041666666666666607e+01,-3.169300725656585271e-01
1.043750000000000000e+01,-2.243030055610094331e-01
1.045833333333333215e+01,3.841862324118081595e-01
1.047916666666666607e+01,2.148549810794857517e-01
1.050000000000000000e+01,-3.077015979399341239e-01
1.052083333333333215e+01,-1.056145166834819848e-01
1.054166666666666607e+01,5.335273212355265970e-01
1.056250000000000000e+01,3.815356757432700197e-01
1.058333333333333215e+01,-2.715584904614892769e-01
1.060416666666666607e+01,-1.552423174636070879e-01
1.062500000000000000e+01,5.080222977225984371e-01
1.064583333333333215e+01,3.653996719924204606e-01
1.066666666666666607e+01,-2.863515180224446843e-01
1.068750000000000000e+01,-1.638815636342293991e-01
1.070833333333333215e+01,3.624514926402765957e-01
1.072916666666666607e+01,1.283416953859106147e-01
1.075000000000000000e+01,-5.231389888875752625e-01
1.077083333333333215e+01,-4.039261685910388033e-01
1.079166666666666607e+01,2.543549605653647738e-01
1.081250000000000000e+01,1.369940994306353688e-01
1.083333333333333215e+01,-4.910431542835030361e-01
1.085416666666666607e+01,-3.435836465800694572e-01
1.087500000000000000e+01,3.341761168532855764e-01
1.089583333333333215e+01,2.417272632835628099e-01
1.091666666666666607e+01,-3.731396655203794710e-01
1.093750000000000000e+01,-2.029026420853435320e-01
1.095833333333333215e+01,2.449939349379421649e-01
1.097916666666666607e+01,-1.792884061464604384e-02
1.100000000000000000e+01,-6.358292148778010855e-01
1.102083333333333215e+01,-4.635480823544340101e-01
1.104166666666666607e+01,2.389407917171487705e-01
1.106250000000000000e+01,1.450959316981983160e-01
1.108333333333333215e+01,-4.693726389809210753e-01
1.110416666666666607e+01,-2.987697847721021982e-01
1.112500000000000000e+01,3.844145257470869548e-01
1.114583333333333215e+01,2.858375517396319898e-01
1.116666666666666607e+01,-3.199209585506825326e-01
1.118750000000000000e+01,-1.516235009688211011e-01
1.120833333333333215e+01,5.200980949265585629e-01
1.122916666666666607e+01,4.199606330446671310e-01
1.125000000000000000e+01,-1.839360802253272587e-01
1.127083333333333215e+01,-1.524374912223237788e-02
1.129166666666666607e+01,4.229025705159332738e-01
1.131250000000000000e+01,1.618544821601739792e-01
1.133333333333333215e+01,-4.471102630090235119e-01
1.135416666666666607e+01,-2.771471529402245171e-01
1.137500000000000000e+01,4.152292982637283414e-01
1.139583333333333215e+01,3.223272717947988086e-01
1.141666666666666607e+01,-2.841266196495977336e-01
1.143750000000000000e+01,-1.187754586119308675e-01
1.145833333333333215e+01,5.182564730394709773e-01
1.147916666666666607e+01,3.952058893799590411e-01
1.150000000000000000e+01,-2.333513082156858098e-01
1.152083333333333215e+01,-1.283775087750329003e-01
1.154166666666666607e+01,2.052572612481694536e-01
1.156250000000000000e+01,-1.029292260116184687e-01
1.158333333333333215e+01,-4.387577871363769200e-01
1.160416666666666607e+01,-7.831792648208230068e-02
1.162500000000000000e+01,1.992926493390087261e-01
1.164583333333333215e+01,-1.688715872011112284e-01
1.166666666666666607e+01,-2.193387230181034486e-01
1.168750000000000000e+01,3.093669399162977118e-01
1.170833333333333215e+01,1.584014214713487245e-01
1.172916666666666607e+01,-4.983231433742018046e-01
1.175000000000000000e+01,-3.856091585238853314e-01
1.177083333333333215e+01,2.782076167100339115e-01
1.179166666666666607e+01,1.485450652983835718e-01
1.181250000000000000e+01,-4.909145684310564084e-01
1.183333333333333215e+01,-3.672984340163066852e-01
1.185416666666666607e+01,2.950480374144275886e-01
1.187500000000000000e+01,1.561103488972614417e-01
1.189583333333333215e+01,-3.078110441358798965e-01
1.191666666666666607e+01,-6.292725953940414563e-02
1.193750000000000000e+01,5.994507935819273214e-01
1.195833333333333215e+01,4.594620875680239802e-01
1.197916666666666607e+01,-1.837289074216980622e-01
1.200000000000000000e+01,-5.764648996610338000e-02
1.202083333333333215e+01,5.463316195900050909e-01
1.204166666666666607e+01,3.711610398429915358e-01
1.206250000000000000e+01,-2.695939399256390701e-01
1.208333333333333215e+01,-1.437272389189337418e-01
1.210416666666666607e+01,4.213718605008889284e-01
1.212500000000000000e+01,2.174397655727348666e-01
1.214583333333333215e+01,-4.256105063262792254e-01
1.216666666666666607e+01,-3.000797564818700192e-01
1.218750000000000000e+01,3.628000904617169065e-01
1.220833333333333215e+01,2.284005144672532905e-01
1.222916666666666607e+01,-4.125622656412280542e-01
1.225000000000000000e+01,-2.885980063252555627e-01
1.227083333333333215e+01,3.746674163761674059e-01
1.229166666666666607e+01,2.383416786788953023e-01
1.231250000000000000e+01,-4.051461151981151643e-01
1.233333333333333215e+01,-2.824391276523435801e-01
1.235416666666666607e+01,2.748651781553673179e-01
1.237500000000000000e+01,7.023921634660151847e-02
1.239583333333333215e+01,-5.728438697854567607e-01
1.241666666666666607e+01,-4.519247349154636995e-01
1.243750000000000000e+01,2.124851301996998343e-01
1.245833333333333215e+01,8.464694104223149940e-02
1.247916666666666607e+01,-5.567761213582068658e-01
1.250000000000000000e+01,-4.389314912227560983e-01
1.252083333333333215e+01,2.262911875400967499e-01
1.254166666666666607e+01,9.679718770980944020e-02
1.256250000000000000e+01,-3.327607111661182171e-01
1.258333333333333215e+01,-7.439498066810185106e-02
1.260416666666666607e+01,5.909043488757633744e-01
1.262500000000000000e+01,4.640942881865424696e-01
1.264583333333333215e+01,-1.867074180195348876e-01
1.266666666666666607e+01,-7.799741018297781658e-02
1.268750000000000000e+01,5.872403144631996863e-01
1.270833333333333215e+01,4.597670446338501526e-01
1.272916666666666607e+01,-1.856222515190830147e-01
1.275000000000000000e+01,-8.170972693689418365e-02
1.277083333333333215e+01,3.301148062768040625e-01
1.279166666666666607e+01,3.671317703372861674e-02
1.281250000000000000e+01,-5.343385998731642328e-01
1.283333333333333215e+01,-3.658605950991873357e-01
1.285416666666666607e+01,2.975601385992883152e-01
1.287500000000000000e+01,1.678432787964504458e-01
1.289583333333333215e+01,-4.688763552261024925e-01
1.291666666666666607e+01,-3.386385207555273058e-01
1.293750000000000000e+01,3.229298259290708795e-01
1.295833333333333215e+01,1.736604577859441889e-01
1.297916666666666607e+01,-3.689277587337248532e-01
1.300000000000000000e+01,-1.608743593097243518e-01
1.302083333333333215e+01,4.876147076007812942e-01
1.304166666666666607e+01,3.213030724046967990e-01
1.306250000000000000e+01,-3.185811998808649181e-01
1.308333333333333215e+01,-1.768680286190240092e-01
1.310416666666666607e+01,4.826761563681705169e-01
1.312500000000000000e+01,3.310570988865475517e-01
1.314583333333333215e+01,-3.102246576797286215e-01
1.316666666666666607e+01,-1.763475268020574527e-01
1.318750000000000000e+01,4.849771920343245446e-01
1.320833333333333215e+01,3.417541625567486197e-01
1.322916666666666607e+01,-3.009649208602070969e-01
1.325000000000000000e+01,-1.752586975882574616e-01
1.327083333333333215e+01,4.878439158040979162e-01
1.329166666666666607e+01,3.605144233838510348e-01
1.331250000000000000e+01,-2.798465678284938196e-01
1.333333333333333215e+01,-1.639859389049585225e-01
1.335416666666666607e+01,2.664801880412126511e-01
1.337500000000000000e+01,-1.346918960611565019e-02
1.339583333333333215e+01,-6.753772771800093944e-01
1.341666666666666607e+01,-5.734993507164442006e-01
1.343750000000000000e+01,7.583114969342155676e-02
1.345833333333333215e+01,5.610544846997500557e-02
1.347916666666666607e+01,-3.597245765324693645e-01
1.350000000000000000e+01,-1.416199084518148243e-01
1.352083333333333215e+01,5.228110973333206513e-01
1.354166666666666607e+01,3.861740228768830163e-01
1.356250000000000000e+01,-2.572984582644767260e-01
1.358333333333333215e+01,-1.308788130379806014e-01
1.360416666666666607e+01,3.878588854677308406e-01
1.362500000000000000e+01,1.489495891447697451e-01
1.364583333333333215e+01,-4.928844317432834465e-01
1.366666666666666607e+01,-3.596236557910755249e-01
1.368750000000000000e+01,3.010850941709121154e-01
1.370833333333333215e+01,1.515082042934657591e-01
1.372916666666666607e+01,-4.890434556231731400e-01
1.375000000000000000e+01,-3.501564955128507739e-01
1.377083333333333215e+01,2.953761920131965923e-01
1.379166666666666607e+01,1.453119437118191304e-01
1.381250000000000000e+01,-3.636429302049024592e-01
1.383333333333333215e+01,-1.506339184443237778e-01
1.385416666666666607e+01,5.120015699381659235e-01
1.387500000000000000e+01,3.755971797077755081e-01
1.389583333333333215e+01,-2.768833034396634973e-01
1.391666666666666607e+01,-1.644605015168035256e-01
1.393750000000000000e+01,5.003679704654624416e-01
1.395833333333333215e+01,3.703978818604906076e-01
1.397916666666666607e+01,-2.746079582916893802e-01
1.400000000000000000e+01,-1.587218091233073280e-01
1.402083333333333215e+01,5.058891812973059787e-01
1.404166666666666607e+01,3.772206606980214039e-01
1.406250000000000000e+01,-2.679022452881267280e-01
1.408333333333333215e+01,-1.533722820002211829e-01
1.410416666666666607e+01,3.821065113947426095e-01
1.412500000000000000e+01,1.693141520411536316e-01
1.414583333333333215e+01,-4.839419542185851020e-01
1.416666666666666607e+01,-3.750100233557233098e-01
1.418750000000000000e+01,2.896154944452821178e-01
1.420833333333333215e+01,1.572731274657930556e-01
1.422916666666666607e+01,-4.864920507278620021e-01
1.425000000000000000e+01,-3.619687536585488585e-01
1.427083333333333215e+01,3.002793907812056351e-01
1.429166666666666607e+01,1.646594783362034520e-01
1.431250000000000000e+01,-4.719474798875197830e-01
1.433333333333333215e+01,-3.375200801455370825e-01
1.435416666666666607e+01,3.155502481332488340e-01
1.437500000000000000e+01,1.591435487814753802e-01
1.439583333333333215e+01,-4.814708397984118760e-01
1.441666666666666607e+01,-3.441711110510693450e-01
1.443750000000000000e+01,3.161891934295983919e-01
1.445833333333333215e+01,1.667333647166382993e-01
1.447916666666666607e+01,-3.769793174788927947e-01
1.450000000000000000e+01,-1.777637028874874403e-01
1.452083333333333215e+01,4.830158555570424062e-01
1.454166666666666607e+01,3.364542693461603506e-01
1.456250000000000000e+01,-3.053706716142765565e-01
1.458333333333333215e+01,-1.744278437022300510e-01
1.460416666666666607e+01,4.871844381365522114e-01
1.462500000000000000e+01,3.502229682683700718e-01
1.464583333333333215e+01,-2.887866915911129206e-01
1.466666666666666607e+01,-1.622031432333360390e-01
1.468750000000000000e+01,5.004174079669652109e-01
1.470833333333333215e+01,3.619592420084579154e-01
1.472916666666666607e+01,-2.816206479619438596e-01
1.475000000000000000e+01,-1.586605983862879321e-01
1.477083333333333215e+01,5.046562301781870596e-01
1.479166666666666607e+01,3.702520243262696908e-01
1.481250000000000000e+01,-2.739505565296083134e-01
1.483333333333333215e+01,-1.549650590161116004e-01
1.485416666666666607e+01,4.446013170929278835e-01
1.487500000000000000e+01,2.726217611654822015e-01
1.489583333333333215e+01,-3.716305019831717682e-01
1.491666666666666607e+01,-2.571677466361901310e-01
1.493750000000000000e+01,3.517034667402356707e-01
1.495833333333333215e+01,1.934403456511608055e-01
1.497916666666666607e+01,-4.498747469669716059e-01
1.500000000000000000e+01,-3.412011600054689064e-01
1.502083333333333215e+01,3.254813264219464375e-01
1.504166666666666607e+01,2.071400919299958010e-01
1.506250000000000000e+01,-4.585596218776961663e-01
1.508333333333333215e+01,-3.632855318298785496e-01
1.510416666666666607e+01,2.413727593632723212e-01
1.512500000000000000e+01,7.169448294095560892e-02
1.514583333333333215e+01,-5.918864398498808743e-01
1.516666666666666607e+01,-4.853190693721295412e-01
1.518750000000000000e+01,1.556807917807062902e-01
1.520833333333333215e+01,1.681636134480746225e-03
1.522916666666666607e+01,-6.741648110111295722e-01
1.525000000000000000e+01,-5.676499432482080554e-01
1.527083333333333215e+01,4.580776296664912373e-02
1.529166666666666607e+01,3.187775058386730920e-01
1.531250000000000000e+01,-6.828624556303841686e-02
1.533333333333333215e+01,3.095617584600535155e-02
1.535416666666666607e+01,4.809637094995454221e-01
1.537500000000000000e+01,1.864286371440289081e-01
1.539583333333333215e+01,-3.720632217653414009e-01
1.541666666666666607e+01,-1.814688582429064279e-01
1.543750000000000000e+01,4.298720852400640391e-01
1.545833333333333215e+01,2.401658579331270027e-01
1.547916666666666607e+01,-2.293581576537970235e-01
1.550000000000000000e+01,3.384104653465563883e-02
1.552083333333333215e+01,6.525686035487922032e-01
1.554166666666666607e+01,4.675737394989942786e-01
1.556250000000000000e+01,-2.238413302053557929e-01
1.558333333333333215e+01,-1.341646247794583968e-01
1.560416666666666607e+01,4.819953558867449139e-01
1.562500000000000000e+01,3.345775097159202627e-01
1.564583333333333215e+01,-3.484886804249233139e-01
1.566666666666666607e+01,-2.517337035397150258e-01
1.568750000000000000e+01,3.741132820591248076e-01
1.570833333333333215e+01,2.177364492859603096e-01
1.572916666666666607e+01,-4.715440653507719793e-01
1.575000000000000000e+01,-3.936883701371844957e-01
1.577083333333333215e+01,2.228795593173644174e-01
1.579166666666666607e+01,2.359579074083787975e-01
1.581250000000000000e+01,-2.790665287846464948e-01
1.583333333333333215e+01,-1.592589536606874023e-01
1.585416666666666607e+01,4.567638759300134965e-01
1.587500000000000000e+01,2.928925831715510908e-01
1.589583333333333215e+01,-4.007884029981085283e-01
1.591666666666666607e+01,-3.210389056886415182e-01
1.593750000000000000e+01,2.950166123819578101e-01
1.595833333333333215e+01,1.336843494893784623e-01
1.597916666666666607e+01,-2.727389179779534656e-01
1.600000000000000000e+01,-1.104034983441186391e-03
1.602083333333333215e+01,5.360238849631665525e-01
1.604166666666666430e+01,3.150784793708064635e-01
1.606250000000000000e+01,-3.775321770039842262e-01
1.608333333333333215e+01,-2.914000538831913456e-01
1.610416666666666430e+01,3.232768260487784984e-01
1.612500000000000000e+01,1.525240799383713042e-01
1.614583333333333215e+01,-5.379332203824819247e-01
1.616666666666666430e+01,-4.471009351430961232e-01
1.618750000000000000e+01,1.668107490446194274e-01
1.620833333333333215e+01,1.478835504182905713e-01
1.622916666666666430e+01,-2.880061604949153420e-01
1.625000000000000000e+01,-9.259340531192720991e-02
1.627083333333333215e+01,5.197239539853973911e-01
1.629166666666666430e+01,3.354961677635038830e-01
1.631250000000000000e+01,-3.539195301716536179e-01
1.633333333333333215e+01,-2.518111668307270734e-01
1.635416666666666430e+01,3.596287786632618722e-01
1.637500000000000000e+01,1.703565489038160186e-01
1.639583333333333215e+01,-5.176722404068635486e-01
1.641666666666666430e+01,-4.082580869022328640e-01
1.643750000000000000e+01,2.038558571883526405e-01
1.645833333333333215e+01,7.259348063823943542e-02
1.647916666666666430e+01,-2.113504790525269350e-01
1.650000000000000000e+01,1.476304272228047276e-01
1.652083333333333215e+01,2.101698611456104260e-01
1.654166666666666430e+01,-3.342326070247886860e-01
1.656250000000000000e+01,-2.325720464646041930e-01
1.658333333333333215e+01,3.809027806666033245e-01
1.660416666666666430e+01,2.225847710517493971e-01
1.662500000000000000e+01,-4.148329714947623925e-01
1.664583333333333215e+01,-2.955429266747277017e-01
1.666666666666666430e+01,3.064417404236294828e-01
1.668750000000000000e+01,1.874543917206871191e-01
1.670833333333333215e+01,-1.643449444595939946e-01
1.672916666666666430e+01,1.264888116953013508e-01
1.675000000000000000e+01,4.505525844080212616e-01
1.677083333333333215e+01,9.952404375526484326e-02
1.679166666666666430e+01,-1.952042306956833229e-01
1.681250000000000000e+01,1.515068192469573582e-01
1.683333333333333215e+01,2.256655977364713239e-01
1.685416666666666430e+01,-2.882886493843470066e-01
1.687500000000000000e+01,-1.819018595591170018e-01
1.689583333333333215e+01,4.312119350068260859e-01
1.691666666666666430e+01,2.512281198052388476e-01
1.693750000000000000e+01,-4.338921815640343627e-01
1.695833333333333215e+01,-3.337494426682952597e-01
1.697916666666666430e+01,2.791044755910537800e-01
1.700000000000000000e+01,9.703250076477243358e-02
1.702083333333333215e+01,-3.394391360847889838e-01
1.704166666666666430e+01,-7.522815463155323179e-02
1.706250000000000000e+01,5.382597261182439086e-01
1.708333333333333215e+01,3.615460797872396270e-01
1.710416666666666430e+01,-3.304820943790319765e-01
1.712500000000000000e+01,-2.418152567773737271e-01
1.714583333333333215e+01,3.732496127177057921e-01
1.716666666666666430e+01,2.036227537651388586e-01
1.718750000000000000e+01,-4.895200936220191479e-01
1.720833333333333215e+01,-4.010140699717187340e-01
1.722916666666666430e+01,2.197075638519589702e-01
1.725000000000000000e+01,5.748164102400294545e-02
1.727083333333333215e+01,-5.115226793028372354e-01
1.729166666666666430e+01,-3.533175508782938623e-01
1.731250000000000000e+01,2.641166735255707776e-01
1.733333333333333215e+01,1.094679252202931108e-01
1.735416666666666430e+01,-3.686494105331540316e-01
1.737500000000000000e+01,-1.567298715863492120e-01
1.739583333333333215e+01,4.721776696483619973e-01
1.741666666666666430e+01,3.329369742385031028e-01
1.743750000000000000e+01,-3.605774317604844015e-01
1.745833333333333215e+01,-2.888524793428020598e-01
1.747916666666666430e+01,3.287534306301844178e-01
1.750000000000000000e+01,1.658620186779599104e-01
1.752083333333333215e+01,-3.072584082852842791e-01
1.754166666666666430e+01,-7.537944397319770728e-02
1.756250000000000000e+01,5.392395867823098765e-01
1.758333333333333215e+01,3.632080759687309479e-01
1.760416666666666430e+01,-3.278331056859749015e-01
1.762500000000000000e+01,-2.305511169252243142e-01
1.764583333333333215e+01,3.819138874953514340e-01
1.766666666666666430e+01,1.943149928734974052e-01
1.768750000000000000e+01,-4.518982781650447422e-01
1.770833333333333215e+01,-3.012550192886349620e-01
1.772916666666666430e+01,3.184034152821480501e-01
1.775000000000000000e+01,1.283921633983695909e-01
1.777083333333333215e+01,-2.151960426015272765e-01
1.779166666666666430e+01,1.131984616923808196e-01
1.781250000000000000e+01,3.807062386086639272e-01
1.783333333333333215e+01,-7.573523645195465170e-03
1.785416666666666430e+01,-9.961310136093794176e-02
1.787500000000000000e+01,3.963949948648060051e-01
1.789583333333333215e+01,2.328951769340894262e-01
1.791666666666666430e+01,-4.565719481890896936e-01
1.793750000000000000e+01,-3.582732847327734227e-01
1.795833333333333215e+01,2.518301028925494789e-01
1.797916666666666430e+01,8.218438322134340168e-02
1.800000000000000000e+01,-3.912421727150680040e-01
1.802083333333333215e+01,-1.550885000207126441e-01
1.804166666666666430e+01,4.504570124369405848e-01
1.806250000000000000e+01,2.820787038613055686e-01
1.808333333333333215e+01,-3.935275394382844460e-01
1.810416666666666430e+01,-2.946707990791666010e-01
1.812500000000000000e+01,3.175382819804627443e-01
1.814583333333333215e+01,1.517926102933101484e-01
1.816666666666666430e+01,-5.424957937081957837e-01
1.818750000000000000e+01,-4.492368959379043902e-01
1.820833333333333215e+01,1.624604014133889385e-01
1.822916666666666430e+01,2.422424637894775579e-01
1.825000000000000000e+01,-2.839152998840693276e-01
1.827083333333333215e+01,-1.894268068953368911e-01
1.829166666666666430e+01,4.196102455597481851e-01
1.831250000000000000e+01,2.554289647533615204e-01
1.833333333333333215e+01,-4.164629617202187384e-01
1.835416666666666430e+01,-3.143797913691559476e-01
1.837500000000000000e+01,3.051131314833165908e-01
1.839583333333333215e+01,2.377477059638409829e-01
1.841666666666666430e+01,-1.887432147919080871e-01
1.843750000000000000e+01,4.358436655887779065e-02
1.845833333333333215e+01,6.594247239507804448e-01
1.847916666666666430e+01,4.877232076881070078e-01
1.850000000000000000e+01,-2.054404615358494113e-01
1.852083333333333215e+01,-1.087085016215864897e-01
1.854166666666666430e+01,5.032316010477608792e-01
1.856250000000000000e+01,3.330816688441322060e-01
1.858333333333333215e+01,-3.403612072611747474e-01
1.860416666666666430e+01,-2.351028936668403957e-01
1.862500000000000000e+01,3.989169222865927011e-01
1.864583333333333215e+01,2.405296186208729092e-01
1.866666666666666430e+01,-4.200460444288870443e-01
1.868750000000000000e+01,-3.013471688040298968e-01
1.870833333333333215e+01,3.361272556457594041e-01
1.872916666666666430e+01,1.717326563470815692e-01
1.875000000000000000e+01,-4.817236082099546901e-01
1.877083333333333215e+01,-3.594935460496452850e-01
1.879166666666666430e+01,2.793868772425726066e-01
1.881250000000000000e+01,1.399197683444800278e-01
1.883333333333333215e+01,-4.944973044719608857e-01
1.885416666666666430e+01,-3.676303793634668193e-01
1.887500000000000000e+01,2.647765201040451766e-01
1.889583333333333215e+01,1.000903352226539950e-01
1.891666666666666430e+01,-5.494919282252874737e-01
1.893750000000000000e+01,-4.271801420562325591e-01
1.895833333333333215e+01,2.334293929920414901e-01
1.897916666666666430e+01,9.771152713927108713e-02
1.900000000000000000e+01,-5.419944410932948653e-01
1.902083333333333215e+01,-4.210439724190901956e-01
1.904166666666666430e+01,2.318992782423003329e-01
1.906250000000000000e+01,1.131041632030971300e-01
1.908333333333333215e+01,-5.116864683438190342e-01
1.910416666666666430e+01,-3.801906098272823664e-01
1.912500000000000000e+01,2.848864566941471388e-01
1.914583333333333215e+01,1.582399275653781912e-01
1.916666666666666430e+01,-1.212104912696909675e-01
1.918750000000000000e+01,2.362112039713586409e-01
1.920833333333333215e+01,4.057048791250537634e-01
1.922916666666666430e+01,-4.890836719430619040e-02
1.925000000000000000e+01,9.912124015816453637e-02
1.927083333333333215e+01,6.537039372845793173e-01
1.929166666666666430e+01,4.700557252780948048e-01
1.931250000000000000e+01,-1.943007947906606470e-01
1.933333333333333215e+01,-6.357413124520991388e-02
1.935416666666666430e+01,5.904025553537286530e-01
1.937500000000000000e+01,4.824782944360491710e-01
1.939583333333333215e+01,-1.833381005057776458e-01
1.941666666666666430e+01,-5.594159106856050334e-02
1.943750000000000000e+01,3.129322123217007090e-01
1.945833333333333215e+01,1.380955606832362514e-02
1.947916666666666430e+01,-5.196145098009586905e-01
1.950000000000000000e+01,-3.064081457283427956e-01
1.952083333333333215e+01,3.364983698855099625e-01
1.954166666666666430e+01,2.214474311393450634e-01
1.956250000000000000e+01,-4.436398551438200943e-01
1.958333333333333215e+01,-3.151101804832991404e-01
1.960416666666666430e+01,3.377433090894493839e-01
1.962500000000000000e+01,2.262633477182315889e-01
1.964583333333333215e+01,-4.375688579452579607e-01
1.966666666666666430e+01,-3.035004525220282856e-01
1.968750000000000000e+01,3.381454161852683882e-01
1.970833333333333215e+01,2.096006548884543075e-01
1.972916666666666430e+01,-4.515666796321781695e-01
1.975000000000000000e+01,-3.034801881936934898e-01
1.977083333333333215e+01,3.369936616200246426e-01
1.979166666666666430e+01,1.962361036111383295e-01
1.981250000000000000e+01,-4.439151326252540608e-01
1.983333333333333215e+01,-2.820966434827200109e-01
1.985416666666666430e+01,3.689144190462916306e-01
1.987500000000000000e+01,2.418353544897522134e-01
1.989583333333333215e+01,-4.113895467802791694e-01
1.991666666666666430e+01,-2.556176008720071891e-01
1.993750000000000000e+01,3.857728967586649960e-01
1.995833333333333215e+01,2.513578340866932659e-01
1.997916666666666430e+01,-4.098598171031555548e-01
2.000000000000000000e+01,-2.654185376907640670e-01
2.002083333333333215e+01,3.770428769859460738e-01
2.004166666666666430e+01,2.494564641717204601e-01
2.006250000000000000e+01,-4.132371626978300627e-01
2.008333333333333215e+01,-2.760519800048486516e-01
2.010416666666666430e+01,3.676073080277076910e-01
2.012500000000000000e+01,2.471785234318447932e-01
2.014583333333333215e+01,-4.170669844271222559e-01
2.016666666666666430e+01,-2.874722301180818729e-01
2.018750000000000000e+01,3.574400660105673255e-01
2.020833333333333215e+01,2.444968147540211578e-01
2.022916666666666430e+01,-3.864799458326227954e-01
2.025000000000000000e+01,-2.474980996947906964e-01
2.027083333333333215e+01,4.111445953040354095e-01
2.029166666666666430e+01,3.126644858890244016e-01
2.031250000000000000e+01,-3.412865146889849655e-01
2.033333333333333215e+01,-2.037970604389104934e-01
2.035416666666666430e+01,4.408592987234852822e-01
2.037500000000000000e+01,3.202179797628728064e-01
2.039583333333333215e+01,-3.427881427390032654e-01
2.041666666666666430e+01,-2.082617177736952319e-01
2.043750000000000000e+01,4.358184052292554678e-01
2.045833333333333215e+01,3.152533699837030690e-01
2.047916666666666430e+01,-3.239546929555489618e-01
2.050000000000000000e+01,-1.730880196136536930e-01
2.052083333333333215e+01,4.745029241368539097e-01
2.054166666666666430e+01,3.541554471055768927e-01
2.056250000000000000e+01,-3.087998910230622673e-01
2.058333333333333215e+01,-1.687638821183703175e-01
2.060416666666666430e+01,4.735861960050432584e-01
2.062500000000000000e+01,3.431689930657022547e-01
2.064583333333333215e+01,-3.179088600964949940e-01
2.066666666666666430e+01,-1.791373872896444563e-01
2.068750000000000000e+01,4.556610591029807145e-01
2.070833333333333215e+01,3.183717050081891764e-01
2.072916666666666430e+01,-3.414507534384604859e-01
2.075000000000000000e+01,-1.866516766068196387e-01
2.077083333333333215e+01,4.526013191368818411e-01
2.079166666666666430e+01,3.054257843576440035e-01
2.081250000000000000e+01,-3.364773171033879073e-01
2.083333333333333215e+01,-1.697139843236690204e-01
2.085416666666666430e+01,7.038100284347387214e-02
2.087500000000000000e+01,-3.307813373096500920e-01
2.089583333333333215e+01,-2.536492892831292423e-01
2.091666666666666430e+01,1.339045012584323124e-01
2.093750000000000000e+01,-1.242344483177351688e-01
2.095833333333333215e+01,-6.215238758343462067e-01
2.097916666666666430e+01,-3.752335485969542361e-01
2.100000000000000000e+01,3.187357878328517247e-01
2.102083333333333215e+01,2.266195427893624714e-01
2.104166666666666430e+01,-3.785213543698202621e-01
2.106250000000000000e+01,-2.103433429419024892e-01
2.108333333333333215e+01,2.733326981719937931e-01
2.110416666666666430e+01,5.075546926578631407e-02
2.112500000000000000e+01,-5.475172279003486242e-01
2.114583333333333215e+01,-3.791081452783316985e-01
2.116666666666666430e+01,2.996251509353731746e-01
2.118750000000000000e+01,2.054157987518079043e-01
2.120833333333333215e+01,-3.946654314846211875e-01
2.122916666666666430e+01,-2.273928414769197937e-01
2.125000000000000000e+01,4.392896338088237984e-01
2.127083333333333215e+01,3.393178747264667394e-01
2.129166666666666430e+01,-2.627692974195561804e-01
2.131250000000000000e+01,-9.432172023953039330e-02
2.133333333333333215e+01,5.464444991389664219e-01
2.135416666666666430e+01,4.195071727815370410e-01
2.137500000000000000e+01,-1.925527048839635047e-01
2.139583333333333215e+01,-7.068884686007953499e-02
2.141666666666666430e+01,2.754486332093884493e-01
2.143750000000000000e+01,-3.051360213162505886e-02
2.145833333333333215e+01,-3.720584439295962498e-01
2.147916666666666430e+01,-2.035811263022868633e-02
2.150000000000000000e+01,2.869089342366509809e-01
2.152083333333333215e+01,-6.519865131033827921e-02
2.154166666666666430e+01,-2.402144800497410526e-01
2.156250000000000000e+01,2.185756238178297173e-01
2.158333333333333215e+01,1.090623779442491947e-01
2.160416666666666430e+01,-5.152571520335824662e-01
2.162500000000000000e+01,-3.599135647931726023e-01
2.164583333333333215e+01,3.218527990110462977e-01
2.166666666666666430e+01,2.200882832946985113e-01
2.168750000000000000e+01,-4.043969238859813631e-01
2.170833333333333215e+01,-2.391075832376035049e-01
2.172916666666666430e+01,4.521774437444361361e-01
2.175000000000000000e+01,3.728869260840296240e-01
2.177083333333333215e+01,-2.439475907643858521e-01
2.179166666666666430e+01,-9.452975997324751523e-02
2.181250000000000000e+01,5.932771688191924575e-01
2.183333333333333215e+01,5.156386050914175678e-01
2.185416666666666430e+01,-1.008357069990798993e-01
2.187500000000000000e+01,-7.616229567926335875e-02
2.189583333333333215e+01,3.268007849838803214e-01
2.191666666666666430e+01,1.102324925476110273e-01
2.193750000000000000e+01,-5.037962643608269175e-01
2.195833333333333215e+01,-3.280728882643483280e-01
2.197916666666666430e+01,3.628369085475189326e-01
2.200000000000000000e+01,2.676916696986782473e-01
2.202083333333333215e+01,-3.448863496924268746e-01
2.204166666666666430e+01,-1.611559456481189700e-01
2.206250000000000000e+01,4.239987321627595729e-01
2.208333333333333215e+01,2.359975039518316664e-01
2.210416666666666430e+01,-3.863283031087241248e-01
2.212500000000000000e+01,-2.164266560364315750e-01
2.214583333333333215e+01,3.370442213030556688e-01
2.216666666666666430e+01,1.573210420434105195e-01
2.218750000000000000e+01,-4.561283243481724647e-01
2.220833333333333215e+01,-2.787368044709253589e-01
2.222916666666666430e+01,3.776872113804796705e-01
2.225000000000000000e+01,2.626065837608307363e-01
2.227083333333333215e+01,-3.512011431803678252e-01
2.229166666666666430e+01,-2.389279414627929199e-01
2.231250000000000000e+01,1.280596546939893610e-01
2.233333333333333215e+01,-1.496583811143926412e-01
2.235416666666666430e+01,-5.200773211474766233e-01
2.237500000000000000e+01,-1.851884699101614407e-01
2.239583333333333215e+01,3.049497070072970661e-01
2.241666666666666430e+01,8.506175916998987008e-02
2.243750000000000000e+01,-5.301061211262509953e-01
2.245833333333333215e+01,-3.633858092083271929e-01
2.247916666666666430e+01,3.302854411958698333e-01
2.250000000000000000e+01,2.516274481791967998e-01
2.252083333333333215e+01,-3.650007337883993119e-01
2.254166666666666430e+01,-2.100806632109298855e-01
2.256250000000000000e+01,4.814289534641686963e-01
2.258333333333333215e+01,4.063570376911715409e-01
2.260416666666666430e+01,-2.108752610495122082e-01
2.262500000000000000e+01,-5.102912010368676476e-02
2.264583333333333215e+01,4.371035616815934777e-01
2.266666666666666430e+01,2.235382961175817196e-01
2.268750000000000000e+01,-3.932410657067750837e-01
2.270833333333333215e+01,-2.453919599396768292e-01
2.272916666666666430e+01,4.399060079038517590e-01
2.275000000000000000e+01,3.511243263393877823e-01
2.277083333333333215e+01,-2.663159346785861636e-01
2.279166666666666430e+01,-8.890680557702973497e-02
2.281250000000000000e+01,4.072179578517335918e-01
2.283333333333333215e+01,1.750732614321231506e-01
2.285416666666666430e+01,-4.382540329157249559e-01
2.287500000000000000e+01,-2.482362312267144544e-01
2.289583333333333215e+01,4.397082454872675017e-01
2.291666666666666430e+01,3.180269576383071284e-01
2.293750000000000000e+01,-3.005623028046833789e-01
2.295833333333333215e+01,-1.099929477256160332e-01
2.297916666666666430e+01,2.645710408355692600e-01
2.300000000000000000e+01,-4.376054920735700238e-02
2.302083333333333215e+01,-4.687621322023787229e-01
2.304166666666666430e+01,-1.790248891648942298e-01
2.306250000000000000e+01,4.566112159463078801e-01
2.308333333333333215e+01,3.343618518116102667e-01
2.310416666666666430e+01,-2.799081055895813464e-01
2.312500000000000000e+01,-1.311369140919508847e-01
2.314583333333333215e+01,1.820481990089068414e-01
2.316666666666666430e+01,-1.498813812414137581e-01
2.318750000000000000e+01,-3.409760849625544932e-01
2.320833333333333215e+01,1.170040779491189342e-01
2.322916666666666430e+01,2.417621458416721256e-02
2.325000000000000000e+01,-5.328493433096561649e-01
2.327083333333333215e+01,-3.255804555226433639e-01
2.329166666666666430e+01,3.676687786739348263e-01
2.331250000000000000e+01,2.755724219432171829e-01
2.333333333333333215e+01,-3.275285969284199017e-01
2.335416666666666430e+01,-1.708592834426255480e-01
2.337500000000000000e+01,4.921080576158941011e-01
2.339583333333333215e+01,3.947065035504704889e-01
2.341666666666666430e+01,-2.065822789007600302e-01
2.343750000000000000e+01,-3.922964451815620646e-02
2.345833333333333215e+01,3.092959416415329010e-01
2.347916666666666430e+01,-8.204503271797849995e-03
2.350000000000000000e+01,-3.639879233368478739e-01
2.352083333333333215e+01,-2.788062983337506046e-02
2.354166666666666430e+01,3.313657229449000763e-01
2.356250000000000000e+01,1.831266785541182246e-02
2.358333333333333215e+01,-3.693841054878649333e-01
2.360416666666666430e+01,-5.500270651688733692e-02
2.362500000000000000e+01,3.974730001097738219e-01
2.364583333333333215e+01,1.488383410349345959e-01
2.366666666666666430e+01,-4.613648941045987995e-01
2.368750000000000000e+01,-2.910828394556339571e-01
2.370833333333333215e+01,4.039482239990459522e-01
2.372916666666666430e+01,3.063876979898997877e-01
2.375000000000000000e+01,-3.130140209151361375e-01
2.377083333333333215e+01,-1.410502419815269914e-01
2.379166666666666430e+01,5.642566971657132502e-01
2.381250000000000000e+01,4.693157451800049618e-01
2.383333333333333215e+01,-1.506605897124535798e-01
2.385416666666666430e+01,-3.012491248384984166e-01
2.387500000000000000e+01,1.828808970600905859e-01
2.389583333333333215e+01,8.791674515250716415e-02
2.391666666666666430e+01,-5.244120840769770364e-01
2.393750000000000000e+01,-3.552872660685950090e-01
2.395833333333333215e+01,3.124269664476384545e-01
2.397916666666666430e+01,2.058829866973189149e-01
2.400000000000000000e+01,-4.315193795517654474e-01
2.402083333333333215e+01,-2.785574142144289223e-01
2.404166666666666430e+01,3.680243916459019493e-01
2.406250000000000000e+01,2.480400521854365103e-01
2.408333333333333215e+01,-4.136936609790409225e-01
2.410416666666666430e+01,-2.717614063786900624e-01
2.412500000000000000e+01,3.782906855573962002e-01
2.414583333333333215e+01,2.560883771851061308e-01
2.416666666666666430e+01,-4.065689022306234190e-01
2.418750000000000000e+01,-2.648732084685123667e-01
2.420833333333333215e+01,3.815878539763346566e-01
2.422916666666666430e+01,2.606822457359215806e-01
2.425000000000000000e+01,-3.883648011061787142e-01
2.427083333333333215e+01,-2.607553551274633952e-01
2.429166666666666430e+01,3.690698146884513475e-01
2.431250000000000000e+01,2.392935847373479641e-01
2.433333333333333215e+01,-4.256159498237079841e-01
2.435416666666666430e+01,-2.843874711544067124e-01
2.437500000000000000e+01,3.603369208013742497e-01
2.439583333333333215e+01,2.396932778129090558e-01
2.441666666666666430e+01,-4.051142244173123741e-01
2.443750000000000000e+01,-2.716653740492488422e-01
2.445833333333333215e+01,3.611799722940415847e-01
2.447916666666666430e+01,2.379359729845178795e-01
2.450000000000000000e+01,-4.201903918105569513e-01
2.452083333333333215e+01,-2.751222187055952784e-01
2.454166666666666430e+01,3.764292520869765291e-01
2.456250000000000000e+01,2.537250442313516707e-01
2.458333333333333215e+01,-2.699262763753270677e-01
2.460416666666666430e+01,-3.252838089705289981e-02
2.462500000000000000e+01,6.197841885679042928e-01
2.464583333333333215e+01,4.971541436310780160e-01
2.466666666666666430e+01,-1.661295458023764604e-01
2.468750000000000000e+01,-3.196205720268041617e-02
2.470833333333333215e+01,5.260869810359567467e-01
2.472916666666666430e+01,3.491313601695928415e-01
2.475000000000000000e+01,-3.083120701406188435e-01
2.477083333333333215e+01,-1.747343972029476999e-01
2.479166666666666430e+01,4.154799553166603765e-01
2.481250000000000000e+01,2.632687025576152529e-01
2.483333333333333215e+01,-3.909398321396953535e-01
2.485416666666666430e+01,-2.593303501067238948e-01
2.487500000000000000e+01,2.632647846905010192e-01
2.489583333333333215e+01,6.784110987444647023e-02
2.491666666666666430e+01,-5.875057661877839399e-01
2.493750000000000000e+01,-4.465953416466828529e-01
2.495833333333333215e+01,1.966204147447279393e-01
2.497916666666666430e+01,7.629210715323662961e-02
2.500000000000000000e+01,-5.688216223067713573e-01
2.502083333333333215e+01,-4.293233651619645652e-01
2.504166666666666430e+01,2.097512903600281253e-01
2.506250000000000000e+01,8.846342264966133850e-02
2.508333333333333215e+01,-5.742692484832487843e-01
2.510416666666666430e+01,-4.313872335090072618e-01
2.512500000000000000e+01,2.226046395484397311e-01
2.514583333333333215e+01,9.952658686093035501e-02
2.516666666666666430e+01,-2.849640330083875739e-01
2.518750000000000000e+01,4.802424561363316524e-02
2.520833333333333215e+01,5.310038132335938021e-01
2.522916666666666430e+01,2.924701236231936896e-01
2.525000000000000000e+01,-3.755445059047072265e-01
2.527083333333333215e+01,-2.329205398384449066e-01
2.529166666666666430e+01,4.177747757569267861e-01
2.531250000000000000e+01,2.959209843663859751e-01
2.533333333333333215e+01,-3.529717179638869884e-01
2.535416666666666430e+01,-2.142959341590467970e-01
2.537500000000000000e+01,4.246385051150121104e-01
2.539583333333333215e+01,3.029133953412674884e-01
2.541666666666666430e+01,-3.241402265566465379e-01
2.543750000000000000e+01,-1.585588714220952100e-01
2.545833333333333215e+01,4.927567382721854128e-01
2.547916666666666430e+01,3.698867031521239634e-01
2.550000000000000000e+01,-2.955333870606031144e-01
2.552083333333333215e+01,-1.535536133099393852e-01
2.554166666666666430e+01,4.961172029756083512e-01
2.556250000000000000e+01,3.740836029243805871e-01
2.558333333333333215e+01,-2.848164934716089780e-01
2.560416666666666430e+01,-1.612755934798842106e-01
2.562500000000000000e+01,4.699998537267170429e-01
2.564583333333333215e+01,3.485030123535663993e-01
2.566666666666666430e+01,-3.119080523415178607e-01
2.568750000000000000e+01,-1.704854070642715658e-01
2.570833333333333215e+01,4.793919302049554632e-01
2.572916666666666430e+01,3.568553293639001867e-01
2.575000000000000000e+01,-3.045320276959104788e-01
2.577083333333333215e+01,-1.612399978543701540e-01
2.579166666666666430e+01,2.977527511421061424e-01
2.581250000000000000e+01,4.970432849218020532e-02
2.583333333333333215e+01,-6.082717735317815233e-01
2.585416666666666430e+01,-4.724496807079724414e-01
2.587500000000000000e+01,1.651333179412479701e-01
2.589583333333333215e+01,4.547146473368962605e-02
2.591666666666666430e+01,-6.022830130006547877e-01
2.593750000000000000e+01,-4.838441269013041279e-01
2.595833333333333215e+01,1.380705395424235704e-01
2.597916666666666430e+01,6.269017797861570207e-02
2.600000000000000000e+01,-3.173045208966342456e-01
2.602083333333333215e+01,-5.901923416461568594e-02
2.604166666666666430e+01,5.110191991140513590e-01
2.606250000000000000e+01,3.116955866020249544e-01
2.608333333333333215e+01,-3.821621851572650774e-01
2.610416666666666430e+01,-2.881934044474872003e-01
2.612500000000000000e+01,3.198576068782318371e-01
2.614583333333333215e+01,1.565078160047657374e-01
2.616666666666666430e+01,-4.246856250158956292e-01
2.618750000000000000e+01,-2.639458678572390582e-01
2.620833333333333215e+01,3.557660481011059583e-01
2.622916666666666430e+01,1.913987220694787494e-01
2.625000000000000000e+01,-3.241053231721474637e-01
2.627083333333333215e+01,-1.101320948083788220e-01
2.629166666666666430e+01,5.009466051813189491e-01
2.631250000000000000e+01,3.310753355711870127e-01
2.633333333333333215e+01,-3.398521347108048873e-01
2.635416666666666430e+01,-2.337108022254927864e-01
2.637500000000000000e+01,4.028693978286259636e-01
2.639583333333333215e+01,2.466627580156859900e-01
2.641666666666666430e+01,-3.108538762334133176e-01
2.643750000000000000e+01,-1.116339318134520892e-01
2.645833333333333215e+01,5.663368221675677550e-01
2.647916666666666430e+01,4.363232394715390594e-01
2.650000000000000000e+01,-2.075456880332199883e-01
2.652083333333333215e+01,-8.501123654533540575e-02
2.654166666666666430e+01,5.817381414074411783e-01
2.656250000000000000e+01,4.384694914499112639e-01
2.658333333333333215e+01,-2.149242472081519528e-01
2.660416666666666430e+01,-2.105808791735158114e-01
2.662500000000000000e+01,2.549949006552392761e-01
2.664583333333333215e+01,3.344419733877213030e-02
2.666666666666666430e+01,-6.125415683086039564e-01
2.668750000000000000e+01,-4.913589125662643498e-01
2.670833333333333215e+01,1.527020628512961720e-01
2.672916666666666430e+01,1.641663942754346961e-02
2.675000000000000000e+01,-5.954723377817667807e-01
2.677083333333333215e+01,-4.605011726554578133e-01
2.679166666666666430e+01,1.959325822206899603e-01
2.681250000000000000e+01,5.433353747042338200e-02
2.683333333333333215e+01,-3.591775400570808019e-01
2.685416666666666430e+01,-8.194904496314253661e-02
2.687500000000000000e+01,5.751972283557741372e-01
2.689583333333333215e+01,4.307607705290608102e-01
2.691666666666666430e+01,-2.167498019959320232e-01
2.693750000000000000e+01,-9.560881814506323739e-02
2.695833333333333215e+01,3.761243894128974974e-01
2.697916666666666430e+01,1.261714621605578013e-01
2.700000000000000000e+01,-5.064423045470509699e-01
2.702083333333333215e+01,-3.851906230199039771e-01
2.704166666666666430e+01,2.740230724241963789e-01
2.706250000000000000e+01,1.328917025585958644e-01
2.708333333333333215e+01,-4.725563652270478032e-01
2.710416666666666430e+01,-3.223244297674283110e-01
2.712500000000000000e+01,3.387880662199761472e-01
2.714583333333333215e+01,1.976297929398039277e-01
2.716666666666666430e+01,-3.414070844865197962e-01
2.718750000000000000e+01,-1.495665404814361943e-01
2.720833333333333215e+01,4.986099960714970858e-01
2.722916666666666430e+01,3.666249145433419510e-01
2.725000000000000000e+01,-2.663157895966180022e-01
2.727083333333333215e+01,-1.455023262904071579e-01
2.729166666666666430e+01,5.139904114036559779e-01
2.731250000000000000e+01,3.720483556742536502e-01
2.733333333333333215e+01,-2.785466392815282854e-01
2.735416666666666430e+01,-1.561854955518288679e-01
2.737500000000000000e+01,5.068601208951520887e-01
2.739583333333333215e+01,3.627265968274768770e-01
2.741666666666666430e+01,-2.886437757762936318e-01
2.743750000000000000e+01,-1.665648973606035921e-01
2.745833333333333215e+01,4.951192206371857196e-01
2.747916666666666430e+01,3.620791457611554631e-01
2.750000000000000000e+01,-2.775004637082675307e-01
2.752083333333333215e+01,-1.883263552855042322e-01
2.754166666666666430e+01,2.103838958194463871e-01
2.756250000000000000e+01,-8.822936965019045896e-02
2.758333333333333215e+01,-5.878645583956921827e-01
2.760416666666666430e+01,-3.728947562043989361e-01
2.762500000000000000e+01,2.705702128052484001e-01
2.764583333333333215e+01,1.366018554335216850e-01
2.766666666666666430e+01,-4.954414558008256586e-01
2.768750000000000000e+01,-3.744995224507615683e-01
2.770833333333333215e+01,2.850040144278812027e-01
2.772916666666666430e+01,1.434458182619186284e-01
2.775000000000000000e+01,-5.077038408572074335e-01
2.777083333333333215e+01,-3.847076533631128559e-01
2.779166666666666430e+01,2.828744004202587981e-01
2.781250000000000000e+01,1.403823996715002353e-01
2.783333333333333215e+01,-4.387832663828029056e-01
2.785416666666666430e+01,-2.654593787618840239e-01
2.787500000000000000e+01,4.008033249108722829e-01
2.789583333333333215e+01,2.588006644995770600e-01
2.791666666666666430e+01,-3.903922096665920494e-01
2.793750000000000000e+01,-2.688261013393231091e-01
2.795833333333333215e+01,3.798415934537496819e-01
2.797916666666666430e+01,2.437139670375524092e-01
2.800000000000000000e+01,-1.085101750435124579e-01
2.802083333333333215e+01,2.005347707685395664e-01
2.804166666666666430e+01,5.313189856808799849e-01
2.806250000000000000e+01,1.725683844571373748e-01
2.808333333333333215e+01,-1.494645867034078701e-01
2.810416666666666430e+01,1.885274627761192034e-01
2.812500000000000000e+01,3.603505818133471705e-01
2.814583333333333215e+01,-1.074179339224128615e-01
2.816666666666666430e+01,2.797723455990910879e-02
2.818750000000000000e+01,4.461242756265698661e-01
2.820833333333333215e+01,1.735995412932634374e-01
2.822916666666666430e+01,-4.899326416075214796e-01
2.825000000000000000e+01,-3.549391838597493742e-01
2.827083333333333215e+01,2.887252539692605202e-01
2.829166666666666430e+01,1.677793262071734237e-01
2.831250000000000000e+01,-4.958789981029178007e-01
2.833333333333333215e+01,-3.671988825584236449e-01
2.835416666666666430e+01,2.738173493369159273e-01
2.837500000000000000e+01,1.550501196820325556e-01
2.839583333333333215e+01,-4.087301027753295624e-01
2.841666666666666430e+01,-2.104393435936177392e-01
2.843750000000000000e+01,4.374581078802794454e-01
2.845833333333333215e+01,3.216987381071909624e-01
2.847916666666666430e+01,-3.426703540867165332e-01
2.850000000000000000e+01,-2.101136899791536949e-01
2.852083333333333215e+01,4.338972415244177205e-01
2.854166666666666430e+01,3.128709644683884683e-01
2.856250000000000000e+01,-3.507139820849030087e-01
2.858333333333333215e+01,-2.149530874847525863e-01
2.860416666666666430e+01,4.284806492844754899e-01
2.862500000000000000e+01,3.046725619149056041e-01
2.864583333333333215e+01,-3.582261357376825828e-01
2.866666666666666430e+01,-2.197277604150766339e-01
2.868750000000000000e+01,4.233715214296494000e-01
2.870833333333333215e+01,2.973052898980040326e-01
2.872916666666666430e+01,-3.649772866789867676e-01
2.875000000000000000e+01,-2.309613707799506588e-01
2.877083333333333215e+01,3.044909841018933472e-01
2.879166666666666430e+01,1.084625031229189684e-01
2.881250000000000000e+01,-5.535034917306704827e-01
2.883333333333333215e+01,-4.107272381696103758e-01
2.885416666666666430e+01,2.320045735363153172e-01
2.887500000000000000e+01,1.024164480149319378e-01
2.889583333333333215e+01,-5.589955819799444781e-01
2.891666666666666430e+01,-4.144989220991398549e-01
2.893750000000000000e+01,2.279648459431352081e-01
2.895833333333333215e+01,9.675720614635655026e-02
2.897916666666666430e+01,-5.033076947708339244e-01
2.900000000000000000e+01,-3.170256811304525968e-01
2.902083333333333215e+01,3.251532653363443104e-01
2.904166666666666430e+01,1.927642906976563264e-01
2.906250000000000000e+01,-3.369142243738151854e-01
2.908333333333333215e+01,-1.034933852229689699e-01
2.910416666666666430e+01,5.382939179698552623e-01
2.912500000000000000e+01,4.055089371952766975e-01
2.914583333333333215e+01,-2.560152346268291801e-01
2.916666666666666430e+01,-1.215135021964287854e-01
2.918750000000000000e+01,5.133416187677948272e-01
2.920833333333333215e+01,3.822047076789835129e-01
2.922916666666666430e+01,-2.798021278425227854e-01
2.925000000000000000e+01,-1.358009030942739503e-01
2.927083333333333215e+01,5.062482089957267561e-01
2.929166666666666430e+01,3.725586808564484431e-01
2.931250000000000000e+01,-2.912594013787297986e-01
2.933333333333333215e+01,-1.471231771313479819e-01
2.935416666666666430e+01,4.947012722283976038e-01
2.937500000000000000e+01,3.639144958441313804e-01
2.939583333333333215e+01,-2.978420189163125675e-01
2.941666666666666430e+01,-1.541955748155706130e-01
2.943750000000000000e+01,3.968335344753626814e-01
2.945833333333333215e+01,2.065996321829477456e-01
2.947916666666666430e+01,-4.540548859236562818e-01
2.950000000000000000e+01,-3.172919261506856881e-01
2.952083333333333215e+01,3.212707942485907298e-01
2.954166666666666430e+01,1.948804515158167883e-01
2.956250000000000000e+01,-4.678778638349374575e-01
2.958333333333333215e+01,-3.293553514207926414e-01
2.960416666666666430e+01,3.141137645018187707e-01
2.962500000000000000e+01,1.909325643288937169e-01
2.964583333333333215e+01,-4.724629737609040148e-01
2.966666666666666430e+01,-3.375176368916367187e-01
2.968750000000000000e+01,3.065771517291868697e-01
2.970833333333333215e+01,1.870044498338909733e-01
2.972916666666666430e+01,-4.771552796215924874e-01
2.975000000000000000e+01,-3.469133724434362298e-01
2.977083333333333215e+01,2.974431984058074629e-01
2.979166666666666430e+01,1.819554838972856081e-01
2.981250000000000000e+01,-4.830349082125878213e-01
2.983333333333333215e+01,-3.612193512814516616e-01
2.985416666666666430e+01,2.814933073463982138e-01
2.987500000000000000e+01,1.710624986822986970e-01
2.989583333333333215e+01,-4.948419541278689104e-01
2.991666666666666430e+01,-3.731791061742258386e-01
2.993750000000000000e+01,2.733271579253497841e-01
2.995833333333333215e+01,1.669704189430110119e-01
2.997916666666666430e+01,-4.600339198727717016e-01
3.000000000000000000e+01,-3.190512526741544064e-01
3.002083333333333215e+01,3.407068717614548103e-01
3.004166666666666430e+01,2.437165754001937024e-01
3.006250000000000000e+01,-2.104097607373045520e-01
3.008333333333333215e+01,5.973711101820755598e-02
3.010416666666666430e+01,7.034740330787994100e-01
3.012500000000000000e+01,5.779632444890495657e-01
3.014583333333333215e+01,-8.289086480921092903e-02
3.016666666666666430e+01,6.384687927995610912e-02
3.018750000000000000e+01,4.511521113869587096e-01
3.020833333333333215e+01,1.436530845368907405e-01
3.022916666666666430e+01,-3.922904828080143735e-01
3.025000000000000000e+01,-1.554793414178896882e-01
3.027083333333333215e+01,4.851060440451794298e-01
3.029166666666666430e+01,3.494411963457062509e-01
3.031250000000000000e+01,-3.121175951399413062e-01
3.033333333333333215e+01,-1.771416104172932604e-01
3.035416666666666430e+01,4.717150462001025168e-01
3.037500000000000000e+01,3.538567180657302136e-01
3.039583333333333215e+01,-3.091881337479204794e-01
3.041666666666666430e+01,-1.682747561775921885e-01
3.043750000000000000e+01,1.886188473637728791e-01
3.045833333333333215e+01,-1.315058552998494834e-01
3.047916666666666430e+01,-5.184972080590691812e-01
3.050000000000000000e+01,-1.897464776026739908e-01
3.052083333333333215e+01,2.593585878074238238e-01
3.054166666666666430e+01,-2.259902400823743385e-03
3.056250000000000000e+01,-6.601982610735294132e-01
3.058333333333333215e+01,-5.107118114201867343e-01
3.060416666666666430e+01,1.315170372412418076e-01
3.062500000000000000e+01,3.260254368770379441e-02
3.064583333333333215e+01,-3.194219840241169228e-01
3.066666666666666430e+01,1.535061959398609233e-02
3.068750000000000000e+01,3.831258765933603927e-01
3.070833333333333215e+01,7.275216489054331381e-02
3.072916666666666430e+01,-3.208574766192618388e-01
3.075000000000000000e+01,-4.958743075627436436e-03
3.077083333333333215e+01,4.961768694357636678e-01
3.079166666666666430e+01,2.816666162005682095e-01
3.081250000000000000e+01,-3.832168537279951326e-01
3.083333333333333215e+01,-2.618131150369237825e-01
3.085416666666666430e+01,3.802428073921578777e-01
3.087500000000000000e+01,2.715152289346292602e-01
3.089583333333333215e+01,-3.953315238895345196e-01
3.091666666666666430e+01,-2.816607605226009725e-01
3.093750000000000000e+01,3.787404992924141012e-01
3.095833333333333215e+01,2.835225523742803677e-01
3.097916666666666430e+01,-3.715276219318094375e-01
3.100000000000000000e+01,-2.376654647618498539e-01
3.102083333333333215e+01,4.074935692929829711e-01
3.104166666666666430e+01,2.891318807935824298e-01
3.106250000000000000e+01,-3.773628980408677558e-01
3.108333333333333215e+01,-2.465906311224406733e-01
3.110416666666666430e+01,3.978135706931298921e-01
3.112500000000000000e+01,2.785276300830599183e-01
3.114583333333333215e+01,-3.688945330475217332e-01
3.116666666666666430e+01,-2.239052184304682336e-01
3.118750000000000000e+01,4.233056549362598231e-01
3.120833333333333215e+01,3.026697211805368104e-01
3.122916666666666430e+01,-3.600004809631304203e-01
3.125000000000000000e+01,-2.255399529700635730e-01
3.127083333333333215e+01,4.128144842376427759e-01
3.129166666666666430e+01,2.820935307719637519e-01
3.131250000000000000e+01,-3.419106721541361749e-01
3.133333333333333215e+01,-1.686617191972390462e-01
3.135416666666666430e+01,4.721356266879211949e-01
3.137500000000000000e+01,3.330483453930624949e-01
3.139583333333333215e+01,-3.262499049003517726e-01
3.141666666666666430e+01,-1.695781592031415097e-01
3.143750000000000000e+01,4.695005239057352120e-01
3.145833333333333215e+01,3.213914120226115112e-01
3.147916666666666430e+01,-3.189729448364018727e-01
3.150000000000000000e+01,-1.559173563470027668e-01
3.152083333333333215e+01,4.998558041784709194e-01
3.154166666666666430e+01,3.759180605400295749e-01
3.156250000000000000e+01,-2.525034339292354657e-01
3.158333333333333215e+01,-1.169314619204683270e-01
3.160416666666666430e+01,1.599247086297627685e-01
3.162500000000000000e+01,-1.928448636047709330e-01
3.164583333333333215e+01,-3.616231938375984445e-01
3.166666666666666430e+01,1.077661351751308672e-01
3.168750000000000000e+01,1.650575702428747071e-02
3.170833333333333215e+01,-5.879936995986896342e-01
3.172916666666666430e+01,-4.197983419957368456e-01
3.175000000000000000e+01,2.408901467159771936e-01
3.177083333333333215e+01,1.373457388783034250e-01
3.179166666666666430e+01,-4.768978748529675848e-01
3.181250000000000000e+01,-3.181400441800659173e-01
3.183333333333333215e+01,3.427621197466670933e-01
3.185416666666666430e+01,2.383739810959468464e-01
3.187500000000000000e+01,-3.834369719700410073e-01
3.189583333333333215e+01,-2.274111976013853120e-01
3.191666666666666430e+01,4.183006078131760175e-01
3.193750000000000000e+01,3.003381333462795122e-01
3.195833333333333215e+01,-3.580287152232499159e-01
3.197916666666666430e+01,-2.173442285909221450e-01
3.200000000000000000e+01,4.262979424084833435e-01
3.202083333333332860e+01,3.055221193804061319e-01
3.204166666666666430e+01,-3.488626040146247664e-01
3.206250000000000000e+01,-2.279937668137237416e-01
3.208333333333332860e+01,3.564387429340081792e-01
3.210416666666666430e+01,1.973903708805886947e-01
3.212500000000000000e+01,-4.682704078438538753e-01
3.214583333333332860e+01,-3.268865183915056205e-01
3.216666666666666430e+01,3.188375680121978695e-01
3.218750000000000000e+01,1.979930763454177678e-01
3.220833333333332860e+01,-4.510858932445599989e-01
3.222916666666666430e+01,-3.200013149972803506e-01
3.225000000000000000e+01,3.143461149564449331e-01
3.227083333333332860e+01,1.872740417054173934e-01
3.229166666666666430e+01,-4.797202919177470659e-01
3.231250000000000000e+01,-3.371926197219528021e-01
3.233333333333332860e+01,3.146977536549421806e-01
3.235416666666666430e+01,1.922247367801415696e-01
3.237500000000000000e+01,-3.520465040223013653e-01
3.239583333333332860e+01,-1.324127104185489068e-01
3.241666666666666430e+01,5.145566706228251741e-01
3.243750000000000000e+01,3.926092043104986162e-01
3.245833333333332860e+01,-2.669403605986567785e-01
3.247916666666666430e+01,-1.488898956509826788e-01
3.250000000000000000e+01,4.817232965723236560e-01
3.252083333333332860e+01,3.327923083246595581e-01
3.254166666666666430e+01,-3.488729273265226971e-01
3.256250000000000000e+01,-2.556048051572175073e-01
3.258333333333332860e+01,3.634766966537107402e-01
3.260416666666666430e+01,1.924852889777251830e-01
3.262500000000000000e+01,-1.940768228843675614e-01
3.264583333333332860e+01,1.130204717721215724e-01
3.266666666666666430e+01,5.236978091015344061e-01
3.268750000000000000e+01,2.099881748789019509e-01
3.270833333333332860e+01,-4.275882083465487593e-01
3.272916666666666430e+01,-2.863529303128309333e-01
3.275000000000000000e+01,3.339927840421503813e-01
3.277083333333332860e+01,1.623867589352074869e-01
3.279166666666666430e+01,-2.962934307783654519e-01
3.281250000000000000e+01,-4.208194170582248150e-02
3.283333333333332860e+01,5.675970595700147170e-01
3.285416666666666430e+01,3.993360330458685659e-01
3.287500000000000000e+01,-2.643280862576871115e-01
3.289583333333332860e+01,-1.591148510981994224e-01
3.291666666666666430e+01,4.753222358488250476e-01
3.293750000000000000e+01,3.245796410126087772e-01
3.295833333333332860e+01,-3.131353586016074608e-01
3.297916666666666430e+01,-1.934211080133965144e-01
3.300000000000000000e+01,1.958650822363718902e-01
3.302083333333332860e+01,-1.192203596187229597e-01
3.304166666666666430e+01,-5.920212493109612284e-01
3.306250000000000000e+01,-3.613232342818354370e-01
3.308333333333332860e+01,2.895006616527201482e-01
3.310416666666666430e+01,1.702501758665791176e-01
3.312500000000000000e+01,-4.540987464379554472e-01
3.314583333333332860e+01,-3.199126881741652384e-01
3.316666666666666430e+01,3.425253052615214733e-01
3.318750000000000000e+01,2.084280113280259084e-01
3.320833333333332860e+01,-4.291583492119424026e-01
3.322916666666666430e+01,-3.078871621376659262e-01
3.325000000000000000e+01,3.515758850145551118e-01
3.327083333333332860e+01,2.104972504086537466e-01
3.329166666666666430e+01,-4.358253984522559854e-01
3.331250000000000000e+01,-3.143014654331484081e-01
3.333333333333332860e+01,3.436466007756091567e-01
3.335416666666666430e+01,2.245218218782326081e-01
3.337500000000000000e+01,-4.064341297624360916e-01
3.339583333333332860e+01,-2.638868508247919076e-01
3.341666666666666430e+01,3.867125614823067048e-01
3.343750000000000000e+01,2.594237188941432848e-01
3.345833333333332860e+01,-3.702795039555359380e-01
3.347916666666666430e+01,-1.984393208985822110e-01
3.350000000000000000e+01,2.978630107021471574e-01
3.352083333333332860e+01,6.717254632102384604e-02
3.354166666666666430e+01,-5.477190244716660938e-01
3.356250000000000000e+01,-3.766458268878183357e-01
3.358333333333332860e+01,3.089159205260126329e-01
3.360416666666666430e+01,2.089292132711809136e-01
3.362500000000000000e+01,-4.038888997239876155e-01
3.364583333333332860e+01,-2.327506616890493985e-01
3.366666666666666430e+01,4.646415894197833407e-01
3.368750000000000000e+01,3.695503806269379021e-01
3.370833333333332860e+01,-2.449554610502434338e-01
3.372916666666666430e+01,-7.442860556540495387e-02
3.375000000000000000e+01,5.912992970496443457e-01
3.377083333333332860e+01,4.787107594371142749e-01
3.379166666666666430e+01,-1.313152440680662725e-01
3.381250000000000000e+01,-1.383250758237606903e-01
3.383333333333332860e+01,3.123075655952497476e-01
3.385416666666666430e+01,1.386304489933189443e-01
3.387500000000000000e+01,-4.703178499651458067e-01
3.389583333333332860e+01,-3.003140083275999683e-01
3.391666666666666430e+01,3.963788830511537631e-01
3.393750000000000000e+01,3.034938124150511340e-01
3.395833333333332860e+01,-3.093859503020287560e-01
3.397916666666666430e+01,-1.391612289698745397e-01
3.400000000000000000e+01,4.256250043357162616e-01
3.402083333333332860e+01,2.458583635400090339e-01
3.404166666666666430e+01,-3.619371801116104681e-01
3.406250000000000000e+01,-2.028886498792240589e-01
3.408333333333332860e+01,3.877879845884507071e-01
3.410416666666666430e+01,2.351148607649571065e-01
3.412500000000000000e+01,-3.734397922677573645e-01
3.414583333333332860e+01,-2.028048706396581302e-01
3.416666666666666430e+01,2.925863996062104677e-01
3.418750000000000000e+01,6.400862551204164475e-02
3.420833333333332860e+01,-5.517499951941740033e-01
3.422916666666666430e+01,-3.796817682973160912e-01
3.425000000000000000e+01,3.094867251771233341e-01
3.427083333333332860e+01,2.081371724145162361e-01
3.429166666666666430e+01,-4.087176297394145008e-01
3.431250000000000000e+01,-2.390016941995325439e-01
3.433333333333332860e+01,4.532058485978106566e-01
3.435416666666666430e+01,3.579138517683811416e-01
3.437500000000000000e+01,-2.557414101652471516e-01
3.439583333333332860e+01,-1.549945764926003444e-01
3.441666666666666430e+01,2.192960353398933637e-01
3.443750000000000000e+01,-5.349171898852224383e-02
3.445833333333332860e+01,-4.488422955621889088e-01
3.447916666666666430e+01,-1.359977945008758460e-01
3.450000000000000000e+01,4.259447691681889081e-01
3.452083333333332860e+01,2.406465301623967323e-01
3.454166666666666430e+01,-3.771459823111966148e-01
3.456250000000000000e+01,-2.049796560452378791e-01
3.458333333333332860e+01,4.933442426400622693e-01
3.460416666666666430e+01,3.951216303284288411e-01
3.462500000000000000e+01,-2.236274469637921092e-01
3.464583333333332860e+01,-2.002065580032485470e-01
3.466666666666666430e+01,2.601780297941947429e-01
3.468750000000000000e+01,7.294518652690180904e-02
3.470833333333332860e+01,-5.378650314953059564e-01
3.472916666666666430e+01,-3.682065127612365041e-01
3.475000000000000000e+01,3.037576175819601820e-01
3.477083333333332860e+01,2.016755313988237153e-01
3.479166666666666430e+01,-4.037843291709957150e-01
3.481250000000000000e+01,-2.344682540335136511e-01
3.483333333333332860e+01,4.582912449705126567e-01
3.485416666666666430e+01,3.656020346397922394e-01
3.487500000000000000e+01,-2.438772714055618407e-01
3.489583333333332860e+01,-7.430039412986050307e-02
3.491666666666666430e+01,3.655145132734941571e-01
3.493750000000000000e+01,1.062537085493727579e-01
3.495833333333332860e+01,-4.985533193243343320e-01
3.497916666666666430e+01,-3.304419280584911522e-01
3.500000000000000000e+01,3.318970198501631774e-01
3.502083333333332860e+01,2.268968256728545185e-01
3.504166666666666430e+01,-4.025223669858552511e-01
3.506250000000000000e+01,-2.487238689610196951e-01
3.508333333333332860e+01,3.925547376599425875e-01
3.510416666666666430e+01,2.626936952827922944e-01
3.512500000000000000e+01,-4.034292369232582720e-01
3.514583333333332860e+01,-2.621273413406777775e-01
3.516666666666666430e+01,3.832715749049914744e-01
3.518750000000000000e+01,2.624202608562019590e-01
3.520833333333332860e+01,-3.853232755482765004e-01
3.522916666666666430e+01,-2.540625425004954252e-01
3.525000000000000000e+01,3.787425484770765571e-01
3.527083333333332860e+01,2.535701067542106557e-01
3.529166666666666430e+01,-2.996918459046820082e-01
3.531250000000000000e+01,-8.396829801427939388e-02
3.533333333333332860e+01,5.668190419849852280e-01
3.535416666666666430e+01,4.439034586684648120e-01
3.537500000000000000e+01,-2.196824981854045844e-01
3.539583333333332860e+01,-7.683756123367653512e-02
3.541666666666666430e+01,5.725681280758554426e-01
3.543750000000000000e+01,4.503688311130454314e-01
3.545833333333332860e+01,-2.069093118257748221e-01
3.547916666666666430e+01,-8.354286897013918356e-02
3.550000000000000000e+01,2.407535398009386651e-01
3.552083333333332860e+01,-9.564143299812055687e-02
3.554166666666666430e+01,-4.311843838895045300e-01
3.556250000000000000e+01,-6.694178869253480935e-02
3.558333333333332860e+01,1.379662188686579805e-01
3.560416666666666430e+01,-2.799824776353345701e-01
3.562500000000000000e+01,-1.567302504256029294e-01
3.564583333333332860e+01,2.655997151998665817e-01
3.566666666666666430e+01,-3.314957344770319558e-02
3.568750000000000000e+01,-5.922952399977082782e-01
3.570833333333332860e+01,-4.093776949509266849e-01
3.572916666666666430e+01,2.531491764945560385e-01
3.575000000000000000e+01,1.118976904021986296e-01
3.577083333333332860e+01,-5.302455054288305325e-01
3.579166666666666430e+01,-4.009299616095116647e-01
3.581250000000000000e+01,2.558616902835382234e-01
3.583333333333332860e+01,1.211721433985821494e-01
3.585416666666666430e+01,-3.153526253551471870e-01
3.587500000000000000e+01,-5.692822128493835176e-02
3.589583333333332860e+01,6.073106040150728635e-01
3.591666666666666430e+01,4.722225092015400749e-01
3.593750000000000000e+01,-1.725770064631628187e-01
3.595833333333332860e+01,-5.488190182163127373e-02
3.597916666666666430e+01,4.319224285588623147e-01
3.600000000000000000e+01,1.863532503204728408e-01
3.602083333333332860e+01,-4.646843669463504023e-01
3.604166666666666430e+01,-3.574607483053935386e-01
3.606250000000000000e+01,3.087084737247868804e-01
3.608333333333332860e+01,1.852928750827230187e-01
3.610416666666666430e+01,-4.604871920546820263e-01
3.612500000000000000e+01,-3.498180830281720777e-01
3.614583333333332860e+01,3.162929623014554825e-01
3.616666666666666430e+01,1.927762720956613107e-01
3.618750000000000000e+01,-4.232191757993559178e-01
3.620833333333332860e+01,-2.896623548962853345e-01
3.622916666666666430e+01,3.610829704526208328e-01
3.625000000000000000e+01,2.154765741094056275e-01
3.627083333333332860e+01,-2.578086036270418324e-01
3.629166666666666430e+01,-1.901774544731332783e-02
3.631250000000000000e+01,6.430770848612433754e-01
3.633333333333332860e+01,5.073609175858101450e-01
3.635416666666666430e+01,-1.322131827792671355e-01
3.637500000000000000e+01,-4.479488126275965598e-03
3.639583333333332860e+01,3.711263647627113249e-01
3.641666666666666430e+01,3.780534607519703272e-02
3.643750000000000000e+01,-4.251015670856546080e-01
3.645833333333332860e+01,-1.757338087646583280e-01
3.647916666666666430e+01,4.859647477957078632e-01
3.650000000000000000e+01,3.427210978851066847e-01
3.652083333333332860e+01,-3.015350176029107931e-01
3.654166666666666430e+01,-1.728149391594429596e-01
3.656250000000000000e+01,2.493759988776009795e-01
3.658333333333332860e+01,-5.128431666248517429e-02
3.660416666666666430e+01,-6.202871302266010911e-01
3.662500000000000000e+01,-4.415745011843268952e-01
3.664583333333332860e+01,2.203027667968252001e-01
3.666666666666666430e+01,7.747988820765444595e-02
3.668750000000000000e+01,-5.633403139647565894e-01
3.670833333333332860e+01,-4.320137438595756385e-01
3.672916666666666430e+01,2.296823335867293203e-01
3.675000000000000000e+01,8.956652331667727673e-02
3.677083333333332860e+01,-3.072736506317571559e-01
3.679166666666666430e+01,-1.566975117558366826e-02
3.681250000000000000e+01,5.587494331354750932e-01
3.683333333333332860e+01,3.570556651733930442e-01
3.685416666666666430e+01,-2.855221150994354806e-01
3.687500000000000000e+01,-1.568109898655246082e-01
3.689583333333332860e+01,5.051074659789671628e-01
3.691666666666666430e+01,3.636471327834822631e-01
3.693750000000000000e+01,-2.792539277579899060e-01
3.695833333333332860e+01,-1.527258144807224216e-01
3.697916666666666430e+01,5.051239666367359771e-01
3.700000000000000000e+01,3.635440819197466311e-01
3.702083333333332860e+01,-2.795910077934383176e-01
3.704166666666666430e+01,-1.556487078311649119e-01
3.706250000000000000e+01,2.382108551521082696e-01
3.708333333333332860e+01,-6.953248092134522995e-02
3.710416666666666430e+01,-5.452369010380991865e-01
3.712500000000000000e+01,-3.155360354094238762e-01
3.714583333333332860e+01,3.485899985905398513e-01
3.716666666666666430e+01,2.134274789289881402e-01
3.718750000000000000e+01,-4.301719031081716049e-01
3.720833333333332860e+01,-3.062242193709729943e-01
3.722916666666666430e+01,3.568305309189134800e-01
3.725000000000000000e+01,2.179961479497614651e-01
3.727083333333332860e+01,-4.248436641679358416e-01
3.729166666666666430e+01,-2.968060021531843673e-01
3.731250000000000000e+01,3.659627302656495718e-01
3.733333333333332860e+01,2.237509935526026117e-01
3.735416666666666430e+01,-4.184430499224059408e-01
3.737500000000000000e+01,-2.882100821520632294e-01
3.739583333333332860e+01,3.732613555373133218e-01
3.741666666666666430e+01,2.281955628150937609e-01
3.743750000000000000e+01,-4.134238762161536185e-01
3.745833333333332860e+01,-2.806784368081464143e-01
3.747916666666666430e+01,3.801790701520358917e-01
3.750000000000000000e+01,2.327169011795841291e-01
3.752083333333332860e+01,-4.084182839506543261e-01
3.754166666666666430e+01,-2.735869830776170297e-01
3.756250000000000000e+01,3.784504486765528641e-01
3.758333333333332860e+01,2.381578787926558749e-01
3.760416666666666430e+01,-3.860518027912928085e-01
3.762500000000000000e+01,-2.505371096654310792e-01
3.764583333333332860e+01,4.141191116600301259e-01
3.766666666666666430e+01,2.791331807720109914e-01
3.768750000000000000e+01,-3.104255986402428835e-01
3.770833333333332860e+01,-1.583152184781486393e-01
3.772916666666666430e+01,5.072969942002986121e-01
3.775000000000000000e+01,3.846207268734743168e-01
3.777083333333332860e+01,-2.821300293827039285e-01
3.779166666666666430e+01,-1.879500953726983004e-01
3.781250000000000000e+01,4.581269049810723359e-01
3.783333333333332860e+01,3.193122415263723313e-01
3.785416666666666430e+01,-3.523583067733032648e-01
3.787500000000000000e+01,-2.567519969353485032e-01
3.789583333333332860e+01,3.643911609432355370e-01
3.791666666666666430e+01,2.146394780555347381e-01
3.793750000000000000e+01,-3.127598412696018793e-01
3.795833333333332860e+01,-1.241799833664849889e-01
3.797916666666666430e+01,4.907903098193069358e-01
3.800000000000000000e+01,3.178471599042203000e-01
3.802083333333332860e+01,-3.735481914238537593e-01
3.804166666666666430e+01,-2.712515490037013532e-01
3.806250000000000000e+01,3.468330184470497235e-01
3.808333333333332860e+01,1.663962330484918539e-01
3.810416666666666430e+01,-4.434557097700255746e-01
3.812500000000000000e+01,-2.947175063541089823e-01
3.814583333333332860e+01,3.186201507276482658e-01
3.816666666666666430e+01,1.404387107465165652e-01
3.818750000000000000e+01,-3.626594759240415744e-01
3.820833333333332860e+01,-1.453179131704681604e-01
3.822916666666666430e+01,4.684195194350253555e-01
3.825000000000000000e+01,2.933992992581382908e-01
3.827083333333332860e+01,-3.983627008645844736e-01
3.829166666666666430e+01,-3.099766186423072445e-01
3.831250000000000000e+01,3.047733281681432871e-01
3.833333333333332860e+01,1.342307143936097569e-01
3.835416666666666430e+01,-4.742850224202737608e-01
3.837500000000000000e+01,-3.340518492089810110e-01
3.839583333333332860e+01,2.818119730714794269e-01
3.841666666666666430e+01,1.201886173302377792e-01
3.843750000000000000e+01,-3.126711359853761585e-01
3.845833333333332860e+01,-5.928964705561026727e-02
3.847916666666666430e+01,5.566723421568685604e-01
3.850000000000000000e+01,3.904776429387972758e-01
3.852083333333332860e+01,-3.030156690689507770e-01
3.854166666666666430e+01,-2.215753695404300005e-01
3.856250000000000000e+01,3.941079859772167460e-01
3.858333333333332860e+01,2.350233745250105699e-01
3.860416666666666430e+01,-4.532127698575733055e-01
3.862500000000000000e+01,-3.668991058795210702e-01
3.864583333333332860e+01,2.475870325344528555e-01
3.866666666666666430e+01,7.081608362227262421e-02
3.868750000000000000e+01,-4.752697226565133493e-01
3.870833333333332860e+01,-2.806660417858176659e-01
3.872916666666666430e+01,3.313129390083028869e-01
3.875000000000000000e+01,1.427519907672695210e-01
3.877083333333332860e+01,-4.543912124546233278e-01
3.879166666666666430e+01,-2.649676472853115250e-01
3.881250000000000000e+01,3.586559222791307899e-01
3.883333333333332860e+01,1.931923440546715887e-01
3.885416666666666430e+01,-3.673484545645928634e-01
3.887500000000000000e+01,-1.561988082732413408e-01
3.889583333333332860e+01,4.768348999334111604e-01
3.891666666666666430e+01,3.472757036973286304e-01
3.893750000000000000e+01,-3.152532498290404606e-01
3.895833333333332860e+01,-1.753349638638309060e-01
3.897916666666666430e+01,4.676915423456767251e-01
3.900000000000000000e+01,3.433681410342309115e-01
3.902083333333332860e+01,-3.201783569471030599e-01
3.904166666666666430e+01,-1.864424212375133116e-01
3.906250000000000000e+01,4.570565468894455252e-01
3.908333333333332860e+01,3.383995446057002088e-01
3.910416666666666430e+01,-3.264097615144331832e-01
3.912500000000000000e+01,-2.014932140995259746e-01
3.914583333333332860e+01,4.419249071889694847e-01
3.916666666666666430e+01,3.298768968476942787e-01
3.918750000000000000e+01,-3.363245065308273496e-01
3.920833333333332860e+01,-2.132431272646985454e-01
3.922916666666666430e+01,4.496813369841490271e-01
3.925000000000000000e+01,3.492980370722847949e-01
3.927083333333332860e+01,-3.006438374414717174e-01
3.929166666666666430e+01,-2.502914974873684528e-01
3.931250000000000000e+01,1.580048536518285363e-01
3.933333333333332860e+01,-7.786375241295950822e-02
3.935416666666666430e+01,-6.990363574115590062e-01
3.937500000000000000e+01,-5.338251727786651468e-01
3.939583333333332860e+01,1.100496176984711860e-01
3.941666666666666430e+01,-1.619859844521423509e-02
3.943750000000000000e+01,-4.207010110313725848e-01
3.945833333333332860e+01,-1.058470754608994424e-01
3.947916666666666430e+01,4.695741491465403872e-01
3.950000000000000000e+01,2.923663819445409540e-01
3.952083333333332860e+01,-3.685209220431757693e-01
3.954166666666666430e+01,-2.256710195541741792e-01
3.956250000000000000e+01,4.117228120129090563e-01
3.958333333333332860e+01,2.746722620455016028e-01
3.960416666666666430e+01,-3.824957589888873244e-01
3.962500000000000000e+01,-2.282596554442667958e-01
3.964583333333332860e+01,4.124508336643787354e-01
3.966666666666666430e+01,2.736766606808025415e-01
3.968750000000000000e+01,-3.826003513963596170e-01
3.970833333333332860e+01,-2.290807588216851876e-01
3.972916666666666430e+01,4.120268942355952424e-01
3.975000000000000000e+01,2.776103348523249470e-01
3.977083333333332860e+01,-3.838049299922171587e-01
3.979166666666666430e+01,-2.472069592062349219e-01
3.981250000000000000e+01,3.907732120729268122e-01
3.983333333333332860e+01,2.645076690355635529e-01
3.985416666666666430e+01,-3.985879897170666597e-01
3.987500000000000000e+01,-2.625930685337241610e-01
3.989583333333332860e+01,3.814616097970022213e-01
3.991666666666666430e+01,2.622680906671120415e-01
3.993750000000000000e+01,-4.022847608442275402e-01
3.995833333333332860e+01,-2.737672173302675427e-01
3.997916666666666430e+01,3.715017775859060234e-01
4.000000000000000000e+01,2.597052449815742126e-01
4.002083333333332860e+01,-3.967223101082407721e-01
4.004166666666666430e+01,-2.695702705834265855e-01
4.006250000000000000e+01,3.809325121548993165e-01
4.008333333333332860e+01,2.786706563578274509e-01
4.010416666666666430e+01,-3.072798947262302405e-01
4.012500000000000000e+01,-1.366207870321482776e-01
4.014583333333332860e+01,5.215095565355103435e-01
4.016666666666666430e+01,4.235190534771471338e-01
4.018750000000000000e+01,-2.429973528629637280e-01
4.020833333333332860e+01,-1.196647844535637661e-01
4.022916666666666430e+01,5.230603292314410790e-01
4.025000000000000000e+01,4.020708645416688487e-01
4.027083333333332860e+01,-2.592358628324714642e-01
4.029166666666666430e+01,-1.159651205621607395e-01
4.031250000000000000e+01,5.023169037108450308e-01
4.033333333333332860e+01,3.516761110734877849e-01
4.035416666666666430e+01,-2.939433495307666178e-01
4.037500000000000000e+01,-1.379453395341270761e-01
4.039583333333332860e+01,1.244317368643831356e-01
4.041666666666666430e+01,-2.581517443820203761e-01
4.043750000000000000e+01,-3.186041204793767512e-01
4.045833333333332860e+01,2.239243553833164535e-01
4.047916666666666430e+01,9.313157262890336963e-02
4.050000000000000000e+01,-5.466540670543948988e-01
4.052083333333332860e+01,-4.247693799973549234e-01
4.054166666666666430e+01,2.357795365573725488e-01
4.056250000000000000e+01,9.497920656562290620e-02
4.058333333333332860e+01,-5.496008027398227025e-01
4.060416666666666430e+01,-4.283881967753661035e-01
4.062500000000000000e+01,2.210599477814422231e-01
4.064583333333332860e+01,9.359757372217382410e-02
4.066666666666666430e+01,-5.366848439383200553e-01
4.068750000000000000e+01,-4.115740535358965446e-01
4.070833333333332860e+01,2.514549460480012821e-01
4.072916666666666430e+01,1.100990299707577669e-01
4.075000000000000000e+01,-3.703155029238628382e-01
4.077083333333332860e+01,-1.349723447518324515e-01
4.079166666666666430e+01,5.288382922591745583e-01
4.081250000000000000e+01,3.867822821834432379e-01
4.083333333333332860e+01,-2.628464355410652376e-01
4.085416666666666430e+01,-1.412243754340822832e-01
4.087500000000000000e+01,5.173963586843478568e-01
4.089583333333332860e+01,3.978031298312523223e-01
4.091666666666666430e+01,-2.330468990048075173e-01
4.093750000000000000e+01,-9.452972901497123936e-02
4.095833333333332860e+01,5.791549047152952934e-01
4.097916666666666430e+01,4.618363930927600336e-01
4.100000000000000000e+01,-1.702295568250257185e-01
4.102083333333332860e+01,-8.078419187618979258e-02
4.104166666666666430e+01,2.814294201105440596e-01
4.106250000000000000e+01,1.994000570801512939e-03
4.108333333333332860e+01,-4.751795567237779294e-01
4.110416666666666430e+01,-2.133808668332574376e-01
4.112500000000000000e+01,4.856471292364970549e-01
4.114583333333332860e+01,3.918181466269554658e-01
4.116666666666666430e+01,-2.216177206370587294e-01
4.118750000000000000e+01,-2.907141811593266789e-01
4.120833333333332860e+01,2.296444539762582671e-01
4.122916666666666430e+01,1.275981509830773630e-01
4.125000000000000000e+01,-4.802894885436720385e-01
4.127083333333332860e+01,-3.107242367481896639e-01
4.129166666666666430e+01,3.623783230747463779e-01
4.131250000000000000e+01,2.600042966945468881e-01
4.133333333333332860e+01,-3.492882597253597621e-01
4.135416666666666430e+01,-2.315724243338483646e-01
4.137500000000000000e+01,1.488966988427750382e-01
4.139583333333332860e+01,-1.337502697230434356e-01
4.141666666666666430e+01,-5.375819047981048593e-01
4.143750000000000000e+01,-2.221973129999466334e-01
4.145833333333332860e+01,4.053980335710499761e-01
4.147916666666666430e+01,2.581360333358547199e-01
4.150000000000000000e+01,-3.639025853653320985e-01
4.152083333333332860e+01,-1.915579276201869463e-01
4.154166666666666430e+01,3.558548671702607691e-01
4.156250000000000000e+01,1.565287966792826002e-01
4.158333333333332860e+01,-4.601611250135488884e-01
4.160416666666666430e+01,-2.892150789077084783e-01
4.162500000000000000e+01,4.060309900456120502e-01
4.164583333333332860e+01,3.135049511443592229e-01
4.166666666666666430e+01,-2.896850284332379566e-01
4.168750000000000000e+01,-1.442022085598821668e-01
4.170833333333332860e+01,3.535260735131651733e-01
4.172916666666666430e+01,1.503367825344429920e-01
4.175000000000000000e+01,-4.530511826871423953e-01
4.177083333333332860e+01,-2.847239683460482951e-01
4.179166666666666430e+01,4.070675299692203541e-01
4.181250000000000000e+01,3.152883800376931056e-01
4.183333333333332860e+01,-3.000114869397194628e-01
4.185416666666666430e+01,-1.339951581947942394e-01
4.187500000000000000e+01,5.137085696919185818e-01
4.189583333333332860e+01,3.904062433977473212e-01
4.191666666666666430e+01,-2.168538399622407797e-01
4.193750000000000000e+01,-1.289105731873235183e-01
4.195833333333332860e+01,2.319394735300989441e-01
4.197916666666666430e+01,-4.046012732040998872e-02
4.200000000000000000e+01,-4.303038469317345127e-01
4.202083333333332860e+01,-1.154321222559023530e-01
4.204166666666666430e+01,4.039648282660481815e-01
4.206250000000000000e+01,1.952409678460184927e-01
4.208333333333332860e+01,-4.125323226834401447e-01
4.210416666666666430e+01,-2.434291791332330313e-01
4.212500000000000000e+01,4.226059369368403984e-01
4.214583333333332860e+01,3.162101445922524401e-01
4.216666666666666430e+01,-3.223717922667211910e-01
4.218750000000000000e+01,-1.699889989946743452e-01
4.220833333333332860e+01,3.722929705491529462e-01
4.222916666666666430e+01,1.813595781729553380e-01
4.225000000000000000e+01,-4.831084154656050123e-01
4.227083333333332860e+01,-3.403484120625358544e-01
4.229166666666666430e+01,3.142317953031917854e-01
4.231250000000000000e+01,1.910883612177362301e-01
4.233333333333332860e+01,-4.775015913160691738e-01
4.235416666666666430e+01,-3.343342469174865883e-01
4.237500000000000000e+01,3.195996165914768428e-01
4.239583333333332860e+01,1.970485454706958628e-01
4.241666666666666430e+01,-4.662636361263600149e-01
4.243750000000000000e+01,-3.346687712726125197e-01
4.245833333333332860e+01,3.049182782555986404e-01
4.247916666666666430e+01,1.836405700761220838e-01
4.250000000000000000e+01,-2.861808974573992748e-01
4.252083333333332860e+01,-1.919403606367225956e-02
4.254166666666666430e+01,6.244226173205084107e-01
4.256250000000000000e+01,5.033455262042081380e-01
4.258333333333332860e+01,-1.477170884633245140e-01
4.260416666666666430e+01,-2.637665204005337077e-02
4.262500000000000000e+01,4.497584145713403592e-01
4.264583333333332860e+01,2.102886026123798879e-01
4.266666666666666430e+01,-4.606061292407453989e-01
4.268750000000000000e+01,-3.446819979969585890e-01
4.270833333333332860e+01,2.841667593888190235e-01
4.272916666666666430e+01,1.304073192948493887e-01
4.275000000000000000e+01,-4.706322543136313152e-01
4.277083333333332860e+01,-3.227963579587272980e-01
4.279166666666666430e+01,2.895919073474813032e-01
4.281250000000000000e+01,1.188473909644074678e-01
4.283333333333332860e+01,-2.900689186394346253e-01
4.285416666666666430e+01,-4.789147110704342070e-03
4.287500000000000000e+01,5.437912076822645213e-01
4.289583333333332860e+01,3.304960991555423444e-01
4.291666666666666430e+01,-3.606927177754325475e-01
4.293750000000000000e+01,-2.657430604540126362e-01
4.295833333333332860e+01,3.433140531261558159e-01
4.297916666666666430e+01,1.741658217378375673e-01
4.300000000000000000e+01,-5.010225960067138384e-01
4.302083333333332860e+01,-3.988598638389879714e-01
4.304166666666666430e+01,2.132812601127537788e-01
4.306250000000000000e+01,1.763128582871781869e-01
4.308333333333332860e+01,-2.623272700482852660e-01
4.310416666666666430e+01,-5.269649003149314004e-02
4.312500000000000000e+01,5.667718875796237121e-01
4.314583333333332860e+01,3.942367868739419245e-01
4.316666666666666430e+01,-3.118968108834939690e-01
4.318750000000000000e+01,-2.173016537044090424e-01
4.320833333333332860e+01,4.028704340025767161e-01
4.322916666666666430e+01,2.309587293209701964e-01
4.325000000000000000e+01,-4.704366877407450409e-01
4.327083333333332860e+01,-3.764615428999396052e-01
4.329166666666666430e+01,2.352482975207395854e-01
4.331250000000000000e+01,6.669609217142552504e-02
4.333333333333332860e+01,-3.336762318355644408e-01
4.335416666666666430e+01,-5.112272093640849585e-02
4.337500000000000000e+01,4.955536924949652811e-01
4.339583333333332860e+01,2.859257274711867747e-01
4.341666666666666430e+01,-3.610257559160302554e-01
4.343750000000000000e+01,-2.469928018450585905e-01
4.345833333333332860e+01,4.062982734151064923e-01
4.347916666666666430e+01,2.663248150301655848e-01
4.350000000000000000e+01,-3.720118529011187669e-01
4.352083333333332860e+01,-2.527863670357533010e-01
4.354166666666666430e+01,3.795593604159883672e-01
4.356250000000000000e+01,2.307008666613022951e-01
4.358333333333332860e+01,-4.065278050077721916e-01
4.360416666666666430e+01,-2.871800053923205254e-01
4.362500000000000000e+01,3.672900878483325027e-01
4.364583333333332860e+01,2.268853864673429088e-01
4.366666666666666430e+01,-4.254734942608316972e-01
4.368750000000000000e+01,-3.099401978285495907e-01
4.370833333333332860e+01,3.487644488301191448e-01
4.372916666666666430e+01,2.209659865031749770e-01
4.375000000000000000e+01,-4.163623953654239651e-01
4.377083333333332860e+01,-2.937845871508566464e-01
4.379166666666666430e+01,3.615050075831414134e-01
4.381250000000000000e+01,2.107316371499365348e-01
4.383333333333332860e+01,-4.461613633681366098e-01
4.385416666666666430e+01,-3.223233371311290396e-01
4.387500000000000000e+01,3.506635094628182125e-01
4.389583333333332860e+01,2.069972332693373329e-01
4.391666666666666430e+01,-4.597161435740093616e-01
4.393750000000000000e+01,-3.400162983214764512e-01
4.395833333333332860e+01,3.289667364726069909e-01
4.397916666666666430e+01,1.825240261591428714e-01
4.400000000000000000e+01,-4.734995068523973893e-01
4.402083333333332860e+01,-3.506433558870518663e-01
4.404166666666666430e+01,3.109122559417027976e-01
4.406250000000000000e+01,1.813209049499486247e-01
4.408333333333332860e+01,-4.548118877186254627e-01
4.410416666666666430e+01,-3.334951054980764829e-01
4.412500000000000000e+01,3.227835775316417188e-01
4.414583333333332860e+01,1.815531415335636112e-01
4.416666666666666430e+01,-1.534733545631726259e-01
4.418750000000000000e+01,1.713636691240079668e-01
4.420833333333332860e+01,4.884083358481174364e-01
4.422916666666666430e+01,1.417132316868593422e-01
4.425000000000000000e+01,-1.064522073071308833e-01
4.427083333333332860e+01,2.656001380531400891e-01
4.429166666666666430e+01,2.140828419191426746e-01
4.431250000000000000e+01,-2.561883200881605593e-01
4.433333333333332860e+01,-2.696192631094630754e-02
4.435416666666666430e+01,6.326439283537479419e-01
4.437500000000000000e+01,5.238993834784416714e-01
4.439583333333332860e+01,-1.332489853812964253e-01
4.441666666666666430e+01,-7.107130124239330327e-02
4.443750000000000000e+01,2.761072320096626953e-01
4.445833333333332860e+01,-9.710276011688334652e-03
4.447916666666666430e+01,-4.759196930587727969e-01
4.450000000000000000e+01,-2.078710162167682063e-01
4.452083333333332860e+01,4.355311711431265054e-01
4.454166666666666430e+01,3.127446668737504099e-01
4.456250000000000000e+01,-3.507603192204581388e-01
4.458333333333332860e+01,-2.257511441232384342e-01
4.460416666666666430e+01,2.612204435718049611e-01
4.462500000000000000e+01,3.652447153867027785e-02
4.464583333333332860e+01,-6.306903597456541277e-01
4.466666666666666430e+01,-4.969280552962993536e-01
4.468750000000000000e+01,1.478710852728325476e-01
4.470833333333332860e+01,2.899231964081729063e-02
4.472916666666666430e+01,-5.748106591968212831e-01
4.475000000000000000e+01,-4.029351961821161510e-01
4.477083333333332860e+01,2.524547919868136980e-01
4.479166666666666430e+01,1.401132404802801490e-01
4.481250000000000000e+01,-4.156986113351649470e-01
4.483333333333332860e+01,-2.040586711202919679e-01
4.485416666666666430e+01,4.383791927007539280e-01
4.487500000000000000e+01,3.040745044128121410e-01
4.489583333333332860e+01,-3.455451551147923350e-01
4.491666666666666430e+01,-1.892763242519971967e-01
4.493750000000000000e+01,4.491192218674711079e-01
4.495833333333332860e+01,3.108531802888890860e-01
4.497916666666666430e+01,-3.496159475116245585e-01
4.500000000000000000e+01,-2.019971718695623975e-01
4.502083333333332860e+01,4.379258625445465181e-01
4.504166666666666430e+01,3.032854699505385110e-01
4.506250000000000000e+01,-2.713730350478338327e-01
4.508333333333332860e+01,-7.133104393365390095e-02
4.510416666666666430e+01,5.682640130790604927e-01
4.512500000000000000e+01,4.376618823399923697e-01
4.514583333333332860e+01,-2.247238907201858926e-01
4.516666666666666430e+01,-8.349695852945770991e-02
4.518750000000000000e+01,5.589774426826947806e-01
4.520833333333332860e+01,4.327081044173478608e-01
4.522916666666666430e+01,-2.305770825086367881e-01
4.525000000000000000e+01,-9.709393207865690822e-02
4.527083333333332860e+01,4.058155812012954611e-01
4.529166666666666430e+01,1.927114185543604696e-01
4.531250000000000000e+01,-4.715307573405819741e-01
4.533333333333332860e+01,-3.396450767838279372e-01
4.535416666666666430e+01,3.052731043327585603e-01
4.537500000000000000e+01,1.898024772970096086e-01
4.539583333333332860e+01,-4.755302728434371295e-01
4.541666666666666430e+01,-3.493348464897473860e-01
4.543750000000000000e+01,3.062021049649528148e-01
4.545833333333332860e+01,2.007684868892442298e-01
4.547916666666666430e+01,-4.643379257422879935e-01
4.550000000000000000e+01,-3.377428947014079474e-01
4.552083333333332860e+01,3.043029804392295423e-01
4.554166666666666430e+01,1.831443511791936152e-01
4.556250000000000000e+01,-4.799276378451803882e-01
4.558333333333332860e+01,-3.399095608298458582e-01
4.560416666666666430e+01,3.027193457025133538e-01
4.562500000000000000e+01,1.714911623307701083e-01
4.564583333333332860e+01,-4.809895846323927748e-01
4.566666666666666430e+01,-3.272354526236119776e-01
4.568750000000000000e+01,3.145504366325510559e-01
4.570833333333332860e+01,1.819201394515179704e-01
4.572916666666666430e+01,-4.793962778361378629e-01
4.575000000000000000e+01,-3.358349551953851986e-01
4.577083333333332860e+01,3.065461844063006591e-01
4.579166666666666430e+01,1.786285893539306391e-01
4.581250000000000000e+01,-4.837134382357525242e-01
4.583333333333332860e+01,-3.529180890391406811e-01
4.585416666666666430e+01,2.856182188402001665e-01
4.587500000000000000e+01,1.637126245598431451e-01
4.589583333333332860e+01,-4.997549424490236314e-01
4.591666666666666430e+01,-3.668009267602929113e-01
4.593750000000000000e+01,2.778330905016025421e-01
4.595833333333332860e+01,2.983421196755782767e-01
4.597916666666666430e+01,-2.124231807289532759e-01
4.600000000000000000e+01,-4.357582298428158696e-02
4.602083333333332860e+01,6.070629539082996740e-01
4.604166666666666430e+01,4.941407078306480627e-01
4.606250000000000000e+01,-1.729637969074235282e-01
4.608333333333332860e+01,-4.418721728665722659e-02
4.610416666666666430e+01,6.002461974940676015e-01
4.612500000000000000e+01,4.814713248786538502e-01
4.614583333333332860e+01,-1.829357957924366840e-01
4.616666666666666430e+01,-4.925923098545284540e-02
4.618750000000000000e+01,5.942335021577836995e-01
4.620833333333332860e+01,4.712331030105987306e-01
4.622916666666666430e+01,-1.920932063312377758e-01
4.625000000000000000e+01,-1.407213054442877920e-01
4.627083333333332860e+01,2.304969918222924963e-01
4.629166666666666430e+01,-3.795108259311780197e-02
4.631250000000000000e+01,-5.801361574829789758e-01
4.633333333333332860e+01,-3.584317725446665714e-01
4.635416666666666430e+01,2.842944666794094966e-01
4.637500000000000000e+01,1.554763555851504941e-01
4.639583333333332860e+01,-5.060994941249359336e-01
4.641666666666666430e+01,-3.685468008963199704e-01
4.643750000000000000e+01,2.695714316618604833e-01
4.645833333333332860e+01,1.390928849000730161e-01
4.647916666666666430e+01,-5.222639988716215598e-01
4.650000000000000000e+01,-3.766621362958298969e-01
4.652083333333332860e+01,2.654170257169971014e-01
4.654166666666666430e+01,1.326517549492055581e-01
4.656250000000000000e+01,-5.281483456743784055e-01
4.658333333333332860e+01,-3.805376561149012016e-01
4.660416666666666430e+01,2.612257310930469756e-01
4.662500000000000000e+01,1.373671400312515001e-01
4.664583333333332860e+01,-2.094767993918892346e-01
4.666666666666666430e+01,1.432453544516660293e-01
4.668750000000000000e+01,4.109731473638488786e-01
4.670833333333332860e+01,2.730394759864958332e-02
4.672916666666666430e+01,-3.042749756574515685e-02
4.675000000000000000e+01,5.141565036572766090e-01
4.677083333333332860e+01,3.691087981643220162e-01
4.679166666666666430e+01,-2.823833918394615394e-01
4.681250000000000000e+01,-1.607254199664603367e-01
4.683333333333332860e+01,4.940069737853842735e-01
4.685416666666666430e+01,3.582983822390872763e-01
4.687500000000000000e+01,-2.753185984499656458e-01
4.689583333333332860e+01,-1.563025852820882633e-01
4.691666666666666430e+01,3.542832920504279115e-01
4.693750000000000000e+01,1.473117760131307241e-01
4.695833333333332860e+01,-4.697391959838180253e-01
4.697916666666666430e+01,-3.341373251881814554e-01
4.700000000000000000e+01,3.260227444104946137e-01
4.702083333333332860e+01,2.163030046519560656e-01
4.704166666666666430e+01,-4.004145348703284091e-01
4.706250000000000000e+01,-2.345981985508632239e-01
4.708333333333332860e+01,3.090580610074314394e-01
4.710416666666666430e+01,1.254014272381948070e-01
4.712500000000000000e+01,-5.043908336107471024e-01
4.714583333333332860e+01,-3.495526868824168076e-01
4.716666666666666430e+01,2.941056870883149710e-01
4.718750000000000000e+01,1.623598704812012350e-01
4.720833333333332860e+01,-5.070858260184067934e-01
4.722916666666666430e+01,-3.651385765154019913e-01
4.725000000000000000e+01,2.822545021421961620e-01
4.727083333333332860e+01,1.613205600212032076e-01
4.729166666666666430e+01,-4.823749554010925977e-01
4.731250000000000000e+01,-3.384610728521914025e-01
4.733333333333332860e+01,3.018926338702194179e-01
4.735416666666666430e+01,1.807899763807963300e-01
4.737500000000000000e+01,-4.797096805330888225e-01
4.739583333333332860e+01,-3.377752953118728918e-01
4.741666666666666430e+01,3.113818562357338338e-01
4.743750000000000000e+01,1.894442927336241200e-01
4.745833333333332860e+01,-1.964434861899561624e-01
4.747916666666666430e+01,1.255506933524474511e-01
4.750000000000000000e+01,5.731974003179259869e-01
4.752083333333332860e+01,3.199394294210426981e-01
4.754166666666666430e+01,-3.402830459150887332e-01
4.756250000000000000e+01,-2.094159233728976610e-01
4.758333333333332860e+01,4.298368058940654768e-01
4.760416666666666430e+01,3.079783430240453646e-01
4.762500000000000000e+01,-3.545175052388875869e-01
4.764583333333332860e+01,-2.126668133031615060e-01
4.766666666666666430e+01,4.372971050915608338e-01
4.768750000000000000e+01,3.150014430183453173e-01
4.770833333333332860e+01,-3.433022216114042235e-01
4.772916666666666430e+01,-2.090097445465897708e-01
4.775000000000000000e+01,4.318946349693015274e-01
4.777083333333332860e+01,3.098179230198526701e-01
4.779166666666666430e+01,-3.404651613306284297e-01
4.781250000000000000e+01,-1.903723032498127743e-01
4.783333333333332860e+01,4.589591480415938229e-01
4.785416666666666430e+01,3.368481230940149063e-01
4.787500000000000000e+01,-3.237237311757490410e-01
4.789583333333332860e+01,-1.981516263984302029e-01
4.791666666666666430e+01,4.375847907712501761e-01
4.793750000000000000e+01,3.154008703175821271e-01
4.795833333333332860e+01,-3.491399340714235189e-01
4.797916666666666430e+01,-2.065259257226353673e-01
4.800000000000000000e+01,4.485903318957911168e-01
4.802083333333332860e+01,3.250564585732553802e-01
4.804166666666666430e+01,-3.419910294908246606e-01
4.806250000000000000e+01,-1.970961153673275734e-01
4.808333333333332860e+01,4.584425020632008629e-01
4.810416666666666430e+01,3.352487552200337784e-01
4.812500000000000000e+01,-3.305296861246182494e-01
4.814583333333332860e+01,-1.889730249898810555e-01
4.816666666666666430e+01,2.038631003008589682e-01
4.818750000000000000e+01,-8.638131799927739607e-02
4.820833333333332860e+01,-6.343327688081179527e-01
4.822916666666666430e+01,-4.306470742886920888e-01
4.825000000000000000e+01,2.035367348345516469e-01
4.827083333333332860e+01,8.390663314537791240e-02
4.829166666666666430e+01,-5.681560414021005201e-01
4.831250000000000000e+01,-4.281616650562457549e-01
4.833333333333332860e+01,2.106355991932160610e-01
4.835416666666666430e+01,9.135126388291217592e-02
4.837500000000000000e+01,-5.019665799604224876e-01
4.839583333333332860e+01,-3.430992963625350556e-01
4.841666666666666430e+01,2.831191060732058395e-01
4.843750000000000000e+01,1.456862624855980726e-01
4.845833333333332860e+01,-2.920724842480855177e-01
4.847916666666666430e+01,-2.216603428965391309e-02
4.850000000000000000e+01,6.067487310003945034e-01
4.852083333333332860e+01,4.461504605766479781e-01
4.854166666666666430e+01,-2.360408153910982243e-01
4.856250000000000000e+01,-1.391964231607097924e-01
4.858333333333332860e+01,4.742073643615023482e-01
4.860416666666666430e+01,3.028110580109029115e-01
4.862500000000000000e+01,-3.986123401726886506e-01
4.864583333333332860e+01,-3.044960003470413845e-01
4.866666666666666430e+01,3.128951986610442049e-01
4.868750000000000000e+01,1.414008715186992338e-01
4.870833333333332860e+01,-3.494410225918500590e-01
4.872916666666666430e+01,-1.161818197682936982e-01
4.875000000000000000e+01,4.961731954964961888e-01
4.877083333333332860e+01,3.262830910517482419e-01
4.879166666666666430e+01,-3.427470191763869467e-01
4.881250000000000000e+01,-2.358859883371616228e-01
4.883333333333332860e+01,4.062303471283060796e-01
4.885416666666666430e+01,2.537458049497622325e-01
4.887500000000000000e+01,-3.925018427510531538e-01
4.889583333333332860e+01,-2.706815332810821872e-01
4.891666666666666430e+01,3.914034890093018304e-01
4.893750000000000000e+01,2.495559783985453195e-01
4.895833333333332860e+01,-3.993993866950846239e-01
4.897916666666666430e+01,-2.775765419548679169e-01
4.900000000000000000e+01,3.788141147759647720e-01
4.902083333333332860e+01,2.431192162227437392e-01
4.904166666666666430e+01,-3.957184951304643650e-01
4.906250000000000000e+01,-2.747495712448465022e-01
4.908333333333332860e+01,3.820972092734867820e-01
4.910416666666666430e+01,2.442093185307421255e-01
4.912500000000000000e+01,-3.959035111001256713e-01
4.914583333333332860e+01,-2.755420221218824461e-01
4.916666666666666430e+01,3.730423232821176716e-01
4.918750000000000000e+01,2.471430431008325157e-01
4.920833333333332860e+01,-3.826351974257179989e-01
4.922916666666666430e+01,-2.514259170859984294e-01
4.925000000000000000e+01,4.163034109696924778e-01
4.927083333333332860e+01,2.746961994976463428e-01
4.929166666666666430e+01,-3.729078269782396537e-01
4.931250000000000000e+01,-2.514859711878835169e-01
4.933333333333332860e+01,4.016585468789654612e-01
4.935416666666666430e+01,2.722442498602510863e-01
4.937500000000000000e+01,-3.635928260247806021e-01
4.939583333333332860e+01,-2.356006200669800155e-01
4.941666666666666430e+01,4.337305495228681029e-01
4.943750000000000000e+01,2.910056903484341539e-01
4.945833333333332860e+01,-3.626120824180751878e-01
4.947916666666666430e+01,-2.397738718959603887e-01
4.950000000000000000e+01,4.260476537819566922e-01
4.952083333333332860e+01,2.841887647061523414e-01
4.954166666666666430e+01,-3.647166303149810274e-01
4.956250000000000000e+01,-2.432377550654186704e-01
4.958333333333332860e+01,4.037838762915090252e-01
4.960416666666666430e+01,2.627996171726703634e-01
4.962500000000000000e+01,-3.769502503085445655e-01
4.964583333333332860e+01,-2.555015102636689628e-01
4.966666666666666430e+01,4.058113027779205462e-01
4.968750000000000000e+01,2.639434169041979805e-01
4.970833333333332860e+01,-3.859038058894104228e-01
4.972916666666666430e+01,-2.636523307483693568e-01
4.975000000000000000e+01,3.993177827299446703e-01
4.977083333333332860e+01,2.576317331982462266e-01
4.979166666666666430e+01,-3.891943353112135573e-01
4.981250000000000000e+01,-2.680774587248531682e-01
4.983333333333332860e+01,2.461454799524022408e-01
4.985416666666666430e+01,1.996171438057153802e-02
4.987500000000000000e+01,-6.168072310573324835e-01
4.989583333333332860e+01,-4.950806198476092046e-01
4.991666666666666430e+01,1.656812289106152081e-01
4.993750000000000000e+01,2.444310904585966782e-02
4.995833333333332860e+01,-5.021999413598383644e-01
4.997916666666666430e+01,-2.976577292124930607e-01
5.000000000000000000e+01,3.663172831201962909e-01
5.002083333333332860e+01,2.245408367204252964e-01
5.004166666666666430e+01,-4.248151163484539805e-01
5.006250000000000000e+01,-3.029692211152247294e-01
5.008333333333332860e+01,3.545114303700190872e-01
5.010416666666666430e+01,2.313594607834758010e-01
5.012500000000000000e+01,-2.179712024043240493e-01
5.014583333333332860e+01,2.929945941445993851e-02
5.016666666666666430e+01,6.940327880472678679e-01
5.018750000000000000e+01,5.515526337557448144e-01
5.020833333333332860e+01,-9.943401625975167857e-02
5.022916666666666430e+01,2.237116640959815883e-02
5.025000000000000000e+01,4.867319337894026043e-01
5.027083333333332860e+01,2.130573445658839882e-01
5.029166666666666430e+01,-4.332508313409674794e-01
5.031250000000000000e+01,-3.122118913413059471e-01
5.033333333333332860e+01,3.380454631420728995e-01
5.035416666666666430e+01,2.125025275721837414e-01
5.037500000000000000e+01,-4.166582405869787009e-01
5.039583333333332860e+01,-2.825791384414000906e-01
5.041666666666666430e+01,3.843571372268299591e-01
5.043750000000000000e+01,2.527571976465670112e-01
5.045833333333332860e+01,-3.847720315398973634e-01
5.047916666666666430e+01,-2.636840319986660242e-01
5.050000000000000000e+01,3.945380978092993263e-01
5.052083333333332860e+01,2.536488275450428098e-01
5.054166666666666430e+01,-3.903687052538951097e-01
5.056250000000000000e+01,-2.696514745679844394e-01
5.058333333333332860e+01,3.809062009038635122e-01
5.060416666666666430e+01,2.561357394300330936e-01
5.062500000000000000e+01,-3.737489558450179938e-01
5.064583333333332860e+01,-2.386298575740113115e-01
5.066666666666666430e+01,4.297568583920167162e-01
5.068750000000000000e+01,2.975515046050559720e-01
5.070833333333332860e+01,-3.424786348614416998e-01
5.072916666666666430e+01,-2.207719272442536518e-01
5.075000000000000000e+01,4.416714642382633116e-01
5.077083333333332860e+01,2.996897116918508797e-01
5.079166666666666430e+01,-3.498712822973186753e-01
5.081250000000000000e+01,-2.279365088506774273e-01
5.083333333333332860e+01,4.331224569582265982e-01
5.085416666666666430e+01,3.033655058284975836e-01
5.087500000000000000e+01,-3.351196161784997241e-01
5.089583333333332860e+01,-2.135006426388145473e-01
5.091666666666666430e+01,2.220548623355816098e-01
5.093750000000000000e+01,-7.064754120549046612e-02
5.095833333333332860e+01,-6.466759663898338228e-01
5.097916666666666430e+01,-4.748564293697709049e-01
5.100000000000000000e+01,1.884322243570359101e-01
5.102083333333332860e+01,4.725947287585956225e-02
5.104166666666666430e+01,-5.115279253422428951e-01
5.106250000000000000e+01,-3.316421445702847359e-01
5.108333333333332860e+01,3.144879621691678562e-01
5.110416666666666430e+01,1.741965632426146215e-01
5.112500000000000000e+01,-4.077635412167786022e-01
5.114583333333332860e+01,-2.495812641155599199e-01
5.116666666666666430e+01,4.079728691757429915e-01
5.118750000000000000e+01,2.670091953172957222e-01
5.120833333333332860e+01,-3.258186226831107923e-01
5.122916666666666430e+01,-1.693272193214264698e-01
5.125000000000000000e+01,4.880780395849301234e-01
5.127083333333332860e+01,3.594830108588660811e-01
5.129166666666666430e+01,-2.764166139574069092e-01
5.131250000000000000e+01,-1.552047871447001237e-01
5.133333333333332860e+01,5.055347951396627071e-01
5.135416666666666430e+01,3.635511369198356491e-01
5.137500000000000000e+01,-2.866598021085255965e-01
5.139583333333332860e+01,-1.646010689250999026e-01
5.141666666666666430e+01,4.984012795502669180e-01
5.143750000000000000e+01,3.564443754075542481e-01
5.145833333333332860e+01,-2.911945264065590733e-01
5.147916666666666430e+01,-1.701501496807326375e-01
5.150000000000000000e+01,4.750719878079791014e-01
5.152083333333332860e+01,3.322767300324722672e-01
5.154166666666666430e+01,-3.081765729118305375e-01
5.156250000000000000e+01,-1.869837405532442376e-01
5.158333333333332860e+01,4.738769848556143582e-01
5.160416666666666430e+01,3.318637084508880286e-01
5.162500000000000000e+01,-3.177504735363457788e-01
5.164583333333332860e+01,-1.957475324186729870e-01
5.166666666666666430e+01,4.667657908404289624e-01
5.168750000000000000e+01,3.278021779932994151e-01
5.170833333333332860e+01,-3.174228099786658985e-01
5.172916666666666430e+01,-1.962264927080398791e-01
5.175000000000000000e+01,3.136723930989911979e-01
5.177083333333332860e+01,9.584097215028347660e-02
5.179166666666666430e+01,-5.343989530981169134e-01
5.181250000000000000e+01,-3.872356920203917086e-01
5.183333333333332860e+01,2.922864780035532295e-01
5.185416666666666430e+01,1.992508756038641193e-01
5.187500000000000000e+01,-4.240338891347460448e-01
5.189583333333332860e+01,-2.563453884187356646e-01
5.191666666666666430e+01,2.048663135869092655e-01
5.193750000000000000e+01,-5.016072477591815293e-02
5.195833333333332860e+01,-6.663337439187574374e-01
5.197916666666666430e+01,-4.948297103583990664e-01
5.200000000000000000e+01,1.957085285986030210e-01
5.202083333333332860e+01,9.881547472921123343e-02
5.204166666666666430e+01,-5.106140556894511739e-01
5.206250000000000000e+01,-3.409017193106519406e-01
5.208333333333332860e+01,3.354401527937665994e-01
5.210416666666666430e+01,2.346453125536092643e-01
5.212500000000000000e+01,-3.736283711045343403e-01
5.214583333333332860e+01,-2.037357522376541108e-01
5.216666666666666430e+01,4.924184523702921368e-01
5.218750000000000000e+01,3.991888998661208277e-01
5.220833333333332860e+01,-2.139339898484036162e-01
5.222916666666666430e+01,-4.364431488907916101e-02
5.225000000000000000e+01,5.394823819365420770e-01
5.227083333333332860e+01,3.716309599522090723e-01
5.229166666666666430e+01,-2.373948745246715897e-01
5.231250000000000000e+01,-6.869660317075128309e-02
5.233333333333332860e+01,3.697329853306228209e-01
5.235416666666666430e+01,1.121167945867580229e-01
5.237500000000000000e+01,-5.311777207484948971e-01
5.239583333333332860e+01,-3.839608789717287030e-01
5.241666666666666430e+01,2.573899538122849107e-01
5.243750000000000000e+01,1.367627778048329246e-01
5.245833333333332860e+01,-4.217537430514611829e-01
5.247916666666666430e+01,-2.156172714890520203e-01
5.250000000000000000e+01,4.272033785512696635e-01
5.252083333333332860e+01,3.066450399920169767e-01
5.254166666666666430e+01,-3.410700602331677156e-01
5.256250000000000000e+01,-2.114455773464934407e-01
5.258333333333332860e+01,4.208067205386357701e-01
5.260416666666666430e+01,2.926095044548627788e-01
5.262500000000000000e+01,-3.743091445448359922e-01
5.264583333333332860e+01,-2.322741178251046812e-01
5.266666666666666430e+01,4.185612880147252524e-01
5.268750000000000000e+01,2.961141978598500479e-01
5.270833333333332860e+01,-3.673494988039296971e-01
5.272916666666666430e+01,-2.311099201940401693e-01
5.275000000000000000e+01,4.133493672368449001e-01
5.277083333333332860e+01,2.915007407149714513e-01
5.279166666666666430e+01,-3.659298958357594111e-01
5.281250000000000000e+01,-2.315439946037309571e-01
5.283333333333332860e+01,4.083757010917020702e-01
5.285416666666666430e+01,2.867808656648602739e-01
5.287500000000000000e+01,-3.739309570794824289e-01
5.289583333333332860e+01,-2.326099194904761303e-01
5.291666666666666430e+01,4.143852503834621892e-01
5.293750000000000000e+01,2.928508993121279325e-01
5.295833333333332860e+01,-3.639389239212974525e-01
5.297916666666666430e+01,-2.430204773728487644e-01
5.300000000000000000e+01,3.883254809568865706e-01
5.302083333333332860e+01,2.475097423320752332e-01
5.304166666666666430e+01,-4.289736526460181665e-01
5.306250000000000000e+01,-3.146076894014298020e-01
5.308333333333332860e+01,3.175331641255855764e-01
5.310416666666666430e+01,1.510387764035786562e-01
5.312500000000000000e+01,-2.575639769009098190e-01
5.314583333333332860e+01,2.633015221036021786e-02
5.316666666666666430e+01,5.266790652651569538e-01
5.318750000000000000e+01,2.765916591564648863e-01
5.320833333333332860e+01,-4.193893971274924581e-01
5.322916666666666430e+01,-3.222296918542291166e-01
5.325000000000000000e+01,2.909503502617347692e-01
5.327083333333332860e+01,1.208402039640777414e-01
5.329166666666666430e+01,-4.280456815108100721e-01
5.331250000000000000e+01,-2.402118459145152485e-01
5.333333333333332860e+01,3.707235432183261237e-01
5.335416666666666430e+01,2.010871810532502968e-01
5.337500000000000000e+01,-4.968271264224575212e-01
5.339583333333332860e+01,-4.039925617675440006e-01
5.341666666666666430e+01,2.160417226734342444e-01
5.343750000000000000e+01,1.873093940520055289e-01
5.345833333333332860e+01,-2.658260029495068122e-01
5.347916666666666430e+01,-7.177130695290724616e-02
5.350000000000000000e+01,5.372656065500358569e-01
5.352083333333332860e+01,3.676419197188969257e-01
5.354166666666666430e+01,-3.014980855864364262e-01
5.356250000000000000e+01,-1.975067795813169602e-01
5.358333333333332860e+01,4.234405198422609429e-01
5.360416666666666430e+01,2.618968988987626645e-01
5.362500000000000000e+01,-4.185981395656224735e-01
5.364583333333332860e+01,-3.189113013930281459e-01
5.366666666666666430e+01,2.896024192610920922e-01
5.368750000000000000e+01,1.198632920818868269e-01
5.370833333333332860e+01,-5.245170777777637960e-01
5.372916666666666430e+01,-3.982995444257536599e-01
5.375000000000000000e+01,2.113569453557028188e-01
5.377083333333332860e+01,1.362723847914331932e-01
5.379166666666666430e+01,-2.377587400726086653e-01
5.381250000000000000e+01,2.294621527056187049e-02
5.383333333333332860e+01,4.799841057943814437e-01
5.385416666666666430e+01,2.106613593566028786e-01
5.387500000000000000e+01,-4.817157768465863965e-01
5.389583333333332860e+01,-3.899165866906511568e-01
5.391666666666666430e+01,2.164851735329552940e-01
5.393750000000000000e+01,2.478657134213780866e-01
5.395833333333332860e+01,-2.414633220380594247e-01
5.397916666666666430e+01,-1.065563494362078145e-01
5.400000000000000000e+01,5.112252027567607549e-01
5.402083333333332860e+01,3.455614849316198667e-01
5.404166666666666430e+01,-3.531076216417410318e-01
5.406250000000000000e+01,-2.599556409430814341e-01
5.408333333333332860e+01,3.530779625764133289e-01
5.410416666666666430e+01,1.827811679286602264e-01
5.412500000000000000e+01,-3.778922291198290040e-01
5.414583333333332860e+01,-1.960979932317409302e-01
5.416666666666666430e+01,4.219619570656288898e-01
5.418750000000000000e+01,2.526108526627123263e-01
5.420833333333332860e+01,-4.495778655413689706e-01
5.422916666666666430e+01,-3.542464510799172572e-01
5.425000000000000000e+01,2.649498985490288394e-01
5.427083333333332860e+01,1.915975480231874584e-01
5.429166666666666430e+01,-2.160826308957459196e-01
5.431250000000000000e+01,2.931953324508684844e-02
5.433333333333332860e+01,5.604147778719288375e-01
5.435416666666666430e+01,3.344452752336221080e-01
5.437500000000000000e+01,-3.479230197793118928e-01
5.439583333333332860e+01,-2.479393404516666566e-01
5.441666666666666430e+01,3.663020304732220178e-01
5.443750000000000000e+01,1.985916479358874609e-01
5.445833333333332860e+01,-4.978523823858182484e-01
5.447916666666666430e+01,-4.046473155677035027e-01
5.450000000000000000e+01,2.069219707802403274e-01
5.452083333333332860e+01,8.721502548984917669e-02
5.454166666666666430e+01,-2.640969239248996403e-01
5.456250000000000000e+01,3.317982863797303700e-02
5.458333333333332860e+01,3.768947915536228210e-01
5.460416666666666430e+01,3.419323197308819784e-02
5.462500000000000000e+01,-2.758851884347533479e-01
5.464583333333332860e+01,6.502117851530155035e-02
5.466666666666666430e+01,2.518766412329156990e-01
5.468750000000000000e+01,-1.988995070852229985e-01
5.470833333333332860e+01,-5.827726004627013789e-02
5.472916666666666430e+01,3.988367111708031043e-01
5.475000000000000000e+01,1.538333863762562370e-01
5.477083333333332860e+01,-5.106615864584695963e-01
5.479166666666666430e+01,-3.851542437092212445e-01
5.481250000000000000e+01,2.726773643196135355e-01
5.483333333333332860e+01,1.693327274210045252e-01
5.485416666666666430e+01,-4.954059200755173697e-01
5.487500000000000000e+01,-3.631369105359794625e-01
5.489583333333332860e+01,2.807310933286657484e-01
5.491666666666666430e+01,1.555563789639233530e-01
5.493750000000000000e+01,-3.599101096654209742e-01
5.495833333333332860e+01,-1.199865265976970963e-01
5.497916666666666430e+01,5.226202223628246823e-01
5.500000000000000000e+01,3.967580481077288557e-01
5.502083333333332860e+01,-2.667186312229593015e-01
5.504166666666666430e+01,-1.326096963120451111e-01
5.506250000000000000e+01,5.221673793960430743e-01
5.508333333333332860e+01,4.099282592591422247e-01
5.510416666666666430e+01,-2.538260558117957366e-01
5.512500000000000000e+01,-1.256414026695882313e-01
5.514583333333332860e+01,3.378921637640466269e-01
5.516666666666666430e+01,9.489365916871841944e-02
5.518750000000000000e+01,-5.652332749603038442e-01
5.520833333333332860e+01,-4.187315216927142147e-01
5.522916666666666430e+01,2.231914166622795681e-01
5.525000000000000000e+01,8.421704783411596007e-02
5.527083333333332860e+01,-5.305479580069368817e-01
5.529166666666666430e+01,-3.479239172956704595e-01
5.531250000000000000e+01,2.936355400051416376e-01
5.533333333333332860e+01,1.604920728278894093e-01
5.535416666666666430e+01,-4.287144454881132716e-01
5.537500000000000000e+01,-2.451881151942391091e-01
5.539583333333332860e+01,3.933348512354940540e-01
5.541666666666666430e+01,2.691349397804898014e-01
5.543750000000000000e+01,-3.944412789825891275e-01
5.545833333333332860e+01,-2.613818156619321931e-01
5.547916666666666430e+01,3.831089545057162482e-01
5.550000000000000000e+01,2.671835837452265494e-01
5.552083333333332860e+01,-2.710148845314153121e-01
5.554166666666666430e+01,-6.350307687242767729e-02
5.556250000000000000e+01,5.997676713233750512e-01
5.558333333333332860e+01,5.001182683037178611e-01
5.560416666666666430e+01,-1.458521370613507506e-01
5.562500000000000000e+01,-2.127392988579973609e-03
5.564583333333332860e+01,5.570075445384436996e-01
5.566666666666666430e+01,3.808425988765184456e-01
5.568750000000000000e+01,-2.487831442012882754e-01
5.570833333333332860e+01,-9.518214295747184917e-02
5.572916666666666430e+01,3.385240860918570238e-01
5.575000000000000000e+01,7.923188245506429528e-02
5.577083333333332860e+01,-5.351317296525839318e-01
5.579166666666666430e+01,-3.561368480454708552e-01
5.581250000000000000e+01,3.346023785107191673e-01
5.583333333333332860e+01,2.312604023107355522e-01
5.585416666666666430e+01,-3.837117964530554204e-01
5.587500000000000000e+01,-1.965868957674679895e-01
5.589583333333332860e+01,2.344001768244301787e-01
5.591666666666666430e+01,-5.384612515023726176e-02
5.593750000000000000e+01,-6.476845957017880462e-01
5.595833333333332860e+01,-4.450557161252095550e-01
5.597916666666666430e+01,2.456873805453267667e-01
5.600000000000000000e+01,1.527428037559300789e-01
5.602083333333332860e+01,-4.615680130652327073e-01
5.604166666666666430e+01,-3.034983599715593838e-01
5.606250000000000000e+01,3.819612387281527965e-01
5.608333333333332860e+01,2.975608716855015490e-01
5.610416666666666430e+01,-3.176532939567927594e-01
5.612500000000000000e+01,-1.465421305854606726e-01
5.614583333333332860e+01,5.202084678480245472e-01
5.616666666666666430e+01,4.118754686516247765e-01
5.618750000000000000e+01,-2.038069895283579069e-01
5.620833333333332860e+01,-1.713530195458072558e-01
5.622916666666666430e+01,2.563669375959161112e-01
5.625000000000000000e+01,4.464137299498592559e-02
5.627083333333332860e+01,-5.729235121632860750e-01
5.629166666666666430e+01,-3.967500676272356364e-01
5.631250000000000000e+01,2.950878744500472495e-01
5.633333333333332860e+01,2.078799318966850218e-01
5.635416666666666430e+01,-4.070958951084009958e-01
5.637500000000000000e+01,-2.396305409597113967e-01
5.639583333333332860e+01,4.536252362917755354e-01
5.641666666666666430e+01,3.746649184091019325e-01
5.643750000000000000e+01,-2.422187708187784061e-01
5.645833333333332860e+01,-9.521571208060362890e-02
5.647916666666666430e+01,5.603159970996821615e-01
5.650000000000000000e+01,4.616745311696142107e-01
5.652083333333332860e+01,-1.545831437395573382e-01
5.654166666666666430e+01,-1.982972101431538237e-01
5.656250000000000000e+01,3.005403823722839207e-01
5.658333333333332860e+01,1.708885870520820971e-01
5.660416666666666430e+01,-4.461428131622924287e-01
5.662500000000000000e+01,-2.685683197898712238e-01
5.664583333333332860e+01,4.222540286679410393e-01
5.666666666666666430e+01,3.276723133079663119e-01
5.668750000000000000e+01,-2.855065138333440777e-01
5.670833333333332860e+01,-1.990218683270039701e-01
5.672916666666666430e+01,1.678578033283617266e-01
5.675000000000000000e+01,-1.029282782183583433e-01
5.677083333333332860e+01,-5.033819293017527396e-01
5.679166666666666430e+01,-1.794205346614430319e-01
5.681250000000000000e+01,3.547462082971927222e-01
5.683333333333332860e+01,1.521946507462753062e-01
5.685416666666666430e+01,-4.607682773233814366e-01
5.687500000000000000e+01,-2.787674340263454620e-01
5.689583333333332860e+01,4.114485216445357696e-01
5.691666666666666430e+01,3.126346217428951357e-01
5.693750000000000000e+01,-3.022610120034652237e-01
5.695833333333332860e+01,-1.244679188574523282e-01
5.697916666666666430e+01,2.809093864089449166e-01
5.700000000000000000e+01,9.902803783186520797e-04
5.702083333333332860e+01,-5.169152776598315846e-01
5.704166666666666430e+01,-2.828888588691657602e-01
5.706250000000000000e+01,4.103132571311004506e-01
5.708333333333332860e+01,3.300099973009038568e-01
5.710416666666666430e+01,-2.866895729500104628e-01
5.712500000000000000e+01,-1.271628603808335756e-01
5.714583333333332860e+01,4.865010742767128527e-01
5.716666666666666430e+01,3.618928152895197203e-01
5.718750000000000000e+01,-2.655983718058462228e-01
5.720833333333332860e+01,-1.250694751913869196e-01
5.722916666666666430e+01,3.241392759238003185e-01
5.725000000000000000e+01,9.050489992878836543e-02
5.727083333333332860e+01,-5.264752200530873338e-01
5.729166666666666430e+01,-3.644650390497675696e-01
5.731250000000000000e+01,3.293641535174887114e-01
5.733333333333332860e+01,2.465773229735512828e-01
5.735416666666666430e+01,-3.684557111819273256e-01
5.737500000000000000e+01,-1.956097609622516331e-01
5.739583333333332860e+01,4.956246641771575590e-01
5.741666666666666430e+01,4.016705813286263194e-01
5.743750000000000000e+01,-2.114391850408960105e-01
5.745833333333332860e+01,-9.736489629361066989e-02
5.747916666666666430e+01,2.291791682420653287e-01
5.750000000000000000e+01,-9.144179767336398090e-02
5.752083333333332860e+01,-3.252617612819092563e-01
5.754166666666666430e+01,1.174211098616881194e-01
5.756250000000000000e+01,2.248620422897635099e-02
5.758333333333332860e+01,-4.337866654819782508e-01
5.760416666666666430e+01,-1.504406009241129050e-01
5.762500000000000000e+01,5.522662012683037247e-01
5.764583333333332860e+01,4.581572946989362349e-01
5.766666666666666430e+01,-1.534899359006695052e-01
5.768750000000000000e+01,-2.496287994712891867e-01
5.770833333333332860e+01,2.595319522786511124e-01
5.772916666666666430e+01,1.657316809774826982e-01
5.775000000000000000e+01,-4.395470290110645717e-01
5.777083333333332860e+01,-2.701058118986994772e-01
5.779166666666666430e+01,4.138869242023539008e-01
5.781250000000000000e+01,3.188253066953843362e-01
5.783333333333332860e+01,-2.845432295122947153e-01
5.785416666666666430e+01,-1.242713575472789850e-01
5.787500000000000000e+01,1.859910882787981778e-01
5.789583333333332860e+01,-1.509384622663135778e-01
5.791666666666666430e+01,-3.139126130762758260e-01
5.793750000000000000e+01,1.521374955301807441e-01
5.795833333333332860e+01,6.604221970648022078e-02
5.797916666666666430e+01,-5.490189879469647982e-01
5.800000000000000000e+01,-3.818761118157182333e-01
5.802083333333332860e+01,3.118127541396649161e-01
5.804166666666666430e+01,2.334790363605643293e-01
5.806250000000000000e+01,-3.832712604650667099e-01
5.808333333333332860e+01,-2.324592756800151205e-01
5.810416666666666430e+01,4.571504781225940173e-01
5.812500000000000000e+01,3.817819645770487158e-01
5.814583333333332860e+01,-2.351727121850955560e-01
5.816666666666666430e+01,-7.278204811289495924e-02
5.818750000000000000e+01,5.998093738814558318e-01
5.820833333333332860e+01,5.044797136878441668e-01
5.822916666666666430e+01,-1.115187539440189446e-01
5.825000000000000000e+01,-2.348024553593132668e-01
5.827083333333332860e+01,2.637438416140086561e-01
5.829166666666666430e+01,1.770846505977661522e-01
5.831250000000000000e+01,-4.372729369304832470e-01
5.833333333333332860e+01,-2.624898717456317643e-01
5.835416666666666430e+01,4.287192020417406324e-01
5.837500000000000000e+01,3.352713011726852765e-01
5.839583333333332860e+01,-2.780214730242828169e-01
5.841666666666666430e+01,-1.807726110553264098e-01
5.843750000000000000e+01,1.681632521291366866e-01
5.845833333333332860e+01,-1.210113179060466060e-01
5.847916666666666430e+01,-4.588475231013272593e-01
5.850000000000000000e+01,-9.004243210767090555e-02
5.852083333333332860e+01,1.833870378942065171e-01
5.854166666666666430e+01,-1.960642468389844351e-01
5.856250000000000000e+01,-1.840088043627253478e-01
5.858333333333332860e+01,2.973131508866850292e-01
5.860416666666666430e+01,1.217673024721126207e-01
5.862500000000000000e+01,-5.004930927055115664e-01
5.864583333333332860e+01,-3.280901562279997519e-01
5.866666666666666430e+01,3.747472304654998476e-01
5.868750000000000000e+01,2.807651639412472866e-01
5.870833333333332860e+01,-3.312441737976026812e-01
5.872916666666666430e+01,-1.619903974351987463e-01
5.875000000000000000e+01,5.090836184733543712e-01
5.877083333333332860e+01,4.076030727041000112e-01
5.879166666666666430e+01,-1.944316551058665465e-01
5.881250000000000000e+01,-1.825053315401218568e-01
5.883333333333332860e+01,2.756814929065444786e-01
5.885416666666666430e+01,1.020721023577374070e-01
5.887500000000000000e+01,-4.987257476042951665e-01
5.889583333333332860e+01,-3.308767167376643892e-01
5.891666666666666430e+01,3.407240919284729719e-01
5.893750000000000000e+01,2.439961652824348959e-01
5.895833333333332860e+01,-3.539896982725846963e-01
5.897916666666666430e+01,-1.862472511752233939e-01
5.900000000000000000e+01,4.908083706423676529e-01
5.902083333333332860e+01,3.967038884832808088e-01
5.904166666666666430e+01,-2.018516850703314658e-01
5.906250000000000000e+01,-2.159603047411261800e-01
5.908333333333332860e+01,2.771684174586747651e-01
5.910416666666666430e+01,1.411155266345739123e-01
5.912500000000000000e+01,-4.649160371306067518e-01
5.914583333333332860e+01,-2.969440463380640383e-01
5.916666666666666430e+01,3.966261692499971070e-01
5.918750000000000000e+01,3.041639963008823111e-01
5.920833333333332860e+01,-3.073864795101128866e-01
5.922916666666666430e+01,-1.371580167166367714e-01
5.925000000000000000e+01,2.473048412087385794e-01
5.927083333333332860e+01,-5.350200868825214645e-02
5.929166666666666430e+01,-4.719340781184159228e-01
5.931250000000000000e+01,-1.665312424222069598e-01
5.933333333333332860e+01,4.702134375512127540e-01
5.935416666666666430e+01,3.249975140143442909e-01
5.937500000000000000e+01,-3.088889726531650060e-01
5.939583333333332860e+01,-1.363109275841039025e-01
5.941666666666666430e+01,3.140780945271990365e-01
5.943750000000000000e+01,3.978613832576916032e-02
5.945833333333332860e+01,-5.902901578276619210e-01
5.947916666666666430e+01,-4.157377495456519023e-01
5.950000000000000000e+01,2.834879719060683922e-01
5.952083333333332860e+01,1.804048103570006223e-01
5.954166666666666430e+01,-4.410539143904023685e-01
5.956250000000000000e+01,-2.695939373528941085e-01
5.958333333333332860e+01,4.234268950021085609e-01
5.960416666666666430e+01,3.276910386886597304e-01
5.962500000000000000e+01,-2.804714463916401224e-01
5.964583333333332860e+01,-1.130408115936822333e-01
5.966666666666666430e+01,5.491986945228790606e-01
5.968750000000000000e+01,4.442038944421832780e-01
5.970833333333332860e+01,-1.792062589799300332e-01
5.972916666666666430e+01,-2.398875849438351915e-02
5.975000000000000000e+01,3.815093515370694965e-01
5.977083333333332860e+01,9.919853719850812990e-02
5.979166666666666430e+01,-5.058003738370746571e-01
5.981250000000000000e+01,-3.285610053088205973e-01
5.983333333333332860e+01,3.117311977371401976e-01
5.985416666666666430e+01,1.921224284108069003e-01
5.987500000000000000e+01,-4.443708359639124139e-01
5.989583333333332860e+01,-3.026960606261285269e-01
5.991666666666666430e+01,3.297496707092388846e-01
5.993750000000000000e+01,2.100708271363950774e-01
5.995833333333332860e+01,-3.758505283363272609e-01
5.997916666666666430e+01,-1.910263978661829176e-01
6.000000000000000000e+01,4.509182161447992110e-01
6.002083333333332860e+01,3.301071988675048918e-01
6.004166666666666430e+01,-3.253970019776630807e-01
6.006250000000000000e+01,-1.986084212748089328e-01
6.008333333333332860e+01,4.352514080638778537e-01
6.010416666666666430e+01,3.137238559161512064e-01
6.012500000000000000e+01,-3.485322585206896973e-01
6.014583333333332860e+01,-2.064214368503001773e-01
6.016666666666666430e+01,4.466970048753661215e-01
6.018750000000000000e+01,3.234719688148137706e-01
6.020833333333332860e+01,-3.451881789450115812e-01
6.022916666666666430e+01,-2.023767237167647670e-01
6.025000000000000000e+01,4.524361152173819733e-01
6.027083333333332860e+01,3.293418061984982881e-01
6.029166666666666430e+01,-3.362697561944055780e-01
6.031250000000000000e+01,-2.006432387937736594e-01
6.033333333333332860e+01,4.438942239854022365e-01
6.035416666666666430e+01,3.220212278254519500e-01
6.037500000000000000e+01,-3.374617844290788704e-01
6.039583333333332860e+01,-2.068533790471099032e-01
6.041666666666666430e+01,3.391614740319066623e-01
6.043750000000000000e+01,1.570242638861479856e-01
6.045833333333332860e+01,-5.016459275355473757e-01
6.047916666666666430e+01,-3.603639840211412260e-01
6.050000000000000000e+01,2.854062266982544394e-01
6.052083333333332860e+01,1.644340188556546734e-01
6.054166666666666430e+01,-4.912678230109809308e-01
6.056250000000000000e+01,-3.724653920253300221e-01
6.058333333333332860e+01,2.561978532940644704e-01
6.060416666666666430e+01,1.132004621006535705e-01
6.062500000000000000e+01,-5.598050372923386586e-01
6.064583333333332860e+01,-4.550974709593579304e-01
6.066666666666666430e+01,1.685844177157794777e-01
6.068750000000000000e+01,-2.643421782454358215e-03
6.070833333333332860e+01,-4.058622369572592592e-01
6.072916666666666430e+01,-1.117596567786026118e-01
6.075000000000000000e+01,5.064534696004373560e-01
6.077083333333332860e+01,3.348157030305845550e-01
6.079166666666666430e+01,-3.658375258074553771e-01
6.081250000000000000e+01,-2.724969471568241541e-01
6.083333333333332860e+01,3.387622855187996107e-01
6.085416666666666430e+01,1.740277879967325469e-01
6.087500000000000000e+01,-3.928455919283302400e-01
6.089583333333332860e+01,-2.215204423456586524e-01
6.091666666666666430e+01,4.028494128821449305e-01
6.093750000000000000e+01,2.420600417104935287e-01
6.095833333333332860e+01,-3.227512327790568181e-01
6.097916666666666430e+01,-1.449506899675223059e-01
6.100000000000000000e+01,4.656893513279253827e-01
6.102083333333332860e+01,2.953971901573253511e-01
6.104166666666666430e+01,-3.395883370873831186e-01
6.106250000000000000e+01,-2.042842868786431676e-01
6.108333333333332860e+01,4.102296088919019090e-01
6.110416666666666430e+01,2.394769532574180237e-01
6.112500000000000000e+01,-1.467292651681150750e-01
6.114583333333332860e+01,1.533992344089749049e-01
6.116666666666666430e+01,5.469119583533381679e-01
6.118750000000000000e+01,2.329791772093090241e-01
6.120833333333332860e+01,-3.541756561742495091e-01
6.122916666666666430e+01,-1.940473530985038497e-01
6.125000000000000000e+01,4.120924002663691743e-01
6.127083333333332860e+01,2.425765816888654780e-01
6.129166666666666430e+01,-4.492397932476948075e-01
6.131250000000000000e+01,-3.569159124802510075e-01
6.133333333333332860e+01,2.496032882258010233e-01
6.135416666666666430e+01,2.026795332426278573e-01
6.137500000000000000e+01,-2.347462233933346742e-01
6.139583333333332860e+01,-3.106309083546771044e-02
6.141666666666666430e+01,5.800800905269229979e-01
6.143750000000000000e+01,4.115601953808698532e-01
6.145833333333332860e+01,-2.770521341299127527e-01
6.147916666666666430e+01,-1.784978458418224889e-01
6.150000000000000000e+01,4.355510036065616819e-01
6.152083333333332860e+01,2.651061836329326460e-01
6.154166666666666430e+01,-4.324684737932433243e-01
6.156250000000000000e+01,-3.399473081342843650e-01
6.158333333333332860e+01,2.697711951511955752e-01
6.160416666666666430e+01,1.078773562547705733e-01
6.162500000000000000e+01,-5.661309935350649081e-01
6.164583333333332860e+01,-4.666166622641927941e-01
6.166666666666666430e+01,1.448922870378862027e-01
6.168750000000000000e+01,-2.487065872986883586e-02
6.170833333333332860e+01,-6.518632237664834239e-01
6.172916666666666430e+01,-5.086930410588484941e-01
6.175000000000000000e+01,1.103939627501459575e-01
6.177083333333332860e+01,8.428040041206408262e-02
6.179166666666666430e+01,-3.099114146879908271e-01
6.181250000000000000e+01,-7.360223771263474379e-02
6.183333333333332860e+01,5.451188806249263052e-01
6.185416666666666430e+01,3.731743414947770177e-01
6.187500000000000000e+01,-3.277072997229978357e-01
6.189583333333332860e+01,-2.340959268999476262e-01
6.191666666666666430e+01,3.771740538115765373e-01
6.193750000000000000e+01,2.077469388055907251e-01
6.195833333333332860e+01,-4.577533113516493168e-01
6.197916666666666430e+01,-3.512720332746586127e-01
6.200000000000000000e+01,2.842169774292417905e-01
6.202083333333332860e+01,2.247479134957242886e-01
6.204166666666666430e+01,-1.546264984473310899e-01
6.206250000000000000e+01,9.941389633919472946e-02
6.208333333333332860e+01,5.823936978163216649e-01
6.210416666666666430e+01,3.245878657373201248e-01
6.212500000000000000e+01,-3.223398147713902318e-01
6.214583333333332860e+01,-2.008600444626645609e-01
6.216666666666666430e+01,4.588705417279177468e-01
6.218750000000000000e+01,3.176598009800790101e-01
6.220833333333332860e+01,-3.265057062669308729e-01
6.222916666666666430e+01,-2.061194853962505236e-01
6.225000000000000000e+01,4.415696065407384019e-01
6.227083333333332860e+01,3.160487669183477122e-01
6.229166666666666430e+01,-3.115075525758635999e-01
6.231250000000000000e+01,-1.772599195379728210e-01
6.233333333333332860e+01,4.894297558329001596e-01
6.235416666666666430e+01,3.623337510578739096e-01
6.237500000000000000e+01,-2.722501084112866065e-01
6.239583333333332860e+01,-1.509831147724720046e-01
6.241666666666666430e+01,2.244303613609206494e-01
6.243750000000000000e+01,-1.079363170991282650e-01
6.245833333333332860e+01,-5.117520446478311946e-01
6.247916666666666430e+01,-2.249521296346989052e-01
6.250000000000000000e+01,3.711637644467992159e-01
6.252083333333332860e+01,1.825654345229165421e-01
6.254166666666666430e+01,-4.691220637428679119e-01
6.256250000000000000e+01,-3.465578351682648273e-01
6.258333333333332860e+01,3.164081735525947070e-01
6.260416666666666430e+01,1.772129728113062963e-01
6.262500000000000000e+01,-4.728579727568748003e-01
6.264583333333332860e+01,-3.564835885035663177e-01
6.266666666666666430e+01,2.891462920607169584e-01
6.268750000000000000e+01,1.545036364775602966e-01
6.270833333333332860e+01,-4.783183978877534326e-01
6.272916666666666430e+01,-3.570970362487394523e-01
6.275000000000000000e+01,2.995449658273194316e-01
6.277083333333332860e+01,1.570312808261181414e-01
6.279166666666666430e+01,-4.912813981016000975e-01
6.281250000000000000e+01,-3.689640598257777904e-01
6.283333333333332860e+01,2.930406680020309906e-01
6.285416666666666430e+01,1.508827792070740470e-01
6.287500000000000000e+01,-3.229312829680583974e-01
6.289583333333332860e+01,-8.497855952833921478e-02
6.291666666666666430e+01,5.725795631367556204e-01
6.293750000000000000e+01,4.462524263112550571e-01
6.295833333333332860e+01,-1.875079395838651075e-01
6.297916666666666430e+01,-6.640706162838805326e-02
6.300000000000000000e+01,5.937084158410911305e-01
6.302083333333332860e+01,4.508893448781193802e-01
6.304166666666666430e+01,-2.001635381626711008e-01
6.306250000000000000e+01,-7.796259255457982373e-02
6.308333333333332860e+01,4.020976699398585152e-01
6.310416666666666430e+01,1.369497479746282498e-01
6.312500000000000000e+01,-5.128280856316830283e-01
6.314583333333332860e+01,-3.906818882913218882e-01
6.316666666666666430e+01,2.694116230896442810e-01
6.318750000000000000e+01,1.417863687776872439e-01
6.320833333333332860e+01,-4.931493002874339227e-01
6.322916666666666430e+01,-3.717551919519467285e-01
6.325000000000000000e+01,2.876000526298295723e-01
6.327083333333332860e+01,1.465602030026711966e-01
6.329166666666666430e+01,-3.752775281163227561e-01
6.331250000000000000e+01,-1.708368112432912533e-01
6.333333333333332860e+01,4.872531689984564429e-01
6.335416666666666430e+01,3.509431823875628909e-01
6.337500000000000000e+01,-2.885614836911841175e-01
6.339583333333332860e+01,-1.682661213594640603e-01
6.341666666666666430e+01,4.840275715799938760e-01
6.343750000000000000e+01,3.652765605236857893e-01
6.345833333333332860e+01,-2.607066160006613620e-01
6.347916666666666430e+01,-1.192529008620650394e-01
6.350000000000000000e+01,4.996831086022129331e-01
6.352083333333332860e+01,3.603116085466732121e-01
6.354166666666666430e+01,-2.618100831952778762e-01
6.356250000000000000e+01,-1.210623223556425987e-01
6.358333333333332860e+01,1.789000646069055234e-01
6.360416666666666430e+01,-1.680836207555840289e-01
6.362500000000000000e+01,-3.628879657785297197e-01
6.364583333333332860e+01,8.836953474880777926e-02
6.366666666666666430e+01,3.677944800624111110e-03
6.368750000000000000e+01,-6.106670986225872788e-01
6.370833333333332860e+01,-4.386745568017778041e-01
6.372916666666666430e+01,2.534343137856924777e-01
6.375000000000000000e+01,1.647586807765441808e-01
6.377083333333332860e+01,-4.490619123405914515e-01
6.379166666666666430e+01,-2.738463658408113455e-01
6.381250000000000000e+01,4.172086042183296706e-01
6.383333333333332860e+01,3.242646326111358612e-01
6.385416666666666430e+01,-2.895917770017805148e-01
6.387500000000000000e+01,-1.118903641138012939e-01
6.389583333333332860e+01,5.784100453463362213e-01
6.391666666666666430e+01,4.805655137331379390e-01
6.393750000000000000e+01,-1.351471859380123930e-01
6.395833333333332860e+01,-2.367843836681771397e-01
6.397916666666666430e+01,2.686294908577243623e-01
6.400000000000000000e+01,1.776512811280796245e-01
6.402083333333332860e+01,-4.362429675889535341e-01
6.404166666666665719e+01,-2.620698133204996672e-01
6.406250000000000000e+01,4.296454346848425643e-01
6.408333333333332860e+01,3.415431228872293223e-01
6.410416666666665719e+01,-2.731767046154470191e-01
6.412500000000000000e+01,-2.049692885936299502e-01
6.414583333333332860e+01,1.974578720174907653e-01
6.416666666666665719e+01,-3.458077306569309894e-02
6.418750000000000000e+01,-6.089320125759626334e-01
6.420833333333332860e+01,-4.147150843400128073e-01
6.422916666666665719e+01,2.789326810539035639e-01
6.425000000000000000e+01,1.992610367892024836e-01
6.427083333333332860e+01,-4.169960179957167279e-01
6.429166666666665719e+01,-2.552918846916232276e-01
6.431250000000000000e+01,4.390658892818725123e-01
6.433333333333332860e+01,3.642940691783160267e-01
6.435416666666665719e+01,-2.544194155449236439e-01
6.437500000000000000e+01,-1.136997547087361254e-01
6.439583333333332860e+01,4.730494167715021403e-01
6.441666666666665719e+01,3.165140479382402838e-01
6.443750000000000000e+01,-3.064950241493725747e-01
6.445833333333332860e+01,-1.374490854890203506e-01
6.447916666666665719e+01,3.987062665014098339e-01
6.450000000000000000e+01,2.086115170434878208e-01
6.452083333333332860e+01,-4.062396674742675406e-01
6.454166666666665719e+01,-2.354057103729149947e-01
6.456250000000000000e+01,4.564003932173759104e-01
6.458333333333332860e+01,3.684949301115523768e-01
6.460416666666665719e+01,-2.461287943513020271e-01
6.462500000000000000e+01,-2.605575870418228579e-01
6.464583333333332860e+01,2.273250587896278874e-01
6.466666666666665719e+01,8.377551155727847032e-02
6.468750000000000000e+01,-5.296969323284945741e-01
6.470833333333332860e+01,-3.506612453059217982e-01
6.472916666666665719e+01,3.400099706687656487e-01
6.475000000000000000e+01,2.430603855996376073e-01
6.477083333333332860e+01,-3.695206199747423925e-01
6.479166666666665719e+01,-1.852928580428408467e-01
6.481250000000000000e+01,3.699510350507699830e-01
6.483333333333332860e+01,1.785032026915853720e-01
6.485416666666665719e+01,-4.330443153743209761e-01
6.487500000000000000e+01,-2.441245581295971023e-01
6.489583333333332860e+01,4.443370011095189032e-01
6.491666666666665719e+01,3.379854537607518972e-01
6.493750000000000000e+01,-2.729806285348950756e-01
6.495833333333332860e+01,-1.290820603650222886e-01
6.497916666666665719e+01,1.730847617964385021e-01
6.500000000000000000e+01,-1.867104505030225681e-01
6.502083333333332860e+01,-2.336809855685080817e-01
6.504166666666665719e+01,3.116530059746014936e-01
6.506250000000000000e+01,2.032427305101902615e-01
6.508333333333332860e+01,-4.190346473016766660e-01
6.510416666666665719e+01,-2.504557961312111614e-01
6.512500000000000000e+01,4.477651414247285078e-01
6.514583333333332860e+01,3.549582861959308389e-01
6.516666666666665719e+01,-2.512354301084962493e-01
6.518750000000000000e+01,-1.532570129224342104e-01
6.520833333333332860e+01,2.075139980356704716e-01
6.522916666666665719e+01,-6.409819223961649159e-02
6.525000000000000000e+01,-4.354607262281888214e-01
6.527083333333332860e+01,-1.154947650916614554e-01
6.529166666666665719e+01,3.445376208328287948e-01
6.531250000000000000e+01,1.124042315473247344e-01
6.533333333333332860e+01,-5.331858721137185952e-01
6.535416666666665719e+01,-3.946974070893197739e-01
6.537500000000000000e+01,2.424213280871823084e-01
6.539583333333332860e+01,1.276536446649680911e-01
6.541666666666665719e+01,-2.624027978683069473e-01
6.543750000000000000e+01,3.362916747339100842e-02
6.545833333333332860e+01,5.418434832306108229e-01
6.547916666666665719e+01,3.431547351180793681e-01
6.550000000000000000e+01,-3.130092179960567433e-01
6.552083333333332860e+01,-1.719077585213912296e-01
6.554166666666665719e+01,4.778521306561371862e-01
6.556250000000000000e+01,3.547627996514227666e-01
6.558333333333332860e+01,-3.140403174073524428e-01
6.560416666666665719e+01,-1.708635692658691529e-01
6.562500000000000000e+01,4.870357156887298311e-01
6.564583333333332860e+01,3.629200166765839120e-01
6.566666666666665719e+01,-3.064393795422528655e-01
6.568750000000000000e+01,-1.612822636751496674e-01
6.570833333333332860e+01,4.953268107527740716e-01
6.572916666666665719e+01,3.719598524641979931e-01
6.575000000000000000e+01,-2.941274084584519222e-01
6.577083333333332860e+01,-1.560152157107472515e-01
6.579166666666665719e+01,3.033132799515608768e-01
6.581250000000000000e+01,5.861321266845387346e-02
6.583333333333332860e+01,-5.927063790209643468e-01
6.585416666666665719e+01,-4.672451378757100926e-01
6.587500000000000000e+01,1.619401687164106762e-01
6.589583333333332860e+01,3.525825941192292645e-02
6.591666666666665719e+01,-4.976509845847746916e-01
6.593750000000000000e+01,-2.700041780138151548e-01
6.595833333333332860e+01,3.758841043632693557e-01
6.597916666666665719e+01,2.547031269619201010e-01
6.600000000000000000e+01,-4.013674874021810890e-01
6.602083333333332860e+01,-2.725007824968634362e-01
6.604166666666665719e+01,3.615988394156869346e-01
6.606250000000000000e+01,2.406833291736813207e-01
6.608333333333332860e+01,-4.180044327982685992e-01
6.610416666666665719e+01,-2.767211948629590412e-01
6.612500000000000000e+01,3.700816619936492247e-01
6.614583333333332860e+01,2.485653504295589067e-01
6.616666666666665719e+01,-4.107485629971628915e-01
6.618750000000000000e+01,-2.769514605965239795e-01
6.620833333333332860e+01,3.626621090516244372e-01
6.622916666666665719e+01,2.415788414947920848e-01
6.625000000000000000e+01,-3.032711969537167929e-01
6.627083333333332860e+01,-9.017323671474924973e-02
6.629166666666665719e+01,5.513129646802411576e-01
6.631250000000000000e+01,4.301521506340376111e-01
6.633333333333332860e+01,-2.255904852382286663e-01
6.635416666666665719e+01,-1.070115944098561089e-01
6.637500000000000000e+01,5.218965461994100608e-01
6.639583333333332860e+01,3.795793867063909643e-01
6.641666666666665719e+01,-2.959473148180841173e-01
6.643750000000000000e+01,-1.845449356151005471e-01
6.645833333333332860e+01,4.454237669786761389e-01
6.647916666666665719e+01,2.737308461059721476e-01
6.650000000000000000e+01,-4.132667310818562423e-01
6.652083333333332860e+01,-3.107401741983140120e-01
6.654166666666665719e+01,3.070951285553396026e-01
6.656250000000000000e+01,1.352832299554908579e-01
6.658333333333332860e+01,-5.695087262791249660e-01
6.660416666666665719e+01,-4.741201716745421235e-01
6.662500000000000000e+01,1.473993270483918427e-01
6.664583333333332860e+01,-2.450369010561352992e-02
6.666666666666665719e+01,-3.511056127982793429e-01
6.668750000000000000e+01,-6.215233619024082556e-03
6.670833333333332860e+01,2.912490975609126620e-01
6.672916666666665719e+01,-9.154806543674590125e-02
6.675000000000000000e+01,-1.762437012416588067e-01
6.677083333333332860e+01,3.228147285677586131e-01
6.679166666666665719e+01,1.461161230271901257e-01
6.681250000000000000e+01,-5.433770565226984095e-01
6.683333333333332860e+01,-4.293812894451741746e-01
6.685416666666665719e+01,1.938352874059812159e-01
6.687500000000000000e+01,1.914015300125153363e-01
6.689583333333332860e+01,-2.529794582874373421e-01
6.691666666666665719e+01,-7.372617869033262772e-02
6.693750000000000000e+01,5.399576653485450572e-01
6.695833333333332860e+01,3.607821985138662813e-01
6.697916666666665719e+01,-3.301369861412700724e-01
6.700000000000000000e+01,-2.299083015893224058e-01
6.702083333333332860e+01,3.859491541662933844e-01
6.704166666666665719e+01,2.060183784810040719e-01
6.706250000000000000e+01,-4.269293865955472445e-01
6.708333333333332860e+01,-2.937008392471840978e-01
6.710416666666665719e+01,3.211264419735283537e-01
6.712500000000000000e+01,1.458285440468105876e-01
6.714583333333332860e+01,-1.674449410390712323e-01
6.716666666666665719e+01,1.729629493230535053e-01
6.718750000000000000e+01,3.526200519972796377e-01
6.720833333333332860e+01,-1.059709657196409582e-01
6.722916666666665719e+01,-1.508637505205535218e-02
6.725000000000000000e+01,5.361617364228484783e-01
6.727083333333332860e+01,3.447743258700999291e-01
6.729166666666665719e+01,-3.179889552278315490e-01
6.731250000000000000e+01,-2.211516168838147944e-01
6.733333333333332860e+01,3.780401994786193320e-01
6.735416666666665719e+01,2.095197416407686974e-01
6.737500000000000000e+01,-4.791943465970979199e-01
6.739583333333332860e+01,-3.870056665260404039e-01
6.741666666666665719e+01,2.204246923385881352e-01
6.743750000000000000e+01,5.086352536832139393e-02
6.745833333333332860e+01,-5.199894972907772583e-01
6.747916666666665719e+01,-3.468165711786852512e-01
6.750000000000000000e+01,2.597916635300031585e-01
6.752083333333332860e+01,9.424724315485569215e-02
6.754166666666665719e+01,-3.888266282593386691e-01
6.756250000000000000e+01,-1.621387240268582497e-01
6.758333333333332860e+01,4.695316953212215205e-01
6.760416666666665719e+01,3.119285429510827989e-01
6.762500000000000000e+01,-3.481896644450945821e-01
6.764583333333332860e+01,-2.317088546324369835e-01
6.766666666666665719e+01,4.368570291553669493e-01
6.768750000000000000e+01,2.937155855224818368e-01
6.770833333333332860e+01,-3.614488805657772308e-01
6.772916666666665719e+01,-2.384729131824140647e-01
6.775000000000000000e+01,4.274565521189533923e-01
6.777083333333332860e+01,2.944303061695203727e-01
6.779166666666665719e+01,-3.494861612698161313e-01
6.781250000000000000e+01,-2.272520646037933800e-01
6.783333333333332860e+01,4.363774793022758836e-01
6.785416666666665719e+01,2.942945982473439415e-01
6.787500000000000000e+01,-3.545468839716094944e-01
6.789583333333332860e+01,-2.330211181357778605e-01
6.791666666666665719e+01,4.210950184021167164e-01
6.793750000000000000e+01,2.962005285430115431e-01
6.795833333333332860e+01,-3.362432678196751734e-01
6.797916666666665719e+01,-1.966800525289264523e-01
6.800000000000000000e+01,2.950253295863422554e-01
6.802083333333332860e+01,5.594712145283520233e-02
6.804166666666665719e+01,-5.768852032980904543e-01
6.806250000000000000e+01,-4.185744383387753342e-01
6.808333333333332860e+01,2.687365831357483859e-01
6.810416666666665719e+01,1.744968981594171020e-01
6.812500000000000000e+01,-4.391081987549158017e-01
6.814583333333332860e+01,-2.681798407090839609e-01
6.816666666666665719e+01,4.254485903854138829e-01
6.818750000000000000e+01,3.298045570939613369e-01
6.820833333333332860e+01,-2.810849399678294058e-01
6.822916666666665719e+01,-1.131596706162144722e-01
6.825000000000000000e+01,2.919726114407993900e-01
6.827083333333332860e+01,1.052472465572526147e-02
6.829166666666665719e+01,-5.177199601599161705e-01
6.831250000000000000e+01,-2.901328069803461585e-01
6.833333333333332860e+01,3.572248001895639291e-01
6.835416666666665719e+01,2.349930871595014847e-01
6.837500000000000000e+01,-4.308099602847439424e-01
6.839583333333332860e+01,-2.878216782279561792e-01
6.841666666666665719e+01,3.672742460914235618e-01
6.843750000000000000e+01,2.438821671704810568e-01
6.845833333333332860e+01,-4.251189976183324948e-01
6.847916666666665719e+01,-2.819503033399329284e-01
6.850000000000000000e+01,3.716567810031135566e-01
6.852083333333332860e+01,2.490585024704217720e-01
6.854166666666665719e+01,-3.300881155835783121e-01
6.856250000000000000e+01,-1.381806278561352186e-01
6.858333333333332860e+01,5.025088507479381628e-01
6.860416666666665719e+01,3.817032911293446462e-01
6.862500000000000000e+01,-2.715919632761628622e-01
6.864583333333332860e+01,-1.533009903755705727e-01
6.866666666666665719e+01,4.705311852825032615e-01
6.868750000000000000e+01,3.346978578152164929e-01
6.870833333333332860e+01,-3.312519182008764607e-01
6.872916666666665719e+01,-2.103114096278935474e-01
6.875000000000000000e+01,4.181329876930259259e-01
6.877083333333332860e+01,2.885975497798426437e-01
6.879166666666665719e+01,-3.763851349519565237e-01
6.881250000000000000e+01,-2.352937403906783520e-01
6.883333333333332860e+01,4.095312958209150755e-01
6.885416666666665719e+01,2.886765499011416103e-01
6.887500000000000000e+01,-3.571662091673196149e-01
6.889583333333332860e+01,-2.261204425918086347e-01
6.891666666666665719e+01,4.048698362917575455e-01
6.893750000000000000e+01,2.822901322891713249e-01
6.895833333333332860e+01,-3.788920625297035327e-01
6.897916666666665719e+01,-2.371786364136513892e-01
6.900000000000000000e+01,4.137627047553323334e-01
6.902083333333332860e+01,2.911106718977292118e-01
6.904166666666665719e+01,-3.748352164685095356e-01
6.906250000000000000e+01,-2.326362373175753229e-01
6.908333333333332860e+01,4.210765005124763594e-01
6.910416666666665719e+01,2.998182824920948564e-01
6.912500000000000000e+01,-3.628566436545719864e-01
6.914583333333332860e+01,-2.260681206040741076e-01
6.916666666666665719e+01,4.161305028578833332e-01
6.918750000000000000e+01,2.951110270621546960e-01
6.920833333333332860e+01,-3.586315587533960292e-01
6.922916666666665719e+01,-2.399709830006180877e-01
6.925000000000000000e+01,3.859482281684809557e-01
6.927083333333332860e+01,2.478121546260734775e-01
6.929166666666665719e+01,-4.223138408957315404e-01
6.931250000000000000e+01,-3.034329458463771445e-01
6.933333333333332860e+01,3.269452308320305867e-01
6.935416666666665719e+01,1.862893891801315482e-01
6.937500000000000000e+01,-4.887022191349197908e-01
6.939583333333332860e+01,-3.758973080526456512e-01
6.941666666666665719e+01,2.531977480577126682e-01
6.943750000000000000e+01,8.486629799645606376e-02
6.945833333333332860e+01,-5.892703893545836458e-01
6.947916666666665719e+01,-4.832763013365376503e-01
6.950000000000000000e+01,1.511963101093465600e-01
6.952083333333332860e+01,-6.809291951568596790e-03
6.954166666666665719e+01,-4.261911458590874613e-01
6.956250000000000000e+01,-1.495917015408586570e-01
6.958333333333332860e+01,5.163320318514598162e-01
6.960416666666665719e+01,3.740413445165060580e-01
6.962500000000000000e+01,-2.761477613270877374e-01
6.964583333333332860e+01,-1.545566826558782969e-01
6.966666666666665719e+01,5.033338852614517300e-01
6.968750000000000000e+01,3.834108831579419174e-01
6.970833333333332860e+01,-2.450999234424059703e-01
6.972916666666665719e+01,-1.108261937085770615e-01
6.975000000000000000e+01,3.154730339579987497e-01
6.977083333333332860e+01,2.320803845726018833e-02
6.979166666666665719e+01,-5.321719530578288282e-01
6.981250000000000000e+01,-3.565984049504568043e-01
6.983333333333332860e+01,3.004578286793588293e-01
6.985416666666665719e+01,1.600625377066292043e-01
6.987500000000000000e+01,-4.820576882246915829e-01
6.989583333333332860e+01,-3.614904753334676757e-01
6.991666666666665719e+01,2.823165908445114392e-01
6.993750000000000000e+01,1.458629399906724855e-01
6.995833333333332860e+01,-1.641346613597963466e-01
6.997916666666665719e+01,1.719441656601246593e-01
7.000000000000000000e+01,4.016740016776872424e-01
7.002083333333332860e+01,-2.469663385899217856e-02
7.004166666666665719e+01,9.830906705233198595e-02
7.006250000000000000e+01,4.142924455263456984e-01
7.008333333333332860e+01,8.389511307179169097e-02
7.010416666666665719e+01,-2.443735124235326683e-01
7.012500000000000000e+01,1.011152478418638617e-01
7.014583333333332860e+01,3.315103077127273257e-01
7.016666666666665719e+01,-5.420406587412748833e-02
7.018750000000000000e+01,-8.770698175384530892e-02
7.020833333333332860e+01,3.888783525567447441e-01
7.022916666666665719e+01,2.387902471867170417e-01
7.025000000000000000e+01,-3.748879875632983305e-01
7.027083333333332860e+01,-2.051502646482979142e-01
7.029166666666665719e+01,4.841501912205579128e-01
7.031250000000000000e+01,3.896681382674362371e-01
7.033333333333332860e+01,-2.176745350512884758e-01
7.035416666666665719e+01,-3.313310318121199249e-01
7.037500000000000000e+01,1.499390360643138020e-01
7.039583333333332860e+01,4.582034430864717622e-02
7.041666666666665719e+01,-5.791391706321175059e-01
7.043750000000000000e+01,-4.174630469651579023e-01
7.045833333333332860e+01,2.646991095895923074e-01
7.047916666666665719e+01,1.620844844341436941e-01
7.050000000000000000e+01,-4.533670010734797140e-01
7.052083333333332860e+01,-2.815775249739389530e-01
7.054166666666665719e+01,4.235630236823805239e-01
7.056250000000000000e+01,3.287579184483700456e-01
7.058333333333332860e+01,-2.938414225040922312e-01
7.060416666666665719e+01,-2.175483104041780469e-01
7.062500000000000000e+01,2.005742444013733916e-01
7.064583333333332860e+01,-4.389452223286992305e-02
7.066666666666665719e+01,-6.031114893914035768e-01
7.068750000000000000e+01,-3.894361226618158200e-01
7.070833333333332860e+01,3.138606135968253219e-01
7.072916666666665719e+01,2.205522185348469388e-01
7.075000000000000000e+01,-3.920224917092893779e-01
7.077083333333332860e+01,-2.273826412318721846e-01
7.079166666666665719e+01,4.438372356626847370e-01
7.081250000000000000e+01,3.417012277399879561e-01
7.083333333333332860e+01,-2.779011173983654825e-01
7.085416666666665719e+01,-1.147290575811046320e-01
7.087500000000000000e+01,5.557064488570112593e-01
7.089583333333332860e+01,4.483202717748284716e-01
7.091666666666665719e+01,-1.576094667798847992e-01
7.093750000000000000e+01,-1.829924691567621498e-01
7.095833333333332860e+01,2.833948054853182574e-01
7.097916666666665719e+01,1.322084921069254793e-01
7.100000000000000000e+01,-4.935866443919852964e-01
7.102083333333332860e+01,-3.353394747323049652e-01
7.104166666666665719e+01,3.269753750993239505e-01
7.106250000000000000e+01,2.155364185976442470e-01
7.108333333333332860e+01,-4.456951822694594778e-01
7.110416666666665719e+01,-3.193379714060264885e-01
7.112500000000000000e+01,3.169362388095088856e-01
7.114583333333332860e+01,1.950422255136119165e-01
7.116666666666665719e+01,-4.690237306035972553e-01
7.118750000000000000e+01,-3.263243936603162920e-01
7.120833333333332860e+01,3.272798833185518452e-01
7.122916666666665719e+01,2.042201453440783965e-01
7.125000000000000000e+01,-3.195971545548231818e-01
7.127083333333332860e+01,-8.100580405738627698e-02
7.129166666666665719e+01,5.714888133283919647e-01
7.131250000000000000e+01,4.486747186853194957e-01
7.133333333333332860e+01,-2.117535705077225883e-01
7.135416666666665719e+01,-7.542984966266899627e-02
7.137500000000000000e+01,5.647731817785830444e-01
7.139583333333332860e+01,4.435341988684057823e-01
7.141666666666665719e+01,-2.113336291797210664e-01
7.143750000000000000e+01,-8.596883764747259571e-02
7.145833333333332860e+01,3.515841917241141479e-01
7.147916666666665719e+01,1.028242625277139277e-01
7.150000000000000000e+01,-5.537068817959318601e-01
7.152083333333332860e+01,-4.124518282459618268e-01
7.154166666666665719e+01,2.342623252141273205e-01
7.156250000000000000e+01,1.128614934758715160e-01
7.158333333333332860e+01,-5.470763333891462965e-01
7.160416666666665719e+01,-4.056507287644335880e-01
7.162500000000000000e+01,2.395502866121744234e-01
7.164583333333332860e+01,1.189751978318395187e-01
7.166666666666665719e+01,-3.230846264508766552e-01
7.168750000000000000e+01,-5.379357328390910187e-02
7.170833333333332860e+01,5.794927777611056374e-01
7.172916666666665719e+01,4.579121518978914729e-01
7.175000000000000000e+01,-2.037293879589803236e-01
7.177083333333332860e+01,-6.197595117552726074e-02
7.179166666666665719e+01,3.335188531597177430e-01
7.181250000000000000e+01,3.902065145641839261e-02
7.183333333333332860e+01,-5.336891334022657585e-01
7.185416666666665719e+01,-3.258977133606596466e-01
7.187500000000000000e+01,3.315442076951449768e-01
7.189583333333332860e+01,2.079929147938528455e-01
7.191666666666665719e+01,-4.616419227722391438e-01
7.193750000000000000e+01,-3.185814650803107106e-01
7.195833333333332860e+01,3.345101842370689083e-01
7.197916666666665719e+01,2.122721122089802348e-01
7.200000000000000000e+01,-4.483836495518059850e-01
7.202083333333332860e+01,-3.196804057555955314e-01
7.204166666666665719e+01,3.145379368837891709e-01
7.206250000000000000e+01,1.940851070057331984e-01
7.208333333333332860e+01,-3.969404513008926716e-01
7.210416666666665719e+01,-2.143759713354655982e-01
7.212500000000000000e+01,4.249277739320960201e-01
7.214583333333332860e+01,3.052280625535278569e-01
7.216666666666665719e+01,-3.388649729802744037e-01
7.218750000000000000e+01,-2.159573896651190150e-01
7.220833333333332860e+01,4.069389997771682976e-01
7.222916666666665719e+01,2.702577104613206327e-01
7.225000000000000000e+01,-3.808090520620007746e-01
7.227083333333332860e+01,-2.550268357774571060e-01
7.229166666666665719e+01,3.707994481292872235e-01
7.231250000000000000e+01,2.204075827269697807e-01
7.233333333333332860e+01,-2.096640291810949741e-01
7.235416666666665719e+01,4.827768083372204616e-02
7.237500000000000000e+01,6.385433228678628614e-01
7.239583333333332860e+01,4.527169489281162029e-01
7.241666666666665719e+01,-2.470030952326434659e-01
7.243750000000000000e+01,-1.522457449641921867e-01
7.245833333333332860e+01,4.657655025286103201e-01
7.247916666666665719e+01,2.939186789551340717e-01
7.250000000000000000e+01,-4.049686599303983781e-01
7.252083333333332860e+01,-3.089926088814655691e-01
7.254166666666665719e+01,3.060247314722150946e-01
7.256250000000000000e+01,1.357854699570462120e-01
7.258333333333332860e+01,-5.448664620778091994e-01
7.260416666666665719e+01,-4.432984412343051739e-01
7.262500000000000000e+01,1.679718780219302543e-01
7.264583333333332860e+01,-2.199424630849100559e-03
7.266666666666665719e+01,-4.368075895464318403e-01
7.268750000000000000e+01,-1.681305068793063073e-01
7.270833333333332860e+01,4.460460692833295160e-01
7.272916666666665719e+01,2.752571735857612945e-01
7.275000000000000000e+01,-4.212284492012353665e-01
7.277083333333332860e+01,-3.277290592069404540e-01
7.279166666666665719e+01,2.817271134468769533e-01
7.281250000000000000e+01,1.127732174334558635e-01
7.283333333333332860e+01,-5.183226500333867337e-01
7.285416666666665719e+01,-3.890648249149121218e-01
7.287500000000000000e+01,2.462423514819553627e-01
7.289583333333332860e+01,1.097297494044910116e-01
7.291666666666665719e+01,-1.791715444218093256e-01
7.293750000000000000e+01,1.709591889973586798e-01
7.295833333333332860e+01,3.165214390727834060e-01
7.297916666666665719e+01,-1.692376622476799430e-01
7.300000000000000000e+01,-3.867659818739790922e-02
7.302083333333332860e+01,6.145497757903082281e-01
7.304166666666665719e+01,5.043860560104902468e-01
7.306250000000000000e+01,-1.608343545018545706e-01
7.308333333333332860e+01,-5.838665464791323312e-02
7.310416666666665719e+01,2.848075508225992314e-01
7.312500000000000000e+01,-2.326100648554207950e-02
7.314583333333332860e+01,-4.327179350896467325e-01
7.316666666666665719e+01,-1.279932351218455999e-01
7.318750000000000000e+01,3.910805473303506363e-01
7.320833333333332860e+01,1.850613261219609118e-01
7.322916666666665719e+01,-4.779837356239490243e-01
7.325000000000000000e+01,-3.412785633335174706e-01
7.327083333333332860e+01,3.017202406836618778e-01
7.329166666666665719e+01,1.775688243597192684e-01
7.331250000000000000e+01,-4.851235960963234950e-01
7.333333333333332860e+01,-3.545311112985732871e-01
7.335416666666665719e+01,2.837777435652116265e-01
7.337500000000000000e+01,1.593915415483442566e-01
7.339583333333332860e+01,-5.034035104288225870e-01
7.341666666666665719e+01,-3.647194319763920056e-01
7.343750000000000000e+01,2.786467175263385720e-01
7.345833333333332860e+01,1.530163014401858534e-01
7.347916666666665719e+01,-3.607725585261038481e-01
7.350000000000000000e+01,-1.224427843967669238e-01
7.352083333333332860e+01,5.204793868190294992e-01
7.354166666666665719e+01,3.941440005017446957e-01
7.356250000000000000e+01,-2.686551843490403990e-01
7.358333333333332860e+01,-1.296427640523111213e-01
7.360416666666665719e+01,5.132251976821434747e-01
7.362500000000000000e+01,3.873528254811188232e-01
7.364583333333332860e+01,-2.755131967794405279e-01
7.366666666666665719e+01,-1.370192486747952298e-01
7.368750000000000000e+01,5.058827042746645297e-01
7.370833333333332860e+01,3.808673441171776530e-01
7.372916666666665719e+01,-2.821522003527847655e-01
7.375000000000000000e+01,-1.445973354122032373e-01
7.377083333333332860e+01,3.023136746946912812e-01
7.379166666666665719e+01,4.752463662428374480e-02
7.381250000000000000e+01,-6.148739169478291133e-01
7.383333333333332860e+01,-4.770166066214094336e-01
7.385416666666665719e+01,1.646962875018749828e-01
7.387500000000000000e+01,3.724621596687445468e-02
7.389583333333332860e+01,-4.369463346151097882e-01
7.391666666666665719e+01,-1.734117256746621205e-01
7.393750000000000000e+01,4.658870572867594984e-01
7.395833333333332860e+01,3.352157252793506736e-01
7.397916666666665719e+01,-3.264137889531121273e-01
7.400000000000000000e+01,-1.811672871326165113e-01
7.402083333333332860e+01,4.605299235101124600e-01
7.404166666666665719e+01,3.273429058883592369e-01
7.406250000000000000e+01,-3.335771562676439483e-01
7.408333333333332860e+01,-1.879778538145709943e-01
7.410416666666665719e+01,4.442448572738752488e-01
7.412500000000000000e+01,3.040683858819862584e-01
7.414583333333332860e+01,-3.563891986845880711e-01
7.416666666666665719e+01,-2.097763457613951998e-01
7.418750000000000000e+01,3.164725136242108050e-01
7.420833333333332860e+01,1.049282330436030197e-01
7.422916666666665719e+01,-5.438923626755373109e-01
7.425000000000000000e+01,-3.876976557497928688e-01
7.427083333333332860e+01,2.547354457363539826e-01
7.429166666666665719e+01,1.284310413597541112e-01
7.431250000000000000e+01,-5.351874546932424703e-01
7.433333333333332860e+01,-4.070679041094725781e-01
7.435416666666665719e+01,2.557776729625563794e-01
7.437500000000000000e+01,1.565484525405526628e-01
7.439583333333332860e+01,-4.630926520732870921e-01
7.441666666666665719e+01,-3.051225327865046966e-01
7.443750000000000000e+01,3.402440289862192491e-01
7.445833333333332860e+01,2.283191886152284300e-01
7.447916666666665719e+01,-2.877258117524703618e-01
7.450000000000000000e+01,-6.709565146416335280e-02
7.452083333333332860e+01,5.976591166544831246e-01
7.454166666666665719e+01,5.012134204827594086e-01
7.456250000000000000e+01,-1.495198891388768714e-01
7.458333333333332860e+01,-1.533432520034534730e-02
7.460416666666665719e+01,6.308328388582887802e-01
7.462500000000000000e+01,5.173874937069783408e-01
7.464583333333332860e+01,-1.481016136239001746e-01
7.466666666666665719e+01,-8.223671394363019083e-02
7.468750000000000000e+01,2.879376183528435384e-01
7.470833333333332860e+01,1.419469180675930753e-02
7.472916666666665719e+01,-5.318697695914598178e-01
7.475000000000000000e+01,-3.179949666554837129e-01
7.477083333333332860e+01,3.258307392820847803e-01
7.479166666666665719e+01,2.027325104210209172e-01
7.481250000000000000e+01,-4.602510750816268259e-01
7.483333333333332860e+01,-3.222074548522591009e-01
7.485416666666665719e+01,3.210593638939350791e-01
7.487500000000000000e+01,1.956450789420197678e-01
7.489583333333332860e+01,-4.667257580474063472e-01
7.491666666666665719e+01,-3.265517397973597413e-01
7.493750000000000000e+01,3.163394302827291504e-01
7.495833333333332860e+01,1.890223741549476866e-01
7.497916666666665719e+01,-4.729072877742604430e-01
7.500000000000000000e+01,-3.338293179774388664e-01
7.502083333333332860e+01,3.070083127531370026e-01
7.504166666666665719e+01,1.784052851093443359e-01
7.506250000000000000e+01,-4.833336907148010342e-01
7.508333333333332860e+01,-3.424070991716506862e-01
7.510416666666665719e+01,2.987539648393459091e-01
7.512500000000000000e+01,1.689533568045551992e-01
7.514583333333332860e+01,-2.132202733075866941e-01
7.516666666666665719e+01,1.145196594459936823e-01
7.518750000000000000e+01,5.032233793185243442e-01
7.520833333333332860e+01,2.054640433283110856e-01
7.522916666666665719e+01,-3.554553413362746550e-01
7.525000000000000000e+01,-1.474127548552457978e-01
7.527083333333332860e+01,4.950209613244260787e-01
7.529166666666665719e+01,3.680833965316835377e-01
7.531250000000000000e+01,-2.945942315089500330e-01
7.533333333333332860e+01,-1.587471880514567391e-01
7.535416666666665719e+01,4.826497766715850402e-01
7.537500000000000000e+01,3.580948363595927164e-01
7.539583333333332860e+01,-3.050378884535618340e-01
7.541666666666665719e+01,-1.673232978585454389e-01
7.543750000000000000e+01,4.763336245811350400e-01
7.545833333333332860e+01,3.525631299649922279e-01
7.547916666666665719e+01,-3.106349245683004412e-01
7.550000000000000000e+01,-1.734995089734124030e-01
7.552083333333332860e+01,2.677234468654325905e-01
7.554166666666665719e+01,9.736606610726783462e-03
7.556250000000000000e+01,-6.530174149232468306e-01
7.558333333333332860e+01,-5.199633937754668533e-01
7.560416666666665719e+01,1.206721644525643872e-01
7.562500000000000000e+01,-2.837589848133261275e-03
7.564583333333332860e+01,-4.305265282542306560e-01
7.566666666666665719e+01,-1.363337986932943446e-01
7.568750000000000000e+01,5.059260130646160425e-01
7.570833333333332860e+01,3.809825656261550675e-01
7.572916666666665719e+01,-2.822120547479645691e-01
7.575000000000000000e+01,-1.452026213440837932e-01
7.577083333333332860e+01,3.456589428948347864e-01
7.579166666666665719e+01,1.202504663640409227e-01
7.581250000000000000e+01,-5.424419366966934941e-01
7.583333333333332860e+01,-4.037471807792115119e-01
7.585416666666665719e+01,2.396205048921035141e-01
7.587500000000000000e+01,1.137534256993845416e-01
7.589583333333332860e+01,-5.027581909140015348e-01
7.591666666666665719e+01,-3.319658117595512548e-01
7.593750000000000000e+01,3.108473103233839741e-01
7.595833333333332860e+01,1.831127696060592114e-01
7.597916666666665719e+01,-3.210635267268450721e-01
7.600000000000000000e+01,-8.442905801457756265e-02
7.602083333333332860e+01,5.515460498593144356e-01
7.604166666666665719e+01,4.235859030601077380e-01
7.606250000000000000e+01,-2.391407231151422563e-01
7.608333333333332860e+01,-9.809922409615035033e-02
7.610416666666665719e+01,5.444434656694447927e-01
7.612500000000000000e+01,4.114643974936130766e-01
7.614583333333332860e+01,-2.539094525762908283e-01
7.616666666666665719e+01,-1.115013117767639644e-01
7.618750000000000000e+01,5.305870834446848594e-01
7.620833333333332860e+01,4.009257186468107026e-01
7.622916666666665719e+01,-2.609980066385731434e-01
7.625000000000000000e+01,-1.201103829073866258e-01
7.627083333333332860e+01,2.101782854422442615e-01
7.629166666666665719e+01,-1.255335850452934943e-01
7.631250000000000000e+01,-4.314745890859369992e-01
7.633333333333332860e+01,-5.662391914972922380e-02
7.635416666666665719e+01,8.912148992613261322e-02
7.637500000000000000e+01,-3.655403398674311188e-01
7.639583333333332860e+01,-2.441223243314249725e-01
7.641666666666665719e+01,4.131694823496303570e-01
7.643750000000000000e+01,2.816344126823975280e-01
7.645833333333332860e+01,-3.523962732292419409e-01
7.647916666666665719e+01,-2.324550484086489177e-01
7.650000000000000000e+01,3.593283589764741937e-01
7.652083333333332860e+01,1.860614791120872857e-01
7.654166666666665719e+01,-4.461306487300902290e-01
7.656250000000000000e+01,-3.266765263429604604e-01
7.658333333333332860e+01,3.215156034711828537e-01
7.660416666666665719e+01,2.003024326901883811e-01
7.662500000000000000e+01,-4.236545430545608504e-01
7.664583333333332860e+01,-3.000746819139740174e-01
7.666666666666665719e+01,3.587144919460650838e-01
7.668750000000000000e+01,2.176947161065333203e-01
7.670833333333332860e+01,-4.298133772669230357e-01
7.672916666666665719e+01,-3.077246159601013109e-01
7.675000000000000000e+01,3.549957490699971463e-01
7.677083333333332860e+01,2.133329750518780932e-01
7.679166666666665719e+01,-4.354010532481867868e-01
7.681250000000000000e+01,-3.135292645131595446e-01
7.683333333333332860e+01,3.456799766844097510e-01
7.685416666666665719e+01,2.233993648705882573e-01
7.687500000000000000e+01,-4.091714158155811409e-01
7.689583333333332860e+01,-2.804916078789271294e-01
7.691666666666665719e+01,3.878310562999361388e-01
7.693750000000000000e+01,2.457692946306845316e-01
7.695833333333332860e+01,-4.052100239347883881e-01
7.697916666666665719e+01,-2.829634542009135112e-01
7.700000000000000000e+01,3.788268789045775575e-01
7.702083333333332860e+01,2.459393977142373955e-01
7.704166666666665719e+01,-3.943971084227509971e-01
7.706250000000000000e+01,-2.729610308228207494e-01
7.708333333333332860e+01,3.857120272845162567e-01
7.710416666666665719e+01,2.448302865736176337e-01
7.712500000000000000e+01,-1.756261937123628492e-01
7.714583333333332860e+01,9.327897951112068542e-02
7.716666666666665719e+01,6.644735430564157053e-01
7.718750000000000000e+01,4.714320845859436004e-01
7.720833333333332860e+01,-1.690098265064954586e-01
7.722916666666665719e+01,-4.870068690998710648e-02
7.725000000000000000e+01,5.780886923466391769e-01
7.727083333333332860e+01,4.168596147060725232e-01
7.729166666666665719e+01,-2.278216628560365553e-01
7.731250000000000000e+01,-1.072191027773313210e-01
7.733333333333332860e+01,2.432104953237081424e-01
7.735416666666665719e+01,-8.278703426355521477e-02
7.737500000000000000e+01,-4.771398477000785010e-01
7.739583333333332860e+01,-1.714526662798287748e-01
7.741666666666665719e+01,3.062083084091804519e-01
7.743750000000000000e+01,7.484696279306396471e-02
7.745833333333332860e+01,-5.611977126088871781e-01
7.747916666666665719e+01,-3.971517802524887619e-01
7.750000000000000000e+01,2.938723476448040772e-01
7.752083333333332860e+01,1.903320197928236590e-01
7.754166666666665719e+01,-4.301490928872258035e-01
7.756250000000000000e+01,-2.579699157846209734e-01
7.758333333333332860e+01,4.482269601099377887e-01
7.760416666666665719e+01,3.536765662447922676e-01
7.762500000000000000e+01,-2.662230649101468005e-01
7.764583333333332860e+01,-3.170683341176219194e-01
7.766666666666665719e+01,2.229514725876280967e-01
7.768750000000000000e+01,1.212846879510819514e-01
7.770833333333332860e+01,-4.895691245837313632e-01
7.772916666666665719e+01,-3.235142669003669980e-01
7.775000000000000000e+01,3.443922536018292901e-01
7.777083333333332860e+01,2.408582241373252164e-01
7.779166666666665719e+01,-3.834041985980288225e-01
7.781250000000000000e+01,-2.242239531528719687e-01
7.783333333333332860e+01,2.777242180320013132e-01
7.785416666666665719e+01,6.091519891923141000e-02
7.787500000000000000e+01,-5.868853225648251737e-01
7.789583333333332860e+01,-4.510478743728150164e-01
7.791666666666665719e+01,1.872536615329698506e-01
7.793750000000000000e+01,6.875877328608737127e-02
7.795833333333332860e+01,-3.828000443067104408e-01
7.797916666666665719e+01,-1.027182192658531723e-01
7.800000000000000000e+01,5.457558336245209585e-01
7.802083333333332860e+01,4.233332083294151782e-01
7.804166666666665719e+01,-2.398322020476864602e-01
7.806250000000000000e+01,-9.817426904636139540e-02
7.808333333333332860e+01,5.495005788023361593e-01
7.810416666666665719e+01,4.278254800829800475e-01
7.812500000000000000e+01,-2.295892684927802463e-01
7.814583333333332860e+01,-1.028924576631252280e-01
7.816666666666665719e+01,4.875724843843574630e-01
7.818750000000000000e+01,3.391843956913290214e-01
7.820833333333332860e+01,-3.122868649059694635e-01
7.822916666666665719e+01,-1.683860452969765387e-01
7.825000000000000000e+01,4.242489183199845137e-01
7.827083333333332860e+01,2.695642868892462740e-01
7.829166666666665719e+01,-3.855592926409543431e-01
7.831250000000000000e+01,-2.522430285285061080e-01
7.833333333333332860e+01,3.831451684057254337e-01
7.835416666666665719e+01,2.629283943575257965e-01
7.837500000000000000e+01,-3.891875370416909563e-01
7.839583333333332860e+01,-2.611872730163212752e-01
7.841666666666665719e+01,2.734868119099264083e-01
7.843750000000000000e+01,8.875554908265709253e-02
7.845833333333332860e+01,-5.675496047275108147e-01
7.847916666666665719e+01,-4.262261835842163227e-01
7.850000000000000000e+01,2.237670937771078505e-01
7.852083333333332860e+01,1.046650116659064711e-01
7.854166666666665719e+01,-5.557085554096392599e-01
7.856250000000000000e+01,-4.183800083354652921e-01
7.858333333333332860e+01,2.254018417058719637e-01
7.860416666666665719e+01,1.042222738672856919e-01
7.862500000000000000e+01,-3.976568976423139334e-01
7.864583333333332860e+01,-1.645660548453195537e-01
7.866666666666665719e+01,4.730855748925143489e-01
7.868750000000000000e+01,3.506515688863952596e-01
7.870833333333332860e+01,-3.152878219341543331e-01
7.872916666666665719e+01,-1.723822808564414999e-01
7.875000000000000000e+01,4.835882661169590424e-01
7.877083333333332860e+01,3.595952314388608517e-01
7.879166666666665719e+01,-3.063929153038358888e-01
7.881250000000000000e+01,-1.591796039922860340e-01
7.883333333333332860e+01,4.976045700016905604e-01
7.885416666666665719e+01,3.739408497043174018e-01
7.887500000000000000e+01,-2.939542701167740524e-01
7.889583333333332860e+01,-1.519889754056132636e-01
7.891666666666665719e+01,4.969101830419843102e-01
7.893750000000000000e+01,3.751927841211698533e-01
7.895833333333332860e+01,-2.681302014799243905e-01
7.897916666666665719e+01,-1.226355748563613957e-01
7.900000000000000000e+01,5.160150602571864642e-01
7.902083333333332860e+01,3.952742229518969030e-01
7.904166666666665719e+01,-2.586939401433826502e-01
7.906250000000000000e+01,-1.409973279458187068e-01
7.908333333333332860e+01,1.714719092098457853e-01
7.910416666666665719e+01,-1.560242233135274992e-01
7.912500000000000000e+01,-4.039038016386957697e-01
7.914583333333332860e+01,2.083768952313880263e-03
7.916666666666665719e+01,-7.248020981162620058e-02
7.918750000000000000e+01,-4.286845548058357824e-01
7.920833333333332860e+01,-1.411398660922751069e-01
7.922916666666665719e+01,3.141026649890558131e-01
7.925000000000000000e+01,3.821657216043089500e-02
7.927083333333332860e+01,-6.055271976170707449e-01
7.929166666666665719e+01,-4.856307500262149746e-01
7.931250000000000000e+01,1.795492371857788372e-01
7.933333333333332860e+01,6.295942644353214046e-02
7.935416666666665719e+01,-2.740753296389186744e-01
7.937500000000000000e+01,3.699188071084674734e-02
7.939583333333332860e+01,4.581177491163654913e-01
7.941666666666665719e+01,1.727887799534122415e-01
7.943750000000000000e+01,-4.352073573538310369e-01
7.945833333333332860e+01,-3.007208754167233211e-01
7.947916666666665719e+01,3.654295082501396452e-01
7.950000000000000000e+01,2.389978652045500751e-01
7.952083333333332860e+01,-3.166091636505342644e-01
7.954166666666665719e+01,-1.396120033805717808e-01
7.956250000000000000e+01,5.241041436097853001e-01
7.958333333333332860e+01,3.884653858070361010e-01
7.960416666666665719e+01,-2.552636608612943725e-01
7.962500000000000000e+01,-1.297229623174886715e-01
7.964583333333332860e+01,5.320294348142711183e-01
7.966666666666665719e+01,3.994621994685514932e-01
7.968750000000000000e+01,-2.352674416170897620e-01
7.970833333333332860e+01,-1.024125318013747038e-01
7.972916666666665719e+01,5.583992720130335208e-01
7.975000000000000000e+01,4.076297188262721360e-01
7.977083333333332860e+01,-2.334095940430549465e-01
7.979166666666665719e+01,-8.874673239603897423e-02
7.981250000000000000e+01,2.083777804916989163e-01
7.983333333333332860e+01,-1.901972941115976923e-01
7.985416666666665719e+01,-2.787386294180277946e-01
7.987500000000000000e+01,2.238843599748778224e-01
7.989583333333332860e+01,1.013803357785133530e-01
7.991666666666665719e+01,-5.603767962725516583e-01
7.993750000000000000e+01,-4.255128635096904199e-01
7.995833333333332860e+01,2.137859553662311840e-01
7.997916666666665719e+01,9.342490996668027792e-02
8.000000000000000000e+01,-5.579549121230213959e-01
8.002083333333332860e+01,-4.298928057413492487e-01
8.004166666666665719e+01,1.989900008231568762e-01
8.006250000000000000e+01,7.950444475897044949e-02
8.008333333333332860e+01,-4.624196048742461596e-01
8.010416666666665719e+01,-2.486919194929349541e-01
8.012500000000000000e+01,3.915296233405965998e-01
8.014583333333332860e+01,2.714684265834819143e-01
8.016666666666665719e+01,-3.808152089710600818e-01
8.018750000000000000e+01,-2.587910417020015674e-01
8.020833333333332860e+01,3.687758833639760425e-01
8.022916666666665719e+01,2.420100892705816520e-01
8.025000000000000000e+01,-3.645583057458504639e-01
8.027083333333332860e+01,-1.853588892883749617e-01
8.029166666666665719e+01,4.621435575846636334e-01
8.031250000000000000e+01,3.402806924150975076e-01
8.033333333333332860e+01,-3.199987378677005556e-01
8.035416666666665719e+01,-1.883429597356334195e-01
8.037500000000000000e+01,4.511499106720182617e-01
8.039583333333332860e+01,3.293421166914720088e-01
8.041666666666665719e+01,-3.307014370347638454e-01
8.043750000000000000e+01,-1.880799081502049219e-01
8.045833333333332860e+01,4.600762270412385724e-01
8.047916666666665719e+01,3.381623550113120324e-01
8.050000000000000000e+01,-3.216772484538536481e-01
8.052083333333332860e+01,-1.993648039381782922e-01
8.054166666666665719e+01,4.345075071017793222e-01
8.056250000000000000e+01,3.025490572590698868e-01
8.058333333333332860e+01,-3.696057779581349845e-01
8.060416666666665719e+01,-2.273663202875167710e-01
8.062500000000000000e+01,4.238260728795372190e-01
8.064583333333332860e+01,3.015786860030648664e-01
8.066666666666665719e+01,-3.567835759571904575e-01
8.068750000000000000e+01,-2.319213970724969820e-01
8.070833333333332860e+01,4.030277335094718527e-01
8.072916666666665719e+01,2.696873184542032953e-01
8.075000000000000000e+01,-4.032293287961089545e-01
8.077083333333332860e+01,-2.610715016654726051e-01
8.079166666666665719e+01,3.888146845035800880e-01
8.081250000000000000e+01,2.670834654080728177e-01
8.083333333333332860e+01,-3.800200802056432625e-01
8.085416666666665719e+01,-2.353646087601032333e-01
8.087500000000000000e+01,4.070178604356189389e-01
8.089583333333332860e+01,2.855293167039544833e-01
8.091666666666665719e+01,-3.743075842512247897e-01
8.093750000000000000e+01,-2.330956048216383247e-01
8.095833333333332860e+01,4.134550886610482978e-01
8.097916666666665719e+01,2.920142392808757759e-01
8.100000000000000000e+01,-3.632400352412790134e-01
8.102083333333332860e+01,-2.410870315943453301e-01
8.104166666666665719e+01,3.901101344603276067e-01
8.106250000000000000e+01,2.537743590293777829e-01
8.108333333333332860e+01,-4.196313005060714474e-01
8.110416666666665719e+01,-2.874526855542809956e-01
8.112500000000000000e+01,3.554528699592243157e-01
8.114583333333332860e+01,2.333503327340809008e-01
8.116666666666665719e+01,-4.300922282974319888e-01
8.118750000000000000e+01,-2.881152495559996529e-01
8.120833333333332860e+01,3.468937567132061028e-01
8.122916666666665719e+01,2.153341354990734868e-01
8.125000000000000000e+01,-4.442958161213608204e-01
8.127083333333332860e+01,-3.220564682270236068e-01
8.129166666666665719e+01,2.829604126536293673e-01
8.131250000000000000e+01,1.326826357188785055e-01
8.133333333333332860e+01,-5.376420628373620447e-01
8.135416666666665719e+01,-3.953002857880929533e-01
8.137500000000000000e+01,2.539097617814041197e-01
8.139583333333332860e+01,1.326309035986360241e-01
8.141666666666665719e+01,-5.184176943769607249e-01
8.143750000000000000e+01,-3.886253239077114285e-01
8.145833333333332860e+01,2.453819707071731027e-01
8.147916666666665719e+01,1.137840109547126055e-01
8.150000000000000000e+01,-5.552686847045549268e-01
8.152083333333332860e+01,-4.141905522270483697e-01
8.154166666666665719e+01,2.320186209676963762e-01
8.156250000000000000e+01,1.834453236078735783e-01
8.158333333333332860e+01,-2.186093727560200484e-01
8.160416666666665719e+01,4.323779703095848026e-02
8.162500000000000000e+01,6.557375224466328589e-01
8.164583333333332860e+01,5.058735306891640748e-01
8.166666666666665719e+01,-1.660462302047609751e-01
8.168750000000000000e+01,-4.033160464839399828e-02
8.170833333333332860e+01,5.966052738864521254e-01
8.172916666666665719e+01,4.740688570452105122e-01
8.175000000000000000e+01,-1.916314588346147429e-01
8.177083333333332860e+01,-4.933039837296408769e-02
8.179166666666665719e+01,3.653590789795997384e-01
8.181250000000000000e+01,8.194954051746203283e-02
8.183333333333332860e+01,-5.699929971208775870e-01
8.185416666666665719e+01,-4.148868769863593986e-01
8.187500000000000000e+01,2.409348829145318005e-01
8.189583333333332860e+01,1.180595754570450961e-01
8.191666666666665719e+01,-4.132649084850987253e-01
8.193750000000000000e+01,-1.817737464071590425e-01
8.195833333333332860e+01,4.654400315520392795e-01
8.197916666666665719e+01,3.442748363459856020e-01
8.200000000000000000e+01,-3.056886334483435719e-01
8.202083333333332860e+01,-1.837378001042737630e-01
8.204166666666665719e+01,4.402890829825294450e-01
8.206250000000000000e+01,3.049382679971777699e-01
8.208333333333332860e+01,-3.589416022190753397e-01
8.210416666666665719e+01,-2.389455774544683719e-01
8.212500000000000000e+01,3.865415451710115802e-01
8.214583333333332860e+01,2.582496719544695729e-01
8.216666666666665719e+01,-4.029961714603034761e-01
8.218750000000000000e+01,-2.625249630014810931e-01
8.220833333333332860e+01,3.789996755884450508e-01
8.222916666666665719e+01,2.588682683273861307e-01
8.225000000000000000e+01,-3.852817745114178738e-01
8.227083333333332860e+01,-2.546782028252995156e-01
8.229166666666665719e+01,3.743574140098303582e-01
8.231250000000000000e+01,2.537770031546693339e-01
8.233333333333332860e+01,-4.012596428972028395e-01
8.235416666666665719e+01,-2.579805111380895633e-01
8.237500000000000000e+01,3.915064748240932313e-01
8.239583333333332860e+01,2.691121302951291483e-01
8.241666666666665719e+01,-3.964663795640883670e-01
8.243750000000000000e+01,-2.540060799450228890e-01
8.245833333333332860e+01,3.989201949674238690e-01
8.247916666666665719e+01,2.762285506139223190e-01
8.250000000000000000e+01,-3.882653323894025288e-01
8.252083333333332860e+01,-2.465563487865259917e-01
8.254166666666665719e+01,2.657161514088027809e-01
8.256250000000000000e+01,5.486832895390904297e-02
8.258333333333332860e+01,-5.898537587449662611e-01
8.260416666666665719e+01,-4.507970565682107855e-01
8.262500000000000000e+01,1.851481871063297424e-01
8.264583333333332860e+01,6.486496479704598195e-02
8.266666666666665719e+01,-5.535026955217663414e-01
8.268750000000000000e+01,-3.861520381550972991e-01
8.270833333333332860e+01,2.601144934999466973e-01
8.272916666666665719e+01,1.389548046572102735e-01
8.275000000000000000e+01,-2.610602047746330423e-01
8.277083333333332860e+01,5.078917008192390670e-02
8.279166666666665719e+01,5.924664638153871454e-01
8.281250000000000000e+01,4.042666248007243390e-01
8.283333333333332860e+01,-2.497291035043099072e-01
8.285416666666665719e+01,-1.328798150677699408e-01
8.287500000000000000e+01,4.935321416100486580e-01
8.289583333333332860e+01,3.410689336344822631e-01
8.291666666666665719e+01,-3.403604919984290489e-01
8.293750000000000000e+01,-2.479112413393390613e-01
8.295833333333332860e+01,3.646563698790499797e-01
8.297916666666665719e+01,1.936943712703117493e-01
8.300000000000000000e+01,-3.981734251672625624e-01
8.302083333333332860e+01,-2.321848143838445289e-01
8.304166666666665719e+01,3.840658419167412574e-01
8.306250000000000000e+01,2.126772652247595485e-01
8.308333333333332860e+01,-3.375416877047484610e-01
8.310416666666665719e+01,-1.446059607398580971e-01
8.312500000000000000e+01,4.669101458464663956e-01
8.314583333333332860e+01,3.024811713380239353e-01
8.316666666666665719e+01,-3.705962595050625863e-01
8.318750000000000000e+01,-2.683654078974960222e-01
8.320833333333332860e+01,3.498605099495601944e-01
8.322916666666665719e+01,1.825664858030596749e-01
8.325000000000000000e+01,-2.782171526699394604e-01
8.327083333333332860e+01,-2.509324850307487198e-02
8.329166666666665719e+01,5.901533456801144606e-01
8.331250000000000000e+01,4.187802974487888075e-01
8.333333333333332860e+01,-2.782168155351031902e-01
8.335416666666665719e+01,-1.847793212041279887e-01
8.337500000000000000e+01,4.239719178407566069e-01
8.339583333333332860e+01,2.692326496647547973e-01
8.341666666666665719e+01,-4.055858820773861617e-01
8.343750000000000000e+01,-3.104481794589233901e-01
8.345833333333332860e+01,2.978586489296003448e-01
8.347916666666665719e+01,1.286417827115108325e-01
8.350000000000000000e+01,-5.648017535314329152e-01
8.352083333333332860e+01,-4.724465702557429925e-01
8.354166666666665719e+01,1.357906370227126014e-01
8.356250000000000000e+01,-3.020631171065777526e-02
8.358333333333332860e+01,-3.449105026741544622e-01
8.360416666666665719e+01,-4.662272742349163335e-03
8.362500000000000000e+01,2.611560801587822223e-01
8.364583333333332860e+01,-1.409847253427871927e-01
8.366666666666665719e+01,-9.271775147807584383e-02
8.368750000000000000e+01,3.437349254477947147e-01
8.370833333333332860e+01,1.272360983052738537e-01
8.372916666666665719e+01,-5.374109116904125516e-01
8.375000000000000000e+01,-4.061410775629095138e-01
8.377083333333332860e+01,2.383674138067956028e-01
8.379166666666665719e+01,1.179434885499871521e-01
8.381250000000000000e+01,-3.563119732541896734e-01
8.383333333333332860e+01,-9.713447303443817349e-02
8.385416666666665719e+01,5.439645917293187694e-01
8.387500000000000000e+01,4.185588197744269934e-01
8.389583333333332860e+01,-2.442833529007751303e-01
8.391666666666665719e+01,-1.039577285962308140e-01
8.393750000000000000e+01,5.383327109790809750e-01
8.395833333333332860e+01,4.088820390541388350e-01
8.397916666666665719e+01,-2.472614231598624368e-01
8.400000000000000000e+01,-1.077959276613178474e-01
8.402083333333332860e+01,2.493589563421306221e-01
8.404166666666665719e+01,-6.351672582084816332e-02
8.406250000000000000e+01,-4.652949473457834717e-01
8.408333333333332860e+01,-1.552329121439900428e-01
8.410416666666665719e+01,3.708536550755198169e-01
8.412500000000000000e+01,1.740066344587549163e-01
8.414583333333332860e+01,-4.907903429721267030e-01
8.416666666666665719e+01,-3.639667098315235716e-01
8.418750000000000000e+01,2.970445629936749876e-01
8.420833333333332860e+01,1.937811283330267698e-01
8.422916666666665719e+01,-4.694053206438024706e-01
8.425000000000000000e+01,-3.358443910089492501e-01
8.427083333333332860e+01,3.082313152072625462e-01
8.429166666666665719e+01,1.844109158837023144e-01
8.431250000000000000e+01,-4.771881260776517086e-01
8.433333333333332860e+01,-3.340087251226587228e-01
8.435416666666665719e+01,3.082089847971560825e-01
8.437500000000000000e+01,1.744616885498964931e-01
8.439583333333332860e+01,-3.314761258476657257e-01
8.441666666666665719e+01,-7.984692854584835020e-02
8.443750000000000000e+01,5.619011191086435986e-01
8.445833333333332860e+01,4.323440199509908100e-01
8.447916666666665719e+01,-2.310055549496412564e-01
8.450000000000000000e+01,-1.035449743743025730e-01
8.452083333333332860e+01,5.554654073493634492e-01
8.454166666666665719e+01,4.494338876984163567e-01
8.456250000000000000e+01,-1.926881955997767903e-01
8.458333333333332860e+01,-4.276456476498943782e-02
8.460416666666665719e+01,2.879785977024659216e-01
8.462500000000000000e+01,-4.245809304306336074e-02
8.464583333333332860e+01,-3.816573742973685124e-01
8.466666666666665719e+01,-2.428870514730260832e-02
8.468750000000000000e+01,2.020153438293141868e-01
8.470833333333332860e+01,-2.003759897984616623e-01
8.472916666666665719e+01,-1.251174547232021816e-01
8.475000000000000000e+01,2.445212507645189159e-01
8.477083333333332860e+01,-2.064785201800686809e-02
8.479166666666665719e+01,-4.814319140317825374e-01
8.481250000000000000e+01,-2.144309966248053034e-01
8.483333333333332860e+01,4.770300989916315126e-01
8.485416666666665719e+01,3.838384427872544302e-01
8.487500000000000000e+01,-2.232308878088044846e-01
8.489583333333332860e+01,-2.645319039733107225e-01
8.491666666666665719e+01,2.222545324252278021e-01
8.493750000000000000e+01,8.972517870283068520e-02
8.495833333333332860e+01,-5.470874284516830111e-01
8.497916666666665719e+01,-3.918580110394866978e-01
8.500000000000000000e+01,2.575185099885282658e-01
8.502083333333332860e+01,1.250865919398496118e-01
8.504166666666665719e+01,-5.487709026304892213e-01
8.506250000000000000e+01,-4.044605311938624936e-01
8.508333333333332860e+01,2.494143362909921890e-01
8.510416666666665719e+01,1.271698439629821431e-01
8.512500000000000000e+01,-3.836031813099636811e-01
8.514583333333332860e+01,-1.607556270105802709e-01
8.516666666666665719e+01,4.743420933201600298e-01
8.518750000000000000e+01,3.287214575246403814e-01
8.520833333333332860e+01,-3.523675424917327437e-01
8.522916666666665719e+01,-2.588271186832747928e-01
8.525000000000000000e+01,3.748136628967893014e-01
8.527083333333332860e+01,2.117545399766057324e-01
8.529166666666665719e+01,-2.107738255407717309e-01
8.531250000000000000e+01,6.916899399480361255e-02
8.533333333333332860e+01,6.617993734134295369e-01
8.535416666666665719e+01,4.739293427832227401e-01
8.537500000000000000e+01,-2.280345411605745332e-01
8.539583333333332860e+01,-1.344751579917660145e-01
8.541666666666665719e+01,4.801173779923395557e-01
8.543750000000000000e+01,3.094035883227246320e-01
8.545833333333332860e+01,-3.782555557858088280e-01
8.547916666666665719e+01,-2.813489714976797340e-01
8.550000000000000000e+01,3.257565887276744898e-01
8.552083333333332860e+01,1.568824769110022110e-01
8.554166666666665719e+01,-5.149160410307226377e-01
8.556250000000000000e+01,-4.133058683780374554e-01
8.558333333333332860e+01,1.933667977928928972e-01
8.560416666666665719e+01,1.346459264805361378e-01
8.562500000000000000e+01,-2.808224213175036788e-01
8.564583333333332860e+01,-5.076092495863692572e-02
8.566666666666665719e+01,5.627673776680162110e-01
8.568750000000000000e+01,3.916967997837025317e-01
8.570833333333332860e+01,-3.076237111063648832e-01
8.572916666666665719e+01,-2.144741090946034046e-01
8.575000000000000000e+01,3.985085750988149322e-01
8.577083333333332860e+01,2.282969843972728896e-01
8.579166666666665719e+01,-4.595956816468318440e-01
8.581250000000000000e+01,-3.635267263995303200e-01
8.583333333333332860e+01,2.432354376716491795e-01
8.585416666666665719e+01,7.449719577928315406e-02
8.587500000000000000e+01,-5.607081865455969538e-01
8.589583333333332860e+01,-4.344693335500334763e-01
8.591666666666665719e+01,1.728464835011452594e-01
8.593750000000000000e+01,1.067807339036940389e-01
8.595833333333332860e+01,-2.759350016693405405e-01
8.597916666666665719e+01,-1.958681831780023641e-02
8.600000000000000000e+01,5.207597687646290385e-01
8.602083333333332860e+01,2.989899667239641623e-01
8.604166666666665719e+01,-4.033525683953804730e-01
8.606250000000000000e+01,-3.092392244880916019e-01
8.608333333333332860e+01,3.078651268432833765e-01
8.610416666666665719e+01,1.367230653879050739e-01
8.612500000000000000e+01,-3.566973685211757283e-01
8.614583333333332860e+01,-1.273344199367393570e-01
8.616666666666665719e+01,4.823477877412324366e-01
8.618750000000000000e+01,3.133446569441007412e-01
8.620833333333332860e+01,-3.505155855163373801e-01
8.622916666666665719e+01,-2.435468451591512595e-01
8.625000000000000000e+01,3.949621533937794915e-01
8.627083333333332860e+01,2.448420172218405133e-01
8.629166666666665719e+01,-3.957304066187737335e-01
8.631250000000000000e+01,-2.751395667825509150e-01
8.633333333333332860e+01,3.803262493343537165e-01
8.635416666666665719e+01,2.399544376912579602e-01
8.637500000000000000e+01,-4.016459501653246167e-01
8.639583333333332860e+01,-2.813638426173036278e-01
8.641666666666665719e+01,3.647837898860418204e-01
8.643750000000000000e+01,2.347474651924123523e-01
8.645833333333332860e+01,-3.528819865383046039e-01
8.647916666666665719e+01,-2.010835836764922613e-01
8.650000000000000000e+01,4.610351790581846965e-01
8.652083333333332860e+01,3.188038329635308754e-01
8.654166666666665719e+01,-3.340717643166545292e-01
8.656250000000000000e+01,-2.110352218040712491e-01
8.658333333333332860e+01,4.576952718140805398e-01
8.660416666666665719e+01,3.143271628229905579e-01
8.662500000000000000e+01,-3.414862911909553045e-01
8.664583333333332860e+01,-2.183433865163975918e-01
8.666666666666665719e+01,4.486370568878674803e-01
8.668750000000000000e+01,3.060653953714442821e-01
8.670833333333332860e+01,-3.433935026459938866e-01
8.672916666666665719e+01,-2.221151056903792331e-01
8.675000000000000000e+01,4.223069711523331771e-01
8.677083333333332860e+01,2.815309253639234344e-01
8.679166666666665719e+01,-3.554712569915190468e-01
8.681250000000000000e+01,-2.347253316257186806e-01
8.683333333333332860e+01,4.238366807792105506e-01
8.685416666666665719e+01,2.825598063009046590e-01
8.687500000000000000e+01,-3.642592165505119661e-01
8.689583333333332860e+01,-2.427422818400909732e-01
8.691666666666665719e+01,2.744163479057761812e-01
8.693750000000000000e+01,3.876250924649612961e-02
8.695833333333332860e+01,-6.043561248799254049e-01
8.697916666666665719e+01,-4.834126005780214896e-01
8.700000000000000000e+01,1.573033683644469993e-01
8.702083333333332860e+01,1.340840857373958722e-02
8.704166666666665719e+01,-5.814607096469824876e-01
8.706250000000000000e+01,-4.320679943023903458e-01
8.708333333333332860e+01,2.247543088351932061e-01
8.710416666666665719e+01,8.426437699666489145e-02
8.712500000000000000e+01,-3.261921112450053006e-01
8.714583333333332860e+01,-4.874768375990956581e-02
8.716666666666665719e+01,6.087638883844133098e-01
8.718750000000000000e+01,4.777086873070716111e-01
8.720833333333332860e+01,-1.643548898150413995e-01
8.722916666666665719e+01,-4.556102314529265895e-02
8.725000000000000000e+01,4.094658716775302909e-01
8.727083333333332860e+01,1.299727774793790480e-01
8.729166666666665719e+01,-5.202565907734041373e-01
8.731250000000000000e+01,-3.976888444175640247e-01
8.733333333333332860e+01,2.660282241306804463e-01
8.735416666666665719e+01,1.273395952712927381e-01
8.737500000000000000e+01,-2.781818655874849777e-01
8.739583333333332860e+01,4.034264373827894934e-03
8.741666666666665719e+01,5.819135884093185052e-01
8.743750000000000000e+01,4.017158753955158978e-01
8.745833333333332860e+01,-2.345243179210765583e-01
8.747916666666665719e+01,-1.116474778334853452e-01
8.750000000000000000e+01,5.441665838873106509e-01
8.752083333333332860e+01,3.931599087337065423e-01
8.754166666666665719e+01,-2.642438597979969161e-01
8.756250000000000000e+01,-1.404921049250862641e-01
8.758333333333332860e+01,2.851746607924989796e-01
8.760416666666665719e+01,-2.354814174844227503e-02
8.762500000000000000e+01,-6.107147206231041681e-01
8.764583333333332860e+01,-4.378123516126575243e-01
8.766666666666665719e+01,2.347726329025904557e-01
8.768750000000000000e+01,9.184305642909405820e-02
8.770833333333332860e+01,-5.659083918409772984e-01
8.772916666666665719e+01,-4.447875186916788737e-01
8.775000000000000000e+01,2.186386378280633369e-01
8.777083333333332860e+01,1.020056327187526812e-01
8.779166666666665719e+01,-2.173862725437718801e-01
8.781250000000000000e+01,1.063214070196300542e-01
8.783333333333332860e+01,3.686996224307638736e-01
8.785416666666665719e+01,-2.428981863872896330e-02
8.787500000000000000e+01,1.443718859061446369e-02
8.789583333333332860e+01,3.997230584349885096e-01
8.791666666666665719e+01,1.468981643100947254e-01
8.793750000000000000e+01,-4.159516337595623447e-01
8.795833333333332860e+01,-2.092506264684461659e-01
8.797916666666665719e+01,4.387742896013916982e-01
8.800000000000000000e+01,3.179796447952775162e-01
8.802083333333332860e+01,-3.452843720237707137e-01
8.804166666666665719e+01,-2.092850160171502161e-01
8.806250000000000000e+01,4.338097230911775459e-01
8.808333333333332860e+01,3.109971614334794965e-01
8.810416666666665719e+01,-3.524217530274230681e-01
8.812500000000000000e+01,-2.251190139258017753e-01
8.814583333333332860e+01,4.134377751375685750e-01
8.816666666666665719e+01,2.926742228411265412e-01
8.818750000000000000e+01,-3.713569224518153411e-01
8.820833333333332860e+01,-2.376091502947874357e-01
8.822916666666665719e+01,4.085068055383060948e-01
8.825000000000000000e+01,2.849267634250226555e-01
8.827083333333332860e+01,-3.817686779105749495e-01
8.829166666666665719e+01,-2.462263964152438811e-01
8.831250000000000000e+01,3.973867138078259198e-01
8.833333333333332860e+01,2.740795011140541027e-01
8.835416666666665719e+01,-3.888888167668247964e-01
8.837500000000000000e+01,-2.509099955429722195e-01
8.839583333333332860e+01,3.921972128518248502e-01
8.841666666666665719e+01,2.668058580799604895e-01
8.843750000000000000e+01,-3.956182537312870617e-01
8.845833333333332860e+01,-2.658387186916978395e-01
8.847916666666665719e+01,3.351488620775817662e-01
8.850000000000000000e+01,1.852591541990935009e-01
8.852083333333332860e+01,-4.773189613955519661e-01
8.854166666666665719e+01,-3.361370399488877170e-01
8.856250000000000000e+01,3.067465116754378718e-01
8.858333333333332860e+01,1.735525486885028390e-01
8.860416666666665719e+01,-4.914152565597739164e-01
8.862500000000000000e+01,-3.473459019560161121e-01
8.864583333333332860e+01,2.950571428717424505e-01
8.866666666666665719e+01,1.638464176204638134e-01
8.868750000000000000e+01,-4.972214394252320036e-01
8.870833333333332860e+01,-3.562310444641645923e-01
8.872916666666665719e+01,2.824636473664368097e-01
8.875000000000000000e+01,1.497204563967019786e-01
8.877083333333332860e+01,-5.111765417011517876e-01
8.879166666666665719e+01,-3.636553599148993343e-01
8.881250000000000000e+01,2.782311560846047471e-01
8.883333333333332860e+01,1.435627431197186166e-01
8.885416666666665719e+01,-3.006223523360121441e-01
8.887500000000000000e+01,-1.452134191502446603e-02
8.889583333333332860e+01,6.223186481750544452e-01
8.891666666666665719e+01,4.868331954559793617e-01
8.893750000000000000e+01,-1.744122136843120896e-01
8.895833333333332860e+01,-2.621366686320945882e-02
8.897916666666665719e+01,5.337525123658413140e-01
8.900000000000000000e+01,3.443908361951888430e-01
8.902083333333332860e+01,-3.081184243553643509e-01
8.904166666666665719e+01,-1.561881265621489767e-01
8.906250000000000000e+01,4.859795690237495025e-01
8.908333333333332860e+01,3.598389231054596182e-01
8.910416666666665719e+01,-3.040909215954978873e-01
8.912500000000000000e+01,-1.728279376162651926e-01
8.914583333333332860e+01,3.706791281482656464e-01
8.916666666666665719e+01,1.912593879874491809e-01
8.918750000000000000e+01,-4.752350242129962377e-01
8.920833333333332860e+01,-3.571188771166159404e-01
8.922916666666665719e+01,2.927839824932694235e-01
8.925000000000000000e+01,1.910279141807068592e-01
8.927083333333332860e+01,-4.763569386181861764e-01
8.929166666666665719e+01,-3.577906287477305436e-01
8.931250000000000000e+01,2.898813077746024147e-01
8.933333333333332860e+01,1.844084729455203187e-01
8.935416666666665719e+01,-4.823364478549676537e-01
8.937500000000000000e+01,-3.622717526935570476e-01
8.939583333333332860e+01,2.982278962426123115e-01
8.941666666666665719e+01,1.969571489948776510e-01
8.943750000000000000e+01,-4.641734645650669178e-01
8.945833333333332860e+01,-3.267658524963940603e-01
8.947916666666665719e+01,3.166019276918494163e-01
8.950000000000000000e+01,1.857704156808840934e-01
8.952083333333332860e+01,-4.627011228114026875e-01
8.954166666666665719e+01,-3.080539737368566122e-01
8.956250000000000000e+01,3.300147986752646756e-01
8.958333333333332860e+01,1.928774791855387694e-01
8.960416666666665719e+01,-2.951335803099503496e-01
8.962500000000000000e+01,-3.086544591198636667e-02
8.964583333333332860e+01,6.102877746076236232e-01
8.966666666666665719e+01,4.751635044410607023e-01
8.968750000000000000e+01,-1.861678622371631397e-01
8.970833333333332860e+01,-4.296523036794280825e-02
8.972916666666665719e+01,5.706750280681442966e-01
8.975000000000000000e+01,4.219755052332651024e-01
8.977083333333332860e+01,-2.400128017395385671e-01
8.979166666666665719e+01,-9.741830276210883266e-02
8.981250000000000000e+01,3.326203813113671748e-01
8.983333333333332860e+01,6.406390172305048702e-02
8.985416666666665719e+01,-5.983516097543498669e-01
8.987500000000000000e+01,-4.653042455937403954e-01
8.989583333333332860e+01,1.749761629372027505e-01
8.991666666666665719e+01,5.353847470312364520e-02
8.993750000000000000e+01,-4.027427105006394781e-01
8.995833333333332860e+01,-1.321023315726311265e-01
8.997916666666665719e+01,5.137089240735726037e-01
9.000000000000000000e+01,3.978696309020519628e-01
9.002083333333332860e+01,-2.673134033003203291e-01
9.004166666666665719e+01,-1.399843204092551807e-01
9.006250000000000000e+01,3.980906656114753250e-01
9.008333333333332860e+01,2.120643681319690776e-01
9.010416666666665719e+01,-4.524031277374569449e-01
9.012500000000000000e+01,-3.178820257761912904e-01
9.014583333333332860e+01,3.255593749011393978e-01
9.016666666666665719e+01,1.979827232572581863e-01
9.018750000000000000e+01,-4.553672644523283353e-01
9.020833333333332860e+01,-3.036002824623356133e-01
9.022916666666665719e+01,3.381434547940825874e-01
9.025000000000000000e+01,2.051757902674741230e-01
9.027083333333332860e+01,-4.557748571573995156e-01
9.029166666666665719e+01,-3.116609730976380721e-01
9.031250000000000000e+01,3.286559896657156310e-01
9.033333333333332860e+01,1.964015468896303240e-01
9.035416666666665719e+01,-4.647638783089143577e-01
9.037500000000000000e+01,-3.241327586582610776e-01
9.039583333333332860e+01,3.147625820775462602e-01
9.041666666666665719e+01,1.836356143358665594e-01
9.043750000000000000e+01,-4.778554624699392073e-01
9.045833333333332860e+01,-3.335189020113777936e-01
9.047916666666665719e+01,3.088152813564749577e-01
9.050000000000000000e+01,1.783896157644154212e-01
9.052083333333332860e+01,-2.827760753990676834e-01
9.054166666666665719e+01,-6.344741632716033308e-03
9.056250000000000000e+01,6.357503437106553079e-01
9.058333333333332860e+01,5.065562250744122252e-01
9.060416666666665719e+01,-1.559528432494479699e-01
9.062500000000000000e+01,-2.191871008340634530e-02
9.064583333333332860e+01,4.428762077426365851e-01
9.066666666666665719e+01,2.019085093490823601e-01
9.068750000000000000e+01,-4.612932516489586798e-01
9.070833333333332860e+01,-3.244695995858297155e-01
9.072916666666665719e+01,3.193495175175503631e-01
9.075000000000000000e+01,1.979177541130272000e-01
9.077083333333332860e+01,-4.659081432960452962e-01
9.079166666666665719e+01,-3.330301607881051007e-01
9.081250000000000000e+01,3.114073076391065675e-01
9.083333333333332860e+01,1.939298835607921601e-01
9.085416666666665719e+01,-4.706952402973370031e-01
9.087500000000000000e+01,-3.421601596695341141e-01
9.089583333333332860e+01,3.029733828841424947e-01
9.091666666666665719e+01,1.898104347794066782e-01
9.093750000000000000e+01,-2.762765975046238554e-01
9.095833333333332860e+01,-2.005405265022419670e-02
9.097916666666665719e+01,6.256168825616437168e-01
9.100000000000000000e+01,5.173501344009573399e-01
9.102083333333332860e+01,-1.502329708575117218e-01
9.104166666666665719e+01,-3.635565210198685171e-02
9.106250000000000000e+01,3.716587361191379668e-01
9.108333333333332860e+01,1.075092655213255033e-01
9.110416666666665719e+01,-5.313010234086460448e-01
9.112500000000000000e+01,-3.859350892351305351e-01
9.114583333333332860e+01,3.081044288970060663e-01
9.116666666666665719e+01,2.086999797471610074e-01
9.118750000000000000e+01,-4.152917081170496294e-01
9.120833333333332860e+01,-2.434847336915240412e-01
9.122916666666665719e+01,4.477391115557785017e-01
9.125000000000000000e+01,3.582285413230403837e-01
9.127083333333332860e+01,-2.569070335433747410e-01
9.129166666666665719e+01,-1.048902130281857970e-01
9.131250000000000000e+01,1.864418457703785059e-01
9.133333333333332860e+01,-1.631684737739998170e-01
9.135416666666665719e+01,-3.212752171307927673e-01
9.137500000000000000e+01,1.420411257042849262e-01
9.139583333333332860e+01,3.980076428200321481e-02
9.141666666666665719e+01,-5.781894494332676659e-01
9.143750000000000000e+01,-4.063124706440271461e-01
9.145833333333332860e+01,3.026908569113969105e-01
9.147916666666665719e+01,2.070047733871214768e-01
9.150000000000000000e+01,-4.206435911994955146e-01
9.152083333333332860e+01,-2.460585510181429458e-01
9.154166666666665719e+01,4.551780681901270720e-01
9.156250000000000000e+01,3.498950370402982291e-01
9.158333333333332860e+01,-2.800696801852826101e-01
9.160416666666665719e+01,-1.066595370156206840e-01
9.162500000000000000e+01,5.116866370439960843e-01
9.164583333333332860e+01,3.539824637236816396e-01
9.166666666666665719e+01,-2.686761631484650970e-01
9.168750000000000000e+01,-9.714036670902170822e-02
9.170833333333332860e+01,2.804125263226502907e-01
9.172916666666665719e+01,-2.707747702848355142e-02
9.175000000000000000e+01,-4.698891399646373812e-01
9.177083333333332860e+01,-2.051738568913930305e-01
9.179166666666665719e+01,4.675952261086763762e-01
9.181250000000000000e+01,3.748526186198696264e-01
9.183333333333332860e+01,-2.260422136707804230e-01
9.185416666666665719e+01,-2.107321082969424164e-01
9.187500000000000000e+01,2.413007772846709476e-01
9.189583333333332860e+01,6.366338215653322141e-02
9.191666666666665719e+01,-5.343664971818662401e-01
9.193750000000000000e+01,-3.773277465397725239e-01
9.195833333333332860e+01,2.894527062493373326e-01
9.197916666666665719e+01,1.946514775198517344e-01
9.200000000000000000e+01,-4.073280195502315681e-01
9.202083333333332860e+01,-2.377334306873800929e-01
9.204166666666665719e+01,4.546348921329371739e-01
9.206250000000000000e+01,3.612446976872004667e-01
9.208333333333332860e+01,-2.509372130905073162e-01
9.210416666666665719e+01,-8.062798274085314354e-02
9.212500000000000000e+01,3.167076498819417774e-01
9.214583333333332860e+01,2.400008823997205887e-02
9.216666666666665719e+01,-4.724638505073749384e-01
9.218750000000000000e+01,-2.238093566333393680e-01
9.220833333333332860e+01,4.635512271919907112e-01
9.222916666666665719e+01,3.644944182532280363e-01
9.225000000000000000e+01,-2.496104163582495428e-01
9.227083333333332860e+01,-7.893790344965402606e-02
9.229166666666665719e+01,3.252141505594088322e-01
9.231250000000000000e+01,3.424411201114020697e-02
9.233333333333332860e+01,-5.073447218954221238e-01
9.235416666666665719e+01,-2.862679303935214969e-01
9.237500000000000000e+01,4.134110773457886356e-01
9.239583333333332860e+01,3.200950721072978178e-01
9.241666666666665719e+01,-2.913465857168141548e-01
9.243750000000000000e+01,-1.329401461606844470e-01
9.245833333333332860e+01,4.604716694296168145e-01
9.247916666666665719e+01,3.070199585390450681e-01
9.250000000000000000e+01,-3.042851264009739376e-01
9.252083333333332860e+01,-1.333921691618559779e-01
9.254166666666665719e+01,3.160677555933376626e-01
9.256250000000000000e+01,5.632626584302927175e-02
9.258333333333332860e+01,-5.591779133053098594e-01
9.260416666666665719e+01,-3.876574517580857471e-01
9.262500000000000000e+01,3.113648792000908716e-01
9.264583333333332860e+01,2.176329019068239667e-01
9.266666666666665719e+01,-3.942054563908294895e-01
9.268750000000000000e+01,-2.282271801967181712e-01
9.270833333333332860e+01,4.430427590201387877e-01
9.272916666666665719e+01,3.389154461137047214e-01
9.275000000000000000e+01,-2.880095887333707916e-01
9.277083333333332860e+01,-1.264146806741462126e-01
9.279166666666665719e+01,4.287657596948335481e-01
9.281250000000000000e+01,2.414489948951294984e-01
9.283333333333332860e+01,-3.725202635887135960e-01
9.285416666666665719e+01,-2.018632475542126992e-01
9.287500000000000000e+01,4.839618848905235526e-01
9.289583333333332860e+01,3.804791366120802709e-01
9.291666666666665719e+01,-2.358589557943825132e-01
9.293750000000000000e+01,-2.902968561098803191e-01
9.295833333333332860e+01,2.401670538407660871e-01
9.297916666666665719e+01,1.354660448010785723e-01
9.300000000000000000e+01,-4.742628842458291305e-01
9.302083333333332860e+01,-3.062497406029678348e-01
9.304166666666665719e+01,3.600691444167192223e-01
9.306250000000000000e+01,2.545240429329913567e-01
9.308333333333332860e+01,-3.781224325206264947e-01
9.310416666666665719e+01,-2.234698800723025625e-01
9.312500000000000000e+01,2.182483796026475631e-01
9.314583333333332860e+01,-4.746339331490452562e-02
9.316666666666665719e+01,-6.401984989197617715e-01
9.318750000000000000e+01,-4.478815571174858956e-01
9.320833333333332860e+01,1.988574917500820494e-01
9.322916666666665719e+01,7.821687976901708916e-02
9.325000000000000000e+01,-3.884181483527731071e-01
9.327083333333332860e+01,-1.390262548642555163e-01
9.329166666666665719e+01,4.915073745871587629e-01
9.331250000000000000e+01,3.571414908784947828e-01
9.333333333333332860e+01,-3.112016392833578671e-01
9.335416666666665719e+01,-1.832404129861948117e-01
9.337500000000000000e+01,4.527732594654970688e-01
9.339583333333332860e+01,3.312594516185655147e-01
9.341666666666665719e+01,-3.298215031803790609e-01
9.343750000000000000e+01,-1.882618047555345009e-01
9.345833333333332860e+01,4.603939076310427647e-01
9.347916666666665719e+01,3.383071090825584548e-01
9.350000000000000000e+01,-3.229758599273429565e-01
9.352083333333332860e+01,-1.823409500210901313e-01
9.354166666666665719e+01,4.617319360833928021e-01
9.356250000000000000e+01,3.409406372249278450e-01
9.358333333333332860e+01,-2.984206370653092466e-01
9.360416666666665719e+01,-1.504480739739756379e-01
9.362500000000000000e+01,4.891844598568044766e-01
9.364583333333332860e+01,3.684158568685885760e-01
9.366666666666665719e+01,-2.870694174079575500e-01
9.368750000000000000e+01,-1.468883596521242951e-01
9.370833333333332860e+01,4.949588856461035746e-01
9.372916666666665719e+01,3.742078046788997470e-01
9.375000000000000000e+01,-2.675360599147766916e-01
9.377083333333332860e+01,-1.210468399951526997e-01
9.379166666666665719e+01,2.984789980687336808e-01
9.381250000000000000e+01,2.964813096014917715e-02
9.383333333333332860e+01,-6.287384011228609459e-01
9.385416666666665719e+01,-4.870562789704229179e-01
9.387500000000000000e+01,1.606215511997269585e-01
9.389583333333332860e+01,3.932109617466483797e-02
9.391666666666665719e+01,-4.595580319299829575e-01
9.393750000000000000e+01,-2.303457953859863738e-01
9.395833333333332860e+01,4.052796297297391881e-01
9.397916666666665719e+01,2.643348488585237077e-01
9.400000000000000000e+01,-4.162949189167408637e-01
9.402083333333332860e+01,-2.965638778477099891e-01
9.404166666666665719e+01,3.433045310313810883e-01
9.406250000000000000e+01,1.888652437995920197e-01
9.408333333333332860e+01,-5.031916216558971477e-01
9.410416666666665719e+01,-4.084237724563830607e-01
9.412500000000000000e+01,2.131044947396857070e-01
9.414583333333332860e+01,2.001667690052358339e-01
9.416666666666665719e+01,-2.446485108709362255e-01
9.418750000000000000e+01,-4.551609913360629700e-02
9.420833333333332860e+01,5.763986090666373130e-01
9.422916666666665719e+01,4.035052574360865063e-01
9.425000000000000000e+01,-2.973331176219979888e-01
9.427083333333332860e+01,-2.008367870803415278e-01
9.429166666666665719e+01,4.141395001073322479e-01
9.431250000000000000e+01,2.438581620910005299e-01
9.433333333333332860e+01,-4.329114744958085792e-01
9.435416666666665719e+01,-3.308172403296230080e-01
9.437500000000000000e+01,2.769762490047523729e-01
9.439583333333332860e+01,1.107030254208349468e-01
9.441666666666665719e+01,-2.016417293254029186e-01
9.443750000000000000e+01,1.428828871960841629e-01
9.445833333333332860e+01,3.146112188324055037e-01
9.447916666666665719e+01,-1.458429363134632062e-01
9.450000000000000000e+01,-5.156525997590519911e-02
9.452083333333332860e+01,5.563976380142853229e-01
9.454166666666665719e+01,3.732630705927465486e-01
9.456250000000000000e+01,-3.174233088453142226e-01
9.458333333333332860e+01,-2.221999309407750034e-01
9.460416666666665719e+01,3.905339510651190671e-01
9.462500000000000000e+01,2.092662302085868675e-01
9.464583333333332860e+01,-4.804707510927530012e-01
9.466666666666665719e+01,-3.821637157875358293e-01
9.468750000000000000e+01,2.303008202055605025e-01
9.470833333333332860e+01,4.677604131993587377e-02
9.472916666666665719e+01,-6.074608093750757387e-01
9.475000000000000000e+01,-4.751976619153300829e-01
9.477083333333332860e+01,1.430748009270406962e-01
9.479166666666665719e+01,9.593586609293586198e-02
9.481250000000000000e+01,-2.759821509197005751e-01
9.483333333333332860e+01,-3.329354386789407094e-02
9.485416666666665719e+01,5.029713818792529434e-01
9.487500000000000000e+01,2.894191622548345499e-01
9.489583333333332860e+01,-4.006948265573697654e-01
9.491666666666665719e+01,-3.224112252237769649e-01
9.493750000000000000e+01,2.943378673183792982e-01
9.495833333333332860e+01,1.342441812582216842e-01
9.497916666666665719e+01,-3.575348540630495231e-01
9.500000000000000000e+01,-1.493585667744019851e-01
9.502083333333332860e+01,4.748524056565031071e-01
9.504166666666665719e+01,3.299150355042080873e-01
9.506250000000000000e+01,-3.606902821372631740e-01
9.508333333333332860e+01,-2.830999725425353830e-01
9.510416666666665719e+01,3.325567810797684376e-01
9.512500000000000000e+01,1.620113960764864303e-01
9.514583333333332860e+01,-2.981728241651915301e-01
9.516666666666665719e+01,-4.772475547575538712e-02
9.518750000000000000e+01,5.663020016054531869e-01
9.520833333333332860e+01,3.813768249513579955e-01
9.522916666666665719e+01,-3.077671919220650310e-01
9.525000000000000000e+01,-1.925300867177029140e-01
9.527083333333332860e+01,4.252913597746091900e-01
9.529166666666665719e+01,2.370624713092734093e-01
9.531250000000000000e+01,-4.520777557905549249e-01
9.533333333333332860e+01,-3.527842654085394658e-01
9.535416666666665719e+01,2.601610122245056056e-01
9.537500000000000000e+01,8.138514633607447923e-02
9.539583333333332860e+01,-3.729011532133471030e-01
9.541666666666665719e+01,-1.256189739484506462e-01
9.543750000000000000e+01,4.889565463840193082e-01
9.545833333333332860e+01,3.290620893691696969e-01
9.547916666666665719e+01,-3.580503506994135443e-01
9.550000000000000000e+01,-2.736821058720920186e-01
9.552083333333332860e+01,3.413668325556791783e-01
9.554166666666665719e+01,1.700958276824215964e-01
9.556250000000000000e+01,-5.216799056430267978e-01
9.558333333333332860e+01,-4.321356158340764475e-01
9.560416666666665719e+01,1.821833449501327751e-01
9.562500000000000000e+01,1.076742252492776941e-01
9.564583333333332860e+01,-2.602490668017315434e-01
9.566666666666665719e+01,3.474390476315758480e-03
9.568750000000000000e+01,4.685384216513753253e-01
9.570833333333332860e+01,1.900726951307104562e-01
9.572916666666665719e+01,-5.002254147108728954e-01
9.575000000000000000e+01,-4.036345170318059727e-01
9.577083333333332860e+01,2.093754436117282736e-01
9.579166666666665719e+01,2.332515291964573634e-01
9.581250000000000000e+01,-2.314757949536718207e-01
9.583333333333332860e+01,-6.269455630638845478e-02
9.585416666666665719e+01,5.576520639656221690e-01
9.587500000000000000e+01,3.801060671697575333e-01
9.589583333333332860e+01,-3.124437267297387466e-01
9.591666666666665719e+01,-2.293460178389424842e-01
9.593750000000000000e+01,3.943085975736652093e-01
9.595833333333332860e+01,2.467925289164560609e-01
9.597916666666665719e+01,-4.430554185331502248e-01
9.600000000000000000e+01,-3.665056297343762259e-01
9.602083333333332860e+01,2.502868707557229233e-01
9.604166666666665719e+01,1.220260102624200621e-01
9.606250000000000000e+01,-2.369446070352162481e-01
9.608333333333332860e+01,5.261727007752590307e-02
9.610416666666665719e+01,4.443250485531773375e-01
9.612500000000000000e+01,1.257987891361578847e-01
9.614583333333332860e+01,-4.019145425502831381e-01
9.616666666666665719e+01,-2.054488423228799376e-01
9.618750000000000000e+01,4.092638290289327685e-01
9.620833333333332860e+01,2.369257343864809573e-01
9.622916666666665719e+01,-4.549998401784013380e-01
9.625000000000000000e+01,-3.660576362306470211e-01
9.627083333333332860e+01,2.484327434376202848e-01
9.629166666666665719e+01,1.001899241780533634e-01
9.631250000000000000e+01,-2.192440848610197890e-01
9.633333333333332860e+01,1.071770703115681456e-01
9.635416666666665719e+01,3.295421574929410791e-01
9.637500000000000000e+01,-1.053409443573417592e-01
9.639583333333332860e+01,-1.315306320025372983e-02
9.641666666666665719e+01,4.091588838824450902e-01
9.643750000000000000e+01,1.151497612894808731e-01
9.645833333333332860e+01,-5.104381420472922093e-01
9.647916666666665719e+01,-3.758236676860767234e-01
9.650000000000000000e+01,2.312796716562177946e-01
9.652083333333332860e+01,6.169828925673319364e-02
9.654166666666665719e+01,-2.677193543538629594e-01
9.656250000000000000e+01,6.744774993955071629e-02
9.658333333333332860e+01,3.225440545441435880e-01
9.660416666666665719e+01,-8.381097862267020138e-02
9.662500000000000000e+01,-6.991415470378041508e-02
9.664583333333332860e+01,4.007708487072255688e-01
9.666666666666665719e+01,1.633548266227770329e-01
9.668750000000000000e+01,-5.278933075931782071e-01
9.670833333333332860e+01,-4.341527880687304775e-01
9.672916666666665719e+01,1.810203324163505711e-01
9.675000000000000000e+01,1.056765830155850100e-01
9.677083333333332860e+01,-2.661330096749895402e-01
9.679166666666665719e+01,-3.656968213310005100e-03
9.681250000000000000e+01,4.677725631224416980e-01
9.683333333333332860e+01,1.973367239870416068e-01
9.685416666666665719e+01,-4.941578887095463002e-01
9.687500000000000000e+01,-4.059977436250978844e-01
9.689583333333332860e+01,2.086987775660732458e-01
9.691666666666665719e+01,1.997634553617091413e-01
9.693750000000000000e+01,-2.527253486964414764e-01
9.695833333333332860e+01,-8.023565025055254263e-02
9.697916666666665719e+01,5.346884734873857958e-01
9.700000000000000000e+01,3.671678706468587405e-01
9.702083333333332860e+01,-3.259597303878144503e-01
9.704166666666665719e+01,-2.450489491760523830e-01
9.706250000000000000e+01,3.708034767929399567e-01
9.708333333333332860e+01,2.091749151660614869e-01
9.710416666666665719e+01,-4.836160208989400688e-01
9.712500000000000000e+01,-4.063034529022822028e-01
9.714583333333332860e+01,2.107861210393048024e-01
9.716666666666665719e+01,2.671815078297297141e-01
9.718750000000000000e+01,-2.839190256371184051e-01
9.720833333333332860e+01,-2.100137586640944687e-01
9.722916666666665719e+01,4.072994861834610125e-01
9.725000000000000000e+01,2.602267340513306770e-01
9.727083333333332860e+01,-4.073522143980050636e-01
9.729166666666665719e+01,-3.144812862324660729e-01
9.731250000000000000e+01,3.011085614459332316e-01
9.733333333333332860e+01,2.593109954954449514e-01
9.735416666666665719e+01,-1.875922623024989799e-01
9.737500000000000000e+01,2.480311919833630419e-02
9.739583333333332860e+01,6.441147323734864871e-01
9.741666666666665719e+01,4.597356957336758976e-01
9.743750000000000000e+01,-2.306586942605534096e-01
9.745833333333332860e+01,-1.327790282259914689e-01
9.747916666666665719e+01,4.798854517697014876e-01
9.750000000000000000e+01,2.984324482981954851e-01
9.752083333333332860e+01,-3.920762702178300363e-01
9.754166666666665719e+01,-2.967022639308114496e-01
9.756250000000000000e+01,3.167435587107622630e-01
9.758333333333332860e+01,1.386306349599313870e-01
9.760416666666665719e+01,-5.522666571475792763e-01
9.762500000000000000e+01,-4.588800944738448129e-01
9.764583333333332860e+01,1.561050533233718229e-01
9.766666666666665719e+01,-1.834499851732945830e-02
9.768750000000000000e+01,-5.115459633685439655e-01
9.770833333333332860e+01,-2.903011172930487493e-01
9.772916666666665719e+01,3.249264248671722144e-01
9.775000000000000000e+01,1.581748175238015808e-01
9.777083333333332860e+01,-5.317451779865234318e-01
9.779166666666665719e+01,-4.456476824240048762e-01
9.781250000000000000e+01,1.695364178554016332e-01
9.783333333333332860e+01,2.116443511649658549e-01
9.785416666666665719e+01,-2.672124590331642624e-01
9.787500000000000000e+01,-1.304798213766273918e-01
9.789583333333332860e+01,4.849753563324141759e-01
9.791666666666665719e+01,3.117939586092448034e-01
9.793750000000000000e+01,-3.799859043884429854e-01
9.795833333333332860e+01,-2.906698574990775885e-01
9.797916666666665719e+01,3.233754742959387141e-01
9.800000000000000000e+01,2.169675154405819317e-01
9.802083333333332860e+01,-1.428407929133140297e-01
9.804166666666665719e+01,1.382077205687812227e-01
9.806250000000000000e+01,5.185433284723408587e-01
9.808333333333332860e+01,1.878119528984272535e-01
9.810416666666665719e+01,-3.003314036200881998e-01
9.812500000000000000e+01,-7.523191733961646921e-02
9.814583333333332860e+01,5.387222181642359331e-01
9.816666666666665719e+01,3.699881226585030602e-01
9.818750000000000000e+01,-3.190112866028024241e-01
9.820833333333332860e+01,-2.294236982031651051e-01
9.822916666666665719e+01,3.843156279847914081e-01
9.825000000000000000e+01,2.076130765287591828e-01
9.827083333333332860e+01,-4.830297661517218843e-01
9.829166666666665719e+01,-3.883692490353379823e-01
9.831250000000000000e+01,2.246668305200140714e-01
9.833333333333332860e+01,4.369172844141036571e-02
9.835416666666665719e+01,-2.730033545048456967e-01
9.837500000000000000e+01,7.372545639408405183e-02
9.839583333333332860e+01,2.585418562157185129e-01
9.841666666666665719e+01,-2.090387143379882906e-01
9.843750000000000000e+01,-1.142892910039714077e-01
9.845833333333332860e+01,5.055447888751858354e-01
9.847916666666665719e+01,3.334633891530157657e-01
9.850000000000000000e+01,-3.591232303098559897e-01
9.852083333333332860e+01,-2.604568590210969981e-01
9.854166666666665719e+01,3.511751733856355306e-01
9.856250000000000000e+01,1.820115398878056900e-01
9.858333333333332860e+01,-4.829005540932265750e-01
9.860416666666665719e+01,-3.758060429225224541e-01
9.862500000000000000e+01,2.630547662269386300e-01
9.864583333333332860e+01,1.133248910420643768e-01
9.866666666666665719e+01,-5.260005885996079655e-01
9.868750000000000000e+01,-4.054276941425022374e-01
9.870833333333332860e+01,2.430304960870471043e-01
9.872916666666665719e+01,1.001448606155437016e-01
9.875000000000000000e+01,-4.105897799293448669e-01
9.877083333333332860e+01,-2.063462099843700881e-01
9.879166666666665719e+01,4.300566231495617231e-01
9.881250000000000000e+01,2.871572085023458842e-01
9.883333333333332860e+01,-3.467652036102929491e-01
9.885416666666665719e+01,-2.269883338433778264e-01
9.887500000000000000e+01,4.259299222687864539e-01
9.889583333333332860e+01,2.857033823149426888e-01
9.891666666666665719e+01,-3.619405417169603845e-01
9.893750000000000000e+01,-2.449947842403147613e-01
9.895833333333332860e+01,4.105330081726680791e-01
9.897916666666665719e+01,2.905818428333463710e-01
9.900000000000000000e+01,-3.401294119354888457e-01
9.902083333333332860e+01,-1.994727123208053510e-01
9.904166666666665719e+01,4.780308992910513588e-01
9.906250000000000000e+01,3.594831640274703810e-01
9.908333333333332860e+01,-2.774878619864299401e-01
9.910416666666665719e+01,-1.211067656265668452e-01
9.912500000000000000e+01,5.600617726166157162e-01
9.914583333333332860e+01,4.587225642231841927e-01
9.916666666666665719e+01,-1.617327121636285558e-01
9.918750000000000000e+01,-1.038539522856545549e-01
9.920833333333332860e+01,2.655294618298312814e-01
9.922916666666665719e+01,-2.123455543358521158e-03
9.925000000000000000e+01,-5.382793363990105995e-01
9.927083333333332860e+01,-3.101511228473115001e-01
9.929166666666665719e+01,3.929712706968024327e-01
9.931250000000000000e+01,2.992915034416686049e-01
9.933333333333332860e+01,-3.144884557987953633e-01
9.935416666666665719e+01,-1.451577231400542067e-01
9.937500000000000000e+01,1.825205725354378528e-01
9.939583333333332860e+01,-1.514144800818563175e-01
9.941666666666665719e+01,-4.185956504862433647e-01
9.943750000000000000e+01,-1.801461952847267442e-02
9.945833333333332860e+01,1.226352917215148275e-02
9.947916666666665719e+01,-4.345002740585844903e-01
9.950000000000000000e+01,-2.542323860436864758e-01
9.952083333333332860e+01,4.089750021230950106e-01
9.954166666666665719e+01,2.755714208661453890e-01
9.956250000000000000e+01,-3.662419404854156957e-01
9.958333333333332860e+01,-2.456507721048354076e-01
9.960416666666665719e+01,4.184686113247044204e-01
9.962500000000000000e+01,2.869678185009779670e-01
9.964583333333332860e+01,-3.605600664435727465e-01
9.966666666666665719e+01,-2.457760610826139336e-01
9.968750000000000000e+01,4.187799888055838693e-01
9.970833333333332860e+01,2.945110819059399976e-01
9.972916666666665719e+01,-3.463287676466427767e-01
9.975000000000000000e+01,-2.297908663103598870e-01
9.977083333333332860e+01,4.349273566839010341e-01
9.979166666666665719e+01,3.045537790745348472e-01
9.981250000000000000e+01,-3.483474629024335689e-01
9.983333333333332860e+01,-2.344171085140322186e-01
9.985416666666665719e+01,4.290933700058691680e-01
9.987500000000000000e+01,2.896279481758770036e-01
9.989583333333332860e+01,-3.526995670253983972e-01
9.991666666666665719e+01,-2.182341648170260107e-01
9.993750000000000000e+01,4.393916457739469594e-01
9.995833333333332860e+01,2.835856063176199204e-01
9.997916666666665719e+01,-3.566078393179314410e-01
1.000000000000000000e+02,-2.126100247898258244e-01
1.000208333333333286e+02,3.025105052270568029e-01
1.000416666666666572e+02,4.836401534927506352e-02
1.000625000000000000e+02,-5.912035982074961282e-01
1.000833333333333286e+02,-4.518947380285407989e-01
1.001041666666666572e+02,2.094050117517426146e-01
1.001250000000000000e+02,6.644467963412414857e-02
1.001458333333333286e+02,-4.574343517452170715e-01
1.001666666666666572e+02,-2.536884638864989050e-01
1.001875000000000000e+02,4.094688264985241188e-01
1.002083333333333286e+02,2.809697752401625892e-01
1.002291666666666572e+02,-3.571243273087603143e-01
1.002500000000000000e+02,-2.354240060180867733e-01
1.002708333333333286e+02,4.284316834559912524e-01
1.002916666666666572e+02,2.938962008089587852e-01
1.003125000000000000e+02,-3.503064861165846033e-01
1.003333333333333286e+02,-2.257809777718298994e-01
1.003541666666666572e+02,4.412356446205523697e-01
1.003750000000000000e+02,3.079957716437784487e-01
1.003958333333333286e+02,-3.363363393521432432e-01
1.004166666666666572e+02,-2.175310240041074816e-01
1.004375000000000000e+02,4.466773235147207255e-01
1.004583333333333286e+02,3.154379356973555648e-01
1.004791666666666572e+02,-3.184439146066936344e-01
1.005000000000000000e+02,-1.946255891818965689e-01
1.005208333333333286e+02,4.699683351794825548e-01
1.005416666666666572e+02,3.496305908047379618e-01
1.005625000000000000e+02,-2.995622242385519440e-01
1.005833333333333286e+02,-1.864142387962174630e-01
1.006041666666666572e+02,4.807351641761787309e-01
1.006250000000000000e+02,3.450269513559607315e-01
1.006458333333333286e+02,-2.983228429219590971e-01
1.006666666666666572e+02,-1.689644204045649134e-01
1.006875000000000000e+02,4.861470224227653070e-01
1.007083333333333286e+02,3.333048283886235197e-01
1.007291666666666572e+02,-3.082082611044783538e-01
1.007500000000000000e+02,-1.710033531868863921e-01
1.007708333333333286e+02,4.889485112074293260e-01
1.007916666666666572e+02,3.362445036307318835e-01
1.008125000000000000e+02,-3.046753617069456466e-01
1.008333333333333286e+02,-1.640541149735444959e-01
1.008541666666666572e+02,3.406167795336085269e-01
1.008750000000000000e+02,8.464875402775862145e-02
1.008958333333333286e+02,-5.564722811427753602e-01
1.009166666666666572e+02,-4.245522915152613042e-01
1.009375000000000000e+02,2.387084345210910008e-01
1.009583333333333286e+02,1.064574576080969948e-01
1.009791666666666572e+02,-5.526396040853125413e-01
1.010000000000000000e+02,-4.471310886512755434e-01
1.010208333333333286e+02,2.132958276101703521e-01
1.010416666666666572e+02,8.071101686114873219e-02
1.010625000000000000e+02,-5.621977454705614496e-01
1.010833333333333286e+02,-4.427687241506234050e-01
1.011041666666666572e+02,2.217161576145199875e-01
1.011250000000000000e+02,9.038638913853813683e-02
1.011458333333333286e+02,-3.225623460964185396e-01
1.011666666666666572e+02,-4.959834084801889587e-02
1.011875000000000000e+02,6.142731060959403244e-01
1.012083333333333286e+02,4.814134854520177864e-01
1.012291666666666572e+02,-1.627747978408342622e-01
1.012500000000000000e+02,-4.376576561358670736e-02
1.012708333333333286e+02,3.482213461680212507e-01
1.012916666666666572e+02,3.839201372321246475e-02
1.013125000000000000e+02,-4.476074952922003969e-01
1.013333333333333286e+02,-2.263096908733264745e-01
1.013541666666666572e+02,4.385114028841299305e-01
1.013750000000000000e+02,3.097709266420052843e-01
1.013958333333333286e+02,-3.402633021873933128e-01
1.014166666666666572e+02,-2.286543559947335491e-01
1.014375000000000000e+02,4.360879829348427994e-01
1.014583333333333286e+02,3.058873264882753240e-01
1.014791666666666572e+02,-3.386480786761079109e-01
1.015000000000000000e+02,-2.196033402505932486e-01
1.015208333333333286e+02,4.440595240015089429e-01
1.015416666666666572e+02,3.111242189109972300e-01
1.015625000000000000e+02,-3.315543875982449595e-01
1.015833333333333286e+02,-2.085575945131808440e-01
1.016041666666666572e+02,3.036284620361116016e-01
1.016250000000000000e+02,6.698292273214004333e-02
1.016458333333333286e+02,-5.746737701252305763e-01
1.016666666666666572e+02,-4.481118924607421228e-01
1.016875000000000000e+02,2.146070753473526826e-01
1.017083333333333286e+02,7.557706213214308855e-02
1.017291666666666572e+02,-5.655360969090874601e-01
1.017500000000000000e+02,-4.364981580820370688e-01
1.017708333333333286e+02,2.255661853960630459e-01
1.017916666666666572e+02,1.016934156595602490e-01
1.018125000000000000e+02,-1.957687621754441998e-01
1.018333333333333286e+02,1.554346439648304212e-01
1.018541666666666572e+02,3.611162350854387193e-01
1.018750000000000000e+02,-8.665566536878804849e-02
1.018958333333333286e+02,5.533429067488707109e-02
1.019166666666666572e+02,5.076089148396967232e-01
1.019375000000000000e+02,2.532009357958077689e-01
1.019583333333333286e+02,-4.055906934449282075e-01
1.019791666666666572e+02,-2.827082794423730894e-01
1.020000000000000000e+02,3.515225275905733415e-01
1.020208333333333286e+02,2.099029014346413258e-01
1.020416666666666572e+02,-3.567136274027549736e-01
1.020625000000000000e+02,-1.701176394185650587e-01
1.020833333333333286e+02,4.614830803649908608e-01
1.021041666666666572e+02,2.897543840573817420e-01
1.021250000000000000e+02,-3.937444251268659712e-01
1.021458333333333286e+02,-2.896992823310423626e-01
1.021666666666666572e+02,3.280290814771876784e-01
1.021875000000000000e+02,1.703550681990670668e-01
1.022083333333333286e+02,-1.693232418416794061e-01
1.022291666666666572e+02,1.619329076664498546e-01
1.022500000000000000e+02,4.039864602814809413e-01
1.022708333333333286e+02,-2.055823789380867295e-02
1.022916666666666572e+02,-2.013879307419824682e-02
1.023125000000000000e+02,4.587940570411611629e-01
1.023333333333333286e+02,2.383124699129096635e-01
1.023541666666666572e+02,-4.554920006204485339e-01
1.023750000000000000e+02,-3.760065967633301476e-01
1.023958333333333286e+02,2.403475415616653232e-01
1.024166666666666572e+02,8.686776942543533719e-02
1.024375000000000000e+02,-4.198984797594254581e-01
1.024583333333333286e+02,-2.140842943071862015e-01
1.024791666666666572e+02,3.999315211578812757e-01
1.025000000000000000e+02,2.201347736812721279e-01
1.025208333333333286e+02,-4.694062034045759502e-01
1.025416666666666572e+02,-3.495392894379475424e-01
1.025625000000000000e+02,2.723167741764111471e-01
1.025833333333333286e+02,9.201940198092369017e-02
1.026041666666666572e+02,-3.579352837775727214e-01
1.026250000000000000e+02,-1.002679177780682052e-01
1.026458333333333286e+02,5.117313322094450001e-01
1.026666666666666572e+02,3.260411487497915650e-01
1.026875000000000000e+02,-3.634065302958914279e-01
1.027083333333333286e+02,-2.628168386872243856e-01
1.027291666666666572e+02,3.493023282969665022e-01
1.027500000000000000e+02,1.647193548265903362e-01
1.027708333333333286e+02,-5.246116062926382551e-01
1.027916666666666572e+02,-4.245347825903127426e-01
1.028125000000000000e+02,1.881884633822242248e-01
1.028333333333333286e+02,1.278733209886259159e-01
1.028541666666666572e+02,-2.430807487903000885e-01
1.028750000000000000e+02,1.295272897999788508e-02
1.028958333333333286e+02,4.785640504363321002e-01
1.029166666666666572e+02,1.990439211855059565e-01
1.029375000000000000e+02,-4.911589919051438380e-01
1.029583333333333286e+02,-3.937211312799325791e-01
1.029791666666666572e+02,2.210220483577960693e-01
1.030000000000000000e+02,2.243363933208790684e-01
1.030208333333333286e+02,-2.323425700308927033e-01
1.030416666666666572e+02,-6.669092658949238306e-02
1.030625000000000000e+02,5.477234970177089490e-01
1.030833333333333286e+02,3.768689428170632905e-01
1.031041666666666572e+02,-3.161157935607715741e-01
1.031250000000000000e+02,-2.334905889161665860e-01
1.031458333333333286e+02,3.824304329750800036e-01
1.031666666666666572e+02,2.188093454367100454e-01
1.031875000000000000e+02,-4.753135784509560091e-01
1.032083333333333286e+02,-3.994709812787981540e-01
1.032291666666666572e+02,2.180380869309234138e-01
1.032500000000000000e+02,2.336256548226604279e-01
1.032708333333333286e+02,-2.862282851910442072e-01
1.032916666666666572e+02,-1.741996598563483045e-01
1.033125000000000000e+02,4.494736164661451427e-01
1.033333333333333286e+02,3.139669237867305784e-01
1.033541666666666572e+02,-3.737723279751309913e-01
1.033750000000000000e+02,-2.957859915963886310e-01
1.033958333333333286e+02,3.238581688486115717e-01
1.034166666666666572e+02,1.580860076841933970e-01
1.034375000000000000e+02,-2.738022377521122652e-01
1.034583333333333286e+02,-1.273924501154825167e-02
1.034791666666666572e+02,6.008322695300059024e-01
1.035000000000000000e+02,4.225135524629300976e-01
1.035208333333333286e+02,-2.680089259119382006e-01
1.035416666666666572e+02,-1.666099198016569027e-01
1.035625000000000000e+02,4.468605572215235688e-01
1.035833333333333286e+02,2.593961515665271778e-01
1.036041666666666572e+02,-4.290890929437936596e-01
1.036250000000000000e+02,-3.150156800312750027e-01
1.036458333333333286e+02,3.015935559379653297e-01
1.036666666666666572e+02,1.138890712140165073e-01
1.036875000000000000e+02,-5.750725845673029246e-01
1.037083333333333286e+02,-4.760699522265899319e-01
1.037291666666666572e+02,1.372796994734611642e-01
1.037500000000000000e+02,-4.043979464911490879e-02
1.037708333333333286e+02,-3.599861074534695948e-01
1.037916666666666572e+02,-2.407515863017584135e-02
1.038125000000000000e+02,2.881615277724441371e-01
1.038333333333333286e+02,-6.960360068543176848e-02
1.038541666666666572e+02,-2.269770856847043439e-01
1.038750000000000000e+02,2.065387524126363616e-01
1.038958333333333286e+02,3.812374340178964482e-02
1.039166666666666572e+02,-3.588177956311760508e-01
1.039375000000000000e+02,-7.365285472509885967e-02
1.039583333333333286e+02,5.064837615945054772e-01
1.039791666666666572e+02,3.235520597358282346e-01
1.040000000000000000e+02,-3.399958368586409319e-01
1.040208333333333286e+02,-2.362647414425079195e-01
1.040416666666666572e+02,3.885740604685359312e-01
1.040625000000000000e+02,2.313604101223135645e-01
1.040833333333333286e+02,-4.266520584389504878e-01
1.041041666666666572e+02,-3.132134128543039853e-01
1.041250000000000000e+02,3.490131854625768693e-01
1.041458333333333286e+02,2.081467632757460218e-01
1.041666666666666572e+02,-4.382185761356856002e-01
1.041875000000000000e+02,-3.169926638862617940e-01
1.042083333333333286e+02,3.272268859216287962e-01
1.042291666666666572e+02,1.806412140284153200e-01
1.042500000000000000e+02,-3.050642821637741253e-01
1.042708333333333286e+02,-7.898698404611875779e-02
1.042916666666666572e+02,5.801122944573543494e-01
1.043125000000000000e+02,4.374149832197258281e-01
1.043333333333333286e+02,-2.111870480241198611e-01
1.043541666666666572e+02,-8.968884106463653749e-02
1.043750000000000000e+02,5.593327697393819520e-01
1.043958333333333286e+02,4.301803606260038437e-01
1.044166666666666572e+02,-2.048549051719940062e-01
1.044375000000000000e+02,-1.727636666440569013e-01
1.044583333333333286e+02,2.562329515241019151e-01
1.044791666666666572e+02,2.309361088073846879e-02
1.045000000000000000e+02,-6.123592792397914986e-01
1.045208333333333286e+02,-4.399463589089606108e-01
1.045416666666666572e+02,2.447977443123282026e-01
1.045625000000000000e+02,1.391838721842573734e-01
1.045833333333333286e+02,-4.933069735032941106e-01
1.046041666666666572e+02,-3.285002721784561763e-01
1.046250000000000000e+02,3.714239937852498175e-01
1.046458333333333286e+02,2.746394131893793444e-01
1.046666666666666572e+02,-3.406390782655386862e-01
1.046875000000000000e+02,-1.702365532953827310e-01
1.047083333333333286e+02,4.920854368391047728e-01
1.047291666666666572e+02,3.781379669351195849e-01
1.047500000000000000e+02,-2.349151340560541867e-01
1.047708333333333286e+02,-1.928053120288051592e-01
1.047916666666666572e+02,2.349351775354563410e-01
1.048125000000000000e+02,1.659302678127855257e-02
1.048333333333333286e+02,-6.009179110298761284e-01
1.048541666666666572e+02,-4.290372761425590431e-01
1.048750000000000000e+02,2.733676626583466107e-01
1.048958333333333286e+02,1.798016972297054039e-01
1.049166666666666572e+02,-4.349760649485284181e-01
1.049375000000000000e+02,-2.644484491642843382e-01
1.049583333333333286e+02,4.290311999369855744e-01
1.049791666666666572e+02,3.363626705667576711e-01
1.050000000000000000e+02,-2.667921155777377984e-01
1.050208333333333286e+02,-1.189955002386980654e-01
1.050416666666666572e+02,5.453161509270683105e-01
1.050625000000000000e+02,4.513386814758020282e-01
1.050833333333333286e+02,-1.520213792367666183e-01
1.051041666666666572e+02,-1.999647148160995647e-01
1.051250000000000000e+02,3.067628194708271749e-01
1.051458333333333286e+02,1.886800696058168469e-01
1.051666666666666572e+02,-4.189553138432349222e-01
1.051875000000000000e+02,-2.497600040647449948e-01
1.052083333333333286e+02,4.416280981122202576e-01
1.052291666666666572e+02,3.501514208308397214e-01
1.052500000000000000e+02,-2.537978482840698158e-01
1.052708333333333286e+02,-2.801128168108332206e-01
1.052916666666666572e+02,2.297541227433057553e-01
1.053125000000000000e+02,1.078069121657840301e-01
1.053333333333333286e+02,-4.973890971187924226e-01
1.053541666666666572e+02,-3.277449378307641936e-01
1.053750000000000000e+02,3.650886256788439810e-01
1.053958333333333286e+02,2.727707685635086254e-01
1.054166666666666572e+02,-3.359023774235041504e-01
1.054375000000000000e+02,-1.662858415066570117e-01
1.054583333333333286e+02,1.864833046340299560e-01
1.054791666666666572e+02,-1.312064723675904765e-01
1.055000000000000000e+02,-4.158640247428423975e-01
1.055208333333333286e+02,-2.381690018871726600e-02
1.055416666666666572e+02,1.238062754583546532e-01
1.055625000000000000e+02,-3.576580688770473193e-01
1.055833333333333286e+02,-2.592055923686344410e-01
1.056041666666666572e+02,3.785882102122836712e-01
1.056250000000000000e+02,2.331892076406455183e-01
1.056458333333333286e+02,-4.612911684328803164e-01
1.056666666666666572e+02,-3.806581783981057843e-01
1.056875000000000000e+02,2.366472548284714872e-01
1.057083333333333286e+02,2.334725979096144988e-01
1.057291666666666572e+02,-1.962627155706203053e-01
1.057500000000000000e+02,-7.605456129631094075e-03
1.057708333333333286e+02,6.066609896589482132e-01
1.057916666666666572e+02,4.318333643610751116e-01
1.058125000000000000e+02,-2.597912455332417325e-01
1.058333333333333286e+02,-1.607367916163509047e-01
1.058541666666666572e+02,4.566666821857909286e-01
1.058750000000000000e+02,2.792781938305654577e-01
1.058958333333333286e+02,-4.122074832044824721e-01
1.059166666666666572e+02,-3.217723193160838546e-01
1.059375000000000000e+02,2.927057297775765843e-01
1.059583333333333286e+02,2.825168389001652680e-01
1.059791666666666572e+02,-1.934945989532120825e-01
1.060000000000000000e+02,-3.581371596335487795e-02
1.060208333333333286e+02,5.792462254316897985e-01
1.060416666666666572e+02,4.110725092253035284e-01
1.060625000000000000e+02,-2.826324504133587712e-01
1.060833333333333286e+02,-1.979244745711094544e-01
1.061041666666666572e+02,4.208905138033275928e-01
1.061250000000000000e+02,2.652205670646451408e-01
1.061458333333333286e+02,-4.240477011058878531e-01
1.061666666666666572e+02,-3.438095252793149093e-01
1.061875000000000000e+02,2.718050617411347236e-01
1.062083333333333286e+02,1.033941286353057543e-01
1.062291666666666572e+02,-4.350058910466217954e-01
1.062500000000000000e+02,-2.449062373083499000e-01
1.062708333333333286e+02,3.691499036983191817e-01
1.062916666666666572e+02,1.937668778663295954e-01
1.063125000000000000e+02,-4.970333887920345695e-01
1.063333333333333286e+02,-4.029762552096428085e-01
1.063541666666666572e+02,2.100689983082494328e-01
1.063750000000000000e+02,1.283432974385279590e-01
1.063958333333333286e+02,-2.411769518544087665e-01
1.064166666666666572e+02,2.729960908632687172e-02
1.064375000000000000e+02,4.456139847432849521e-01
1.064583333333333286e+02,1.303875651398021529e-01
1.064791666666666572e+02,-4.380577190249573816e-01
1.065000000000000000e+02,-2.530395163672423120e-01
1.065208333333333286e+02,3.592554758245778412e-01
1.065416666666666572e+02,1.733960609556227661e-01
1.065625000000000000e+02,-4.506954951095188400e-01
1.065833333333333286e+02,-2.989112392049100841e-01
1.066041666666666572e+02,3.171921750880258295e-01
1.066250000000000000e+02,1.336394731795756685e-01
1.066458333333333286e+02,-2.489766045172376874e-01
1.066666666666666572e+02,4.866452943773066919e-02
1.066875000000000000e+02,4.925400502688518922e-01
1.067083333333333286e+02,2.089785279545874896e-01
1.067291666666666572e+02,-4.844335279849606435e-01
1.067500000000000000e+02,-4.064161553236358415e-01
1.067708333333333286e+02,2.156716010008503659e-01
1.067916666666666572e+02,2.813402461217270334e-01
1.068125000000000000e+02,-2.689146135474524413e-01
1.068333333333333286e+02,-1.893040635198576238e-01
1.068541666666666572e+02,4.304788182937190344e-01
1.068750000000000000e+02,2.665992536190247009e-01
1.068958333333333286e+02,-4.269628289246054087e-01
1.069166666666666572e+02,-3.445919638040634281e-01
1.069375000000000000e+02,2.709528297120366025e-01
1.069583333333333286e+02,2.525884496346584296e-01
1.069791666666666572e+02,-2.208895002041759426e-01
1.070000000000000000e+02,-5.429547513150127097e-02
1.070208333333333286e+02,5.597790142325288487e-01
1.070416666666666572e+02,3.841103013838909064e-01
1.070625000000000000e+02,-3.072972633507087270e-01
1.070833333333333286e+02,-2.138511601918785532e-01
1.071041666666666572e+02,3.993907766556099026e-01
1.071250000000000000e+02,2.187878479724062741e-01
1.071458333333333286e+02,-4.712353022013197612e-01
1.071666666666666572e+02,-3.673446832149138697e-01
1.071875000000000000e+02,2.487956594348371131e-01
1.072083333333333286e+02,6.692401843647341475e-02
1.072291666666666572e+02,-2.986048852070264936e-01
1.072500000000000000e+02,1.240359988175939766e-02
1.072708333333333286e+02,3.841210042774342304e-01
1.072916666666666572e+02,4.746932165022738070e-02
1.073125000000000000e+02,-3.775854236491920091e-01
1.073333333333333286e+02,-1.132389504626068327e-01
1.073541666666666572e+02,5.020189836076330847e-01
1.073750000000000000e+02,3.377577012066270701e-01
1.073958333333333286e+02,-3.549972290771933325e-01
1.074166666666666572e+02,-2.775665197297593756e-01
1.074375000000000000e+02,3.394879669731751815e-01
1.074583333333333286e+02,1.948103824004414897e-01
1.074791666666666572e+02,-4.907872661033184647e-01
1.075000000000000000e+02,-4.045527832312267313e-01
1.075208333333333286e+02,2.156724319187847960e-01
1.075416666666666572e+02,4.573518955004641368e-02
1.075625000000000000e+02,-5.367646316490490843e-01
1.075833333333333286e+02,-3.727830027743566088e-01
1.076041666666666572e+02,2.404230134266435170e-01
1.076250000000000000e+02,5.955531365429708734e-02
1.076458333333333286e+02,-2.687110150089349059e-01
1.076666666666666572e+02,8.461171688892993314e-02
1.076875000000000000e+02,3.516075750147768519e-01
1.077083333333333286e+02,-6.533459723900089666e-02
1.077291666666666572e+02,-8.754510589302849644e-03
1.077500000000000000e+02,4.309278463875942933e-01
1.077708333333333286e+02,1.790934078971694043e-01
1.077916666666666572e+02,-4.946877121879845740e-01
1.078125000000000000e+02,-3.995939962130418133e-01
1.078333333333333286e+02,2.064484328382774347e-01
1.078541666666666572e+02,2.526163307482441334e-01
1.078750000000000000e+02,-2.539917793106959976e-01
1.078958333333333286e+02,-1.365318946690843582e-01
1.079166666666666572e+02,4.657671033076706824e-01
1.079375000000000000e+02,3.084992170925809352e-01
1.079583333333333286e+02,-3.623253301143930516e-01
1.079791666666666572e+02,-2.671298847860908432e-01
1.080000000000000000e+02,3.382179634999628037e-01
1.080208333333333286e+02,1.684352751767633771e-01
1.080416666666666572e+02,-1.851174113139847921e-01
1.080625000000000000e+02,1.354804768021762584e-01
1.080833333333333286e+02,4.346704035071236039e-01
1.081041666666666572e+02,5.327850205309260512e-02
1.081250000000000000e+02,-1.511047016132125165e-01
1.081458333333333286e+02,2.737639610539770452e-01
1.081666666666666572e+02,1.084504162107066960e-01
1.081875000000000000e+02,-3.617398319378279936e-01
1.082083333333333286e+02,-1.333491299355804294e-01
1.082291666666666572e+02,4.826431406163215754e-01
1.082500000000000000e+02,3.201892454894927353e-01
1.082708333333333286e+02,-3.738734076701724085e-01
1.082916666666666572e+02,-2.978924241211377000e-01
1.083125000000000000e+02,3.190351179437351803e-01
1.083333333333333286e+02,1.685410894954157413e-01
1.083541666666666572e+02,-5.207835412860408741e-01
1.083750000000000000e+02,-4.437665377210645579e-01
1.083958333333333286e+02,1.725088190293085355e-01
1.084166666666666572e+02,3.292223936561090164e-02
1.084375000000000000e+02,-2.925898063816940176e-01
1.084583333333333286e+02,2.608764793419510175e-02
1.084791666666666572e+02,3.246406184134695283e-01
1.085000000000000000e+02,-5.415031785937163278e-02
1.085208333333333286e+02,-1.784618470133523260e-01
1.085416666666666572e+02,2.889031598967586323e-01
1.085625000000000000e+02,1.184473683216319961e-01
1.085833333333333286e+02,-5.355189403280656846e-01
1.086041666666666572e+02,-4.120579042033735706e-01
1.086250000000000000e+02,2.011993033649618345e-01
1.086458333333333286e+02,1.763977614067636090e-01
1.086666666666666572e+02,-2.353100194647866628e-01
1.086875000000000000e+02,-1.923816046844981087e-02
1.087083333333333286e+02,6.156423401618191793e-01
1.087291666666666572e+02,4.563544130154247869e-01
1.087500000000000000e+02,-2.103637780018051961e-01
1.087708333333333286e+02,-9.562466977156719450e-02
1.087916666666666572e+02,4.652226447436607626e-01
1.088125000000000000e+02,2.500227742993049729e-01
1.088333333333333286e+02,-4.023933535281640772e-01
1.088541666666666572e+02,-2.801625432044877462e-01
1.088750000000000000e+02,3.736896757966042815e-01
1.088958333333333286e+02,2.414986102139430602e-01
1.089166666666666572e+02,-3.959940438292250953e-01
1.089375000000000000e+02,-2.686329396833802008e-01
1.089583333333333286e+02,3.997284225825388226e-01
1.089791666666666572e+02,2.572928753173776562e-01
1.090000000000000000e+02,-3.944161710879999783e-01
1.090208333333333286e+02,-2.719553326952530159e-01
1.090416666666666572e+02,2.720078938826704928e-01
1.090625000000000000e+02,5.581474926095658651e-02
1.090833333333333286e+02,-5.872461588746208383e-01
1.091041666666666572e+02,-4.656059392976272249e-01
1.091250000000000000e+02,1.914807118006353059e-01
1.091458333333333286e+02,6.844888000618039314e-02
1.091666666666666572e+02,-5.623506607420168946e-01
1.091875000000000000e+02,-4.402667244311729289e-01
1.092083333333333286e+02,2.219146921875064793e-01
1.092291666666666572e+02,8.025786920289129656e-02
1.092500000000000000e+02,-2.960244093097065265e-01
1.092708333333333286e+02,1.121699305590001527e-02
1.092916666666666572e+02,5.635382521689956681e-01
1.093125000000000000e+02,3.427664214026516776e-01
1.093333333333333286e+02,-3.140021496046433436e-01
1.093541666666666572e+02,-1.907324841976256180e-01
1.093750000000000000e+02,4.776275783359363869e-01
1.093958333333333286e+02,3.348815094300788275e-01
1.094166666666666572e+02,-3.168577468448576240e-01
1.094375000000000000e+02,-1.950248100704738141e-01
1.094583333333333286e+02,4.635824165362761873e-01
1.094791666666666572e+02,3.370618269809198542e-01
1.095000000000000000e+02,-2.941819623558974972e-01
1.095208333333333286e+02,-1.739560545469198694e-01
1.095416666666666572e+02,4.780946479558821904e-01
1.095625000000000000e+02,3.365820774633840884e-01
1.095833333333333286e+02,-3.032315791271779082e-01
1.096041666666666572e+02,-1.835438215410609697e-01
1.096250000000000000e+02,4.660594883188300952e-01
1.096458333333333286e+02,3.481378131061507175e-01
1.096666666666666572e+02,-2.736934036851579322e-01
1.096875000000000000e+02,-1.374272617682556208e-01
1.097083333333333286e+02,3.926068771267657853e-01
1.097291666666666572e+02,1.878204680903397539e-01
1.097500000000000000e+02,-4.366951304408611123e-01
1.097708333333333286e+02,-2.799082851197959299e-01
1.097916666666666572e+02,3.984387372526231874e-01
1.098125000000000000e+02,3.040125160327582510e-01
1.098333333333333286e+02,-3.044229352272749267e-01
1.098541666666666572e+02,-2.677009738914298831e-01
1.098750000000000000e+02,1.596912832894481216e-01
1.098958333333333286e+02,-5.177405432662085527e-02
1.099166666666666572e+02,-6.624460746575422387e-01
1.099375000000000000e+02,-4.919867107232204217e-01
1.099583333333333286e+02,1.944502083717964958e-01
1.099791666666666572e+02,9.730361893793151862e-02
1.100000000000000000e+02,-5.126483581415295365e-01
1.100208333333333286e+02,-3.422607833055642534e-01
1.100416666666666572e+02,3.531174410829406307e-01
1.100625000000000000e+02,2.604515899851193583e-01
1.100833333333333286e+02,-3.486874783650163456e-01
1.101041666666666572e+02,-1.874107580460220301e-01
1.101250000000000000e+02,4.855558159391469841e-01
1.101458333333333286e+02,3.845370202783335856e-01
1.101666666666666572e+02,-2.290876705229873134e-01
1.101875000000000000e+02,-5.878120211115650529e-02
1.102083333333333286e+02,5.155161410515600728e-01
1.102291666666666572e+02,3.349912949014506314e-01
1.102500000000000000e+02,-2.885538813437141803e-01
1.102708333333333286e+02,-1.164185995724656697e-01
1.102916666666666572e+02,4.485828488282723736e-01
1.103125000000000000e+02,2.571829875065065329e-01
1.103333333333333286e+02,-3.673248924636901003e-01
1.103541666666666572e+02,-1.947938397301943458e-01
1.103750000000000000e+02,4.338249262704908515e-01
1.103958333333333286e+02,2.872553604619657586e-01
1.104166666666666572e+02,-3.303255135779741281e-01
1.104375000000000000e+02,-1.596257373217118414e-01
1.104583333333333286e+02,1.588894550290854413e-01
1.104791666666666572e+02,-1.841170361812360379e-01
1.105000000000000000e+02,-3.696614616802765818e-01
1.105208333333333286e+02,7.973893823998515207e-02
1.105416666666666572e+02,-1.618063872205206810e-02
1.105625000000000000e+02,-5.458202328971277772e-01
1.105833333333333286e+02,-3.059027614545209994e-01
1.106041666666666572e+02,3.835026600630394578e-01
1.106250000000000000e+02,2.655707269300742190e-01
1.106458333333333286e+02,-3.561021938692601752e-01
1.106666666666666572e+02,-1.841427633596523228e-01
1.106875000000000000e+02,5.003524353721536810e-01
1.107083333333333286e+02,4.070519102884377904e-01
1.107291666666666572e+02,-2.071314178198196410e-01
1.107500000000000000e+02,-9.944565615994516161e-02
1.107708333333333286e+02,2.538944874542276020e-01
1.107916666666666572e+02,-3.654002096590777682e-02
1.108125000000000000e+02,-3.985699045972739829e-01
1.108333333333333286e+02,-5.625417415197549176e-02
1.108541666666666572e+02,3.345077540693983664e-01
1.108750000000000000e+02,4.930984090058673774e-02
1.108958333333333286e+02,-4.609638444559397419e-01
1.109166666666666572e+02,-2.275971471676447311e-01
1.109375000000000000e+02,4.648820147092961874e-01
1.109583333333333286e+02,3.878444247544791668e-01
1.109791666666666572e+02,-2.318464055428649251e-01
1.110000000000000000e+02,-8.937106729592732279e-02
1.110208333333333286e+02,3.927297308969340817e-01
1.110416666666666572e+02,1.724607749316501848e-01
1.110625000000000000e+02,-4.463284646663236988e-01
1.110833333333333286e+02,-2.761856891902949029e-01
1.111041666666666572e+02,4.156684214773176400e-01
1.111250000000000000e+02,3.253519356667938789e-01
1.111458333333333286e+02,-2.883085232863337732e-01
1.111666666666666572e+02,-1.096411060640399837e-01
1.111875000000000000e+02,3.268810717364190044e-01
1.112083333333333286e+02,5.949129527124946692e-02
1.112291666666666572e+02,-5.522596876612464456e-01
1.112500000000000000e+02,-3.649243378747462074e-01
1.112708333333333286e+02,3.238126282859813410e-01
1.112916666666666572e+02,2.008925191237748153e-01
1.113125000000000000e+02,-4.217727473484795264e-01
1.113333333333333286e+02,-2.559687576558572486e-01
1.113541666666666572e+02,4.229921304655017700e-01
1.113750000000000000e+02,3.093832559464641530e-01
1.113958333333333286e+02,-3.147208550823716866e-01
1.114166666666666572e+02,-1.572137751430388308e-01
1.114375000000000000e+02,5.233210977699574995e-01
1.114583333333333286e+02,4.189857362567619425e-01
1.114791666666666572e+02,-2.052505439014181143e-01
1.115000000000000000e+02,-9.937497085296242982e-02
1.115208333333333286e+02,2.577230596574521249e-01
1.115416666666666572e+02,-2.039072627660570847e-02
1.115625000000000000e+02,-4.675442143498311776e-01
1.115833333333333286e+02,-1.887675904923796777e-01
1.116041666666666572e+02,5.047333217807233874e-01
1.116250000000000000e+02,4.235578710293827487e-01
1.116458333333333286e+02,-1.928746524244398242e-01
1.116666666666666572e+02,-3.368255002287600663e-01
1.116875000000000000e+02,1.519999068101585138e-01
1.117083333333333286e+02,7.305547632756895227e-02
1.117291666666666572e+02,-5.431791349727772555e-01
1.117500000000000000e+02,-3.795095977413164290e-01
1.117708333333333286e+02,3.148402687638257591e-01
1.117916666666666572e+02,2.306758812192366004e-01
1.118125000000000000e+02,-3.895150706247457184e-01
1.118333333333333286e+02,-2.365304677107172016e-01
1.118541666666666572e+02,4.508248430307483234e-01
1.118750000000000000e+02,3.673725080072535176e-01
1.118958333333333286e+02,-2.470027812734874040e-01
1.119166666666666572e+02,-1.309163472022213948e-01
1.119375000000000000e+02,2.216640099892132343e-01
1.119583333333333286e+02,-8.237096796997089854e-02
1.119791666666666572e+02,-3.921220618238890898e-01
1.120000000000000000e+02,-1.521351104768572937e-03
1.120208333333333286e+02,1.684417498780352851e-01
1.120416666666666572e+02,-2.787138467869589853e-01
1.120625000000000000e+02,-1.059589366151656997e-01
1.120833333333333286e+02,4.547268743169002314e-01
1.121041666666666572e+02,2.637630749193667912e-01
1.121250000000000000e+02,-3.541635462931398415e-01
1.121458333333333286e+02,-1.835223251601064143e-01
1.121666666666666572e+02,4.995133001197219480e-01
1.121875000000000000e+02,3.980861401046285608e-01
1.122083333333333286e+02,-2.149736149035486876e-01
1.122291666666666572e+02,-2.018677653853525600e-01
1.122500000000000000e+02,2.608129922477802620e-01
1.122708333333333286e+02,8.048563743803950621e-02
1.122916666666666572e+02,-5.328743192724825217e-01
1.123125000000000000e+02,-3.622249441396854230e-01
1.123333333333333286e+02,3.337510949889376799e-01
1.123541666666666572e+02,2.414660684659621082e-01
1.123750000000000000e+02,-3.652953847281096844e-01
1.123958333333333286e+02,-2.042549637331499968e-01
1.124166666666666572e+02,4.645837685995451993e-01
1.124375000000000000e+02,3.653809690547856204e-01
1.124583333333333286e+02,-2.409751370393048431e-01
1.124791666666666572e+02,-1.349922103147443986e-01
1.125000000000000000e+02,2.368009572235842963e-01
1.125208333333333286e+02,-4.392508992485405495e-02
1.125416666666666572e+02,-4.653158165287885062e-01
1.125625000000000000e+02,-1.649782924318380362e-01
1.125833333333333286e+02,4.722359010265024803e-01
1.126041666666666572e+02,3.352355827863427451e-01
1.126250000000000000e+02,-2.817681642375202689e-01
1.126458333333333286e+02,-1.106109106793349423e-01
1.126666666666666572e+02,2.313820346531074434e-01
1.126875000000000000e+02,-9.925121164472981705e-02
1.127083333333333286e+02,-3.721595734396140331e-01
1.127291666666666572e+02,2.239875217486331227e-02
1.127500000000000000e+02,9.561759501162594987e-02
1.127708333333333286e+02,-4.065253328996363269e-01
1.127916666666666572e+02,-2.282122829710750145e-01
1.128125000000000000e+02,4.627590018932022931e-01
1.128333333333333286e+02,3.712344755078044733e-01
1.128541666666666572e+02,-2.430316020082977091e-01
1.128750000000000000e+02,-7.000812611555594367e-02
1.128958333333333286e+02,3.739990243268532799e-01
1.129166666666666572e+02,1.229487279535185218e-01
1.129375000000000000e+02,-4.920993053610407397e-01
1.129583333333333286e+02,-3.291535255949078476e-01
1.129791666666666572e+02,3.613635901023494190e-01
1.130000000000000000e+02,2.796763960842464369e-01
1.130208333333333286e+02,-3.360373748342134759e-01
1.130416666666666572e+02,-1.697112352348562059e-01
1.130625000000000000e+02,5.232541355268885974e-01
1.130833333333333286e+02,4.408657756502800673e-01
1.131041666666666572e+02,-1.750246103268345288e-01
1.131250000000000000e+02,-1.146391981885371142e-01
1.131458333333333286e+02,2.871794956332100468e-01
1.131666666666666572e+02,5.646566983120829275e-02
1.131875000000000000e+02,-5.583487237219488808e-01
1.132083333333333286e+02,-3.872910670012428280e-01
1.132291666666666572e+02,3.050341784687045088e-01
1.132500000000000000e+02,2.168476625991010431e-01
1.132708333333333286e+02,-3.973602112216335636e-01
1.132916666666666572e+02,-2.225274294418903009e-01
1.133125000000000000e+02,4.686763088641204833e-01
1.133333333333333286e+02,3.763440342906214653e-01
1.133541666666666572e+02,-2.373601610863784184e-01
1.133750000000000000e+02,-5.914022713889374727e-02
1.133958333333333286e+02,3.214528105226184818e-01
1.134166666666666572e+02,1.988475819406002043e-02
1.134375000000000000e+02,-4.615483827570961983e-01
1.134583333333333286e+02,-1.934478296674505826e-01
1.134791666666666572e+02,4.967765763320006744e-01
1.135000000000000000e+02,4.004583421577612157e-01
1.135208333333333286e+02,-2.126513939500897510e-01
1.135416666666666572e+02,-1.832896499569151294e-01
1.135625000000000000e+02,2.282465072234687586e-01
1.135833333333333286e+02,1.355043439867095745e-02
1.136041666666666572e+02,-5.990597642634597486e-01
1.136250000000000000e+02,-4.178565350352880237e-01
1.136458333333333286e+02,2.727296551925111334e-01
1.136666666666666572e+02,1.768361104348277202e-01
1.136875000000000000e+02,-4.360468528613546946e-01
1.137083333333333286e+02,-2.557365845435407570e-01
1.137291666666666572e+02,4.346622053914146466e-01
1.137500000000000000e+02,3.392673358963382846e-01
1.137708333333333286e+02,-2.740277360716097954e-01
1.137916666666666572e+02,-9.500732679267380465e-02
1.138125000000000000e+02,4.848365409204014043e-01
1.138333333333333286e+02,3.170120658490173660e-01
1.138541666666666572e+02,-2.965922181057707996e-01
1.138750000000000000e+02,-1.193311780276322398e-01
1.138958333333333286e+02,3.622111057841557180e-01
1.139166666666666572e+02,1.311185380201956296e-01
1.139375000000000000e+02,-4.827779960582962437e-01
1.139583333333333286e+02,-3.083257198301098678e-01
1.139791666666666572e+02,3.836216177366523206e-01
1.140000000000000000e+02,2.957473504072976045e-01
1.140208333333333286e+02,-3.191063090134027558e-01
1.140416666666666572e+02,-1.488909838625393778e-01
1.140625000000000000e+02,3.514663413755870769e-01
1.140833333333333286e+02,1.397400849383999000e-01
1.141041666666666572e+02,-4.759001750505404416e-01
1.141250000000000000e+02,-3.104483294242330049e-01
1.141458333333333286e+02,3.834591628248770201e-01
1.141666666666666572e+02,3.043881677552455756e-01
1.141875000000000000e+02,-3.131742001095956240e-01
1.142083333333333286e+02,-1.620911981227426413e-01
1.142291666666666572e+02,3.303180287432200268e-01
1.142500000000000000e+02,1.222343657846528125e-01
1.142708333333333286e+02,-4.937968725582828067e-01
1.142916666666666572e+02,-3.279167391461533798e-01
1.143125000000000000e+02,3.651850756940930864e-01
1.143333333333333286e+02,2.801995292040693197e-01
1.143541666666666572e+02,-3.345456105251635726e-01
1.143750000000000000e+02,-1.613551655499664006e-01
1.143958333333333286e+02,4.044484193853847831e-01
1.144166666666666572e+02,2.285511876778721918e-01
1.144375000000000000e+02,-3.847493146425855493e-01
1.144583333333333286e+02,-2.047760341484419766e-01
1.144791666666666572e+02,4.437625500004131474e-01
1.145000000000000000e+02,3.176218516660678226e-01
1.145208333333333286e+02,-2.946056894669803472e-01
1.145416666666666572e+02,-1.316093065431907239e-01
1.145625000000000000e+02,1.594886112713197746e-01
1.145833333333333286e+02,-2.084657366093134456e-01
1.146041666666666572e+02,-2.411371405894429387e-01
1.146250000000000000e+02,2.979894645605003500e-01
1.146458333333333286e+02,1.818224758780339623e-01
1.146666666666666572e+02,-4.295758665592236958e-01
1.146875000000000000e+02,-2.756031683315753877e-01
1.147083333333333286e+02,4.004222164467833300e-01
1.147291666666666572e+02,3.083156226084138307e-01
1.147500000000000000e+02,-2.937917210711752380e-01
1.147708333333333286e+02,-1.257223028230410322e-01
1.147916666666666572e+02,2.230065855820237142e-01
1.148125000000000000e+02,-9.073730399796128832e-02
1.148333333333333286e+02,-3.714076978059811518e-01
1.148541666666666572e+02,7.334606590440745366e-03
1.148750000000000000e+02,1.240708636966658951e-01
1.148958333333333286e+02,-3.412023095758286440e-01
1.149166666666666572e+02,-1.746197631505176096e-01
1.149375000000000000e+02,5.071645167107625696e-01
1.149583333333333286e+02,4.133325713902913368e-01
1.149791666666666572e+02,-2.011026654411432191e-01
1.150000000000000000e+02,-4.022446823512505765e-02
1.150208333333333286e+02,2.555108828207590665e-01
1.150416666666666572e+02,-9.155343847251039280e-02
1.150625000000000000e+02,-2.325187227758722941e-01
1.150833333333333286e+02,2.477287293961388803e-01
1.151041666666666572e+02,1.511140467682773880e-01
1.151250000000000000e+02,-4.557654138890082640e-01
1.151458333333333286e+02,-2.872904843742792869e-01
1.151666666666666572e+02,3.940789449708443914e-01
1.151875000000000000e+02,3.016420680081807193e-01
1.152083333333333286e+02,-2.936085856949727235e-01
1.152291666666666572e+02,-1.381631937758026896e-01
1.152500000000000000e+02,5.197030456698388257e-01
1.152708333333333286e+02,4.240293795504312402e-01
1.152916666666666572e+02,-1.719488078401091580e-01
1.153125000000000000e+02,-2.043705955831855992e-01
1.153333333333333286e+02,2.812667262940217738e-01
1.153541666666666572e+02,1.452107399423877565e-01
1.153750000000000000e+02,-4.605156185019498305e-01
1.153958333333333286e+02,-2.909128923697744673e-01
1.154166666666666572e+02,4.014089456482725637e-01
1.154375000000000000e+02,3.090927423738052959e-01
1.154583333333333286e+02,-2.983899797771099038e-01
1.154791666666666572e+02,-1.486600661553334479e-01
1.155000000000000000e+02,1.522135948963834473e-01
1.155208333333333286e+02,-1.895525624655142183e-01
1.155416666666666572e+02,-3.277218539354820326e-01
1.155625000000000000e+02,1.601106773616467749e-01
1.155833333333333286e+02,3.074956609212413719e-02
1.156041666666666572e+02,-6.099346638409545163e-01
1.156250000000000000e+02,-4.949619565599358006e-01
1.156458333333333286e+02,1.717049842411132454e-01
1.156666666666666572e+02,1.281902207066111243e-01
1.156875000000000000e+02,-3.033184019382244578e-01
1.157083333333333286e+02,-8.724195587303251731e-02
1.157291666666666572e+02,5.476280513561119223e-01
1.157500000000000000e+02,4.023296493024998144e-01
1.157708333333333286e+02,-2.928649486946389713e-01
1.157916666666666572e+02,-2.155169094766363203e-01
1.158125000000000000e+02,4.006422299027333489e-01
1.158333333333333286e+02,2.324506771733028943e-01
1.158541666666666572e+02,-4.182654312101772298e-01
1.158750000000000000e+02,-2.988963970375769774e-01
1.158958333333333286e+02,3.161338110765520293e-01
1.159166666666666572e+02,2.450245280585181540e-01
1.159375000000000000e+02,-1.400970437545150937e-01
1.159583333333333286e+02,1.222478286224009669e-01
1.159791666666666572e+02,5.684967860991235744e-01
1.160000000000000000e+02,2.715088974152215506e-01
1.160208333333333286e+02,-4.190221802292062869e-01
1.160416666666666572e+02,-3.245482441753145264e-01
1.160625000000000000e+02,2.892458968909970562e-01
1.160833333333333286e+02,2.318223294761802000e-01
1.161041666666666572e+02,-2.005614837380796101e-01
1.161250000000000000e+02,6.821463864501643715e-03
1.161458333333333286e+02,6.216520232931743717e-01
1.161666666666666572e+02,4.561112128829155621e-01
1.161875000000000000e+02,-2.362288687997368686e-01
1.162083333333333286e+02,-1.564334680166429847e-01
1.162291666666666572e+02,4.597698951549308299e-01
1.162500000000000000e+02,3.057853727033077451e-01
1.162708333333333286e+02,-3.828450539047864032e-01
1.162916666666666572e+02,-2.989342304159271491e-01
1.163125000000000000e+02,3.185279627188001839e-01
1.163333333333333286e+02,1.481146977419038890e-01
1.163541666666666572e+02,-5.434720417075775689e-01
1.163750000000000000e+02,-4.518828712897491884e-01
1.163958333333333286e+02,1.616670608071469617e-01
1.164166666666666572e+02,-1.892102547093005294e-02
1.164375000000000000e+02,-7.080829412131020018e-01
1.164583333333333286e+02,-5.959039942772835774e-01
1.164791666666666572e+02,2.339972210820143173e-02
1.165000000000000000e+02,1.574889600778572596e-01
1.165208333333333286e+02,-3.208961992632208271e-01
1.165416666666666572e+02,-2.255553381284640668e-01
1.165625000000000000e+02,3.878766722736320949e-01
1.165833333333333286e+02,2.117129337839216974e-01
1.166041666666666572e+02,-4.797181431866427426e-01
1.166250000000000000e+02,-3.916514985048750175e-01
1.166458333333333286e+02,2.233982800053078699e-01
1.166666666666666572e+02,3.764147226756442977e-01
1.166875000000000000e+02,-1.028258216619732934e-01
1.167083333333333286e+02,-2.208374428120135624e-02
1.167291666666666572e+02,5.936956135375865973e-01
1.167500000000000000e+02,4.368819178914662427e-01
1.167708333333333286e+02,-2.527832163482637839e-01
1.167916666666666572e+02,-1.724404529244814577e-01
1.168125000000000000e+02,4.430514248128668564e-01
1.168333333333333286e+02,2.742173943806733849e-01
1.168541666666666572e+02,-4.182037851554919472e-01
1.168750000000000000e+02,-3.304028279159343939e-01
1.168958333333333286e+02,2.838818506996971802e-01
1.169166666666666572e+02,2.228371269539097255e-01
1.169375000000000000e+02,-1.980917148269797923e-01
1.169583333333333286e+02,2.529916719118380924e-02
1.169791666666666572e+02,6.110933988351232582e-01
1.170000000000000000e+02,4.105923154595775837e-01
1.170208333333333286e+02,-2.793717924460420443e-01
1.170416666666666572e+02,-1.788816367206613189e-01
1.170625000000000000e+02,4.328213504277208523e-01
1.170833333333333286e+02,2.448214592957770330e-01
1.171041666666666572e+02,-4.436299883576452219e-01
1.171250000000000000e+02,-3.192588877842252870e-01
1.171458333333333286e+02,3.044720401886283900e-01
1.171666666666666572e+02,1.473652383815846623e-01
1.171875000000000000e+02,-5.271820360651034987e-01
1.172083333333333286e+02,-3.868033064727914860e-01
1.172291666666666572e+02,2.731671230277050721e-01
1.172500000000000000e+02,1.628438964450580895e-01
1.172708333333333286e+02,-4.791513064637719088e-01
1.172916666666666572e+02,-3.297851690971890792e-01
1.173125000000000000e+02,3.482542178241516684e-01
1.173333333333333286e+02,2.527975141887396915e-01
1.173541666666666572e+02,-3.624210173414990632e-01
1.173750000000000000e+02,-2.008316845570436715e-01
1.173958333333333286e+02,4.903771246532624417e-01
1.174166666666666572e+02,4.129416861842761244e-01
1.174375000000000000e+02,-2.047255779927972252e-01
1.174583333333333286e+02,-2.652090337357452254e-01
1.174791666666666572e+02,2.851966607593873215e-01
1.175000000000000000e+02,2.072628368675286936e-01
1.175208333333333286e+02,-4.100978298930514909e-01
1.175416666666666572e+02,-2.418027251278376533e-01
1.175625000000000000e+02,3.382444488805781413e-01
1.175833333333333286e+02,1.584221338878421814e-01
1.176041666666666572e+02,-4.645096698595254647e-01
1.176250000000000000e+02,-2.893628666019641971e-01
1.176458333333333286e+02,4.022776387092262818e-01
1.176666666666666572e+02,3.150337176369706338e-01
1.176875000000000000e+02,-2.998448192150321434e-01
1.177083333333333286e+02,-3.231908530435835258e-01
1.177291666666666572e+02,2.113453930597124497e-01
1.177500000000000000e+02,1.069144155015499531e-01
1.177708333333333286e+02,-5.076376215472173659e-01
1.177916666666666572e+02,-3.364439145060895697e-01
1.178125000000000000e+02,3.556063686021940784e-01
1.178333333333333286e+02,2.671745200818073651e-01
1.178541666666666572e+02,-3.467555292368689202e-01
1.178750000000000000e+02,-1.751131983784406931e-01
1.178958333333333286e+02,2.835894712403040918e-01
1.179166666666666572e+02,3.780226457422734831e-02
1.179375000000000000e+02,-5.756108739101630789e-01
1.179583333333333286e+02,-3.969638272535612189e-01
1.179791666666666572e+02,2.940608493109487243e-01
1.180000000000000000e+02,1.991502097570694296e-01
1.180208333333333286e+02,-4.139778453642384282e-01
1.180416666666666572e+02,-2.333943312704200301e-01
1.180625000000000000e+02,4.568552543686776324e-01
1.180833333333333286e+02,3.596085022311280577e-01
1.181041666666666572e+02,-2.534233009952618909e-01
1.181250000000000000e+02,-7.132343383150691052e-02
1.181458333333333286e+02,6.183577755043658808e-01
1.181666666666666572e+02,5.191972568198173210e-01
1.181875000000000000e+02,-9.393789802680535539e-02
1.182083333333333286e+02,6.120096236762869596e-02
1.182291666666666572e+02,3.128703098942287597e-01
1.182500000000000000e+02,-7.106750841166539767e-02
1.182708333333333286e+02,-9.657041462118308439e-02
1.182916666666666572e+02,3.717380665806169215e-01
1.183125000000000000e+02,2.096151095140380005e-01
1.183333333333333286e+02,-3.995345963782536147e-01
1.183541666666666572e+02,-2.314174070112027803e-01
1.183750000000000000e+02,4.262244709038548462e-01
1.183958333333333286e+02,3.190586908924315512e-01
1.184166666666666572e+02,-3.116763229070539376e-01
1.184375000000000000e+02,-1.628108346981246568e-01
1.184583333333333286e+02,2.289420417737848268e-01
1.184791666666666572e+02,-4.974213267941443584e-02
1.185000000000000000e+02,-5.708533358571798999e-01
1.185208333333333286e+02,-3.493960520842873119e-01
1.185416666666666572e+02,2.825063371775591303e-01
1.185625000000000000e+02,1.643793577573973985e-01
1.185833333333333286e+02,-4.624250728809077282e-01
1.186041666666666572e+02,-3.146469309951425708e-01
1.186250000000000000e+02,3.180472612020699419e-01
1.186458333333333286e+02,1.989083641585787376e-01
1.186666666666666572e+02,-4.524215033338450098e-01
1.186875000000000000e+02,-3.123321330523317618e-01
1.187083333333333286e+02,3.292423347664930056e-01
1.187291666666666572e+02,2.087686366744442579e-01
1.187500000000000000e+02,-4.469594952881277283e-01
1.187708333333333286e+02,-3.288371220166109721e-01
1.187916666666666572e+02,3.024830842017068866e-01
1.188125000000000000e+02,1.502813875665717780e-01
1.188333333333333286e+02,-1.673016527970809242e-01
1.188541666666666572e+02,1.724438117328314646e-01
1.188750000000000000e+02,4.138653206480918945e-01
1.188958333333333286e+02,-1.249131257790535993e-02
1.189166666666666572e+02,5.789763087096912175e-02
1.189375000000000000e+02,5.030603978968395396e-01
1.189583333333333286e+02,2.598022437038637333e-01
1.189791666666666572e+02,-4.232236249398945716e-01
1.190000000000000000e+02,-3.281870065345326992e-01
1.190208333333333286e+02,3.059765213122208616e-01
1.190416666666666572e+02,1.990589772347574615e-01
1.190625000000000000e+02,-3.736290661669373070e-01
1.190833333333333286e+02,-1.836641757867163716e-01
1.191041666666666572e+02,4.611821690886638847e-01
1.191250000000000000e+02,3.445152161884367792e-01
1.191458333333333286e+02,-3.201880791635370316e-01
1.191666666666666572e+02,-1.898655783145643261e-01
1.191875000000000000e+02,4.542347605433963986e-01
1.192083333333333286e+02,3.357896178955220301e-01
1.192291666666666572e+02,-3.284504780071982877e-01
1.192500000000000000e+02,-2.056257930145731772e-01
1.192708333333333286e+02,4.383525872484116959e-01
1.192916666666666572e+02,3.168941767658598474e-01
1.193125000000000000e+02,-3.499222304910247772e-01
1.193333333333333286e+02,-2.091828620771973013e-01
1.193541666666666572e+02,3.566075205780577795e-01
1.193750000000000000e+02,1.722018153935758189e-01
1.193958333333333286e+02,-4.878034652405112137e-01
1.194166666666666572e+02,-3.338498666333741816e-01
1.194375000000000000e+02,3.059402549795920412e-01
1.194583333333333286e+02,1.560335697734254456e-01
1.194791666666666572e+02,-4.905305749965752637e-01
1.195000000000000000e+02,-3.210521834570746469e-01
1.195208333333333286e+02,3.278835438950216119e-01
1.195416666666666572e+02,1.946107926348437656e-01
1.195625000000000000e+02,-4.654756450356620778e-01
1.195833333333333286e+02,-3.171618649686426261e-01
1.196041666666666572e+02,3.229624093117517969e-01
1.196250000000000000e+02,1.888943396819459664e-01
1.196458333333333286e+02,-4.721717322692211560e-01
1.196666666666666572e+02,-3.326328262393329904e-01
1.196875000000000000e+02,3.060012525680367856e-01
1.197083333333333286e+02,1.771539058576210579e-01
1.197291666666666572e+02,-4.850242760958817234e-01
1.197500000000000000e+02,-3.448419624526178340e-01
1.197708333333333286e+02,2.985063312881516273e-01
1.197916666666666572e+02,1.741973950379009373e-01
1.198125000000000000e+02,-4.888729033716029404e-01
1.198333333333333286e+02,-3.536796491679145005e-01
1.198541666666666572e+02,2.904127942420126618e-01
1.198750000000000000e+02,1.709684369210603405e-01
1.198958333333333286e+02,-4.233770168473223183e-01
1.199166666666666572e+02,-2.472453463476367852e-01
1.199375000000000000e+02,3.975114982312516476e-01
1.199583333333333286e+02,2.833258425827020477e-01
1.199791666666666572e+02,-3.074998280061617684e-01
1.200000000000000000e+02,-1.400440925110005841e-01
1.200208333333333286e+02,5.030907239547188770e-01
1.200416666666666572e+02,3.964833625146467200e-01
1.200625000000000000e+02,-2.706540949410883856e-01
1.200833333333333286e+02,-1.551904150021966022e-01
1.201041666666666572e+02,5.070628947643283091e-01
1.201250000000000000e+02,4.030039402425295014e-01
1.201458333333333286e+02,-2.536118884826514264e-01
1.201666666666666572e+02,-1.144895153847287766e-01
1.201875000000000000e+02,5.300858533869940992e-01
1.202083333333333286e+02,4.113544470884940019e-01
1.202291666666666572e+02,-2.531713580236675254e-01
1.202500000000000000e+02,-1.206346080631569145e-01
1.202708333333333286e+02,5.314748941281743910e-01
1.202916666666666572e+02,4.147899426880367058e-01
1.203125000000000000e+02,-2.474353116757401772e-01
1.203333333333333286e+02,-1.181396630626187494e-01
1.203541666666666572e+02,5.135226862969907158e-01
1.203750000000000000e+02,3.714482019530085943e-01
1.203958333333333286e+02,-2.750555244207908423e-01
1.204166666666666572e+02,-1.086747425090511254e-01
1.204375000000000000e+02,2.020001420541793213e-01
1.204583333333333286e+02,-1.555783961617633326e-01
1.204791666666666572e+02,-4.406065264249064417e-01
1.205000000000000000e+02,-4.169871834283367384e-02
1.205208333333333286e+02,-5.943607457126565130e-02
1.205416666666666572e+02,-5.030576544152447482e-01
1.205625000000000000e+02,-2.883077833599325679e-01
1.205833333333333286e+02,3.889163509419437115e-01
1.206041666666666572e+02,2.446440309470293839e-01
1.206250000000000000e+02,-4.147688587246017300e-01
1.206458333333333286e+02,-2.909424915293387093e-01
1.206666666666666572e+02,3.656344989493873765e-01
1.206875000000000000e+02,2.166043516615084319e-01
1.207083333333333286e+02,-4.291216560619122711e-01
1.207291666666666572e+02,-3.085133500655632410e-01
1.207500000000000000e+02,2.817185456539103572e-01
1.207708333333333286e+02,1.093902708881424601e-01
1.207916666666666572e+02,-5.194515793976112183e-01
1.208125000000000000e+02,-4.002786471341700514e-01
1.208333333333333286e+02,2.462103024076088831e-01
1.208541666666666572e+02,1.080309475190483065e-01
1.208750000000000000e+02,-5.235023762198054431e-01
1.208958333333333286e+02,-4.046790677485135879e-01
1.209166666666666572e+02,2.236603901687134188e-01
1.209375000000000000e+02,7.750879814677191781e-02
1.209583333333333286e+02,-3.851925580383589454e-01
1.209791666666666572e+02,-1.544003785377209836e-01
1.210000000000000000e+02,4.926549816455262909e-01
1.210208333333333286e+02,3.543628133469888808e-01
1.210416666666666572e+02,-2.823356114333645528e-01
1.210625000000000000e+02,-1.633169982038011891e-01
1.210833333333333286e+02,4.762423423382413090e-01
1.211041666666666572e+02,3.317853384467072675e-01
1.211250000000000000e+02,-3.085160883222181627e-01
1.211458333333333286e+02,-1.874109290817410345e-01
1.211666666666666572e+02,4.734653310716365193e-01
1.211875000000000000e+02,3.313409333669225521e-01
1.212083333333333286e+02,-3.210402384184906088e-01
1.212291666666666572e+02,-1.985810877601051905e-01
1.212500000000000000e+02,4.682962605710849768e-01
1.212708333333333286e+02,3.323539258485168069e-01
1.212916666666666572e+02,-3.177939401978363554e-01
1.213125000000000000e+02,-1.944896739338525249e-01
1.213333333333333286e+02,4.760592291908407603e-01
1.213541666666666572e+02,3.322550616799135881e-01
1.213750000000000000e+02,-3.257417198775393041e-01
1.213958333333333286e+02,-2.021675681696265270e-01
1.214166666666666572e+02,4.672907857265294340e-01
1.214375000000000000e+02,3.358788681635205275e-01
1.214583333333333286e+02,-3.111259754971844593e-01
1.214791666666666572e+02,-1.876644030133067520e-01
1.215000000000000000e+02,4.835617701727876194e-01
1.215208333333333286e+02,3.393856313385827383e-01
1.215416666666666572e+02,-3.197333812632543459e-01
1.215625000000000000e+02,-1.957057679538407313e-01
1.215833333333333286e+02,3.866603627401166143e-01
1.216041666666666572e+02,1.836788668677362679e-01
1.216250000000000000e+02,-4.709803860908697293e-01
1.216458333333333286e+02,-3.480991783132445505e-01
1.216666666666666572e+02,3.149071713949890272e-01
1.216875000000000000e+02,1.893128864895820551e-01
1.217083333333333286e+02,-4.454408100637222701e-01
1.217291666666666572e+02,-3.237544503243247052e-01
1.217500000000000000e+02,3.257338793384222386e-01
1.217708333333333286e+02,1.763745339366481479e-01
1.217916666666666572e+02,-4.719352592775012400e-01
1.218125000000000000e+02,-3.499046332845279217e-01
1.218333333333333286e+02,3.101734286143215669e-01
1.218541666666666572e+02,1.689788892464015868e-01
1.218750000000000000e+02,-4.741646375192206664e-01
1.218958333333333286e+02,-3.536989891443170220e-01
1.219166666666666572e+02,2.903175874939619705e-01
1.219375000000000000e+02,1.625655521757050637e-01
1.219583333333333286e+02,-4.626923616144168472e-01
1.219791666666666572e+02,-3.383375896939940231e-01
1.220000000000000000e+02,3.187872646027576362e-01
1.220208333333333286e+02,1.786155467257002361e-01
1.220416666666666572e+02,-4.638616402460091215e-01
1.220625000000000000e+02,-3.428779813509977847e-01
1.220833333333333286e+02,3.119713090159057511e-01
1.221041666666666572e+02,1.770737572379638691e-01
1.221250000000000000e+02,-4.589561230786415313e-01
1.221458333333333286e+02,-3.386336915176942353e-01
1.221666666666666572e+02,3.121276681165389699e-01
1.221875000000000000e+02,1.927056927808165065e-01
1.222083333333333286e+02,-3.393279089412684635e-01
1.222291666666666572e+02,-1.463007271581284185e-01
1.222500000000000000e+02,5.193973953720943948e-01
1.222708333333333286e+02,3.779636805360958030e-01
1.222916666666666572e+02,-2.688274050264362058e-01
1.223125000000000000e+02,-1.476689966401648069e-01
1.223333333333333286e+02,5.057491362958925762e-01
1.223541666666666572e+02,3.769217505375631605e-01
1.223750000000000000e+02,-2.585575141666089927e-01
1.223958333333333286e+02,-1.351045134677134052e-01
1.224166666666666572e+02,5.312636957563927620e-01
1.224375000000000000e+02,3.880454204002339869e-01
1.224583333333333286e+02,-2.689839806218288221e-01
1.224791666666666572e+02,-1.452894651734687737e-01
1.225000000000000000e+02,5.267110793615240594e-01
1.225208333333333286e+02,3.822122452309967278e-01
1.225416666666666572e+02,-2.769139340213353506e-01
1.225625000000000000e+02,-1.531957198356578287e-01
1.225833333333333286e+02,5.145022634497741221e-01
1.226041666666666572e+02,3.698355343611539614e-01
1.226250000000000000e+02,-2.819247015337628670e-01
1.226458333333333286e+02,-1.601647746168110009e-01
1.226666666666666572e+02,4.004496419727861523e-01
1.226875000000000000e+02,2.217782856149153603e-01
1.227083333333333286e+02,-4.024007889752810874e-01
1.227291666666666572e+02,-2.407477180292759145e-01
1.227500000000000000e+02,2.588147804496586657e-01
1.227708333333333286e+02,4.509782883243113050e-02
1.227916666666666572e+02,-5.656204781833202855e-01
1.228125000000000000e+02,-3.980339162980561785e-01
1.228333333333333286e+02,2.962412576696669131e-01
1.228541666666666572e+02,2.038625561968755995e-01
1.228750000000000000e+02,-4.046509281965665061e-01
1.228958333333333286e+02,-2.351589043677261570e-01
1.229166666666666572e+02,1.139240909087189946e-01
1.229375000000000000e+02,-2.036289359317949577e-01
1.229583333333333286e+02,-4.598875349713286154e-01
1.229791666666666572e+02,-5.985719078635942658e-02
1.230000000000000000e+02,1.438868431579468088e-02
1.230208333333333286e+02,-4.845052089962239572e-01
1.230416666666666572e+02,-3.087024816207761813e-01
1.230625000000000000e+02,3.776157925108873936e-01
1.230833333333333286e+02,2.732251407739212379e-01
1.231041666666666572e+02,-3.443258589804359948e-01
1.231250000000000000e+02,-1.662473778241080891e-01
1.231458333333333286e+02,5.252041893735055478e-01
1.231666666666666572e+02,4.372204228588356667e-01
1.231875000000000000e+02,-1.783355667832530189e-01
1.232083333333333286e+02,-7.311340476412610256e-02
1.232291666666666572e+02,3.051593100453907081e-01
1.232500000000000000e+02,4.637807287506894027e-02
1.232708333333333286e+02,-4.671911643050375984e-01
1.232916666666666572e+02,-2.473348721457973298e-01
1.233125000000000000e+02,4.449984206914488483e-01
1.233333333333333286e+02,3.705890337153351921e-01
1.233541666666666572e+02,-2.465049905073811720e-01
1.233750000000000000e+02,-8.294529623342565550e-02
1.233958333333333286e+02,4.555041404334155830e-01
1.234166666666666572e+02,2.681398761321504010e-01
1.234375000000000000e+02,-3.468470514643096081e-01
1.234583333333333286e+02,-1.738211599397759266e-01
1.234791666666666572e+02,5.008145377580652813e-01
1.235000000000000000e+02,3.966528909525712798e-01
1.235208333333333286e+02,-2.167852118784400484e-01
1.235416666666666572e+02,-2.607758547332165722e-01
1.235625000000000000e+02,2.260505113574755032e-01
1.235833333333333286e+02,8.166013746367134507e-02
1.236041666666666572e+02,-5.354508240747030134e-01
1.236250000000000000e+02,-3.497951003172947160e-01
1.236458333333333286e+02,3.402863851266288986e-01
1.236666666666666572e+02,2.398000583866677360e-01
1.236875000000000000e+02,-3.748697099383474507e-01
1.237083333333333286e+02,-1.956305987203054708e-01
1.237291666666666572e+02,3.532240526263006331e-01
1.237500000000000000e+02,1.670660683599482221e-01
1.237708333333333286e+02,-4.468171408395136823e-01
1.237916666666666572e+02,-2.740400900932458694e-01
1.238125000000000000e+02,4.180154346796318143e-01
1.238333333333333286e+02,3.332213882330652410e-01
1.238541666666666572e+02,-2.822172524575932706e-01
1.238750000000000000e+02,-1.823347389076801217e-01
1.238958333333333286e+02,2.194429567927506375e-01
1.239166666666666572e+02,-2.433465012925077262e-02
1.239375000000000000e+02,-5.719170034800624691e-01
1.239583333333333286e+02,-3.756974335128097087e-01
1.239791666666666572e+02,3.115579444812838217e-01
1.240000000000000000e+02,2.308769278809045533e-01
1.240208333333333286e+02,-3.841099537023225374e-01
1.240416666666666572e+02,-2.115273606434444897e-01
1.240625000000000000e+02,4.794502082400649012e-01
1.240833333333333286e+02,3.763989405559780010e-01
1.241041666666666572e+02,-2.415058233955783840e-01
1.241250000000000000e+02,-6.262434185542180287e-02
1.241458333333333286e+02,4.440357083177712827e-01
1.241666666666666572e+02,2.258817512304706621e-01
1.241875000000000000e+02,-3.870808571898023409e-01
1.242083333333333286e+02,-2.060680422314111193e-01
1.242291666666666572e+02,4.842737464623283472e-01
1.242500000000000000e+02,3.883668068152335562e-01
1.242708333333333286e+02,-2.250532596007302488e-01
1.242916666666666572e+02,-6.930113692908432266e-02
1.243125000000000000e+02,2.145513031847579022e-01
1.243333333333333286e+02,-1.394666854794792965e-01
1.243541666666666572e+02,-2.516716952666089857e-01
1.243750000000000000e+02,2.577098305894216512e-01
1.243958333333333286e+02,1.652678619038922547e-01
1.244166666666666572e+02,-4.435389991763087902e-01
1.244375000000000000e+02,-2.745000558245229705e-01
1.244583333333333286e+02,3.923121388078578131e-01
1.244791666666666572e+02,2.879320038216747757e-01
1.245000000000000000e+02,-3.318092676373273209e-01
1.245208333333333286e+02,-1.714338594688728790e-01
1.245416666666666572e+02,3.285882124618375033e-01
1.245625000000000000e+02,1.111564244093899284e-01
1.245833333333333286e+02,-4.993613831522319413e-01
1.246041666666666572e+02,-3.309695774777520194e-01
1.246250000000000000e+02,3.576117247853340397e-01
1.246458333333333286e+02,2.604750534819145757e-01
1.246666666666666572e+02,-3.510153900675839767e-01
1.246875000000000000e+02,-1.813430499330542789e-01
1.247083333333333286e+02,4.490957100207334518e-01
1.247291666666666572e+02,3.150949066906535978e-01
1.247500000000000000e+02,-2.901562775932856053e-01
1.247708333333333286e+02,-1.356043319802897329e-01
1.247916666666666572e+02,2.120788888931353089e-01
1.248125000000000000e+02,-9.831265853466605864e-02
1.248333333333333286e+02,-3.994685884720203806e-01
1.248541666666666572e+02,-2.710592639575719331e-02
1.248750000000000000e+02,1.725515575915183564e-01
1.248958333333333286e+02,-2.494644867084908624e-01
1.249166666666666572e+02,-7.850414653363388395e-02
1.249375000000000000e+02,3.434782209744339232e-01
1.249583333333333286e+02,7.964240371425532206e-02
1.249791666666666572e+02,-5.338231657556717913e-01
1.250000000000000000e+02,-3.677791963971920319e-01
1.250208333333333286e+02,3.263216521180474228e-01
1.250416666666666572e+02,2.501473346336480219e-01
1.250625000000000000e+02,-3.670194324394154828e-01
1.250833333333333286e+02,-2.250654749889489659e-01
1.251041666666666572e+02,4.600091533918211351e-01
1.251250000000000000e+02,3.739143577322513456e-01
1.251458333333333286e+02,-2.475033667025538509e-01
1.251666666666666572e+02,-8.069207310406761868e-02
1.251875000000000000e+02,6.119201796007553984e-01
1.252083333333333286e+02,5.265838699776532739e-01
1.252291666666666572e+02,-8.885296201430020746e-02
1.252500000000000000e+02,-1.517257548461257988e-01
1.252708333333333286e+02,3.390695257324912726e-01
1.252916666666666572e+02,2.196006906357320654e-01
1.253125000000000000e+02,-3.944543098848967144e-01
1.253333333333333286e+02,-2.179884512619083003e-01
1.253541666666666572e+02,4.729042580655469230e-01
1.253750000000000000e+02,3.784716557261421088e-01
1.253958333333333286e+02,-2.348101767157788622e-01
1.254166666666666572e+02,-3.729378803051489610e-01
1.254375000000000000e+02,1.047544222877508646e-01
1.254583333333333286e+02,5.750858626369703686e-03
1.254791666666666572e+02,-6.060865697724089340e-01
1.255000000000000000e+02,-4.185696774509110596e-01
1.255208333333333286e+02,2.705016872519445670e-01
1.255416666666666572e+02,1.495497123865515143e-01
1.255625000000000000e+02,-4.721574881477841323e-01
1.255833333333333286e+02,-2.996941760999791704e-01
1.256041666666666572e+02,3.838735829576475633e-01
1.256250000000000000e+02,2.874835935683008881e-01
1.256458333333333286e+02,-3.273845848826770766e-01
1.256666666666666572e+02,-1.498767896083827433e-01
1.256875000000000000e+02,3.590441855613118460e-01
1.257083333333333286e+02,1.460850495053409304e-01
1.257291666666666572e+02,-4.677543870020625660e-01
1.257500000000000000e+02,-2.933214213575860985e-01
1.257708333333333286e+02,3.984997592956900370e-01
1.257916666666666572e+02,3.105860371950956988e-01
1.258125000000000000e+02,-3.042228596231184024e-01
1.258333333333333286e+02,-1.341416368556047067e-01
1.258541666666666572e+02,4.220332617015198906e-01
1.258750000000000000e+02,2.476332174754702908e-01
1.258958333333333286e+02,-3.680148935330792570e-01
1.259166666666666572e+02,-2.027239376511548452e-01
1.259375000000000000e+02,4.908849621625179793e-01
1.259583333333333286e+02,4.125030341768349817e-01
1.259791666666666572e+02,-2.044042107781177398e-01
1.260000000000000000e+02,-3.115211434556662273e-01
1.260208333333333286e+02,2.057122083353569164e-01
1.260416666666666572e+02,1.329622239503321368e-01
1.260625000000000000e+02,-4.845703689864785946e-01
1.260833333333333286e+02,-3.436966140219996912e-01
1.261041666666666572e+02,3.419271129548017707e-01
1.261250000000000000e+02,2.573758203695404867e-01
1.261458333333333286e+02,-3.629655417270211126e-01
1.261666666666666572e+02,-1.938446802106916500e-01
1.261875000000000000e+02,4.310270819812347387e-01
1.262083333333333286e+02,2.944553512855410116e-01
1.262291666666666572e+02,-3.206972069477995735e-01
1.262500000000000000e+02,-1.422199482394162495e-01
1.262708333333333286e+02,2.459989601745022625e-01
1.262916666666666572e+02,-5.311594870872996671e-02
1.263125000000000000e+02,-4.792255722914964267e-01
1.263333333333333286e+02,-1.691062052118023351e-01
1.263541666666666572e+02,4.588685244264413821e-01
1.263750000000000000e+02,3.081044835050903430e-01
1.263958333333333286e+02,-3.068307426462568710e-01
1.264166666666666572e+02,-1.187407325026121896e-01
1.264375000000000000e+02,2.919941900184583328e-01
1.264583333333333286e+02,5.969523563047720444e-03
1.264791666666666572e+02,-5.065798751984897930e-01
1.265000000000000000e+02,-2.582413629527424703e-01
1.265208333333333286e+02,4.320001555574921048e-01
1.265416666666666572e+02,3.382037596872384255e-01
1.265625000000000000e+02,-2.756420796234497761e-01
1.265833333333333286e+02,-1.017385842945091740e-01
1.266041666666666572e+02,3.991991163336304216e-01
1.266250000000000000e+02,1.865208968707818271e-01
1.266458333333333286e+02,-4.287785262677635267e-01
1.266666666666666572e+02,-2.649103324210944077e-01
1.266875000000000000e+02,4.280971959049392206e-01
1.267083333333333286e+02,3.517067562282323312e-01
1.267291666666666572e+02,-2.657606903211076066e-01
1.267500000000000000e+02,-1.274233495277682926e-01
1.267708333333333286e+02,3.541007084306878605e-01
1.267916666666666572e+02,1.274128899515857838e-01
1.268125000000000000e+02,-4.982093819066107931e-01
1.268333333333333286e+02,-3.425932961602213833e-01
1.268541666666666572e+02,3.457793790323316352e-01
1.268750000000000000e+02,2.636802682333139747e-01
1.268958333333333286e+02,-3.517542906640193090e-01
1.269166666666666572e+02,-1.803031177160554777e-01
1.269375000000000000e+02,5.113134185692711497e-01
1.269583333333333286e+02,4.191761302011791090e-01
1.269791666666666572e+02,-1.945183164905282813e-01
1.270000000000000000e+02,-2.423335972576541875e-01
1.270208333333333286e+02,2.526615115009133716e-01
1.270416666666666572e+02,1.130838377013679286e-01
1.270625000000000000e+02,-5.053010224215813695e-01
1.270833333333333286e+02,-3.200034001748163215e-01
1.271041666666666572e+02,3.702826669928282466e-01
1.271250000000000000e+02,2.738808792235472023e-01
1.271458333333333286e+02,-3.396006916212991333e-01
1.271666666666666572e+02,-1.627312223257940671e-01
1.271875000000000000e+02,3.152441418532974104e-01
1.272083333333333286e+02,8.045092468160108812e-02
1.272291666666666572e+02,-5.373455904538186889e-01
1.272500000000000000e+02,-3.763846868881957630e-01
1.272708333333333286e+02,3.123037226162450608e-01
1.272916666666666572e+02,2.297683786131119732e-01
1.273125000000000000e+02,-3.853539414451219725e-01
1.273333333333333286e+02,-2.168110134720937499e-01
1.273541666666666572e+02,4.755032193957998699e-01
1.273750000000000000e+02,3.900075614131812696e-01
1.273958333333333286e+02,-2.248041058013013349e-01
1.274166666666666572e+02,-5.403370818315979263e-02
1.274375000000000000e+02,2.868432930684723936e-01
1.274583333333333286e+02,-3.399574361725513777e-02
1.274791666666666572e+02,-3.545808471887951785e-01
1.275000000000000000e+02,8.944914847229562538e-03
1.275208333333333286e+02,2.429969106851146976e-01
1.275416666666666572e+02,-1.464279857810752428e-01
1.275625000000000000e+02,-7.281965926918149146e-02
1.275833333333333286e+02,2.993665367036362213e-01
1.276041666666666572e+02,3.848335674890795977e-02
1.276250000000000000e+02,-4.192996027760951261e-01
1.276458333333333286e+02,-1.462642208678012201e-01
1.276666666666666572e+02,5.521892388272945373e-01
1.276875000000000000e+02,4.586695152711665058e-01
1.277083333333333286e+02,-1.533502854545289451e-01
1.277291666666666572e+02,-2.325934015443474334e-01
1.277500000000000000e+02,2.767995684664703582e-01
1.277708333333333286e+02,1.729961725615630774e-01
1.277916666666666572e+02,-4.525602671404048150e-01
1.278125000000000000e+02,-2.887058440067535869e-01
1.278333333333333286e+02,4.105423673592847877e-01
1.278541666666666572e+02,3.166375009529178719e-01
1.278750000000000000e+02,-2.958118954442272575e-01
1.278958333333333286e+02,-1.516194551730211115e-01
1.279166666666666572e+02,1.721370864827352909e-01
1.279375000000000000e+02,-1.547455946450353725e-01
1.279583333333333286e+02,-3.707623859598782046e-01
1.279791666666666572e+02,6.596325429342317359e-02
1.280000000000000000e+02,-1.624764207854807740e-02
1.280208333333333144e+02,-4.570813057327409723e-01
1.280416666666666572e+02,-1.732435338345945375e-01
1.280625000000000000e+02,5.196796593064971770e-01
1.280833333333333144e+02,4.363748998702172699e-01
1.281041666666666572e+02,-1.793877432091789959e-01
1.281250000000000000e+02,-2.081170382782136230e-01
1.281458333333333144e+02,3.023008572011170458e-01
1.281666666666666572e+02,1.846867930824978021e-01
1.281875000000000000e+02,-4.307070606561412829e-01
1.282083333333333144e+02,-2.629981985337670469e-01
1.282291666666666572e+02,4.299794108685916494e-01
1.282500000000000000e+02,3.467143189415255455e-01
1.282708333333333144e+02,-2.688727606639237377e-01
1.282916666666666572e+02,-1.383029622583354656e-01
1.283125000000000000e+02,2.169599313085597281e-01
1.283333333333333144e+02,-7.414414059493090736e-02
1.283541666666666572e+02,-4.449625532899962321e-01
1.283750000000000000e+02,-1.222933471950340550e-01
1.283958333333333144e+02,3.606127626312645162e-01
1.284166666666666572e+02,1.397971839630197388e-01
1.284375000000000000e+02,-4.751908272030658242e-01
1.284583333333333144e+02,-3.037536913714459219e-01
1.284791666666666572e+02,3.882466009124387885e-01
1.285000000000000000e+02,2.983375686457740428e-01
1.285208333333333144e+02,-3.156031749214524562e-01
1.285416666666666572e+02,-1.383200673134618031e-01
1.285625000000000000e+02,5.311286210244654526e-01
1.285833333333333144e+02,4.211508206994322157e-01
1.286041666666666572e+02,-1.918307482055742752e-01
1.286250000000000000e+02,-1.752388220083909154e-01
1.286458333333333144e+02,2.522743531730954336e-01
1.286666666666666572e+02,5.046547927329904371e-02
1.286875000000000000e+02,-5.610233119301801796e-01
1.287083333333333144e+02,-3.723193927729943065e-01
1.287291666666666572e+02,3.163370969178875836e-01
1.287500000000000000e+02,2.010278560128391512e-01
1.287708333333333144e+02,-4.160398840735754500e-01
1.287916666666666572e+02,-2.283547961905709467e-01
1.288125000000000000e+02,4.612380608463126919e-01
1.288333333333333144e+02,3.639835000427965594e-01
1.288541666666666572e+02,-2.496548517563294267e-01
1.288750000000000000e+02,-7.432501172219374563e-02
1.288958333333333144e+02,4.141535683860814721e-01
1.289166666666666572e+02,1.912201070174004147e-01
1.289375000000000000e+02,-4.263206994161463648e-01
1.289583333333333144e+02,-2.777116818038930512e-01
1.289791666666666572e+02,4.071906543559576375e-01
1.290000000000000000e+02,3.253878827235495708e-01
1.290208333333333144e+02,-2.912081237355486074e-01
1.290416666666666572e+02,-1.218705672832000736e-01
1.290625000000000000e+02,3.707000396463826508e-01
1.290833333333333144e+02,1.484728762495283183e-01
1.291041666666666572e+02,-4.655041937956155840e-01
1.291250000000000000e+02,-2.885328991488846362e-01
1.291458333333333144e+02,4.021312394192859685e-01
1.291666666666666572e+02,2.987198672755211892e-01
1.291875000000000000e+02,-3.197835661959297915e-01
1.292083333333333144e+02,-1.423144663708581503e-01
1.292291666666666572e+02,2.865501352091361920e-01
1.292500000000000000e+02,2.350173390653197136e-02
1.292708333333333144e+02,-5.911752258179884256e-01
1.292916666666666572e+02,-4.244474229006169885e-01
1.293125000000000000e+02,2.685948434078089808e-01
1.293333333333333144e+02,1.906654505242285913e-01
1.293541666666666572e+02,-4.271856628866005368e-01
1.293750000000000000e+02,-2.852064858372906353e-01
1.293958333333333144e+02,3.992461606326126455e-01
1.294166666666666572e+02,3.068750143522961382e-01
1.294375000000000000e+02,-3.173072805041341482e-01
1.294583333333333144e+02,-1.524219900273970363e-01
1.294791666666666572e+02,5.397967828706089488e-01
1.295000000000000000e+02,4.579841728440912085e-01
1.295208333333333144e+02,-1.581566571721510495e-01
1.295416666666666572e+02,-4.526792335446877535e-02
1.295625000000000000e+02,3.027791690845830219e-01
1.295833333333333144e+02,1.248721722818341151e-02
1.296041666666666572e+02,-4.093144249580813465e-01
1.296250000000000000e+02,-1.090275578400538847e-01
1.296458333333333144e+02,4.610852192431932339e-01
1.296666666666666572e+02,2.902142438970197191e-01
1.296875000000000000e+02,-3.238037437039529287e-01
1.297083333333333144e+02,-1.474210586407450618e-01
1.297291666666666572e+02,3.439749155141773596e-01
1.297500000000000000e+02,1.173774950149208129e-01
1.297708333333333144e+02,-4.956293214015747850e-01
1.297916666666666572e+02,-3.155812648774142248e-01
1.298125000000000000e+02,3.748119635982937181e-01
1.298333333333333144e+02,2.782473234228989289e-01
1.298541666666666572e+02,-3.344323847189069054e-01
1.298750000000000000e+02,-1.521670644257700489e-01
1.298958333333333144e+02,2.574182093746114619e-01
1.299166666666666572e+02,-2.768107619440715594e-02
1.299375000000000000e+02,-5.560554998502785784e-01
1.299583333333333144e+02,-3.165738823518875478e-01
1.299791666666666572e+02,3.732545548081137032e-01
1.300000000000000000e+02,2.744673220920673118e-01
1.300208333333333144e+02,-3.379503036548205386e-01
1.300416666666666572e+02,-1.549703216925167604e-01
1.300625000000000000e+02,4.449777871325115708e-01
1.300833333333333144e+02,2.870047569563382583e-01
1.301041666666666572e+02,-3.256096524827397087e-01
1.301250000000000000e+02,-1.437854989492801383e-01
1.301458333333333144e+02,3.339811512012016426e-01
1.301666666666666572e+02,9.622239150895377235e-02
1.301875000000000000e+02,-5.165634077006601155e-01
1.302083333333333144e+02,-3.368202020386392159e-01
1.302291666666666572e+02,3.539682428757021659e-01
1.302500000000000000e+02,2.605257277589950737e-01
1.302708333333333144e+02,-3.530933166065414186e-01
1.302916666666666572e+02,-1.769243567656501592e-01
1.303125000000000000e+02,5.142797732549042600e-01
1.303333333333333144e+02,4.240122067859115051e-01
1.303541666666666572e+02,-1.905380774906003660e-01
1.303750000000000000e+02,-1.994414566842031000e-01
1.303958333333333144e+02,2.720310053400308847e-01
1.304166666666666572e+02,1.191330897916187542e-01
1.304375000000000000e+02,-4.957445589133736563e-01
1.304583333333333144e+02,-3.263587541715228801e-01
1.304791666666666572e+02,3.666518747072311513e-01
1.305000000000000000e+02,2.837666677849914887e-01
1.305208333333333144e+02,-3.320379694234475432e-01
1.305416666666666572e+02,-1.667326577882820016e-01
1.305625000000000000e+02,4.229036879731877252e-01
1.305833333333333144e+02,2.747135607721072903e-01
1.306041666666666572e+02,-3.419202364508536762e-01
1.306250000000000000e+02,-1.810674630579978683e-01
1.306458333333333144e+02,3.511164162407749978e-01
1.306666666666666572e+02,1.691000352946140095e-01
1.306875000000000000e+02,-4.484350619887550460e-01
1.307083333333333144e+02,-2.999419422177576622e-01
1.307291666666666572e+02,3.912295119093909257e-01
1.307500000000000000e+02,3.191885064633976921e-01
1.307708333333333144e+02,-2.983620920460561265e-01
1.307916666666666572e+02,-1.449836716915803569e-01
1.308125000000000000e+02,2.086736171978625931e-01
1.308333333333333144e+02,-9.304230946908817468e-02
1.308541666666666572e+02,-4.476309101141464630e-01
1.308750000000000000e+02,-1.129037278690546708e-01
1.308958333333333144e+02,3.214540046231587622e-01
1.309166666666666572e+02,6.809728248332924672e-02
1.309375000000000000e+02,-5.470886486995442111e-01
1.309583333333333144e+02,-3.767886538545404118e-01
1.309791666666666572e+02,3.156354117959496719e-01
1.310000000000000000e+02,2.270788064104214965e-01
1.310208333333333144e+02,-3.870655754227586565e-01
1.310416666666666572e+02,-2.109004141535235632e-01
1.310625000000000000e+02,4.799494369599846544e-01
1.310833333333333144e+02,3.851610640468194346e-01
1.311041666666666572e+02,-2.281018648926856351e-01
1.311250000000000000e+02,-4.650529374351633494e-02
1.311458333333333144e+02,6.429557201586759696e-01
1.311666666666666572e+02,5.425488310432871053e-01
1.311875000000000000e+02,-6.992574451335567542e-02
1.312083333333333144e+02,-2.191476688281966678e-01
1.312291666666666572e+02,2.459984918696627720e-01
1.312500000000000000e+02,1.408098981019036688e-01
1.312708333333333144e+02,-4.699914115520781865e-01
1.312916666666666572e+02,-2.764952937425364521e-01
1.313125000000000000e+02,4.109324705195434024e-01
1.313333333333333144e+02,2.829039556728879523e-01
1.313541666666666572e+02,-3.380057361943387684e-01
1.313750000000000000e+02,-1.564052278043376321e-01
1.313958333333333144e+02,3.486503296927639384e-01
1.314166666666666572e+02,1.267737196488250284e-01
1.314375000000000000e+02,-4.882364756590024113e-01
1.314583333333333144e+02,-3.086046254113503640e-01
1.314791666666666572e+02,3.821397738715306969e-01
1.315000000000000000e+02,2.910967093693814234e-01
1.315208333333333144e+02,-3.231490042545638874e-01
1.315416666666666572e+02,-1.521493870410758342e-01
1.315625000000000000e+02,2.132247599961531181e-01
1.315833333333333144e+02,-8.661197710044180043e-02
1.316041666666666572e+02,-4.916518404311204793e-01
1.316250000000000000e+02,-1.969535787115077041e-01
1.316458333333333144e+02,4.289668572351975628e-01
1.316666666666666572e+02,3.117646201317760823e-01
1.316875000000000000e+02,-3.057603949466050630e-01
1.317083333333333144e+02,-1.484242911535542941e-01
1.317291666666666572e+02,2.412315350426110783e-01
1.317500000000000000e+02,-3.348546167418159358e-02
1.317708333333333144e+02,-5.482779212366296617e-01
1.317916666666666572e+02,-3.301739855368968080e-01
1.318125000000000000e+02,3.613090868193131744e-01
1.318333333333333144e+02,2.838730578282276373e-01
1.318541666666666572e+02,-3.320320617464884716e-01
1.318750000000000000e+02,-1.614068371805775781e-01
1.318958333333333144e+02,5.299489920623432493e-01
1.319166666666666572e+02,4.289937530160848889e-01
1.319375000000000000e+02,-1.878623496140575111e-01
1.319583333333333144e+02,-1.745603170027571205e-01
1.319791666666666572e+02,2.607396405518519478e-01
1.320000000000000000e+02,6.479330199956186143e-02
1.320208333333333144e+02,-5.463976233854657139e-01
1.320416666666666572e+02,-3.559676856788067112e-01
1.320625000000000000e+02,3.322316926376485680e-01
1.320833333333333144e+02,2.075064165669828209e-01
1.321041666666666572e+02,-4.142270483229471001e-01
1.321250000000000000e+02,-2.428048702192976693e-01
1.321458333333333144e+02,4.379976798594986676e-01
1.321666666666666572e+02,3.354822167581870684e-01
1.321875000000000000e+02,-2.808105025431937851e-01
1.322083333333333144e+02,-1.013684965903199620e-01
1.322291666666666572e+02,5.759877683555614247e-01
1.322500000000000000e+02,4.754398671866838511e-01
1.322708333333333144e+02,-1.393636590562195576e-01
1.322916666666666572e+02,-2.300492276216042908e-01
1.323125000000000000e+02,2.881730190511406775e-01
1.323333333333333144e+02,2.047091251075137952e-01
1.323541666666666572e+02,-4.111455219774291514e-01
1.323750000000000000e+02,-2.462990091449448471e-01
1.323958333333333144e+02,4.479046009171065990e-01
1.324166666666666572e+02,3.694057723017866168e-01
1.324375000000000000e+02,-2.489375831235114689e-01
1.324583333333333144e+02,-3.796871169142003177e-01
1.324791666666666572e+02,1.236412874019187508e-01
1.325000000000000000e+02,4.977972056291332659e-02
1.325208333333333144e+02,-5.684987207475336035e-01
1.325416666666666572e+02,-4.105105815866784691e-01
1.325625000000000000e+02,2.847868539920669351e-01
1.325833333333333144e+02,2.112974813256472961e-01
1.326041666666666572e+02,-4.059268830768859582e-01
1.326250000000000000e+02,-2.598760790491170258e-01
1.326458333333333144e+02,4.260731473352714072e-01
1.326666666666666572e+02,3.398995765788231926e-01
1.326875000000000000e+02,-2.772852465432341096e-01
1.327083333333333144e+02,-1.008111493746297604e-01
1.327291666666666572e+02,2.212254054885360310e-01
1.327500000000000000e+02,-1.296504076192870336e-01
1.327708333333333144e+02,-2.853576246128461946e-01
1.327916666666666572e+02,2.088702484747185228e-01
1.328125000000000000e+02,1.136130196539629766e-01
1.328333333333333144e+02,-5.119620224259234798e-01
1.328541666666666572e+02,-3.385481629758197442e-01
1.328750000000000000e+02,3.700530780390043351e-01
1.328958333333333144e+02,2.749648990240277091e-01
1.329166666666666572e+02,-3.444897327939967502e-01
1.329375000000000000e+02,-1.732684671912759211e-01
1.329583333333333144e+02,5.077632227627101313e-01
1.329791666666666572e+02,4.039175684987038051e-01
1.330000000000000000e+02,-2.113157187826613104e-01
1.330208333333333144e+02,-4.114886489159658850e-02
1.330416666666666572e+02,4.753296818654481060e-01
1.330625000000000000e+02,2.592497637229286833e-01
1.330833333333333144e+02,-3.563550432570468662e-01
1.331041666666666572e+02,-1.856197057935274619e-01
1.331250000000000000e+02,5.119197922049126825e-01
1.331458333333333144e+02,4.189115605669433973e-01
1.331666666666666572e+02,-1.897818808418179903e-01
1.331875000000000000e+02,-2.502150119353500624e-01
1.332083333333333144e+02,2.357974542963421349e-01
1.332291666666666572e+02,1.133433156416017995e-01
1.332500000000000000e+02,-5.148605373697090481e-01
1.332708333333333144e+02,-3.597045832140230992e-01
1.332916666666666572e+02,2.871303982902145835e-01
1.333125000000000000e+02,1.574893903698842412e-01
1.333333333333333144e+02,-5.102543437910179724e-01
1.333541666666666572e+02,-3.740594061197097253e-01
1.333750000000000000e+02,2.665088680730066106e-01
1.333958333333333144e+02,1.461433824117519265e-01
1.334166666666666572e+02,-5.074397813600524110e-01
1.334375000000000000e+02,-3.881059026486475272e-01
1.334583333333333144e+02,2.381310936274513845e-01
1.334791666666666572e+02,9.975452322974617814e-02
1.335000000000000000e+02,-2.651122039319696588e-01
1.335208333333333144e+02,5.433952983977269335e-02
1.335416666666666572e+02,4.816326837677932793e-01
1.335625000000000000e+02,1.866735055606820459e-01
1.335833333333333144e+02,-4.032630120359536052e-01
1.336041666666666572e+02,-2.455223391147949297e-01
1.336250000000000000e+02,3.666855948668350518e-01
1.336458333333333144e+02,1.960996334420085918e-01
1.336666666666666572e+02,-2.453413477389363440e-01
1.336875000000000000e+02,1.972888586818530299e-02
1.337083333333333144e+02,6.349018410064782847e-01
1.337291666666666572e+02,4.633755781230140536e-01
1.337500000000000000e+02,-2.358586123111010291e-01
1.337708333333333144e+02,-1.428882996199225264e-01
1.337916666666666572e+02,4.678120461747606318e-01
1.338125000000000000e+02,3.035744827764432774e-01
1.338333333333333144e+02,-3.697097176293908660e-01
1.338541666666666572e+02,-2.686159698703767251e-01
1.338750000000000000e+02,3.484427943526486326e-01
1.338958333333333144e+02,1.815465754848227253e-01
1.339166666666666572e+02,-5.098197597941541703e-01
1.339375000000000000e+02,-4.120160278869082759e-01
1.339583333333333144e+02,2.009586658369491019e-01
1.339791666666666572e+02,3.128438828530836352e-02
1.340000000000000000e+02,-2.834980661410274050e-01
1.340208333333333144e+02,6.093899211371828217e-02
1.340416666666666572e+02,2.616896748436563502e-01
1.340625000000000000e+02,-1.822506972028612726e-01
1.340833333333333144e+02,-9.863977084855565791e-02
1.341041666666666572e+02,4.917361775777584487e-01
1.341250000000000000e+02,3.130391561293912051e-01
1.341458333333333144e+02,-3.793186307393267009e-01
1.341666666666666572e+02,-3.021302527074630206e-01
1.341875000000000000e+02,3.147125465367340280e-01
1.342083333333333144e+02,1.649890722954519828e-01
1.342291666666666572e+02,-5.227682262923003531e-01
1.342500000000000000e+02,-4.432092708782993662e-01
1.342708333333333144e+02,1.726253285383455849e-01
1.342916666666666572e+02,1.826172005595030901e-02
1.343125000000000000e+02,-2.698611378763507984e-01
1.343333333333333144e+02,8.374292262811555698e-02
1.343541666666666572e+02,2.467573538635399188e-01
1.343750000000000000e+02,-2.344080185169237218e-01
1.343958333333333144e+02,-1.399610002070324488e-01
1.344166666666666572e+02,4.820840921451178263e-01
1.344375000000000000e+02,3.089986802898834206e-01
1.344583333333333144e+02,-3.966892985866336541e-01
1.344791666666666572e+02,-2.998095504343338824e-01
1.345000000000000000e+02,3.223946612104681142e-01
1.345208333333333144e+02,1.502535351215993353e-01
1.345416666666666572e+02,-4.372423270225562764e-01
1.345625000000000000e+02,-2.666346070477907393e-01
1.345833333333333144e+02,3.466823980289751583e-01
1.346041666666666572e+02,1.770774876386203289e-01
1.346250000000000000e+02,-2.964785003128061480e-01
1.346458333333333144e+02,-6.077482378607027003e-02
1.346666666666666572e+02,5.671272634830070158e-01
1.346875000000000000e+02,4.097107595689298831e-01
1.347083333333333144e+02,-2.421516026483238604e-01
1.347291666666666572e+02,-1.260355271397682886e-01
1.347500000000000000e+02,5.338734925992159042e-01
1.347708333333333144e+02,3.924282348109160434e-01
1.347916666666666572e+02,-2.528477452070094778e-01
1.348125000000000000e+02,-1.322634104466209326e-01
1.348333333333333144e+02,3.147658011277658652e-01
1.348541666666666572e+02,5.575963690130864014e-02
1.348750000000000000e+02,-5.711998864978563573e-01
1.348958333333333144e+02,-4.388630744640024117e-01
1.349166666666666572e+02,2.267803030558357968e-01
1.349375000000000000e+02,9.177667910911779803e-02
1.349583333333333144e+02,-5.470521481578606293e-01
1.349791666666666572e+02,-4.261538180493040784e-01
1.350000000000000000e+02,2.281479663293072557e-01
1.350208333333333144e+02,1.046615298748879708e-01
1.350416666666666572e+02,-3.842017099941714142e-01
1.350625000000000000e+02,-1.690878899114871270e-01
1.350833333333333144e+02,4.918748745793372068e-01
1.351041666666666572e+02,3.496185056162167681e-01
1.351250000000000000e+02,-3.040577854976325711e-01
1.351458333333333144e+02,-1.808506134033106283e-01
1.351666666666666572e+02,4.893081767335488164e-01
1.351875000000000000e+02,3.456394855697195179e-01
1.352083333333333144e+02,-3.123947842661392027e-01
1.352291666666666572e+02,-1.887707104512474088e-01
1.352500000000000000e+02,4.810952974425531936e-01
1.352708333333333144e+02,3.378581639482139409e-01
1.352916666666666572e+02,-3.152282854029121451e-01
1.353125000000000000e+02,-1.931165061372994152e-01
1.353333333333333144e+02,4.447487501215262595e-01
1.353541666666666572e+02,3.080646985020309980e-01
1.353750000000000000e+02,-3.223175857419118273e-01
1.353958333333333144e+02,-1.924316706833108515e-01
1.354166666666666572e+02,2.091731992628260706e-01
1.354375000000000000e+02,-1.068078699660523212e-01
1.354583333333333144e+02,-5.477096762828078669e-01
1.354791666666666572e+02,-2.932500459092077794e-01
1.355000000000000000e+02,3.522143133473136789e-01
1.355208333333333144e+02,2.254454410219330907e-01
1.355416666666666572e+02,-4.011639897339537297e-01
1.355625000000000000e+02,-2.741656104821492135e-01
1.355833333333333144e+02,3.866035096659891090e-01
1.356041666666666572e+02,2.460511999719799114e-01
1.356250000000000000e+02,-4.002455294562288768e-01
1.356458333333333144e+02,-2.811260077167131444e-01
1.356666666666666572e+02,3.742525583922163834e-01
1.356875000000000000e+02,2.520620192259520054e-01
1.357083333333333144e+02,-3.779073598165633707e-01
1.357291666666666572e+02,-2.511024164286820293e-01
1.357500000000000000e+02,4.142777186961152935e-01
1.357708333333333144e+02,2.723681106741117630e-01
1.357916666666666572e+02,-3.780723583525936737e-01
1.358125000000000000e+02,-2.557568191736413477e-01
1.358333333333333144e+02,4.073561881993558731e-01
1.358541666666666572e+02,2.671754665791117311e-01
1.358750000000000000e+02,-3.790190503634698338e-01
1.358958333333333144e+02,-2.577395647930312839e-01
1.359166666666666572e+02,3.912064432864864605e-01
1.359375000000000000e+02,2.558270022128132926e-01
1.359583333333333144e+02,-3.812213502522258102e-01
1.359791666666666572e+02,-2.595196613146925624e-01
1.360000000000000000e+02,4.035143200632412830e-01
1.360208333333333144e+02,2.611821172825871673e-01
1.360416666666666572e+02,-3.924721602470809256e-01
1.360625000000000000e+02,-2.692071569321417557e-01
1.360833333333333144e+02,3.996642395537282622e-01
1.361041666666666572e+02,2.566211289046754773e-01
1.361250000000000000e+02,-3.982158667383247641e-01
1.361458333333333144e+02,-2.752276314110697064e-01
1.361666666666666572e+02,3.900465984760155269e-01
1.361875000000000000e+02,2.507838481655794705e-01
1.362083333333333144e+02,-3.947918133525228912e-01
1.362291666666666572e+02,-2.736337916411697990e-01
1.362500000000000000e+02,3.735591176858334417e-01
1.362708333333333144e+02,2.416761910308217465e-01
1.362916666666666572e+02,-3.902145878916438160e-01
1.363125000000000000e+02,-2.689397361777275397e-01
1.363333333333333144e+02,3.909688680975524910e-01
1.363541666666666572e+02,2.493173966644011419e-01
1.363750000000000000e+02,-4.010349004854672494e-01
1.363958333333333144e+02,-2.784938770997400503e-01
1.364166666666666572e+02,3.868442450572840974e-01
1.364375000000000000e+02,2.446628515397828163e-01
1.364583333333333144e+02,-4.065071629893629579e-01
1.364791666666666572e+02,-2.841766734532966687e-01
1.365000000000000000e+02,3.774236174872121485e-01
1.365208333333333144e+02,2.382210775064113606e-01
1.365416666666666572e+02,-4.037986807346043427e-01
1.365625000000000000e+02,-2.833684680776796250e-01
1.365833333333333144e+02,3.543315181759598698e-01
1.366041666666666572e+02,2.087777385611252479e-01
1.366250000000000000e+02,-4.267394462379988651e-01
1.366458333333333144e+02,-3.067750590280875489e-01
1.366666666666666572e+02,3.449272059381688349e-01
1.366875000000000000e+02,2.053795259922778782e-01
1.367083333333333144e+02,-4.328096845902582035e-01
1.367291666666666572e+02,-3.130278319426343936e-01
1.367500000000000000e+02,3.227253409928723671e-01
1.367708333333333144e+02,1.946140866785684154e-01
1.367916666666666572e+02,-1.153649471385764791e-01
1.368125000000000000e+02,2.154965279513655629e-01
1.368333333333333144e+02,4.130123470690821308e-01
1.368541666666666572e+02,-3.454485056425298656e-02
1.368750000000000000e+02,1.005647574206478545e-01
1.368958333333333144e+02,4.735682622399329245e-01
1.369166666666666572e+02,1.746188133018479749e-01
1.369375000000000000e+02,-3.958784459008303780e-01
1.369583333333333144e+02,-2.098950026828590998e-01
1.369791666666666572e+02,4.346644491193064619e-01
1.370000000000000000e+02,3.268453967378769920e-01
1.370208333333333144e+02,-3.405414354588686687e-01
1.370416666666666572e+02,-2.240823743465233941e-01
1.370625000000000000e+02,4.453336637715217816e-01
1.370833333333333144e+02,3.542440793138704191e-01
1.371041666666666572e+02,-2.766329240786349342e-01
1.371250000000000000e+02,-1.276530598165751262e-01
1.371458333333333144e+02,4.047097181712040470e-01
1.371666666666666572e+02,2.182009330118750423e-01
1.371875000000000000e+02,-3.979183903873810824e-01
1.372083333333333144e+02,-2.297331395433240275e-01
1.372291666666666572e+02,3.235978648445532180e-01
1.372500000000000000e+02,1.422650984535094310e-01
1.372708333333333144e+02,-4.717548348410083303e-01
1.372916666666666572e+02,-2.936928757806989698e-01
1.373125000000000000e+02,2.861754243262432107e-01
1.373333333333333144e+02,1.137792584945527818e-01
1.373541666666666572e+02,-4.989023129998145234e-01
1.373750000000000000e+02,-3.120763944767742659e-01
1.373958333333333144e+02,2.741583046344245878e-01
1.374166666666666572e+02,9.587751521244770869e-02
1.374375000000000000e+02,-5.174496576806999482e-01
1.374583333333333144e+02,-3.252366338577308280e-01
1.374791666666666572e+02,3.626004447970113675e-01
1.375000000000000000e+02,2.531239937113426430e-01
1.375208333333333144e+02,-3.589527786300921175e-01
1.375416666666666572e+02,-2.147052438995917800e-01
1.375625000000000000e+02,1.193038478514740486e-01
1.375833333333333144e+02,-2.043667041359968906e-01
1.376041666666666572e+02,-3.451355523171724116e-01
1.376250000000000000e+02,1.537746497741329099e-01
1.376458333333333144e+02,6.002130215268594582e-02
1.376666666666666572e+02,-5.530452619787062929e-01
1.376875000000000000e+02,-3.833641652556803447e-01
1.377083333333333144e+02,2.875901938008354475e-01
1.377291666666666572e+02,1.863742139770580564e-01
1.377500000000000000e+02,-3.683286340754581278e-01
1.377708333333333144e+02,-1.700017389809878043e-01
1.377916666666666572e+02,5.138240427914302355e-01
1.378125000000000000e+02,4.226663205020697589e-01
1.378333333333333144e+02,-1.753310046290782187e-01
1.378541666666666572e+02,-8.735763572133459220e-03
1.378750000000000000e+02,6.508741266676134618e-01
1.378958333333333144e+02,5.497926944909710123e-01
1.379166666666666572e+02,-5.706941671518943326e-02
1.379375000000000000e+02,-3.737646063326147128e-03
1.379583333333333144e+02,3.755662646218352885e-01
1.379791666666666572e+02,1.301906441731429109e-01
1.380000000000000000e+02,-4.509803226116967378e-01
1.380208333333333144e+02,-2.813864363386933132e-01
1.380416666666666572e+02,3.847171344105942969e-01
1.380625000000000000e+02,2.881201556360806215e-01
1.380833333333333144e+02,-3.162512748517070094e-01
1.381041666666666572e+02,-1.467039343651536654e-01
1.381250000000000000e+02,5.497495548193929160e-01
1.381458333333333144e+02,4.559781500867072235e-01
1.381666666666666572e+02,-1.614264191541630589e-01
1.381875000000000000e+02,-3.365848717932377610e-01
1.382083333333333144e+02,1.378134754128007566e-01
1.382291666666666572e+02,4.328047201972173852e-02
1.382500000000000000e+02,-5.787220145948390737e-01
1.382708333333333144e+02,-4.055819088169014819e-01
1.382916666666666572e+02,3.012173291562713073e-01
1.383125000000000000e+02,2.063522538383457949e-01
1.383333333333333144e+02,-4.125823139044654253e-01
1.383541666666666572e+02,-2.410287243021418946e-01
1.383750000000000000e+02,4.388006367406113717e-01
1.383958333333333144e+02,3.338637240233209846e-01
1.384166666666666572e+02,-2.830200319541840703e-01
1.384375000000000000e+02,-2.026566334811737702e-01
1.384583333333333144e+02,2.043242037699516400e-01
1.384791666666666572e+02,-4.496057852343826600e-02
1.385000000000000000e+02,-5.935921019823977574e-01
1.385208333333333144e+02,-3.777469722572548427e-01
1.385416666666666572e+02,3.209980551955032846e-01
1.385625000000000000e+02,2.283104287989694003e-01
1.385833333333333144e+02,-3.813146613166732424e-01
1.386041666666666572e+02,-2.151381372475536791e-01
1.386250000000000000e+02,4.522942649124900849e-01
1.386458333333333144e+02,3.483520954595948349e-01
1.386666666666666572e+02,-2.782946382361077831e-01
1.386875000000000000e+02,-1.201775065884803650e-01
1.387083333333333144e+02,3.729935373209100069e-01
1.387291666666666572e+02,1.495113619482515421e-01
1.387500000000000000e+02,-5.110710865510269540e-01
1.387708333333333144e+02,-3.753609773361035185e-01
1.387916666666666572e+02,2.652820889125653281e-01
1.388125000000000000e+02,1.447242740221010293e-01
1.388333333333333144e+02,-4.532066005540430487e-01
1.388541666666666572e+02,-2.916909102478132398e-01
1.388750000000000000e+02,3.385634304970730479e-01
1.388958333333333144e+02,2.144115613995584146e-01
1.389166666666666572e+02,-3.005595056935773668e-01
1.389375000000000000e+02,-6.047296678949370952e-02
1.389583333333333144e+02,5.891714116411153057e-01
1.389791666666666572e+02,4.664534359021798582e-01
1.390000000000000000e+02,-1.977888232031315974e-01
1.390208333333333144e+02,-5.625373324095887806e-02
1.390416666666666572e+02,5.921150130684194046e-01
1.390625000000000000e+02,4.700691105271838088e-01
1.390833333333333144e+02,-1.876237643903722052e-01
1.391041666666666572e+02,-6.885650992150402216e-02
1.391250000000000000e+02,3.098767160931470421e-01
1.391458333333333144e+02,1.870809535330697493e-03
1.391666666666666572e+02,-5.058427120868487226e-01
1.391875000000000000e+02,-2.819681441171059122e-01
1.392083333333333144e+02,3.465005739724855705e-01
1.392291666666666572e+02,1.785277242802787712e-01
1.392500000000000000e+02,-4.960693974375110504e-01
1.392708333333333144e+02,-3.910015119231922132e-01
1.392916666666666572e+02,2.413725030559866203e-01
1.393125000000000000e+02,8.208383897396456796e-02
1.393333333333333144e+02,-4.881416779898556935e-01
1.393541666666666572e+02,-3.115192318397272397e-01
1.393750000000000000e+02,3.524117744020632270e-01
1.393958333333333144e+02,2.256441730329236117e-01
1.394166666666666572e+02,-4.113730973891339682e-01
1.394375000000000000e+02,-2.896118861043831538e-01
1.394583333333333144e+02,3.724170319710240484e-01
1.394791666666666572e+02,2.307261670500615758e-01
1.395000000000000000e+02,-4.186311270084442926e-01
1.395208333333333144e+02,-2.965773885276132837e-01
1.395416666666666572e+02,3.643464840007222261e-01
1.395625000000000000e+02,2.233957729705733364e-01
1.395833333333333144e+02,-2.236184691405530001e-01
1.396041666666666572e+02,2.765793889320203314e-02
1.396250000000000000e+02,6.667217940436407364e-01
1.396458333333333144e+02,5.229189735718382526e-01
1.396666666666666572e+02,-1.129166590860108121e-01
1.396875000000000000e+02,-1.633809817661710517e-02
1.397083333333333144e+02,3.425986868444937383e-01
1.397291666666666572e+02,1.625073641153079729e-02
1.397500000000000000e+02,-4.124305805353670196e-01
1.397708333333333144e+02,-1.498700084850874137e-01
1.397916666666666572e+02,4.719491586872881506e-01
1.398125000000000000e+02,3.214663520447136880e-01
1.398333333333333144e+02,-3.129209440140129361e-01
1.398541666666666572e+02,-1.916044519265852619e-01
1.398750000000000000e+02,2.330712014350720396e-01
1.398958333333333144e+02,-6.667774626046468756e-02
1.399166666666666572e+02,-6.437976539331689008e-01
1.399375000000000000e+02,-4.707208414690138842e-01
1.399583333333333144e+02,1.973439774061870045e-01
1.399791666666666572e+02,5.478609609898674182e-02
1.400000000000000000e+02,-5.959857618222615949e-01
1.400208333333333144e+02,-4.706718447039629494e-01
1.400416666666666572e+02,1.902331601429052554e-01
1.400625000000000000e+02,1.041608775090983041e-01
1.400833333333333144e+02,-2.377714610008055951e-01
1.401041666666666572e+02,6.135976468179921151e-02
1.401250000000000000e+02,4.613954882865318741e-01
1.401458333333333144e+02,1.640560893552342192e-01
1.401666666666666572e+02,-3.460891620402529734e-01
1.401875000000000000e+02,-1.428384937986579561e-01
1.402083333333333144e+02,5.180898231029155143e-01
1.402291666666666572e+02,3.759354330918143750e-01
1.402500000000000000e+02,-2.758817436342329010e-01
1.402708333333333144e+02,-1.533797899792624930e-01
1.402916666666666572e+02,5.126656085465977064e-01
1.403125000000000000e+02,3.700236421257300234e-01
1.403333333333333144e+02,-2.819237024953248905e-01
1.403541666666666572e+02,-1.597591658033822304e-01
1.403750000000000000e+02,5.020094404070351013e-01
1.403958333333333144e+02,3.670329614791960626e-01
1.404166666666666572e+02,-2.752350626267102696e-01
1.404375000000000000e+02,-1.560891676821662410e-01
1.404583333333333144e+02,3.188688191666974037e-01
1.404791666666666572e+02,7.170687473143139146e-02
1.405000000000000000e+02,-5.595902603381084361e-01
1.405208333333333144e+02,-4.387151640514738160e-01
1.405416666666666572e+02,2.181455185895823656e-01
1.405625000000000000e+02,7.762665302694066183e-02
1.405833333333333144e+02,-5.669276092718485982e-01
1.406041666666666572e+02,-4.453954592770680843e-01
1.406250000000000000e+02,2.121620225000963311e-01
1.406458333333333144e+02,7.593089763389937463e-02
1.406666666666666572e+02,-2.738595408727035885e-01
1.406875000000000000e+02,3.939936227762058651e-02
1.407083333333333144e+02,4.411378640469382217e-01
1.407291666666666572e+02,1.478064057717126678e-01
1.407500000000000000e+02,-3.751567995684934598e-01
1.407708333333333144e+02,-1.819278690280594080e-01
1.407916666666666572e+02,4.785205329367726024e-01
1.408125000000000000e+02,3.364265688401103516e-01
1.408333333333333144e+02,-3.160444667250861261e-01
1.408541666666666572e+02,-1.931250367891483577e-01
1.408750000000000000e+02,4.751952969710528385e-01
1.408958333333333144e+02,3.319443439366288051e-01
1.409166666666666572e+02,-3.236246670807625958e-01
1.409375000000000000e+02,-2.005614913719999393e-01
1.409583333333333144e+02,4.661865758339381882e-01
1.409791666666666572e+02,3.236630952778810633e-01
1.410000000000000000e+02,-3.257124146738310522e-01
1.410208333333333144e+02,-2.044557730552651886e-01
1.410416666666666572e+02,4.411810967624892332e-01
1.410625000000000000e+02,3.038388911525319314e-01
1.410833333333333144e+02,-3.311595960304337671e-01
1.411041666666666572e+02,-2.104654950527366231e-01
1.411250000000000000e+02,4.193738876783013048e-01
1.411458333333333144e+02,2.585527788723901987e-01
1.411666666666666572e+02,-3.895449301744531856e-01
1.411875000000000000e+02,-2.676090703310393115e-01
1.412083333333333144e+02,3.181691749880317666e-01
1.412291666666666572e+02,1.260850352864878177e-01
1.412500000000000000e+02,-5.201994515407440955e-01
1.412708333333333144e+02,-3.987219917673522351e-01
1.412916666666666572e+02,2.574393462964292834e-01
1.413125000000000000e+02,1.392326438189198101e-01
1.413333333333333144e+02,-4.873490295559096963e-01
1.413541666666666572e+02,-3.480391117097617615e-01
1.413750000000000000e+02,3.228639789596461362e-01
1.413958333333333144e+02,2.109378097693269116e-01
1.414166666666666572e+02,-4.145856649456973742e-01
1.414375000000000000e+02,-2.484894146194534248e-01
1.414583333333333144e+02,4.245391337486223438e-01
1.414791666666666572e+02,3.213326860313349687e-01
1.415000000000000000e+02,-3.032489300820817579e-01
1.415208333333333144e+02,-1.408887729808643574e-01
1.415416666666666572e+02,2.285214213687782048e-01
1.415625000000000000e+02,-8.128618508518938024e-02
1.415833333333333144e+02,-4.141110126603636532e-01
1.416041666666666572e+02,-5.796144209340461928e-02
1.416250000000000000e+02,2.832377013848462743e-01
1.416458333333333144e+02,-4.737751555913552459e-02
1.416666666666666572e+02,-2.943045721954896665e-01
1.416875000000000000e+02,1.203342914166543043e-01
1.417083333333333144e+02,1.140002475967829276e-01
1.417291666666666572e+02,-3.563468588854135088e-01
1.417500000000000000e+02,-1.229390172283519878e-01
1.417708333333333144e+02,5.686729540389612314e-01
1.417916666666666572e+02,4.782652448906307141e-01
1.418125000000000000e+02,-1.362435577117566687e-01
1.418333333333333144e+02,-2.729231141645294470e-02
1.418541666666666572e+02,3.098005655568537575e-01
1.418750000000000000e+02,9.541164352159819950e-03
1.418958333333333144e+02,-3.313813754357258223e-01
1.419166666666666572e+02,2.760472301087620733e-02
1.419375000000000000e+02,2.846808269077432119e-01
1.419583333333333144e+02,-9.554404098579025173e-02
1.419791666666666572e+02,-1.208014681662630541e-01
1.420000000000000000e+02,3.568329218021083493e-01
1.420208333333333144e+02,2.057836082111136888e-01
1.420416666666666572e+02,-4.014482562165302970e-01
1.420625000000000000e+02,-2.326870126736661493e-01
1.420833333333333144e+02,4.336462841971026050e-01
1.421041666666666572e+02,3.300932348127840754e-01
1.421250000000000000e+02,-2.818973109583034486e-01
1.421458333333333144e+02,-1.178480765916143647e-01
1.421666666666666572e+02,2.649670144267739502e-01
1.421875000000000000e+02,-3.008535934221007180e-02
1.422083333333333144e+02,-4.995089984508320757e-01
1.422291666666666572e+02,-2.451543233770316910e-01
1.422500000000000000e+02,4.192371597758072221e-01
1.422708333333333144e+02,3.163163615688887598e-01
1.422916666666666572e+02,-3.060394554149995505e-01
1.423125000000000000e+02,-1.463148892582774585e-01
1.423333333333333144e+02,2.638484197884981564e-01
1.423541666666666572e+02,-1.642106655668953974e-02
1.423750000000000000e+02,-5.604699067774427945e-01
1.423958333333333144e+02,-3.422361102321538340e-01
1.424166666666666572e+02,3.383397231525142601e-01
1.424375000000000000e+02,2.329874785605555998e-01
1.424583333333333144e+02,-3.981732535930400108e-01
1.424791666666666572e+02,-2.345683585004826321e-01
1.425000000000000000e+02,4.580055942077274067e-01
1.425208333333333144e+02,3.576159761493212241e-01
1.425416666666666572e+02,-2.594008419992585579e-01
1.425625000000000000e+02,-8.803209001861646288e-02
1.425833333333333144e+02,3.814869779697742658e-01
1.426041666666666572e+02,1.333776799427483506e-01
1.426250000000000000e+02,-4.809439684179903085e-01
1.426458333333333144e+02,-3.101691362271049579e-01
1.426666666666666572e+02,3.705966645153974115e-01
1.426875000000000000e+02,2.687703257235376508e-01
1.427083333333333144e+02,-3.430215991707362688e-01
1.427291666666666572e+02,-1.723004759994894441e-01
1.427500000000000000e+02,5.255181871633991531e-01
1.427708333333333144e+02,4.310640314328877398e-01
1.427916666666666572e+02,-1.836552789441305844e-01
1.428125000000000000e+02,-2.081900371031243369e-01
1.428333333333333144e+02,2.725019876654716233e-01
1.428541666666666572e+02,1.228245520286372072e-01
1.428750000000000000e+02,-4.864117871613873323e-01
1.428958333333333144e+02,-3.200604374466454738e-01
1.429166666666666572e+02,3.482194485951952134e-01
1.429375000000000000e+02,2.442279527684719787e-01
1.429583333333333144e+02,-3.844437643477138788e-01
1.429791666666666572e+02,-2.263006164261487374e-01
1.430000000000000000e+02,4.359705104890966298e-01
1.430208333333333144e+02,3.231046716089838178e-01
1.430416666666666572e+02,-3.398150328946885623e-01
1.430625000000000000e+02,-2.058527818101880125e-01
1.430833333333333144e+02,2.653340281138002466e-01
1.431041666666666572e+02,3.045568091407384326e-02
1.431250000000000000e+02,-6.246008934283533431e-01
1.431458333333333144e+02,-4.813676752578746054e-01
1.431666666666666572e+02,1.618587809301534897e-01
1.431875000000000000e+02,4.179935650366009559e-02
1.432083333333333144e+02,-3.237631169756435279e-01
1.432291666666666572e+02,2.358615222815552137e-03
1.432500000000000000e+02,4.359440032667760700e-01
1.432708333333333144e+02,1.790092943145821236e-01
1.432916666666666572e+02,-4.700668834647501182e-01
1.433125000000000000e+02,-3.210923741906639428e-01
1.433333333333333144e+02,3.289718853701260604e-01
1.433541666666666572e+02,2.066889073312072889e-01
1.433750000000000000e+02,-2.172331867133911742e-01
1.433958333333333144e+02,8.519561591230215281e-02
1.434166666666666572e+02,6.435877704874766181e-01
1.434375000000000000e+02,4.597267827378450633e-01
1.434583333333333144e+02,-2.026207695354170224e-01
1.434791666666666572e+02,-7.409174723368602833e-02
1.435000000000000000e+02,5.642062395210585279e-01
1.435208333333333144e+02,4.419572752644173597e-01
1.435416666666666572e+02,-2.213324634115262368e-01
1.435625000000000000e+02,-7.969413981548206793e-02
1.435833333333333144e+02,2.930519221667727825e-01
1.436041666666666572e+02,-1.463532579754706076e-02
1.436250000000000000e+02,-5.260222619117582710e-01
1.436458333333333144e+02,-2.826850774322565707e-01
1.436666666666666572e+02,3.658294605107323960e-01
1.436875000000000000e+02,2.443407910732471600e-01
1.437083333333333144e+02,-4.109941312276571557e-01
1.437291666666666572e+02,-2.885507548452861948e-01
1.437500000000000000e+02,3.414942645557934031e-01
1.437708333333333144e+02,2.076639605174552539e-01
1.437916666666666572e+02,-4.615368165717776971e-01
1.438125000000000000e+02,-3.251567574242893999e-01
1.438333333333333144e+02,3.171268513352745178e-01
1.438541666666666572e+02,1.961724179137153135e-01
1.438750000000000000e+02,-4.598647819425956129e-01
1.438958333333333144e+02,-3.363071871806636026e-01
1.439166666666666572e+02,2.948138361692689835e-01
1.439375000000000000e+02,1.713453278890301745e-01
1.439583333333333144e+02,-4.917605564529566875e-01
1.439791666666666572e+02,-3.494655156846723787e-01
1.440000000000000000e+02,3.024014326624641646e-01
1.440208333333333144e+02,1.797823146093030233e-01
1.440416666666666572e+02,-4.861537618481027723e-01
1.440625000000000000e+02,-3.434037510163445162e-01
1.440833333333333144e+02,3.079154919482551822e-01
1.441041666666666572e+02,1.859427225686541285e-01
1.441250000000000000e+02,-4.373694594956991644e-01
1.441458333333333144e+02,-2.842855027121729550e-01
1.441666666666666572e+02,3.514254120918072766e-01
1.441875000000000000e+02,2.302299474579403704e-01
1.442083333333333144e+02,-2.235564620190851060e-01
1.442291666666666572e+02,5.500685183482462159e-02
1.442500000000000000e+02,7.018815019030210101e-01
1.442708333333333144e+02,5.796125746262947853e-01
1.442916666666666572e+02,-8.044938419545681618e-02
1.443125000000000000e+02,5.052580203874380838e-02
1.443333333333333144e+02,3.355094363141138958e-01
1.443541666666666572e+02,-1.882677873856694606e-02
1.443750000000000000e+02,-2.133552858045621170e-01
1.443958333333333144e+02,2.281267154843790723e-01
1.444166666666666572e+02,8.088125480836375059e-02
1.444375000000000000e+02,-4.738098811883063588e-01
1.444583333333333144e+02,-2.854543333192843813e-01
1.444791666666666572e+02,3.768820236759061748e-01
1.445000000000000000e+02,2.373263518256948923e-01
1.445208333333333144e+02,-4.058115230115125760e-01
1.445416666666666572e+02,-2.828735151216710819e-01
1.445625000000000000e+02,3.809735233501516105e-01
1.445833333333333144e+02,2.515230762246442042e-01
1.446041666666666572e+02,-3.914407021219440397e-01
1.446250000000000000e+02,-2.764806798543127941e-01
1.446458333333333144e+02,3.890190322651878585e-01
1.446666666666666572e+02,2.666437304362312966e-01
1.446875000000000000e+02,-3.959640682779306253e-01
1.447083333333333144e+02,-2.968324071338239722e-01
1.447291666666666572e+02,3.550867198422471560e-01
1.447500000000000000e+02,2.152668474767429618e-01
1.447708333333333144e+02,-4.291679031880059614e-01
1.447916666666666572e+02,-3.106819173082849272e-01
1.448125000000000000e+02,3.536630654764393311e-01
1.448333333333333144e+02,2.275758374856046151e-01
1.448541666666666572e+02,-4.213532769927911259e-01
1.448750000000000000e+02,-3.074465706548593635e-01
1.448958333333333144e+02,3.564943719485565987e-01
1.449166666666666572e+02,2.184326381481745405e-01
1.449375000000000000e+02,-4.241035642332299793e-01
1.449583333333333144e+02,-2.928523858396087642e-01
1.449791666666666572e+02,3.680510590454755260e-01
1.450000000000000000e+02,2.171687688571658503e-01
1.450208333333333144e+02,-4.229466030305819579e-01
1.450416666666666572e+02,-2.754447179085071085e-01
1.450625000000000000e+02,3.728340391089342010e-01
1.450833333333333144e+02,2.066397809184180312e-01
1.451041666666666572e+02,-4.393095791606854150e-01
1.451250000000000000e+02,-3.060687279571910890e-01
1.451458333333333144e+02,3.548126161015342506e-01
1.451666666666666572e+02,2.088386396600884487e-01
1.451875000000000000e+02,-3.271705490765108304e-01
1.452083333333333144e+02,-1.283427678204573652e-01
1.452291666666666572e+02,5.342296642786982241e-01
1.452500000000000000e+02,3.969773768778931400e-01
1.452708333333333144e+02,-2.469592078521153367e-01
1.452916666666666572e+02,-1.278794918051471829e-01
1.453125000000000000e+02,5.366647001570534758e-01
1.453333333333333144e+02,4.157333684960989317e-01
1.453541666666666572e+02,-2.420158157372556684e-01
1.453750000000000000e+02,-1.403291548586864668e-01
1.453958333333333144e+02,5.162661425859118580e-01
1.454166666666666572e+02,3.786411312029546727e-01
1.454375000000000000e+02,-2.657272561674252631e-01
1.454583333333333144e+02,-1.706346952679286821e-01
1.454791666666666572e+02,2.168535583030175018e-01
1.455000000000000000e+02,-9.202908344907206883e-02
1.455208333333333144e+02,-5.641252229308012511e-01
1.455416666666666572e+02,-3.247563519451180936e-01
1.455625000000000000e+02,3.381203858443719845e-01
1.455833333333333144e+02,1.988809619613024771e-01
1.456041666666666572e+02,-4.439703125040431742e-01
1.456250000000000000e+02,-3.170359563467141095e-01
1.456458333333333144e+02,3.444270890799128737e-01
1.456666666666666572e+02,2.143371329322400487e-01
1.456875000000000000e+02,-4.209996102682916908e-01
1.457083333333333144e+02,-2.913457087702981951e-01
1.457291666666666572e+02,3.729322799303111946e-01
1.457500000000000000e+02,2.312227549772732926e-01
1.457708333333333144e+02,-4.112483616692191868e-01
1.457916666666666572e+02,-2.817621459373956250e-01
1.458125000000000000e+02,3.801108330917732370e-01
1.458333333333333144e+02,2.364295216202238481e-01
1.458541666666666572e+02,-4.055590955815659981e-01
1.458750000000000000e+02,-2.743842176105661945e-01
1.458958333333333144e+02,3.651327774296740936e-01
1.459166666666666572e+02,2.053363264587715342e-01
1.459375000000000000e+02,-4.362877059904758381e-01
1.459583333333333144e+02,-3.038328513682067022e-01
1.459791666666666572e+02,3.539515042138040579e-01
1.460000000000000000e+02,2.062675651183888403e-01
1.460208333333333144e+02,-4.355024360525178717e-01
1.460416666666666572e+02,-3.057244704070551378e-01
1.460625000000000000e+02,3.565904921435888442e-01
1.460833333333333144e+02,2.164996045595893037e-01
1.461041666666666572e+02,-4.262405229916171323e-01
1.461250000000000000e+02,-3.019674094717244017e-01
1.461458333333333144e+02,3.616040190255999653e-01
1.461666666666666572e+02,2.384236837086480543e-01
1.461875000000000000e+02,-3.987775989793427289e-01
1.462083333333333144e+02,-2.728418709697756350e-01
1.462291666666666572e+02,3.983583048943883931e-01
1.462500000000000000e+02,2.691425837244294517e-01
1.462708333333333144e+02,-3.760872290019920960e-01
1.462916666666666572e+02,-2.621991554224220589e-01
1.463125000000000000e+02,4.035788810077260425e-01
1.463333333333333144e+02,2.803456428622663199e-01
1.463541666666666572e+02,-3.646961558952626081e-01
1.463750000000000000e+02,-2.556174171228789427e-01
1.463958333333333144e+02,4.111481826247871951e-01
1.464166666666666572e+02,2.920597277290801763e-01
1.464375000000000000e+02,-3.214412852462054659e-01
1.464583333333333144e+02,-1.907011630409827518e-01
1.464791666666666572e+02,4.443631516422102967e-01
1.465000000000000000e+02,2.948058891896356837e-01
1.465208333333333144e+02,-2.539414448056808715e-01
1.465416666666666572e+02,-6.713138324117294553e-02
1.465625000000000000e+02,5.495394282989389811e-01
1.465833333333333144e+02,3.709662607524393807e-01
1.466041666666666572e+02,-3.195546377124134363e-01
1.466250000000000000e+02,-2.183240412371616479e-01
1.466458333333333144e+02,3.946067290706293251e-01
1.466666666666666572e+02,2.058029262591945241e-01
1.466875000000000000e+02,-2.490470636201262966e-01
1.467083333333333144e+02,2.638223385374960372e-02
1.467291666666666572e+02,5.933109615720978391e-01
1.467500000000000000e+02,3.702813247655669660e-01
1.467708333333333144e+02,-3.196097326313234732e-01
1.467916666666666572e+02,-2.239949385385147096e-01
1.468125000000000000e+02,3.898870643017288140e-01
1.468333333333333144e+02,2.334188135180613743e-01
1.468541666666666572e+02,-4.487406476734575045e-01
1.468750000000000000e+02,-3.482651339923231171e-01
1.468958333333333144e+02,2.737171101569394471e-01
1.469166666666666572e+02,1.018225710602134737e-01
1.469375000000000000e+02,-5.906092243626543947e-01
1.469583333333333144e+02,-5.072202810007779838e-01
1.469791666666666572e+02,1.092630746082653426e-01
1.470000000000000000e+02,1.133779598281436235e-02
1.470208333333333144e+02,-3.677964803740774169e-01
1.470416666666666572e+02,-9.563013177766881145e-02
1.470625000000000000e+02,4.390866014477127766e-01
1.470833333333333144e+02,2.110108788088818632e-01
1.471041666666666572e+02,-4.813349845530404680e-01
1.471250000000000000e+02,-3.939976490825936595e-01
1.471458333333333144e+02,2.210331490365444462e-01
1.471666666666666572e+02,4.905970508615031811e-02
1.471875000000000000e+02,-2.921001422819252680e-01
1.472083333333333144e+02,2.937127754447677042e-02
1.472291666666666572e+02,4.015363360377188773e-01
1.472500000000000000e+02,6.841191676846010428e-02
1.472708333333333144e+02,-3.128319598920661360e-01
1.472916666666666572e+02,-2.016977959961721578e-02
1.473125000000000000e+02,4.921860698974197534e-01
1.473333333333333144e+02,2.700891240184391529e-01
1.473541666666666572e+02,-4.132896100231158165e-01
1.473750000000000000e+02,-3.157533042692223235e-01
1.473958333333333144e+02,3.035641277433558383e-01
1.474166666666666572e+02,1.250234992062951855e-01
1.474375000000000000e+02,-3.635194890845303561e-01
1.474583333333333144e+02,-1.325778925715689061e-01
1.474791666666666572e+02,4.800862191092040709e-01
1.475000000000000000e+02,2.970770890023199939e-01
1.475208333333333144e+02,-3.927371232991581085e-01
1.475416666666666572e+02,-2.912191907483172582e-01
1.475625000000000000e+02,3.217360029124265997e-01
1.475833333333333144e+02,1.357149189519487043e-01
1.476041666666666572e+02,-3.061834127364014280e-01
1.476250000000000000e+02,-3.524722341814201521e-02
1.476458333333333144e+02,5.784719868222651940e-01
1.476666666666666572e+02,3.920422795869664134e-01
1.476875000000000000e+02,-2.975315304695499985e-01
1.477083333333333144e+02,-1.986076643270011655e-01
1.477291666666666572e+02,4.139119711229207743e-01
1.477500000000000000e+02,2.331382982470834031e-01
1.477708333333333144e+02,-4.572402716015845359e-01
1.477916666666666572e+02,-3.635544416112632127e-01
1.478125000000000000e+02,2.503161420051671637e-01
1.478333333333333144e+02,7.554394556580626419e-02
1.478541666666666572e+02,-4.830026433010219944e-01
1.478750000000000000e+02,-3.067602610109729233e-01
1.478958333333333144e+02,3.082935802647336354e-01
1.479166666666666572e+02,1.399145675747278383e-01
1.479375000000000000e+02,-4.417022153877643853e-01
1.479583333333333144e+02,-2.868833970173892967e-01
1.479791666666666572e+02,3.295438180282364016e-01
1.480000000000000000e+02,1.685678547588049248e-01
1.480208333333333144e+02,-3.142908204712666076e-01
1.480416666666666572e+02,-1.007879766310534331e-01
1.480625000000000000e+02,5.170336609174919218e-01
1.480833333333333144e+02,3.775864185015088692e-01
1.481041666666666572e+02,-3.101037317253161341e-01
1.481250000000000000e+02,-2.389843039689468207e-01
1.481458333333333144e+02,3.780749865107386198e-01
1.481666666666666572e+02,2.153379256559374011e-01
1.481875000000000000e+02,-4.512699248217202919e-01
1.482083333333333144e+02,-3.461199635173728972e-01
1.482291666666666572e+02,2.699703171863716000e-01
1.482500000000000000e+02,2.200143413373799872e-01
1.482708333333333144e+02,-2.043386470405375577e-01
1.482916666666666572e+02,1.589447866978530022e-02
1.483125000000000000e+02,6.268274868961736246e-01
1.483333333333333144e+02,4.421040166752035483e-01
1.483541666666666572e+02,-2.481886202795486884e-01
1.483750000000000000e+02,-1.499346209529348051e-01
1.483958333333333144e+02,4.623114599945918335e-01
1.484166666666666572e+02,2.781665558940137339e-01
1.484375000000000000e+02,-4.113124477260668987e-01
1.484583333333333144e+02,-3.023875902905980850e-01
1.484791666666666572e+02,3.156166723838110810e-01
1.485000000000000000e+02,1.352761864047638540e-01
1.485208333333333144e+02,-5.556548393863846025e-01
1.485416666666666572e+02,-4.662191936116480973e-01
1.485625000000000000e+02,1.492574610887359710e-01
1.485833333333333144e+02,-1.179407793724063583e-02
1.486041666666666572e+02,-4.136158264403751450e-01
1.486250000000000000e+02,-1.432824338054838886e-01
1.486458333333333144e+02,4.734730793281209382e-01
1.486666666666666572e+02,3.184591886535337868e-01
1.486875000000000000e+02,-3.734377419702988865e-01
1.487083333333333144e+02,-2.987466773252789309e-01
1.487291666666666572e+02,3.184823981630320322e-01
1.487500000000000000e+02,1.586449442815079935e-01
1.487708333333333144e+02,-5.357074218112063413e-01
1.487916666666666572e+02,-4.591246087052742730e-01
1.488125000000000000e+02,1.580419300036549068e-01
1.488333333333333144e+02,2.034229238244822380e-01
1.488541666666666572e+02,-3.078985779352162999e-01
1.488750000000000000e+02,-1.937740946052528002e-01
1.488958333333333144e+02,4.206414970097591688e-01
1.489166666666666572e+02,2.415785302014736846e-01
1.489375000000000000e+02,-3.864529531709753885e-01
1.489583333333333144e+02,-2.202607663878189959e-01
1.489791666666666572e+02,4.047828849550789698e-01
1.490000000000000000e+02,2.431346810412021719e-01
1.490208333333333144e+02,-2.122344811673485543e-01
1.490416666666666572e+02,8.450377455500532320e-02
1.490625000000000000e+02,6.831046062411838538e-01
1.490833333333333144e+02,5.199243471491707957e-01
1.491041666666666572e+02,-1.230112936016688752e-01
1.491250000000000000e+02,3.308290568535138254e-02
1.491458333333333144e+02,3.248904669310689330e-01
1.491666666666666572e+02,-3.708353728816282668e-02
1.491875000000000000e+02,-2.836625174101738978e-01
1.492083333333333144e+02,1.385210038671386978e-01
1.492291666666666572e+02,-3.584726274611149677e-03
1.492500000000000000e+02,-4.011206631299106817e-01
1.492708333333333144e+02,-1.108078824273291824e-01
1.492916666666666572e+02,3.988549500861971464e-01
1.493125000000000000e+02,1.743522452433427794e-01
1.493333333333333144e+02,-4.565681874568023879e-01
1.493541666666666572e+02,-3.360106655309340051e-01
1.493750000000000000e+02,3.201393504581312444e-01
1.493958333333333144e+02,1.797713732293320654e-01
1.494166666666666572e+02,-4.654548991389220736e-01
1.494375000000000000e+02,-3.460725252442153899e-01
1.494583333333333144e+02,3.089459445500243318e-01
1.494791666666666572e+02,1.739595472770670281e-01
1.495000000000000000e+02,-4.613262351561441821e-01
1.495208333333333144e+02,-3.414594362417763818e-01
1.495416666666666572e+02,3.076963516866692006e-01
1.495625000000000000e+02,1.926119467958342102e-01
1.495833333333333144e+02,-4.279873408492559927e-01
1.496041666666666572e+02,-2.819585753466863354e-01
1.496250000000000000e+02,3.909067603078516528e-01
1.496458333333333144e+02,2.988448768763569685e-01
1.496666666666666572e+02,-3.188466417687598753e-01
1.496875000000000000e+02,-1.517126284163161920e-01
1.497083333333333144e+02,5.479702129267863819e-01
1.497291666666666572e+02,4.537888291837479660e-01
1.497500000000000000e+02,-1.610481453398734941e-01
1.497708333333333144e+02,-1.745536612708541713e-01
1.497916666666666572e+02,2.802332564260377468e-01
1.498125000000000000e+02,1.087320658814497076e-01
1.498333333333333144e+02,-5.034018261095499769e-01
1.498541666666666572e+02,-3.332076282400059375e-01
1.498750000000000000e+02,3.633291670912038307e-01
1.498958333333333144e+02,2.712057487601414185e-01
1.499166666666666572e+02,-3.377788270443279339e-01
1.499375000000000000e+02,-1.777803938960532681e-01
1.499583333333333144e+02,4.255858669666702787e-01
1.499791666666666572e+02,2.795936352279854153e-01
1.500000000000000000e+02,-3.315599396242210339e-01
1.500208333333333144e+02,-1.609009696625684216e-01
1.500416666666666572e+02,2.848933875997517462e-01
1.500625000000000000e+02,2.088452157760702088e-02
1.500833333333333144e+02,-5.988390333205194649e-01
1.501041666666666572e+02,-4.260924316421434432e-01
1.501250000000000000e+02,2.805975965204234868e-01
1.501458333333333144e+02,1.859086961631071788e-01
1.501666666666666572e+02,-4.348498678993273359e-01
1.501875000000000000e+02,-2.626908259621588693e-01
1.502083333333333144e+02,4.395212201374575356e-01
1.502291666666666572e+02,3.453756788466588734e-01
1.502500000000000000e+02,-2.672034514511970049e-01
1.502708333333333144e+02,-1.019996919085090215e-01
1.502916666666666572e+02,5.320702691364824766e-01
1.503125000000000000e+02,4.049494971194412818e-01
1.503333333333333144e+02,-2.184734984161658955e-01
1.503541666666666572e+02,-5.816715403012324981e-02
1.503750000000000000e+02,2.400452072792182978e-01
1.503958333333333144e+02,-1.139924994708965411e-01
1.504166666666666572e+02,-2.576185843035132539e-01
1.504375000000000000e+02,2.231982772383561131e-01
1.504583333333333144e+02,1.373565089508567705e-01
1.504791666666666572e+02,-4.778249867280677798e-01
1.505000000000000000e+02,-3.098299397298406865e-01
1.505208333333333144e+02,3.836319458028968898e-01
1.505416666666666572e+02,3.001884868925376315e-01
1.505625000000000000e+02,-3.180764977275951644e-01
1.505833333333333144e+02,-1.716672796547450974e-01
1.506041666666666572e+02,4.984227043832764048e-01
1.506250000000000000e+02,3.928534373541247016e-01
1.506458333333333144e+02,-2.299306806310180695e-01
1.506666666666666572e+02,-2.132882388914538185e-01
1.506875000000000000e+02,2.343151366778695732e-01
1.507083333333333144e+02,5.261443161747017538e-02
1.507291666666666572e+02,-5.615367412156818672e-01
1.507500000000000000e+02,-3.883654149369786257e-01
1.507708333333333144e+02,3.037266444801136611e-01
1.507916666666666572e+02,2.156406892081449977e-01
1.508125000000000000e+02,-3.987166115062608096e-01
1.508333333333333144e+02,-2.309013121778157318e-01
1.508541666666666572e+02,4.576397018402127426e-01
1.508750000000000000e+02,3.667683996807504787e-01
1.508958333333333144e+02,-2.469256543725883435e-01
1.509166666666666572e+02,-8.253799511954471035e-02
1.509375000000000000e+02,2.129968204616943805e-01
1.509583333333333144e+02,-1.412403296474555592e-01
1.509791666666666572e+02,-2.466233071625055229e-01
1.510000000000000000e+02,2.756338239206604923e-01
1.510208333333333144e+02,1.807731639270633295e-01
1.510416666666666572e+02,-4.418431329348296299e-01
1.510625000000000000e+02,-2.690894720564626086e-01
1.510833333333333144e+02,4.365737860806248039e-01
1.511041666666666572e+02,3.417853675477652842e-01
1.511250000000000000e+02,-2.752542363915367885e-01
1.511458333333333144e+02,-1.045798636609596155e-01
1.511666666666666572e+02,2.592723873074155305e-01
1.511875000000000000e+02,-5.363890742878208578e-02
1.512083333333333144e+02,-4.225303807953597612e-01
1.512291666666666572e+02,-8.740400235307141386e-02
1.512500000000000000e+02,3.291268558061021254e-01
1.512708333333333144e+02,3.749547283649597162e-02
1.512916666666666572e+02,-5.002617588053999143e-01
1.513125000000000000e+02,-2.813948466133574522e-01
1.513333333333333144e+02,3.571886037434752748e-01
1.513541666666666572e+02,2.352042107919032343e-01
1.513750000000000000e+02,-4.274618887492325214e-01
1.513958333333333144e+02,-2.851989381622460074e-01
1.514166666666666572e+02,3.640862230106317043e-01
1.514375000000000000e+02,2.422663392111606973e-01
1.514583333333333144e+02,-3.904071161015173486e-01
1.514791666666666572e+02,-2.314214698181571439e-01
1.515000000000000000e+02,4.100309186942838191e-01
1.515208333333333144e+02,2.900585440381030500e-01
1.515416666666666572e+02,-2.706403936128019549e-01
1.515625000000000000e+02,-7.553244894614732918e-02
1.515833333333333144e+02,5.581732751488501787e-01
1.516041666666666572e+02,4.383599428283516675e-01
1.516250000000000000e+02,-2.127105774449922770e-01
1.516458333333333144e+02,-7.357163828488016977e-02
1.516666666666666572e+02,5.658935683993363552e-01
1.516875000000000000e+02,4.470227455274506934e-01
1.517083333333333144e+02,-1.949493771037252854e-01
1.517291666666666572e+02,-5.921637807701440881e-02
1.517500000000000000e+02,3.740644000437303718e-01
1.517708333333333144e+02,1.204275546425667143e-01
1.517916666666666572e+02,-5.377746457144583214e-01
1.518125000000000000e+02,-3.959661809160645030e-01
1.518333333333333144e+02,2.558227785857635772e-01
1.518541666666666572e+02,1.338464795374390282e-01
1.518750000000000000e+02,-5.330847542986275611e-01
1.518958333333333144e+02,-3.900776280961563702e-01
1.519166666666666572e+02,2.646194457905941544e-01
1.519375000000000000e+02,1.418228452482254709e-01
1.519583333333333144e+02,-5.241571169828439514e-01
1.519791666666666572e+02,-3.872653100583086094e-01
1.520000000000000000e+02,2.592762276718253989e-01
1.520208333333333144e+02,1.374063650795641911e-01
1.520416666666666572e+02,-3.145888927568771254e-01
1.520625000000000000e+02,-4.191380420509530080e-02
1.520833333333333144e+02,5.989672479837674368e-01
1.521041666666666572e+02,4.768919439526800308e-01
1.521250000000000000e+02,-1.843338158392787696e-01
1.521458333333333144e+02,-4.328161030064413273e-02
1.521666666666666572e+02,3.261112127357821411e-01
1.521875000000000000e+02,2.025254418167160564e-02
1.522083333333333144e+02,-4.612744247032097844e-01
1.522291666666666572e+02,-2.235206334507270354e-01
1.522500000000000000e+02,4.072609595027624207e-01
1.522708333333333144e+02,2.708916705970882410e-01
1.522916666666666572e+02,-4.018388466094100497e-01
1.523125000000000000e+02,-2.716961147561265388e-01
1.523333333333333144e+02,3.691721667173337162e-01
1.523541666666666572e+02,2.470184271650465169e-01
1.523750000000000000e+02,-4.170509046410484366e-01
1.523958333333333144e+02,-2.747932370666269497e-01
1.524166666666666572e+02,3.766125744261851205e-01
1.524375000000000000e+02,2.542924914537005310e-01
1.524583333333333144e+02,-4.084871052353985510e-01
1.524791666666666572e+02,-2.709112994822266418e-01
1.525000000000000000e+02,3.728902118121693032e-01
1.525208333333333144e+02,2.517463565203904574e-01
1.525416666666666572e+02,-4.045710985553059302e-01
1.525625000000000000e+02,-2.849520780252564611e-01
1.525833333333333144e+02,3.437539395232721562e-01
1.526041666666666572e+02,2.055149771988421525e-01
1.526250000000000000e+02,-4.607691813185648688e-01
1.526458333333333144e+02,-3.367005487855196377e-01
1.526666666666666572e+02,2.961691262191283869e-01
1.526875000000000000e+02,1.543479573366067781e-01
1.527083333333333144e+02,-5.226666669727770831e-01
1.527291666666666572e+02,-4.169030203893469011e-01
1.527500000000000000e+02,2.089532958854791733e-01
1.527708333333333144e+02,3.809061683252937258e-02
1.527916666666666572e+02,-2.732524075310049927e-01
1.528125000000000000e+02,7.858007846670617136e-02
1.528333333333333144e+02,3.638915786490853899e-01
1.528541666666666572e+02,-2.298546416244209856e-02
1.528750000000000000e+02,-2.962574944460569237e-02
1.528958333333333144e+02,4.697555492021934787e-01
1.529166666666666572e+02,2.703991993802055682e-01
1.529375000000000000e+02,-4.172943872000340337e-01
1.529583333333333144e+02,-3.308446468384802497e-01
1.529791666666666572e+02,2.842260548115614904e-01
1.530000000000000000e+02,1.149610436010470582e-01
1.530208333333333144e+02,-1.829757652993513894e-01
1.530416666666666572e+02,1.627662517217255411e-01
1.530625000000000000e+02,3.391500196266055145e-01
1.530833333333333144e+02,-1.067886698143286905e-01
1.531041666666666572e+02,-8.930756525472219320e-03
1.531250000000000000e+02,5.422222128672665731e-01
1.531458333333333144e+02,3.376626633592890725e-01
1.531666666666666572e+02,-3.498368803836007235e-01
1.531875000000000000e+02,-2.553746150264978865e-01
1.532083333333333144e+02,3.523725128159718722e-01
1.532291666666666572e+02,1.832844849078803240e-01
1.532500000000000000e+02,-4.918230810312784751e-01
1.532708333333333144e+02,-3.895239059568038620e-01
1.532916666666666572e+02,2.247375866153193125e-01
1.533125000000000000e+02,5.536541565591333175e-02
1.533333333333333144e+02,-2.848053962819600549e-01
1.533541666666666572e+02,5.085796776203450886e-02
1.533750000000000000e+02,3.488068911124021509e-01
1.533958333333333144e+02,-3.962117650208964170e-02
1.534166666666666572e+02,-1.853774536328053335e-01
1.534375000000000000e+02,2.851845163555655760e-01
1.534583333333333144e+02,1.276475856524160735e-01
1.534791666666666572e+02,-5.307286494775904639e-01
1.535000000000000000e+02,-4.297749215878493567e-01
1.535208333333333144e+02,1.912926599332833710e-01
1.535416666666666572e+02,2.228524553226514660e-01
1.535625000000000000e+02,-3.202662721332681928e-01
1.535833333333333144e+02,-2.080164348009420627e-01
1.536041666666666572e+02,4.175399927844050119e-01
1.536250000000000000e+02,2.572565783334727074e-01
1.536458333333333144e+02,-4.313523585578502573e-01
1.536666666666666572e+02,-3.455881640406128774e-01
1.536875000000000000e+02,2.687938979409350004e-01
1.537083333333333144e+02,3.009573699875734976e-01
1.537291666666666572e+02,-2.051624375077864826e-01
1.537500000000000000e+02,-7.815391649589747969e-02
1.537708333333333144e+02,5.338110926080033014e-01
1.537916666666666572e+02,3.469541266131547785e-01
1.538125000000000000e+02,-3.416924953745910654e-01
1.538333333333333144e+02,-2.201145842750591164e-01
1.538541666666666572e+02,4.001144650134101366e-01
1.538750000000000000e+02,2.148080138459819710e-01
1.538958333333333144e+02,-3.850989868793341930e-01
1.539166666666666572e+02,-2.290540020804177346e-01
1.539375000000000000e+02,3.840982704397185032e-01
1.539583333333333144e+02,2.073652341632158114e-01
1.539791666666666572e+02,-3.894160250245576327e-01
1.540000000000000000e+02,-2.395673794949849944e-01
1.540208333333333144e+02,3.763617826755587537e-01
1.540416666666666572e+02,2.268173294404736695e-01
1.540625000000000000e+02,-4.186627603175050449e-01
1.540833333333333144e+02,-2.967109310779696418e-01
1.541041666666666572e+02,3.257928140762488267e-01
1.541250000000000000e+02,1.549704670607977008e-01
1.541458333333333144e+02,-2.425557130677365725e-01
1.541666666666666572e+02,3.774658502397446741e-02
1.541875000000000000e+02,5.219233417209726555e-01
1.542083333333333144e+02,2.827716435950322071e-01
1.542291666666666572e+02,-4.016025883063165658e-01
1.542500000000000000e+02,-3.103981747931023327e-01
1.542708333333333144e+02,3.076496562325500839e-01
1.542916666666666572e+02,1.320615739718229709e-01
1.543125000000000000e+02,-4.654899738850685198e-01
1.543333333333333144e+02,-3.082948609022293507e-01
1.543541666666666572e+02,3.046717832316517827e-01
1.543750000000000000e+02,1.219759858352039150e-01
1.543958333333333144e+02,-3.651564034964911998e-01
1.544166666666666572e+02,-1.235352301492270849e-01
1.544375000000000000e+02,4.918829495576236832e-01
1.544583333333333144e+02,3.065361361936548290e-01
1.544791666666666572e+02,-3.832582928897128594e-01
1.545000000000000000e+02,-2.851041827471166856e-01
1.545208333333333144e+02,3.278153161957214623e-01
1.545416666666666572e+02,1.478993454107480621e-01
1.545625000000000000e+02,-5.203312449890263869e-01
1.545833333333333144e+02,-4.123712531625206013e-01
1.546041666666666572e+02,2.018018316805997026e-01
1.546250000000000000e+02,1.964759201043891068e-01
1.546458333333333144e+02,-2.552282620765571330e-01
1.546666666666666572e+02,-8.300930738122924701e-02
1.546875000000000000e+02,5.318510361036494771e-01
1.547083333333333144e+02,3.626479305012525467e-01
1.547291666666666572e+02,-3.307110389323463795e-01
1.547500000000000000e+02,-2.492069511393563697e-01
1.547708333333333144e+02,3.670462786407315825e-01
1.547916666666666572e+02,2.041583289326002748e-01
1.548125000000000000e+02,-4.901575762982592344e-01
1.548333333333333144e+02,-4.108756221148448518e-01
1.548541666666666572e+02,2.090711837576099130e-01
1.548750000000000000e+02,2.605105360034825623e-01
1.548958333333333144e+02,-2.960608446553625317e-01
1.549166666666666572e+02,-2.207583751050119225e-01
1.549375000000000000e+02,3.953516953484461638e-01
1.549583333333333144e+02,2.292257471220194021e-01
1.549791666666666572e+02,-3.538839378251085743e-01
1.550000000000000000e+02,-1.937582907394130860e-01
1.550208333333333144e+02,4.200416950546528305e-01
1.550416666666666572e+02,2.425863767749053268e-01
1.550625000000000000e+02,-3.453490808958042946e-01
1.550833333333333144e+02,-1.722198997283739819e-01
1.551041666666666572e+02,4.445393134213144748e-01
1.551250000000000000e+02,2.612273254879161066e-01
1.551458333333333144e+02,-3.984428124765192480e-01
1.551666666666666572e+02,-2.811320622563250327e-01
1.551875000000000000e+02,3.316713275096427882e-01
1.552083333333333144e+02,1.614523050839906382e-01
1.552291666666666572e+02,-1.501752060859504190e-01
1.552500000000000000e+02,1.911136970465651674e-01
1.552708333333333144e+02,3.109601438148752450e-01
1.552916666666666572e+02,-1.923054878829226766e-01
1.553125000000000000e+02,-9.982793141137409620e-02
1.553333333333333144e+02,5.073735051374627103e-01
1.553541666666666572e+02,3.417360373721232136e-01
1.553750000000000000e+02,-3.221983710183644045e-01
1.553958333333333144e+02,-2.188501474116483492e-01
1.554166666666666572e+02,4.072096536175207060e-01
1.554375000000000000e+02,2.510757122950136311e-01
1.554583333333333144e+02,-3.945338008659760032e-01
1.554791666666666572e+02,-2.670879159922743273e-01
1.555000000000000000e+02,3.984637386117279023e-01
1.555208333333333144e+02,2.625820647701321287e-01
1.555416666666666572e+02,-3.777482173205321536e-01
1.555625000000000000e+02,-2.571057440639060165e-01
1.555833333333333144e+02,2.307525334410461815e-01
1.556041666666666572e+02,-3.842836815922845428e-03
1.556250000000000000e+02,-6.334639646254039969e-01
1.556458333333333144e+02,-5.091328016321431393e-01
1.556666666666666572e+02,1.537139483252161209e-01
1.556875000000000000e+02,1.236361037812866437e-02
1.557083333333333144e+02,-6.161620698060520374e-01
1.557291666666666572e+02,-4.788705624863699994e-01
1.557500000000000000e+02,1.859616371591266692e-01
1.557708333333333144e+02,5.028143377573779382e-02
1.557916666666666572e+02,-2.292319766423026040e-01
1.558125000000000000e+02,1.365641720704298123e-01
1.558333333333333144e+02,3.124093516112472768e-01
1.558541666666666572e+02,-1.418922812787550281e-01
1.558750000000000000e+02,3.175029998119471841e-03
1.558958333333333144e+02,5.796143418593379115e-01
1.559166666666666572e+02,4.109302416618684228e-01
1.559375000000000000e+02,-2.528465715289495153e-01
1.559583333333333144e+02,-1.192914794890860691e-01
1.559791666666666572e+02,5.247099619782782387e-01
1.560000000000000000e+02,4.070008340576883876e-01
1.560208333333333144e+02,-2.581964059179814308e-01
1.560416666666666572e+02,-1.314683187079667415e-01
1.560625000000000000e+02,4.318309675690449878e-01
1.560833333333333144e+02,2.645320636507400014e-01
1.561041666666666572e+02,-4.003268356489407820e-01
1.561250000000000000e+02,-2.777967058171495474e-01
1.561458333333333144e+02,3.605138549037703588e-01
1.561666666666666572e+02,2.368806123784049922e-01
1.561875000000000000e+02,-4.272695207025610786e-01
1.562083333333333144e+02,-2.858417687681907848e-01
1.562291666666666572e+02,3.562234118274292261e-01
1.562500000000000000e+02,2.218064039626886086e-01
1.562708333333333144e+02,-4.209335261013471552e-01
1.562916666666666572e+02,-2.597097719477396982e-01
1.563125000000000000e+02,3.275494104811599860e-01
1.563333333333333144e+02,1.607241991493738031e-01
1.563541666666666572e+02,-4.827594941497643788e-01
1.563750000000000000e+02,-3.262781401858444452e-01
1.563958333333333144e+02,3.349408552623192037e-01
1.564166666666666572e+02,2.211375699736313483e-01
1.564375000000000000e+02,-4.253595292509109727e-01
1.564583333333333144e+02,-2.743283990369236314e-01
1.564791666666666572e+02,3.797324203501070139e-01
1.565000000000000000e+02,2.644903867546936627e-01
1.565208333333333144e+02,-3.989259018211398500e-01
1.565416666666666572e+02,-2.629232033258906975e-01
1.565625000000000000e+02,3.720691203189412932e-01
1.565833333333333144e+02,2.428567911325049122e-01
1.566041666666666572e+02,-4.200134705877400787e-01
1.566250000000000000e+02,-2.841410815252482513e-01
1.566458333333333144e+02,3.579366515420840389e-01
1.566666666666666572e+02,2.331793072184024651e-01
1.566875000000000000e+02,-4.294550375030658507e-01
1.567083333333333144e+02,-2.968457454999049450e-01
1.567291666666666572e+02,3.422411272571768137e-01
1.567500000000000000e+02,2.168365848140327568e-01
1.567708333333333144e+02,-4.458031020339603412e-01
1.567916666666666572e+02,-3.062872784632768575e-01
1.568125000000000000e+02,3.367729726454914418e-01
1.568333333333333144e+02,2.100196505113266499e-01
1.568541666666666572e+02,-4.522482884760710697e-01
1.568750000000000000e+02,-3.115993959603668428e-01
1.568958333333333144e+02,3.312298391939135778e-01
1.569166666666666572e+02,2.034762731752150777e-01
1.569375000000000000e+02,-3.529807910540050386e-01
1.569583333333333144e+02,-1.414407073226662814e-01
1.569791666666666572e+02,5.010605218968249286e-01
1.570000000000000000e+02,3.727495612192871510e-01
1.570208333333333144e+02,-2.896580972381399555e-01
1.570416666666666572e+02,-1.515258635232554496e-01
1.570625000000000000e+02,4.891566814632264393e-01
1.570833333333333144e+02,3.614941860426763576e-01
1.571041666666666572e+02,-2.990142345457055262e-01
1.571250000000000000e+02,-1.592844775061124374e-01
1.571458333333333144e+02,4.825948564319571532e-01
1.571666666666666572e+02,3.577209885313346605e-01
1.571875000000000000e+02,-3.057631646501464684e-01
1.572083333333333144e+02,-1.732096476375274419e-01
1.572291666666666572e+02,4.685875624309441267e-01
1.572500000000000000e+02,3.483870365417546244e-01
1.572708333333333144e+02,-3.161626710458071976e-01
1.572916666666666572e+02,-1.851571898347051937e-01
1.573125000000000000e+02,4.594585852870350928e-01
1.573333333333333144e+02,3.436074522281603594e-01
1.573541666666666572e+02,-3.219178532492006917e-01
1.573750000000000000e+02,-1.959329181987415069e-01
1.573958333333333144e+02,4.493148721618750452e-01
1.574166666666666572e+02,3.382832704746280283e-01
1.574375000000000000e+02,-3.283948564099920531e-01
1.574583333333333144e+02,-2.098915000035055378e-01
1.574791666666666572e+02,2.659406402617907061e-01
1.575000000000000000e+02,4.453355234453865164e-02
1.575208333333333144e+02,-6.156338825540257353e-01
1.575416666666666572e+02,-4.814068651332976123e-01
1.575625000000000000e+02,1.633667554990479998e-01
1.575833333333333144e+02,4.164970319458553838e-02
1.576041666666666572e+02,-6.210930331296600215e-01
1.576250000000000000e+02,-4.802686112050618128e-01
1.576458333333333144e+02,1.625842901657660877e-01
1.576666666666666572e+02,3.108515405835954315e-02
1.576875000000000000e+02,-3.574248786829653524e-01
1.577083333333333144e+02,-2.635599284431539013e-02
1.577291666666666572e+02,4.510584219929887340e-01
1.577500000000000000e+02,2.020770312982929640e-01
1.577708333333333144e+02,-4.461571036111197097e-01
1.577916666666666572e+02,-2.841647916546861108e-01
1.578125000000000000e+02,3.567379563888308236e-01
1.578333333333333144e+02,2.211799052410724498e-01
1.578541666666666572e+02,-3.933887128565830560e-01
1.578750000000000000e+02,-2.228228179516627550e-01
1.578958333333333144e+02,4.189935258715354882e-01
1.579166666666666572e+02,2.968269486338305230e-01
1.579375000000000000e+02,-3.547515286039054638e-01
1.579583333333333144e+02,-2.197428961649832146e-01
1.579791666666666572e+02,4.417536057052459109e-01
1.580000000000000000e+02,3.392665081673168492e-01
1.580208333333333144e+02,-2.952866455356142339e-01
1.580416666666666572e+02,-1.426694821122336532e-01
1.580625000000000000e+02,5.065572843854786456e-01
1.580833333333333144e+02,3.912041290228706614e-01
1.581041666666666572e+02,-2.732962537394939551e-01
1.581250000000000000e+02,-1.459828321742557278e-01
1.581458333333333144e+02,4.949081720962716369e-01
1.581666666666666572e+02,3.750088719163997553e-01
1.581875000000000000e+02,-2.893180410709739192e-01
1.582083333333333144e+02,-1.553710834984475542e-01
1.582291666666666572e+02,4.883813248702263410e-01
1.582500000000000000e+02,3.663659866012490829e-01
1.582708333333333144e+02,-2.973309462406667492e-01
1.582916666666666572e+02,-1.612403721921940591e-01
1.583125000000000000e+02,4.820716315655133588e-01
1.583333333333333144e+02,3.583855679489867385e-01
1.583541666666666572e+02,-3.048227503163327134e-01
1.583750000000000000e+02,-1.670664663640851755e-01
1.583958333333333144e+02,2.152425511543469838e-01
1.584166666666666572e+02,-8.308257863587453773e-02
1.584375000000000000e+02,-6.287965968551736395e-01
1.584583333333333144e+02,-4.113455379714191507e-01
1.584791666666666572e+02,2.333281603164051032e-01
1.585000000000000000e+02,1.080326485650378310e-01
1.585208333333333144e+02,-5.539909469494497252e-01
1.585416666666666572e+02,-4.180527552328746066e-01
1.585625000000000000e+02,2.209454356291551402e-01
1.585833333333333144e+02,9.227450982445017935e-02
1.586041666666666572e+02,-5.693462023186308674e-01
1.586250000000000000e+02,-4.251009925160989522e-01
1.586458333333333144e+02,2.173967488429479622e-01
1.586666666666666572e+02,8.562037928777654905e-02
1.586875000000000000e+02,-2.535272067910299687e-01
1.587083333333333144e+02,1.071969518648493991e-01
1.587291666666666572e+02,3.828064192857926207e-01
1.587500000000000000e+02,5.831096789480461062e-03
1.587708333333333144e+02,-5.238034490436416224e-02
1.587916666666666572e+02,4.940506264708878215e-01
1.588125000000000000e+02,3.514597501772683819e-01
1.588333333333333144e+02,-2.993047175710366048e-01
1.588541666666666572e+02,-1.776851635646987115e-01
1.588750000000000000e+02,4.736743124676777716e-01
1.588958333333333144e+02,3.399870247771772380e-01
1.589166666666666572e+02,-2.964213080831859526e-01
1.589375000000000000e+02,-1.749461708510351432e-01
1.589583333333333144e+02,4.857227134478901975e-01
1.589791666666666572e+02,3.420959169172678171e-01
1.590000000000000000e+02,-3.103334108678841297e-01
1.590208333333333144e+02,-1.875553283844561547e-01
1.590416666666666572e+02,3.199965173691528553e-01
1.590625000000000000e+02,7.126217487676206330e-02
1.590833333333333144e+02,-5.809662879355356191e-01
1.591041666666666572e+02,-4.580640275399300299e-01
1.591250000000000000e+02,2.052172420571951594e-01
1.591458333333333144e+02,6.424523227639347689e-02
1.591666666666666572e+02,-5.797077928125098367e-01
1.591875000000000000e+02,-4.589106311841406605e-01
1.592083333333333144e+02,1.749649340586442725e-01
1.592291666666666572e+02,1.280012461409637259e-01
1.592500000000000000e+02,-2.305441637139302447e-01
1.592708333333333144e+02,2.938725072361680901e-02
1.592916666666666572e+02,5.140676683072870068e-01
1.593125000000000000e+02,2.616948873387761609e-01
1.593333333333333144e+02,-3.798356858518966428e-01
1.593541666666666572e+02,-2.593055850008200713e-01
1.593750000000000000e+02,3.944387253439153307e-01
1.593958333333333144e+02,2.646821881940860655e-01
1.594166666666666572e+02,-3.684089025770514447e-01
1.594375000000000000e+02,-2.479417282985352244e-01
1.594583333333333144e+02,4.075085526840805383e-01
1.594791666666666572e+02,2.669354311955479675e-01
1.595000000000000000e+02,-3.356801965329391235e-01
1.595208333333333144e+02,-1.879473720394606862e-01
1.595416666666666572e+02,4.660186357246447475e-01
1.595625000000000000e+02,3.457464389216969858e-01
1.595833333333333144e+02,-2.837882387609075296e-01
1.596041666666666572e+02,-1.426789640089022315e-01
1.596250000000000000e+02,5.332350655815201179e-01
1.596458333333333144e+02,4.219460186282467107e-01
1.596666666666666572e+02,-2.084947113435051957e-01
1.596875000000000000e+02,-3.715582519246471427e-02
1.597083333333333144e+02,5.364884657183026651e-01
1.597291666666666572e+02,3.581325558356921457e-01
1.597500000000000000e+02,-2.586614365588354447e-01
1.597708333333333144e+02,-8.692596857046741565e-02
1.597916666666666572e+02,2.034015647436650531e-01
1.598125000000000000e+02,-1.650392285910035617e-01
1.598333333333333144e+02,-3.609810549838651239e-01
1.598541666666666572e+02,9.178176547072477987e-02
1.598750000000000000e+02,1.075251628567414075e-02
1.598958333333333144e+02,-6.040837481663130504e-01
1.599166666666666572e+02,-4.411472047227670279e-01
1.599375000000000000e+02,2.491902971259674082e-01
1.599583333333333144e+02,1.654175143071855980e-01
1.599791666666666572e+02,-4.498736822691253301e-01
1.600000000000000000e+02,-2.801216504225471637e-01
1.600208333333333144e+02,4.124906237355103755e-01
1.600416666666666572e+02,3.261488610533811450e-01
1.600625000000000000e+02,-2.888373823111982097e-01
1.600833333333333144e+02,-1.172251896161418672e-01
1.601041666666666572e+02,2.416614182962296686e-01
1.601250000000000000e+02,-6.797438695088967031e-02
1.601458333333333144e+02,-4.347250723309029619e-01
1.601666666666666572e+02,-9.764069597545543822e-02
1.601875000000000000e+02,3.301351159214045428e-01
1.602083333333333144e+02,6.765613452351766643e-02
1.602291666666666572e+02,-5.471957183865097107e-01
1.602500000000000000e+02,-3.860050653417501643e-01
1.602708333333333144e+02,3.013735785565107017e-01
1.602916666666666572e+02,2.134953499695947388e-01
1.603125000000000000e+02,-4.006623383982464426e-01
1.603333333333333144e+02,-2.227815538386149208e-01
1.603541666666666572e+02,4.675020709752882864e-01
1.603750000000000000e+02,3.673908967535552406e-01
1.603958333333333144e+02,-2.455052117499947895e-01
1.604166666666666572e+02,-5.741656780445844599e-02
1.604375000000000000e+02,6.294836574838420518e-01
1.604583333333333144e+02,5.016246947320229799e-01
1.604791666666666572e+02,-1.220176409659415040e-01
1.605000000000000000e+02,-6.656930831727053688e-02
1.605208333333333144e+02,3.081636713043833797e-01
1.605416666666666572e+02,1.887262122247954088e-02
1.605625000000000000e+02,-4.371356758516153906e-01
1.605833333333333144e+02,-1.901125165364725422e-01
1.606041666666666572e+02,4.725951424284816627e-01
1.606250000000000000e+02,3.333243888010151701e-01
1.606458333333333144e+02,-3.099946309514775566e-01
1.606666666666666572e+02,-1.852314913027757748e-01
1.606875000000000000e+02,3.659805137617461179e-01
1.607083333333333144e+02,1.560857526679001184e-01
1.607291666666666572e+02,-4.866116363853418281e-01
1.607500000000000000e+02,-3.644734115632350391e-01
1.607708333333333144e+02,2.994135205728684634e-01
1.607916666666666572e+02,1.692371181395840862e-01
1.608125000000000000e+02,-4.729244491647843773e-01
1.608333333333333144e+02,-3.545159833514505143e-01
1.608541666666666572e+02,3.102175928044004771e-01
1.608750000000000000e+02,1.806174315291806109e-01
1.608958333333333144e+02,-4.641848951081660735e-01
1.609166666666666572e+02,-3.491697241087703407e-01
1.609375000000000000e+02,3.162982430356533481e-01
1.609583333333333144e+02,1.902524045330379332e-01
1.609791666666666572e+02,-4.650940949050617057e-01
1.610000000000000000e+02,-3.583034693054538700e-01
1.610208333333333144e+02,3.065891307626035234e-01
1.610416666666666572e+02,1.798071050014710126e-01
1.610625000000000000e+02,-3.629565471129523324e-01
1.610833333333333144e+02,-1.735037322220522871e-01
1.611041666666666572e+02,4.877386522928685020e-01
1.611250000000000000e+02,3.424985012258903172e-01
1.611458333333333144e+02,-2.991201861936004791e-01
1.611666666666666572e+02,-1.632654973805566789e-01
1.611875000000000000e+02,4.815647975255312740e-01
1.612083333333333144e+02,3.199099169545233101e-01
1.612291666666666572e+02,-3.275038994945879689e-01
1.612500000000000000e+02,-1.995767502556884676e-01
1.612708333333333144e+02,4.621353362148237776e-01
1.612916666666666572e+02,3.201190845796325624e-01
1.613125000000000000e+02,-3.228924049771887961e-01
1.613333333333333144e+02,-1.977209843753214846e-01
1.613541666666666572e+02,4.653029961683977644e-01
1.613750000000000000e+02,3.299711175659510998e-01
1.613958333333333144e+02,-3.141598453494997001e-01
1.614166666666666572e+02,-1.955773525580114525e-01
1.614375000000000000e+02,4.688301253236897836e-01
1.614583333333333144e+02,3.405574703509314793e-01
1.614791666666666572e+02,-3.188998928102834141e-01
1.615000000000000000e+02,-2.138896884826138045e-01
1.615208333333333144e+02,4.496181780374347570e-01
1.615416666666666572e+02,3.147301427733434909e-01
1.615625000000000000e+02,-3.278949756164686313e-01
1.615833333333333144e+02,-1.956168803062055261e-01
1.616041666666666572e+02,4.376948402684832651e-01
1.616250000000000000e+02,2.814266942817537087e-01
1.616458333333333144e+02,-3.541770151055930183e-01
1.616666666666666572e+02,-2.251298178711362286e-01
1.616875000000000000e+02,1.953793847704598519e-01
1.617083333333333144e+02,-1.035068231176361486e-01
1.617291666666666572e+02,-6.657104615745841336e-01
1.617500000000000000e+02,-4.877047825136348602e-01
1.617708333333333144e+02,1.777821402760839942e-01
1.617916666666666572e+02,4.246825045764580919e-02
1.618125000000000000e+02,-6.008543574163167644e-01
1.618333333333333144e+02,-4.768686200112194906e-01
1.618541666666666572e+02,1.865409600209259611e-01
1.618750000000000000e+02,6.807855634850717985e-02
1.618958333333333144e+02,-2.349409267465442097e-01
1.619166666666666572e+02,1.080140192102740926e-01
1.619375000000000000e+02,3.635403895092570448e-01
1.619583333333333144e+02,-4.618892627532283912e-02
1.619791666666666572e+02,3.715939952297420135e-02
1.620000000000000000e+02,4.097363555431552951e-01
1.620208333333333144e+02,1.327742016401473601e-01
1.620416666666666572e+02,-3.505969801962731114e-01
1.620625000000000000e+02,-1.170296416555173802e-01
1.620833333333333144e+02,5.101692623762490442e-01
1.621041666666666572e+02,3.705511689250196028e-01
1.621250000000000000e+02,-3.013555528351510304e-01
1.621458333333333144e+02,-1.890662832586834652e-01
1.621666666666666572e+02,4.379395359302629132e-01
1.621875000000000000e+02,2.696547723887581793e-01
1.622083333333333144e+02,-4.025487807140104568e-01
1.622291666666666572e+02,-2.964552560392620384e-01
1.622500000000000000e+02,3.393279712383565627e-01
1.622708333333333144e+02,1.817772754419191283e-01
1.622916666666666572e+02,-4.756424578465917596e-01
1.623125000000000000e+02,-3.540824291278311664e-01
1.623333333333333144e+02,3.158654868985873443e-01
1.623541666666666572e+02,1.731448065929540592e-01
1.623750000000000000e+02,-3.167831253318174056e-01
1.623958333333333144e+02,-8.612105701952862957e-02
1.624166666666666572e+02,5.675557793763289505e-01
1.624375000000000000e+02,4.329174979207792706e-01
1.624583333333333144e+02,-2.039189275194198125e-01
1.624791666666666572e+02,-8.319638122201539199e-02
1.625000000000000000e+02,4.841119791881234313e-01
1.625208333333333144e+02,2.822638676241165934e-01
1.625416666666666572e+02,-3.687047592142898012e-01
1.625625000000000000e+02,-2.517384598706279286e-01
1.625833333333333144e+02,4.049522288565693406e-01
1.626041666666666572e+02,2.790899441373376755e-01
1.626250000000000000e+02,-3.530351178563591596e-01
1.626458333333333144e+02,-2.319383749678204654e-01
1.626666666666666572e+02,2.612705615332986397e-01
1.626875000000000000e+02,8.698741745785221191e-03
1.627083333333333144e+02,-6.405019218053479291e-01
1.627291666666666572e+02,-5.176269835085062221e-01
1.627500000000000000e+02,1.439050942049513448e-01
1.627708333333333144e+02,2.556305951979809254e-04
1.627916666666666572e+02,-4.993340677020791651e-01
1.628125000000000000e+02,-2.776302799735616000e-01
1.628333333333333144e+02,3.819213626079418500e-01
1.628541666666666572e+02,2.509172385328696797e-01
1.628750000000000000e+02,-3.858386409592460264e-01
1.628958333333333144e+02,-2.648776357088952205e-01
1.629166666666666572e+02,3.914815196758071325e-01
1.629375000000000000e+02,2.510846512552629139e-01
1.629583333333333144e+02,-3.904300312740528467e-01
1.629791666666666572e+02,-2.701451141381343013e-01
1.630000000000000000e+02,3.676412624927047901e-01
1.630208333333333144e+02,2.197707145921801719e-01
1.630416666666666572e+02,-3.368274224237712833e-01
1.630625000000000000e+02,-1.613451702931572584e-01
1.630833333333333144e+02,4.938465800917621329e-01
1.631041666666666572e+02,3.531360298564961697e-01
1.631250000000000000e+02,-2.901188270391844570e-01
1.631458333333333144e+02,-1.695398856548097632e-01
1.631666666666666572e+02,4.772733685358598876e-01
1.631875000000000000e+02,3.390872756643178443e-01
1.632083333333333144e+02,-3.003802708349634920e-01
1.632291666666666572e+02,-1.787510638590026901e-01
1.632500000000000000e+02,4.854854969602040438e-01
1.632708333333333144e+02,3.425029454586564492e-01
1.632916666666666572e+02,-3.134520467318913650e-01
1.633125000000000000e+02,-1.898754350258178569e-01
1.633333333333333144e+02,4.817058632505714644e-01
1.633541666666666572e+02,3.376648089453103685e-01
1.633750000000000000e+02,-3.207466141627133283e-01
1.633958333333333144e+02,-1.970708217482358693e-01
1.634166666666666572e+02,4.724047033785816474e-01
1.634375000000000000e+02,3.297564422951223539e-01
1.634583333333333144e+02,-3.216119407659332463e-01
1.634791666666666572e+02,-1.998121187001481169e-01
1.635000000000000000e+02,3.597498418299311940e-01
1.635208333333333144e+02,1.625373961200908268e-01
1.635416666666666572e+02,-4.754765567877183297e-01
1.635625000000000000e+02,-3.536912336609555063e-01
1.635833333333333144e+02,3.090659894432087329e-01
1.636041666666666572e+02,1.669947217103112669e-01
1.636250000000000000e+02,-4.846936918811597939e-01
1.636458333333333144e+02,-3.617402570273706708e-01
1.636666666666666572e+02,3.042656166521224281e-01
1.636875000000000000e+02,1.620886517136851390e-01
1.637083333333333144e+02,-4.882899277555990958e-01
1.637291666666666572e+02,-3.661025807817629985e-01
1.637500000000000000e+02,2.937892065456556567e-01
1.637708333333333144e+02,1.629128542939079494e-01
1.637916666666666572e+02,-4.726814631839070246e-01
1.638125000000000000e+02,-3.518895305657964157e-01
1.638333333333333144e+02,3.016864215730311050e-01
1.638541666666666572e+02,1.614795620185668357e-01
1.638750000000000000e+02,-4.763947576243282578e-01
1.638958333333333144e+02,-3.567259476239653671e-01
1.639166666666666572e+02,2.708782439985587542e-01
1.639375000000000000e+02,1.201899942433094781e-01
1.639583333333333144e+02,-5.142113252780314836e-01
1.639791666666666572e+02,-3.918391969516560880e-01
1.640000000000000000e+02,2.651595707068349905e-01
1.640208333333333144e+02,1.949753592808042835e-01
1.640416666666666572e+02,-1.594753046306814359e-01
1.640625000000000000e+02,1.270003457804870783e-01
1.640833333333333144e+02,5.811437090022906204e-01
1.641041666666666572e+02,2.987026007106134973e-01
1.641250000000000000e+02,-3.540521368132510949e-01
1.641458333333333144e+02,-2.314678744065730154e-01
1.641666666666666572e+02,4.333458921605990999e-01
1.641875000000000000e+02,2.913537718158104028e-01
1.642083333333333144e+02,-2.474812008324260015e-01
1.642291666666666572e+02,-5.315701408179002163e-02
1.642500000000000000e+02,5.964246204281007380e-01
1.642708333333333144e+02,4.631547102444144581e-01
1.642916666666666572e+02,-1.718049161129497904e-01
1.643125000000000000e+02,-5.093411438151898563e-02
1.643333333333333144e+02,6.097982380436064442e-01
1.643541666666666572e+02,4.673293192090905435e-01
1.643750000000000000e+02,-1.840863500730836044e-01
1.643958333333333144e+02,-9.845452115220126865e-02
1.644166666666666572e+02,2.722081270334065772e-01
1.644375000000000000e+02,-5.064759521821954324e-02
1.644583333333333144e+02,-5.197815170377522165e-01
1.644791666666666572e+02,-2.756342092219433160e-01
1.645000000000000000e+02,3.877793674493542619e-01
1.645208333333333144e+02,2.462944740256812204e-01
1.645416666666666572e+02,-3.991158816784177166e-01
1.645625000000000000e+02,-2.784313526503542358e-01
1.645833333333333144e+02,2.780274558773113691e-01
1.646041666666666572e+02,8.483941198160410702e-02
1.646250000000000000e+02,-5.468398821143590771e-01
1.646458333333333144e+02,-4.260829138359648605e-01
1.646666666666666572e+02,2.314360815979336905e-01
1.646875000000000000e+02,9.058140991456081759e-02
1.647083333333333144e+02,-5.565399275322295836e-01
1.647291666666666572e+02,-4.343101574543150045e-01
1.647500000000000000e+02,2.278129949052231096e-01
1.647708333333333144e+02,8.661960253319328507e-02
1.647916666666666572e+02,-5.605520950397827606e-01
1.648125000000000000e+02,-4.387194202511345287e-01
1.648333333333333144e+02,2.185825162719790549e-01
1.648541666666666572e+02,1.056767845642855308e-01
1.648750000000000000e+02,-2.083534713286462337e-01
1.648958333333333144e+02,1.184954622804150204e-01
1.649166666666666572e+02,4.343706526258028222e-01
1.649375000000000000e+02,6.491040276682921717e-02
1.649583333333333144e+02,-8.133226540274571259e-02
1.649791666666666572e+02,3.754641039077966091e-01
1.650000000000000000e+02,2.558123181665157841e-01
1.650208333333333144e+02,-4.084870600781537187e-01
1.650416666666666572e+02,-2.781192167347622535e-01
1.650625000000000000e+02,3.680158728408379210e-01
1.650833333333333144e+02,2.535434397430359477e-01
1.651041666666666572e+02,-2.730238827340821794e-01
1.651250000000000000e+02,-5.892891045188822230e-02
1.651458333333333144e+02,5.956184198460026114e-01
1.651666666666666572e+02,4.888871992111227249e-01
1.651875000000000000e+02,-1.762395473936384516e-01
1.652083333333333144e+02,-4.037272595052653068e-02
1.652291666666666572e+02,5.820232182773217300e-01
1.652500000000000000e+02,4.350304873050430676e-01
1.652708333333333144e+02,-2.080395182830013789e-01
1.652916666666666572e+02,-6.851023198338568321e-02
1.653125000000000000e+02,1.885988630888901230e-01
1.653333333333333144e+02,-1.905472091863241735e-01
1.653541666666666572e+02,-2.509023086920765255e-01
1.653750000000000000e+02,2.512364512055469401e-01
1.653958333333333144e+02,1.282105539481692702e-01
1.654166666666666572e+02,-4.868641791805571328e-01
1.654375000000000000e+02,-3.158207847231404575e-01
1.654583333333333144e+02,3.819864807094156545e-01
1.654791666666666572e+02,2.891048582351011809e-01
1.655000000000000000e+02,-3.197359247664680604e-01
1.655208333333333144e+02,-4.094313568468084252e-01
1.655416666666666572e+02,9.611562840083637260e-02
1.655625000000000000e+02,-2.137233209212802132e-03
1.655833333333333144e+02,-6.093005348173508029e-01
1.656041666666666572e+02,-4.383271108896580892e-01
1.656250000000000000e+02,2.519852785221703417e-01
1.656458333333333144e+02,1.542949190479703248e-01
1.656666666666666572e+02,-4.609324879472849190e-01
1.656875000000000000e+02,-2.898975034128531414e-01
1.657083333333333144e+02,4.104000702571759529e-01
1.657291666666666572e+02,3.171465568519090117e-01
1.657500000000000000e+02,-2.964132547565681008e-01
1.657708333333333144e+02,-1.263697061294836166e-01
1.657916666666666572e+02,2.546143195768726941e-01
1.658125000000000000e+02,-4.568443222815557481e-02
1.658333333333333144e+02,-4.099229037306961754e-01
1.658541666666666572e+02,-7.565827254115775613e-02
1.658750000000000000e+02,3.935136317608736167e-01
1.658958333333333144e+02,1.480092058310027714e-01
1.659166666666666572e+02,-4.661022723147766333e-01
1.659375000000000000e+02,-2.950636762767167576e-01
1.659583333333333144e+02,4.023435093684899488e-01
1.659791666666666572e+02,3.088864340224299898e-01
1.660000000000000000e+02,-3.012204481689274016e-01
1.660208333333333144e+02,-1.319260262414087281e-01
1.660416666666666572e+02,5.345272438734506304e-01
1.660625000000000000e+02,4.279884493383472321e-01
1.660833333333333144e+02,-2.140892505897809550e-01
1.661041666666666572e+02,-6.406682082736421535e-02
1.661250000000000000e+02,4.802837537981280991e-01
1.661458333333333144e+02,2.933690725446571612e-01
1.661666666666666572e+02,-3.578053190501816472e-01
1.661875000000000000e+02,-2.125305190245152243e-01
1.662083333333333144e+02,4.307248199219040341e-01
1.662291666666666572e+02,3.099219814179771104e-01
1.662500000000000000e+02,-3.398822319462245778e-01
1.662708333333333144e+02,-2.125176324906353220e-01
1.662916666666666572e+02,4.189557694048010594e-01
1.663125000000000000e+02,2.939428719385953070e-01
1.663333333333333144e+02,-3.705022816448054757e-01
1.663541666666666572e+02,-2.284618984539744102e-01
1.663750000000000000e+02,3.395458927778772784e-01
1.663958333333333144e+02,1.604373913871415258e-01
1.664166666666666572e+02,-5.067883558710923886e-01
1.664375000000000000e+02,-3.639156948729852514e-01
1.664583333333333144e+02,2.895184398418743088e-01
1.664791666666666572e+02,1.671247784787540103e-01
1.665000000000000000e+02,-4.959876103995609631e-01
1.665208333333333144e+02,-3.654153330934694632e-01
1.665416666666666572e+02,2.743317604432932155e-01
1.665625000000000000e+02,1.527933896917276213e-01
1.665833333333333144e+02,-5.084140042534878168e-01
1.666041666666666572e+02,-3.665924652580032639e-01
1.666250000000000000e+02,2.808611079720714221e-01
1.666458333333333144e+02,1.596762512354777119e-01
1.666666666666666572e+02,-4.977904643844479615e-01
1.666875000000000000e+02,-3.757846003434666127e-01
1.667083333333333144e+02,2.549860131080985415e-01
1.667291666666666572e+02,2.484989826198513163e-01
1.667500000000000000e+02,-2.185524507731225197e-01
1.667708333333333144e+02,-2.788731602354044270e-03
1.667916666666666572e+02,6.401271466797151533e-01
1.668125000000000000e+02,5.185076295923950473e-01
1.668333333333333144e+02,-1.386539183676428477e-01
1.668541666666666572e+02,-1.616069764989123969e-02
1.668750000000000000e+02,5.689061420712484551e-01
1.668958333333333144e+02,4.120396395314246396e-01
1.669166666666666572e+02,-2.529731534128066839e-01
1.669375000000000000e+02,-1.110283705795625520e-01
1.669583333333333144e+02,4.352509349468735023e-01
1.669791666666666572e+02,2.430571391744025256e-01
1.670000000000000000e+02,-4.174458777887786187e-01
1.670208333333333144e+02,-2.734088677250188226e-01
1.670416666666666572e+02,3.746797392536467264e-01
1.670625000000000000e+02,2.531923603853843407e-01
1.670833333333333144e+02,-3.979537335001110399e-01
1.671041666666666572e+02,-2.661384653977845183e-01
1.671250000000000000e+02,2.864895865352543591e-01
1.671458333333333144e+02,1.108842934329196672e-01
1.671666666666666572e+02,-5.494460051227464392e-01
1.671875000000000000e+02,-4.073296296964071805e-01
1.672083333333333144e+02,2.439372932333030430e-01
1.672291666666666572e+02,1.216236787310500944e-01
1.672500000000000000e+02,-5.436014142681210304e-01
1.672708333333333144e+02,-4.010253690477071919e-01
1.672916666666666572e+02,2.501085880743799117e-01
1.673125000000000000e+02,1.282242510581519390e-01
1.673333333333333144e+02,-5.324321853861059273e-01
1.673541666666666572e+02,-4.019473286815177793e-01
1.673750000000000000e+02,2.351866852944877739e-01
1.673958333333333144e+02,1.144693809577871924e-01
1.674166666666666572e+02,-3.415109175534776220e-01
1.674375000000000000e+02,-6.639184709525552952e-02
1.674583333333333144e+02,5.767332767799029369e-01
1.674791666666666572e+02,4.558117917048351009e-01
1.675000000000000000e+02,-1.982945294388601398e-01
1.675208333333333144e+02,-8.090313999166959258e-02
1.675416666666666572e+02,5.443121792953524718e-01
1.675625000000000000e+02,4.016776005583254094e-01
1.675833333333333144e+02,-2.711960665957728334e-01
1.676041666666666572e+02,-1.711252693725657525e-01
1.676250000000000000e+02,4.482021761200195575e-01
1.676458333333333144e+02,2.773789272089282054e-01
1.676666666666666572e+02,-4.228545456020448290e-01
1.676875000000000000e+02,-3.290272543203117128e-01
1.677083333333333144e+02,2.857102547605819276e-01
1.677291666666666572e+02,1.151351206426863422e-01
1.677500000000000000e+02,-5.762813270240583208e-01
1.677708333333333144e+02,-4.803337022785744148e-01
1.677916666666666572e+02,1.283319176431089448e-01
1.678125000000000000e+02,2.617767196129100471e-01
1.678333333333333144e+02,-2.077026540448692338e-01
1.678541666666666572e+02,-1.045853807383916034e-01
1.678750000000000000e+02,5.114741821255575083e-01
1.678958333333333144e+02,3.455436758143712872e-01
1.679166666666666572e+02,-3.516491801838174114e-01
1.679375000000000000e+02,-2.591342901323098746e-01
1.679583333333333144e+02,3.520274519518812317e-01
1.679791666666666572e+02,1.823919648129438686e-01
1.680000000000000000e+02,-4.171489047772328762e-01
1.680208333333333144e+02,-2.633994064853200090e-01
1.680416666666666572e+02,3.474181799300747331e-01
1.680625000000000000e+02,1.767674001511254922e-01
1.680833333333333144e+02,-3.015378984610077584e-01
1.681041666666666572e+02,-6.003450699037519989e-02
1.681250000000000000e+02,5.578979363982501383e-01
1.681458333333333144e+02,3.856323988164254146e-01
1.681666666666666572e+02,-3.181910264720248516e-01
1.681875000000000000e+02,-2.239069571219158838e-01
1.682083333333333144e+02,3.933832698822720131e-01
1.682291666666666572e+02,2.221099171318679788e-01
1.682500000000000000e+02,-4.722828138205676929e-01
1.682708333333333144e+02,-3.771657453021436401e-01
1.682916666666666572e+02,2.303589981773898065e-01
1.683125000000000000e+02,1.367650549467305798e-01
1.683333333333333144e+02,-2.582069669874768048e-01
1.683541666666666572e+02,-6.395744542463365975e-03
1.683750000000000000e+02,5.040433644766174615e-01
1.683958333333333144e+02,2.727710190231241172e-01
1.684166666666666572e+02,-4.133694111455776810e-01
1.684375000000000000e+02,-3.196569509290093647e-01
1.684583333333333144e+02,2.848544867344809384e-01
1.684791666666666572e+02,1.167346832528059347e-01
1.685000000000000000e+02,-4.002701268390175260e-01
1.685208333333333144e+02,-1.968022265659547521e-01
1.685416666666666572e+02,4.440805320784657617e-01
1.685625000000000000e+02,2.942808587469191162e-01
1.685833333333333144e+02,-3.493456434832923341e-01
1.686041666666666572e+02,-2.280965003621523435e-01
1.686250000000000000e+02,4.319980060747595774e-01
1.686458333333333144e+02,2.904276067037115938e-01
1.686666666666666572e+02,-3.572978139927776020e-01
1.686875000000000000e+02,-2.357046814817958524e-01
1.687083333333333144e+02,4.238741091010137518e-01
1.687291666666666572e+02,3.013498841240428439e-01
1.687500000000000000e+02,-3.329923799745878599e-01
1.687708333333333144e+02,-1.978411946549035738e-01
1.687916666666666572e+02,3.648781845167936577e-01
1.688125000000000000e+02,1.536113008079710573e-01
1.688333333333333144e+02,-4.937598752044875527e-01
1.688541666666666572e+02,-3.711230405875768357e-01
1.688750000000000000e+02,2.928699440059786552e-01
1.688958333333333144e+02,1.554305437389640332e-01
1.689166666666666572e+02,-4.900039178537176077e-01
1.689375000000000000e+02,-3.680614341202704254e-01
1.689583333333333144e+02,2.918918343488727252e-01
1.689791666666666572e+02,1.657136490733934764e-01
1.690000000000000000e+02,-4.701697305990054643e-01
1.690208333333333144e+02,-3.479556759775409569e-01
1.690416666666666572e+02,3.167395710820942734e-01
1.690625000000000000e+02,1.743838019202698375e-01
1.690833333333333144e+02,-4.804834936639780230e-01
1.691041666666666572e+02,-3.569340774358959467e-01
1.691250000000000000e+02,3.091910753386899469e-01
1.691458333333333144e+02,1.638638223678946237e-01
1.691666666666666572e+02,-3.572577581905275190e-01
1.691875000000000000e+02,-1.448757067726940684e-01
1.692083333333333144e+02,5.206889353807032661e-01
1.692291666666666572e+02,3.786961878386401192e-01
1.692500000000000000e+02,-2.689277457777096147e-01
1.692708333333333144e+02,-1.480046918575427528e-01
1.692916666666666572e+02,4.935577818693305252e-01
1.693125000000000000e+02,3.493074169325967593e-01
1.693333333333333144e+02,-2.872016961104150168e-01
1.693541666666666572e+02,-1.673298575507957131e-01
1.693750000000000000e+02,4.850291331521602300e-01
1.693958333333333144e+02,3.452086335425130770e-01
1.694166666666666572e+02,-2.929915305509068757e-01
1.694375000000000000e+02,-1.736808728949251757e-01
1.694583333333333144e+02,4.625978272332821328e-01
1.694791666666666572e+02,3.202304655849023129e-01
1.695000000000000000e+02,-3.140755901777487757e-01
1.695208333333333144e+02,-1.941039244335213132e-01
1.695416666666666572e+02,4.615720950813638201e-01
1.695625000000000000e+02,3.205629977015836962e-01
1.695833333333333144e+02,-3.252818347481704064e-01
1.696041666666666572e+02,-2.039117493256031310e-01
1.696250000000000000e+02,4.058125948092706214e-01
1.696458333333333144e+02,2.357189920641871717e-01
1.696666666666666572e+02,-4.076478103306209189e-01
1.696875000000000000e+02,-2.860170136294545862e-01
1.697083333333333144e+02,3.283001966891679335e-01
1.697291666666666572e+02,1.639011706778615851e-01
1.697500000000000000e+02,-4.780474211209632118e-01
1.697708333333333144e+02,-3.559522205715755505e-01
1.697916666666666572e+02,3.071691916515185694e-01
1.698125000000000000e+02,1.653559007629843425e-01
1.698333333333333144e+02,-4.842250659928724055e-01
1.698541666666666572e+02,-3.619848089647178524e-01
1.698750000000000000e+02,2.993198811777892931e-01
1.698958333333333144e+02,1.782325711749547237e-01
1.699166666666666572e+02,-4.562283258083240645e-01
1.699375000000000000e+02,-3.164969420058086347e-01
1.699583333333333144e+02,3.311061285676080157e-01
1.699791666666666572e+02,1.882285362773479243e-01
1.700000000000000000e+02,-4.508151244610709707e-01
1.700208333333333144e+02,-3.127072204309425674e-01
1.700416666666666572e+02,3.665883786388464127e-01
1.700625000000000000e+02,2.357440907585016676e-01
1.700833333333333144e+02,-4.089569463670000293e-01
1.701041666666666572e+02,-2.861455385513106409e-01
1.701250000000000000e+02,3.798959699290206382e-01
1.701458333333333144e+02,2.376543265074620159e-01
1.701666666666666572e+02,-4.134795777594190147e-01
1.701875000000000000e+02,-2.913122980534366135e-01
1.702083333333333144e+02,3.691533257802513401e-01
1.702291666666666572e+02,2.387335719697065706e-01
1.702500000000000000e+02,-3.977461577765299405e-01
1.702708333333333144e+02,-2.767049390183526358e-01
1.702916666666666572e+02,3.796887142516189861e-01
1.703125000000000000e+02,2.392658595276193068e-01
1.703333333333333144e+02,-4.020720068115689050e-01
1.703541666666666572e+02,-2.818813181028378412e-01
1.703750000000000000e+02,3.579108161976442548e-01
1.703958333333333144e+02,2.169585399140443460e-01
1.704166666666666572e+02,-4.170251845925822543e-01
1.704375000000000000e+02,-2.967271442406996251e-01
1.704583333333333144e+02,3.573736876771420601e-01
1.704791666666666572e+02,2.170666518609573603e-01
1.705000000000000000e+02,-1.756689648524457636e-01
1.705208333333333144e+02,1.114861285401429480e-01
1.705416666666666572e+02,6.299976761847496665e-01
1.705625000000000000e+02,4.093542249719889781e-01
1.705833333333333144e+02,-2.265749798630017076e-01
1.706041666666666572e+02,-1.055584870051806679e-01
1.706250000000000000e+02,5.553596447904136646e-01
1.706458333333333144e+02,4.130809250003463218e-01
1.706666666666666572e+02,-2.379389110022409881e-01
1.706875000000000000e+02,-1.156869279573419229e-01
1.707083333333333144e+02,5.235366909804370916e-01
1.707291666666666572e+02,3.640309540053487947e-01
1.707500000000000000e+02,-2.858213714393037508e-01
1.707708333333333144e+02,-1.642000470935038314e-01
1.707916666666666572e+02,2.126487282871227236e-01
1.708125000000000000e+02,-9.929735294214847574e-02
1.708333333333333144e+02,-5.556635497223201270e-01
1.708541666666666572e+02,-2.942692431557654698e-01
1.708750000000000000e+02,3.840446022645710444e-01
1.708958333333333144e+02,2.762053127431304822e-01
1.709166666666666572e+02,-3.521495923576380971e-01
1.709375000000000000e+02,-2.081510773446893503e-01
1.709583333333333144e+02,1.257206780056552287e-01
1.709791666666666572e+02,-2.001053925489917895e-01
1.710000000000000000e+02,-4.488269109397656220e-01
1.710208333333333144e+02,-3.725952774527590411e-02
1.710416666666666572e+02,-4.657865335644215121e-02
1.710625000000000000e+02,-4.685436547179840372e-01
1.710833333333333144e+02,-2.349343839486248420e-01
1.711041666666666572e+02,4.391046505921627485e-01
1.711250000000000000e+02,3.020704708483933354e-01
1.711458333333333144e+02,-3.536828988708061727e-01
1.711666666666666572e+02,-2.421131700714050095e-01
1.711875000000000000e+02,4.218436078975824621e-01
1.712083333333333144e+02,2.883718614770772182e-01
1.712291666666666572e+02,-3.541965749181323897e-01
1.712500000000000000e+02,-2.301049574203821724e-01
1.712708333333333144e+02,4.325214803998331803e-01
1.712916666666666572e+02,2.944351385962377110e-01
1.713125000000000000e+02,-3.465619806919514878e-01
1.713333333333333144e+02,-2.172901503689246838e-01
1.713541666666666572e+02,4.412165654532306247e-01
1.713750000000000000e+02,2.943631954481444324e-01
1.713958333333333144e+02,-3.475731995430902388e-01
1.714166666666666572e+02,-2.161722231243925485e-01
1.714375000000000000e+02,4.451876879857766256e-01
1.714583333333333144e+02,3.070338523029285671e-01
1.714791666666666572e+02,-3.307233803294673535e-01
1.715000000000000000e+02,-2.001868915590644393e-01
1.715208333333333144e+02,3.094748300979671130e-01
1.715416666666666572e+02,6.471144044101856396e-02
1.715625000000000000e+02,-5.774282604503374605e-01
1.715833333333333144e+02,-4.480953836396992518e-01
1.716041666666666572e+02,2.144487905710093234e-01
1.716250000000000000e+02,7.379625653379426331e-02
1.716458333333333144e+02,-4.395870891893448040e-01
1.716666666666666572e+02,-2.275571057503856798e-01
1.716875000000000000e+02,4.353957066532556652e-01
1.717083333333333144e+02,2.979722089975163635e-01
1.717291666666666572e+02,-3.455648689389240191e-01
1.717500000000000000e+02,-2.236858071494236266e-01
1.717708333333333144e+02,4.401252896053948760e-01
1.717916666666666572e+02,3.070128190361029463e-01
1.718125000000000000e+02,-3.373233844175110296e-01
1.718333333333333144e+02,-2.198175584407945082e-01
1.718541666666666572e+02,4.449521594773430677e-01
1.718750000000000000e+02,3.195817773513331961e-01
1.718958333333333144e+02,-3.238582708571862145e-01
1.719166666666666572e+02,-2.115590395785867661e-01
1.719375000000000000e+02,4.543015760207297360e-01
1.719583333333333144e+02,3.310451022657238673e-01
1.719791666666666572e+02,-3.220275425606433650e-01
1.720000000000000000e+02,-2.175015017170812692e-01
1.720208333333333144e+02,4.483049606587565239e-01
1.720416666666666572e+02,3.247406267971044702e-01
1.720625000000000000e+02,-3.195965765268556913e-01
1.720833333333333144e+02,-2.048433078578180133e-01
1.721041666666666572e+02,4.596471240600676911e-01
1.721250000000000000e+02,3.282767497578334970e-01
1.721458333333333144e+02,-3.161479408479874742e-01
1.721666666666666572e+02,-1.953158597821639531e-01
1.721875000000000000e+02,4.677575970538616623e-01
1.722083333333333144e+02,3.366669221002760448e-01
1.722291666666666572e+02,-3.025652595978564618e-01
1.722500000000000000e+02,-1.765265137874225398e-01
1.722708333333333144e+02,4.857478187991582930e-01
1.722916666666666572e+02,3.433339962942350554e-01
1.723125000000000000e+02,-2.992205241409759409e-01
1.723333333333333144e+02,-1.674288128558660826e-01
1.723541666666666572e+02,1.996265572745253292e-01
1.723750000000000000e+02,-1.436905166548276824e-01
1.723958333333333144e+02,-5.057548132148165232e-01
1.724166666666666572e+02,-1.836844242161541629e-01
1.724375000000000000e+02,2.190620198984847833e-01
1.724583333333333144e+02,-1.025662657245804410e-01
1.724791666666666572e+02,-5.343884003985941433e-01
1.725000000000000000e+02,-2.583962994607844621e-01
1.725208333333333144e+02,4.021378347781903173e-01
1.725416666666666572e+02,2.526644098723054288e-01
1.725625000000000000e+02,-3.885126228992455411e-01
1.725833333333333144e+02,-2.532339517053049383e-01
1.726041666666666572e+02,3.856103287735994645e-01
1.726250000000000000e+02,2.231686537359309219e-01
1.726458333333333144e+02,-4.181420578471660154e-01
1.726666666666666572e+02,-2.845238261970947646e-01
1.726875000000000000e+02,3.766073315040718295e-01
1.727083333333333144e+02,2.357667882362680656e-01
1.727291666666666572e+02,-4.027305584151276152e-01
1.727500000000000000e+02,-2.716912143620643927e-01
1.727708333333333144e+02,3.900768345337903842e-01
1.727916666666666572e+02,2.467479895081988450e-01
1.728125000000000000e+02,-3.954528360733612358e-01
1.728333333333333144e+02,-2.665004712977772083e-01
1.728541666666666572e+02,3.869444786040673878e-01
1.728750000000000000e+02,2.448790551943328397e-01
1.728958333333333144e+02,-3.947614401379672122e-01
1.729166666666666572e+02,-2.687102411281115377e-01
1.729375000000000000e+02,3.942171523116130283e-01
1.729583333333333144e+02,2.561089225765511013e-01
1.729791666666666572e+02,-3.871310341372580233e-01
1.730000000000000000e+02,-2.634886361938624244e-01
1.730208333333333144e+02,3.999151604290648865e-01
1.730416666666666572e+02,2.644750135034227290e-01
1.730625000000000000e+02,-3.792106942487339372e-01
1.730833333333333144e+02,-2.583454883831102777e-01
1.731041666666666572e+02,4.056713319971825271e-01
1.731250000000000000e+02,2.763322551997300369e-01
1.731458333333333144e+02,-3.660525761862954974e-01
1.731666666666666572e+02,-2.486991498689944402e-01
1.731875000000000000e+02,3.947438887250175887e-01
1.732083333333333144e+02,2.516437574787507292e-01
1.732291666666666572e+02,-3.933358224624775024e-01
1.732500000000000000e+02,-2.791468013502992895e-01
1.732708333333333144e+02,3.863938336020744657e-01
1.732916666666666572e+02,2.619024241119543017e-01
1.733125000000000000e+02,-3.832219515325178127e-01
1.733333333333333144e+02,-2.728119660253728873e-01
1.733541666666666572e+02,3.935435626723220448e-01
1.733750000000000000e+02,2.743047237908133318e-01
1.733958333333333144e+02,-3.812498328730983266e-01
1.734166666666666572e+02,-2.796460190306016558e-01
1.734375000000000000e+02,3.863958255941033482e-01
1.734583333333333144e+02,2.583651588868733362e-01
1.734791666666666572e+02,-3.860883642481478528e-01
1.735000000000000000e+02,-2.643831043907108325e-01
1.735208333333333144e+02,3.984049455828589936e-01
1.735416666666666572e+02,2.564393973412029126e-01
1.735625000000000000e+02,-3.854664238438610946e-01
1.735833333333333144e+02,-2.505551444986421905e-01
1.736041666666666572e+02,3.939489703066498261e-01
1.736250000000000000e+02,2.360559953103558706e-01
1.736458333333333144e+02,-4.076621615385812580e-01
1.736666666666666572e+02,-2.779184865597617571e-01
1.736875000000000000e+02,3.836089374257127815e-01
1.737083333333333144e+02,2.396644885649434620e-01
1.737291666666666572e+02,-4.026481296052946690e-01
1.737500000000000000e+02,-2.744680924554424584e-01
1.737708333333333144e+02,3.879933090021963071e-01
1.737916666666666572e+02,2.514738053503054460e-01
1.738125000000000000e+02,-3.902018597464096961e-01
1.738333333333333144e+02,-2.673263366996497803e-01
1.738541666666666572e+02,3.962957852862124541e-01
1.738750000000000000e+02,2.626826019456217631e-01
1.738958333333333144e+02,-3.867687873583712244e-01
1.739166666666666572e+02,-2.713979030650818247e-01
1.739375000000000000e+02,3.925946853101215384e-01
1.739583333333333144e+02,2.639601558227438471e-01
1.739791666666666572e+02,-3.767213973208424771e-01
1.740000000000000000e+02,-2.553271329495688247e-01
1.740208333333333144e+02,4.082053380870722670e-01
1.740416666666666572e+02,2.716234538486629324e-01
1.740625000000000000e+02,-3.718095639242981476e-01
1.740833333333333144e+02,-2.470070072805744532e-01
1.741041666666666572e+02,4.156152485706028910e-01
1.741250000000000000e+02,2.757016290207542353e-01
1.741458333333333144e+02,-3.671183289765652669e-01
1.741666666666666572e+02,-2.393356859983397089e-01
1.741875000000000000e+02,4.225671120263720937e-01
1.742083333333333144e+02,2.797858014660587478e-01
1.742291666666666572e+02,-3.456104252688491640e-01
1.742500000000000000e+02,-2.040231737816621815e-01
1.742708333333333144e+02,4.572813876232622587e-01
1.742916666666666572e+02,3.121029661377552333e-01
1.743125000000000000e+02,-3.299012715636198689e-01
1.743333333333333144e+02,-1.975291988025144607e-01
1.743541666666666572e+02,4.633509941739532567e-01
1.743750000000000000e+02,3.251563706754377892e-01
1.743958333333333144e+02,-3.108371319029378244e-01
1.744166666666666572e+02,-1.774121815992685258e-01
1.744375000000000000e+02,4.835097944349049937e-01
1.744583333333333144e+02,3.354159353989357717e-01
1.744791666666666572e+02,-3.062758656688991388e-01
1.745000000000000000e+02,-1.709146402890653060e-01
1.745208333333333144e+02,4.801402984103323446e-01
1.745416666666666572e+02,3.260473100710386540e-01
1.745625000000000000e+02,-3.164254888580589897e-01
1.745833333333333144e+02,-1.889289884644527184e-01
1.746041666666666572e+02,2.923409837909119457e-01
1.746250000000000000e+02,3.854381832702341582e-02
1.746458333333333144e+02,-6.122972529788068830e-01
1.746666666666666572e+02,-5.026612570230593047e-01
1.746875000000000000e+02,1.635644254065728165e-01
1.747083333333333144e+02,4.089602837393392643e-02
1.747291666666666572e+02,-6.055393088575109495e-01
1.747500000000000000e+02,-4.979603293133695874e-01
1.747708333333333144e+02,1.695671578009097791e-01
1.747916666666666572e+02,5.293462072111601580e-02
1.748125000000000000e+02,-3.531098017080955831e-01
1.748333333333333144e+02,-8.597130393927854275e-02
1.748541666666666572e+02,5.493504757004159522e-01
1.748750000000000000e+02,4.048408370057171579e-01
1.748958333333333144e+02,-2.866451091398996009e-01
1.749166666666666572e+02,-1.940905976649342501e-01
1.749375000000000000e+02,4.255821152300677257e-01
1.749583333333333144e+02,2.496401040851813358e-01
1.749791666666666572e+02,-4.415220277086525646e-01
1.750000000000000000e+02,-3.458066527672964963e-01
1.750208333333333144e+02,2.675140169082305119e-01
1.750416666666666572e+02,8.387203176345132960e-02
1.750625000000000000e+02,-2.896387260121130458e-01
1.750833333333333144e+02,2.766269375226276805e-02
1.751041666666666572e+02,4.592472875050567227e-01
1.751250000000000000e+02,1.476674024723002299e-01
1.751458333333333144e+02,-4.160501986335614077e-01
1.751666666666666572e+02,-2.100517206186439112e-01
1.751875000000000000e+02,4.111981427609414652e-01
1.752083333333333144e+02,2.368124037856423336e-01
1.752291666666666572e+02,-4.462550825206883509e-01
1.752500000000000000e+02,-3.510939825648059509e-01
1.752708333333333144e+02,2.622580085467545175e-01
1.752916666666666572e+02,2.706300201034008701e-01
1.753125000000000000e+02,-2.042300698470008724e-01
1.753333333333333144e+02,-5.182076326432041857e-02
1.753541666666666572e+02,5.625743754993537404e-01
1.753750000000000000e+02,3.896610782722146338e-01
1.753958333333333144e+02,-3.032018001450635936e-01
1.754166666666666572e+02,-2.177151674725316677e-01
1.754375000000000000e+02,3.977209701585249224e-01
1.754583333333333144e+02,2.300744955617228249e-01
1.754791666666666572e+02,-4.634824025708725315e-01
1.755000000000000000e+02,-3.807469537703027096e-01
1.755208333333333144e+02,2.371892698099089536e-01
1.755416666666666572e+02,2.283635028918356569e-01
1.755625000000000000e+02,-2.669232200335462935e-01
1.755833333333333144e+02,-1.262691819593362574e-01
1.756041666666666572e+02,4.913741763448546962e-01
1.756250000000000000e+02,3.401298680135224073e-01
1.756458333333333144e+02,-3.510838692801171446e-01
1.756666666666666572e+02,-2.755988166918647009e-01
1.756875000000000000e+02,3.422697540304734387e-01
1.757083333333333144e+02,1.806942019640000174e-01
1.757291666666666572e+02,-4.890709814472055661e-01
1.757500000000000000e+02,-3.927799666802481715e-01
1.757708333333333144e+02,2.231785623778806960e-01
1.757916666666666572e+02,2.054436508624008506e-01
1.758125000000000000e+02,-2.671473974815038455e-01
1.758333333333333144e+02,-1.013208145022164164e-01
1.758541666666666572e+02,5.131963767067406756e-01
1.758750000000000000e+02,3.400873830947119258e-01
1.758958333333333144e+02,-3.517116985134045026e-01
1.759166666666666572e+02,-2.608756840743798877e-01
1.759375000000000000e+02,3.528628682308113107e-01
1.759583333333333144e+02,1.750728796548887967e-01
1.759791666666666572e+02,-5.154200444449505980e-01
1.760000000000000000e+02,-4.193807568821837362e-01
1.760208333333333144e+02,1.937744594020377464e-01
1.760416666666666572e+02,2.196650049406567717e-01
1.760625000000000000e+02,-2.612096901856679754e-01
1.760833333333333144e+02,-1.135483571425957433e-01
1.761041666666666572e+02,4.986250739298480061e-01
1.761250000000000000e+02,3.111216734224088731e-01
1.761458333333333144e+02,-3.775884812102157095e-01
1.761666666666666572e+02,-2.724779737311340266e-01
1.761875000000000000e+02,3.383782488276727562e-01
1.762083333333333144e+02,1.464865505737648343e-01
1.762291666666666572e+02,-3.867454075244933231e-01
1.762500000000000000e+02,-1.580790559119928940e-01
1.762708333333333144e+02,4.638500831420033221e-01
1.762916666666666572e+02,2.972008791560863394e-01
1.763125000000000000e+02,-3.814164166221924446e-01
1.763333333333333144e+02,-2.674210679140859304e-01
1.763541666666666572e+02,3.573635486386604332e-01
1.763750000000000000e+02,2.057247992838485695e-01
1.763958333333333144e+02,-4.729029034409900079e-01
1.764166666666666572e+02,-3.581193243271260096e-01
1.764375000000000000e+02,2.749714902968055652e-01
1.764583333333333144e+02,1.587448092146821477e-01
1.764791666666666572e+02,-3.376224738438084461e-01
1.765000000000000000e+02,-9.806633493855648753e-02
1.765208333333333144e+02,5.439747455229926310e-01
1.765416666666666572e+02,4.250165493005171324e-01
1.765625000000000000e+02,-2.395163784217929082e-01
1.765833333333333144e+02,-1.067621355788504756e-01
1.766041666666666572e+02,4.834412860081873653e-01
1.766250000000000000e+02,3.267893948655711811e-01
1.766458333333333144e+02,-3.370540613374840011e-01
1.766666666666666572e+02,-2.021918369340202914e-01
1.766875000000000000e+02,3.581160109094742028e-01
1.767083333333333144e+02,1.805211376868972595e-01
1.767291666666666572e+02,-4.827948720172705599e-01
1.767500000000000000e+02,-3.491162061362081959e-01
1.767708333333333144e+02,2.930036319277790624e-01
1.767916666666666572e+02,1.705660993175710238e-01
1.768125000000000000e+02,-4.926727950003002010e-01
1.768333333333333144e+02,-3.562345564967053790e-01
1.768541666666666572e+02,2.874529807752072008e-01
1.768750000000000000e+02,1.645101095381404643e-01
1.768958333333333144e+02,-4.985318600637409503e-01
1.769166666666666572e+02,-3.672033061886510463e-01
1.769375000000000000e+02,2.730614280197369848e-01
1.769583333333333144e+02,1.505197513984767865e-01
1.769791666666666572e+02,-5.126821049981371559e-01
1.770000000000000000e+02,-3.764399559046159860e-01
1.770208333333333144e+02,2.673902970839089344e-01
1.770416666666666572e+02,1.446084241768749723e-01
1.770625000000000000e+02,-5.184157194715905970e-01
1.770833333333333144e+02,-3.822521604722193267e-01
1.771041666666666572e+02,2.615258983213526456e-01
1.771250000000000000e+02,2.425991095596681246e-01
1.771458333333333144e+02,-2.168190121944963411e-01
1.771666666666666572e+02,8.274536882588334752e-03
1.771875000000000000e+02,6.516239491801749661e-01
1.772083333333333144e+02,5.287371912083517200e-01
1.772291666666666572e+02,-1.352298930409051858e-01
1.772500000000000000e+02,-6.808467377610316618e-04
1.772708333333333144e+02,5.867646803385226928e-01
1.772916666666666572e+02,4.278808086484815476e-01
1.773125000000000000e+02,-2.362271251661140492e-01
1.773333333333333144e+02,-1.111486469633578555e-01
1.773541666666666572e+02,4.575383167036128906e-01
1.773750000000000000e+02,2.917085802008433371e-01
1.773958333333333144e+02,-3.733249590302700760e-01
1.774166666666666572e+02,-2.418534631113916644e-01
1.774375000000000000e+02,4.028741942111251362e-01
1.774583333333333144e+02,2.787084860954309740e-01
1.774791666666666572e+02,-3.906513341944715112e-01
1.775000000000000000e+02,-2.598907237726109654e-01
1.775208333333333144e+02,2.378658995639713614e-01
1.775416666666666572e+02,2.361826524116861226e-02
1.775625000000000000e+02,-6.410055545198691807e-01
1.775833333333333144e+02,-5.167851518044264125e-01
1.776041666666666572e+02,1.391928821404482819e-01
1.776250000000000000e+02,3.202008166184133059e-02
1.776458333333333144e+02,-6.236358229185892110e-01
1.776666666666666572e+02,-4.792538410968749663e-01
1.776875000000000000e+02,1.637550629768845245e-01
1.777083333333333144e+02,1.489808502086414355e-01
1.777291666666666572e+02,-2.707985297484569731e-01
1.777500000000000000e+02,-1.115314009923856764e-02
1.777708333333333144e+02,6.055813290441467434e-01
1.777916666666666572e+02,4.524538143287468173e-01
1.778125000000000000e+02,-2.086598633489848142e-01
1.778333333333333144e+02,-6.186951205820193089e-02
1.778541666666666572e+02,5.310206649400954770e-01
1.778750000000000000e+02,3.675207432769244664e-01
1.778958333333333144e+02,-2.946024358443786739e-01
1.779166666666666572e+02,-1.591645713923756922e-01
1.779375000000000000e+02,4.802277061263732216e-01
1.779583333333333144e+02,3.560987401752050419e-01
1.779791666666666572e+02,-3.074909607613774964e-01
1.780000000000000000e+02,-1.732227586451104695e-01
1.780208333333333144e+02,3.063474112702521679e-01
1.780416666666666572e+02,7.702333299890759544e-02
1.780625000000000000e+02,-5.863717074392241768e-01
1.780833333333333144e+02,-4.490490475497392886e-01
1.781041666666666572e+02,1.944083241980386623e-01
1.781250000000000000e+02,6.727378529642093208e-02
1.781458333333333144e+02,-5.466716235342883312e-01
1.781666666666666572e+02,-3.709231600626264891e-01
1.781875000000000000e+02,2.703629091754899405e-01
1.782083333333333144e+02,1.356106283866241047e-01
1.782291666666666572e+02,-3.387684634296526109e-01
1.782500000000000000e+02,-7.177709998993953011e-02
1.782708333333333144e+02,5.648248763542329520e-01
1.782916666666666572e+02,4.305131681174332314e-01
1.783125000000000000e+02,-2.311299542964822540e-01
1.783333333333333144e+02,-8.674974311657918102e-02
1.783541666666666572e+02,5.553990481571979831e-01
1.783750000000000000e+02,4.267152076947759998e-01
1.783958333333333144e+02,-2.360242237227971329e-01
1.784166666666666572e+02,-9.741629768662635191e-02
1.784375000000000000e+02,3.088204129866927161e-01
1.784583333333333144e+02,2.882671463838568093e-02
1.784791666666666572e+02,-5.791786490697099499e-01
1.785000000000000000e+02,-4.100118834414911428e-01
1.785208333333333144e+02,2.349523727566024678e-01
1.785416666666666572e+02,1.205112187241221267e-01
1.785625000000000000e+02,-5.175668756995140951e-01
1.785833333333333144e+02,-3.761828099849829354e-01
1.786041666666666572e+02,2.867262019613018853e-01
1.786250000000000000e+02,1.883684211821346766e-01
1.786458333333333144e+02,-3.603378275412578713e-01
1.786666666666666572e+02,-1.580132479596563777e-01
1.786875000000000000e+02,4.830737725483904565e-01
1.787083333333333144e+02,3.640399658730700261e-01
1.787291666666666572e+02,-3.002620102530692003e-01
1.787500000000000000e+02,-1.663315308829568240e-01
1.787708333333333144e+02,4.773441511154218886e-01
1.787916666666666572e+02,3.541895208548650475e-01
1.788125000000000000e+02,-3.090534644230318873e-01
1.788333333333333144e+02,-1.709402228639788357e-01
1.788541666666666572e+02,4.719182986056185691e-01
1.788750000000000000e+02,3.450529770685099029e-01
1.788958333333333144e+02,-3.172754384613198919e-01
1.789166666666666572e+02,-1.754288609844025237e-01
1.789375000000000000e+02,4.666894395546832275e-01
1.789583333333333144e+02,3.365483002272093849e-01
1.789791666666666572e+02,-3.249438090528867784e-01
1.790000000000000000e+02,-1.798382132698005675e-01
1.790208333333333144e+02,4.137615799399425032e-01
1.790416666666666572e+02,2.490328315377193791e-01
1.790625000000000000e+02,-4.116732877944679347e-01
1.790833333333333144e+02,-2.760609153927653381e-01
1.791041666666666572e+02,3.490914267783193914e-01
1.791250000000000000e+02,2.081921438717717621e-01
1.791458333333333144e+02,-4.479065096494932452e-01
1.791666666666666572e+02,-2.954745648546000525e-01
1.791875000000000000e+02,2.397356398817274969e-01
1.792083333333333144e+02,3.544799710624765843e-02
1.792291666666666572e+02,-6.271170069409562897e-01
1.792500000000000000e+02,-4.843955595197153019e-01
1.792708333333333144e+02,1.589386857202549908e-01
1.792916666666666572e+02,3.389299900037036350e-02
1.793125000000000000e+02,-6.290267534101036118e-01
1.793333333333333144e+02,-4.938247222849036500e-01
1.793541666666666572e+02,1.506342652805621740e-01
1.793750000000000000e+02,1.932524486719980339e-01
1.793958333333333144e+02,-3.135081051899230031e-01
1.794166666666666572e+02,-1.525756622674077634e-01
1.794375000000000000e+02,4.924990394405782124e-01
1.794583333333333144e+02,3.810906813199657073e-01
1.794791666666666572e+02,-2.851715501153049837e-01
1.795000000000000000e+02,-1.718995189921463385e-01
1.795208333333333144e+02,4.828225834861428201e-01
1.795416666666666572e+02,3.831245772933494220e-01
1.795625000000000000e+02,-2.827874961807589349e-01
1.795833333333333144e+02,-1.533179247185053329e-01
1.796041666666666572e+02,4.903277024732248246e-01
1.796250000000000000e+02,3.617197233151424607e-01
1.796458333333333144e+02,-2.855660233877961307e-01
1.796666666666666572e+02,-1.301371120319091967e-01
1.796875000000000000e+02,5.218050645168157420e-01
1.797083333333333144e+02,3.991735133017429993e-01
1.797291666666666572e+02,-2.629707004571520956e-01
1.797500000000000000e+02,-1.187647543311490805e-01
1.797708333333333144e+02,5.227442490041963596e-01
1.797916666666666572e+02,3.891302343835906785e-01
1.798125000000000000e+02,-2.715829195661687567e-01
1.798333333333333144e+02,-1.221663047802208357e-01
1.798541666666666572e+02,4.722672567006017674e-01
1.798750000000000000e+02,3.035633683347565559e-01
1.798958333333333144e+02,-3.403962235811616721e-01
1.799166666666666572e+02,-1.812456960053383526e-01
1.799375000000000000e+02,2.266971942286042929e-01
1.799583333333333144e+02,-5.709795015512286742e-02
1.799791666666666572e+02,-6.862853523868979178e-01
1.800000000000000000e+02,-5.292213070564829591e-01
1.800208333333333144e+02,1.093530150054745076e-01
1.800416666666666572e+02,-1.730113256105378361e-02
1.800625000000000000e+02,-4.723545519846540364e-01
1.800833333333333144e+02,-1.944835980949127796e-01
1.801041666666666572e+02,4.486666393300937639e-01
1.801250000000000000e+02,3.234226660460546299e-01
1.801458333333333144e+02,-3.396776826654578363e-01
1.801666666666666572e+02,-2.027615287870608296e-01
1.801875000000000000e+02,4.406816182202566434e-01
1.802083333333333144e+02,3.182520742640848610e-01
1.802291666666666572e+02,-3.454148415892875912e-01
1.802500000000000000e+02,-2.115100396130186189e-01
1.802708333333333144e+02,3.757542964096746152e-01
1.802916666666666572e+02,2.188536525314797587e-01
1.803125000000000000e+02,-4.454366788475889183e-01
1.803333333333333144e+02,-3.149961100177379181e-01
1.803541666666666572e+02,3.297915658926143800e-01
1.803750000000000000e+02,2.145499781228365488e-01
1.803958333333333144e+02,-4.505377399677648054e-01
1.804166666666666572e+02,-3.284760808832778989e-01
1.804375000000000000e+02,3.145336787324534700e-01
1.804583333333333144e+02,2.041707802795566795e-01
1.804791666666666572e+02,-4.618793603422187144e-01
1.805000000000000000e+02,-3.402988505209889603e-01
1.805208333333333144e+02,3.163778900529425897e-01
1.805416666666666572e+02,2.145474540116247275e-01
1.805625000000000000e+02,-4.509883837073611623e-01
1.805833333333333144e+02,-3.232307129585972327e-01
1.806041666666666572e+02,3.214405869316749320e-01
1.806250000000000000e+02,2.006469628324989707e-01
1.806458333333333144e+02,-4.083956961408693465e-01
1.806666666666666572e+02,-2.321101744562382718e-01
1.806875000000000000e+02,4.103489156745025457e-01
1.807083333333333144e+02,2.772910289905627934e-01
1.807291666666666572e+02,-3.002146886020885530e-01
1.807500000000000000e+02,-9.982523289379274800e-02
1.807708333333333144e+02,5.368428520138763815e-01
1.807916666666666572e+02,3.975524839623129081e-01
1.808125000000000000e+02,-2.625639479312239510e-01
1.808333333333333144e+02,-1.089236249312002108e-01
1.808541666666666572e+02,5.311172646810079501e-01
1.808750000000000000e+02,3.892917443193901761e-01
1.808958333333333144e+02,-2.547296056336983416e-01
1.809166666666666572e+02,-9.183181672368032067e-02
1.809375000000000000e+02,5.605958258614912593e-01
1.809583333333333144e+02,4.372806473666766003e-01
1.809791666666666572e+02,-2.253393472256541852e-01
1.810000000000000000e+02,-9.052388432455232836e-02
1.810208333333333144e+02,3.921662560892486549e-01
1.810416666666666572e+02,1.639033462278610687e-01
1.810625000000000000e+02,-4.996817714794114518e-01
1.810833333333333144e+02,-3.648452346164166027e-01
1.811041666666666572e+02,2.796332327620152380e-01
1.811250000000000000e+02,1.615801584621582854e-01
1.811458333333333144e+02,-5.031427503928729283e-01
1.811666666666666572e+02,-3.744890397730275544e-01
1.811875000000000000e+02,2.710552583153530426e-01
1.812083333333333144e+02,1.591432427741808209e-01
1.812291666666666572e+02,-5.068242435265599699e-01
1.812500000000000000e+02,-3.847969452716741290e-01
1.812708333333333144e+02,2.756250864017429913e-01
1.812916666666666572e+02,1.765531276010386119e-01
1.813125000000000000e+02,-4.887479439600463382e-01
1.813333333333333144e+02,-3.592054598498333751e-01
1.813541666666666572e+02,2.852456630373043645e-01
1.813750000000000000e+02,1.615531216827092442e-01
1.813958333333333144e+02,-4.885660135468790077e-01
1.814166666666666572e+02,-3.487516187152455704e-01
1.814375000000000000e+02,2.869700502936550768e-01
1.814583333333333144e+02,1.600579836730438577e-01
1.814791666666666572e+02,-2.561045305231590685e-01
1.815000000000000000e+02,4.622248221231589627e-02
1.815208333333333144e+02,5.998433596063541540e-01
1.815416666666666572e+02,4.082178975002785926e-01
1.815625000000000000e+02,-2.620145768921804397e-01
1.815833333333333144e+02,-1.282501358904679090e-01
1.816041666666666572e+02,5.271104660122620800e-01
1.816250000000000000e+02,4.138891972505848726e-01
1.816458333333333144e+02,-2.455641472373769341e-01
1.816666666666666572e+02,-1.132719854821303135e-01
1.816875000000000000e+02,4.229594516592751208e-01
1.817083333333333144e+02,2.202430341373984857e-01
1.817291666666666572e+02,-4.261391442322103318e-01
1.817500000000000000e+02,-2.644723730252706573e-01
1.817708333333333144e+02,3.890762141065320923e-01
1.817916666666666572e+02,2.642418981373246267e-01
1.818125000000000000e+02,-3.967542691258080234e-01
1.818333333333333144e+02,-2.482642492328127337e-01
1.818541666666666572e+02,3.358285150826282317e-01
1.818750000000000000e+02,1.608342962630425477e-01
1.818958333333333144e+02,-4.860620285137483010e-01
1.819166666666666572e+02,-3.270489861875931492e-01
1.819375000000000000e+02,3.151523847738603168e-01
1.819583333333333144e+02,1.866065292733181669e-01
1.819791666666666572e+02,-4.765427999749475285e-01
1.820000000000000000e+02,-3.490262775716704846e-01
1.820208333333333144e+02,3.113296706475260911e-01
1.820416666666666572e+02,2.084269951304477952e-01
1.820625000000000000e+02,-4.376533172211684031e-01
1.820833333333333144e+02,-2.935140156715008164e-01
1.821041666666666572e+02,3.728359633895010905e-01
1.821250000000000000e+02,2.705140532322606317e-01
1.821458333333333144e+02,-3.678956150677644144e-01
1.821666666666666572e+02,-2.178978047810697372e-01
1.821875000000000000e+02,3.566162129554034665e-01
1.822083333333333144e+02,1.730904492409345574e-01
1.822291666666666572e+02,-4.527661408739502846e-01
1.822500000000000000e+02,-2.987504718896636380e-01
1.822708333333333144e+02,3.838416399151820535e-01
1.822916666666666572e+02,2.856822066649612468e-01
1.823125000000000000e+02,-3.356716819975471555e-01
1.823333333333333144e+02,-1.630542015091825947e-01
1.823541666666666572e+02,3.658826511789073366e-01
1.823750000000000000e+02,1.716402510026450723e-01
1.823958333333333144e+02,-4.436033200368736940e-01
1.824166666666666572e+02,-2.832992221149042145e-01
1.824375000000000000e+02,4.055729605582761299e-01
1.824583333333333144e+02,3.209742437825290340e-01
1.824791666666666572e+02,-2.950007557689978133e-01
1.825000000000000000e+02,-1.244709474540403454e-01
1.825208333333333144e+02,3.879197159785863214e-01
1.825416666666666572e+02,1.796164594504754686e-01
1.825625000000000000e+02,-4.343946576449499997e-01
1.825833333333333144e+02,-2.589523144597731807e-01
1.826041666666666572e+02,4.321626323377397716e-01
1.826250000000000000e+02,3.392602419592887775e-01
1.826458333333333144e+02,-2.741796702538983888e-01
1.826666666666666572e+02,-9.516844328769021033e-02
1.826875000000000000e+02,3.177102837317533623e-01
1.827083333333333144e+02,3.688308626208357255e-02
1.827291666666666572e+02,-5.201177106097216729e-01
1.827500000000000000e+02,-3.012984622210337915e-01
1.827708333333333144e+02,3.887526226603715829e-01
1.827916666666666572e+02,2.910081395654433578e-01
1.828125000000000000e+02,-3.215720484639383869e-01
1.828333333333333144e+02,-1.389773563729441719e-01
1.828541666666666572e+02,5.505640431402326618e-01
1.828750000000000000e+02,4.514487097187126485e-01
1.828958333333333144e+02,-1.613780311900560038e-01
1.829166666666666572e+02,-2.273228252163615182e-01
1.829375000000000000e+02,2.734263739526268666e-01
1.829583333333333144e+02,1.470423947117485419e-01
1.829791666666666572e+02,-4.736608955190355630e-01
1.830000000000000000e+02,-2.973534012695673301e-01
1.830208333333333144e+02,3.947172636721898442e-01
1.830416666666666572e+02,3.120618726514313712e-01
1.830625000000000000e+02,-3.110699577116789460e-01
1.830833333333333144e+02,-1.664686741902940137e-01
1.831041666666666572e+02,2.655681400794667746e-01
1.831250000000000000e+02,1.847612488478449222e-02
1.831458333333333144e+02,-5.987491567416316496e-01
1.831666666666666572e+02,-4.354703934891493988e-01
1.831875000000000000e+02,2.584195527557167082e-01
1.832083333333333144e+02,1.768941615164198455e-01
1.832291666666666572e+02,-4.383588736020639920e-01
1.832500000000000000e+02,-2.688338824817126937e-01
1.832708333333333144e+02,4.233527120221609596e-01
1.832916666666666572e+02,3.351139689309177161e-01
1.833125000000000000e+02,-2.791305725415131334e-01
1.833333333333333144e+02,-1.036518266902965169e-01
1.833541666666666572e+02,5.869982276584182479e-01
1.833750000000000000e+02,4.884261798341473781e-01
1.833958333333333144e+02,-1.278454237685566208e-01
1.834166666666666572e+02,-2.060791465876695983e-01
1.834375000000000000e+02,3.090531533702453038e-01
1.834583333333333144e+02,2.123804981719701335e-01
1.834791666666666572e+02,-4.010484179094553903e-01
1.835000000000000000e+02,-2.231598369894305101e-01
1.835208333333333144e+02,4.598460413709758443e-01
1.835416666666666572e+02,3.615639432088002536e-01
1.835625000000000000e+02,-2.522154781699058046e-01
1.835833333333333144e+02,-3.093421695200181398e-01
1.836041666666666572e+02,2.070446276609102521e-01
1.836250000000000000e+02,9.994548291238528059e-02
1.836458333333333144e+02,-5.151738170570079323e-01
1.836666666666666572e+02,-3.387259677855063988e-01
1.836875000000000000e+02,3.525955654067101097e-01
1.837083333333333144e+02,2.604444479119393252e-01
1.837291666666666572e+02,-3.541783296544494530e-01
1.837500000000000000e+02,-1.800078311992738822e-01
1.837708333333333144e+02,1.739681485251797222e-01
1.837916666666666572e+02,-1.384802854937208505e-01
1.838125000000000000e+02,-4.353306141845582067e-01
1.838333333333333144e+02,-5.466556061859487170e-02
1.838541666666666572e+02,1.650700358753990071e-01
1.838750000000000000e+02,-2.303754584715325127e-01
1.838958333333333144e+02,-6.289799082609706660e-02
1.839166666666666572e+02,2.790389185199618760e-01
1.839375000000000000e+02,-3.630944988707510146e-02
1.839583333333333144e+02,-2.792801673338497492e-01
1.839791666666666572e+02,1.223452818176193058e-01
1.840000000000000000e+02,1.089220123614563496e-01
1.840208333333333144e+02,-3.208087657772921153e-01
1.840416666666666572e+02,-5.104405916766513451e-02
1.840625000000000000e+02,5.878263770444436265e-01
1.840833333333333144e+02,4.392372561084597060e-01
1.841041666666666572e+02,-1.797488446367649928e-01
1.841250000000000000e+02,2.481989321223369502e-03
1.841458333333333144e+02,2.922745894202329886e-01
1.841666666666666572e+02,-6.303350257403872448e-02
1.841875000000000000e+02,-2.206341559607644942e-01
1.842083333333333144e+02,2.305491424486807994e-01
1.842291666666666572e+02,1.294023339781928683e-01
1.842500000000000000e+02,-4.781600810790466727e-01
1.842708333333333144e+02,-3.138791319014186953e-01
1.842916666666666572e+02,3.635820562876409534e-01
1.843125000000000000e+02,2.691615956009123511e-01
1.843333333333333144e+02,-3.271312778540463873e-01
1.843541666666666572e+02,-1.732093476201958804e-01
1.843750000000000000e+02,4.885613490349595134e-01
1.843958333333333144e+02,3.950305863943240903e-01
1.844166666666666572e+02,-2.089975445870661530e-01
1.844375000000000000e+02,-4.585649700015602404e-02
1.844583333333333144e+02,2.906334641208239145e-01
1.844791666666666572e+02,-3.320154092396584988e-02
1.845000000000000000e+02,-3.685452817260786995e-01
1.845208333333333144e+02,-2.018785488778587073e-02
1.845416666666666572e+02,2.315395701704027476e-01
1.845625000000000000e+02,-1.526440978178410512e-01
1.845833333333333144e+02,-1.466416357204951837e-01
1.846041666666666572e+02,2.862989702328674335e-01
1.846250000000000000e+02,8.723876360750143499e-02
1.846458333333333144e+02,-5.330217895085890278e-01
1.846666666666666572e+02,-3.587311690110245310e-01
1.846875000000000000e+02,3.330558414283864010e-01
1.847083333333333144e+02,2.477188527957051023e-01
1.847291666666666572e+02,-3.675718700453396437e-01
1.847500000000000000e+02,-2.052602308167330580e-01
1.847708333333333144e+02,4.868204196940580930e-01
1.847916666666666572e+02,4.103574990100158915e-01
1.848125000000000000e+02,-2.071580227147932218e-01
1.848333333333333144e+02,-1.565140249483540635e-01
1.848541666666666572e+02,2.864955523389729475e-01
1.848750000000000000e+02,9.302419436421632826e-02
1.848958333333333144e+02,-5.241072076979169658e-01
1.849166666666666572e+02,-3.648845567676175516e-01
1.849375000000000000e+02,3.297978666345102172e-01
1.849583333333333144e+02,2.532016696381197418e-01
1.849791666666666572e+02,-3.632862669731444227e-01
1.850000000000000000e+02,-2.000482977162126863e-01
1.850208333333333144e+02,4.934713886895508717e-01
1.850416666666666572e+02,4.124639446507338825e-01
1.850625000000000000e+02,-2.034457059875838525e-01
1.850833333333333144e+02,-2.659658921104357532e-01
1.851041666666666572e+02,2.739646562961205456e-01
1.851250000000000000e+02,1.889237467692774786e-01
1.851458333333333144e+02,-4.257983424017732221e-01
1.851666666666666572e+02,-2.531807202240739518e-01
1.851875000000000000e+02,4.071784009812055016e-01
1.852083333333333144e+02,2.956310824786299030e-01
1.852291666666666572e+02,-3.182046725984165048e-01
1.852500000000000000e+02,-2.176569434781595591e-01
1.852708333333333144e+02,1.610129088678786957e-01
1.852916666666666572e+02,-1.077925775556781568e-01
1.853125000000000000e+02,-5.173292024296962666e-01
1.853333333333333144e+02,-2.002065759036900927e-01
1.853541666666666572e+02,4.032770757473247425e-01
1.853750000000000000e+02,2.474976912928425199e-01
1.853958333333333144e+02,-3.650217468929929376e-01
1.854166666666666572e+02,-1.817145713633428472e-01
1.854375000000000000e+02,3.787417755866777647e-01
1.854583333333333144e+02,1.934288405068316508e-01
1.854791666666666572e+02,-4.187950181414578088e-01
1.855000000000000000e+02,-2.347562700294236193e-01
1.855208333333333144e+02,4.548242625315804810e-01
1.855416666666666572e+02,3.552636213935241871e-01
1.855625000000000000e+02,-2.571480884990889337e-01
1.855833333333333144e+02,-1.284400210365549133e-01
1.856041666666666572e+02,2.067998422294081706e-01
1.856250000000000000e+02,-1.036479211181667720e-01
1.856458333333333144e+02,-3.430632717765304540e-01
1.856666666666666572e+02,8.749806821215941333e-02
1.856875000000000000e+02,2.101974493554284451e-02
1.857083333333333144e+02,-3.772800725573399183e-01
1.857291666666666572e+02,-7.290830124766548015e-02
1.857500000000000000e+02,4.969023523878609017e-01
1.857708333333333144e+02,3.195748840130733792e-01
1.857916666666666572e+02,-2.866982951672296664e-01
1.858125000000000000e+02,-1.338189459514771973e-01
1.858333333333333144e+02,5.042480810876576180e-01
1.858541666666666572e+02,3.885594809743772582e-01
1.858750000000000000e+02,-2.142899758352295458e-01
1.858958333333333144e+02,-1.327848146536657614e-01
1.859166666666666572e+02,2.477183834192944190e-01
1.859375000000000000e+02,-8.903005596778312825e-03
1.859583333333333144e+02,-4.937820444403528963e-01
1.859791666666666572e+02,-2.544516937915197174e-01
1.860000000000000000e+02,4.123603986641041219e-01
1.860208333333333144e+02,3.127628679942032197e-01
1.860416666666666572e+02,-2.963021890358434884e-01
1.860625000000000000e+02,-1.278081549312590770e-01
1.860833333333333144e+02,3.453894493016008704e-01
1.861041666666666572e+02,1.017630044674186218e-01
1.861250000000000000e+02,-5.165997508468819222e-01
1.861458333333333144e+02,-3.442788864723928532e-01
1.861666666666666572e+02,3.618383468410967807e-01
1.861875000000000000e+02,2.670834343539600919e-01
1.862083333333333144e+02,-3.543326309927785633e-01
1.862291666666666572e+02,-1.820826243459718607e-01
1.862500000000000000e+02,5.173931272180645191e-01
1.862708333333333144e+02,4.203238421662680580e-01
1.862916666666666572e+02,-1.951756778623959521e-01
1.863125000000000000e+02,-2.430978413938363336e-01
1.863333333333333144e+02,2.604931589169444672e-01
1.863541666666666572e+02,1.387689191548893419e-01
1.863750000000000000e+02,-4.706558334331515381e-01
1.863958333333333144e+02,-3.003710227076273331e-01
1.864166666666666572e+02,3.956915628756945136e-01
1.864375000000000000e+02,3.027547556445054910e-01
1.864583333333333144e+02,-3.083666605267259553e-01
1.864791666666666572e+02,-1.384653068341583637e-01
1.865000000000000000e+02,1.964936935809407925e-01
1.865208333333333144e+02,-1.329378313597924244e-01
1.865416666666666572e+02,-3.662112779645237959e-01
1.865625000000000000e+02,4.462140922460401671e-02
1.865833333333333144e+02,-1.163074428774472924e-02
1.866041666666666572e+02,-3.816657990568532166e-01
1.866250000000000000e+02,-8.241077351031170228e-02
1.866458333333333144e+02,4.134326211513124627e-01
1.866666666666666572e+02,1.779425925400442421e-01
1.866875000000000000e+02,-4.492227339621196469e-01
1.867083333333333144e+02,-3.103149474568753785e-01
1.867291666666666572e+02,3.609744810458872522e-01
1.867500000000000000e+02,2.211353502117829328e-01
1.867708333333333144e+02,-4.218985542354397600e-01
1.867916666666666572e+02,-2.980601636568380730e-01
1.868125000000000000e+02,3.655622139576554797e-01
1.868333333333333144e+02,2.315367251316510777e-01
1.868541666666666572e+02,-3.120685871006850243e-01
1.868750000000000000e+02,-1.274443940534699671e-01
1.868958333333333144e+02,5.373482442890559208e-01
1.869166666666666572e+02,4.186368358580015991e-01
1.869375000000000000e+02,-2.321853456610938893e-01
1.869583333333333144e+02,-1.180280189841567406e-01
1.869791666666666572e+02,5.529794248725647954e-01
1.870000000000000000e+02,4.203607036360053617e-01
1.870208333333333144e+02,-2.239126161805254367e-01
1.870416666666666572e+02,-9.880373926880237079e-02
1.870625000000000000e+02,5.594204593348617305e-01
1.870833333333333144e+02,4.122866126039280155e-01
1.871041666666666572e+02,-2.300063321380791947e-01
1.871250000000000000e+02,-1.081124220918955325e-01
1.871458333333333144e+02,2.179342212350373620e-01
1.871666666666666572e+02,-1.402248925398276169e-01
1.871875000000000000e+02,-3.872045753723747374e-01
1.872083333333333144e+02,7.850045566065971814e-03
1.872291666666666572e+02,-5.209824248736916186e-02
1.872500000000000000e+02,-4.960576040422516320e-01
1.872708333333333144e+02,-2.299120851427777779e-01
1.872916666666666572e+02,4.263418596799526394e-01
1.873125000000000000e+02,3.043960155055064343e-01
1.873333333333333144e+02,-3.593787777567920561e-01
1.873541666666666572e+02,-2.183438397578268131e-01
1.873750000000000000e+02,2.833081145364062525e-01
1.873958333333333144e+02,6.904126292909695817e-02
1.874166666666666572e+02,-5.666653290319643155e-01
1.874375000000000000e+02,-4.268163434537834422e-01
1.874583333333333144e+02,2.055241821739945407e-01
1.874791666666666572e+02,8.997036346084676117e-02
1.875000000000000000e+02,-5.571962178006504285e-01
1.875208333333333144e+02,-4.181660889751017685e-01
1.875416666666666572e+02,2.161693382952996068e-01
1.875625000000000000e+02,1.248933177334504707e-01
1.875833333333333144e+02,-2.411857644236455323e-01
1.876041666666666572e+02,5.442882644078156362e-02
1.876250000000000000e+02,5.060729462197172124e-01
1.876458333333333144e+02,2.546007585548819563e-01
1.876666666666666572e+02,-4.125359546184156345e-01
1.876875000000000000e+02,-2.943708982564215981e-01
1.877083333333333144e+02,3.353392523908617084e-01
1.877291666666666572e+02,2.063286568821170452e-01
1.877500000000000000e+02,-1.463387376726770495e-01
1.877708333333333144e+02,1.573025245854570986e-01
1.877916666666666572e+02,5.112426320175084138e-01
1.878125000000000000e+02,1.621249807971424373e-01
1.878333333333333144e+02,-2.350318995828317714e-01
1.878541666666666572e+02,6.595913368083360095e-02
1.878750000000000000e+02,5.305530006400385190e-01
1.878958333333333144e+02,2.534638462471449083e-01
1.879166666666666572e+02,-4.514205737869333435e-01
1.879375000000000000e+02,-3.574134452244818738e-01
1.879583333333333144e+02,2.584129354663329825e-01
1.879791666666666572e+02,1.278146716292075380e-01
1.880000000000000000e+02,-2.157829947889007005e-01
1.880208333333333144e+02,9.252512360756490195e-02
1.880416666666666572e+02,3.705540137598941630e-01
1.880625000000000000e+02,-2.504836319098716069e-02
1.880833333333333144e+02,-1.264991223250865604e-01
1.881041666666666572e+02,3.779272969526222825e-01
1.881250000000000000e+02,2.711624936658957874e-01
1.881458333333333144e+02,-3.739241829573036191e-01
1.881666666666666572e+02,-2.271582447465128884e-01
1.881875000000000000e+02,4.423804047184989319e-01
1.882083333333333144e+02,3.397439484805478416e-01
1.882291666666666572e+02,-2.780866682800683387e-01
1.882500000000000000e+02,-2.727081879064864323e-01
1.882708333333333144e+02,1.885801815357068811e-01
1.882916666666666572e+02,1.285763392248656656e-02
1.883125000000000000e+02,-6.057297720502157201e-01
1.883333333333333144e+02,-4.350901216661772763e-01
1.883541666666666572e+02,2.552228389199980851e-01
1.883750000000000000e+02,1.655085552474699628e-01
1.883958333333333144e+02,-4.486371574006703944e-01
1.884166666666666572e+02,-2.729411336350781037e-01
1.884375000000000000e+02,3.900183252996582972e-01
1.884583333333333144e+02,2.789308985005826691e-01
1.884791666666666572e+02,-3.348680540041737430e-01
1.885000000000000000e+02,-2.114888908531716849e-01
1.885208333333333144e+02,1.505764195171712116e-01
1.885416666666666572e+02,-1.379192340112989634e-01
1.885625000000000000e+02,-4.636441273414023123e-01
1.885833333333333144e+02,-9.406894239307073136e-02
1.886041666666666572e+02,2.173192472154377441e-01
1.886250000000000000e+02,-1.276382858106582252e-01
1.886458333333333144e+02,-2.415668191547217514e-01
1.886666666666666572e+02,2.653524564884613968e-01
1.886875000000000000e+02,1.731192054932335911e-01
1.887083333333333144e+02,-4.342336525259012925e-01
1.887291666666666572e+02,-2.686131496085908954e-01
1.887500000000000000e+02,3.965050129798218803e-01
1.887708333333333144e+02,2.930242521723268601e-01
1.887916666666666572e+02,-3.322862538092418161e-01
1.888125000000000000e+02,-1.747943865006533759e-01
1.888333333333333144e+02,4.793782688512229218e-01
1.888541666666666572e+02,3.645070264718100472e-01
1.888750000000000000e+02,-2.964893182228093838e-01
1.888958333333333144e+02,-1.554110761166925259e-01
1.889166666666666572e+02,4.900983291668722375e-01
1.889375000000000000e+02,3.688720124810367929e-01
1.889583333333333144e+02,-2.834679840900927728e-01
1.889791666666666572e+02,-1.608155153520821057e-01
1.890000000000000000e+02,4.689719234437870199e-01
1.890208333333333144e+02,3.312802292622085698e-01
1.890416666666666572e+02,-3.407918721481265623e-01
1.890625000000000000e+02,-2.213671539715942882e-01
1.890833333333333144e+02,4.112883916556950847e-01
1.891041666666666572e+02,2.694751905740471187e-01
1.891250000000000000e+02,-4.083196321788050698e-01
1.891458333333333144e+02,-2.976649651605300928e-01
1.891666666666666572e+02,3.320681972130314907e-01
1.891875000000000000e+02,1.607757397763712182e-01
1.892083333333333144e+02,-5.231482087528297464e-01
1.892291666666666572e+02,-4.200268833204356400e-01
1.892500000000000000e+02,1.953694021692507499e-01
1.892708333333333144e+02,8.023600629274102447e-02
1.892916666666666572e+02,-2.578697121249451940e-01
1.893125000000000000e+02,5.454141541270796090e-02
1.893333333333333144e+02,3.980558003013940915e-01
1.893541666666666572e+02,4.171675842163836967e-02
1.893750000000000000e+02,-2.439587881465134500e-01
1.893958333333333144e+02,1.289928482080350269e-01
1.894166666666666572e+02,2.235641977227755539e-01
1.894375000000000000e+02,-2.968101443440375187e-01
1.894583333333333144e+02,-2.145210372202631666e-01
1.894791666666666572e+02,4.004107602462470550e-01
1.895000000000000000e+02,2.317094624705450800e-01
1.895208333333333144e+02,-4.600623986587378811e-01
1.895416666666666572e+02,-3.732611613700405617e-01
1.895625000000000000e+02,2.410769769444023602e-01
1.895833333333333144e+02,2.478559584416930028e-01
1.896041666666666572e+02,-2.334863460699196924e-01
1.896250000000000000e+02,-8.214003605715322620e-02
1.896458333333333144e+02,5.317610358738573684e-01
1.896666666666666572e+02,3.536558506300083171e-01
1.896875000000000000e+02,-3.374742920637794352e-01
1.897083333333333144e+02,-2.420574224475028902e-01
1.897291666666666572e+02,3.711501618035538685e-01
1.897500000000000000e+02,1.892544218302840697e-01
1.897708333333333144e+02,-4.103844265070892838e-01
1.897916666666666572e+02,-2.483570632247829590e-01
1.898125000000000000e+02,3.655191834741743362e-01
1.898333333333333144e+02,1.802812453731467146e-01
1.898541666666666572e+02,-3.580563338061513723e-01
1.898750000000000000e+02,-1.542673930232846269e-01
1.898958333333333144e+02,4.580684008802591856e-01
1.899166666666666572e+02,2.709297056847956853e-01
1.899375000000000000e+02,-4.180362539369828490e-01
1.899583333333333144e+02,-3.085995198657207617e-01
1.899791666666666572e+02,3.082269292257028837e-01
1.900000000000000000e+02,1.263370568006765282e-01
1.900208333333333144e+02,-2.894398216112104016e-01
1.900416666666666572e+02,-1.589329334942296904e-02
1.900625000000000000e+02,5.396097728748503464e-01
1.900833333333333144e+02,3.341231781231052134e-01
1.901041666666666572e+02,-3.590196975950692426e-01
1.901250000000000000e+02,-2.834413802669552562e-01
1.901458333333333144e+02,3.385492030609427716e-01
1.901666666666666572e+02,1.990606018033508617e-01
1.901875000000000000e+02,-4.887589724009855363e-01
1.902083333333333144e+02,-4.125511765541514664e-01
1.902291666666666572e+02,2.058426024740094840e-01
1.902500000000000000e+02,4.172707432825158158e-02
1.902708333333333144e+02,-3.365133711614887724e-01
1.902916666666666572e+02,-4.198247826504721003e-02
1.903125000000000000e+02,4.440034077506705423e-01
1.903333333333333144e+02,1.845706274011605363e-01
1.903541666666666572e+02,-5.066045976838601250e-01
1.903750000000000000e+02,-4.120072046806837474e-01
1.903958333333333144e+02,2.022268345204118467e-01
1.904166666666666572e+02,1.113010355791412970e-01
1.904375000000000000e+02,-2.345276026989239482e-01
1.904583333333333144e+02,5.878379299070840558e-02
1.904791666666666572e+02,4.042335655947123518e-01
1.905000000000000000e+02,4.287383259869983337e-02
1.905208333333333144e+02,-2.393796606115180803e-01
1.905416666666666572e+02,1.247174781560511370e-01
1.905625000000000000e+02,2.141619909821726730e-01
1.905833333333333144e+02,-3.059548774237250690e-01
1.906041666666666572e+02,-2.143173569999748951e-01
1.906250000000000000e+02,3.869045029434376448e-01
1.906458333333333144e+02,2.421377351852417592e-01
1.906666666666666572e+02,-4.234442527453696758e-01
1.906875000000000000e+02,-3.327898390498370551e-01
1.907083333333333144e+02,2.693573799509798583e-01
1.907291666666666572e+02,1.230748177116298692e-01
1.907500000000000000e+02,-1.952107341611813984e-01
1.907708333333333144e+02,1.350702173827707520e-01
1.907916666666666572e+02,3.359743560203786172e-01
1.908125000000000000e+02,-1.064610472935221819e-01
1.908333333333333144e+02,-1.970120422354277451e-02
1.908541666666666572e+02,4.960880038109978241e-01
1.908750000000000000e+02,2.652077216979862873e-01
1.908958333333333144e+02,-4.246861655836118854e-01
1.909166666666666572e+02,-3.412325321779907106e-01
1.909375000000000000e+02,2.746878884388969655e-01
1.909583333333333144e+02,1.090857824454074670e-01
1.909791666666666572e+02,-4.621503069367247640e-01
1.910000000000000000e+02,-3.014751850432789704e-01
1.910208333333333144e+02,3.151891694263115329e-01
1.910416666666666572e+02,1.674558090742320760e-01
1.910625000000000000e+02,-4.390585497912534163e-01
1.910833333333333144e+02,-3.021855825734250378e-01
1.911041666666666572e+02,3.143094248770302301e-01
1.911250000000000000e+02,1.400194744573695083e-01
1.911458333333333144e+02,-2.387418535495541283e-01
1.911666666666666572e+02,7.235325431220869519e-02
1.911875000000000000e+02,4.812242764624434233e-01
1.912083333333333144e+02,1.596293076980692394e-01
1.912291666666666572e+02,-3.892963219521366480e-01
1.912500000000000000e+02,-1.977906476246590883e-01
1.912708333333333144e+02,4.150738638677496928e-01
1.912916666666666572e+02,2.342830995802347716e-01
1.913125000000000000e+02,-4.562200818654205126e-01
1.913333333333333144e+02,-3.612841407092350354e-01
1.913541666666666572e+02,2.522666086307543964e-01
1.913750000000000000e+02,1.972749840936192933e-01
1.913958333333333144e+02,-2.155297199682730536e-01
1.914166666666666572e+02,8.331710027654967710e-03
1.914375000000000000e+02,5.937280061208016768e-01
1.914583333333333144e+02,3.994763523697297813e-01
1.914791666666666572e+02,-2.925305559487173523e-01
1.915000000000000000e+02,-2.046124305665552034e-01
1.915208333333333144e+02,4.100199728243417718e-01
1.915416666666666572e+02,2.396017491150304879e-01
1.915625000000000000e+02,-4.529127439382562015e-01
1.915833333333333144e+02,-3.689572550671725293e-01
1.916041666666666572e+02,2.467562599556214209e-01
1.916250000000000000e+02,8.099448557971229701e-02
1.916458333333333144e+02,-5.318790057160938112e-01
1.916666666666666572e+02,-3.988655769291047370e-01
1.916875000000000000e+02,2.178516120942646239e-01
1.917083333333333144e+02,6.773803971877682961e-02
1.917291666666666572e+02,-2.746731472372250238e-01
1.917500000000000000e+02,3.499539210891103314e-02
1.917708333333333144e+02,4.084276550669243000e-01
1.917916666666666572e+02,7.671399295158849718e-02
1.918125000000000000e+02,-3.353468064895453460e-01
1.918333333333333144e+02,-5.811563548497483689e-02
1.918541666666666572e+02,5.352228808117478476e-01
1.918750000000000000e+02,3.418886399945200161e-01
1.918958333333333144e+02,-3.482566156565818916e-01
1.919166666666666572e+02,-2.462779184712597380e-01
1.919375000000000000e+02,3.674917708058210719e-01
1.919583333333333144e+02,1.814291410026760143e-01
1.919791666666666572e+02,-5.073875615393254046e-01
1.920000000000000000e+02,-3.991948611332353236e-01
1.920208333333333144e+02,2.160652768191051731e-01
1.920416666666666572e+02,3.087046908755580049e-02
1.920625000000000000e+02,-2.501551559575202477e-01
1.920833333333333144e+02,1.190195334414436423e-01
1.921041666666666572e+02,2.162468080586628372e-01
1.921250000000000000e+02,-3.037059684328919928e-01
1.921458333333333144e+02,-2.109805606460451177e-01
1.921666666666666572e+02,3.965137221117490673e-01
1.921875000000000000e+02,2.281762692810510584e-01
1.922083333333333144e+02,-4.286891145817414706e-01
1.922291666666666572e+02,-3.211965627218030250e-01
1.922500000000000000e+02,3.136957445616315177e-01
1.922708333333333144e+02,1.691594550366389837e-01
1.922916666666666572e+02,-1.632366273788657396e-01
1.923125000000000000e+02,1.543557589329689061e-01
1.923333333333333144e+02,4.059235047801533214e-01
1.923541666666666572e+02,4.181183559224199708e-03
1.923750000000000000e+02,-1.620138376046961065e-02
1.923958333333333144e+02,4.027538422621142478e-01
1.924166666666666572e+02,1.937170732051504696e-01
1.924375000000000000e+02,-4.551417002274897317e-01
1.924583333333333144e+02,-2.987306717656390553e-01
1.924791666666666572e+02,3.436445292647395955e-01
1.925000000000000000e+02,2.174444130925453633e-01
1.925208333333333144e+02,-4.463249391147171563e-01
1.925416666666666572e+02,-3.162908647208034774e-01
1.925625000000000000e+02,3.525917199315818928e-01
1.925833333333333144e+02,2.556396308706762599e-01
1.926041666666666572e+02,-3.774056157718047588e-01
1.926250000000000000e+02,-2.288569458582306038e-01
1.926458333333333144e+02,4.655316423020502414e-01
1.926666666666666572e+02,3.879164913799260650e-01
1.926875000000000000e+02,-2.284798571558801505e-01
1.927083333333333144e+02,-6.351112379089640658e-02
1.927291666666666572e+02,3.406818670333653376e-01
1.927500000000000000e+02,6.484103523021200743e-02
1.927708333333333144e+02,-5.499357909661672927e-01
1.927916666666666572e+02,-3.792714806448510556e-01
1.928125000000000000e+02,3.130081953966176167e-01
1.928333333333333144e+02,2.251540162537176148e-01
1.928541666666666572e+02,-3.890168169982987090e-01
1.928750000000000000e+02,-2.145302096188598240e-01
1.928958333333333144e+02,4.766362509397853442e-01
1.929166666666666572e+02,3.846012754489409047e-01
1.929375000000000000e+02,-2.290376576378236329e-01
1.929583333333333144e+02,-2.005364790089404492e-01
1.929791666666666572e+02,2.135078760128037434e-01
1.930000000000000000e+02,3.998766531488895382e-04
1.930208333333333144e+02,-6.121120237485904170e-01
1.930416666666666572e+02,-4.300188432246923043e-01
1.930625000000000000e+02,2.601715006021870780e-01
1.930833333333333144e+02,1.535639315386198855e-01
1.931041666666666572e+02,-4.643554617003404772e-01
1.931250000000000000e+02,-2.848748947075656623e-01
1.931458333333333144e+02,4.064040521352799695e-01
1.931666666666666572e+02,3.176330478757966036e-01
1.931875000000000000e+02,-2.975384934859648389e-01
1.932083333333333144e+02,-1.328351440013425255e-01
1.932291666666666572e+02,5.594222530749556332e-01
1.932500000000000000e+02,4.817420152426801216e-01
1.932708333333333144e+02,-1.356894391737762662e-01
1.932916666666666572e+02,-2.519029702019007777e-01
1.933125000000000000e+02,2.610622429144976442e-01
1.933333333333333144e+02,1.739929363176107024e-01
1.933541666666666572e+02,-4.481238289175455414e-01
1.933750000000000000e+02,-2.819440459213259365e-01
1.933958333333333144e+02,4.114529460841621078e-01
1.934166666666666572e+02,3.288737706517781967e-01
1.934375000000000000e+02,-2.868754406762840103e-01
1.934583333333333144e+02,-1.191902658306777663e-01
1.934791666666666572e+02,2.500405828350582005e-01
1.935000000000000000e+02,-4.915039531892717584e-02
1.935208333333333144e+02,-4.784322014999085049e-01
1.935416666666666572e+02,-1.941415306965307841e-01
1.935625000000000000e+02,4.892190089327774216e-01
1.935833333333333144e+02,3.988384257241878172e-01
1.936041666666666572e+02,-2.156646022035896282e-01
1.936250000000000000e+02,-2.593026336284690037e-01
1.936458333333333144e+02,2.500707544558125606e-01
1.936666666666666572e+02,1.285846977739144859e-01
1.936875000000000000e+02,-4.832267370447533850e-01
1.937083333333333144e+02,-2.933021484520101363e-01
1.937291666666666572e+02,3.899266233076605914e-01
1.937500000000000000e+02,2.634366036401329381e-01
1.937708333333333144e+02,-3.558744129652046118e-01
1.937916666666666572e+02,-1.758797118694130357e-01
1.938125000000000000e+02,3.159845420974557451e-01
1.938333333333333144e+02,8.602829108730697394e-02
1.938541666666666572e+02,-5.283099183206793059e-01
1.938750000000000000e+02,-3.470783895961358501e-01
1.938958333333333144e+02,3.433988694306726597e-01
1.939166666666666572e+02,2.496033416062534149e-01
1.939375000000000000e+02,-3.639253099600150976e-01
1.939583333333333144e+02,-1.886233562841083122e-01
1.939791666666666572e+02,5.026493956071376168e-01
1.940000000000000000e+02,4.143564993110986361e-01
1.940208333333333144e+02,-2.005161252918188086e-01
1.940416666666666572e+02,-1.046434954503916992e-01
1.940625000000000000e+02,2.722366522996895188e-01
1.940833333333333144e+02,1.272881178615847819e-02
1.941041666666666572e+02,-4.764550642058594798e-01
1.941250000000000000e+02,-2.296697400055704164e-01
1.941458333333333144e+02,4.645125253608947680e-01
1.941666666666666572e+02,3.904517821566773628e-01
1.941875000000000000e+02,-2.328203965721769853e-01
1.942083333333333144e+02,-9.072611399998514736e-02
1.942291666666666572e+02,2.959006766060621740e-01
1.942500000000000000e+02,1.809974081216510211e-02
1.942708333333333144e+02,-5.079751514461996464e-01
1.942916666666666572e+02,-2.793852557978791507e-01
1.943125000000000000e+02,4.128496183651828577e-01
1.943333333333333144e+02,3.189405706682288955e-01
1.943541666666666572e+02,-2.964344338296133197e-01
1.943750000000000000e+02,-1.155622380214036543e-01
1.943958333333333144e+02,4.145707434202094976e-01
1.944166666666666572e+02,2.015046128098662015e-01
1.944375000000000000e+02,-4.143157524578221507e-01
1.944583333333333144e+02,-2.284939656685561205e-01
1.944791666666666572e+02,4.610254353064286992e-01
1.945000000000000000e+02,3.611248909408060204e-01
1.945208333333333144e+02,-2.515347014991648478e-01
1.945416666666666572e+02,-1.511193510003853435e-01
1.945625000000000000e+02,1.931598778404652328e-01
1.945833333333333144e+02,-9.708393354922763285e-02
1.946041666666666572e+02,-4.232279522020447882e-01
1.946250000000000000e+02,-5.352838580924342698e-02
1.946458333333333144e+02,1.943512372878727357e-01
1.946666666666666572e+02,-1.912655567497417164e-01
1.946875000000000000e+02,-1.263112341872263400e-01
1.947083333333333144e+02,2.877020909704882667e-01
1.947291666666666572e+02,5.784037700974617446e-02
1.947500000000000000e+02,-5.345227920101252028e-01
1.947708333333333144e+02,-3.740490771084329369e-01
1.947916666666666572e+02,2.907500278492687329e-01
1.948125000000000000e+02,1.972324070863596956e-01
1.948333333333333144e+02,-3.999279917081947078e-01
1.948541666666666572e+02,-2.321568849490782682e-01
1.948750000000000000e+02,4.516546768348274621e-01
1.948958333333333144e+02,3.605866663079030920e-01
1.949166666666666572e+02,-2.395678582238061072e-01
1.949375000000000000e+02,-7.194564967610561634e-02
1.949583333333333144e+02,5.889793509053089515e-01
1.949791666666666572e+02,4.837665914578597182e-01
1.950000000000000000e+02,-1.521672300069529249e-01
1.950208333333333144e+02,-4.152189304855530283e-02
1.950416666666666572e+02,2.653787246163080704e-01
1.950625000000000000e+02,-6.259832906546969333e-02
1.950833333333333144e+02,-3.142052199863717421e-01
1.951041666666666572e+02,1.030558023819347774e-01
1.951250000000000000e+02,2.150821085904772167e-02
1.951458333333333144e+02,-3.759268071015777757e-01
1.951666666666666572e+02,-1.212769644405422009e-01
1.951875000000000000e+02,5.007951401875039288e-01
1.952083333333333144e+02,3.518511593936391457e-01
1.952291666666666572e+02,-3.089237803285660444e-01
1.952500000000000000e+02,-2.119696689340929141e-01
1.952708333333333144e+02,4.361116547413379507e-01
1.952916666666666572e+02,2.969858267747712555e-01
1.953125000000000000e+02,-3.476410602599112609e-01
1.953333333333333144e+02,-2.254509549319842210e-01
1.953541666666666572e+02,2.349258627091184992e-01
1.953750000000000000e+02,-3.509148930347760764e-02
1.953958333333333144e+02,-6.736724259425828087e-01
1.954166666666666572e+02,-5.460370029872505526e-01
1.954375000000000000e+02,1.171317929053914408e-01
1.954583333333333144e+02,-2.181414564911240972e-02
1.954791666666666572e+02,-2.990368735359015817e-01
1.955000000000000000e+02,6.877835859112230166e-02
1.955208333333333144e+02,2.457323665829457271e-01
1.955416666666666572e+02,-2.129581692038078622e-01
1.955625000000000000e+02,-8.898911873734652311e-02
1.955833333333333144e+02,5.428517845540428155e-01
1.956041666666666572e+02,4.208057468725661110e-01
1.956250000000000000e+02,-2.418674917632274712e-01
1.956458333333333144e+02,-9.988157310141944356e-02
1.956666666666666572e+02,4.525700655775803938e-01
1.956875000000000000e+02,2.624489071020451592e-01
1.957083333333333144e+02,-4.061265993122853413e-01
1.957291666666666572e+02,-2.631032305671608951e-01
1.957500000000000000e+02,3.920363449183139615e-01
1.957708333333333144e+02,2.689783956036410073e-01
1.957916666666666572e+02,-3.970415541679756521e-01
1.958125000000000000e+02,-2.550016409268870410e-01
1.958333333333333144e+02,3.930063378046959599e-01
1.958541666666666572e+02,2.718570137609755411e-01
1.958750000000000000e+02,-3.705093565818124990e-01
1.958958333333333144e+02,-2.262709893572187603e-01
1.959166666666666572e+02,4.112988566408409818e-01
1.959375000000000000e+02,2.908199578627656545e-01
1.959583333333333144e+02,-3.637741516608359871e-01
1.959791666666666572e+02,-2.235982358769131872e-01
1.960000000000000000e+02,3.635943984932127893e-01
1.960208333333333144e+02,2.076685671783195242e-01
1.960416666666666572e+02,-4.369063260021204265e-01
1.960625000000000000e+02,-3.038356719361816616e-01
1.960833333333333144e+02,3.287384986833501443e-01
1.961041666666666572e+02,2.078310627902696384e-01
1.961250000000000000e+02,-4.524557394838221169e-01
1.961458333333333144e+02,-3.103195685505383272e-01
1.961666666666666572e+02,3.423709624659730943e-01
1.961875000000000000e+02,2.193203107266451235e-01
1.962083333333333144e+02,-4.486515464867693592e-01
1.962291666666666572e+02,-3.044533763213627120e-01
1.962500000000000000e+02,3.521613707341034183e-01
1.962708333333333144e+02,2.287790410661598717e-01
1.962916666666666572e+02,-4.396402106688096501e-01
1.963125000000000000e+02,-2.968410513422533592e-01
1.963333333333333144e+02,3.544920242341220717e-01
1.963541666666666572e+02,2.326597705407372485e-01
1.963750000000000000e+02,-4.212507990817140335e-01
1.963958333333333144e+02,-2.945765167753032210e-01
1.964166666666666572e+02,3.377485805690109144e-01
1.964375000000000000e+02,2.029296226485845511e-01
1.964583333333333144e+02,-4.650974855530486396e-01
1.964791666666666572e+02,-3.354423150085458216e-01
1.965000000000000000e+02,3.013537471510179255e-01
1.965208333333333144e+02,1.801095573383877657e-01
1.965416666666666572e+02,-2.433685034443145156e-01
1.965625000000000000e+02,5.598949256818636089e-02
1.965833333333333144e+02,6.349510412895440492e-01
1.966041666666666572e+02,4.669374288655455674e-01
1.966250000000000000e+02,-1.938444912211377269e-01
1.966458333333333144e+02,-5.320941515104282704e-02
1.966666666666666572e+02,5.651555905005751779e-01
1.966875000000000000e+02,4.275314415371416210e-01
1.967083333333333144e+02,-2.110380007723585694e-01
1.967291666666666572e+02,-6.323782125412225064e-02
1.967500000000000000e+02,2.170051419175721419e-01
1.967708333333333144e+02,-1.418146416763145790e-01
1.967916666666666572e+02,-2.910435239241373484e-01
1.968125000000000000e+02,1.851472485182813765e-01
1.968333333333333144e+02,4.357344187971631810e-02
1.968541666666666572e+02,-5.987669553204781892e-01
1.968750000000000000e+02,-4.707228439789065133e-01
1.968958333333333144e+02,1.920734815567234910e-01
1.969166666666666572e+02,5.847027623100688187e-02
1.969375000000000000e+02,-3.939844727218977383e-01
1.969583333333333144e+02,-1.452354212841278913e-01
1.969791666666666572e+02,5.179526662496725109e-01
1.970000000000000000e+02,3.816747951893660895e-01
1.970208333333333144e+02,-2.622795328558379380e-01
1.970416666666666572e+02,-1.413617410699662680e-01
1.970625000000000000e+02,4.710693056592278327e-01
1.970833333333333144e+02,3.044483286755521045e-01
1.971041666666666572e+02,-3.399696862256510466e-01
1.971250000000000000e+02,-2.227637341574721930e-01
1.971458333333333144e+02,4.324091120231095542e-01
1.971666666666666572e+02,2.990262497282213383e-01
1.971875000000000000e+02,-3.454820994954734270e-01
1.972083333333333144e+02,-2.327623914804899385e-01
1.972291666666666572e+02,2.574723126139351614e-01
1.972500000000000000e+02,2.077033301834282919e-02
1.972708333333333144e+02,-6.386815254912965312e-01
1.972916666666666572e+02,-5.379470296859506506e-01
1.973125000000000000e+02,1.211733869641717365e-01
1.973333333333333144e+02,-1.462518880033333857e-02
1.973541666666666572e+02,-3.627079650760792751e-01
1.973750000000000000e+02,-4.286026591555175402e-02
1.973958333333333144e+02,4.156635440338826148e-01
1.974166666666666572e+02,1.397614632502450216e-01
1.974375000000000000e+02,-5.027731898640395158e-01
1.974583333333333144e+02,-3.735881108253733540e-01
1.974791666666666572e+02,2.881177630473637508e-01
1.975000000000000000e+02,1.428523819993233746e-01
1.975208333333333144e+02,-1.486189307495437428e-01
1.975416666666666572e+02,2.180019732491493001e-01
1.975625000000000000e+02,3.498609473588756291e-01
1.975833333333333144e+02,-1.507111827794629100e-01
1.976041666666666572e+02,-7.589146590843587337e-03
1.976250000000000000e+02,6.482321744444669021e-01
1.976458333333333144e+02,5.245263836630801313e-01
1.976666666666666572e+02,-1.395714856740455367e-01
1.976875000000000000e+02,3.837089382474762056e-03
1.977083333333333144e+02,3.377599730814198065e-01
1.977291666666666572e+02,7.764678637573241282e-03
1.977500000000000000e+02,-3.546718011394023318e-01
1.977708333333333144e+02,-2.103713651067096180e-02
1.977916666666666572e+02,2.649318208489987447e-01
1.978125000000000000e+02,-9.095390841159434192e-02
1.978333333333333144e+02,-2.663625477337437930e-01
1.978541666666666572e+02,1.922222937138279020e-01
1.978750000000000000e+02,4.926715473464995942e-02
1.978958333333333144e+02,-5.323553188078800069e-01
1.979166666666666572e+02,-3.617902565850905638e-01
1.979375000000000000e+02,3.000804639382411709e-01
1.979583333333333144e+02,1.627074718263507580e-01
1.979791666666666572e+02,-4.756129887359528130e-01
1.980000000000000000e+02,-3.462407861413050458e-01
1.980208333333333144e+02,3.088600191769993453e-01
1.980416666666666572e+02,1.633112254397134644e-01
1.980625000000000000e+02,-3.827054306770408809e-01
1.980833333333333144e+02,-1.963214469714907873e-01
1.981041666666666572e+02,4.681534984223970075e-01
1.981250000000000000e+02,3.398668861925093765e-01
1.981458333333333144e+02,-3.121201756725217047e-01
1.981666666666666572e+02,-2.064860293677177605e-01
1.981875000000000000e+02,4.598982107882826353e-01
1.982083333333333144e+02,3.422174955226984228e-01
1.982291666666666572e+02,-3.022553451284601400e-01
1.982500000000000000e+02,-1.963632142815375237e-01
1.982708333333333144e+02,4.706442382196489582e-01
1.982916666666666572e+02,3.528370007640528327e-01
1.983125000000000000e+02,-3.143436873046202007e-01
1.983333333333333144e+02,-2.198482973237107230e-01
1.983541666666666572e+02,4.218523655944003692e-01
1.983750000000000000e+02,2.760076587976522111e-01
1.983958333333333144e+02,-4.030353730201943208e-01
1.984166666666666572e+02,-3.045690713585456622e-01
1.984375000000000000e+02,3.096843192192132443e-01
1.984583333333333144e+02,1.318237379375249430e-01
1.984791666666666572e+02,-5.585734873350759466e-01
1.985000000000000000e+02,-4.611249021926271396e-01
1.985208333333333144e+02,1.517905102468380674e-01
1.985416666666666572e+02,1.058818520214973580e-01
1.985625000000000000e+02,-2.681008606366975244e-01
1.985833333333333144e+02,-1.558175387898469433e-02
1.986041666666666572e+02,4.725728065344838580e-01
1.986250000000000000e+02,1.988718813367306160e-01
1.986458333333333144e+02,-4.888952505987307351e-01
1.986666666666666572e+02,-3.630147932316083459e-01
1.986875000000000000e+02,2.586967428428869620e-01
1.987083333333333144e+02,1.197184547188438614e-01
1.987291666666666572e+02,-1.848759234197374091e-01
1.987500000000000000e+02,1.509073163425674047e-01
1.987708333333333144e+02,3.220735142248219440e-01
1.987916666666666572e+02,-1.524477567380223275e-01
1.988125000000000000e+02,-5.879647159803726847e-02
1.988333333333333144e+02,5.540340106251061547e-01
1.988541666666666572e+02,3.837271027377393007e-01
1.988750000000000000e+02,-3.055415506343366339e-01
1.988958333333333144e+02,-2.128514076509363528e-01
1.989166666666666572e+02,3.857177091757177934e-01
1.989375000000000000e+02,2.447907184204641540e-01
1.989583333333333144e+02,-4.103107849607241508e-01
1.989791666666666572e+02,-3.158390222352213117e-01
1.990000000000000000e+02,2.957177426896371308e-01
1.990208333333333144e+02,1.340825766018612086e-01
1.990416666666666572e+02,-5.469320273213339467e-01
1.990625000000000000e+02,-4.531630078520104132e-01
1.990833333333333144e+02,1.472933106908879686e-01
1.991041666666666572e+02,1.515981348933792827e-01
1.991250000000000000e+02,-2.794767107148135032e-01
1.991458333333333144e+02,-9.793342066903409915e-02
1.991666666666666572e+02,5.226679357965251516e-01
1.991875000000000000e+02,3.628304527226904330e-01
1.992083333333333144e+02,-3.129406032724252329e-01
1.992291666666666572e+02,-2.101740212220394310e-01
1.992500000000000000e+02,4.063873122254044734e-01
1.992708333333333144e+02,2.377575057965041205e-01
1.992916666666666572e+02,-4.644257798452869901e-01
1.993125000000000000e+02,-3.700348451014100482e-01
1.993333333333333144e+02,2.489037511020445459e-01
1.993541666666666572e+02,7.714840470621824042e-02
1.993750000000000000e+02,-3.472851277000078007e-01
1.993958333333333144e+02,-6.797015612833631759e-02
1.994166666666666572e+02,5.472200671098530478e-01
1.994375000000000000e+02,3.761477882684620688e-01
1.994583333333333144e+02,-3.011447843310461892e-01
1.994791666666666572e+02,-1.964543140482887806e-01
1.995000000000000000e+02,4.258706253726267654e-01
1.995208333333333144e+02,2.594494884411763236e-01
1.995416666666666572e+02,-4.412661140452503461e-01
1.995625000000000000e+02,-3.474874721402468891e-01
1.995833333333333144e+02,2.656856709557428031e-01
1.996041666666666572e+02,9.579049775241285647e-02
1.996250000000000000e+02,-5.295143342552267596e-01
1.996458333333333144e+02,-3.927215872887355186e-01
1.996666666666666572e+02,2.504790403357993189e-01
1.996875000000000000e+02,9.879585532607958187e-02
1.997083333333333144e+02,-2.474475948677804515e-01
1.997291666666666572e+02,7.473269112541947035e-02
1.997500000000000000e+02,4.238970186037673837e-01
1.997708333333333144e+02,7.227096292470099048e-02
1.997916666666666572e+02,-2.457753165601993806e-01
1.998125000000000000e+02,9.906844534524505974e-02
1.998333333333333144e+02,3.217002069423504640e-01
1.998541666666666572e+02,-1.156232594641748990e-01
1.998750000000000000e+02,1.618618308545675955e-02
1.998958333333333144e+02,3.440671299881418177e-01
1.999166666666666572e+02,1.400951713387085795e-02
1.999375000000000000e+02,-3.317910181073583931e-01
1.999583333333333144e+02,1.233817621625754590e-02
1.999791666666666572e+02,2.857805271312210960e-01
2.000000000000000000e+02,-7.868472135486971608e-02
2.000208333333333144e+02,-2.129238802231032124e-01
2.000416666666666572e+02,2.634630303210186986e-01
2.000625000000000000e+02,1.369992377967013120e-01
2.000833333333333144e+02,-4.907807980682564186e-01
2.001041666666666572e+02,-3.619445489148110373e-01
2.001250000000000000e+02,3.003429040174028231e-01
2.001458333333333144e+02,1.571632015637371427e-01
2.001666666666666572e+02,-4.908358449528609779e-01
2.001875000000000000e+02,-3.688487739298820789e-01
2.002083333333333144e+02,2.919000365906616601e-01
2.002291666666666572e+02,1.643374844762862663e-01
2.002500000000000000e+02,-3.014240899591062450e-01
2.002708333333333144e+02,-6.426718952008675378e-02
2.002916666666666572e+02,6.019491127015637044e-01
2.003125000000000000e+02,4.584760869507792380e-01
2.003333333333333144e+02,-1.993479850392398667e-01
2.003541666666666572e+02,-7.563679391013694575e-02
2.003750000000000000e+02,4.930382828709408694e-01
2.003958333333333144e+02,2.794937516347979489e-01
2.004166666666666572e+02,-3.797495057670073892e-01
2.004375000000000000e+02,-2.557872471253573310e-01
2.004583333333333144e+02,4.145630012957124411e-01
2.004791666666666572e+02,2.714848273935914769e-01
2.005000000000000000e+02,-3.806379887009395113e-01
2.005208333333333144e+02,-2.586497444973492876e-01
2.005416666666666572e+02,3.947665040370901268e-01
2.005625000000000000e+02,2.679286624857298293e-01
2.005833333333333144e+02,-3.637045999987086886e-01
2.006041666666666572e+02,-2.278927308456722423e-01
2.006250000000000000e+02,1.620307260148631523e-01
2.006458333333333144e+02,-1.492502386470621611e-01
2.006666666666666572e+02,-5.553300878210382097e-01
2.006875000000000000e+02,-2.818313207896718797e-01
2.007083333333333144e+02,3.800643287542952997e-01
2.007291666666666572e+02,2.382551330629553155e-01
2.007500000000000000e+02,-4.125728027142852028e-01
2.007708333333333144e+02,-2.900032989144334383e-01
2.007916666666666572e+02,3.746034324008977734e-01
2.008125000000000000e+02,2.327231875946506046e-01
2.008333333333333144e+02,-4.164105111870669562e-01
2.008541666666666572e+02,-2.945867349664309520e-01
2.008750000000000000e+02,3.636856863396411010e-01
2.008958333333333144e+02,2.335001917946111782e-01
2.009166666666666572e+02,-4.003686084734411899e-01
2.009375000000000000e+02,-2.799770368075167881e-01
2.009583333333333144e+02,3.728929286336764570e-01
2.009791666666666572e+02,2.333518225124937562e-01
2.010000000000000000e+02,-4.035324072923772709e-01
2.010208333333333144e+02,-2.842249279878792390e-01
2.010416666666666572e+02,3.411954029122890031e-01
2.010625000000000000e+02,1.896730876376393482e-01
2.010833333333333144e+02,-4.472849638050127585e-01
2.011041666666666572e+02,-3.265157018351572682e-01
2.011250000000000000e+02,3.319701963193449901e-01
2.011458333333333144e+02,1.904949744063651751e-01
2.011666666666666572e+02,-4.605703713119254639e-01
2.011875000000000000e+02,-3.376480799327962190e-01
2.012083333333333144e+02,3.302519271972950143e-01
2.012291666666666572e+02,1.875726017352865038e-01
2.012500000000000000e+02,-1.433407094410751870e-01
2.012708333333333144e+02,1.961160684133884113e-01
2.012916666666666572e+02,4.890804996633013602e-01
2.013125000000000000e+02,9.627459564624926691e-02
2.013333333333333144e+02,-2.796773217894083646e-02
2.013541666666666572e+02,4.467923043870795086e-01
2.013750000000000000e+02,3.264806741536406820e-01
2.013958333333333144e+02,-3.372304185406748700e-01
2.014166666666666572e+02,-2.008379360593777196e-01
2.014375000000000000e+02,4.423046958726045141e-01
2.014583333333333144e+02,3.164401136423077854e-01
2.014791666666666572e+02,-3.458487213867825760e-01
2.015000000000000000e+02,-2.090819207595617235e-01
2.015208333333333144e+02,4.295555210833641446e-01
2.015416666666666572e+02,2.988632606770426636e-01
2.015625000000000000e+02,-3.582242823580819024e-01
2.015833333333333144e+02,-2.094501434306240417e-01
2.016041666666666572e+02,4.321640362214736464e-01
2.016250000000000000e+02,3.005789728852286680e-01
2.016458333333333144e+02,-3.609848849829898620e-01
2.016666666666666572e+02,-2.174249676514577734e-01
2.016875000000000000e+02,4.216449846151585357e-01
2.017083333333333144e+02,2.907447659914004223e-01
2.017291666666666572e+02,-3.713738029029355903e-01
2.017500000000000000e+02,-2.387460449777740468e-01
2.017708333333333144e+02,1.862651650871727516e-01
2.017916666666666572e+02,-8.022143441457957325e-02
2.018125000000000000e+02,-7.041882337394653746e-01
2.018333333333333144e+02,-5.405758788731345188e-01
2.018541666666666572e+02,1.037490122100536011e-01
2.018750000000000000e+02,-2.061338869499577953e-02
2.018958333333333144e+02,-4.152440408470416955e-01
2.019166666666666572e+02,-1.016238720068454171e-01
2.019375000000000000e+02,4.639922737154370536e-01
2.019583333333333144e+02,2.940063765386237149e-01
2.019791666666666572e+02,-3.708702777460147759e-01
2.020000000000000000e+02,-2.435916662131743515e-01
2.020208333333333144e+02,4.017161982355760830e-01
2.020416666666666572e+02,2.903167469457382244e-01
2.020625000000000000e+02,-3.757771407719875945e-01
2.020833333333333144e+02,-2.572105300567230635e-01
2.021041666666666572e+02,4.037497773650682298e-01
2.021250000000000000e+02,3.049158400086487419e-01
2.021458333333333144e+02,-3.467430534513916141e-01
2.021666666666666572e+02,-2.129648083321011853e-01
2.021875000000000000e+02,4.270907089696104331e-01
2.022083333333333144e+02,3.074869632543436593e-01
2.022291666666666572e+02,-3.566322883725245307e-01
2.022500000000000000e+02,-2.225685483998601777e-01
2.022708333333333144e+02,4.213066368309208443e-01
2.022916666666666572e+02,2.990826588434253308e-01
2.023125000000000000e+02,-3.642665525415878514e-01
2.023333333333333144e+02,-2.276235969109219881e-01
2.023541666666666572e+02,4.188065401675967747e-01
2.023750000000000000e+02,2.957289695036411370e-01
2.023958333333333144e+02,-3.666907849034842792e-01
2.024166666666666572e+02,-2.246931705188868478e-01
2.024375000000000000e+02,4.174617264945321704e-01
2.024583333333333144e+02,2.855077714529182797e-01
2.024791666666666572e+02,-3.752741590354684575e-01
2.025000000000000000e+02,-2.262359389469988658e-01
2.025208333333333144e+02,4.146043262533853913e-01
2.025416666666666572e+02,2.761009413511258392e-01
2.025625000000000000e+02,-3.831352092729307657e-01
2.025833333333333144e+02,-2.301463568208245158e-01
2.026041666666666572e+02,4.077275536969530156e-01
2.026250000000000000e+02,2.632256867703072212e-01
2.026458333333333144e+02,-3.799491293322763696e-01
2.026666666666666572e+02,-2.192654415917679178e-01
2.026875000000000000e+02,3.738343467411462950e-01
2.027083333333333144e+02,2.097892451104663436e-01
2.027291666666666572e+02,-4.515334550999702268e-01
2.027500000000000000e+02,-3.085860925388091980e-01
2.027708333333333144e+02,3.346365561882078121e-01
2.027916666666666572e+02,2.116269158777515647e-01
2.028125000000000000e+02,-4.523501805899718953e-01
2.028333333333333144e+02,-3.223120915282379206e-01
2.028541666666666572e+02,3.376067531156743962e-01
2.028750000000000000e+02,2.337991704215903466e-01
2.028958333333333144e+02,-4.297319680543085219e-01
2.029166666666666572e+02,-2.971687924104977618e-01
2.029375000000000000e+02,3.469231346197206300e-01
2.029583333333333144e+02,2.239266690028847706e-01
2.029791666666666572e+02,-4.324854890133918439e-01
2.030000000000000000e+02,-2.959952311274246517e-01
2.030208333333333144e+02,3.422314674350677155e-01
2.030416666666666572e+02,2.167907831739100122e-01
2.030625000000000000e+02,-4.459942173436075574e-01
2.030833333333333144e+02,-3.075199584462975366e-01
2.031041666666666572e+02,3.358835477527862268e-01
2.031250000000000000e+02,2.113456475183826955e-01
2.031458333333333144e+02,-4.515129522841058174e-01
2.031666666666666572e+02,-3.142218297352976086e-01
2.031875000000000000e+02,3.293175130413957818e-01
2.032083333333333144e+02,2.060371190011740516e-01
2.032291666666666572e+02,-4.570662594041826621e-01
2.032500000000000000e+02,-3.213363539381918765e-01
2.032708333333333144e+02,3.224218606966258727e-01
2.032916666666666572e+02,2.407127616918338375e-01
2.033125000000000000e+02,-1.796587071985644435e-01
2.033333333333333144e+02,9.793656265135874950e-02
2.033541666666666572e+02,6.724431441486919958e-01
2.033750000000000000e+02,5.067040626345721277e-01
2.033958333333333144e+02,-1.581898840171651055e-01
2.034166666666666572e+02,-2.826322201850728355e-02
2.034375000000000000e+02,5.772240041253711151e-01
2.034583333333333144e+02,4.356677536425212494e-01
2.034791666666666572e+02,-2.300604253021200640e-01
2.035000000000000000e+02,-1.107183386125707991e-01
2.035208333333333144e+02,3.372250075771748845e-01
2.035416666666666572e+02,9.405838928081183825e-02
2.035625000000000000e+02,-5.683771281925918961e-01
2.035833333333333144e+02,-4.314652083633950808e-01
2.036041666666666572e+02,2.121408975736522040e-01
2.036250000000000000e+02,8.123397556717504298e-02
2.036458333333333144e+02,-5.788003655763926947e-01
2.036666666666666572e+02,-4.287579445598931893e-01
2.036875000000000000e+02,2.128978687130082259e-01
2.037083333333333144e+02,7.617644238325632644e-02
2.037291666666666572e+02,-3.629607737150881697e-01
2.037500000000000000e+02,-6.334135360823961447e-02
2.037708333333333144e+02,5.423278827065192154e-01
2.037916666666666572e+02,3.804797039732470409e-01
2.038125000000000000e+02,-2.797799809988802400e-01
2.038333333333333144e+02,-1.413644613921582471e-01
2.038541666666666572e+02,4.716885244547944778e-01
2.038750000000000000e+02,3.232312999055063085e-01
2.038958333333333144e+02,-3.329452140928331749e-01
2.039166666666666572e+02,-1.830691854270957153e-01
2.039375000000000000e+02,3.473391827788666619e-01
2.039583333333333144e+02,1.408262944895738444e-01
2.039791666666666572e+02,-5.248734121744432768e-01
2.040000000000000000e+02,-3.882442544317896704e-01
2.040208333333333144e+02,2.559678072255646697e-01
2.040416666666666572e+02,1.382122761137907774e-01
2.040625000000000000e+02,-5.268685897378465599e-01
2.040833333333333144e+02,-4.020333430106267092e-01
2.041041666666666572e+02,2.496701974445324212e-01
2.041250000000000000e+02,1.458467246661135641e-01
2.041458333333333144e+02,-5.204699571635815758e-01
2.041666666666666572e+02,-4.060031888221454222e-01
2.041875000000000000e+02,2.371824395665816376e-01
2.042083333333333144e+02,2.850148864269604898e-01
2.042291666666666572e+02,-2.801365617481219594e-01
2.042500000000000000e+02,-1.626263180197529135e-01
2.042708333333333144e+02,4.993878871607229097e-01
2.042916666666666572e+02,3.902169991498221080e-01
2.043125000000000000e+02,-2.742052135987643746e-01
2.043333333333333144e+02,-1.359350942926863259e-01
2.043541666666666572e+02,5.078942327676206903e-01
2.043750000000000000e+02,3.810666767851689785e-01
2.043958333333333144e+02,-2.805676465446731438e-01
2.044166666666666572e+02,-1.479756538991299497e-01
2.044375000000000000e+02,4.831219255140271063e-01
2.044583333333333144e+02,3.418553568307995949e-01
2.044791666666666572e+02,-3.008386775480517139e-01
2.045000000000000000e+02,-1.328307212352408395e-01
2.045208333333333144e+02,5.223904396129295247e-01
2.045416666666666572e+02,3.941877241666078557e-01
2.045625000000000000e+02,-2.563925828439300725e-01
2.045833333333333144e+02,-9.794333402654864518e-02
2.046041666666666572e+02,4.730087895134535980e-01
2.046250000000000000e+02,2.920336941464920510e-01
2.046458333333333144e+02,-3.693497492857257813e-01
2.046666666666666572e+02,-2.261318497338666855e-01
2.046875000000000000e+02,3.581622106465200961e-01
2.047083333333333144e+02,1.946318333111724530e-01
2.047291666666666572e+02,-4.689402962463988245e-01
2.047500000000000000e+02,-3.358533090551427680e-01
2.047708333333333144e+02,3.198897786318873893e-01
2.047916666666666572e+02,2.105812216876918330e-01
2.048125000000000000e+02,-4.535757665689373330e-01
2.048333333333333144e+02,-3.231487205862279555e-01
2.048541666666666572e+02,1.364522932343538719e-01
2.048750000000000000e+02,-1.080860654374461716e-01
2.048958333333333144e+02,-7.703751442595019316e-01
2.049166666666666572e+02,-6.288517648447504715e-01
2.049375000000000000e+02,1.446799263163700555e-02
2.049583333333333144e+02,4.747832202131330170e-02
2.049791666666666572e+02,-3.977552304497971036e-01
2.050000000000000000e+02,-1.819456184867871973e-01
2.050208333333333144e+02,4.595386224654147145e-01
2.050416666666666572e+02,3.303775925554082171e-01
2.050625000000000000e+02,-3.323007290320103557e-01
2.050833333333333144e+02,-1.995861072295557759e-01
2.051041666666666572e+02,4.408617458799644062e-01
2.051250000000000000e+02,3.205297204751174078e-01
2.051458333333333144e+02,-3.437944564865483832e-01
2.051666666666666572e+02,-2.146274799863189808e-01
2.051875000000000000e+02,4.346539412325071128e-01
2.052083333333333144e+02,3.242021126029602240e-01
2.052291666666666572e+02,-3.412882210715803000e-01
2.052500000000000000e+02,-2.161869761725371819e-01
2.052708333333333144e+02,4.307322068186966724e-01
2.052916666666666572e+02,3.196982127212456559e-01
2.053125000000000000e+02,-3.458956595294523373e-01
2.053333333333333144e+02,-2.207101708214333213e-01
2.053541666666666572e+02,4.333799161160181712e-01
2.053750000000000000e+02,3.246256508608628133e-01
2.053958333333333144e+02,-3.396511669645833065e-01
2.054166666666666572e+02,-2.075367653225320963e-01
2.054375000000000000e+02,4.335932476378659972e-01
2.054583333333333144e+02,3.045903814871198656e-01
2.054791666666666572e+02,-3.540515047707777918e-01
2.055000000000000000e+02,-2.025976976220960901e-01
2.055208333333333144e+02,4.378671236199294103e-01
2.055416666666666572e+02,2.937407017984363655e-01
2.055625000000000000e+02,-3.249565384851771377e-01
2.055833333333333144e+02,-1.477040115611564230e-01
2.056041666666666572e+02,5.006919859384413307e-01
2.056250000000000000e+02,3.718067631139760909e-01
2.056458333333333144e+02,-2.879351456982416346e-01
2.056666666666666572e+02,-1.365929472602790407e-01
2.056875000000000000e+02,5.039224129528432350e-01
2.057083333333333144e+02,3.661662561800722027e-01
2.057291666666666572e+02,-2.834129940592263752e-01
2.057500000000000000e+02,-1.274160134579356285e-01
2.057708333333333144e+02,3.914087200229349195e-01
2.057916666666666572e+02,1.828016859512925918e-01
2.058125000000000000e+02,-4.809791169281052436e-01
2.058333333333333144e+02,-3.502841828336915597e-01
2.058541666666666572e+02,3.187523959080885705e-01
2.058750000000000000e+02,2.215320433047381909e-01
2.058958333333333144e+02,-4.083300742222591984e-01
2.059166666666666572e+02,-2.578146158859702664e-01
2.059375000000000000e+02,2.525158399324866632e-01
2.059583333333333144e+02,5.525725988511515085e-02
2.059791666666666572e+02,-5.614709725252944317e-01
2.060000000000000000e+02,-4.020042252066432509e-01
2.060208333333333144e+02,2.928908546278237157e-01
2.060416666666666572e+02,2.184596200320635395e-01
2.060625000000000000e+02,-3.984717216738401513e-01
2.060833333333333144e+02,-2.463318964850354509e-01
2.061041666666666572e+02,1.995339421215948095e-01
2.061250000000000000e+02,-4.106319246380209231e-02
2.061458333333333144e+02,-6.568018469636434098e-01
2.061666666666666572e+02,-4.889013752378175703e-01
2.061875000000000000e+02,2.042214389696117571e-01
2.062083333333333144e+02,1.169206317378329585e-01
2.062291666666666572e+02,-4.972580696698886693e-01
2.062500000000000000e+02,-3.205053967330472875e-01
2.062708333333333144e+02,3.703527414245681992e-01
2.062916666666666572e+02,2.736990655397003591e-01
2.063125000000000000e+02,-3.389705137457174056e-01
2.063333333333333144e+02,-1.536868815387554266e-01
2.063541666666666572e+02,5.350858573113526084e-01
2.063750000000000000e+02,4.265645143929523431e-01
2.063958333333333144e+02,-1.868984416405980453e-01
2.064166666666666572e+02,4.350736389492237954e-03
2.064375000000000000e+02,6.919892512682839225e-01
2.064583333333333144e+02,5.769351123286394767e-01
2.064791666666666572e+02,-3.889447336873275152e-02
2.065000000000000000e+02,-3.115570265989761611e-02
2.065208333333333144e+02,3.411158785012906591e-01
2.065416666666666572e+02,1.104047133808885028e-01
2.065625000000000000e+02,-4.661697168569880478e-01
2.065833333333333144e+02,-2.621892281392932955e-01
2.066041666666666572e+02,4.292167055127293351e-01
2.066250000000000000e+02,3.379555946414996015e-01
2.066458333333333144e+02,-2.778048831027740140e-01
2.066666666666666572e+02,-1.086975436341602042e-01
2.066875000000000000e+02,3.601688469189772146e-01
2.067083333333333144e+02,1.313564061402739402e-01
2.067291666666666572e+02,-4.854106432386259273e-01
2.067500000000000000e+02,-3.378847271973076660e-01
2.067708333333333144e+02,3.505045981277041256e-01
2.067916666666666572e+02,2.753461590011734295e-01
2.068125000000000000e+02,-3.423803391165044507e-01
2.068333333333333144e+02,-1.805444945354202080e-01
2.068541666666666572e+02,2.699617833670715505e-01
2.068750000000000000e+02,2.759035783950708476e-02
2.068958333333333144e+02,-5.877584709029648469e-01
2.069166666666666572e+02,-4.198181784075069034e-01
2.069375000000000000e+02,2.731755725039157756e-01
2.069583333333333144e+02,1.878791578068216284e-01
2.069791666666666572e+02,-4.267545950435611690e-01
2.070000000000000000e+02,-2.543697320415531093e-01
2.070208333333333144e+02,4.373409855184022810e-01
2.070416666666666572e+02,3.471853951410611150e-01
2.070625000000000000e+02,-2.667855953114139922e-01
2.070833333333333144e+02,-9.029209028783635738e-02
2.071041666666666572e+02,2.614519921924283175e-01
2.071250000000000000e+02,-5.808885602017214989e-02
2.071458333333333144e+02,-3.794748656183988267e-01
2.071666666666666572e+02,-6.079957786468526137e-03
2.071875000000000000e+02,2.239778587120073439e-01
2.072083333333333144e+02,-1.768292770273221515e-01
2.072291666666666572e+02,-3.860950221338646515e-02
2.072500000000000000e+02,3.008642554902645760e-01
2.072708333333333144e+02,-1.702213822288174000e-02
2.072916666666666572e+02,-3.113355219708129340e-01
2.073125000000000000e+02,6.895742531800910791e-02
2.073333333333333144e+02,1.942608364055890269e-01
2.073541666666666572e+02,-2.735009872631628536e-01
2.073750000000000000e+02,-9.602514928955013795e-02
2.073958333333333144e+02,5.708292119622745409e-01
2.074166666666666572e+02,4.638391797904919400e-01
2.074375000000000000e+02,-1.516371696294174787e-01
2.074583333333333144e+02,-1.814962556501416580e-01
2.074791666666666572e+02,3.031805261605910462e-01
2.075000000000000000e+02,1.643880962926348999e-01
2.075208333333333144e+02,-4.553059759589248578e-01
2.075416666666666572e+02,-2.972937550353771385e-01
2.075625000000000000e+02,3.920744633672662016e-01
2.075833333333333144e+02,3.114454247767903250e-01
2.076041666666666572e+02,-3.039287599590730360e-01
2.076250000000000000e+02,-1.362381053552795540e-01
2.076458333333333144e+02,2.471661558240069445e-01
2.076666666666666572e+02,-4.380056719752091487e-02
2.076875000000000000e+02,-5.197896144842921728e-01
2.077083333333333144e+02,-2.598896842640600058e-01
2.077291666666666572e+02,4.298660286956733634e-01
2.077500000000000000e+02,3.416946841696245629e-01
2.077708333333333144e+02,-2.730020437737972205e-01
2.077916666666666572e+02,-1.008549537546173658e-01
2.078125000000000000e+02,2.002966559133954605e-01
2.078333333333333144e+02,-1.487629688855896526e-01
2.078541666666666572e+02,-2.854531100543673539e-01
2.078750000000000000e+02,2.031538149923857728e-01
2.078958333333333144e+02,1.089657293190252202e-01
2.079166666666666572e+02,-5.013895075117831279e-01
2.079375000000000000e+02,-3.312728796855214375e-01
2.079583333333333144e+02,3.447348170459865191e-01
2.079791666666666572e+02,2.408858615306617434e-01
2.080000000000000000e+02,-3.845706432284625720e-01
2.080208333333333144e+02,-2.197911026418482017e-01
2.080416666666666572e+02,4.804607506080083579e-01
2.080625000000000000e+02,3.854083733123870870e-01
2.080833333333333144e+02,-2.289589728238111410e-01
2.081041666666666572e+02,-6.752801370893467270e-02
2.081250000000000000e+02,4.390125580014178075e-01
2.081458333333333144e+02,2.243203075245045197e-01
2.081666666666666572e+02,-3.913588278618095884e-01
2.081875000000000000e+02,-2.200411898517435350e-01
2.082083333333333144e+02,4.850514127166222211e-01
2.082291666666666572e+02,3.903151914437589243e-01
2.082500000000000000e+02,-2.326549791960589031e-01
2.082708333333333144e+02,-1.104672451322657734e-01
2.082916666666666572e+02,2.327622021790281270e-01
2.083125000000000000e+02,-8.249457251338676578e-02
2.083333333333333144e+02,-4.216360776229924334e-01
2.083541666666666572e+02,-6.118437289087741426e-02
2.083750000000000000e+02,2.355809143322576960e-01
2.083958333333333144e+02,-1.294984860071092536e-01
2.084166666666666572e+02,-2.566050868119718609e-01
2.084375000000000000e+02,2.390711476473178776e-01
2.084583333333333144e+02,1.504173985344109676e-01
2.084791666666666572e+02,-4.634571675949725744e-01
2.085000000000000000e+02,-2.850057679818551737e-01
2.085208333333333144e+02,4.053329944802407381e-01
2.085416666666666572e+02,2.998061490673347151e-01
2.085625000000000000e+02,-3.171083497057445855e-01
2.085833333333333144e+02,-1.335310206931391297e-01
2.086041666666666572e+02,4.213676160918280456e-01
2.086250000000000000e+02,2.339120904006606882e-01
2.086458333333333144e+02,-3.790550626387256816e-01
2.086666666666666572e+02,-1.990150398016139466e-01
2.086875000000000000e+02,4.684004961794557276e-01
2.087083333333333144e+02,3.566665595837107405e-01
2.087291666666666572e+02,-2.588715868781033547e-01
2.087500000000000000e+02,-2.165276391741941531e-01
2.087708333333333144e+02,2.060722036415009450e-01
2.087916666666666572e+02,-2.749414615361434056e-03
2.088125000000000000e+02,-6.168425155646070079e-01
2.088333333333333144e+02,-4.452995087641059557e-01
2.088541666666666572e+02,2.473320782404910545e-01
2.088750000000000000e+02,1.633482164291422400e-01
2.088958333333333144e+02,-4.519021232811242239e-01
2.089166666666666572e+02,-2.858763050245869408e-01
2.089375000000000000e+02,4.074864595347370555e-01
2.089583333333333144e+02,3.285489523983281535e-01
2.089791666666666572e+02,-2.887794883672964996e-01
2.090000000000000000e+02,-1.434274731659154201e-01
2.090208333333333144e+02,5.405550850482800929e-01
2.090416666666666572e+02,4.448981961094052862e-01
2.090625000000000000e+02,-1.780543639631353703e-01
2.090833333333333144e+02,-6.688450441217783093e-03
2.091041666666666572e+02,2.818124945127873371e-01
2.091250000000000000e+02,-7.381303757673186861e-02
2.091458333333333144e+02,-2.346118504418043815e-01
2.091666666666666572e+02,2.259630686182059200e-01
2.091875000000000000e+02,1.260475224071569700e-01
2.092083333333333144e+02,-4.857324871276759159e-01
2.092291666666666572e+02,-3.141598299832555896e-01
2.092500000000000000e+02,3.802094215143329015e-01
2.092708333333333144e+02,2.808365168619170738e-01
2.092916666666666572e+02,-3.400433008608595431e-01
2.093125000000000000e+02,-1.681312304231994403e-01
2.093333333333333144e+02,5.381918410172715772e-01
2.093541666666666572e+02,4.436041838912255786e-01
2.093750000000000000e+02,-1.766487711186887355e-01
2.093958333333333144e+02,-2.249572125734570771e-01
2.094166666666666572e+02,2.796018477667272517e-01
2.094375000000000000e+02,1.530334826711234886e-01
2.094583333333333144e+02,-4.586384230360196490e-01
2.094791666666666572e+02,-2.972593825289233105e-01
2.095000000000000000e+02,3.787874052798468893e-01
2.095208333333333144e+02,2.801907600165708945e-01
2.095416666666666572e+02,-3.303065187883849618e-01
2.095625000000000000e+02,-1.595880686418437722e-01
2.095833333333333144e+02,1.643973618559613770e-01
2.096041666666666572e+02,-1.794289781500065240e-01
2.096250000000000000e+02,-3.792843854266434445e-01
2.096458333333333144e+02,7.098912510237842532e-02
2.096666666666666572e+02,-8.460870797816218147e-03
2.096875000000000000e+02,-5.247051112503487991e-01
2.097083333333333144e+02,-2.954533136947372074e-01
2.097291666666666572e+02,3.988873503396673792e-01
2.097500000000000000e+02,3.169466203414795791e-01
2.097708333333333144e+02,-3.039469309129761432e-01
2.097916666666666572e+02,-1.596430115779770842e-01
2.098125000000000000e+02,5.245676957565509335e-01
2.098333333333333144e+02,4.296508312947903141e-01
2.098541666666666572e+02,-1.929737695924866880e-01
2.098750000000000000e+02,-1.386233237376686966e-01
2.098958333333333144e+02,2.757179203044332061e-01
2.099166666666666572e+02,5.404940485787750049e-02
2.099375000000000000e+02,-5.596621839129380938e-01
2.099583333333333144e+02,-3.842347081207507786e-01
2.099791666666666572e+02,3.071466564251606468e-01
2.100000000000000000e+02,2.156673780553788888e-01
2.100208333333333144e+02,-3.978139591604835101e-01
2.100416666666666572e+02,-2.207534422637151550e-01
2.100625000000000000e+02,4.699252930905106762e-01
2.100833333333333144e+02,3.764275710072443326e-01
2.101041666666666572e+02,-2.369862632091028487e-01
2.101250000000000000e+02,-5.869025463657191743e-02
2.101458333333333144e+02,5.114087612639549585e-01
2.101666666666666572e+02,3.367087766597109955e-01
2.101875000000000000e+02,-2.765058072568981618e-01
2.102083333333333144e+02,-9.821730211486093265e-02
2.102291666666666572e+02,3.709391864072278389e-01
2.102500000000000000e+02,1.294294600736224099e-01
2.102708333333333144e+02,-4.836530555567591927e-01
2.102916666666666572e+02,-3.058887975382774682e-01
2.103125000000000000e+02,3.844670393122345819e-01
2.103333333333333144e+02,2.912717991204637480e-01
2.103541666666666572e+02,-3.223679153363879779e-01
2.103750000000000000e+02,-1.455499366504279801e-01
2.103958333333333144e+02,3.226345152865920940e-01
2.104166666666666572e+02,8.295384392842092280e-02
2.104375000000000000e+02,-5.308574172422952930e-01
2.104583333333333144e+02,-3.582984632896372701e-01
2.104791666666666572e+02,3.323365130428523329e-01
2.105000000000000000e+02,2.432460809413283243e-01
2.105208333333333144e+02,-3.710451019818052920e-01
2.105416666666666572e+02,-1.974686189884750642e-01
2.105625000000000000e+02,4.942041378499048010e-01
2.105833333333333144e+02,4.051207865727217694e-01
2.106041666666666572e+02,-2.094523941777371445e-01
2.106250000000000000e+02,-2.907967057393638921e-01
2.106458333333333144e+02,2.318018551382826919e-01
2.106666666666666572e+02,1.433128386427017509e-01
2.106875000000000000e+02,-4.709586180702626801e-01
2.107083333333333144e+02,-2.972271991465090801e-01
2.107291666666666572e+02,3.946832547765070087e-01
2.107500000000000000e+02,3.054301181403423215e-01
2.107708333333333144e+02,-3.089708420587359283e-01
2.107916666666666572e+02,-1.564024602073404990e-01
2.108125000000000000e+02,1.763404436571238965e-01
2.108333333333333144e+02,-1.422407311350201153e-01
2.108541666666666572e+02,-3.801510082954184799e-01
2.108750000000000000e+02,3.544506861325580349e-02
2.108958333333333144e+02,2.253343425911971676e-02
2.109166666666666572e+02,-4.092128621793406640e-01
2.109375000000000000e+02,-1.560695864292219737e-01
2.109583333333333144e+02,5.422248770866791023e-01
2.109791666666666572e+02,4.486028508731113584e-01
2.110000000000000000e+02,-1.652461858368073910e-01
2.110208333333333144e+02,-1.627843919747666845e-01
2.110416666666666572e+02,3.050197754179970189e-01
2.110625000000000000e+02,1.348310817260456873e-01
2.110833333333333144e+02,-4.781139400969768860e-01
2.111041666666666572e+02,-3.066901907630852353e-01
2.111250000000000000e+02,3.862230070302927754e-01
2.111458333333333144e+02,2.879840329738124205e-01
2.111666666666666572e+02,-3.277400192742206397e-01
2.111875000000000000e+02,-1.571372137891126897e-01
2.112083333333333144e+02,5.393992536706102570e-01
2.112291666666666572e+02,4.456493839470673790e-01
2.112500000000000000e+02,-1.642480930641218584e-01
2.112708333333333144e+02,-2.426908996308512478e-01
2.112916666666666572e+02,2.715127723429437978e-01
2.113125000000000000e+02,1.724826350674274478e-01
2.113333333333333144e+02,-4.373782259873020828e-01
2.113541666666666572e+02,-2.665937784163615598e-01
2.113750000000000000e+02,4.334317173273456447e-01
2.113958333333333144e+02,3.393977773240395290e-01
2.114166666666666572e+02,-2.788582443998101068e-01
2.114375000000000000e+02,-1.965205999430629513e-01
2.114583333333333144e+02,2.040324637435858568e-01
2.114791666666666572e+02,-5.227001015795197658e-02
2.115000000000000000e+02,-5.747977552238066057e-01
2.115208333333333144e+02,-3.393358179295092314e-01
2.115416666666666572e+02,3.572155883748177052e-01
2.115625000000000000e+02,2.616500930290591165e-01
2.115833333333333144e+02,-3.492867556717738076e-01
2.116041666666666572e+02,-1.800909422479514688e-01
2.116250000000000000e+02,4.543284070734626146e-01
2.116458333333333144e+02,3.273112366547352159e-01
2.116666666666666572e+02,-2.941359079910517149e-01
2.116875000000000000e+02,-1.345261852040281481e-01
2.117083333333333144e+02,2.682877747511374089e-01
2.117291666666666572e+02,-1.317448808486851308e-02
2.117500000000000000e+02,-5.181412343126814424e-01
2.117708333333333144e+02,-2.796573957393064802e-01
2.117916666666666572e+02,3.702088559950359459e-01
2.118125000000000000e+02,2.461366845416138593e-01
2.118333333333333144e+02,-4.187524508252529198e-01
2.118541666666666572e+02,-2.775890420576831996e-01
2.118750000000000000e+02,3.653598955524686720e-01
2.118958333333333144e+02,2.454829647778926094e-01
2.119166666666666572e+02,-3.874003866396411033e-01
2.119375000000000000e+02,-2.375710186389882739e-01
2.119583333333333144e+02,3.998862566625961401e-01
2.119791666666666572e+02,2.796204034654754533e-01
2.120000000000000000e+02,-3.750281805498935084e-01
2.120208333333333144e+02,-2.346466045742187645e-01
2.120416666666666572e+02,4.078171651989571100e-01
2.120625000000000000e+02,2.871335082288974938e-01
2.120833333333333144e+02,-3.632163281438753333e-01
2.121041666666666572e+02,-2.381066261691327235e-01
2.121250000000000000e+02,3.920144042270392593e-01
2.121458333333333144e+02,2.614941348889747719e-01
2.121666666666666572e+02,-3.442399786796072059e-01
2.121875000000000000e+02,-1.608752774923231099e-01
2.122083333333333144e+02,4.878474892885371617e-01
2.122291666666666572e+02,3.658086580547993405e-01
2.122500000000000000e+02,-2.941431661643977291e-01
2.122708333333333144e+02,-1.756189480840308348e-01
2.122916666666666572e+02,4.561826902249428994e-01
2.123125000000000000e+02,3.099243802113268442e-01
2.123333333333333144e+02,-3.713249158635963387e-01
2.123541666666666572e+02,-2.757698451766497083e-01
2.123750000000000000e+02,3.565034575452155630e-01
2.123958333333333144e+02,1.911531311962293145e-01
2.124166666666666572e+02,-3.531428306820407759e-01
2.124375000000000000e+02,-1.528060218006104254e-01
2.124583333333333144e+02,4.630471777934548339e-01
2.124791666666666572e+02,2.921251828166251396e-01
2.125000000000000000e+02,-3.923465260891175754e-01
2.125208333333333144e+02,-2.918407894133167035e-01
2.125416666666666572e+02,3.203165360883297730e-01
2.125625000000000000e+02,1.495670323241025390e-01
2.125833333333333144e+02,-4.102550140357000830e-01
2.126041666666666572e+02,-2.245874226654224204e-01
2.126250000000000000e+02,3.884399803133088414e-01
2.126458333333333144e+02,2.178493806359352025e-01
2.126666666666666572e+02,-4.706814573857387440e-01
2.126875000000000000e+02,-3.742764781631395810e-01
2.127083333333333144e+02,2.324456608843024630e-01
2.127291666666666572e+02,1.795738925659859653e-01
2.127500000000000000e+02,-2.456572154460982538e-01
2.127708333333333144e+02,-3.150586017565049773e-02
2.127916666666666572e+02,5.756527032401776989e-01
2.128125000000000000e+02,4.049881478402049262e-01
2.128333333333333144e+02,-2.932852606547951546e-01
2.128541666666666572e+02,-1.997075662439685984e-01
2.128750000000000000e+02,4.172774575379167850e-01
2.128958333333333144e+02,2.453032519174108139e-01
2.129166666666666572e+02,-4.465508219282446900e-01
2.129375000000000000e+02,-3.452535679556194004e-01
2.129583333333333144e+02,2.729695944803366969e-01
2.129791666666666572e+02,1.022964199010777397e-01
2.130000000000000000e+02,-5.973130968273387964e-01
2.130208333333333144e+02,-5.046923584906347626e-01
2.130416666666666572e+02,1.110735448737065478e-01
2.130625000000000000e+02,1.292546762202946842e-01
2.130833333333333144e+02,-3.209735500902329286e-01
2.131041666666666572e+02,-1.528305362610994644e-01
2.131250000000000000e+02,4.661564052268187264e-01
2.131458333333333144e+02,3.039940614437136590e-01
2.131666666666666572e+02,-3.793703795476872642e-01
2.131875000000000000e+02,-2.821040135601911025e-01
2.132083333333333144e+02,3.235568428141574748e-01
2.132291666666666572e+02,1.544279041111982775e-01
2.132500000000000000e+02,-4.012965964144212250e-01
2.132708333333333144e+02,-2.220836348634337987e-01
2.132916666666666572e+02,3.841176475130552159e-01
2.133125000000000000e+02,2.176306229989885266e-01
2.133333333333333144e+02,-3.757704961158822576e-01
2.133541666666666572e+02,-2.228734289358235976e-01
2.133750000000000000e+02,3.902128556211232890e-01
2.133958333333333144e+02,2.234120430779992228e-01
2.134166666666666572e+02,-2.974363401309774169e-01
2.134375000000000000e+02,-8.604386308901937341e-02
2.134583333333333144e+02,5.299026692786079629e-01
2.134791666666666572e+02,3.583033737428754639e-01
2.135000000000000000e+02,-3.432169931416773623e-01
2.135208333333333144e+02,-2.495911876170990862e-01
2.135416666666666572e+02,3.651844463481900838e-01
2.135625000000000000e+02,1.946019929522464498e-01
2.135833333333333144e+02,-3.022385335847603827e-01
2.136041666666666572e+02,-7.751942308288831129e-02
2.136250000000000000e+02,5.355908757088261307e-01
2.136458333333333144e+02,3.637140337173194737e-01
2.136666666666666572e+02,-3.391575403216575690e-01
2.136875000000000000e+02,-2.446410985995655096e-01
2.137083333333333144e+02,3.753347433452793869e-01
2.137291666666666572e+02,2.028369357869302947e-01
2.137500000000000000e+02,-4.885341379519583249e-01
2.137708333333333144e+02,-3.858522649706166985e-01
2.137916666666666572e+02,2.323133617682539565e-01
2.138125000000000000e+02,6.181403537276965177e-02
2.138333333333333144e+02,-3.102175701177207201e-01
2.138541666666666572e+02,-1.249418656439446607e-03
2.138750000000000000e+02,4.116091902927572765e-01
2.138958333333333144e+02,1.174375061674080151e-01
2.139166666666666572e+02,-4.784104789601312246e-01
2.139375000000000000e+02,-3.296479645945563641e-01
2.139583333333333144e+02,2.846275152852213997e-01
2.139791666666666572e+02,1.217480226799055598e-01
2.140000000000000000e+02,-3.674731018577797048e-01
2.140208333333333144e+02,-1.437317392158589391e-01
2.140416666666666572e+02,4.638030916484060517e-01
2.140625000000000000e+02,3.044534209604359276e-01
2.140833333333333144e+02,-3.602422768724404256e-01
2.141041666666666572e+02,-2.594689693051255297e-01
2.141250000000000000e+02,3.553070465106369924e-01
2.141458333333333144e+02,1.917947544694549311e-01
2.141666666666666572e+02,-5.014014842162689556e-01
2.141875000000000000e+02,-4.090832025556436213e-01
2.142083333333333144e+02,1.981585555080922212e-01
2.142291666666666572e+02,2.743814109122558187e-01
2.142500000000000000e+02,-2.425015866739047843e-01
2.142708333333333144e+02,-1.446490961430035582e-01
2.142916666666666572e+02,4.654906666340162813e-01
2.143125000000000000e+02,2.941733177014127509e-01
2.143333333333333144e+02,-4.072790414472426956e-01
2.143541666666666572e+02,-3.128476946671323589e-01
2.143750000000000000e+02,3.073695269398515340e-01
2.143958333333333144e+02,1.601725876223961120e-01
2.144166666666666572e+02,-1.722960566673242266e-01
2.144375000000000000e+02,1.596694397817737532e-01
2.144583333333333144e+02,3.750495178637598959e-01
2.144791666666666572e+02,-6.794770453751054762e-02
2.145000000000000000e+02,1.005103151618852442e-02
2.145208333333333144e+02,4.577347808928843298e-01
2.145416666666666572e+02,1.829473641775635206e-01
2.145625000000000000e+02,-5.094026112923826233e-01
2.145833333333333144e+02,-4.283046931011319503e-01
2.146041666666666572e+02,1.876253412975671109e-01
2.146250000000000000e+02,1.315180041076420558e-01
2.146458333333333144e+02,-2.991682440078043959e-01
2.146666666666666572e+02,-9.070248165199086554e-02
2.146875000000000000e+02,5.245225034102997119e-01
2.147083333333333144e+02,3.568603099018453628e-01
2.147291666666666572e+02,-3.360410815781421645e-01
2.147500000000000000e+02,-2.526214749640824930e-01
2.147708333333333144e+02,3.626796890958149944e-01
2.147916666666666572e+02,2.027911335346331556e-01
2.148125000000000000e+02,-4.840060388669799596e-01
2.148333333333333144e+02,-3.944992400696578638e-01
2.148541666666666572e+02,2.192618769732617157e-01
2.148750000000000000e+02,3.802257846833688448e-02
2.148958333333333144e+02,-4.202755354541244381e-01
2.149166666666666572e+02,-1.544718859415981083e-01
2.149375000000000000e+02,4.616759037458882942e-01
2.149583333333333144e+02,2.708636061022742791e-01
2.149791666666666572e+02,-4.174470167247608110e-01
2.150000000000000000e+02,-3.116782839478516864e-01
2.150208333333333144e+02,2.995477189919577010e-01
2.150416666666666572e+02,1.100313351270523626e-01
2.150625000000000000e+02,-4.628463681143318853e-01
2.150833333333333144e+02,-2.814607574636143195e-01
2.151041666666666572e+02,3.300524395186804627e-01
2.151250000000000000e+02,1.423197426992765524e-01
2.151458333333333144e+02,-3.273656744843307376e-01
2.151666666666666572e+02,-7.611832835894791205e-02
2.151875000000000000e+02,5.380674543951953215e-01
2.152083333333333144e+02,3.551172069576541412e-01
2.152291666666666572e+02,-3.355967655554775164e-01
2.152500000000000000e+02,-2.424328737695177205e-01
2.152708333333333144e+02,3.716774671965146215e-01
2.152916666666666572e+02,1.990632632794063217e-01
2.153125000000000000e+02,-4.503463336496102420e-01
2.153333333333333144e+02,-3.384778653441350982e-01
2.153541666666666572e+02,2.777520303318532502e-01
2.153750000000000000e+02,2.049231222276218234e-01
2.153958333333333144e+02,-2.109118796873377666e-01
2.154166666666666572e+02,7.422037607878448351e-03
2.154375000000000000e+02,6.253598699375169101e-01
2.154583333333333144e+02,4.916539372740048042e-01
2.154791666666666572e+02,-1.935210114046007901e-01
2.155000000000000000e+02,-1.085902611403598839e-01
2.155208333333333144e+02,4.895368438851353532e-01
2.155416666666666572e+02,3.216103152800183773e-01
2.155625000000000000e+02,-3.680488228015397212e-01
2.155833333333333144e+02,-2.919573580699949544e-01
2.156041666666666572e+02,3.247951188799930167e-01
2.156250000000000000e+02,1.592872558367189328e-01
2.156458333333333144e+02,-5.334923974288875437e-01
2.156666666666666572e+02,-4.467167172900404770e-01
2.156875000000000000e+02,1.682597252483880867e-01
2.157083333333333144e+02,-7.162535836760644536e-03
2.157291666666666572e+02,-5.863227117376437203e-01
2.157500000000000000e+02,-4.156964326504803964e-01
2.157708333333333144e+02,1.973480963638732655e-01
2.157916666666666572e+02,1.284193329983590592e-02
2.158125000000000000e+02,-2.986455938499129603e-01
2.158333333333333144e+02,6.495700903358070377e-02
2.158541666666666572e+02,2.923941268895229872e-01
2.158750000000000000e+02,-1.533934573050163841e-01
2.158958333333333144e+02,-5.931649268239500006e-02
2.159166666666666572e+02,5.294041359210839293e-01
2.159375000000000000e+02,3.392561879516381995e-01
2.159583333333333144e+02,-3.369317241171304045e-01
2.159791666666666572e+02,-2.327124856859045798e-01
2.160000000000000000e+02,3.841354237488450729e-01
2.160208333333333144e+02,2.180106144893113607e-01
2.160416666666666572e+02,-4.765341214669200909e-01
2.160625000000000000e+02,-3.839015677784246017e-01
2.160833333333333144e+02,2.221543330628448776e-01
2.161041666666666572e+02,1.114642496716226339e-01
2.161250000000000000e+02,-2.120451465750860798e-01
2.161458333333333144e+02,9.348207872160840815e-02
2.161666666666666572e+02,3.770717926242946882e-01
2.161875000000000000e+02,-7.080169531407144723e-03
2.162083333333333144e+02,-8.703455919278205166e-02
2.162291666666666572e+02,4.100887740504693402e-01
2.162500000000000000e+02,2.823597244273942652e-01
2.162708333333333144e+02,-3.666919446776752411e-01
2.162916666666666572e+02,-2.162840936040094086e-01
2.163125000000000000e+02,4.372005622704702166e-01
2.163333333333333144e+02,3.216177223527710294e-01
2.163541666666666572e+02,-3.421533105560940480e-01
2.163750000000000000e+02,-2.070210143848734974e-01
2.163958333333333144e+02,4.365843004971412533e-01
2.164166666666666572e+02,3.144946337210005050e-01
2.164375000000000000e+02,-3.490372007720929926e-01
2.164583333333333144e+02,-2.183071428301562866e-01
2.164791666666666572e+02,3.262613386942921911e-01
2.165000000000000000e+02,1.408369778565410901e-01
2.165208333333333144e+02,-5.227456843674537224e-01
2.165416666666666572e+02,-3.877018388938422433e-01
2.165625000000000000e+02,2.564245196791073989e-01
2.165833333333333144e+02,1.354398189339497960e-01
2.166041666666666572e+02,-5.280567076394417914e-01
2.166250000000000000e+02,-3.936802852632786953e-01
2.166458333333333144e+02,2.505190008641126065e-01
2.166666666666666572e+02,1.302720211934572658e-01
2.166875000000000000e+02,-5.332887163527642027e-01
2.167083333333333144e+02,-4.000051573236546032e-01
2.167291666666666572e+02,2.443336518334808805e-01
2.167500000000000000e+02,1.251809102685850772e-01
2.167708333333333144e+02,-3.293484496368719872e-01
2.167916666666666572e+02,-6.440920486336010331e-02
2.168125000000000000e+02,5.771394126410273051e-01
2.168333333333333144e+02,4.608481383921906316e-01
2.168541666666666572e+02,-2.042571947844923352e-01
2.168750000000000000e+02,-7.550808544646082920e-02
2.168958333333333144e+02,5.787309771860940089e-01
2.169166666666666572e+02,4.671564090544281789e-01
2.169375000000000000e+02,-1.971105236048251719e-01
2.169583333333333144e+02,-5.968585316665048213e-02
2.169791666666666572e+02,2.529388773014156211e-01
2.170000000000000000e+02,-9.781316347398646971e-02
2.170208333333333144e+02,-3.201129879873562123e-01
2.170416666666666572e+02,1.222158136651525923e-01
2.170625000000000000e+02,-2.158399960787933669e-02
2.170833333333333144e+02,-4.119938177384591116e-01
2.171041666666666572e+02,-1.065283210167044803e-01
2.171250000000000000e+02,4.372361590620801874e-01
2.171458333333333144e+02,2.041636368662231305e-01
2.171666666666666572e+02,-4.582613505893962103e-01
2.171875000000000000e+02,-3.335674373078473809e-01
2.172083333333333144e+02,3.398478802174654811e-01
2.172291666666666572e+02,1.965718790085225764e-01
2.172500000000000000e+02,-4.581029833265637952e-01
2.172708333333333144e+02,-3.354013167932623496e-01
2.172916666666666572e+02,3.255182571550929715e-01
2.173125000000000000e+02,1.948822597004234991e-01
2.173333333333333144e+02,-4.386452959850692945e-01
2.173541666666666572e+02,-3.186430180092956199e-01
2.173750000000000000e+02,3.303250001902853228e-01
2.173958333333333144e+02,2.014952504877318973e-01
2.174166666666666572e+02,-3.301435376915962117e-01
2.174375000000000000e+02,-1.489188058451682006e-01
2.174583333333333144e+02,4.954480316210058133e-01
2.174791666666666572e+02,3.629177809846503289e-01
2.175000000000000000e+02,-2.641044188399454540e-01
2.175208333333333144e+02,-1.458508663103393055e-01
2.175416666666666572e+02,4.978947762453675985e-01
2.175625000000000000e+02,3.801436325377399728e-01
2.175833333333333144e+02,-2.399522719329263420e-01
2.176041666666666572e+02,-1.035162967588397070e-01
2.176250000000000000e+02,5.629427784688348924e-01
2.176458333333333144e+02,4.445422040397351560e-01
2.176666666666666572e+02,-1.857264309456115314e-01
2.176875000000000000e+02,-1.859471400180042755e-01
2.177083333333333144e+02,2.606343226086479947e-01
2.177291666666666572e+02,7.616230816316393870e-02
2.177500000000000000e+02,-5.427700978080407523e-01
2.177708333333333144e+02,-3.696046594933614093e-01
2.177916666666666572e+02,3.406016163181214695e-01
2.178125000000000000e+02,2.446093189042995997e-01
2.178333333333333144e+02,-3.836031038418233896e-01
2.178541666666666572e+02,-2.090600627569510761e-01
2.178750000000000000e+02,2.575244200654774884e-01
2.178958333333333144e+02,-3.443172934651073103e-03
2.179166666666666572e+02,-6.329762969049379517e-01
2.179375000000000000e+02,-4.591536156722576534e-01
2.179583333333333144e+02,2.536247528465707113e-01
2.179791666666666572e+02,1.590323248064939576e-01
2.180000000000000000e+02,-4.667012671270169832e-01
2.180208333333333144e+02,-2.970433143812847843e-01
2.180416666666666572e+02,4.028503055566771129e-01
2.180625000000000000e+02,3.095379659618208157e-01
2.180833333333333144e+02,-2.970840444203350916e-01
2.181041666666666572e+02,-1.388967003914428067e-01
2.181250000000000000e+02,4.904568493348948621e-01
2.181458333333333144e+02,3.701765716135063666e-01
2.181666666666666572e+02,-2.277496978943776562e-01
2.181875000000000000e+02,-8.952817422192785313e-02
2.182083333333333144e+02,2.316823691176632116e-01
2.182291666666666572e+02,-8.708137372678285970e-02
2.182500000000000000e+02,-3.139790816994146860e-01
2.182708333333333144e+02,1.029781816850362103e-01
2.182916666666666572e+02,1.000686681413551909e-02
2.183125000000000000e+02,-3.623725048342884003e-01
2.183333333333333144e+02,-2.103233210599786407e-02
2.183541666666666572e+02,3.753616392777480160e-01
2.183750000000000000e+02,8.068342230187669495e-02
2.183958333333333144e+02,-4.151363956843348024e-01
2.184166666666666572e+02,-1.584299237194262966e-01
2.184375000000000000e+02,5.287790193881320988e-01
2.184583333333333144e+02,4.308647632055264687e-01
2.184791666666666572e+02,-1.823319885818951436e-01
2.185000000000000000e+02,-1.989134888431161319e-02
2.185208333333333144e+02,2.486926195450604449e-01
2.185416666666666572e+02,-1.186966469190277873e-01
2.185625000000000000e+02,-1.807175744406877282e-01
2.185833333333333144e+02,3.406863273900173072e-01
2.186041666666666572e+02,2.335024720967230072e-01
2.186250000000000000e+02,-3.754067965722208133e-01
2.186458333333333144e+02,-2.065670119372435554e-01
2.186666666666666572e+02,4.593975554105561576e-01
2.186875000000000000e+02,3.555870929430791083e-01
2.187083333333333144e+02,-2.376479068336489753e-01
2.187291666666666572e+02,-3.445297918757858069e-01
2.187500000000000000e+02,1.435301471115051908e-01
2.187708333333333144e+02,3.727547247840387601e-02
2.187916666666666572e+02,-5.688568648515024417e-01
2.188125000000000000e+02,-4.019793346271290924e-01
2.188333333333333144e+02,2.621954070124424274e-01
2.188541666666666572e+02,1.630778746745181751e-01
2.188750000000000000e+02,-4.361392795602528349e-01
2.188958333333333144e+02,-2.680455265823634692e-01
2.189166666666666572e+02,4.217120918345053093e-01
2.189375000000000000e+02,3.297722157445688307e-01
2.189583333333333144e+02,-2.797733673142990263e-01
2.189791666666666572e+02,-1.100059941295746940e-01
2.190000000000000000e+02,4.469527149311834369e-01
2.190208333333333144e+02,2.619055157077088691e-01
2.190416666666666572e+02,-3.488303491555426739e-01
2.190625000000000000e+02,-1.790112779879627358e-01
2.190833333333333144e+02,4.800238305078862178e-01
2.191041666666666572e+02,3.650611168126416395e-01
2.191250000000000000e+02,-2.564261271808000453e-01
2.191458333333333144e+02,-1.598754066950573149e-01
2.191666666666666572e+02,2.288664440660121424e-01
2.191875000000000000e+02,-4.280408232077691222e-02
2.192083333333333144e+02,-5.280647441666028730e-01
2.192291666666666572e+02,-2.686249815156547815e-01
2.192500000000000000e+02,4.265166618716146330e-01
2.192708333333333144e+02,3.297765097620735109e-01
2.192916666666666572e+02,-2.834947724241576594e-01
2.193125000000000000e+02,-1.131701532004912580e-01
2.193333333333333144e+02,2.295820159931953874e-01
2.193541666666666572e+02,-9.701308480538888002e-02
2.193750000000000000e+02,-3.693442351779823718e-01
2.193958333333333144e+02,3.085669214068899324e-02
2.194166666666666572e+02,1.191856011677526750e-01
2.194375000000000000e+02,-3.816492337019227743e-01
2.194583333333333144e+02,-2.187239262867389233e-01
2.194791666666666572e+02,4.716694168504333429e-01
2.195000000000000000e+02,3.904808952483047602e-01
2.195208333333333144e+02,-2.260518482756390390e-01
2.195416666666666572e+02,-6.304999344956682683e-02
2.195625000000000000e+02,3.543754437877635333e-01
2.195833333333333144e+02,9.387699456192286074e-02
2.196041666666666572e+02,-5.231433266560452378e-01
2.196250000000000000e+02,-3.824231916033293821e-01
2.196458333333333144e+02,3.011979416532875597e-01
2.196666666666666572e+02,2.045287085126389348e-01
2.196875000000000000e+02,-4.218425326164760847e-01
2.197083333333333144e+02,-2.683195054946257985e-01
2.197291666666666572e+02,4.157970388659311123e-01
2.197500000000000000e+02,3.215246157263966231e-01
2.197708333333333144e+02,-2.967013963089126238e-01
2.197916666666666572e+02,-1.185784189599649874e-01
2.198125000000000000e+02,5.717400411946905736e-01
2.198333333333333144e+02,4.701858267286469495e-01
2.198541666666666572e+02,-1.445097637077743524e-01
2.198750000000000000e+02,4.108752454123335007e-02
2.198958333333333144e+02,2.813610863956306773e-01
2.199166666666666572e+02,-1.272725354056591929e-01
2.199375000000000000e+02,-9.326693214417980382e-02
2.199583333333333144e+02,3.176323854282303571e-01
2.199791666666666572e+02,8.332844990336879532e-02
2.200000000000000000e+02,-5.372132841292590610e-01
2.200208333333333144e+02,-3.653473752798484520e-01
2.200416666666666572e+02,3.233377764626255146e-01
2.200625000000000000e+02,2.245808266810604692e-01
2.200833333333333144e+02,-3.829682230444150792e-01
2.201041666666666572e+02,-2.203262610464414850e-01
2.201250000000000000e+02,4.450238965281675396e-01
2.201458333333333144e+02,3.436241746945921105e-01
2.201666666666666572e+02,-2.707475837165834731e-01
2.201875000000000000e+02,-1.080027932604646912e-01
2.202083333333333144e+02,2.164090714859445708e-01
2.202291666666666572e+02,-1.180460163704795673e-01
2.202500000000000000e+02,-3.717566010430146672e-01
2.202708333333333144e+02,1.905902275662978151e-02
2.202916666666666572e+02,1.169186551211058925e-02
2.203125000000000000e+02,-4.258917083886026855e-01
2.203333333333333144e+02,-1.743441828528539683e-01
2.203541666666666572e+02,5.173785522349880761e-01
2.203750000000000000e+02,4.319566976643913203e-01
2.203958333333333144e+02,-1.904061937016128803e-01
2.204166666666666572e+02,-2.868212449102036099e-01
2.204375000000000000e+02,2.384396623235386925e-01
2.204583333333333144e+02,1.595216986691957439e-01
2.204791666666666572e+02,-4.562343846216596610e-01
2.205000000000000000e+02,-2.877164639645058419e-01
2.205208333333333144e+02,4.046747869506481798e-01
2.205416666666666572e+02,3.096680760751578942e-01
2.205625000000000000e+02,-3.088690244841715282e-01
2.205833333333333144e+02,-1.352492869798507247e-01
2.206041666666666572e+02,2.194185714082191319e-01
2.206250000000000000e+02,-9.269867439230146389e-02
2.206458333333333144e+02,-4.242326081994226561e-01
2.206666666666666572e+02,-6.601197703703329256e-02
2.206875000000000000e+02,2.528275165561588156e-01
2.207083333333333144e+02,-7.782148390411539052e-02
2.207291666666666572e+02,-2.896855187254587793e-01
2.207500000000000000e+02,1.209258360248715858e-01
2.207708333333333144e+02,4.350246423456285982e-02
2.207916666666666572e+02,-3.391606942691447468e-01
2.208125000000000000e+02,-3.309340988247783111e-02
2.208333333333333144e+02,4.588987203998819986e-01
2.208541666666666572e+02,2.361500650147895231e-01
2.208750000000000000e+02,-4.236568735476516911e-01
2.208958333333333144e+02,-2.918501733517355756e-01
2.209166666666666572e+02,3.468177798023444058e-01
2.209375000000000000e+02,2.256412821275924907e-01
2.209583333333333144e+02,-4.336653967688238742e-01
2.209791666666666572e+02,-2.924791604453719773e-01
2.210000000000000000e+02,3.528229308873789272e-01
2.210208333333333144e+02,2.318812975417630928e-01
2.210416666666666572e+02,-2.033924355368346426e-01
2.210625000000000000e+02,7.011532522213168028e-02
2.210833333333333144e+02,6.686481634950137698e-01
2.211041666666666572e+02,5.158335634415153192e-01
2.211250000000000000e+02,-1.535479686912566977e-01
2.211458333333333144e+02,-1.154898831781803192e-02
2.211666666666666572e+02,4.579697575157751221e-01
2.211875000000000000e+02,2.126539428661359810e-01
2.212083333333333144e+02,-4.535662209358904962e-01
2.212291666666666572e+02,-3.113088949477201828e-01
2.212500000000000000e+02,3.393291586065870780e-01
2.212708333333333144e+02,2.174858896821214027e-01
2.212916666666666572e+02,-4.315546148414686201e-01
2.213125000000000000e+02,-2.879719540274924272e-01
2.213333333333333144e+02,3.552417425572423904e-01
2.213541666666666572e+02,2.336174682397073044e-01
2.213750000000000000e+02,-4.277228369505511330e-01
2.213958333333333144e+02,-2.860553246733935628e-01
2.214166666666666572e+02,3.625492685944101678e-01
2.214375000000000000e+02,2.407983448317451702e-01
2.214583333333333144e+02,-4.189307536974670176e-01
2.214791666666666572e+02,-2.953854983586545746e-01
2.215000000000000000e+02,3.392533884686440571e-01
2.215208333333333144e+02,2.117460645601285940e-01
2.215416666666666572e+02,-4.574669088400955541e-01
2.215625000000000000e+02,-3.147003686698301439e-01
2.215833333333333144e+02,3.393167479046199086e-01
2.216041666666666572e+02,2.164710603566029623e-01
2.216250000000000000e+02,-4.495871918811912282e-01
2.216458333333333144e+02,-3.072283758599048120e-01
2.216666666666666572e+02,3.422750141345072272e-01
2.216875000000000000e+02,2.208331017988870437e-01
2.217083333333333144e+02,-4.263981474188645038e-01
2.217291666666666572e+02,-2.862344381384941405e-01
2.217500000000000000e+02,3.526341562032869748e-01
2.217708333333333144e+02,2.313807714209705491e-01
2.217916666666666572e+02,-4.289815991978338516e-01
2.218125000000000000e+02,-2.872606445045818857e-01
2.218333333333333144e+02,3.615433908767037852e-01
2.218541666666666572e+02,2.396173003448933414e-01
2.218750000000000000e+02,-4.218976596195502249e-01
2.218958333333333144e+02,-2.804388118712774491e-01
2.219166666666666572e+02,3.648518319479512328e-01
2.219375000000000000e+02,2.441959831216010124e-01
2.219583333333333144e+02,-3.965783025430744679e-01
2.219791666666666572e+02,-2.508789746352232397e-01
2.220000000000000000e+02,3.884856924256278043e-01
2.220208333333333144e+02,2.676232353921106366e-01
2.220416666666666572e+02,-3.903466857191825179e-01
2.220625000000000000e+02,-2.492771876854311675e-01
2.220833333333333144e+02,3.964338575787727526e-01
2.221041666666666572e+02,2.751046903721575676e-01
2.221250000000000000e+02,-3.056298343060518397e-01
2.221458333333333144e+02,-1.279345296273450561e-01
2.221666666666666572e+02,5.069247040152840000e-01
2.221875000000000000e+02,3.849809005261032868e-01
2.222083333333333144e+02,-2.793023796332478881e-01
2.222291666666666572e+02,-1.368931753197032974e-01
2.222500000000000000e+02,5.181609039188752597e-01
2.222708333333333144e+02,3.944096251101101291e-01
2.222916666666666572e+02,-2.765723557097927165e-01
2.223125000000000000e+02,-1.335141603425334944e-01
2.223333333333333144e+02,5.235511401186864200e-01
2.223541666666666572e+02,3.998480480144612215e-01
2.223750000000000000e+02,-2.684282434352411317e-01
2.223958333333333144e+02,-1.264515181351245077e-01
2.224166666666666572e+02,3.465379539489654714e-01
2.224375000000000000e+02,1.069709977858188110e-01
2.224583333333333144e+02,-5.470780394280918557e-01
2.224791666666666572e+02,-4.239382056193137238e-01
2.225000000000000000e+02,2.039205424144585888e-01
2.225208333333333144e+02,7.639396518783309054e-02
2.225416666666666572e+02,-5.849595580819733076e-01
2.225625000000000000e+02,-4.440706807329899974e-01
2.225833333333333144e+02,1.982839022736722079e-01
2.226041666666666572e+02,7.837705197284444703e-02
2.226250000000000000e+02,-4.723053803061336708e-01
2.226458333333333144e+02,-2.871839733687151508e-01
2.226666666666666572e+02,3.364184951412559355e-01
2.226875000000000000e+02,1.937400245762460615e-01
2.227083333333333144e+02,-4.767146733050398044e-01
2.227291666666666572e+02,-3.838186123083549006e-01
2.227500000000000000e+02,2.399925091397016597e-01
2.227708333333333144e+02,2.957397925380801929e-01
2.227916666666666572e+02,-2.235563067165969864e-01
2.228125000000000000e+02,-1.102586831750509977e-01
2.228333333333333144e+02,4.986631026831189750e-01
2.228541666666666572e+02,3.289180754518947758e-01
2.228750000000000000e+02,-3.443225639057158061e-01
2.228958333333333144e+02,-2.413744580701204234e-01
2.229166666666666572e+02,3.712300859795449881e-01
2.229375000000000000e+02,2.380656437246451984e-01
2.229583333333333144e+02,-1.308915991704235338e-01
2.229791666666666572e+02,1.668755531523783975e-01
2.230000000000000000e+02,5.151355713664180769e-01
2.230208333333333144e+02,1.641422717481328675e-01
2.230416666666666572e+02,-2.565158228317210853e-01
2.230625000000000000e+02,2.563354351550993504e-02
2.230833333333333144e+02,5.362584733739761411e-01
2.231041666666666572e+02,2.931081806565999925e-01
2.231250000000000000e+02,-4.069393142817788744e-01
2.231458333333333144e+02,-3.131903773910180711e-01
2.231666666666666572e+02,2.983610193329551130e-01
2.231875000000000000e+02,1.289848612995310728e-01
2.232083333333333144e+02,-5.255040872845118116e-01
2.232291666666666572e+02,-4.109628502937809347e-01
2.232500000000000000e+02,2.268151808210976395e-01
2.232708333333333144e+02,7.530044834216921557e-02
2.232916666666666572e+02,-2.738299479988233753e-01
2.233125000000000000e+02,4.222430588071927199e-02
2.233333333333333144e+02,3.566178991547065968e-01
2.233541666666666572e+02,-1.378623613830518013e-02
2.233750000000000000e+02,-2.394811282522968932e-01
2.233958333333333144e+02,1.625920849956580261e-01
2.234166666666666572e+02,3.729004134978283758e-02
2.234375000000000000e+02,-3.755137845956469933e-01
2.234583333333333144e+02,-7.138778759287497944e-02
2.234791666666666572e+02,4.421303034023464917e-01
2.235000000000000000e+02,2.335321018419568295e-01
2.235208333333333144e+02,-4.301817349216053299e-01
2.235416666666666572e+02,-2.964701995292450265e-01
2.235625000000000000e+02,3.476768087976426225e-01
2.235833333333333144e+02,2.288950818476602755e-01
2.236041666666666572e+02,-4.353894156584233177e-01
2.236250000000000000e+02,-3.083282014938023563e-01
2.236458333333333144e+02,3.432849770974843451e-01
2.236666666666666572e+02,2.323974545150828130e-01
2.236875000000000000e+02,-4.315701484303663960e-01
2.237083333333333144e+02,-2.958906679845247911e-01
2.237291666666666572e+02,3.474515747197283178e-01
2.237500000000000000e+02,2.197320507295797143e-01
2.237708333333333144e+02,-4.415965870806953242e-01
2.237916666666666572e+02,-3.008344993575321480e-01
2.238125000000000000e+02,3.360761066534244113e-01
2.238333333333333144e+02,1.964949317984213406e-01
2.238541666666666572e+02,-4.477873340839096938e-01
2.238750000000000000e+02,-2.834028426858909433e-01
2.238958333333333144e+02,3.665187938710434690e-01
2.239166666666666572e+02,2.385165976412096378e-01
2.239375000000000000e+02,-4.228863014043094948e-01
2.239583333333333144e+02,-2.782623466781728450e-01
2.239791666666666572e+02,3.640678633120371099e-01
2.240000000000000000e+02,2.346817610443107938e-01
2.240208333333333144e+02,-2.823224465857353538e-01
2.240416666666666572e+02,-4.541740352446937967e-02
2.240625000000000000e+02,5.972851936763174940e-01
2.240833333333333144e+02,4.721282949096520243e-01
2.241041666666666572e+02,-1.915346468467250540e-01
2.241250000000000000e+02,-6.000244124364518400e-02
2.241458333333333144e+02,5.815886065302293684e-01
2.241666666666666572e+02,4.622749704933734050e-01
2.241875000000000000e+02,-2.027286085785544589e-01
2.242083333333333144e+02,-1.144557079809084832e-01
2.242291666666666572e+02,2.359895492193422872e-01
2.242500000000000000e+02,-5.534343890232673591e-02
2.242708333333333144e+02,-5.303300745121732884e-01
2.242916666666666572e+02,-2.828470911879703564e-01
2.243125000000000000e+02,3.805247364009727851e-01
2.243333333333333144e+02,2.812983337209935542e-01
2.243541666666666572e+02,-3.543375545310801789e-01
2.243750000000000000e+02,-2.038016437369397638e-01
2.243958333333333144e+02,2.585891782871062583e-01
2.244166666666666572e+02,9.771839660091319324e-03
2.244375000000000000e+02,-6.088306572465469468e-01
2.244583333333333144e+02,-4.308151183572586085e-01
2.244791666666666572e+02,2.603044163976547809e-01
2.245000000000000000e+02,1.649525213349737340e-01
2.245208333333333144e+02,-4.478158021235140174e-01
2.245416666666666572e+02,-2.652512387720395437e-01
2.245625000000000000e+02,4.244807849616250017e-01
2.245833333333333144e+02,3.242072129128851232e-01
2.246041666666666572e+02,-2.878429225979686201e-01
2.246250000000000000e+02,-1.011706553246151802e-01
2.246458333333333144e+02,2.494637514587474680e-01
2.246666666666666572e+02,-8.682708081987254578e-02
2.246875000000000000e+02,-3.462732845247480373e-01
2.247083333333333144e+02,7.607745259780487879e-02
2.247291666666666572e+02,6.426158212097271560e-02
2.247500000000000000e+02,-3.923341201298559122e-01
2.247708333333333144e+02,-1.533056071947755949e-01
2.247916666666666572e+02,5.182359442120464399e-01
2.248125000000000000e+02,4.142175501136224902e-01
2.248333333333333144e+02,-2.001192953139160069e-01
2.248541666666666572e+02,-3.627557654079598126e-02
2.248750000000000000e+02,3.026237109707871631e-01
2.248958333333333144e+02,-2.116458681757128757e-02
2.249166666666666572e+02,-3.186686060240051521e-01
2.249375000000000000e+02,3.808841068316784484e-02
2.249583333333333144e+02,2.004443900613471774e-01
2.249791666666666572e+02,-2.285238633406273534e-01
2.250000000000000000e+02,-4.398339425563528582e-02
2.250208333333333144e+02,4.042641437352676448e-01
2.250416666666666572e+02,1.494392195847599747e-01
2.250625000000000000e+02,-4.646288823104670618e-01
2.250833333333333144e+02,-2.994403475488836563e-01
2.251041666666666572e+02,3.893492957624458128e-01
2.251250000000000000e+02,3.060983657140404213e-01
2.251458333333333144e+02,-3.095710432639571241e-01
2.251666666666666572e+02,-1.439079326312131535e-01
2.251875000000000000e+02,5.493059522210897994e-01
2.252083333333333144e+02,4.695058198666356986e-01
2.252291666666666572e+02,-1.471017936445864760e-01
2.252500000000000000e+02,-2.637554501387856520e-01
2.252708333333333144e+02,2.448871173631277931e-01
2.252916666666666572e+02,1.660819950893078212e-01
2.253125000000000000e+02,-4.497290278387922058e-01
2.253333333333333144e+02,-2.830138918056051001e-01
2.253541666666666572e+02,4.098934446463390890e-01
2.253750000000000000e+02,3.248321753909992893e-01
2.253958333333333144e+02,-2.900301114285667170e-01
2.254166666666666572e+02,-2.059079915056145071e-01
2.254375000000000000e+02,1.808180046551413067e-01
2.254583333333333144e+02,-7.352165086819717477e-02
2.254791666666666572e+02,-5.650837837656237372e-01
2.255000000000000000e+02,-3.062628595826448752e-01
2.255208333333333144e+02,3.846984147929948250e-01
2.255416666666666572e+02,2.901377417243894419e-01
2.255625000000000000e+02,-3.229675341598136629e-01
2.255833333333333144e+02,-1.423081332459967263e-01
2.256041666666666572e+02,2.866354129963446518e-01
2.256250000000000000e+02,1.529644393674909481e-02
2.256458333333333144e+02,-5.651367841686367743e-01
2.256666666666666572e+02,-3.607498351319701202e-01
2.256875000000000000e+02,3.291828924212090168e-01
2.257083333333333144e+02,2.303357947502189806e-01
2.257291666666666572e+02,-3.819592775629339076e-01
2.257500000000000000e+02,-1.981484023215756007e-01
2.257708333333333144e+02,4.912905914518126416e-01
2.257916666666666572e+02,3.914304979277793972e-01
2.258125000000000000e+02,-2.210014352663091097e-01
2.258333333333333144e+02,-3.699552446227820368e-02
2.258541666666666572e+02,4.366290017544540158e-01
2.258750000000000000e+02,1.852780776114753003e-01
2.258958333333333144e+02,-4.326355616800612314e-01
2.259166666666666572e+02,-2.539460788517823309e-01
2.259375000000000000e+02,4.377294723187780678e-01
2.259583333333333144e+02,3.513778819721599667e-01
2.259791666666666572e+02,-2.645732829904796635e-01
2.260000000000000000e+02,-1.091172651309565422e-01
2.260208333333333144e+02,4.617814062377550988e-01
2.260416666666666572e+02,3.077463523940889845e-01
2.260625000000000000e+02,-3.097817999741379058e-01
2.260833333333333144e+02,-1.526878250175394136e-01
2.261041666666666572e+02,3.383550289406513922e-01
2.261250000000000000e+02,1.317935821002817198e-01
2.261458333333333144e+02,-4.885452270970338517e-01
2.261666666666666572e+02,-3.512845596168235329e-01
2.261875000000000000e+02,3.350815518767089607e-01
2.262083333333333144e+02,2.504744902899083137e-01
2.262291666666666572e+02,-3.714391393399222308e-01
2.262500000000000000e+02,-2.044272469634738076e-01
2.262708333333333144e+02,3.613174720731685552e-01
2.262916666666666572e+02,1.903133263972241473e-01
2.263125000000000000e+02,-4.242469754108394442e-01
2.263333333333333144e+02,-2.497908538748413454e-01
2.263541666666666572e+02,3.983557637937805151e-01
2.263750000000000000e+02,2.760659229133864967e-01
2.263958333333333144e+02,-3.374243083747900940e-01
2.264166666666666572e+02,-1.681888029866510648e-01
2.264375000000000000e+02,1.363191522209895035e-01
2.264583333333333144e+02,-2.145966524697120459e-01
2.264791666666666572e+02,-3.059410103300506112e-01
2.265000000000000000e+02,2.260375378268923707e-01
2.265208333333333144e+02,1.313087568467672939e-01
2.265416666666666572e+02,-4.907255577693530046e-01
2.265625000000000000e+02,-3.181142300392886257e-01
2.265833333333333144e+02,3.862757841044616169e-01
2.266041666666666572e+02,2.919017350721351267e-01
2.266250000000000000e+02,-3.230783240697950864e-01
2.266458333333333144e+02,-1.528969641555742165e-01
2.266666666666666572e+02,4.255231329581809496e-01
2.266875000000000000e+02,2.577241698343368803e-01
2.267083333333333144e+02,-3.770643534619659287e-01
2.267291666666666572e+02,-2.221495472756852552e-01
2.267500000000000000e+02,4.317854907725479086e-01
2.267708333333333144e+02,3.095879259207845458e-01
2.267916666666666572e+02,-3.568582166969955227e-01
2.268125000000000000e+02,-2.143452578559321975e-01
2.268333333333333144e+02,4.335512116995454690e-01
2.268541666666666572e+02,3.123014216630726203e-01
2.268750000000000000e+02,-3.347774959918808357e-01
2.268958333333333144e+02,-2.072250969644919838e-01
2.269166666666666572e+02,4.018710439695434844e-01
2.269375000000000000e+02,2.617799649140972185e-01
2.269583333333333144e+02,-4.008894691376295172e-01
2.269791666666666572e+02,-2.601241291372516917e-01
2.270000000000000000e+02,3.882820287931170733e-01
2.270208333333333144e+02,2.703790365139259744e-01
2.270416666666666572e+02,-3.842226126191999325e-01
2.270625000000000000e+02,-2.653626241563019628e-01
2.270833333333333144e+02,3.612720787666032773e-01
2.271041666666666572e+02,2.238488448323677771e-01
2.271250000000000000e+02,-4.462637130442321798e-01
2.271458333333333144e+02,-3.262177137766257840e-01
2.271666666666666572e+02,3.054089944623040731e-01
2.271875000000000000e+02,1.657008533039880105e-01
2.272083333333333144e+02,-5.092652600195723966e-01
2.272291666666666572e+02,-3.942542831134799863e-01
2.272500000000000000e+02,2.367828559042988168e-01
2.272708333333333144e+02,7.282805155246985240e-02
2.272916666666666572e+02,-4.072589041733382653e-01
2.273125000000000000e+02,-1.737560407585911904e-01
2.273333333333333144e+02,4.476946119750080388e-01
2.273541666666666572e+02,2.807211875839932258e-01
2.273750000000000000e+02,-4.205513305885236752e-01
2.273958333333333144e+02,-3.274021189188288661e-01
2.274166666666666572e+02,2.863225026416686414e-01
2.274375000000000000e+02,2.509860466030846005e-01
2.274583333333333144e+02,-1.537395573646963276e-01
2.274791666666666572e+02,7.064925079540901320e-02
2.275000000000000000e+02,6.589366911648147918e-01
2.275208333333333144e+02,4.741859492117381780e-01
2.275416666666666572e+02,-2.226036445543979059e-01
2.275625000000000000e+02,-1.299879171830378433e-01
2.275833333333333144e+02,4.814680606966296184e-01
2.276041666666666572e+02,3.112194630539975027e-01
2.276250000000000000e+02,-3.795147071680081141e-01
2.276458333333333144e+02,-2.854936606585937175e-01
2.276666666666666572e+02,3.204181073151155523e-01
2.276875000000000000e+02,1.562274353851549058e-01
2.277083333333333144e+02,-4.943844634495838108e-01
2.277291666666666572e+02,-3.810494821701952972e-01
2.277500000000000000e+02,2.386021712102454062e-01
2.277708333333333144e+02,1.028971466167261095e-01
2.277916666666666572e+02,-2.397898991846032501e-01
2.278125000000000000e+02,7.439518845479407838e-02
2.278333333333333144e+02,3.588732087926479464e-01
2.278541666666666572e+02,-2.723016600049038560e-02
2.278750000000000000e+02,-1.448499834911292639e-01
2.278958333333333144e+02,3.304337736875886944e-01
2.279166666666666572e+02,1.582660384919903074e-01
2.279375000000000000e+02,-5.307930861160318203e-01
2.279583333333333144e+02,-4.368281486353600140e-01
2.279791666666666572e+02,1.789814960737068916e-01
2.280000000000000000e+02,1.565461689534474732e-01
2.280208333333333144e+02,-2.785196099078669496e-01
2.280416666666666572e+02,-8.696728561284437775e-02
2.280625000000000000e+02,5.275205248020198301e-01
2.280833333333333144e+02,3.568802619220852179e-01
2.281041666666666572e+02,-3.358385021875711085e-01
2.281250000000000000e+02,-2.521542718486396439e-01
2.281458333333333144e+02,3.633894039990177571e-01
2.281666666666666572e+02,1.976243312702823662e-01
2.281875000000000000e+02,-4.957662055837691595e-01
2.282083333333333144e+02,-4.165209435975834040e-01
2.282291666666666572e+02,2.001917456197345457e-01
2.282500000000000000e+02,9.164306427259986954e-02
2.282708333333333144e+02,-2.767786531027181529e-01
2.282916666666666572e+02,-9.050148052466081006e-03
2.283125000000000000e+02,4.912582515122447813e-01
2.283333333333333144e+02,2.679873573521763808e-01
2.283541666666666572e+02,-4.198380980458421563e-01
2.283750000000000000e+02,-3.394175431657958653e-01
2.283958333333333144e+02,2.773798986947028089e-01
2.284166666666666572e+02,1.053750009762146195e-01
2.284375000000000000e+02,-3.477662282887297174e-01
2.284583333333333144e+02,-8.540859156201890956e-02
2.284791666666666572e+02,5.323990751350804462e-01
2.285000000000000000e+02,3.491939657829492560e-01
2.285208333333333144e+02,-3.407908441354415841e-01
2.285416666666666572e+02,-2.422845453398753679e-01
2.285625000000000000e+02,3.701507491445700238e-01
2.285833333333333144e+02,1.870702406786881600e-01
2.286041666666666572e+02,-5.025572504993814915e-01
2.286250000000000000e+02,-4.038340974718236387e-01
2.286458333333333144e+02,2.088502210898666445e-01
2.286666666666666572e+02,7.018840381864088762e-02
2.286875000000000000e+02,-2.250750090778408374e-01
2.287083333333333144e+02,1.158217867898064385e-01
2.287291666666666572e+02,2.650572392964524182e-01
2.287500000000000000e+02,-2.240516134219635025e-01
2.287708333333333144e+02,-1.304348208327977265e-01
2.287916666666666572e+02,4.842784935278269809e-01
2.288125000000000000e+02,3.137171627837136989e-01
2.288333333333333144e+02,-3.712553100918125071e-01
2.288541666666666572e+02,-2.741026062249239947e-01
2.288750000000000000e+02,3.302101500341632634e-01
2.288958333333333144e+02,1.657395329469986689e-01
2.289166666666666572e+02,-4.950060643310618680e-01
2.289375000000000000e+02,-3.911530229283010085e-01
2.289583333333333144e+02,2.330135133286591609e-01
2.289791666666666572e+02,1.783471314007260000e-01
2.290000000000000000e+02,-2.165067328229088872e-01
2.290208333333333144e+02,2.427052048399282180e-02
2.290416666666666572e+02,5.711037262442112405e-01
2.290625000000000000e+02,3.540047741785382618e-01
2.290833333333333144e+02,-2.935930590839038179e-01
2.291041666666666572e+02,-1.722165600265834762e-01
2.291250000000000000e+02,4.825464678376558680e-01
2.291458333333333144e+02,3.474611392711308699e-01
2.291666666666666572e+02,-2.903558904742212232e-01
2.291875000000000000e+02,-1.696606192431271420e-01
2.292083333333333144e+02,3.810119655234352476e-01
2.292291666666666572e+02,1.692869489244217540e-01
2.292500000000000000e+02,-4.736402013975701264e-01
2.292708333333333144e+02,-3.529546237737653525e-01
2.292916666666666572e+02,2.927667700098405823e-01
2.293125000000000000e+02,1.583738879305901515e-01
2.293333333333333144e+02,-4.766321086769591542e-01
2.293541666666666572e+02,-3.551172858790748732e-01
2.293750000000000000e+02,3.082506297020021213e-01
2.293958333333333144e+02,1.657205778195534329e-01
2.294166666666666572e+02,-4.900808776692837654e-01
2.294375000000000000e+02,-3.661297936696543687e-01
2.294583333333333144e+02,3.069847639569218689e-01
2.294791666666666572e+02,1.632137033022071915e-01
2.295000000000000000e+02,-4.989282672647420425e-01
2.295208333333333144e+02,-3.753341503859431993e-01
2.295416666666666572e+02,2.984911969888445760e-01
2.295625000000000000e+02,1.551109120826653642e-01
2.295833333333333144e+02,-5.019201039161674816e-01
2.296041666666666572e+02,-3.786701483546809355e-01
2.296250000000000000e+02,2.861649832656413261e-01
2.296458333333333144e+02,1.483770616828977151e-01
2.296666666666666572e+02,-1.528379558992172815e-01
2.296875000000000000e+02,1.947066744918330983e-01
2.297083333333333144e+02,3.948103180265740697e-01
2.297291666666666572e+02,-3.338825534685638252e-02
2.297500000000000000e+02,1.222580285960139512e-01
2.297708333333333144e+02,4.517358713389206248e-01
2.297916666666666572e+02,1.135653141957354284e-01
2.298125000000000000e+02,-2.208042381111187114e-01
2.298333333333333144e+02,1.336705944245703548e-01
2.298541666666666572e+02,3.463569866534210728e-01
2.298750000000000000e+02,-6.108146674903040807e-02
2.298958333333333144e+02,-1.598384819337356211e-03
2.299166666666666572e+02,3.769817206357515271e-01
2.299375000000000000e+02,1.254122094637244722e-01
2.299583333333333144e+02,-4.885330593763426155e-01
2.299791666666666572e+02,-3.189069407112525845e-01
2.300000000000000000e+02,3.741235230831365666e-01
2.300208333333333144e+02,2.791675273407344671e-01
2.300416666666666572e+02,-3.288667295953545677e-01
2.300625000000000000e+02,-1.684719050461453982e-01
2.300833333333333144e+02,5.025095967053679891e-01
2.301041666666666572e+02,4.035809920723035238e-01
2.301250000000000000e+02,-2.041657722758655202e-01
2.301458333333333144e+02,-2.617616510865878321e-01
2.301666666666666572e+02,2.375507713967779377e-01
2.301875000000000000e+02,1.128740553466640040e-01
2.302083333333333144e+02,-5.043968753328972321e-01
2.302291666666666572e+02,-3.324562614057284815e-01
2.302500000000000000e+02,3.716796044605420457e-01
2.302708333333333144e+02,2.773998562527078549e-01
2.302916666666666572e+02,-3.412567470979627204e-01
2.303125000000000000e+02,-2.739973008084087280e-01
2.303333333333333144e+02,1.444007801388623169e-01
2.303541666666666572e+02,-9.003116809563774248e-02
2.303750000000000000e+02,-6.601578196655443209e-01
2.303958333333333144e+02,-4.626133950189271760e-01
2.304166666666666572e+02,2.077903931677896054e-01
2.304375000000000000e+02,1.033608790749946382e-01
2.304583333333333144e+02,-5.212316047504041983e-01
2.304791666666666572e+02,-3.612899246519196694e-01
2.305000000000000000e+02,3.056126628564285741e-01
2.305208333333333144e+02,1.976564857757541760e-01
2.305416666666666572e+02,-4.369069699816005570e-01
2.305625000000000000e+02,-2.901367800527647756e-01
2.305833333333333144e+02,3.469259670340344437e-01
2.306041666666666572e+02,2.405796337189135548e-01
2.306250000000000000e+02,-1.424215780232941375e-01
2.306458333333333144e+02,1.781084400082283414e-01
2.306666666666666572e+02,6.056486440701490670e-01
2.306875000000000000e+02,3.341000701101177195e-01
2.307083333333333144e+02,-3.322427038187871773e-01
2.307291666666666572e+02,-1.898364890875980371e-01
2.307500000000000000e+02,4.622234799023107188e-01
2.307708333333333144e+02,3.395856268637146291e-01
2.307916666666666572e+02,-3.234437796504947560e-01
2.308125000000000000e+02,-1.822600391550036891e-01
2.308333333333333144e+02,4.620221180211714906e-01
2.308541666666666572e+02,3.414301869984665005e-01
2.308750000000000000e+02,-2.938798155599497419e-01
2.308958333333333144e+02,-1.449281630089162554e-01
2.309166666666666572e+02,4.919796630187480702e-01
2.309375000000000000e+02,3.717413649410991061e-01
2.309583333333333144e+02,-2.805203446413318535e-01
2.309791666666666572e+02,-1.410134848945695241e-01
2.310000000000000000e+02,4.972554353597773424e-01
2.310208333333333144e+02,3.771668997127901046e-01
2.310416666666666572e+02,-2.588031278617995423e-01
2.310625000000000000e+02,-1.112552734949213140e-01
2.310833333333333144e+02,4.330670962184425266e-01
2.311041666666666572e+02,2.495808877628181155e-01
2.311250000000000000e+02,-4.064158259769584669e-01
2.311458333333333144e+02,-2.656302488273266649e-01
2.311666666666666572e+02,3.699879778408200481e-01
2.311875000000000000e+02,2.421914195808777537e-01
2.312083333333333144e+02,-4.136251486839402358e-01
2.312291666666666572e+02,-2.855454355299087976e-01
2.312500000000000000e+02,9.689151629641618024e-02
2.312708333333333144e+02,-1.961267292832005182e-01
2.312916666666666572e+02,-6.562801139869610667e-01
2.313125000000000000e+02,-3.725390881604430104e-01
2.313333333333333144e+02,2.911824361995886679e-01
2.313541666666666572e+02,1.565383416462464705e-01
2.313750000000000000e+02,-5.296538518406501694e-01
2.313958333333333144e+02,-3.843041801540516555e-01
2.314166666666666572e+02,2.778713919121638676e-01
2.314375000000000000e+02,1.541225689176692337e-01
2.314583333333333144e+02,-5.136078331020887955e-01
2.314791666666666572e+02,-3.956580053871963654e-01
2.315000000000000000e+02,2.384641488406559762e-01
2.315208333333333144e+02,8.371870368552813968e-02
2.315416666666666572e+02,-5.074604258508741417e-01
2.315625000000000000e+02,-3.518298509487897130e-01
2.315833333333333144e+02,2.583499841562523769e-01
2.316041666666666572e+02,1.729016821563711392e-01
2.316250000000000000e+02,-1.540976725971892058e-01
2.316458333333333144e+02,1.432847352202931135e-01
2.316666666666666572e+02,5.097998080061405535e-01
2.316875000000000000e+02,1.896501272065986010e-01
2.317083333333333144e+02,-1.668133155297776560e-01
2.317291666666666572e+02,1.389271677051801268e-01
2.317500000000000000e+02,5.133284362078274210e-01
2.317708333333333144e+02,1.901413837204349311e-01
2.317916666666666572e+02,-2.706257316457806317e-01
2.318125000000000000e+02,-2.348194724310512238e-02
2.318333333333333144e+02,5.905497815934386274e-01
2.318541666666666572e+02,4.233138971029189457e-01
2.318750000000000000e+02,-2.659089793351057107e-01
2.318958333333333144e+02,-1.714386760550777322e-01
2.319166666666666572e+02,4.353440329977948386e-01
2.319375000000000000e+02,2.660844942173906102e-01
2.319583333333333144e+02,-4.034042672956951736e-01
2.319791666666666572e+02,-2.989367499835557385e-01
2.320000000000000000e+02,3.293893531167262911e-01
2.320208333333333144e+02,1.699557712976876023e-01
2.320416666666666572e+02,-4.991391233826736884e-01
2.320625000000000000e+02,-3.885924804029759483e-01
2.320833333333333144e+02,2.767274738423488589e-01
2.321041666666666572e+02,1.559272056004852303e-01
2.321250000000000000e+02,-4.798330341308508773e-01
2.321458333333333144e+02,-3.370211789238127809e-01
2.321666666666666572e+02,3.381572035888727457e-01
2.321875000000000000e+02,2.241045853241201147e-01
2.322083333333333144e+02,-4.067703529185009437e-01
2.322291666666666572e+02,-2.351947509175140172e-01
2.322500000000000000e+02,4.522328253915246510e-01
2.322708333333333144e+02,3.508313929632369543e-01
2.322916666666666572e+02,-2.636127590003483623e-01
2.323125000000000000e+02,-9.269254449028871412e-02
2.323333333333333144e+02,6.016196436582512685e-01
2.323541666666666572e+02,5.048503075069687984e-01
2.323750000000000000e+02,-1.086198139375560423e-01
2.323958333333333144e+02,-3.438075837589853467e-01
2.324166666666666572e+02,8.065314919276383998e-02
2.324375000000000000e+02,-1.067210335333462767e-02
2.324583333333333144e+02,-5.146610610775518291e-01
2.324791666666666572e+02,-2.946719892393885321e-01
2.325000000000000000e+02,3.800953195253077288e-01
2.325208333333333144e+02,2.891902642100462328e-01
2.325416666666666572e+02,-3.135569718367923753e-01
2.325625000000000000e+02,-1.449760965912240684e-01
2.325833333333333144e+02,2.609050109823478070e-01
2.326041666666666572e+02,-1.791567857474681003e-02
2.326250000000000000e+02,-5.631216203174176371e-01
2.326458333333333144e+02,-3.637928163904526890e-01
2.326666666666666572e+02,3.076625983330303349e-01
2.326875000000000000e+02,2.098552094538950752e-01
2.327083333333333144e+02,-3.988379958719630025e-01
2.327291666666666572e+02,-2.279999279053991634e-01
2.327500000000000000e+02,4.714275118415637844e-01
2.327708333333333144e+02,3.756026125528205140e-01
2.327916666666666572e+02,-2.466344301587054810e-01
2.328125000000000000e+02,-7.380699088937205110e-02
2.328333333333333144e+02,2.766957271676104835e-01
2.328541666666666572e+02,-5.819518966944522281e-02
2.328750000000000000e+02,-3.783890142426483139e-01
2.328958333333333144e+02,-6.489485915005394068e-04
2.329166666666666572e+02,2.387188969885994383e-01
2.329375000000000000e+02,-1.716350047491347341e-01
2.329583333333333144e+02,-7.579446077558495143e-02
2.329791666666666572e+02,3.235660235341359936e-01
2.330000000000000000e+02,8.010796776045409073e-02
2.330208333333333144e+02,-5.234108072714297455e-01
2.330416666666666572e+02,-3.679542838430762131e-01
2.330625000000000000e+02,3.176589604303904357e-01
2.330833333333333144e+02,2.245254780483564028e-01
2.331041666666666572e+02,-3.955096018640624767e-01
2.331250000000000000e+02,-2.185084112024160696e-01
2.331458333333333144e+02,4.719654548788917992e-01
2.331666666666666572e+02,3.740636161259754400e-01
2.331875000000000000e+02,-2.382094983794362797e-01
2.332083333333333144e+02,-5.099671658649471140e-02
2.332291666666666572e+02,6.254835509147835815e-01
2.332500000000000000e+02,5.058962086838894034e-01
2.332708333333333144e+02,-1.072592748759352843e-01
2.332916666666666572e+02,-1.811822578905328551e-01
2.333125000000000000e+02,2.798297657522399451e-01
2.333333333333333144e+02,1.255285673347054654e-01
2.333541666666666572e+02,-4.917552909992637389e-01
2.333750000000000000e+02,-2.996047491572678689e-01
2.333958333333333144e+02,3.894993234348539946e-01
2.334166666666666572e+02,2.899567736412324570e-01
2.334375000000000000e+02,-3.233138476178198939e-01
2.334583333333333144e+02,-1.475491295504647860e-01
2.334791666666666572e+02,2.383898685018252250e-01
2.335000000000000000e+02,-4.882936665434023382e-02
2.335208333333333144e+02,-5.664106125442447404e-01
2.335416666666666572e+02,-3.441320562823227402e-01
2.335625000000000000e+02,3.473601025094493200e-01
2.335833333333333144e+02,2.695727258311332863e-01
2.336041666666666572e+02,-3.467174445807000849e-01
2.336250000000000000e+02,-1.815650165030421315e-01
2.336458333333333144e+02,4.237287497751596743e-01
2.336666666666666572e+02,2.817024113751392944e-01
2.336875000000000000e+02,-3.334790619320361915e-01
2.337083333333333144e+02,-1.631434587484293930e-01
2.337291666666666572e+02,2.837972296616134149e-01
2.337500000000000000e+02,3.260684135196871558e-02
2.337708333333333144e+02,-5.814240048785204173e-01
2.337916666666666572e+02,-4.069656061809275305e-01
2.338125000000000000e+02,2.847652586102987771e-01
2.338333333333333144e+02,1.938717886903632559e-01
2.338541666666666572e+02,-4.198302594891668571e-01
2.338750000000000000e+02,-2.429421335845175500e-01
2.338958333333333144e+02,4.479306859415058684e-01
2.339166666666666572e+02,3.542027869976576704e-01
2.339375000000000000e+02,-2.592740528656244381e-01
2.339583333333333144e+02,-8.033608702396938250e-02
2.339791666666666572e+02,5.288658544998012800e-01
2.340000000000000000e+02,3.790498926672383750e-01
2.340208333333333144e+02,-2.341430390068612033e-01
2.340416666666666572e+02,-5.368010018844940334e-02
2.340625000000000000e+02,2.753219985781134582e-01
2.340833333333333144e+02,-6.152690243847039331e-02
2.341041666666666572e+02,-3.330944830076878471e-01
2.341250000000000000e+02,7.425212868603840721e-02
2.341458333333333144e+02,7.229932479659439970e-02
2.341666666666666572e+02,-4.161972806502924893e-01
2.341875000000000000e+02,-2.015938707715171918e-01
2.342083333333333144e+02,4.940374224913264833e-01
2.342291666666666572e+02,4.012919985365399622e-01
2.342500000000000000e+02,-2.041464772529684168e-01
2.342708333333333144e+02,-8.125132441354945834e-02
2.342916666666666572e+02,2.242039044082071164e-01
2.343125000000000000e+02,-9.556265960460033626e-02
2.343333333333333144e+02,-3.025083763129826075e-01
2.343541666666666572e+02,1.271847572185873243e-01
2.343750000000000000e+02,-1.373539420079051068e-02
2.343958333333333144e+02,-3.813997038097797776e-01
2.344166666666666572e+02,-7.210326320029965264e-02
2.344375000000000000e+02,4.052897518258999909e-01
2.344583333333333144e+02,1.408789139246691413e-01
2.344791666666666572e+02,-5.021787180242646143e-01
2.345000000000000000e+02,-3.774149553766589227e-01
2.345208333333333144e+02,2.861182839647503640e-01
2.345416666666666572e+02,1.517693492538250144e-01
2.345625000000000000e+02,-3.785234809721063076e-01
2.345833333333333144e+02,-1.838441450348680117e-01
2.346041666666666572e+02,4.802605871086316758e-01
2.346250000000000000e+02,3.470187251074682289e-01
2.346458333333333144e+02,-2.972033906712485130e-01
2.346666666666666572e+02,-1.765755049936116872e-01
2.346875000000000000e+02,4.868752992045179973e-01
2.347083333333333144e+02,3.515668545181403482e-01
2.347291666666666572e+02,-2.922687345077502608e-01
2.347500000000000000e+02,-1.697885072782652771e-01
2.347708333333333144e+02,4.931886937297231266e-01
2.347916666666666572e+02,3.562558564534348271e-01
2.348125000000000000e+02,-2.873025746714616968e-01
2.348333333333333144e+02,-1.633516610832152494e-01
2.348541666666666572e+02,4.992848484605700299e-01
2.348750000000000000e+02,3.659925341080161876e-01
2.348958333333333144e+02,-2.742510811361372203e-01
2.349166666666666572e+02,-1.496633888924822908e-01
2.349375000000000000e+02,2.558342023237144547e-01
2.349583333333333144e+02,-5.356255326968067942e-02
2.349791666666666572e+02,-5.797058580602507671e-01
2.350000000000000000e+02,-3.767770654522396567e-01
2.350208333333333144e+02,2.864186567842479936e-01
2.350416666666666572e+02,1.498283614572809008e-01
2.350625000000000000e+02,-4.930953536511072377e-01
2.350833333333333144e+02,-3.696786755442698635e-01
2.351041666666666572e+02,2.937735315941309988e-01
2.351250000000000000e+02,1.651591352125992562e-01
2.351458333333333144e+02,-4.780312277704530377e-01
2.351666666666666572e+02,-3.587731422950762861e-01
2.351875000000000000e+02,3.049684171245685693e-01
2.352083333333333144e+02,1.675212945998987291e-01
2.352291666666666572e+02,-4.561511309206193743e-01
2.352500000000000000e+02,-3.163909322148640291e-01
2.352708333333333144e+02,3.458904254701472558e-01
2.352916666666666572e+02,2.030997942100448705e-01
2.353125000000000000e+02,-2.432446331879772328e-01
2.353333333333333144e+02,1.922530981085851520e-02
2.353541666666666572e+02,6.806724897514239148e-01
2.353750000000000000e+02,5.331490727355359116e-01
2.353958333333333144e+02,-1.088604246359214933e-01
2.354166666666666572e+02,2.568812839051400065e-02
2.354375000000000000e+02,3.462540382420142282e-01
2.354583333333333144e+02,-2.969772683104840438e-02
2.354791666666666572e+02,-2.471083537533198538e-01
2.355000000000000000e+02,1.712065977544521556e-01
2.355208333333333144e+02,4.782241689924401906e-02
2.355416666666666572e+02,-4.512740972821274177e-01
2.355625000000000000e+02,-1.944440550538124035e-01
2.355833333333333144e+02,4.588545435428582064e-01
2.356041666666666572e+02,3.364231275609662619e-01
2.356250000000000000e+02,-3.244984007850429397e-01
2.356458333333333144e+02,-1.837792208533001737e-01
2.356666666666666572e+02,4.219506545854841417e-01
2.356875000000000000e+02,2.799174310655697662e-01
2.357083333333333144e+02,-3.401661642274382835e-01
2.357291666666666572e+02,-1.872491743333986880e-01
2.357500000000000000e+02,2.035413064329785471e-01
2.357708333333333144e+02,-8.471237664216713092e-02
2.357916666666666572e+02,-5.760134800854460613e-01
2.358125000000000000e+02,-3.269135538082934000e-01
2.358333333333333144e+02,3.092415816774427006e-01
2.358541666666666572e+02,1.903350838643698695e-01
2.358750000000000000e+02,-4.431110039960010627e-01
2.358958333333333144e+02,-3.021956863895923218e-01
2.359166666666666572e+02,3.292675616258634586e-01
2.359375000000000000e+02,2.106988426818688642e-01
2.359583333333333144e+02,-4.414155392578261727e-01
2.359791666666666572e+02,-3.011901503273930469e-01
2.360000000000000000e+02,3.432632221504470227e-01
2.360208333333333144e+02,2.239482867679962741e-01
2.360416666666666572e+02,-4.328771578645994600e-01
2.360625000000000000e+02,-3.021979185994739248e-01
2.360833333333333144e+02,3.355943585812916630e-01
2.361041666666666572e+02,2.140610478342490908e-01
2.361250000000000000e+02,-4.482559184271960318e-01
2.361458333333333144e+02,-3.059551727548445732e-01
2.361666666666666572e+02,3.454648351936008277e-01
2.361875000000000000e+02,2.228865993665365419e-01
2.362083333333333144e+02,-2.029202790858783412e-01
2.362291666666666572e+02,9.638498147849719477e-02
2.362500000000000000e+02,6.492527443402956733e-01
2.362708333333333144e+02,4.627371608270540171e-01
2.362916666666666572e+02,-1.999147669998705412e-01
2.363125000000000000e+02,-7.432188667927408510e-02
2.363333333333333144e+02,5.637029235217262402e-01
2.363541666666666572e+02,4.407350030899327975e-01
2.363750000000000000e+02,-2.278744160033996380e-01
2.363958333333333144e+02,-8.495594617942980875e-02
2.364166666666666572e+02,3.139428749338085134e-01
2.364375000000000000e+02,1.595978422988819645e-02
2.364583333333333144e+02,-6.005952016506187485e-01
2.364791666666666572e+02,-4.163294884708717003e-01
2.365000000000000000e+02,2.477021335549529912e-01
2.365208333333333144e+02,1.230917415525956266e-01
2.365416666666666572e+02,-5.525451290415126504e-01
2.365625000000000000e+02,-4.080564902561780727e-01
2.365833333333333144e+02,2.510442307992435396e-01
2.366041666666666572e+02,1.278046432332032578e-01
2.366250000000000000e+02,-4.192726821941137327e-01
2.366458333333333144e+02,-1.982854376825253506e-01
2.366666666666666572e+02,4.462214229060271209e-01
2.366875000000000000e+02,3.258447715163104164e-01
2.367083333333333144e+02,-3.125924758162159645e-01
2.367291666666666572e+02,-1.790857936326811506e-01
2.367500000000000000e+02,4.446365883504382888e-01
2.367708333333333144e+02,3.258308962572129541e-01
2.367916666666666572e+02,-3.212178890828141231e-01
2.368125000000000000e+02,-1.825520703307121351e-01
2.368333333333333144e+02,4.521822107081277520e-01
2.368541666666666572e+02,3.328499277842160708e-01
2.368750000000000000e+02,-3.139990045167765920e-01
2.368958333333333144e+02,-1.855154933383127425e-01
2.369166666666666572e+02,4.401788350058810084e-01
2.369375000000000000e+02,3.210457521578883311e-01
2.369583333333333144e+02,-3.262557215429973123e-01
2.369791666666666572e+02,-1.876738192747633982e-01
2.370000000000000000e+02,3.223734182419140115e-01
2.370208333333333144e+02,1.206437116689754729e-01
2.370416666666666572e+02,-5.101505811323752138e-01
2.370625000000000000e+02,-3.613627015263434217e-01
2.370833333333333144e+02,2.766870368549355086e-01
2.371041666666666572e+02,1.563451319202064926e-01
2.371250000000000000e+02,-5.014034376795500902e-01
2.371458333333333144e+02,-3.597269741585857883e-01
2.371666666666666572e+02,2.897157868075463383e-01
2.371875000000000000e+02,1.675756259309002238e-01
2.372083333333333144e+02,-4.970801549238115236e-01
2.372291666666666572e+02,-3.561682180408574649e-01
2.372500000000000000e+02,2.946474700151598958e-01
2.372708333333333144e+02,1.724488431228829721e-01
2.372916666666666572e+02,-4.913437466603696180e-01
2.373125000000000000e+02,-3.702601565924660831e-01
2.373333333333333144e+02,2.675976581383217590e-01
2.373541666666666572e+02,2.014096882003327815e-01
2.373750000000000000e+02,-1.988674938942079917e-01
2.373958333333333144e+02,5.034960879221678232e-02
2.374166666666666572e+02,6.683074376718698417e-01
2.374375000000000000e+02,4.895249774003462839e-01
2.374583333333333144e+02,-2.205913854428008525e-01
2.374791666666666572e+02,-1.257620969749569939e-01
2.375000000000000000e+02,4.928711444335172609e-01
2.375208333333333144e+02,3.334798600050403738e-01
2.375416666666666572e+02,-3.527759407858414020e-01
2.375625000000000000e+02,-2.573132493238193819e-01
2.375833333333333144e+02,3.561038390345552251e-01
2.376041666666666572e+02,1.850606600648692646e-01
2.376250000000000000e+02,-5.058773568856868019e-01
2.376458333333333144e+02,-4.082135546178941032e-01
2.376666666666666572e+02,2.033155152655028719e-01
2.376875000000000000e+02,1.584557032032730961e-01
2.377083333333333144e+02,-2.484117111897118368e-01
2.377291666666666572e+02,-2.245180489364221460e-02
2.377500000000000000e+02,5.546326197605100372e-01
2.377708333333333144e+02,3.617885547254346967e-01
2.377916666666666572e+02,-3.372751941748741156e-01
2.378125000000000000e+02,-2.438286187326459131e-01
2.378333333333333144e+02,3.714325859459304824e-01
2.378541666666666572e+02,2.003953032309200022e-01
2.378750000000000000e+02,-4.979568461242509514e-01
2.378958333333333144e+02,-4.044180301245163811e-01
2.379166666666666572e+02,2.062245997992904756e-01
2.379375000000000000e+02,3.701213312930395904e-02
2.379583333333333144e+02,-2.320570596158565979e-01
2.379791666666666572e+02,1.387209758647456048e-01
2.380000000000000000e+02,1.844237861783223353e-01
2.380208333333333144e+02,-3.418001518621947565e-01
2.380416666666666572e+02,-1.948861668272438008e-01
2.380625000000000000e+02,4.579866454952155053e-01
2.380833333333333144e+02,3.367642905029351041e-01
2.381041666666666572e+02,-3.261927857286682775e-01
2.381250000000000000e+02,-1.833036848767422289e-01
2.381458333333333144e+02,4.594978292806483067e-01
2.381666666666666572e+02,3.320628409614537202e-01
2.381875000000000000e+02,-3.301798197266932466e-01
2.382083333333333144e+02,-1.985880752980179187e-01
2.382291666666666572e+02,4.372137384976809704e-01
2.382500000000000000e+02,3.088682939690247653e-01
2.382708333333333144e+02,-3.533789146885625287e-01
2.382916666666666572e+02,-2.104987344023451223e-01
2.383125000000000000e+02,3.674858843396687225e-01
2.383333333333333144e+02,1.933306426676716372e-01
2.383541666666666572e+02,-4.673163989900740445e-01
2.383750000000000000e+02,-3.214929374207151636e-01
2.383958333333333144e+02,3.206070415985903810e-01
2.384166666666666572e+02,1.900110836186204577e-01
2.384375000000000000e+02,-4.715155816843876191e-01
2.384583333333333144e+02,-3.277913524042351812e-01
2.384791666666666572e+02,3.145394358421016445e-01
2.385000000000000000e+02,1.852291839785017713e-01
2.385208333333333144e+02,-4.747222157116879337e-01
2.385416666666666572e+02,-3.317948537353134220e-01
2.385625000000000000e+02,3.110422264103888113e-01
2.385833333333333144e+02,1.852583992707182992e-01
2.386041666666666572e+02,-4.776402075573191741e-01
2.386250000000000000e+02,-3.466005499155794256e-01
2.386458333333333144e+02,2.938792021667938625e-01
2.386666666666666572e+02,1.740244421078259718e-01
2.386875000000000000e+02,-4.900575631531873810e-01
2.387083333333333144e+02,-3.594524665554389431e-01
2.387291666666666572e+02,2.854861506768499035e-01
2.387500000000000000e+02,1.707167184157469819e-01
2.387708333333333144e+02,-4.422858640350031956e-01
2.387916666666666572e+02,-2.827223452468315412e-01
2.388125000000000000e+02,3.628992372200363081e-01
2.388333333333333144e+02,2.536021517889976984e-01
2.388541666666666572e+02,-2.604897506013464925e-01
2.388750000000000000e+02,-4.548418130106757218e-02
2.388958333333333144e+02,6.109584485560749512e-01
2.389166666666666572e+02,5.118288911214490255e-01
2.389375000000000000e+02,-1.512297849364059310e-01
2.389583333333333144e+02,-1.957621971016704210e-02
2.389791666666666572e+02,6.242219210992094869e-01
2.390000000000000000e+02,4.989642588215563723e-01
2.390208333333333144e+02,-1.579272857979514277e-01
2.390416666666666572e+02,-1.136072399990092907e-02
2.390625000000000000e+02,3.268143222678381865e-01
2.390833333333333144e+02,-8.537361320810343823e-03
2.391041666666666572e+02,-3.912687865530865006e-01
2.391250000000000000e+02,-5.623719913855670938e-02
2.391458333333333144e+02,2.802962042603235338e-01
2.391666666666666572e+02,-5.956022268430732902e-02
2.391875000000000000e+02,-3.908003668175826784e-01
2.392083333333333144e+02,-2.630934443203400419e-02
2.392291666666666572e+02,1.599294785825008947e-01
2.392500000000000000e+02,-2.762475828652722898e-01
2.392708333333333144e+02,-1.526507921371482723e-01
2.392916666666666572e+02,3.940990919245388469e-01
2.393125000000000000e+02,1.698189581709636242e-01
2.393333333333333144e+02,-4.812450008886207664e-01
2.393541666666666572e+02,-3.590301467170847749e-01
2.393750000000000000e+02,2.994065403191785713e-01
2.393958333333333144e+02,1.744406050754858661e-01
2.394166666666666572e+02,-4.552982511842424973e-01
2.394375000000000000e+02,-3.354410808839967673e-01
2.394583333333333144e+02,3.175196318738817136e-01
2.394791666666666572e+02,1.779682527518012536e-01
2.395000000000000000e+02,-4.633032228261000363e-01
2.395208333333333144e+02,-3.453412274918659097e-01
2.395416666666666572e+02,3.034138332620345824e-01
2.395625000000000000e+02,1.859400431135754261e-01
2.395833333333333144e+02,-4.345278591626712261e-01
2.396041666666666572e+02,-3.018330055041827942e-01
2.396250000000000000e+02,3.605427980405605526e-01
2.396458333333333144e+02,2.275165885411308264e-01
2.396666666666666572e+02,-3.936580706152985609e-01
2.396875000000000000e+02,-2.635963301944445059e-01
2.397083333333333144e+02,3.899918811174615252e-01
2.397291666666666572e+02,2.587605689512798568e-01
2.397500000000000000e+02,-2.420495195960933321e-01
2.397708333333333144e+02,-3.188279297281262914e-02
2.397916666666666572e+02,6.253033016757862939e-01
2.398125000000000000e+02,4.837789421454152805e-01
2.398333333333333144e+02,-1.625644186463105767e-01
2.398541666666666572e+02,-4.157569140774997063e-02
2.398750000000000000e+02,6.122742970758233705e-01
2.398958333333333144e+02,4.891420608641986467e-01
2.399166666666666572e+02,-1.443216771151697997e-01
2.399375000000000000e+02,-1.932357050185444791e-01
2.399583333333333144e+02,2.919477457128342168e-01
2.399791666666666572e+02,1.528128234426429088e-01
2.400000000000000000e+02,-4.734039142767820230e-01
2.400208333333333144e+02,-3.029547890821852607e-01
2.400416666666666572e+02,4.005120198214263683e-01
2.400625000000000000e+02,3.002628882971114521e-01
2.400833333333333144e+02,-3.260188433548080744e-01
2.401041666666666572e+02,-3.578936116279893276e-01
2.401250000000000000e+02,1.496725417972916139e-01
2.401458333333333144e+02,1.149469780907158567e-02
2.401666666666666572e+02,-6.094562061694004385e-01
2.401875000000000000e+02,-4.373819376245313140e-01
2.402083333333333144e+02,2.598226976136456257e-01
2.402291666666666572e+02,1.647683159122790564e-01
2.402500000000000000e+02,-4.450911890977101715e-01
2.402708333333333144e+02,-2.785865126561120064e-01
2.402916666666666572e+02,2.924894577351183078e-01
2.403125000000000000e+02,1.247094502346343670e-01
2.403333333333333144e+02,-5.035436379609220525e-01
2.403541666666666572e+02,-3.468352237803952187e-01
2.403750000000000000e+02,3.019897388118116810e-01
2.403958333333333144e+02,1.777450252478656734e-01
2.404166666666666572e+02,-4.871660308926234473e-01
2.404375000000000000e+02,-3.458465307028539826e-01
2.404583333333333144e+02,2.982847065938279973e-01
2.404791666666666572e+02,1.781140493004393921e-01
2.405000000000000000e+02,-4.612508263518424467e-01
2.405208333333333144e+02,-3.197371771021800257e-01
2.405416666666666572e+02,3.158319540235811629e-01
2.405625000000000000e+02,1.959797549689549778e-01
2.405833333333333144e+02,-1.801960238975819917e-01
2.406041666666666572e+02,1.480733373065187819e-01
2.406250000000000000e+02,5.767585683004401442e-01
2.406458333333333144e+02,3.091475510600731336e-01
2.406666666666666572e+02,-3.537792272125737658e-01
2.406875000000000000e+02,-2.119894702258543484e-01
2.407083333333333144e+02,4.370588564731351378e-01
2.407291666666666572e+02,3.151870037936825852e-01
2.407500000000000000e+02,-2.631574170236806731e-01
2.407708333333333144e+02,-7.937371834079132160e-02
2.407916666666666572e+02,5.572951751640083939e-01
2.408125000000000000e+02,4.355667963594838099e-01
2.408333333333333144e+02,-2.247047097007791594e-01
2.408541666666666572e+02,-8.369037150900035527e-02
2.408750000000000000e+02,5.631364811162500317e-01
2.408958333333333144e+02,4.412293962339497444e-01
2.409166666666666572e+02,-2.173404591456707946e-01
2.409375000000000000e+02,-8.758089175480954225e-02
2.409583333333333144e+02,4.511034090502890059e-01
2.409791666666666572e+02,2.648366589130351501e-01
2.410000000000000000e+02,-3.935364303415214149e-01
2.410208333333333144e+02,-2.525550236689018679e-01
2.410416666666666572e+02,3.932304508104035312e-01
2.410625000000000000e+02,2.719012229719818818e-01
2.410833333333333144e+02,-3.847593986793383936e-01
2.411041666666666572e+02,-2.718012653975850901e-01
2.411250000000000000e+02,8.404634518542991595e-02
2.411458333333333144e+02,-2.197275664422688179e-01
2.411666666666666572e+02,-5.943179488775585106e-01
2.411875000000000000e+02,-2.579927517564634121e-01
2.412083333333333144e+02,2.052029664510050533e-01
2.412291666666666572e+02,-4.585051228921424582e-02
2.412500000000000000e+02,-7.164347645664081998e-01
2.412708333333333144e+02,-5.720437590680741424e-01
2.412916666666666572e+02,8.663773222849080469e-02
2.413125000000000000e+02,6.008013335425838042e-02
2.413333333333333144e+02,-3.655062066981802915e-01
2.413541666666666572e+02,-1.025186749512680962e-01
2.413750000000000000e+02,5.503247027788931156e-01
2.413958333333333144e+02,4.276945920437322801e-01
2.414166666666666572e+02,-2.336077144064656330e-01
2.414375000000000000e+02,-1.034219681793109302e-01
2.414583333333333144e+02,5.312110877115447938e-01
2.414791666666666572e+02,4.101995846866182682e-01
2.415000000000000000e+02,-2.436626619749982237e-01
2.415208333333333144e+02,-1.041994667160165838e-01
2.415416666666666572e+02,3.624164062280894605e-01
2.415625000000000000e+02,1.300814295625439820e-01
2.415833333333333144e+02,-4.989193032391772697e-01
2.416041666666666572e+02,-3.505384137135812983e-01
2.416250000000000000e+02,2.828125632260971578e-01
2.416458333333333144e+02,1.636589546264709538e-01
2.416666666666666572e+02,-4.865499462779147577e-01
2.416875000000000000e+02,-3.468584575095113309e-01
2.417083333333333144e+02,2.917631665898200999e-01
2.417291666666666572e+02,1.721484881860406713e-01
2.417500000000000000e+02,-2.716690434526615183e-01
2.417708333333333144e+02,-9.022012191091888234e-03
2.417916666666666572e+02,6.218249289346327036e-01
2.418125000000000000e+02,4.897951511970320415e-01
2.418333333333333144e+02,-1.779980947134639502e-01
2.418541666666666572e+02,-3.466800079948690466e-02
2.418750000000000000e+02,4.414536760957541439e-01
2.418958333333333144e+02,2.028607972215782096e-01
2.419166666666666572e+02,-4.598574967550245751e-01
2.419375000000000000e+02,-3.341094176203576183e-01
2.419583333333333144e+02,3.051620126243178022e-01
2.419791666666666572e+02,1.810950234033145423e-01
2.420000000000000000e+02,-4.894992800026468638e-01
2.420208333333333144e+02,-3.455992736178430946e-01
2.420416666666666572e+02,3.153104199923844053e-01
2.420625000000000000e+02,1.907920580060958327e-01
2.420833333333333144e+02,-4.853282266809363366e-01
2.421041666666666572e+02,-3.405709512252371174e-01
2.421250000000000000e+02,3.218344800389287830e-01
2.421458333333333144e+02,1.973424081433191868e-01
2.421666666666666572e+02,-3.384358986964852711e-01
2.421875000000000000e+02,-1.034931248983157193e-01
2.422083333333333144e+02,5.511812264135106387e-01
2.422291666666666572e+02,4.282084336242151235e-01
2.422500000000000000e+02,-2.335709082774845291e-01
2.422708333333333144e+02,-1.048598793481835545e-01
2.422916666666666572e+02,5.287798213193202201e-01
2.423125000000000000e+02,4.080910952609270170e-01
2.423333333333333144e+02,-2.446522292305393642e-01
2.423541666666666572e+02,-1.054272390538732729e-01
2.423750000000000000e+02,2.954622620766956809e-01
2.423958333333333144e+02,2.024963042939081914e-02
2.424166666666666572e+02,-5.787603153514920828e-01
2.424375000000000000e+02,-4.116469687072489281e-01
2.424583333333333144e+02,2.193700848624964284e-01
2.424791666666666572e+02,1.008889358170043798e-01
2.425000000000000000e+02,-5.451915422884034967e-01
2.425208333333333144e+02,-4.109206752777384009e-01
2.425416666666666572e+02,2.205518803553142282e-01
2.425625000000000000e+02,1.016498542738763361e-01
2.425833333333333144e+02,-3.070118821453044489e-01
2.426041666666666572e+02,-2.302133214517002036e-02
2.426250000000000000e+02,5.368539188624470437e-01
2.426458333333333144e+02,3.668466098224917316e-01
2.426666666666666572e+02,-2.972355136982580692e-01
2.426875000000000000e+02,-1.549555408795995071e-01
2.427083333333333144e+02,4.999982299782282369e-01
2.427291666666666572e+02,3.761639669106126016e-01
2.427500000000000000e+02,-2.963429544128974302e-01
2.427708333333333144e+02,-1.526706095741816871e-01
2.427916666666666572e+02,3.950248492317338656e-01
2.428125000000000000e+02,1.956524563877089229e-01
2.428333333333333144e+02,-4.776340101116144377e-01
2.428541666666666572e+02,-3.338476655927978820e-01
2.428750000000000000e+02,3.236235523334263231e-01
2.428958333333333144e+02,2.005423613893410617e-01
2.429166666666666572e+02,-4.648713505952990488e-01
2.429375000000000000e+02,-3.342271420602128118e-01
2.429583333333333144e+02,3.058251647373771975e-01
2.429791666666666572e+02,1.843389182872327559e-01
2.430000000000000000e+02,-4.754753151486344476e-01
2.430208333333333144e+02,-3.342306780320212223e-01
2.430416666666666572e+02,3.100765548520461601e-01
2.430625000000000000e+02,1.896662390232354556e-01
2.430833333333333144e+02,-4.601173468826386115e-01
2.431041666666666572e+02,-3.393771206713014910e-01
2.431250000000000000e+02,2.856324758055924229e-01
2.431458333333333144e+02,1.424872531028218425e-01
2.431666666666666572e+02,-4.292317679063790137e-01
2.431875000000000000e+02,-2.698635029327210444e-01
2.432083333333333144e+02,3.552864458567738803e-01
2.432291666666666572e+02,1.930525323276941763e-01
2.432500000000000000e+02,-2.698604425647429528e-01
2.432708333333333144e+02,-2.250919144063695532e-02
2.432916666666666572e+02,5.883982977470738618e-01
2.433125000000000000e+02,4.177859946428066351e-01
2.433333333333333144e+02,-2.787397880541450101e-01
2.433541666666666572e+02,-1.861814291998030724e-01
2.433750000000000000e+02,4.236958927548585274e-01
2.433958333333333144e+02,2.540701780584490033e-01
2.434166666666666572e+02,-4.197626825056765543e-01
2.434375000000000000e+02,-3.170485878398104362e-01
2.434583333333333144e+02,2.935679722878557496e-01
2.434791666666666572e+02,2.281713895409265835e-01
2.435000000000000000e+02,-2.011490781243784054e-01
2.435208333333333144e+02,2.569998284464011795e-02
2.435416666666666572e+02,6.429692824895478775e-01
2.435625000000000000e+02,4.708420193919511387e-01
2.435833333333333144e+02,-2.327711118714690386e-01
2.436041666666666572e+02,-1.389160196193009456e-01
2.436250000000000000e+02,4.781556680934337389e-01
2.436458333333333144e+02,3.068610007200820444e-01
2.436666666666666572e+02,-3.910102950813937883e-01
2.436875000000000000e+02,-2.979534914206369289e-01
2.437083333333333144e+02,3.096979731170905192e-01
2.437291666666666572e+02,1.530383814762841799e-01
2.437500000000000000e+02,-5.147795066167019096e-01
2.437708333333333144e+02,-4.170276035761887323e-01
2.437916666666666572e+02,1.878747343455566821e-01
2.438125000000000000e+02,1.991241024409076688e-02
2.438333333333333144e+02,-6.703966809563944862e-01
2.438541666666666572e+02,-5.786344146167456959e-01
2.438750000000000000e+02,3.158271165171722128e-02
2.438958333333333144e+02,2.530646398520007834e-01
2.439166666666666572e+02,-1.677115898418952977e-01
2.439375000000000000e+02,-7.053130186375280997e-02
2.439583333333333144e+02,4.573125172184585030e-01
2.439791666666666572e+02,2.361459427014258594e-01
2.440000000000000000e+02,-4.562032875343072780e-01
2.440208333333333144e+02,-3.637272323610279412e-01
2.440416666666666572e+02,2.444461347847357857e-01
2.440625000000000000e+02,7.515062605138220220e-02
2.440833333333333144e+02,-1.853831543108703517e-01
2.441041666666666572e+02,1.927992133807645003e-01
2.441250000000000000e+02,2.241077916429063954e-01
2.441458333333333144e+02,-2.735260267201075624e-01
2.441666666666666572e+02,-1.398708979787777196e-01
2.441875000000000000e+02,4.808081770913013031e-01
2.442083333333333144e+02,3.106445751820856582e-01
2.442291666666666572e+02,-3.813872587295281114e-01
2.442500000000000000e+02,-2.933987285526019617e-01
2.442708333333333144e+02,3.215263738414330663e-01
2.442916666666666572e+02,1.573615021386615964e-01
2.443125000000000000e+02,-1.639661188747076892e-01
2.443333333333333144e+02,1.673108627291426398e-01
2.443541666666666572e+02,3.782352928690936866e-01
2.443750000000000000e+02,-6.209567911482699598e-02
2.443958333333333144e+02,2.914734011723520146e-02
2.444166666666666572e+02,4.510593653325148944e-01
2.444375000000000000e+02,1.597824596164956479e-01
2.444583333333333144e+02,-5.122662971191811465e-01
2.444791666666666572e+02,-4.125128370005158862e-01
2.445000000000000000e+02,1.832877484115366662e-01
2.445208333333333144e+02,2.243912831144539988e-01
2.445416666666666572e+02,-3.145854219590524248e-01
2.445625000000000000e+02,-2.233986591427560564e-01
2.445833333333333144e+02,3.887032173916327715e-01
2.446041666666666572e+02,2.256641548804265707e-01
2.446250000000000000e+02,-4.621860022130193091e-01
2.446458333333333144e+02,-3.697393135258419394e-01
2.446666666666666572e+02,2.333831890400238640e-01
2.446875000000000000e+02,2.467749496018518673e-01
2.447083333333333144e+02,-2.545695662451688546e-01
2.447291666666666572e+02,-1.205981736919374270e-01
2.447500000000000000e+02,4.865453575690462107e-01
2.447708333333333144e+02,3.157657176069561533e-01
2.447916666666666572e+02,-3.760571326509982715e-01
2.448125000000000000e+02,-2.790493667779126441e-01
2.448333333333333144e+02,3.365285814138325726e-01
2.448541666666666572e+02,1.654204989331573283e-01
2.448750000000000000e+02,-3.681131430299006135e-01
2.448958333333333144e+02,-1.631905900088227723e-01
2.449166666666666572e+02,4.521201333833759772e-01
2.449375000000000000e+02,2.810323606554520071e-01
2.449583333333333144e+02,-3.978687201702331144e-01
2.449791666666666572e+02,-2.918300633861933835e-01
2.450000000000000000e+02,3.464823192078798630e-01
2.450208333333333144e+02,1.858821568890844933e-01
2.450416666666666572e+02,-4.461950103185778893e-01
2.450625000000000000e+02,-3.037902593255094041e-01
2.450833333333333144e+02,3.691956959102365987e-01
2.451041666666666572e+02,2.433250280791478537e-01
2.451250000000000000e+02,-4.013223622205017715e-01
2.451458333333333144e+02,-2.702201599678851762e-01
2.451666666666666572e+02,4.029964944929164128e-01
2.451875000000000000e+02,2.561339932597086477e-01
2.452083333333333144e+02,-4.010060432978094225e-01
2.452291666666666572e+02,-2.778747720929146681e-01
2.452500000000000000e+02,3.874936239550126338e-01
2.452708333333333144e+02,2.573327501600118361e-01
2.452916666666666572e+02,-3.824817275039847919e-01
2.453125000000000000e+02,-2.607955663673101054e-01
2.453333333333333144e+02,3.985201432648967090e-01
2.453541666666666572e+02,2.564413102538135592e-01
2.453750000000000000e+02,-3.711607742341493932e-01
2.453958333333333144e+02,-2.385276125110238898e-01
2.454166666666666572e+02,4.156520704343912298e-01
2.454375000000000000e+02,2.981550897734768224e-01
2.454583333333333144e+02,-3.266673861569766024e-01
2.454791666666666572e+02,-1.852484972991160495e-01
2.455000000000000000e+02,4.836139707062803716e-01
2.455208333333333144e+02,3.807247755851756454e-01
2.455416666666666572e+02,-2.375976906236870467e-01
2.455625000000000000e+02,-6.735330277806499122e-02
2.455833333333333144e+02,5.594661101361864119e-01
2.456041666666666572e+02,4.189954223700991798e-01
2.456250000000000000e+02,-1.929042535848324302e-01
2.456458333333333144e+02,-2.319720247245274369e-01
2.456666666666666572e+02,2.141297868970599705e-01
2.456875000000000000e+02,5.105944160700909285e-02
2.457083333333333144e+02,-5.556556557294973775e-01
2.457291666666666572e+02,-3.864639715253476160e-01
2.457500000000000000e+02,2.949948711626352305e-01
2.457708333333333144e+02,1.985111702266512679e-01
2.457916666666666572e+02,-4.068438236857359613e-01
2.458125000000000000e+02,-2.377594635963248271e-01
2.458333333333333144e+02,2.181747987919423482e-01
2.458541666666666572e+02,-2.938281916956642092e-02
2.458750000000000000e+02,-6.335813625824329165e-01
2.458958333333333144e+02,-4.736946127946954910e-01
2.459166666666666572e+02,2.009040435047771966e-01
2.459375000000000000e+02,1.047583207726005550e-01
2.459583333333333144e+02,-5.042741196854407804e-01
2.459791666666666572e+02,-3.331418609012033460e-01
2.460000000000000000e+02,3.592829101826181537e-01
2.460208333333333144e+02,2.600128483218255848e-01
2.460416666666666572e+02,-3.601717162287836338e-01
2.460625000000000000e+02,-1.883116863785597728e-01
2.460833333333333144e+02,5.181661295182036220e-01
2.461041666666666572e+02,4.235064511180181013e-01
2.461250000000000000e+02,-1.977952535510732190e-01
2.461458333333333144e+02,-2.623228963226134636e-02
2.461666666666666572e+02,4.873959525290865180e-01
2.461875000000000000e+02,2.678049352230990054e-01
2.462083333333333144e+02,-3.456390643115687666e-01
2.462291666666666572e+02,-1.808857472821274182e-01
2.462500000000000000e+02,4.930808056498605652e-01
2.462708333333333144e+02,3.909271960649854383e-01
2.462916666666666572e+02,-2.289315674835894487e-01
2.463125000000000000e+02,-6.366563971845462522e-02
2.463333333333333144e+02,2.383307660150825735e-01
2.463541666666666572e+02,-1.177911678453793520e-01
2.463750000000000000e+02,-2.957892447141496906e-01
2.463958333333333144e+02,1.616074496918816217e-01
2.464166666666666572e+02,5.949598405098677212e-02
2.464375000000000000e+02,-5.602387363306740031e-01
2.464583333333333144e+02,-3.843591371016438218e-01
2.464791666666666572e+02,3.080142624178444644e-01
2.465000000000000000e+02,2.219324177750439109e-01
2.465208333333333144e+02,-3.935267173700189858e-01
2.465416666666666572e+02,-2.340255609426967476e-01
2.465625000000000000e+02,4.555093520158653431e-01
2.465833333333333144e+02,3.686538683679295714e-01
2.466041666666666572e+02,-2.513730862085390982e-01
2.466250000000000000e+02,-8.580888035352254861e-02
2.466458333333333144e+02,5.051121456787233122e-01
2.466666666666666572e+02,3.549218276399674910e-01
2.466875000000000000e+02,-2.604590157002016904e-01
2.467083333333333144e+02,-9.338681326709707964e-02
2.467291666666666572e+02,2.841663807036922673e-01
2.467500000000000000e+02,-8.417057431397090284e-03
2.467708333333333144e+02,-5.102526412163326253e-01
2.467916666666666572e+02,-2.795524230045410841e-01
2.468125000000000000e+02,4.057051194602425692e-01
2.468333333333333144e+02,3.178623091277399948e-01
2.468541666666666572e+02,-2.965162155262852095e-01
2.468750000000000000e+02,-1.168412377514974065e-01
2.468958333333333144e+02,2.703026633036376136e-01
2.469166666666666572e+02,-4.224306581954638540e-02
2.469375000000000000e+02,-4.756293970336520904e-01
2.469583333333333144e+02,-1.646422500718190407e-01
2.469791666666666572e+02,4.456966383466892667e-01
2.470000000000000000e+02,2.908645998296704449e-01
2.470208333333333144e+02,-3.213408547921874359e-01
2.470416666666666572e+02,-1.365655595048865800e-01
2.470625000000000000e+02,2.750421281760949688e-01
2.470833333333333144e+02,-8.352722249894771467e-03
2.471041666666666572e+02,-5.457234072245287226e-01
2.471250000000000000e+02,-3.155307399514172273e-01
2.471458333333333144e+02,3.756425834663733587e-01
2.471666666666666572e+02,2.819149033405568550e-01
2.471875000000000000e+02,-3.335130922083179295e-01
2.472083333333333144e+02,-1.606482836461101960e-01
2.472291666666666572e+02,5.158606610610155796e-01
2.472500000000000000e+02,4.201176632436849356e-01
2.472708333333333144e+02,-1.954596830141632768e-01
2.472916666666666572e+02,-2.335065007092304301e-01
2.473125000000000000e+02,2.871882904894370037e-01
2.473333333333333144e+02,1.830165438257415900e-01
2.473541666666666572e+02,-4.331244480470857194e-01
2.473750000000000000e+02,-2.742322375061652107e-01
2.473958333333333144e+02,4.170780866263860132e-01
2.474166666666666572e+02,3.376677021385345312e-01
2.474375000000000000e+02,-2.784184291766259589e-01
2.474583333333333144e+02,-2.211767943709951889e-01
2.474791666666666572e+02,2.164527382233275010e-01
2.475000000000000000e+02,1.127872102526283893e-02
2.475208333333333144e+02,-6.036650020070932765e-01
2.475416666666666572e+02,-4.337265425978770184e-01
2.475625000000000000e+02,2.590458327737195643e-01
2.475833333333333144e+02,1.727037699468529364e-01
2.476041666666666572e+02,-4.418677580077544076e-01
2.476250000000000000e+02,-2.693172443820394668e-01
2.476458333333333144e+02,4.225348987986908278e-01
2.476666666666666572e+02,3.331462418675087411e-01
2.476875000000000000e+02,-2.811491962337068218e-01
2.477083333333333144e+02,-1.063171188042150439e-01
2.477291666666666572e+02,5.847734591357621747e-01
2.477500000000000000e+02,4.927919134000203760e-01
2.477708333333333144e+02,-1.213272769392824552e-01
2.477916666666666572e+02,-1.561746007946799297e-01
2.478125000000000000e+02,3.220262100805959538e-01
2.478333333333333144e+02,1.787250440351107750e-01
2.478541666666666572e+02,-4.355789297160498896e-01
2.478750000000000000e+02,-2.559019060285239733e-01
2.478958333333333144e+02,4.343561998031934546e-01
2.479166666666666572e+02,3.380674936985226253e-01
2.479375000000000000e+02,-2.746562332346614843e-01
2.479583333333333144e+02,-9.295461437661244053e-02
2.479791666666666572e+02,1.797125947246639432e-01
2.480000000000000000e+02,-1.957853954487971115e-01
2.480208333333333144e+02,-2.293226389420172651e-01
2.480416666666666572e+02,2.802283498462858069e-01
2.480625000000000000e+02,1.477851785729070166e-01
2.480833333333333144e+02,-4.687974276019725717e-01
2.481041666666666572e+02,-2.976155104514577876e-01
2.481250000000000000e+02,3.858177625463280469e-01
2.481458333333333144e+02,2.840747035764121797e-01
2.481666666666666572e+02,-3.288914028693797897e-01
2.481875000000000000e+02,-1.576061537798627843e-01
2.482083333333333144e+02,2.661913518705733006e-01
2.482291666666666572e+02,-1.080405366553022217e-02
2.482500000000000000e+02,-5.755763463964971294e-01
2.482708333333333144e+02,-3.702923788779832748e-01
2.482916666666666572e+02,3.296293622956606439e-01
2.483125000000000000e+02,2.371072408266949871e-01
2.483333333333333144e+02,-3.761250825248826368e-01
2.483541666666666572e+02,-2.079741961971349751e-01
2.483750000000000000e+02,4.662263646867498834e-01
2.483958333333333144e+02,3.642210821724417569e-01
2.484166666666666572e+02,-2.432413780625361233e-01
2.484375000000000000e+02,-7.360404556332755810e-02
2.484583333333333144e+02,4.107398418729266698e-01
2.484791666666666572e+02,1.771059079818098347e-01
2.485000000000000000e+02,-4.356320044594236274e-01
2.485208333333333144e+02,-2.648424665516049270e-01
2.485416666666666572e+02,4.321729826679296393e-01
2.485625000000000000e+02,3.388869324430390240e-01
2.485833333333333144e+02,-2.712964904845170944e-01
2.486041666666666572e+02,-1.019009940425233129e-01
2.486250000000000000e+02,3.585703846858148136e-01
2.486458333333333144e+02,1.149216759318941877e-01
2.486666666666666572e+02,-4.888342668613058217e-01
2.486875000000000000e+02,-3.202323409183520098e-01
2.487083333333333144e+02,3.663485963133455980e-01
2.487291666666666572e+02,2.754969843684298425e-01
2.487500000000000000e+02,-3.233426816827788541e-01
2.487708333333333144e+02,-1.748348409577789864e-01
2.487916666666666572e+02,4.935895045088025679e-01
2.488125000000000000e+02,4.024243820830668561e-01
2.488333333333333144e+02,-2.012828875183644284e-01
2.488541666666666572e+02,-2.575633327635537539e-01
2.488750000000000000e+02,2.574677486902026136e-01
2.488958333333333144e+02,1.462609687102634504e-01
2.489166666666666572e+02,-4.669548159138059429e-01
2.489375000000000000e+02,-2.965108263207818506e-01
2.489583333333333144e+02,4.030248463667654435e-01
2.489791666666666572e+02,3.101415756835231297e-01
2.490000000000000000e+02,-3.038258697450292867e-01
2.490208333333333144e+02,-2.180066859614475105e-01
2.490416666666666572e+02,1.719774696926172353e-01
2.490625000000000000e+02,-8.655208527673086127e-02
2.490833333333333144e+02,-5.395885947807598226e-01
2.491041666666666572e+02,-2.608320011016639905e-01
2.491250000000000000e+02,4.426062864805431762e-01
2.491458333333333144e+02,3.480633493026792369e-01
2.491666666666666572e+02,-2.728184155547410117e-01
2.491875000000000000e+02,-1.462050377143770397e-01
2.492083333333333144e+02,2.281186832944697152e-01
2.492291666666666572e+02,-6.675945498025168123e-02
2.492500000000000000e+02,-4.473372546831230201e-01
2.492708333333333144e+02,-1.165145160526427359e-01
2.492916666666666572e+02,3.975440675474538055e-01
2.493125000000000000e+02,1.793227291714452887e-01
2.493333333333333144e+02,-4.323733526885086276e-01
2.493541666666666572e+02,-2.626533953550470590e-01
2.493750000000000000e+02,4.060400027334889472e-01
2.493958333333333144e+02,3.012701329238302583e-01
2.494166666666666572e+02,-3.249681730098478716e-01
2.494375000000000000e+02,-1.669911159033739823e-01
2.494583333333333144e+02,4.936734133503076771e-01
2.494791666666666572e+02,3.827827206538197413e-01
2.495000000000000000e+02,-2.696932666189035821e-01
2.495208333333333144e+02,-1.455398645469189733e-01
2.495416666666666572e+02,3.896645565032870184e-01
2.495625000000000000e+02,1.977481655138178529e-01
2.495833333333333144e+02,-4.664882754614593230e-01
2.496041666666666572e+02,-3.257194638913806228e-01
2.496250000000000000e+02,3.167724973031849078e-01
2.496458333333333144e+02,1.966600949388138675e-01
2.496666666666666572e+02,-4.422067322004182288e-01
2.496875000000000000e+02,-2.995932196530898262e-01
2.497083333333333144e+02,3.355113367816622838e-01
2.497291666666666572e+02,2.154466514170737534e-01
2.497500000000000000e+02,-4.394735595191868738e-01
2.497708333333333144e+02,-2.988907593375130234e-01
2.497916666666666572e+02,3.445955225231545072e-01
2.498125000000000000e+02,2.238005497700682189e-01
2.498333333333333144e+02,-4.324151365838575511e-01
2.498541666666666572e+02,-3.077107618167652658e-01
2.498750000000000000e+02,3.254671009080154498e-01
2.498958333333333144e+02,2.335342730934660826e-01
2.499166666666666572e+02,-1.921082429945402126e-01
2.499375000000000000e+02,9.616283805908379390e-02
2.499583333333333144e+02,6.382137594200605335e-01
2.499791666666666572e+02,4.384990742121815943e-01
2.500000000000000000e+02,-2.342819769662587426e-01
2.500208333333333144e+02,-9.081029842370443028e-02
2.500416666666666572e+02,5.691441836174726543e-01
2.500625000000000000e+02,4.448578567247995497e-01
2.500833333333333144e+02,-2.274638814463798009e-01
2.501041666666666572e+02,-8.471427641915618700e-02
2.501250000000000000e+02,2.423679842485271796e-01
2.501458333333333144e+02,-9.869882158473924916e-02
2.501666666666666572e+02,-4.418352280873415472e-01
2.501875000000000000e+02,-8.782453944012075242e-02
2.502083333333333144e+02,1.592906886690709789e-01
2.502291666666666572e+02,-2.243681653165183476e-01
2.502500000000000000e+02,-2.056444250680755093e-01
2.502708333333333144e+02,2.431990071025513234e-01
2.502916666666666572e+02,5.220544885171957139e-03
2.503125000000000000e+02,-6.362334468824303313e-01
2.503333333333333144e+02,-5.040340333286639218e-01
2.503541666666666572e+02,1.583263066646068973e-01
2.503750000000000000e+02,1.942528792899712864e-02
2.503958333333333144e+02,-3.442160972026614418e-01
2.504166666666666572e+02,-3.584463796033818261e-02
2.504375000000000000e+02,4.471234648362106268e-01
2.504583333333333144e+02,1.951129947160296640e-01
2.504791666666666572e+02,-4.683810243668371509e-01
2.505000000000000000e+02,-3.636838058559554998e-01
2.505208333333333144e+02,2.796187351871166626e-01
2.505416666666666572e+02,1.353530238572893951e-01
2.505625000000000000e+02,-2.594894632540941104e-01
2.505833333333333144e+02,2.618918903128120146e-02
2.506041666666666572e+02,5.660307720654021990e-01
2.506250000000000000e+02,3.560544409243443509e-01
2.506458333333333144e+02,-3.296470604180935515e-01
2.506666666666666572e+02,-2.412830114795486702e-01
2.506875000000000000e+02,3.733047055500056111e-01
2.507083333333333144e+02,1.956788429934840368e-01
2.507291666666666572e+02,-4.181516012350908751e-01
2.507500000000000000e+02,-2.590750779863248976e-01
2.507708333333333144e+02,3.596047659128267515e-01
2.507916666666666572e+02,1.763405158324170552e-01
2.508125000000000000e+02,-2.584770370752819124e-01
2.508333333333333144e+02,8.940561212327433060e-03
2.508541666666666572e+02,6.210072541321509654e-01
2.508750000000000000e+02,4.413631820207990497e-01
2.508958333333333144e+02,-2.479083086285417681e-01
2.509166666666666572e+02,-1.529720283567485850e-01
2.509375000000000000e+02,4.600312589492132065e-01
2.509583333333333144e+02,2.830704714732002469e-01
2.509791666666666572e+02,-4.071178248276213774e-01
2.510000000000000000e+02,-3.151543287476011868e-01
2.510208333333333144e+02,2.988382567602152484e-01
2.510416666666666572e+02,1.244907975084178497e-01
2.510625000000000000e+02,-5.669064361460365298e-01
2.510833333333333144e+02,-4.782859805725877544e-01
2.511041666666666572e+02,1.366991370540992790e-01
2.511250000000000000e+02,8.392881858461620839e-03
2.511458333333333144e+02,-3.058881887821403578e-01
2.511666666666666572e+02,1.125827190847474013e-02
2.511875000000000000e+02,3.047924755604912161e-01
2.512083333333333144e+02,-7.391043950374710791e-02
2.512291666666666572e+02,-1.710175199650521283e-01
2.512500000000000000e+02,3.023071904242735641e-01
2.512708333333333144e+02,1.424735028748695953e-01
2.512916666666666572e+02,-5.163168909705457832e-01
2.513125000000000000e+02,-4.166884583529095742e-01
2.513333333333333144e+02,1.900582718262000537e-01
2.513541666666666572e+02,1.981750494074178137e-01
2.513750000000000000e+02,-2.647077824794331624e-01
2.513958333333333144e+02,-9.969808336268956572e-02
2.514166666666666572e+02,5.048019854877556778e-01
2.514375000000000000e+02,3.360720735747565469e-01
2.514583333333333144e+02,-3.356324687757784586e-01
2.514791666666666572e+02,-2.338389277115329734e-01
2.515000000000000000e+02,3.765229015520011324e-01
2.515208333333333144e+02,2.068781650606535960e-01
2.515416666666666572e+02,-4.143380280893743106e-01
2.515625000000000000e+02,-2.673559874582452367e-01
2.515833333333333144e+02,3.526019731689677417e-01
2.516041666666666572e+02,1.800511200997878258e-01
2.516250000000000000e+02,-2.442319225672088812e-01
2.516458333333333144e+02,3.844577648926844615e-02
2.516666666666666572e+02,6.034232607672209703e-01
2.516875000000000000e+02,3.924855467119994223e-01
2.517083333333333144e+02,-3.141321670036626434e-01
2.517291666666666572e+02,-2.204157429678204050e-01
2.517500000000000000e+02,3.970511596426746781e-01
2.517708333333333144e+02,2.262957049722600922e-01
2.517916666666666572e+02,-4.572638858705403431e-01
2.518125000000000000e+02,-3.565399981234053661e-01
2.518333333333333144e+02,2.555445768907548820e-01
2.518541666666666572e+02,8.619366099825215288e-02
2.518750000000000000e+02,-3.987633620508086452e-01
2.518958333333333144e+02,-1.654569422193562234e-01
2.519166666666666572e+02,4.448032396626105944e-01
2.519375000000000000e+02,2.750216216950008286e-01
2.519583333333333144e+02,-4.115330624840719542e-01
2.519791666666666572e+02,-3.164977685343676184e-01
2.520000000000000000e+02,2.879631962496895792e-01
2.520208333333333144e+02,1.196505733470655530e-01
2.520416666666666572e+02,-4.331073763645376107e-01
2.520625000000000000e+02,-2.539741618093802611e-01
2.520833333333333144e+02,3.708393235939270727e-01
2.521041666666666572e+02,2.125933710985457303e-01
2.521250000000000000e+02,-4.503471413101145515e-01
2.521458333333333144e+02,-3.395477316730928230e-01
2.521666666666666572e+02,3.217902923566761664e-01
2.521875000000000000e+02,1.945704246254706948e-01
2.522083333333333144e+02,-2.909857259608262248e-01
2.522291666666666572e+02,-6.838557514769316725e-02
2.522500000000000000e+02,5.948980865502534465e-01
2.522708333333333144e+02,4.521697204125036951e-01
2.522916666666666572e+02,-2.010414726915014105e-01
2.523125000000000000e+02,-7.842127162482363800e-02
2.523333333333333144e+02,4.932674612848311213e-01
2.523541666666666572e+02,2.873734937884241947e-01
2.523750000000000000e+02,-3.640221047431813073e-01
2.523958333333333144e+02,-2.419372389328777462e-01
2.524166666666666572e+02,4.187874846433189968e-01
2.524375000000000000e+02,2.942810572475076381e-01
2.524583333333333144e+02,-3.394456956528134062e-01
2.524791666666666572e+02,-2.157327706387260347e-01
2.525000000000000000e+02,1.945587059268163443e-01
2.525208333333333144e+02,-1.161146231170256393e-01
2.525416666666666572e+02,-6.134010096986646232e-01
2.525625000000000000e+02,-3.886439568186593196e-01
2.525833333333333144e+02,2.757272749961953706e-01
2.526041666666666572e+02,1.340245654246807749e-01
2.526250000000000000e+02,-5.144086896850055268e-01
2.526458333333333144e+02,-3.926223295437549221e-01
2.526666666666666572e+02,2.648381000174436228e-01
2.526875000000000000e+02,1.412105316276499878e-01
2.527083333333333144e+02,-4.886902213231444358e-01
2.527291666666666572e+02,-3.675044400768856523e-01
2.527500000000000000e+02,2.900008437883095924e-01
2.527708333333333144e+02,1.485025499406421035e-01
2.527916666666666572e+02,-3.209759303855991841e-01
2.528125000000000000e+02,-8.066764655443664500e-02
2.528333333333333144e+02,5.799219256421145330e-01
2.528541666666666572e+02,4.380630285183457207e-01
2.528750000000000000e+02,-2.086197589709520295e-01
2.528958333333333144e+02,-8.774059593500060927e-02
2.529166666666666572e+02,5.661410370144113191e-01
2.529375000000000000e+02,4.438694626808012966e-01
2.529583333333333144e+02,-1.841416387932088838e-01
2.529791666666666572e+02,-5.553862130306715106e-02
2.530000000000000000e+02,3.728283450709977132e-01
2.530208333333333144e+02,7.522516565117656762e-02
2.530416666666666572e+02,-5.465182982432563730e-01
2.530625000000000000e+02,-4.107002823465227270e-01
2.530833333333333144e+02,2.437397191005740704e-01
2.531041666666666572e+02,1.283208631474423989e-01
2.531250000000000000e+02,-4.144711285416432522e-01
2.531458333333333144e+02,-2.092234642051017390e-01
2.531666666666666572e+02,4.694724184508231035e-01
2.531875000000000000e+02,3.769983103198827346e-01
2.532083333333333144e+02,-2.347670686000094542e-01
2.532291666666666572e+02,-6.412787431478300659e-02
2.532500000000000000e+02,4.645006909860733280e-01
2.532708333333333144e+02,2.566392057080282285e-01
2.532916666666666572e+02,-3.601223864558810162e-01
2.533125000000000000e+02,-1.886634126386562693e-01
2.533333333333333144e+02,4.869963215437124182e-01
2.533541666666666572e+02,3.768992495757871874e-01
2.533750000000000000e+02,-2.370529749722880553e-01
2.533958333333333144e+02,-3.197018486863665854e-01
2.534166666666666572e+02,1.938520278007035691e-01
2.534375000000000000e+02,9.392474081491050675e-02
2.534583333333333144e+02,-5.164826959500509185e-01
2.534791666666666572e+02,-3.460470093676471515e-01
2.535000000000000000e+02,3.515434199385050196e-01
2.535208333333333144e+02,2.586393335170362184e-01
2.535416666666666572e+02,-3.540810977189486897e-01
2.535625000000000000e+02,-2.270939817741468025e-01
2.535833333333333144e+02,1.424538660723636552e-01
2.536041666666666572e+02,-1.471160778346602693e-01
2.536250000000000000e+02,-4.968515742219375975e-01
2.536458333333333144e+02,-1.637899629831751080e-01
2.536666666666666572e+02,2.680144428601908269e-01
2.536875000000000000e+02,9.416460749031463351e-03
2.537083333333333144e+02,-5.459387828152811872e-01
2.537291666666666572e+02,-3.400420274868377057e-01
2.537500000000000000e+02,3.562512807873277620e-01
2.537708333333333144e+02,2.604210123023447121e-01
2.537916666666666572e+02,-3.581624522457052540e-01
2.538125000000000000e+02,-1.861296878862325199e-01
2.538333333333333144e+02,5.166570494994088270e-01
2.538541666666666572e+02,4.204994656561686917e-01
2.538750000000000000e+02,-1.993746315789438617e-01
2.538958333333333144e+02,-2.793591458126654103e-02
2.539166666666666572e+02,5.011822951689677286e-01
2.539375000000000000e+02,2.932638592063422922e-01
2.539583333333333144e+02,-3.188180378563062467e-01
2.539791666666666572e+02,-1.494611365086733201e-01
2.540000000000000000e+02,5.193900211260260580e-01
2.540208333333333144e+02,4.140135390300719309e-01
2.540416666666666572e+02,-2.116257404092198591e-01
2.540625000000000000e+02,-1.429850167833260355e-01
2.540833333333333144e+02,2.314571325245119160e-01
2.541041666666666572e+02,-3.036181149051264683e-02
2.541250000000000000e+02,-5.323056001726568232e-01
2.541458333333333144e+02,-3.079109348405427160e-01
2.541666666666666572e+02,3.209019437595531654e-01
2.541875000000000000e+02,1.867846938589271533e-01
2.542083333333333144e+02,-4.805239176351070451e-01
2.542291666666666572e+02,-3.514838894556208126e-01
2.542500000000000000e+02,2.837844708882453215e-01
2.542708333333333144e+02,1.630304584705010162e-01
2.542916666666666572e+02,-4.944452632179592300e-01
2.543125000000000000e+02,-3.534483178436153561e-01
2.543333333333333144e+02,2.905089148030326474e-01
2.543541666666666572e+02,1.699791480767542662e-01
2.543750000000000000e+02,-2.319950679404952920e-01
2.543958333333333144e+02,5.681154116559569700e-02
2.544166666666666572e+02,5.853399536242307466e-01
2.544375000000000000e+02,3.826175979892445511e-01
2.544583333333333144e+02,-2.876151787845915297e-01
2.544791666666666572e+02,-1.619169638642637965e-01
2.545000000000000000e+02,4.737839873451961670e-01
2.545208333333333144e+02,3.516525568594276452e-01
2.545416666666666572e+02,-3.126003195914279220e-01
2.545625000000000000e+02,-1.703495283073681865e-01
2.545833333333333144e+02,4.835223900583693890e-01
2.546041666666666572e+02,3.601974062469132098e-01
2.546250000000000000e+02,-3.081540189500193150e-01
2.546458333333333144e+02,-1.655938540202938347e-01
2.546666666666666572e+02,4.306802567214603750e-01
2.546875000000000000e+02,2.698823674145803264e-01
2.547083333333333144e+02,-3.932062192642316045e-01
2.547291666666666572e+02,-2.554514143757458111e-01
2.547500000000000000e+02,3.324825544736033089e-01
2.547708333333333144e+02,1.753249196872826987e-01
2.547916666666666572e+02,-4.720869389309122477e-01
2.548125000000000000e+02,-3.423532909396809210e-01
2.548333333333333144e+02,2.875394889315403546e-01
2.548541666666666572e+02,1.669956878460841510e-01
2.548750000000000000e+02,-4.884922731983788458e-01
2.548958333333333144e+02,-3.455352693504436523e-01
2.549166666666666572e+02,3.031572860343721976e-01
2.549375000000000000e+02,1.811890970118413269e-01
2.549583333333333144e+02,-4.822537617561036827e-01
2.549791666666666572e+02,-3.400750282726460738e-01
2.550000000000000000e+02,3.098840309832021633e-01
2.550208333333333144e+02,1.880875680746852407e-01
2.550416666666666572e+02,-4.721193807711194235e-01
2.550625000000000000e+02,-3.387210046332976843e-01
2.550833333333333144e+02,2.999506331002140813e-01
2.551041666666666572e+02,1.793604142993320272e-01
2.551250000000000000e+02,-4.761272625047364149e-01
2.551458333333333144e+02,-3.427551755707705095e-01
2.551666666666666572e+02,2.933670353508972539e-01
2.551875000000000000e+02,1.733182793585291426e-01
2.552083333333333144e+02,-4.804730136905368543e-01
2.552291666666666572e+02,-3.488241975916554494e-01
2.552500000000000000e+02,2.860870010682346476e-01
2.552708333333333144e+02,1.658294476115357852e-01
2.552916666666666572e+02,-2.696670163594601100e-01
2.553125000000000000e+02,1.791280019525059997e-02
2.553333333333333144e+02,6.612184381221333229e-01
2.553541666666666572e+02,5.398610806173392840e-01
2.553750000000000000e+02,-1.165483008489449634e-01
2.553958333333333144e+02,5.542100171539166009e-04
2.554166666666666572e+02,4.703519360149164275e-01
2.554375000000000000e+02,2.132496702653537413e-01
2.554583333333333144e+02,-4.699261688312779683e-01
2.554791666666666572e+02,-3.764297753900744947e-01
2.555000000000000000e+02,2.413441508865266094e-01
2.555208333333333144e+02,1.218919843836124006e-01
2.555416666666666572e+02,-2.248753368283540055e-01
2.555625000000000000e+02,8.721026564572791073e-02
2.555833333333333144e+02,4.191551687642632862e-01
2.556041666666666572e+02,4.929892935765203821e-02
2.556250000000000000e+02,-2.370248543632343108e-01
2.556458333333333144e+02,1.429942705203227638e-01
2.556666666666666572e+02,2.191330167882037938e-01
2.556875000000000000e+02,-3.219558592618600446e-01
2.557083333333333144e+02,-2.487824643359755616e-01
2.557291666666666572e+02,3.681176974811091185e-01
2.557500000000000000e+02,2.072553264849120447e-01
2.557708333333333144e+02,-4.866002255962711964e-01
2.557916666666666572e+02,-4.071557875359869128e-01
2.558125000000000000e+02,2.087561258732525959e-01
2.558333333333333144e+02,3.003316451045002777e-01
2.558541666666666572e+02,-2.204284013678879661e-01
2.558750000000000000e+02,-1.323878215101474409e-01
2.558958333333333144e+02,4.809707840751109575e-01
2.559166666666666572e+02,3.004927462654539139e-01
2.559375000000000000e+02,-3.887698477042613732e-01
2.559583333333333144e+02,-2.849898770407800486e-01
2.559791666666666572e+02,3.256561830522781698e-01
2.560000000000000000e+02,1.302226117196318422e-01
2.560208333333333144e+02,-2.414176836072121080e-01
2.560416666666666288e+02,8.823493901373349879e-02
2.560625000000000000e+02,3.737741513703399798e-01
2.560833333333333144e+02,-3.854258827709750035e-02
2.561041666666666288e+02,-1.074855852285696578e-01
2.561250000000000000e+02,4.091734045518887752e-01
2.561458333333333144e+02,2.364332017935945607e-01
2.561666666666666288e+02,-4.562529231088911508e-01
2.561875000000000000e+02,-3.554327417163483105e-01
2.562083333333333144e+02,2.587733113335515256e-01
2.562291666666666288e+02,8.868229349593709232e-02
2.562500000000000000e+02,-5.411905947953563611e-01
2.562708333333333144e+02,-4.066213905630609027e-01
2.562916666666666288e+02,1.969356457059210919e-01
2.563125000000000000e+02,9.394874005482894974e-02
2.563333333333333144e+02,-2.702171419459963309e-01
2.563541666666666288e+02,3.061377403459936142e-03
2.563750000000000000e+02,4.348163370196047040e-01
2.563958333333333144e+02,1.543956744604114140e-01
2.564166666666666288e+02,-4.960999700786120625e-01
2.564375000000000000e+02,-3.805279165938616481e-01
2.564583333333333144e+02,2.225353639367617653e-01
2.564791666666666288e+02,1.977693346721634549e-01
2.565000000000000000e+02,-2.231214539936026697e-01
2.565208333333333144e+02,-1.975293440849559823e-02
2.565416666666666288e+02,5.883824485806128379e-01
2.565625000000000000e+02,4.190420156630169091e-01
2.565833333333333144e+02,-2.796292743686159543e-01
2.566041666666666288e+02,-1.863367989398773683e-01
2.566250000000000000e+02,4.316441873951278874e-01
2.566458333333333144e+02,2.598244612181025981e-01
2.566666666666666288e+02,-4.448568375983326662e-01
2.566875000000000000e+02,-3.503908285973630354e-01
2.567083333333333144e+02,2.691828363248610634e-01
2.567291666666666288e+02,9.767939311066460573e-02
2.567500000000000000e+02,-5.069477454229642799e-01
2.567708333333333144e+02,-3.488900106219189889e-01
2.567916666666666288e+02,2.632036764438913101e-01
2.568125000000000000e+02,9.752373131847916210e-02
2.568333333333333144e+02,-2.756578600668013745e-01
2.568541666666666288e+02,2.553201285353182137e-02
2.568750000000000000e+02,4.664182926460298528e-01
2.568958333333333144e+02,1.827235991178907393e-01
2.569166666666666288e+02,-4.801789664133318536e-01
2.569375000000000000e+02,-3.680544468138512992e-01
2.569583333333333144e+02,2.947406308571584033e-01
2.569791666666666288e+02,1.551615812730763877e-01
2.570000000000000000e+02,-2.366858560151504920e-01
2.570208333333333144e+02,5.194603808806745604e-02
2.570416666666666288e+02,5.230346229276083836e-01
2.570625000000000000e+02,2.729659611796240171e-01
2.570833333333333144e+02,-3.597288824223516812e-01
2.571041666666666288e+02,-2.387909961383295199e-01
2.571250000000000000e+02,4.183935082428350549e-01
2.571458333333333144e+02,2.751543533902170435e-01
2.571666666666666288e+02,-3.748185301286447446e-01
2.571875000000000000e+02,-2.523998553602221362e-01
2.572083333333333144e+02,4.127281905741819745e-01
2.572291666666666288e+02,2.703299860444565716e-01
2.572500000000000000e+02,-3.809589067544501551e-01
2.572708333333333144e+02,-2.587175429646826896e-01
2.572916666666666288e+02,4.031367762084434592e-01
2.573125000000000000e+02,2.691179641543112178e-01
2.573333333333333144e+02,-3.711245770686846246e-01
2.573541666666666288e+02,-2.500944899220664541e-01
2.573750000000000000e+02,4.066087570925267514e-01
2.573958333333333144e+02,2.738280817881976192e-01
2.574166666666666288e+02,-3.626405454966482589e-01
2.574375000000000000e+02,-2.421477538495154513e-01
2.574583333333333144e+02,4.119794725843277661e-01
2.574791666666666288e+02,2.756321586442763705e-01
2.575000000000000000e+02,-3.622174089784647721e-01
2.575208333333333144e+02,-2.419632141414760351e-01
2.575416666666666288e+02,2.967225175775242141e-01
2.575625000000000000e+02,9.690981424749858797e-02
2.575833333333333144e+02,-5.334044116931480062e-01
2.576041666666666288e+02,-4.075603872484589441e-01
2.576250000000000000e+02,2.579239968648449066e-01
2.576458333333333144e+02,1.159765063844899191e-01
2.576666666666666288e+02,-5.365234462865701159e-01
2.576875000000000000e+02,-4.133312443939167191e-01
2.577083333333333144e+02,2.538646091294247120e-01
2.577291666666666288e+02,1.115643647724181842e-01
2.577500000000000000e+02,-5.271845473897549539e-01
2.577708333333333144e+02,-3.954607200201606387e-01
2.577916666666666288e+02,2.659174523786759226e-01
2.578125000000000000e+02,1.732383367353769743e-01
2.578333333333333144e+02,-1.797237286585455784e-01
2.578541666666666288e+02,1.161032537336487147e-01
2.578750000000000000e+02,5.536623104091037417e-01
2.578958333333333144e+02,2.592026500919339949e-01
2.579166666666666288e+02,-3.803228001927110302e-01
2.579375000000000000e+02,-2.426923558259340974e-01
2.579583333333333144e+02,4.309381220424829406e-01
2.579791666666666288e+02,2.874304588398234328e-01
2.580000000000000000e+02,-2.772895105905771596e-01
2.580208333333333144e+02,-9.245105998398930880e-02
2.580416666666666288e+02,5.739865336316363198e-01
2.580625000000000000e+02,4.316424736399830930e-01
2.580833333333333144e+02,-2.159579391077986188e-01
2.581041666666666288e+02,-9.538493173933587643e-02
2.581250000000000000e+02,5.494030386860196957e-01
2.581458333333333144e+02,4.194948698733197423e-01
2.581666666666666288e+02,-2.073759459123822313e-01
2.581875000000000000e+02,-8.251265394255868912e-02
2.582083333333333144e+02,4.507293865601702532e-01
2.582291666666666288e+02,2.287621580737825289e-01
2.582500000000000000e+02,-4.099463433863790862e-01
2.582708333333333144e+02,-2.904682732570291748e-01
2.582916666666666288e+02,3.584714155674080804e-01
2.583125000000000000e+02,2.449470177430424500e-01
2.583333333333333144e+02,-3.739063318981749040e-01
2.583541666666666288e+02,-2.196096945517754806e-01
2.583750000000000000e+02,1.694069299439483478e-01
2.583958333333333144e+02,-1.127949105123915441e-01
2.584166666666666288e+02,-6.240583176596179449e-01
2.584375000000000000e+02,-3.921506811217171373e-01
2.584583333333333144e+02,2.970899217088532884e-01
2.584791666666666288e+02,2.027043856094404295e-01
2.585000000000000000e+02,-4.065544632530257996e-01
2.585208333333333144e+02,-2.369388141705800754e-01
2.585416666666666288e+02,3.172018513392912964e-01
2.585625000000000000e+02,1.328802700384516811e-01
2.585833333333333144e+02,-4.775511045367019092e-01
2.586041666666666288e+02,-3.069122729067536026e-01
2.586250000000000000e+02,3.910840411898480196e-01
2.586458333333333144e+02,2.978022017475759342e-01
2.586666666666666288e+02,-3.158137430349631236e-01
2.586875000000000000e+02,-1.452273086723377959e-01
2.587083333333333144e+02,1.915861312378021042e-01
2.587291666666666288e+02,-1.403357867720873564e-01
2.587500000000000000e+02,-3.359232437316724829e-01
2.587708333333333144e+02,1.143264001184085277e-01
2.587916666666666288e+02,3.448082263408133730e-02
2.588125000000000000e+02,-4.607292105728046372e-01
2.588333333333333144e+02,-2.242167833494759788e-01
2.588541666666666288e+02,4.676270013864170516e-01
2.588750000000000000e+02,3.940030713023440212e-01
2.588958333333333144e+02,-2.234171872305653894e-01
2.589166666666666288e+02,-7.364062805686083513e-02
2.589375000000000000e+02,5.006818874796945540e-01
2.589583333333333144e+02,3.482562154742440130e-01
2.589791666666666288e+02,-2.687384796627686478e-01
2.590000000000000000e+02,-1.059236346473137053e-01
2.590208333333333144e+02,4.335601287854973784e-01
2.590416666666666288e+02,2.490409626406590027e-01
2.590625000000000000e+02,-3.664162888194707479e-01
2.590833333333333144e+02,-1.970982907035130904e-01
2.591041666666666288e+02,4.951399023816165368e-01
2.591250000000000000e+02,4.073339683156906865e-01
2.591458333333333144e+02,-2.071886114508824095e-01
2.591666666666666288e+02,-3.211338699730070245e-01
2.591875000000000000e+02,1.779549540983167977e-01
2.592083333333333144e+02,8.481720718797489122e-02
2.592291666666666288e+02,-5.281574288776380577e-01
2.592500000000000000e+02,-3.464663333566937453e-01
2.592708333333333144e+02,3.435698132376392433e-01
2.592916666666666288e+02,2.434759735778881384e-01
2.593125000000000000e+02,-3.684221914791282471e-01
2.593333333333333144e+02,-1.805698631998524928e-01
2.593541666666666288e+02,3.560414707804506196e-01
2.593750000000000000e+02,1.486603470039751240e-01
2.593958333333333144e+02,-4.619908952209705322e-01
2.594166666666666288e+02,-2.684697888923305298e-01
2.594375000000000000e+02,4.190209101371287770e-01
2.594583333333333144e+02,2.911214957528895919e-01
2.594791666666666288e+02,-3.304710396713163023e-01
2.595000000000000000e+02,-1.569224460861279591e-01
2.595208333333333144e+02,3.312144499769556494e-01
2.595416666666666288e+02,1.019134050163898048e-01
2.595625000000000000e+02,-5.122127231946773662e-01
2.595833333333333144e+02,-3.305932342078344854e-01
2.596041666666666288e+02,3.602368506257544456e-01
2.596250000000000000e+02,2.662481679407063817e-01
2.596458333333333144e+02,-3.475918394351964480e-01
2.596666666666666288e+02,-1.721258683723934368e-01
2.596875000000000000e+02,5.196144753193769894e-01
2.597083333333333144e+02,4.286909235546286223e-01
2.597291666666666288e+02,-1.882088561944587068e-01
2.597500000000000000e+02,-1.677846070782630927e-01
2.597708333333333144e+02,2.814873676188945351e-01
2.597916666666666288e+02,1.033102762646985057e-01
2.598125000000000000e+02,-5.124981058592735783e-01
2.598333333333333144e+02,-3.490006363450810500e-01
2.598541666666666288e+02,3.452562182913442301e-01
2.598750000000000000e+02,2.696245897005538628e-01
2.598958333333333144e+02,-3.476202488997996443e-01
2.599166666666666288e+02,-1.909525306097014652e-01
2.599375000000000000e+02,5.043829134529435043e-01
2.599583333333333144e+02,4.351155643527102601e-01
2.599791666666666288e+02,-1.867113326324083000e-01
2.600000000000000000e+02,-2.564229513129454574e-01
2.600208333333333144e+02,2.941513908748959460e-01
2.600416666666666288e+02,2.101283540410219253e-01
2.600625000000000000e+02,-4.129857122554394522e-01
2.600833333333333144e+02,-2.486721545911085851e-01
2.601041666666666288e+02,4.448156097575561851e-01
2.601250000000000000e+02,3.623126339158296849e-01
2.601458333333333144e+02,-2.532144672994300350e-01
2.601666666666666288e+02,-3.343741855144232722e-01
2.601875000000000000e+02,1.912419855529301493e-01
2.602083333333333144e+02,1.036470164312611741e-01
2.602291666666666288e+02,-5.104639467624680904e-01
2.602500000000000000e+02,-3.346652300178412087e-01
2.602708333333333144e+02,3.566018087546137250e-01
2.602916666666666288e+02,2.626128552115560844e-01
2.603125000000000000e+02,-3.505226012882446396e-01
2.603333333333333144e+02,-1.690891963403482745e-01
2.603541666666666288e+02,2.411842429687744427e-01
2.603750000000000000e+02,-4.439686721668003461e-02
2.603958333333333144e+02,-5.243094852540812756e-01
2.604166666666666288e+02,-2.502209823869574468e-01
2.604375000000000000e+02,4.389371300270601406e-01
2.604583333333333144e+02,3.359789707088611799e-01
2.604791666666666288e+02,-2.756917403535161792e-01
2.605000000000000000e+02,-8.722393800691566335e-02
2.605208333333333144e+02,3.109565362934122446e-01
2.605416666666666288e+02,1.149601149259781713e-02
2.605625000000000000e+02,-4.331143035960660082e-01
2.605833333333333144e+02,-1.322927038680221656e-01
2.606041666666666288e+02,5.437244121056273860e-01
2.606250000000000000e+02,4.237346005384416969e-01
2.606458333333333144e+02,-1.932700079564056983e-01
2.606666666666666288e+02,-1.135247071838528521e-01
2.606875000000000000e+02,2.538529729103717880e-01
2.607083333333333144e+02,-6.417839973475947257e-03
2.607291666666666288e+02,-4.463336413642925993e-01
2.607500000000000000e+02,-1.657421880772429468e-01
2.607708333333333144e+02,5.263717714184965590e-01
2.607916666666666288e+02,4.507541201389032581e-01
2.608125000000000000e+02,-1.672203626085877748e-01
2.608333333333333144e+02,-3.098690708493084811e-01
2.608541666666666288e+02,1.889235781681816440e-01
2.608750000000000000e+02,9.676632857301786794e-02
2.608958333333333144e+02,-5.321624140822573956e-01
2.609166666666666288e+02,-3.981087796565124237e-01
2.609375000000000000e+02,2.811064513653758201e-01
2.609583333333333144e+02,1.590380398538357720e-01
2.609791666666666288e+02,-4.968404807594848926e-01
2.610000000000000000e+02,-3.912374763375199294e-01
2.610208333333333144e+02,2.614117709465965111e-01
2.610416666666666288e+02,1.253530462647483856e-01
2.610625000000000000e+02,-1.908323887944076147e-01
2.610833333333333144e+02,1.456829734400047760e-01
2.611041666666666288e+02,4.182539838886740191e-01
2.611250000000000000e+02,2.370764143465646512e-02
2.611458333333333144e+02,-2.569501066974289039e-02
2.611666666666666288e+02,4.723350905371021535e-01
2.611875000000000000e+02,3.385937636918179283e-01
2.612083333333333144e+02,-3.216531026677620364e-01
2.612291666666666288e+02,-1.802861964070126000e-01
2.612500000000000000e+02,4.683330026633170662e-01
2.612708333333333144e+02,3.462004854399359233e-01
2.612916666666666288e+02,-3.154667008817851892e-01
2.613125000000000000e+02,-1.827252268341046926e-01
2.613333333333333144e+02,4.590810801007259023e-01
2.613541666666666288e+02,3.370199553498350875e-01
2.613750000000000000e+02,-3.255146800633736959e-01
2.613958333333333144e+02,-1.839187661036963961e-01
2.614166666666666288e+02,2.748808581527502626e-01
2.614375000000000000e+02,2.631431678896878346e-02
2.614583333333333144e+02,-6.335035292269076690e-01
2.614791666666666288e+02,-5.121926694828540239e-01
2.615000000000000000e+02,1.220847517601468535e-01
2.615208333333333144e+02,-1.728862617962205819e-02
2.615416666666666288e+02,-4.061326846589159434e-01
2.615625000000000000e+02,-9.053609877746884860e-02
2.615833333333333144e+02,4.348892290096278979e-01
2.616041666666666288e+02,2.162576800132927080e-01
2.616250000000000000e+02,-4.663423247560563034e-01
2.616458333333333144e+02,-3.521275603010211031e-01
2.616666666666666288e+02,2.833397408820597652e-01
2.616875000000000000e+02,1.115661337450554319e-01
2.617083333333333144e+02,-3.629019729724520249e-01
2.617291666666666288e+02,-1.189613186154082347e-01
2.617500000000000000e+02,5.239324256870718788e-01
2.617708333333333144e+02,3.679831762543864793e-01
2.617916666666666288e+02,-2.831730743306520859e-01
2.618125000000000000e+02,-1.559548487226147251e-01
2.618333333333333144e+02,5.138364550609267889e-01
2.618541666666666288e+02,3.712838220682658230e-01
2.618750000000000000e+02,-2.841570141346050349e-01
2.618958333333333144e+02,-1.652744883927579067e-01
2.619166666666666288e+02,4.945954863914167055e-01
2.619375000000000000e+02,3.636126824568268745e-01
2.619583333333333144e+02,-2.717645483911942939e-01
2.619791666666666288e+02,-1.515729199091090107e-01
2.620000000000000000e+02,2.969768273936396197e-01
2.620208333333333144e+02,2.060635596356952259e-02
2.620416666666666288e+02,-6.168101478894696399e-01
2.620625000000000000e+02,-4.972628923405721380e-01
2.620833333333333144e+02,1.357803358714756159e-01
2.621041666666666288e+02,-9.846291595467376867e-03
2.621250000000000000e+02,-2.928561597774828051e-01
2.621458333333333144e+02,5.939922307152548098e-02
2.621666666666666288e+02,2.220833578749575599e-01
2.621875000000000000e+02,-2.425755264307977166e-01
2.622083333333333144e+02,-9.944246243540522112e-02
2.622291666666666288e+02,5.389460247606550070e-01
2.622500000000000000e+02,4.086933472673353052e-01
2.622708333333333144e+02,-2.526408187061944810e-01
2.622916666666666288e+02,-1.244644985224675204e-01
2.623125000000000000e+02,3.541680051727501555e-01
2.623333333333333144e+02,1.234757090747611308e-01
2.623541666666666288e+02,-5.444564248767288506e-01
2.623750000000000000e+02,-4.133665554455353552e-01
2.623958333333333144e+02,2.318682530332388803e-01
2.624166666666666288e+02,1.173981867079369329e-01
2.624375000000000000e+02,-4.956627560577159253e-01
2.624583333333333144e+02,-3.362719104856793928e-01
2.624791666666666288e+02,3.158975398897400089e-01
2.625000000000000000e+02,2.104672347096724627e-01
2.625208333333333144e+02,-3.952810360473533180e-01
2.625416666666666288e+02,-2.312685266869082823e-01
2.625625000000000000e+02,4.142087708475145069e-01
2.625833333333333144e+02,3.014037895809831835e-01
2.626041666666666288e+02,-3.637460939040764174e-01
2.626250000000000000e+02,-2.395905994789639115e-01
2.626458333333333144e+02,4.064066463180824318e-01
2.626666666666666288e+02,2.924132186404672651e-01
2.626875000000000000e+02,-2.190741845744098582e-01
2.627083333333333144e+02,1.543746527450373662e-02
2.627291666666666288e+02,6.590440620574842256e-01
2.627500000000000000e+02,5.353792589505526056e-01
2.627708333333333144e+02,-1.279569900060537058e-01
2.627916666666666288e+02,9.587036307182050798e-03
2.628125000000000000e+02,4.548629910037369495e-01
2.628333333333333144e+02,1.951168523050471060e-01
2.628541666666666288e+02,-4.663549455581524339e-01
2.628750000000000000e+02,-3.211950063698407742e-01
2.628958333333333144e+02,3.197701109397641517e-01
2.629166666666666288e+02,1.852491731406997189e-01
2.629375000000000000e+02,-4.748685226907002344e-01
2.629583333333333144e+02,-3.292301322676362552e-01
2.629791666666666288e+02,3.076999106918698601e-01
2.630000000000000000e+02,1.684680713772493121e-01
2.630208333333333144e+02,-4.907898471346066605e-01
2.630416666666666288e+02,-3.349262886637799363e-01
2.630625000000000000e+02,3.048850667399637948e-01
2.630833333333333144e+02,1.606303519682216741e-01
2.631041666666666288e+02,-4.849513016543483546e-01
2.631250000000000000e+02,-3.185980516680643193e-01
2.631458333333333144e+02,3.219167678549864631e-01
2.631666666666666288e+02,1.857408870519421940e-01
2.631875000000000000e+02,-4.757674201319832541e-01
2.632083333333333144e+02,-3.350256547253059880e-01
2.632291666666666288e+02,3.187373672266333169e-01
2.632500000000000000e+02,2.045809004571920720e-01
2.632708333333333144e+02,-4.123658171409527173e-01
2.632916666666666288e+02,-2.535348757529368169e-01
2.633125000000000000e+02,3.868743164000151280e-01
2.633333333333333144e+02,2.674887407753531177e-01
2.633541666666666288e+02,-3.665840496422170802e-01
2.633750000000000000e+02,-2.143798698332119723e-01
2.633958333333333144e+02,4.298805806053433987e-01
2.634166666666666288e+02,3.109316029409998627e-01
2.634375000000000000e+02,-3.461504364648848586e-01
2.634583333333333144e+02,-2.099780841972680168e-01
2.634791666666666288e+02,4.343583260844338656e-01
2.635000000000000000e+02,3.163595572415733859e-01
2.635208333333333144e+02,-3.082749438883856108e-01
2.635416666666666288e+02,-1.515499382492137004e-01
2.635625000000000000e+02,4.929454436527120342e-01
2.635833333333333144e+02,3.763349502750172881e-01
2.636041666666666288e+02,-2.887373470476195525e-01
2.636250000000000000e+02,-1.603556795696278459e-01
2.636458333333333144e+02,4.872521363919692927e-01
2.636666666666666288e+02,3.739057812621554566e-01
2.636875000000000000e+02,-2.912319323015652994e-01
2.637083333333333144e+02,-1.659760388028803380e-01
2.637291666666666288e+02,4.761174229890298704e-01
2.637500000000000000e+02,3.591976552066004635e-01
2.637708333333333144e+02,-3.056918145184067681e-01
2.637916666666666288e+02,-1.743115609496217466e-01
2.638125000000000000e+02,4.293754097969147421e-01
2.638333333333333144e+02,2.818932522790795758e-01
2.638541666666666288e+02,-3.814216252875591295e-01
2.638750000000000000e+02,-2.420089855720597427e-01
2.638958333333333144e+02,1.909693485780262212e-01
2.639166666666666288e+02,-7.903233757688887806e-02
2.639375000000000000e+02,-7.394410713822063830e-01
2.639583333333333144e+02,-5.946332626847268266e-01
2.639791666666666288e+02,4.332513456126260709e-02
2.640000000000000000e+02,-4.294887650688530845e-02
2.640208333333333144e+02,-3.885474833161105535e-01
2.640416666666666288e+02,-4.674496269260022818e-02
2.640625000000000000e+02,2.707515286719885950e-01
2.640833333333333144e+02,-8.478757007355253172e-02
2.641041666666666288e+02,-2.246434543069923684e-01
2.641250000000000000e+02,2.719549069355047810e-01
2.641458333333333144e+02,1.291301533525040790e-01
2.641666666666666288e+02,-5.241823169280357408e-01
2.641875000000000000e+02,-4.017304798919392739e-01
2.642083333333333144e+02,2.572525614651106629e-01
2.642291666666666288e+02,1.896496852977463399e-01
2.642500000000000000e+02,-2.044210469922171924e-01
2.642708333333333144e+02,6.461789164194653434e-02
2.642916666666666288e+02,6.129578128651429481e-01
2.643125000000000000e+02,4.146589869922686633e-01
2.643333333333333144e+02,-2.113862306283006975e-01
2.643541666666666288e+02,-7.922038532995906435e-02
2.643750000000000000e+02,5.841015877316211302e-01
2.643958333333333144e+02,4.523855035297796867e-01
2.644166666666666288e+02,-1.813424682329461413e-01
2.644375000000000000e+02,-9.528637402752165864e-02
2.644583333333333144e+02,2.942556032256437026e-01
2.644791666666666288e+02,-3.048056105639518343e-04
2.645000000000000000e+02,-5.017638951752116938e-01
2.645208333333333144e+02,-2.944494293782189409e-01
2.645416666666666288e+02,3.541080301626178262e-01
2.645625000000000000e+02,2.346883064803967633e-01
2.645833333333333144e+02,-3.890855619718505687e-01
2.646041666666666288e+02,-2.566340396056683848e-01
2.646250000000000000e+02,4.087984136364062882e-01
2.646458333333333144e+02,2.731981550716368612e-01
2.646666666666666288e+02,-3.676913426461974055e-01
2.646875000000000000e+02,-2.466079794988994545e-01
2.647083333333333144e+02,4.113299960200786920e-01
2.647291666666666288e+02,2.813262766647470769e-01
2.647500000000000000e+02,-3.567481217680867900e-01
2.647708333333333144e+02,-2.350327084934709654e-01
2.647916666666666288e+02,2.415265042068795165e-01
2.648125000000000000e+02,-2.499290628717118490e-02
2.648333333333333144e+02,-6.775597437249414323e-01
2.648541666666666288e+02,-5.540259113817020964e-01
2.648750000000000000e+02,1.137763652358453337e-01
2.648958333333333144e+02,1.242932902568322229e-02
2.649166666666666288e+02,-2.946367522531068706e-01
2.649375000000000000e+02,3.987100418645106448e-02
2.649583333333333144e+02,3.516475963610322664e-01
2.649791666666666288e+02,-1.289846287722226648e-02
2.650000000000000000e+02,-1.247352048576120254e-01
2.650208333333333144e+02,3.493484834576019993e-01
2.650416666666666288e+02,2.294697900595207563e-01
2.650625000000000000e+02,-4.349119156664776886e-01
2.650833333333333144e+02,-3.057723488091442787e-01
2.651041666666666288e+02,3.399806481394623825e-01
2.651250000000000000e+02,2.277539596639519548e-01
2.651458333333333144e+02,-3.238434890581599612e-01
2.651666666666666288e+02,-1.324181857793932104e-01
2.651875000000000000e+02,5.237328493995700995e-01
2.652083333333333144e+02,4.228117458016968366e-01
2.652291666666666288e+02,-2.352497199196683930e-01
2.652500000000000000e+02,-9.877414881773652344e-02
2.652708333333333144e+02,5.450673775895893414e-01
2.652916666666666288e+02,4.205966428754236430e-01
2.653125000000000000e+02,-2.432258518741138575e-01
2.653333333333333144e+02,-1.024612688793910403e-01
2.653541666666666288e+02,5.395514786816322239e-01
2.653750000000000000e+02,4.076401856961664460e-01
2.653958333333333144e+02,-2.533401931123402950e-01
2.654166666666666288e+02,-1.040282399935023583e-01
2.654375000000000000e+02,2.102012015250581123e-01
2.654583333333333144e+02,-1.459919893299834182e-01
2.654791666666666288e+02,-3.773353470271118559e-01
2.655000000000000000e+02,6.164360556086892484e-02
2.655208333333333144e+02,-8.219746592347706993e-02
2.655416666666666288e+02,-4.709750460498061120e-01
2.655625000000000000e+02,-1.687038365516964622e-01
2.655833333333333144e+02,3.709970821198417257e-01
2.656041666666666288e+02,1.587903565839178799e-01
2.656250000000000000e+02,-4.782359699202483050e-01
2.656458333333333144e+02,-3.568786255447610745e-01
2.656666666666666288e+02,3.009181436961633760e-01
2.656875000000000000e+02,1.604916129081477016e-01
2.657083333333333144e+02,-4.811539729720213376e-01
2.657291666666666288e+02,-3.608453810990396304e-01
2.657500000000000000e+02,2.844832982223570728e-01
2.657708333333333144e+02,1.584868594053550350e-01
2.657916666666666288e+02,-4.669185634292112308e-01
2.658125000000000000e+02,-3.416699457183104416e-01
2.658333333333333144e+02,3.174798314452510484e-01
2.658541666666666288e+02,1.768489695936712458e-01
2.658750000000000000e+02,-3.462648106371588597e-01
2.658958333333333144e+02,-1.437537117319174773e-01
2.659166666666666288e+02,5.116913811775187781e-01
2.659375000000000000e+02,3.703458350459316595e-01
2.659583333333333144e+02,-2.718048317582832385e-01
2.659791666666666288e+02,-1.514809104619674884e-01
2.660000000000000000e+02,4.895075412724677055e-01
2.660208333333333144e+02,3.444607120882923201e-01
2.660416666666666288e+02,-2.952176050734386381e-01
2.660625000000000000e+02,-1.745317194675024275e-01
2.660833333333333144e+02,4.835780445315041032e-01
2.661041666666666288e+02,3.422101913901808845e-01
2.661250000000000000e+02,-3.046427452282798320e-01
2.661458333333333144e+02,-1.832734260876669463e-01
2.661666666666666288e+02,4.760541488418291722e-01
2.661875000000000000e+02,3.545971482805435060e-01
2.662083333333333144e+02,-2.800234324889895321e-01
2.662291666666666288e+02,-1.386778009142905499e-01
2.662500000000000000e+02,4.586452680653957392e-01
2.662708333333333144e+02,2.893070958934914061e-01
2.662916666666666288e+02,-3.464078153818153649e-01
2.663125000000000000e+02,-1.742256685864234378e-01
2.663333333333333144e+02,2.299208569229946042e-01
2.663541666666666288e+02,-6.320544027194879844e-02
2.663750000000000000e+02,-6.299517953849944618e-01
2.663958333333333144e+02,-4.204329024451028962e-01
2.664166666666666288e+02,2.856782920067609810e-01
2.664375000000000000e+02,1.905191039375583872e-01
2.664583333333333144e+02,-4.272696700095074407e-01
2.664791666666666288e+02,-2.562281999741204963e-01
2.665000000000000000e+02,4.190825301765270794e-01
2.665208333333333144e+02,3.129007480214229808e-01
2.665416666666666288e+02,-3.156542936539367683e-01
2.665625000000000000e+02,-1.540847231751135138e-01
2.665833333333333144e+02,1.986494570219499156e-01
2.666041666666666288e+02,-1.226245704980269136e-01
2.666250000000000000e+02,-4.130195166461051448e-01
2.666458333333333144e+02,-2.749793283645454722e-02
2.666666666666666288e+02,1.440041397134517176e-01
2.666875000000000000e+02,-3.020518762087612830e-01
2.667083333333333144e+02,-1.402957708644938239e-01
2.667291666666666288e+02,4.566593990195285113e-01
2.667500000000000000e+02,3.131134614797560500e-01
2.667708333333333144e+02,-3.027350349747490177e-01
2.667916666666666288e+02,-1.393332340076061382e-01
2.668125000000000000e+02,3.860624684581472899e-01
2.668333333333333144e+02,1.933743272146543069e-01
2.668541666666666288e+02,-4.223718468180793773e-01
2.668750000000000000e+02,-2.652282278456230546e-01
2.668958333333333144e+02,4.213501147487602738e-01
2.669166666666666288e+02,3.329621417992488785e-01
2.669375000000000000e+02,-2.810368440421243119e-01
2.669583333333333144e+02,-9.986300035092043892e-02
2.669791666666666288e+02,2.637367654925705240e-01
2.670000000000000000e+02,-7.060801062498536784e-02
2.670208333333333144e+02,-3.768693923567056903e-01
2.670416666666666288e+02,2.067040627155741772e-02
2.670625000000000000e+02,1.613453826637114563e-01
2.670833333333333144e+02,-3.029423362912260220e-01
2.671041666666666288e+02,-1.340345078414370561e-01
2.671250000000000000e+02,5.268481640857765047e-01
2.671458333333333144e+02,4.089498547696358566e-01
2.671666666666666288e+02,-2.267635905774693650e-01
2.671875000000000000e+02,-9.408364282435666137e-02
2.672083333333333144e+02,2.384533123807624777e-01
2.672291666666666288e+02,-8.680636806041495956e-02
2.672500000000000000e+02,-3.756263411242542483e-01
2.672708333333333144e+02,-1.316339333415628143e-03
2.672916666666666288e+02,1.611175146856183293e-01
2.673125000000000000e+02,-2.906878530653069781e-01
2.673333333333333144e+02,-1.802333868361583602e-01
2.673541666666666288e+02,4.785010706038151929e-01
2.673750000000000000e+02,3.431459581131428571e-01
2.673958333333333144e+02,-2.965089219022204459e-01
2.674166666666666288e+02,-1.707108832974637003e-01
2.674375000000000000e+02,4.822249558526837121e-01
2.674583333333333144e+02,3.344953816652891376e-01
2.674791666666666288e+02,-3.080738027846156024e-01
2.675000000000000000e+02,-1.782744039237850742e-01
2.675208333333333144e+02,3.153241767927145167e-01
2.675416666666666288e+02,5.865643387314195545e-02
2.675625000000000000e+02,-5.829176919912409938e-01
2.675833333333333144e+02,-4.497107894845836507e-01
2.676041666666666288e+02,2.051374885617254784e-01
2.676250000000000000e+02,5.513219456408761932e-02
2.676458333333333144e+02,-4.217924588953717580e-01
2.676666666666666288e+02,-1.836476460279622136e-01
2.676875000000000000e+02,4.791615653586765999e-01
2.677083333333333144e+02,3.428378363066400536e-01
2.677291666666666288e+02,-3.010035076836804491e-01
2.677500000000000000e+02,-1.829170517653160299e-01
2.677708333333333144e+02,4.820963247964451526e-01
2.677916666666666288e+02,3.623957684539491630e-01
2.678125000000000000e+02,-2.926340619084143446e-01
2.678333333333333144e+02,-1.913909768282608670e-01
2.678541666666666288e+02,4.746164414149490196e-01
2.678750000000000000e+02,3.466896141294953382e-01
2.678958333333333144e+02,-2.978188907608452785e-01
2.679166666666666288e+02,-1.698759018651650465e-01
2.679375000000000000e+02,4.005462288698883322e-01
2.679583333333333144e+02,1.956367081778201122e-01
2.679791666666666288e+02,-4.470590540288686965e-01
2.680000000000000000e+02,-3.172536117335321149e-01
2.680208333333333144e+02,3.442029450735352158e-01
2.680416666666666288e+02,2.080252589614605130e-01
2.680625000000000000e+02,-4.270205878586734727e-01
2.680833333333333144e+02,-2.924709918457658042e-01
2.681041666666666288e+02,3.546549384353304690e-01
2.681250000000000000e+02,1.976981717642280478e-01
2.681458333333333144e+02,-4.472772673928488985e-01
2.681666666666666288e+02,-3.221500502744601979e-01
2.681875000000000000e+02,3.413048899943225689e-01
2.682083333333333144e+02,2.082499134353232029e-01
2.682291666666666288e+02,-4.484571695711225270e-01
2.682500000000000000e+02,-3.404386019394835539e-01
2.682708333333333144e+02,3.243641715855108965e-01
2.682916666666666288e+02,1.925908522821427327e-01
2.683125000000000000e+02,-4.513282621056262656e-01
2.683333333333333144e+02,-3.293691225163735137e-01
2.683541666666666288e+02,3.337947691540114059e-01
2.683750000000000000e+02,1.953184930967134525e-01
2.683958333333333144e+02,-4.473128831060445565e-01
2.684166666666666288e+02,-3.192153630388239183e-01
2.684375000000000000e+02,3.385694790729461556e-01
2.684583333333333144e+02,1.970722132922825276e-01
2.684791666666666288e+02,-2.743269797965216528e-01
2.685000000000000000e+02,-3.353283119048272587e-02
2.685208333333333144e+02,6.281967126582206351e-01
2.685416666666666288e+02,4.855918181362414709e-01
2.685625000000000000e+02,-1.573779793245634884e-01
2.685833333333333144e+02,-2.989424480452594277e-02
2.686041666666666288e+02,5.366624902168951605e-01
2.686250000000000000e+02,3.337636000179899920e-01
2.686458333333333144e+02,-3.087603713723370280e-01
2.686666666666666288e+02,-1.834662978835623348e-01
2.686875000000000000e+02,4.793344542270180364e-01
2.687083333333333144e+02,3.475000437166028688e-01
2.687291666666666288e+02,-2.927657516321768294e-01
2.687500000000000000e+02,-1.709539035498686688e-01
2.687708333333333144e+02,2.056331762480322900e-01
2.687916666666666288e+02,-1.185829906730906380e-01
2.688125000000000000e+02,-5.334762449436527554e-01
2.688333333333333144e+02,-2.627673767852150011e-01
2.688541666666666288e+02,4.020666431844371336e-01
2.688750000000000000e+02,2.742701569823302044e-01
2.688958333333333144e+02,-3.738677593973030455e-01
2.689166666666666288e+02,-2.633622330645321585e-01
2.689375000000000000e+02,2.656837420434057240e-01
2.689583333333333144e+02,5.070865478706093610e-02
2.689791666666666288e+02,-6.054934682482160380e-01
2.690000000000000000e+02,-4.999124682734727432e-01
2.690208333333333144e+02,1.653792344466074593e-01
2.690416666666666288e+02,3.290778842309566299e-02
2.690625000000000000e+02,-5.285312558943322525e-01
2.690833333333333144e+02,-3.472173980467518351e-01
2.691041666666666288e+02,3.109009797820818655e-01
2.691250000000000000e+02,1.708871016666482778e-01
2.691458333333333144e+02,-3.921420129733259041e-01
2.691666666666666288e+02,-2.074970711159408454e-01
2.691875000000000000e+02,4.436234434031173790e-01
2.692083333333333144e+02,2.847336451912134692e-01
2.692291666666666288e+02,-3.420218688121040573e-01
2.692500000000000000e+02,-1.964546901633243969e-01
2.692708333333333144e+02,4.642833530042424495e-01
2.692916666666666288e+02,3.176032982775346403e-01
2.693125000000000000e+02,-2.147385945168581445e-01
2.693333333333333144e+02,-1.268306493433937754e-02
2.693541666666666288e+02,6.493927758040181075e-01
2.693750000000000000e+02,5.101860676799736538e-01
2.693958333333333144e+02,-1.338519420675357841e-01
2.694166666666666288e+02,-1.289991059710678123e-02
2.694375000000000000e+02,6.508217958225015476e-01
2.694583333333333144e+02,5.202027092560292942e-01
2.694791666666666288e+02,-1.348342621425797083e-01
2.695000000000000000e+02,-1.819020297520600460e-01
2.695208333333333144e+02,3.422352500087370575e-01
2.695416666666666288e+02,1.861973259490398158e-01
2.695625000000000000e+02,-4.578571686167614008e-01
2.695833333333333144e+02,-3.348958599862742469e-01
2.696041666666666288e+02,3.278561455036388406e-01
2.696250000000000000e+02,1.919489968707585037e-01
2.696458333333333144e+02,-4.478000612227668320e-01
2.696666666666666288e+02,-3.170802370938257120e-01
2.696875000000000000e+02,2.463358073194396314e-01
2.697083333333333144e+02,3.375169707769798411e-02
2.697291666666666288e+02,-6.074231976719934867e-01
2.697500000000000000e+02,-4.705803894068239512e-01
2.697708333333333144e+02,1.810949825661258838e-01
2.697916666666666288e+02,3.445587153850759171e-02
2.698125000000000000e+02,-6.012403741119796141e-01
2.698333333333333144e+02,-4.702722602989867773e-01
2.698541666666666288e+02,1.925069455208254232e-01
2.698750000000000000e+02,5.399614917030443051e-02
2.698958333333333144e+02,-4.900545226877554561e-01
2.699166666666666288e+02,-3.039323948720080715e-01
2.699375000000000000e+02,3.611204000992094265e-01
2.699583333333333144e+02,2.338660272951565977e-01
2.699791666666666288e+02,-4.293558130959904129e-01
2.700000000000000000e+02,-3.287764882040657421e-01
2.700208333333333144e+02,3.212567431707795129e-01
2.700416666666666288e+02,3.179151707695913598e-01
2.700625000000000000e+02,-1.361044610514723918e-01
2.700833333333333144e+02,4.599517005527808955e-02
2.701041666666666288e+02,7.101984812217807530e-01
2.701250000000000000e+02,5.749653403332044554e-01
2.701458333333333144e+02,-6.910711372051044077e-02
2.701666666666666288e+02,5.744939833862730549e-02
2.701875000000000000e+02,5.408386461634607789e-01
2.702083333333333144e+02,2.778440063659489700e-01
2.702291666666666288e+02,-3.647111289862032812e-01
2.702500000000000000e+02,-2.364638383056897053e-01
2.702708333333333144e+02,4.260623510742132525e-01
2.702916666666666288e+02,2.879644223029238503e-01
2.703125000000000000e+02,-3.554944406843247862e-01
2.703333333333333144e+02,-2.337514516356120342e-01
2.703541666666666288e+02,4.300758285483773369e-01
2.703750000000000000e+02,3.059025508094652679e-01
2.703958333333333144e+02,-3.457377086959180224e-01
2.704166666666666288e+02,-2.367998252541370363e-01
2.704375000000000000e+02,4.275126343906586746e-01
2.704583333333333144e+02,2.924308236345776746e-01
2.704791666666666288e+02,-3.507658035090895354e-01
2.705000000000000000e+02,-2.502969706254999926e-01
2.705208333333333144e+02,1.434056338610388837e-01
2.705416666666666288e+02,-1.688145933230666973e-01
2.705625000000000000e+02,-5.730964652384812341e-01
2.705833333333333144e+02,-2.800022052364569136e-01
2.706041666666666288e+02,3.452417418138185590e-01
2.706250000000000000e+02,1.738207259613254729e-01
2.706458333333333144e+02,-4.677205910921741205e-01
2.706666666666666288e+02,-3.344038656190319592e-01
2.706875000000000000e+02,3.268879451243174028e-01
2.707083333333333144e+02,1.809875551285458350e-01
2.707291666666666288e+02,-4.605315496233422512e-01
2.707500000000000000e+02,-3.284016643945087965e-01
2.707708333333333144e+02,3.330902057586605514e-01
2.707916666666666288e+02,1.909077868544531431e-01
2.708125000000000000e+02,-4.493033623564182677e-01
2.708333333333333144e+02,-3.189438748510283750e-01
2.708541666666666288e+02,3.417967605343794624e-01
2.708750000000000000e+02,2.051939231831646504e-01
2.708958333333333144e+02,-4.329090707984271091e-01
2.709166666666666288e+02,-3.060235932237499457e-01
2.709375000000000000e+02,3.568771649558326042e-01
2.709583333333333144e+02,2.182986150530502323e-01
2.709791666666666288e+02,-4.249103084709249245e-01
2.710000000000000000e+02,-3.014024714555656459e-01
2.710208333333333144e+02,3.621870226248985469e-01
2.710416666666666288e+02,2.272096766085899555e-01
2.710625000000000000e+02,-2.772730015367631529e-01
2.710833333333333144e+02,-6.495738693556407650e-02
2.711041666666666288e+02,5.992870759703650130e-01
2.711250000000000000e+02,4.684780141601901371e-01
2.711458333333333144e+02,-1.767358835832917585e-01
2.711666666666666288e+02,-6.230635211553064295e-02
2.711875000000000000e+02,6.028646131660593266e-01
2.712083333333333144e+02,4.788854029153433167e-01
2.712291666666666288e+02,-1.662953947548636846e-01
2.712500000000000000e+02,-5.735272204924843353e-02
2.712708333333333144e+02,4.115416676262425022e-01
2.712916666666666288e+02,1.624295986283060822e-01
2.713125000000000000e+02,-5.010821716353616173e-01
2.713333333333333144e+02,-4.060071162371075015e-01
2.713541666666666288e+02,2.499604485759879813e-01
2.713750000000000000e+02,1.155310219088043766e-01
2.713958333333333144e+02,-5.291404166866531256e-01
2.714166666666666288e+02,-4.107100094920627664e-01
2.714375000000000000e+02,2.534509079959468836e-01
2.714583333333333144e+02,1.240612360054943880e-01
2.714791666666666288e+02,-4.050489187541889691e-01
2.715000000000000000e+02,-2.077582034610959416e-01
2.715208333333333144e+02,4.553013424693901356e-01
2.715416666666666288e+02,3.162910049806532675e-01
2.715625000000000000e+02,-3.267302572136907557e-01
2.715833333333333144e+02,-1.989950303681386201e-01
2.716041666666666288e+02,4.628339746241688646e-01
2.716250000000000000e+02,3.191449127696347476e-01
2.716458333333333144e+02,-3.230344362447040707e-01
2.716666666666666288e+02,-1.909353405118581204e-01
2.716875000000000000e+02,4.699196554473790144e-01
2.717083333333333144e+02,3.220057240504612950e-01
2.717291666666666288e+02,-3.194773886929608842e-01
2.717500000000000000e+02,-1.833997204465751263e-01
2.717708333333333144e+02,4.190749305247506440e-01
2.717916666666666288e+02,2.297408074660264865e-01
2.718125000000000000e+02,-4.106123131323142772e-01
2.718333333333333144e+02,-2.710233290154832608e-01
2.718541666666666288e+02,3.880747698049918371e-01
2.718750000000000000e+02,2.456801942829491825e-01
2.718958333333333144e+02,-3.864499524246470807e-01
2.719166666666666288e+02,-2.430935690149762796e-01
2.719375000000000000e+02,1.753961491462253108e-01
2.719583333333333144e+02,-1.381496960951527075e-01
2.719791666666666288e+02,-5.687873965879166605e-01
2.720000000000000000e+02,-2.950049110287260579e-01
2.720208333333333144e+02,3.721553941859319647e-01
2.720416666666666288e+02,2.395714050683381280e-01
2.720625000000000000e+02,-4.196550081054428727e-01
2.720833333333333144e+02,-3.151351966929514803e-01
2.721041666666666288e+02,3.501740108514115879e-01
2.721250000000000000e+02,2.207670724032250176e-01
2.721458333333333144e+02,-4.236702037040643853e-01
2.721666666666666288e+02,-3.044644902246601004e-01
2.721875000000000000e+02,3.580063171142577882e-01
2.722083333333333144e+02,2.331620403811093256e-01
2.722291666666666288e+02,-4.029208819041500966e-01
2.722500000000000000e+02,-2.732377212989754445e-01
2.722708333333333144e+02,3.884197927781138371e-01
2.722916666666666288e+02,2.460358828199426529e-01
2.723125000000000000e+02,-3.974157483311555050e-01
2.723333333333333144e+02,-2.748259613466909612e-01
2.723541666666666288e+02,3.890514048165297778e-01
2.723750000000000000e+02,2.559932776366036222e-01
2.723958333333333144e+02,-3.883308129322562419e-01
2.724166666666666288e+02,-2.713148830626270769e-01
2.724375000000000000e+02,3.937684087288352286e-01
2.724583333333333144e+02,2.714172934406127169e-01
2.724791666666666288e+02,-3.755427851983967891e-01
2.725000000000000000e+02,-2.670178957877170633e-01
2.725208333333333144e+02,3.990434692059281474e-01
2.725416666666666288e+02,2.736144452201648147e-01
2.725625000000000000e+02,-2.177256089574360898e-01
2.725833333333333144e+02,-2.239170867107592722e-03
2.726041666666666288e+02,6.629084278068995140e-01
2.726250000000000000e+02,5.359654937235938110e-01
2.726458333333333144e+02,-1.212250165838826554e-01
2.726666666666666288e+02,-1.324039691340003766e-02
2.726875000000000000e+02,5.181114933665287303e-01
2.727083333333333144e+02,2.917607284570239434e-01
2.727291666666666288e+02,-3.510642123081892940e-01
2.727500000000000000e+02,-2.171772805754543789e-01
2.727708333333333144e+02,4.275316482736269963e-01
2.727916666666666288e+02,2.639424528658089741e-01
2.728125000000000000e+02,-3.771655224242004278e-01
2.728333333333333144e+02,-2.404190854451201398e-01
2.728541666666666288e+02,3.066620055174313908e-01
2.728750000000000000e+02,8.542473260607791330e-02
2.728958333333333144e+02,-5.625011290703846312e-01
2.729166666666666288e+02,-4.369829253393821000e-01
2.729375000000000000e+02,2.253251948378043323e-01
2.729583333333333144e+02,9.374083296218324590e-02
2.729791666666666288e+02,-5.417454288404006668e-01
2.730000000000000000e+02,-4.130372758033303282e-01
2.730208333333333144e+02,2.495329691729439858e-01
2.730416666666666288e+02,1.074265442656323899e-01
2.730625000000000000e+02,-5.348211912313256544e-01
2.730833333333333144e+02,-4.010055310637130055e-01
2.731041666666666288e+02,2.638199308721964620e-01
2.731250000000000000e+02,1.199670978217202144e-01
2.731458333333333144e+02,-5.194681233470076487e-01
2.731666666666666288e+02,-3.868219366104012069e-01
2.731875000000000000e+02,2.746871254215798586e-01
2.732083333333333144e+02,1.463613498140398095e-01
2.732291666666666288e+02,-1.460846352508141099e-01
2.732500000000000000e+02,2.099160942690221909e-01
2.732708333333333144e+02,3.799190978283293330e-01
2.732916666666666288e+02,-8.934143654023785075e-02
2.733125000000000000e+02,5.350285032492610449e-02
2.733333333333333144e+02,6.220866797055151221e-01
2.733541666666666288e+02,4.465264771862934579e-01
2.733750000000000000e+02,-2.115732061945180820e-01
2.733958333333333144e+02,-7.397485427956171367e-02
2.734166666666666288e+02,5.569359148294147355e-01
2.734375000000000000e+02,4.338002951012976949e-01
2.734583333333333144e+02,-1.937291087310343829e-01
2.734791666666666288e+02,-1.346729250988549231e-01
2.735000000000000000e+02,2.089473433097285282e-01
2.735208333333333144e+02,-6.193380928813430053e-02
2.735416666666666288e+02,-4.855270009723497981e-01
2.735625000000000000e+02,-1.970079580687799925e-01
2.735833333333333144e+02,3.822756278058245250e-01
2.736041666666666288e+02,2.242154765295011620e-01
2.736250000000000000e+02,-4.254843981798663854e-01
2.736458333333333144e+02,-3.030525995683353568e-01
2.736666666666666288e+02,3.239611218264045744e-01
2.736875000000000000e+02,2.021605861267085358e-01
2.737083333333333144e+02,-4.574345111701364486e-01
2.737291666666666288e+02,-3.145133904716389539e-01
2.737500000000000000e+02,3.389075452456141724e-01
2.737708333333333144e+02,2.157161000149345753e-01
2.737916666666666288e+02,-4.549256617360781241e-01
2.738125000000000000e+02,-3.111287090546536738e-01
2.738333333333333144e+02,3.481503525997399762e-01
2.738541666666666288e+02,2.241862942742816611e-01
2.738750000000000000e+02,-4.477776894128508989e-01
2.738958333333333144e+02,-3.041729770380168230e-01
2.739166666666666288e+02,3.516960864630616079e-01
2.739375000000000000e+02,2.288476527527235627e-01
2.739583333333333144e+02,-4.350614049910863645e-01
2.739791666666666288e+02,-3.061517104860916327e-01
2.740000000000000000e+02,3.315407904141141060e-01
2.740208333333333144e+02,2.102315454485287893e-01
2.740416666666666288e+02,-4.492759510009724511e-01
2.740625000000000000e+02,-3.080307137103557302e-01
2.740833333333333144e+02,3.368647174778865994e-01
2.741041666666666288e+02,2.161801110772169077e-01
2.741250000000000000e+02,-4.374059242374350731e-01
2.741458333333333144e+02,-3.166084251882466671e-01
2.741666666666666288e+02,3.099650054819010347e-01
2.741875000000000000e+02,1.772292111479722987e-01
2.742083333333333144e+02,-4.662628352334545201e-01
2.742291666666666288e+02,-3.211590550828050117e-01
2.742500000000000000e+02,3.146244274895384496e-01
2.742708333333333144e+02,2.404133372422804227e-01
2.742916666666666288e+02,-1.764874205874834012e-01
2.743125000000000000e+02,1.036591390472662022e-01
2.743333333333333144e+02,6.625337475101329421e-01
2.743541666666666288e+02,4.847955196998185445e-01
2.743750000000000000e+02,-1.711750340169969353e-01
2.743958333333333144e+02,-4.772086774980086737e-02
2.744166666666666288e+02,5.831518394099548530e-01
2.744375000000000000e+02,4.615177528977628674e-01
2.744583333333333144e+02,-2.005169924584667140e-01
2.744791666666666288e+02,-5.872683509870169072e-02
2.745000000000000000e+02,3.065113429868351891e-01
2.745208333333333144e+02,-8.751236944019746833e-03
2.745416666666666288e+02,-5.032245721866257515e-01
2.745625000000000000e+02,-2.426855077640204805e-01
2.745833333333333144e+02,4.162010733478763713e-01
2.746041666666666288e+02,2.922553217594565655e-01
2.746250000000000000e+02,-3.794966355908402367e-01
2.746458333333333144e+02,-2.363931256725633201e-01
2.746666666666666288e+02,3.579875939844012200e-01
2.746875000000000000e+02,1.942652914530708652e-01
2.747083333333333144e+02,-4.696355113559631533e-01
2.747291666666666288e+02,-3.282560774281103044e-01
2.747500000000000000e+02,3.154399103679546013e-01
2.747708333333333144e+02,1.954145978643327952e-01
2.747916666666666288e+02,-4.308049660633975209e-01
2.748125000000000000e+02,-2.782793777279581882e-01
2.748333333333333144e+02,2.279767918035997820e-01
2.748541666666666288e+02,2.208497371613363236e-02
2.748750000000000000e+02,-6.314357048926919624e-01
2.748958333333333144e+02,-4.905080749470083212e-01
2.749166666666666288e+02,1.559789952891760534e-01
2.749375000000000000e+02,3.684623714308080111e-02
2.749583333333333144e+02,-4.989611162678996847e-01
2.749791666666666288e+02,-2.765988726093077110e-01
2.750000000000000000e+02,3.667277716414001354e-01
2.750208333333333144e+02,2.463848495745464828e-01
2.750416666666666288e+02,-4.067217095066029131e-01
2.750625000000000000e+02,-2.908196430232276031e-01
2.750833333333333144e+02,3.325830723496339125e-01
2.751041666666666288e+02,1.944344528270859906e-01
2.751250000000000000e+02,-1.216822214197058050e-01
2.751458333333333144e+02,2.045304616446834700e-01
2.751666666666666288e+02,4.666147792503209102e-01
2.751875000000000000e+02,6.534690714663621280e-02
2.752083333333333144e+02,5.838378909791436255e-02
2.752291666666666288e+02,5.501005013150239709e-01
2.752500000000000000e+02,3.413987054128121423e-01
2.752708333333333144e+02,-3.525368199727906271e-01
2.752916666666666288e+02,-2.719219363697343850e-01
2.753125000000000000e+02,3.458789251449931879e-01
2.753333333333333144e+02,1.973856298777421636e-01
2.753541666666666288e+02,-3.598529803012697759e-01
2.753750000000000000e+02,-1.949779348250921251e-01
2.753958333333333144e+02,4.208953151612202515e-01
2.754166666666666288e+02,2.522527187948632177e-01
2.754375000000000000e+02,-4.399739436676552429e-01
2.754583333333333144e+02,-3.487783330970196105e-01
2.754791666666666288e+02,2.657324262503729662e-01
2.755000000000000000e+02,2.117048100046114989e-01
2.755208333333333144e+02,-2.101064954158342046e-01
2.755416666666666288e+02,3.004891569101962590e-02
2.755625000000000000e+02,5.669392082586168780e-01
2.755833333333333144e+02,3.466046232015898010e-01
2.756041666666666288e+02,-3.329310574472102990e-01
2.756250000000000000e+02,-2.195576979248438643e-01
2.756458333333333144e+02,4.051005493255459000e-01
2.756666666666666288e+02,2.506055552178830803e-01
2.756875000000000000e+02,-4.275955487803995148e-01
2.757083333333333144e+02,-3.053612334014246255e-01
2.757291666666666288e+02,3.281610863619717211e-01
2.757500000000000000e+02,2.061960252518592329e-01
2.757708333333333144e+02,-4.570440733926884880e-01
2.757916666666666288e+02,-3.247590185306111765e-01
2.758125000000000000e+02,3.151297625838086480e-01
2.758333333333333144e+02,1.900372442059670153e-01
2.758541666666666288e+02,-4.725822817655720987e-01
2.758750000000000000e+02,-3.319564034891778204e-01
2.758958333333333144e+02,3.107408981602556297e-01
2.759166666666666288e+02,1.819985210327542402e-01
2.759375000000000000e+02,-4.756995318640471204e-01
2.759583333333333144e+02,-3.297939103656614135e-01
2.759791666666666288e+02,3.127775537804634576e-01
2.760000000000000000e+02,1.848079161417102156e-01
2.760208333333333144e+02,-4.774660048430564019e-01
2.760416666666666288e+02,-3.379266090701423808e-01
2.760625000000000000e+02,3.053153295300731762e-01
2.760833333333333144e+02,1.812051396006321147e-01
2.761041666666666288e+02,-4.819024944796820309e-01
2.761250000000000000e+02,-3.466313343522851587e-01
2.761458333333333144e+02,2.972990809542673807e-01
2.761666666666666288e+02,1.773758830277840093e-01
2.761875000000000000e+02,-2.807851600904098799e-01
2.762083333333333144e+02,-2.065677254980036182e-02
2.762291666666666288e+02,6.194327624066751081e-01
2.762500000000000000e+02,5.053977271742896571e-01
2.762708333333333144e+02,-1.607447090503255349e-01
2.762916666666666288e+02,-3.703855258934621308e-02
2.763125000000000000e+02,5.058542117063571375e-01
2.763333333333333144e+02,3.209097965884424308e-01
2.763541666666666288e+02,-3.490772241468705905e-01
2.763750000000000000e+02,-2.215083135451036411e-01
2.763958333333333144e+02,4.234007112205692702e-01
2.764166666666666288e+02,3.050060994670393266e-01
2.764375000000000000e+02,-3.587749902878313857e-01
2.764583333333333144e+02,-2.227463078709915056e-01
2.764791666666666288e+02,3.893669603493179476e-01
2.765000000000000000e+02,2.424687001266632724e-01
2.765208333333333144e+02,-4.193145680715651968e-01
2.765416666666666288e+02,-2.883170806230341277e-01
2.765625000000000000e+02,3.190183697319572964e-01
2.765833333333333144e+02,1.655729224345201811e-01
2.766041666666666288e+02,-4.957444120767947049e-01
2.766250000000000000e+02,-3.435975714255670166e-01
2.766458333333333144e+02,2.972672174198716100e-01
2.766666666666666288e+02,1.574894726033430614e-01
2.766875000000000000e+02,-4.895355268155669459e-01
2.767083333333333144e+02,-3.275984238631022283e-01
2.767291666666666288e+02,3.136913658487558432e-01
2.767500000000000000e+02,1.809735647633802236e-01
2.767708333333333144e+02,-4.811311930535333570e-01
2.767916666666666288e+02,-3.430654549528180386e-01
2.768125000000000000e+02,3.140153458175327650e-01
2.768333333333333144e+02,2.032505072056335904e-01
2.768541666666666288e+02,-4.603629245077344723e-01
2.768750000000000000e+02,-3.267384198472151891e-01
2.768958333333333144e+02,3.159292189553251085e-01
2.769166666666666288e+02,1.915673527255472852e-01
2.769375000000000000e+02,-4.708179641427236994e-01
2.769583333333333144e+02,-3.353365576666550996e-01
2.769791666666666288e+02,3.038950169474287644e-01
2.770000000000000000e+02,1.743571594395728064e-01
2.770208333333333144e+02,-3.804098124347033427e-01
2.770416666666666288e+02,-1.660740672620588110e-01
2.770625000000000000e+02,4.768930178673970177e-01
2.770833333333333144e+02,3.531857040027646111e-01
2.771041666666666288e+02,-3.109876809034139988e-01
2.771250000000000000e+02,-1.820569672316115772e-01
2.771458333333333144e+02,4.799943309914335154e-01
2.771666666666666288e+02,3.783772514609180515e-01
2.771875000000000000e+02,-2.807465754126952096e-01
2.772083333333333144e+02,-1.465703833767728892e-01
2.772291666666666288e+02,4.976961552850865944e-01
2.772500000000000000e+02,3.782014857706573752e-01
2.772708333333333144e+02,-2.858755839210690430e-01
2.772916666666666288e+02,-1.585231243939121404e-01
2.773125000000000000e+02,4.808254344353057319e-01
2.773333333333333144e+02,3.588163070396742094e-01
2.773541666666666288e+02,-3.049922158664680749e-01
2.773750000000000000e+02,-1.683141487525121605e-01
2.773958333333333144e+02,4.748254682281216055e-01
2.774166666666666288e+02,3.494430764241843734e-01
2.774375000000000000e+02,-3.134277500710855868e-01
2.774583333333333144e+02,-1.733384109383581395e-01
2.774791666666666288e+02,4.690926713221620359e-01
2.775000000000000000e+02,3.407680751792044882e-01
2.775208333333333144e+02,-3.213094096585775716e-01
2.775416666666666288e+02,-1.782754265921622783e-01
2.775625000000000000e+02,4.345372836532761518e-01
2.775833333333333144e+02,2.844696253231635552e-01
2.776041666666666288e+02,-3.768821217877593166e-01
2.776250000000000000e+02,-2.314324646931184559e-01
2.776458333333333144e+02,1.887131444622769938e-01
2.776666666666666288e+02,-9.089302960899808825e-02
2.776875000000000000e+02,-7.057704428807747288e-01
2.777083333333333144e+02,-5.288055855486606394e-01
2.777291666666666288e+02,1.135986067145237366e-01
2.777500000000000000e+02,-1.678070187213477268e-02
2.777708333333333144e+02,-5.234584278046694461e-01
2.777916666666666288e+02,-2.830927895868304844e-01
2.778125000000000000e+02,3.565026072302089899e-01
2.778333333333333144e+02,2.304226259635541729e-01
2.778541666666666288e+02,-4.325025335670139581e-01
2.778750000000000000e+02,-2.954698733666832333e-01
2.778958333333333144e+02,3.482208014082317504e-01
2.779166666666666288e+02,2.266304880127939791e-01
2.779375000000000000e+02,-4.371361886660906082e-01
2.779583333333333144e+02,-3.061725979891155580e-01
2.779791666666666288e+02,3.375060290025078680e-01
2.780000000000000000e+02,2.209018634116968471e-01
2.780208333333333144e+02,-2.971526505854801270e-01
2.780416666666666288e+02,-7.552203348867442267e-02
2.780625000000000000e+02,5.680170727614988202e-01
2.780833333333333144e+02,4.571020694865344236e-01
2.781041666666666288e+02,-2.095543052336499845e-01
2.781250000000000000e+02,-8.936947108705388387e-02
2.781458333333333144e+02,5.738872497949880636e-01
2.781666666666666288e+02,4.763858414202390423e-01
2.781875000000000000e+02,-1.787560315144350320e-01
2.782083333333333144e+02,-4.248322087046019213e-02
2.782291666666666288e+02,3.638354614698276479e-01
2.782500000000000000e+02,8.708732929854384741e-02
2.782708333333333144e+02,-5.770403651725362071e-01
2.782916666666666288e+02,-4.463250780686683350e-01
2.783125000000000000e+02,1.983094117597528072e-01
2.783333333333333144e+02,7.943139382760425193e-02
2.783541666666666288e+02,-3.820745528740832619e-01
2.783750000000000000e+02,-1.120641964426430937e-01
2.783958333333333144e+02,5.324133323095074921e-01
2.784166666666666288e+02,4.089478599983945029e-01
2.784375000000000000e+02,-2.539927668670328709e-01
2.784583333333333144e+02,-1.189359748120891319e-01
2.784791666666666288e+02,3.264142196990537093e-01
2.785000000000000000e+02,6.921415793400320648e-02
2.785208333333333144e+02,-5.926016362652731795e-01
2.785416666666666288e+02,-4.489830970396937460e-01
2.785625000000000000e+02,1.935525015829078765e-01
2.785833333333333144e+02,6.248472657904460825e-02
2.786041666666666288e+02,-4.212993240071566392e-01
2.786250000000000000e+02,-1.568707048454905661e-01
2.786458333333333144e+02,4.847772403992149926e-01
2.786666666666666288e+02,3.508312840470657057e-01
2.786875000000000000e+02,-3.100478455838807657e-01
2.787083333333333144e+02,-1.619766058015940924e-01
2.787291666666666288e+02,4.791692017600024389e-01
2.787500000000000000e+02,3.436914000385557499e-01
2.787708333333333144e+02,-3.167428981976680991e-01
2.787916666666666288e+02,-1.764907374365012327e-01
2.788125000000000000e+02,3.980415063936147413e-01
2.788333333333333144e+02,2.219915101115118028e-01
2.788541666666666288e+02,-4.384238720135244516e-01
2.788750000000000000e+02,-2.881448022803710929e-01
2.788958333333333144e+02,3.528764591305283416e-01
2.789166666666666288e+02,2.158350352106442327e-01
2.789375000000000000e+02,-4.437729578473699199e-01
2.789583333333333144e+02,-2.922780680732818270e-01
2.789791666666666288e+02,3.486031371171871562e-01
2.790000000000000000e+02,2.111827977575364834e-01
2.790208333333333144e+02,-4.370247605049100148e-01
2.790416666666666288e+02,-2.806741869888301766e-01
2.790625000000000000e+02,3.617249198514954633e-01
2.790833333333333144e+02,2.365926419639666212e-01
2.791041666666666288e+02,-4.276194840072850001e-01
2.791250000000000000e+02,-3.030217648828728016e-01
2.791458333333333144e+02,3.588233588326519286e-01
2.791666666666666288e+02,2.609494951037105159e-01
2.791875000000000000e+02,-3.888121828738841934e-01
2.792083333333333144e+02,-2.528192434532055555e-01
2.792291666666666288e+02,4.064345383018169167e-01
2.792500000000000000e+02,3.054548516131551095e-01
2.792708333333333144e+02,-3.601626196878368602e-01
2.792916666666666288e+02,-2.339293408564789845e-01
2.793125000000000000e+02,4.101927232216671104e-01
2.793333333333333144e+02,2.915987652646794270e-01
2.793541666666666288e+02,-3.718914456945909830e-01
2.793750000000000000e+02,-2.423550164194153145e-01
2.793958333333333144e+02,3.957659015940147018e-01
2.794166666666666288e+02,2.682972247005215305e-01
2.794375000000000000e+02,-3.791140177295639901e-01
2.794583333333333144e+02,-2.267869586054263586e-01
2.794791666666666288e+02,3.616298994015045842e-01
2.795000000000000000e+02,2.016910206470762246e-01
2.795208333333333144e+02,-4.617998164574074749e-01
2.795416666666666288e+02,-3.277506877582617717e-01
2.795625000000000000e+02,3.166929286369583596e-01
2.795833333333333144e+02,1.987083872072821222e-01
2.796041666666666288e+02,-4.657267795146105005e-01
2.796250000000000000e+02,-3.370484870680944267e-01
2.796458333333333144e+02,3.141954684552844546e-01
2.796666666666666288e+02,2.042330301638089485e-01
2.796875000000000000e+02,-4.605102244291977009e-01
2.797083333333333144e+02,-3.313355377667771551e-01
2.797291666666666288e+02,3.134150803349402548e-01
2.797500000000000000e+02,1.954197549786609589e-01
2.797708333333333144e+02,-4.083762496473120063e-01
2.797916666666666288e+02,-2.351415038501614152e-01
2.798125000000000000e+02,4.087881142317659755e-01
2.798333333333333144e+02,2.868306331775739570e-01
2.798541666666666288e+02,-3.222178284953578498e-01
2.798750000000000000e+02,-1.526043977460709855e-01
2.798958333333333144e+02,4.886083324865354571e-01
2.799166666666666288e+02,3.637145749456227595e-01
2.799375000000000000e+02,-2.991991946490468735e-01
2.799583333333333144e+02,-1.616013289818085397e-01
2.799791666666666288e+02,4.800683367381248234e-01
2.800000000000000000e+02,3.525571899100837792e-01
2.800208333333333144e+02,-3.057262851731507025e-01
2.800416666666666288e+02,-1.652817000968928307e-01
2.800625000000000000e+02,4.742531932542281004e-01
2.800833333333333144e+02,3.445470560482577493e-01
2.801041666666666288e+02,-3.173980413891471231e-01
2.801250000000000000e+02,-1.732130335500502993e-01
2.801458333333333144e+02,4.685626145782484930e-01
2.801666666666666288e+02,3.364207000291080663e-01
2.801875000000000000e+02,-3.248336825534298145e-01
2.802083333333333144e+02,-1.782552320114701716e-01
2.802291666666666288e+02,4.629617887354659511e-01
2.802500000000000000e+02,3.288117908248502363e-01
2.802708333333333144e+02,-3.318812327583966493e-01
2.802916666666666288e+02,-1.921618891047879862e-01
2.803125000000000000e+02,4.429648452361278910e-01
2.803333333333333144e+02,3.076887496567639046e-01
2.803541666666666288e+02,-3.529429242481822993e-01
2.803750000000000000e+02,-2.029937445085274739e-01
2.803958333333333144e+02,4.375801251155280736e-01
2.804166666666666288e+02,3.002377993233814046e-01
2.804375000000000000e+02,-3.463485537993314378e-01
2.804583333333333144e+02,-1.883226890002193676e-01
2.804791666666666288e+02,7.926569501360419823e-02
2.805000000000000000e+02,-2.985264929749962270e-01
2.805208333333333144e+02,-3.627894648510143760e-01
2.805416666666666288e+02,1.705027981890709088e-01
2.805625000000000000e+02,3.877616538214143094e-02
2.805833333333333144e+02,-5.916401129347901300e-01
2.806041666666666288e+02,-4.724195348062673605e-01
2.806250000000000000e+02,1.721674966564220588e-01
2.806458333333333144e+02,5.474705514245271215e-02
2.806666666666666288e+02,-5.607708756750702239e-01
2.806875000000000000e+02,-4.351633893670701081e-01
2.807083333333333144e+02,2.173275199897412580e-01
2.807291666666666288e+02,7.844024845322178363e-02
2.807500000000000000e+02,-4.541171547469998737e-01
2.807708333333333144e+02,-2.656466948313616072e-01
2.807916666666666288e+02,3.811665040465137544e-01
2.808125000000000000e+02,2.627989924169946701e-01
2.808333333333333144e+02,-3.587294170766325840e-01
2.808541666666666288e+02,-2.260869050447287809e-01
2.808750000000000000e+02,4.373209350895928549e-01
2.808958333333333144e+02,2.965307274651070024e-01
2.809166666666666288e+02,-3.072100820573036573e-01
2.809375000000000000e+02,-1.603479407596500872e-01
2.809583333333333144e+02,4.816035858606791398e-01
2.809791666666666288e+02,3.332556544891726591e-01
2.810000000000000000e+02,-2.349413544272010157e-01
2.810208333333333144e+02,-6.360879905011918023e-02
2.810416666666666288e+02,5.961738491687459396e-01
2.810625000000000000e+02,4.542610909069749736e-01
2.810833333333333144e+02,-1.942640009570663073e-01
2.811041666666666288e+02,-7.284341399493385327e-02
2.811250000000000000e+02,5.832726815267397225e-01
2.811458333333333144e+02,4.536364041294855820e-01
2.811666666666666288e+02,-1.863136524617599044e-01
2.811875000000000000e+02,-5.245712966671089994e-02
2.812083333333333144e+02,4.770442422750767464e-01
2.812291666666666288e+02,2.346062227783167753e-01
2.812500000000000000e+02,-4.214957676154990063e-01
2.812708333333333144e+02,-2.981893414001514087e-01
2.812916666666666288e+02,3.683455464670912782e-01
2.813125000000000000e+02,2.493667012465802246e-01
2.813333333333333144e+02,-3.876119072477614003e-01
2.813541666666666288e+02,-2.300107536753933091e-01
2.813750000000000000e+02,2.214151095077240838e-01
2.813958333333333144e+02,-3.240717451907609847e-02
2.814166666666666288e+02,-6.493398753273391666e-01
2.814375000000000000e+02,-4.772001295935256460e-01
2.814583333333333144e+02,2.189301819435651997e-01
2.814791666666666288e+02,1.220208199994182729e-01
2.815000000000000000e+02,-4.921907586445332106e-01
2.815208333333333144e+02,-3.218211086519252584e-01
2.815416666666666288e+02,3.541113785832329941e-01
2.815625000000000000e+02,2.497302366307970756e-01
2.815833333333333144e+02,-3.760288768461107489e-01
2.816041666666666288e+02,-2.131225498730291434e-01
2.816250000000000000e+02,3.725551601920239486e-01
2.816458333333333144e+02,2.053082961411649976e-01
2.816666666666666288e+02,-4.061651165289713594e-01
2.816875000000000000e+02,-2.360100934543085949e-01
2.817083333333333144e+02,4.314183937117070378e-01
2.817291666666666288e+02,3.211576845587245099e-01
2.817500000000000000e+02,-2.849678073816055424e-01
2.817708333333333144e+02,-2.122958883835205646e-01
2.817916666666666288e+02,2.202878209403301979e-01
2.818125000000000000e+02,2.082398416634205496e-03
2.818333333333333144e+02,-6.037635571843138482e-01
2.818541666666666288e+02,-4.334741195563093230e-01
2.818750000000000000e+02,2.527797779537273026e-01
2.818958333333333144e+02,1.556419852848720253e-01
2.819166666666666288e+02,-4.545569471193811051e-01
2.819375000000000000e+02,-2.849335511988442815e-01
2.819583333333333144e+02,3.995234497791128048e-01
2.819791666666666288e+02,3.017192658267495164e-01
2.820000000000000000e+02,-3.088691814726213791e-01
2.820208333333333144e+02,-1.390328488594428924e-01
2.820416666666666288e+02,5.574934453703866977e-01
2.820625000000000000e+02,4.644300750420338186e-01
2.820833333333333144e+02,-1.475227362788609498e-01
2.821041666666666288e+02,2.200407616758749685e-02
2.821250000000000000e+02,6.330823933207693210e-01
2.821458333333333144e+02,4.856707007840221912e-01
2.821666666666666288e+02,-1.297869121036708262e-01
2.821875000000000000e+02,-1.484358681524253210e-02
2.822083333333333144e+02,2.963266618703680466e-01
2.822291666666666288e+02,-3.448467511408859210e-02
2.822500000000000000e+02,-3.383997111158443261e-01
2.822708333333333144e+02,4.518898616064623286e-02
2.822916666666666288e+02,1.288396456678691793e-01
2.823125000000000000e+02,-3.813017734321495489e-01
2.823333333333333144e+02,-2.207030702630343177e-01
2.823541666666666288e+02,4.739750302540648441e-01
2.823750000000000000e+02,3.984551196170713627e-01
2.823958333333333144e+02,-2.190169183274764952e-01
2.824166666666666288e+02,-2.985534178536891625e-01
2.824375000000000000e+02,2.369041340253561778e-01
2.824583333333333144e+02,1.353810554185247705e-01
2.824791666666666288e+02,-4.910830456294055790e-01
2.825000000000000000e+02,-3.309957141211019582e-01
2.825208333333333144e+02,3.531730819831153667e-01
2.825416666666666288e+02,2.548301933945773534e-01
2.825625000000000000e+02,-3.607374203156024639e-01
2.825833333333333144e+02,-1.741340602669231019e-01
2.826041666666666288e+02,9.758312598532649373e-02
2.826250000000000000e+02,-3.017944984398228669e-01
2.826458333333333144e+02,-2.064695323212798750e-01
2.826666666666666288e+02,2.106378544512661488e-01
2.826875000000000000e+02,-5.002944636903251113e-02
2.827083333333333144e+02,-5.687942689226543891e-01
2.827291666666666288e+02,-3.244379469125813209e-01
2.827500000000000000e+02,3.731858118107307387e-01
2.827708333333333144e+02,2.708060120126594139e-01
2.827916666666666288e+02,-3.508219183341904079e-01
2.828125000000000000e+02,-1.792490449268486774e-01
2.828333333333333144e+02,5.218369636811466261e-01
2.828541666666666288e+02,4.289483784691319190e-01
2.828750000000000000e+02,-1.801373512970050883e-01
2.828958333333333144e+02,-1.593689339069842281e-01
2.829166666666666288e+02,3.064996197078254658e-01
2.829375000000000000e+02,1.343624174970116103e-01
2.829583333333333144e+02,-4.687102181169016113e-01
2.829791666666666288e+02,-3.000892931838028410e-01
2.830000000000000000e+02,3.879138560151013659e-01
2.830208333333333144e+02,2.967407166407733943e-01
2.830416666666666288e+02,-3.052362175145011403e-01
2.830625000000000000e+02,-1.414960114423536863e-01
2.830833333333333144e+02,4.909063123518710992e-01
2.831041666666666288e+02,3.680909822195403969e-01
2.831250000000000000e+02,-2.526663360592726892e-01
2.831458333333333144e+02,-9.254529492391816436e-02
2.831666666666666288e+02,2.347787252982766470e-01
2.831875000000000000e+02,-1.001784304024217892e-01
2.832083333333333144e+02,-3.389975671907791699e-01
2.832291666666666288e+02,8.148222901450355438e-02
2.832500000000000000e+02,2.131180760914453201e-02
2.832708333333333144e+02,-4.115386106230818353e-01
2.832916666666666288e+02,-1.319570146138353273e-01
2.833125000000000000e+02,5.438510779027944109e-01
2.833333333333333144e+02,4.486202967787316087e-01
2.833541666666666288e+02,-1.672006505107052621e-01
2.833750000000000000e+02,-2.241070954165162443e-01
2.833958333333333144e+02,3.024060019861580240e-01
2.834166666666666288e+02,2.066706994150734888e-01
2.834375000000000000e+02,-4.096501389478647281e-01
2.834583333333333144e+02,-2.420209774885559995e-01
2.834791666666666288e+02,4.509080626239040379e-01
2.835000000000000000e+02,3.677051497350239950e-01
2.835208333333333144e+02,-2.478750776771231623e-01
2.835416666666666288e+02,-3.300856767943781689e-01
2.835625000000000000e+02,1.967991779565111121e-01
2.835833333333333144e+02,1.138315410157743901e-01
2.836041666666666288e+02,-5.013938303217764236e-01
2.836250000000000000e+02,-3.329745479583090528e-01
2.836458333333333144e+02,3.600288376462719153e-01
2.836666666666666288e+02,2.752717495055440056e-01
2.836875000000000000e+02,-3.404733258730674450e-01
2.837083333333333144e+02,-1.717211261304526226e-01
2.837291666666666288e+02,2.222660583805340928e-01
2.837500000000000000e+02,-6.071797022169682367e-02
2.837708333333333144e+02,-5.227733153443981928e-01
2.837916666666666288e+02,-2.596401022221645483e-01
2.838125000000000000e+02,4.286832824225266236e-01
2.838333333333333144e+02,3.421387128637306541e-01
2.838541666666666288e+02,-2.723319408428033217e-01
2.838750000000000000e+02,-9.666644702048662885e-02
2.838958333333333144e+02,3.023789994185267505e-01
2.839166666666666288e+02,1.248278793103233669e-02
2.839375000000000000e+02,-4.602228044782959993e-01
2.839583333333333144e+02,-1.830172019052411503e-01
2.839791666666666288e+02,5.061145515142286833e-01
2.840000000000000000e+02,4.031452596704701019e-01
2.840208333333333144e+02,-2.083205956404650672e-01
2.840416666666666288e+02,-4.269351912876281907e-02
2.840625000000000000e+02,2.270105848508342239e-01
2.840833333333333144e+02,-1.637615320966053778e-01
2.841041666666666288e+02,-1.213027195462281355e-01
2.841250000000000000e+02,3.156846146946185039e-01
2.841458333333333144e+02,9.523822162207080944e-02
2.841666666666666288e+02,-5.281774354561133977e-01
2.841875000000000000e+02,-3.590929007311462473e-01
2.842083333333333144e+02,3.411692170385531298e-01
2.842291666666666288e+02,2.477823945348079093e-01
2.842500000000000000e+02,-3.611074253588335559e-01
2.842708333333333144e+02,-1.925839570548280311e-01
2.842916666666666288e+02,4.662665292430281383e-01
2.843125000000000000e+02,3.594271183533202518e-01
2.843333333333333144e+02,-2.752397677044670088e-01
2.843541666666666288e+02,-1.304205867527820084e-01
2.843750000000000000e+02,5.034631100764155320e-01
2.843958333333333144e+02,3.861814779937966513e-01
2.844166666666666288e+02,-2.608984553138360973e-01
2.844375000000000000e+02,-1.224778612606922529e-01
2.844583333333333144e+02,3.283577426217250128e-01
2.844791666666666288e+02,8.898854940248968060e-02
2.845000000000000000e+02,-5.366670071340926551e-01
2.845208333333333144e+02,-3.876381695858446275e-01
2.845416666666666288e+02,2.463914216641122923e-01
2.845625000000000000e+02,1.267837548701459260e-01
2.845833333333333144e+02,-5.270764138381600628e-01
2.846041666666666288e+02,-3.861773597348602816e-01
2.846250000000000000e+02,2.593172650840257498e-01
2.846458333333333144e+02,1.379592808404220272e-01
2.846666666666666288e+02,-2.979885940567936764e-01
2.846875000000000000e+02,-7.865987140038110947e-03
2.847083333333333144e+02,6.159711196821918699e-01
2.847291666666666288e+02,4.782879367070540511e-01
2.847500000000000000e+02,-1.828082038364847728e-01
2.847708333333333144e+02,-6.264189569829216320e-02
2.847916666666666288e+02,4.053052939170692648e-01
2.848125000000000000e+02,1.487747326514936852e-01
2.848333333333333144e+02,-5.352028712295854307e-01
2.848541666666666288e+02,-4.272233836486373226e-01
2.848750000000000000e+02,2.062135958398566005e-01
2.848958333333333144e+02,3.323761219371204612e-02
2.849166666666666288e+02,-2.820868577962312718e-01
2.849375000000000000e+02,7.495054212270252370e-02
2.849583333333333144e+02,2.982724339810993164e-01
2.849791666666666288e+02,-1.386250818919092520e-01
2.850000000000000000e+02,-4.819490395950738748e-02
2.850208333333333144e+02,4.559435515971516084e-01
2.850416666666666288e+02,2.093347514727609548e-01
2.850625000000000000e+02,-4.829896887506858749e-01
2.850833333333333144e+02,-3.971216866068540408e-01
2.851041666666666288e+02,2.176523677882445662e-01
2.851250000000000000e+02,4.658119573518744450e-02
2.851458333333333144e+02,-2.414503634180844571e-01
2.851666666666666288e+02,1.147453873463391283e-01
2.851875000000000000e+02,2.531816185781003981e-01
2.852083333333333144e+02,-2.326192723251665206e-01
2.852291666666666288e+02,-1.390185523930613509e-01
2.852500000000000000e+02,4.677794516360513910e-01
2.852708333333333144e+02,2.987988330735362741e-01
2.852916666666666288e+02,-3.728598099384259901e-01
2.853125000000000000e+02,-2.718348618551275631e-01
2.853333333333333144e+02,3.332795726554588778e-01
2.853541666666666288e+02,1.640052422087279749e-01
2.853750000000000000e+02,-5.122311578819538358e-01
2.853958333333333144e+02,-4.079209171044743676e-01
2.854166666666666288e+02,2.031299495801671684e-01
2.854375000000000000e+02,2.492788259204600509e-01
2.854583333333333144e+02,-2.615133329962872066e-01
2.854791666666666288e+02,-1.426047531217642106e-01
2.855000000000000000e+02,4.660811982197190506e-01
2.855208333333333144e+02,2.982847264415751098e-01
2.855416666666666288e+02,-3.695548575146618830e-01
2.855625000000000000e+02,-2.640177442356305693e-01
2.855833333333333144e+02,3.715997308969186674e-01
2.856041666666666288e+02,2.162276366864730459e-01
2.856250000000000000e+02,-3.002157944458206940e-01
2.856458333333333144e+02,-7.755186129325145061e-02
2.856666666666666288e+02,5.981707347049441958e-01
2.856875000000000000e+02,4.567885979267296559e-01
2.857083333333333144e+02,-1.943485581115142191e-01
2.857291666666666288e+02,-7.252638784857923238e-02
2.857500000000000000e+02,4.224503652503109885e-01
2.857708333333333144e+02,1.870955856573682796e-01
2.857916666666666288e+02,-4.491761927623980077e-01
2.858125000000000000e+02,-3.120283407025645772e-01
2.858333333333333144e+02,3.633524382966933919e-01
2.858541666666666288e+02,2.372980986129785141e-01
2.858750000000000000e+02,-4.025605774924537195e-01
2.858958333333333144e+02,-2.769103056665670470e-01
2.859166666666666288e+02,3.923466432131107462e-01
2.859375000000000000e+02,2.483782614883097151e-01
2.859583333333333144e+02,-4.074136643291482729e-01
2.859791666666666288e+02,-2.839570023984875902e-01
2.860000000000000000e+02,2.276767806107710679e-01
2.860208333333333144e+02,-1.898039318201696912e-02
2.860416666666666288e+02,-6.696680702438321253e-01
2.860625000000000000e+02,-5.470867509548866803e-01
2.860833333333333144e+02,1.124784087897162665e-01
2.861041666666666288e+02,-6.728816173765916897e-03
2.861250000000000000e+02,-4.743759841979141578e-01
2.861458333333333144e+02,-2.319666411703636411e-01
2.861666666666666288e+02,4.368851290035147827e-01
2.861875000000000000e+02,3.047501242351574602e-01
2.862083333333333144e+02,-3.329969304784855533e-01
2.862291666666666288e+02,-2.121757947932030319e-01
2.862500000000000000e+02,4.430516926561242075e-01
2.862708333333333144e+02,3.062091104991184753e-01
2.862916666666666288e+02,-3.315477200009093739e-01
2.863125000000000000e+02,-2.115682464169875987e-01
2.863333333333333144e+02,4.338208691640660364e-01
2.863541666666666288e+02,3.050574459401144134e-01
2.863750000000000000e+02,-3.242794352946425374e-01
2.863958333333333144e+02,-2.034575863399001039e-01
2.864166666666666288e+02,4.554759278828292013e-01
2.864375000000000000e+02,3.127910623310701244e-01
2.864583333333333144e+02,-3.403098175554992721e-01
2.864791666666666288e+02,-2.171186235807591736e-01
2.865000000000000000e+02,4.532931240743431900e-01
2.865208333333333144e+02,3.095764350327657732e-01
2.865416666666666288e+02,-3.493955777916194494e-01
2.865625000000000000e+02,-2.254491767670843971e-01
2.865833333333333144e+02,4.458048613992617870e-01
2.866041666666666288e+02,3.019749381331490734e-01
2.866250000000000000e+02,-3.535612863299552600e-01
2.866458333333333144e+02,-2.307368953535665623e-01
2.866666666666666288e+02,4.329147810458502388e-01
2.866875000000000000e+02,2.976423657908970899e-01
2.867083333333333144e+02,-3.425859608061559980e-01
2.867291666666666288e+02,-2.221222020823478416e-01
2.867500000000000000e+02,4.298956866842312263e-01
2.867708333333333144e+02,3.104396166893225173e-01
2.867916666666666288e+02,-3.131659116882863358e-01
2.868125000000000000e+02,-1.806640999628418287e-01
2.868333333333333144e+02,3.983706621698195338e-01
2.868541666666666288e+02,2.138375980419239264e-01
2.868750000000000000e+02,-4.181954692550804986e-01
2.868958333333333144e+02,-2.978940597187894057e-01
2.869166666666666288e+02,3.564229677183039513e-01
2.869375000000000000e+02,2.160235441654442812e-01
2.869583333333333144e+02,-4.251242633954570582e-01
2.869791666666666288e+02,-3.047991727706816367e-01
2.870000000000000000e+02,3.476128468779092207e-01
2.870208333333333144e+02,2.324798244462144003e-01
2.870416666666666288e+02,-3.912105542991535234e-01
2.870625000000000000e+02,-2.386188745819406709e-01
2.870833333333333144e+02,1.899434654099487474e-01
2.871041666666666288e+02,-6.932590816152167656e-02
2.871250000000000000e+02,-6.445652739374254647e-01
2.871458333333333144e+02,-4.497659203219009916e-01
2.871666666666666288e+02,2.500185767835070849e-01
2.871875000000000000e+02,1.566423544737781115e-01
2.872083333333333144e+02,-4.593571576768837317e-01
2.872291666666666288e+02,-2.879332486757360532e-01
2.872500000000000000e+02,4.062474772065823858e-01
2.872708333333333144e+02,3.095165214767997552e-01
2.872916666666666288e+02,-3.026550525462198271e-01
2.873125000000000000e+02,-1.409696203273824167e-01
2.873333333333333144e+02,5.372300443850568374e-01
2.873541666666666288e+02,4.385187877442358606e-01
2.873750000000000000e+02,-1.745998459903792543e-01
2.873958333333333144e+02,-3.966551268271167885e-03
2.874166666666666288e+02,3.799556604938010285e-01
2.874375000000000000e+02,7.371101126273635340e-02
2.874583333333333144e+02,-4.185597065096902103e-01
2.874791666666666288e+02,-1.604304879672923401e-01
2.875000000000000000e+02,5.467345683602470308e-01
2.875208333333333144e+02,4.514184863580319451e-01
2.875416666666666288e+02,-1.705544524656782690e-01
2.875625000000000000e+02,-1.418579603850944615e-01
2.875833333333333144e+02,2.836539665772948027e-01
2.876041666666666288e+02,6.816253962048712811e-02
2.876250000000000000e+02,-5.462076426185593636e-01
2.876458333333333144e+02,-3.757078837941435490e-01
2.876666666666666288e+02,3.040815851496189159e-01
2.876875000000000000e+02,2.045547831788114002e-01
2.877083333333333144e+02,-4.004467630533957712e-01
2.877291666666666288e+02,-2.322450798856301457e-01
2.877500000000000000e+02,4.503692122060500846e-01
2.877708333333333144e+02,3.577201975255698274e-01
2.877916666666666288e+02,-2.410986143474175836e-01
2.878125000000000000e+02,-7.881399890530499386e-02
2.878333333333333144e+02,2.250706851557016663e-01
2.878541666666666288e+02,-1.129747023518289789e-01
2.878750000000000000e+02,-2.934939128689085797e-01
2.878958333333333144e+02,1.569716476065944333e-01
2.879166666666666288e+02,3.083107379642061399e-02
2.879375000000000000e+02,-4.909684909909477479e-01
2.879583333333333144e+02,-2.930867710793631509e-01
2.879791666666666288e+02,3.704537551895594194e-01
2.880000000000000000e+02,2.346095585179337195e-01
2.880208333333333144e+02,-4.090428067270121537e-01
2.880416666666666288e+02,-2.873753744604921057e-01
2.880625000000000000e+02,3.763961479752307993e-01
2.880833333333333144e+02,2.426024155353773970e-01
2.881041666666666288e+02,-4.013652651885153411e-01
2.881250000000000000e+02,-2.819469093856486475e-01
2.881458333333333144e+02,3.822963020050104688e-01
2.881666666666666288e+02,2.525342096670141201e-01
2.881875000000000000e+02,-3.909684521764941190e-01
2.882083333333333144e+02,-2.743958263741991255e-01
2.882291666666666288e+02,3.904969929700639053e-01
2.882500000000000000e+02,2.663855113704119981e-01
2.882708333333333144e+02,-2.603726175422079736e-01
2.882916666666666288e+02,-6.985714321987906983e-02
2.883125000000000000e+02,5.953641194254855051e-01
2.883333333333333144e+02,4.682339777902442823e-01
2.883541666666666288e+02,-1.848321755199780758e-01
2.883750000000000000e+02,-7.490562769470032745e-02
2.883958333333333144e+02,5.891741097756394430e-01
2.884166666666666288e+02,4.549210735295805552e-01
2.884375000000000000e+02,-1.890124940570516165e-01
2.884583333333333144e+02,-9.875182864426562679e-02
2.884791666666666288e+02,2.656892074631941325e-01
2.885000000000000000e+02,-6.173257497556483564e-02
2.885208333333333144e+02,-4.833173012686151626e-01
2.885416666666666288e+02,-1.996682221813401714e-01
2.885625000000000000e+02,3.724057703502818839e-01
2.885833333333333144e+02,1.590366525888659566e-01
2.886041666666666288e+02,-4.810409368979727818e-01
2.886250000000000000e+02,-3.310443723808752514e-01
2.886458333333333144e+02,3.221236398002476076e-01
2.886666666666666288e+02,1.723521782106761657e-01
2.886875000000000000e+02,-4.595907740856067236e-01
2.887083333333333144e+02,-3.234578686778765144e-01
2.887291666666666288e+02,3.380074383316175046e-01
2.887500000000000000e+02,1.957652821810751120e-01
2.887708333333333144e+02,-4.478200326813122634e-01
2.887916666666666288e+02,-3.210998413425357190e-01
2.888125000000000000e+02,3.474972726738215778e-01
2.888333333333333144e+02,2.211029912382170837e-01
2.888541666666666288e+02,-4.440928463016227123e-01
2.888750000000000000e+02,-3.453942209782165929e-01
2.888958333333333144e+02,2.957244647268493232e-01
2.889166666666666288e+02,1.508649070098273814e-01
2.889375000000000000e+02,-5.361730445155502567e-01
2.889583333333333144e+02,-4.388224082136403803e-01
2.889791666666666288e+02,1.822151660095061576e-01
2.890000000000000000e+02,1.819553273270391180e-02
2.890208333333333144e+02,-4.845173122711320945e-01
2.890416666666666288e+02,-2.779741253188650063e-01
2.890625000000000000e+02,3.386057413814630990e-01
2.890833333333333144e+02,1.907647751950156123e-01
2.891041666666666288e+02,-3.915847884171458348e-01
2.891250000000000000e+02,-2.350256808741216785e-01
2.891458333333333144e+02,3.832567874110766049e-01
2.891666666666666288e+02,2.086720274860793256e-01
2.891875000000000000e+02,-8.499556019375048566e-02
2.892083333333333144e+02,2.742226653241363055e-01
2.892291666666666288e+02,4.271816016475599165e-01
2.892500000000000000e+02,-6.168653639575905068e-02
2.892708333333333144e+02,3.220780221159266765e-02
2.892916666666666288e+02,6.537018070559903471e-01
2.893125000000000000e+02,4.811014778219016019e-01
2.893333333333333144e+02,-2.249792673183682035e-01
2.893541666666666288e+02,-1.308109187804423201e-01
2.893750000000000000e+02,4.870193071617185399e-01
2.893958333333333144e+02,3.157179800314788842e-01
2.894166666666666288e+02,-3.788969194573459376e-01
2.894375000000000000e+02,-2.844668548289027710e-01
2.894583333333333144e+02,3.222880334753210896e-01
2.894791666666666288e+02,1.633601998183171200e-01
2.895000000000000000e+02,-5.011949689839103605e-01
2.895208333333333144e+02,-4.004190925758965847e-01
2.895416666666666288e+02,2.038617098939932426e-01
2.895625000000000000e+02,1.498851835350049899e-01
2.895833333333333144e+02,-2.707461073573343424e-01
2.896041666666666288e+02,-4.872531506399527257e-02
2.896250000000000000e+02,5.566864212658079181e-01
2.896458333333333144e+02,3.831295296227076874e-01
2.896666666666666288e+02,-3.125147293154665329e-01
2.896875000000000000e+02,-2.205327305076924260e-01
2.897083333333333144e+02,3.881040516221221370e-01
2.897291666666666288e+02,2.190899954963255181e-01
2.897500000000000000e+02,-4.481027174088610399e-01
2.897708333333333144e+02,-3.421959743378442109e-01
2.897916666666666288e+02,2.932508270045514065e-01
2.898125000000000000e+02,1.392119976482042443e-01
2.898333333333333144e+02,-5.063708516654535918e-01
2.898541666666666288e+02,-3.810957821111828903e-01
2.898750000000000000e+02,2.837276938393791248e-01
2.898958333333333144e+02,1.397298765856043734e-01
2.899166666666666288e+02,-5.134430754267839125e-01
2.899375000000000000e+02,-3.903319573773005868e-01
2.899583333333333144e+02,2.759551468251831285e-01
2.899791666666666288e+02,1.340295751770655963e-01
2.900000000000000000e+02,-4.839491082754910911e-01
2.900208333333333144e+02,-3.408516767443162676e-01
2.900416666666666288e+02,3.158123449526299975e-01
2.900625000000000000e+02,1.946423472902415741e-01
2.900833333333333144e+02,-2.980381255386518324e-01
2.901041666666666288e+02,-7.178357227282899933e-02
2.901250000000000000e+02,5.976933084409822294e-01
2.901458333333333144e+02,4.661523306742174078e-01
2.901666666666666288e+02,-1.724953372502078530e-01
2.901875000000000000e+02,-5.162768826296856156e-02
2.902083333333333144e+02,5.534736263843752502e-01
2.902291666666666288e+02,3.771149878310365300e-01
2.902500000000000000e+02,-2.664764686245264524e-01
2.902708333333333144e+02,-1.462088891217919462e-01
2.902916666666666288e+02,4.018136183918188387e-01
2.903125000000000000e+02,2.049697235063560607e-01
2.903333333333333144e+02,-4.273255709656206269e-01
2.903541666666666288e+02,-3.009359317948757107e-01
2.903750000000000000e+02,3.637370073673991677e-01
2.903958333333333144e+02,2.219114914388091442e-01
2.904166666666666288e+02,-4.278777056480420615e-01
2.904375000000000000e+02,-3.055694366305582443e-01
2.904583333333333144e+02,3.574099489145518005e-01
2.904791666666666288e+02,2.178363824858782494e-01
2.905000000000000000e+02,-4.279020703489156974e-01
2.905208333333333144e+02,-3.064846644993384217e-01
2.905416666666666288e+02,3.160208828794372482e-01
2.905625000000000000e+02,1.705534602444659931e-01
2.905833333333333144e+02,-4.615543177602359215e-01
2.906041666666666288e+02,-3.235576616348971313e-01
2.906250000000000000e+02,3.498730943590941389e-01
2.906458333333333144e+02,2.257802485570879480e-01
2.906666666666666288e+02,-4.114527890062795734e-01
2.906875000000000000e+02,-2.806145059792890528e-01
2.907083333333333144e+02,2.790891673134243689e-01
2.907291666666666288e+02,6.128939637447607114e-02
2.907500000000000000e+02,-5.910984695740710837e-01
2.907708333333333144e+02,-4.682507314408818067e-01
2.907916666666666288e+02,1.941805685677976401e-01
2.908125000000000000e+02,6.828921346470784304e-02
2.908333333333333144e+02,-4.794806347156520543e-01
2.908541666666666288e+02,-2.987132853859139625e-01
2.908750000000000000e+02,3.641074179793095111e-01
2.908958333333333144e+02,2.222650316148530036e-01
2.909166666666666288e+02,-3.734660447829181162e-01
2.909375000000000000e+02,-2.134903311956561356e-01
2.909583333333333144e+02,4.512780594811233725e-01
2.909791666666666288e+02,3.092730292225923105e-01
2.910000000000000000e+02,-2.294427747107011806e-01
2.910208333333333144e+02,-3.401398802391542020e-02
2.910416666666666288e+02,6.237222572614058436e-01
2.910625000000000000e+02,4.976818770766926470e-01
2.910833333333333144e+02,-1.345394946724223495e-01
2.911041666666666288e+02,-1.408198085989530168e-02
2.911250000000000000e+02,6.417677236232346427e-01
2.911458333333333144e+02,4.992187666140643909e-01
2.911666666666666288e+02,-1.467576138357671867e-01
2.911875000000000000e+02,-2.594707808229534951e-02
2.912083333333333144e+02,4.746651308986645224e-01
2.912291666666666288e+02,2.293364413016386605e-01
2.912500000000000000e+02,-4.120617498487933461e-01
2.912708333333333144e+02,-2.921772989159658884e-01
2.912916666666666288e+02,3.462461020133497103e-01
2.913125000000000000e+02,2.062766527205919798e-01
2.913333333333333144e+02,-4.271347275654835407e-01
2.913541666666666288e+02,-3.067943907741461640e-01
2.913750000000000000e+02,3.504737947081659755e-01
2.913958333333333144e+02,2.093148637860227645e-01
2.914166666666666288e+02,-4.381873768059479923e-01
2.914375000000000000e+02,-3.161481902377878406e-01
2.914583333333333144e+02,3.466032843600156399e-01
2.914791666666666288e+02,2.048919739395668183e-01
2.915000000000000000e+02,-4.433183420982277356e-01
2.915208333333333144e+02,-3.215608521552313359e-01
2.915416666666666288e+02,2.882233219140866165e-01
2.915625000000000000e+02,1.360097217479341869e-01
2.915833333333333144e+02,-4.946274135827201657e-01
2.916041666666666288e+02,-3.527057953433008208e-01
2.916250000000000000e+02,3.235835412246390597e-01
2.916458333333333144e+02,2.163430928643861051e-01
2.916666666666666288e+02,-4.100471312064314366e-01
2.916875000000000000e+02,-2.386040646128823883e-01
2.917083333333333144e+02,1.772392340017934220e-01
2.917291666666666288e+02,-1.047863757940249302e-01
2.917500000000000000e+02,-5.773266785165964698e-01
2.917708333333333144e+02,-3.196865006092345363e-01
2.917916666666666288e+02,3.540611236467530176e-01
2.918125000000000000e+02,2.525936660615775153e-01
2.918333333333333144e+02,-3.650561655740115485e-01
2.918541666666666288e+02,-1.984273225939609531e-01
2.918750000000000000e+02,4.894791441227974715e-01
2.918958333333333144e+02,3.898590282286165665e-01
2.919166666666666288e+02,-2.227089738057292378e-01
2.919375000000000000e+02,-6.620471716336953638e-02
2.919583333333333144e+02,2.563021728776060382e-01
2.919791666666666288e+02,-7.660165391778636645e-02
2.920000000000000000e+02,-2.577526852574001381e-01
2.920208333333333144e+02,2.002300885252829010e-01
2.920416666666666288e+02,1.180538140752534076e-01
2.920625000000000000e+02,-4.822369074479030404e-01
2.920833333333333144e+02,-3.209449913933681842e-01
2.921041666666666288e+02,3.659221111887065447e-01
2.921250000000000000e+02,2.859730504727430178e-01
2.921458333333333144e+02,-3.300156060087027221e-01
2.921666666666666288e+02,-1.605202312203652948e-01
2.921875000000000000e+02,5.313925244289453564e-01
2.922083333333333144e+02,4.389770063978076786e-01
2.922291666666666288e+02,-1.762316496120066300e-01
2.922500000000000000e+02,2.490574071861498262e-03
2.922708333333333144e+02,5.566218038688339753e-01
2.922916666666666288e+02,3.614085442521388081e-01
2.923125000000000000e+02,-2.554948658070742007e-01
2.923333333333333144e+02,-7.314516474744325869e-02
2.923541666666666288e+02,4.129418227227196758e-01
2.923750000000000000e+02,1.805769093778239465e-01
2.923958333333333144e+02,-4.323764765017270584e-01
2.924166666666666288e+02,-2.531121646827061422e-01
2.924375000000000000e+02,4.376201337390265289e-01
2.924583333333333144e+02,3.448627647120516837e-01
2.924791666666666288e+02,-2.690343748682473834e-01
2.925000000000000000e+02,-2.329000045774362593e-01
2.925208333333333144e+02,1.747114878484291034e-01
2.925416666666666288e+02,-4.112859199600427118e-02
2.925625000000000000e+02,-6.554289917046546288e-01
2.925833333333333144e+02,-4.843993726518826537e-01
2.926041666666666288e+02,2.086475013493526987e-01
2.926250000000000000e+02,1.254242751509120624e-01
2.926458333333333144e+02,-4.900500526147302249e-01
2.926666666666666288e+02,-3.246392846161777479e-01
2.926875000000000000e+02,3.691400002531768920e-01
2.927083333333333144e+02,2.910719415750705474e-01
2.927291666666666288e+02,-3.256737283567637253e-01
2.927500000000000000e+02,-1.772494763671938478e-01
2.927708333333333144e+02,5.095883158188779793e-01
2.927916666666666288e+02,4.297004204583819709e-01
2.928125000000000000e+02,-1.860697207766874306e-01
2.928333333333333144e+02,-1.045937637541699827e-01
2.928541666666666288e+02,2.747389630599054167e-01
2.928750000000000000e+02,6.559722276100049543e-03
2.928958333333333144e+02,-4.683625153031278909e-01
2.929166666666666288e+02,-1.926215609511135463e-01
2.929375000000000000e+02,4.975718810802036707e-01
2.929583333333333144e+02,4.006823446316714055e-01
2.929791666666666288e+02,-2.123672175964395892e-01
2.930000000000000000e+02,-1.614766611438149813e-01
2.930208333333333144e+02,2.324614998029375379e-01
2.930416666666666288e+02,-3.812840867875214035e-03
2.930625000000000000e+02,-5.431943597717512340e-01
2.930833333333333144e+02,-3.129054136143053499e-01
2.931041666666666288e+02,3.774730830715893326e-01
2.931250000000000000e+02,2.812185070553683275e-01
2.931458333333333144e+02,-3.318326034817136727e-01
2.931666666666666288e+02,-1.518262263974233250e-01
2.931875000000000000e+02,4.583097390193149323e-01
2.932083333333333144e+02,3.099335440832132749e-01
2.932291666666666288e+02,-3.034801442250775194e-01
2.932500000000000000e+02,-1.253766081844555902e-01
2.932708333333333144e+02,2.708367236383981691e-01
2.932916666666666288e+02,-1.766206330651567957e-02
2.933125000000000000e+02,-5.198525474184915174e-01
2.933333333333333144e+02,-2.706761185034878281e-01
2.933541666666666288e+02,4.212103842859703517e-01
2.933750000000000000e+02,3.333611214191292693e-01
2.933958333333333144e+02,-2.816328999448726167e-01
2.934166666666666288e+02,-1.121626492794754598e-01
2.934375000000000000e+02,3.139002549483546067e-01
2.934583333333333144e+02,5.402368519128501745e-02
2.934791666666666288e+02,-5.617415319618155323e-01
2.935000000000000000e+02,-3.982628106756546105e-01
2.935208333333333144e+02,2.962514120321185773e-01
2.935416666666666288e+02,2.213128231485029795e-01
2.935625000000000000e+02,-3.960813684967801063e-01
2.935833333333333144e+02,-2.539313131160291226e-01
2.936041666666666288e+02,4.322616204777508520e-01
2.936250000000000000e+02,3.507917138191107842e-01
2.936458333333333144e+02,-2.686220182079828156e-01
2.936666666666666288e+02,-1.008536142543292879e-01
2.936875000000000000e+02,5.910953226996076282e-01
2.937083333333333144e+02,4.994018583240019682e-01
2.937291666666666288e+02,-1.155086293959712296e-01
2.937500000000000000e+02,-1.677514011909219116e-01
2.937708333333333144e+02,3.084859799640137790e-01
2.937916666666666288e+02,1.576715543281307919e-01
2.938125000000000000e+02,-4.620864712937652885e-01
2.938333333333333144e+02,-2.798010926940653897e-01
2.938541666666666288e+02,4.107864716438882624e-01
2.938750000000000000e+02,3.185489806412293845e-01
2.938958333333333144e+02,-2.958031184185674345e-01
2.939166666666666288e+02,-1.320921580653555416e-01
2.939375000000000000e+02,2.026457024898360160e-01
2.939583333333333144e+02,-1.174005626524068924e-01
2.939791666666666288e+02,-4.262958622853083579e-01
2.940000000000000000e+02,-5.326059155473865381e-02
2.940208333333333144e+02,1.474323843066277506e-01
2.940416666666666288e+02,-2.632181478230875005e-01
2.940625000000000000e+02,-9.476334039051168001e-02
2.940833333333333144e+02,2.496675639911718481e-01
2.941041666666666288e+02,-6.915609295585392613e-02
2.941250000000000000e+02,-3.599713918716711536e-01
2.941458333333333144e+02,2.219553123403078532e-02
2.941666666666666288e+02,1.608758333119446604e-01
2.941875000000000000e+02,-3.004022832609949401e-01
2.942083333333333144e+02,-1.805439373398600167e-01
2.942291666666666288e+02,4.832938750447507426e-01
2.942500000000000000e+02,3.535922673622858836e-01
2.942708333333333144e+02,-2.870166011893924285e-01
2.942916666666666288e+02,-1.651593375158797727e-01
2.943125000000000000e+02,4.981809084222250661e-01
2.943333333333333144e+02,3.614265909891161699e-01
2.943541666666666288e+02,-2.820488025608704485e-01
2.943750000000000000e+02,-1.575880184846362719e-01
2.943958333333333144e+02,3.485409460452855712e-01
2.944166666666666288e+02,1.055022443197956294e-01
2.944375000000000000e+02,-5.372590058628999854e-01
2.944583333333333144e+02,-4.107430020524592829e-01
2.944791666666666288e+02,2.511373145961939279e-01
2.945000000000000000e+02,1.109471357443219258e-01
2.945208333333333144e+02,-5.316069347784233567e-01
2.945416666666666288e+02,-4.051620066688933486e-01
2.945625000000000000e+02,2.576574047704544013e-01
2.945833333333333144e+02,1.226405664048174637e-01
2.946041666666666288e+02,-2.066012476204100445e-01
2.946250000000000000e+02,1.249537849328199723e-01
2.946458333333333144e+02,4.353873575693584796e-01
2.946666666666666288e+02,6.415809595487018124e-02
2.946875000000000000e+02,-1.104032378005978809e-01
2.947083333333333144e+02,3.221162629965445556e-01
2.947291666666666288e+02,2.019473239461796465e-01
2.947500000000000000e+02,-4.076751533029968622e-01
2.947708333333333144e+02,-2.454807108319882469e-01
2.947916666666666288e+02,3.837254837800514462e-01
2.948125000000000000e+02,2.657119454117822799e-01
2.948333333333333144e+02,-3.626918116813881987e-01
2.948541666666666288e+02,-2.263336447491323400e-01
2.948750000000000000e+02,3.956353199266607890e-01
2.948958333333333144e+02,2.771847428527978718e-01
2.949166666666666288e+02,-3.694589366966182231e-01
2.949375000000000000e+02,-2.304216606255014566e-01
2.949583333333333144e+02,4.071053236357449201e-01
2.949791666666666288e+02,2.870125033848541785e-01
2.950000000000000000e+02,-3.657472200193873646e-01
2.950208333333333144e+02,-2.348525476359698549e-01
2.950416666666666288e+02,4.001405194951242472e-01
2.950625000000000000e+02,2.791279413901861517e-01
2.950833333333333144e+02,-3.792418240007787711e-01
2.951041666666666288e+02,-2.377378211702496913e-01
2.951250000000000000e+02,4.100124563278458312e-01
2.951458333333333144e+02,2.880828327452072957e-01
2.951666666666666288e+02,-3.719810612487057799e-01
2.951875000000000000e+02,-2.487000887345796052e-01
2.952083333333333144e+02,3.885464262161126836e-01
2.952291666666666288e+02,2.512358730759702286e-01
2.952500000000000000e+02,-3.965345839773831704e-01
2.952708333333333144e+02,-2.380491266612353718e-01
2.952916666666666288e+02,4.144716213811612260e-01
2.953125000000000000e+02,2.908121590593217287e-01
2.953333333333333144e+02,-3.785230275510472753e-01
2.953541666666666288e+02,-2.347191432354050755e-01
2.953750000000000000e+02,4.202810501979481472e-01
2.953958333333333144e+02,2.973435317964163160e-01
2.954166666666666288e+02,-3.613726379535660005e-01
2.954375000000000000e+02,-2.271218376665134764e-01
2.954583333333333144e+02,4.159117309248963057e-01
2.954791666666666288e+02,2.930416101740664914e-01
2.955000000000000000e+02,-3.759211892153284662e-01
2.955208333333333144e+02,-2.326470448424742266e-01
2.955416666666666288e+02,4.262933897496359315e-01
2.955625000000000000e+02,3.021440236734971307e-01
2.955833333333333144e+02,-3.712357347214664260e-01
2.956041666666666288e+02,-2.276218959037411282e-01
2.956250000000000000e+02,4.310750880472436486e-01
2.956458333333333144e+02,3.074238020899696111e-01
2.956666666666666288e+02,-3.609453299948303107e-01
2.956875000000000000e+02,-2.187250538367201402e-01
2.957083333333333144e+02,2.055688326406445443e-01
2.957291666666666288e+02,-6.543585858265033028e-02
2.957500000000000000e+02,-6.877875741672088150e-01
2.957708333333333144e+02,-5.376110875316536530e-01
2.957916666666666288e+02,9.398381809576014656e-02
2.958125000000000000e+02,-2.575843709427247386e-02
2.958333333333333144e+02,-3.848968162655195258e-01
2.958541666666666288e+02,-4.740864533203770215e-02
2.958750000000000000e+02,3.632563472385103021e-01
2.958958333333333144e+02,8.723577503621382512e-02
2.959166666666666288e+02,-4.611302330811375416e-01
2.959375000000000000e+02,-2.477667611937970915e-01
2.959583333333333144e+02,3.949401994645949099e-01
2.959791666666666288e+02,2.745726970672103251e-01
2.960000000000000000e+02,-3.781125682917938491e-01
2.960208333333333144e+02,-2.607393470290155779e-01
2.960416666666666288e+02,3.630881293068831672e-01
2.960625000000000000e+02,2.207237532099396438e-01
2.960833333333333144e+02,-2.986049318245954654e-01
2.961041666666666288e+02,-1.025789750645332288e-01
2.961250000000000000e+02,5.201709846320167197e-01
2.961458333333333144e+02,3.551814140396584718e-01
2.961666666666666288e+02,-3.402266959204698349e-01
2.961875000000000000e+02,-2.468219127057681150e-01
2.962083333333333144e+02,3.609147117872434363e-01
2.962291666666666288e+02,2.026045188660632601e-01
2.962500000000000000e+02,-1.294822278963980999e-01
2.962708333333333144e+02,1.943630721421933938e-01
2.962916666666666288e+02,4.009932639842392899e-01
2.963125000000000000e+02,-3.667055252384023023e-02
2.963333333333333144e+02,4.820493257781834073e-02
2.963541666666666288e+02,4.714652342116690265e-01
2.963750000000000000e+02,1.862175649090397345e-01
2.963958333333333144e+02,-5.031832351210476784e-01
2.964166666666666288e+02,-4.253695122931971384e-01
2.964375000000000000e+02,1.911166775295167486e-01
2.964583333333333144e+02,1.883956608259931276e-01
2.964791666666666288e+02,-3.182352148831562588e-01
2.965000000000000000e+02,-1.861166707804776110e-01
2.965208333333333144e+02,4.306906991781586092e-01
2.965416666666666288e+02,2.703342147487048930e-01
2.965625000000000000e+02,-4.227801092471074607e-01
2.965833333333333144e+02,-3.439253882727822398e-01
2.966041666666666288e+02,2.727174227095224279e-01
2.966250000000000000e+02,1.111745913297117611e-01
2.966458333333333144e+02,-3.352418877640783723e-01
2.966666666666666288e+02,-8.664609987396153234e-02
2.966875000000000000e+02,5.298123550880473598e-01
2.967083333333333144e+02,3.584734695289159001e-01
2.967291666666666288e+02,-3.337203686370670552e-01
2.967500000000000000e+02,-2.439441431953071338e-01
2.967708333333333144e+02,3.700287334489147373e-01
2.967916666666666288e+02,1.925874902356842500e-01
2.968125000000000000e+02,-4.979876032971969901e-01
2.968333333333333144e+02,-4.009966646236673427e-01
2.968541666666666288e+02,2.124438236717608175e-01
2.968750000000000000e+02,2.934195621688652153e-02
2.968958333333333144e+02,-3.614148151287221444e-01
2.969166666666666288e+02,-6.128814677079121032e-02
2.969375000000000000e+02,4.413353233249548424e-01
2.969583333333333144e+02,1.809213402023463202e-01
2.969791666666666288e+02,-5.076075265598758435e-01
2.970000000000000000e+02,-4.027442261740381002e-01
2.970208333333333144e+02,2.085623151421849564e-01
2.970416666666666288e+02,7.945034237477918704e-02
2.970625000000000000e+02,-2.053991782211703754e-01
2.970833333333333144e+02,1.457942199778039793e-01
2.971041666666666288e+02,2.411648545931251442e-01
2.971250000000000000e+02,-2.927626866580945730e-01
2.971458333333333144e+02,-1.973886090539510862e-01
2.971666666666666288e+02,4.249322424057477843e-01
2.971875000000000000e+02,2.530162464784516674e-01
2.972083333333333144e+02,-4.469424262712614060e-01
2.972291666666666288e+02,-3.535704336678924253e-01
2.972500000000000000e+02,2.673679650779723360e-01
2.972708333333333144e+02,2.654143083752630861e-01
2.972916666666666288e+02,-2.337438933068077263e-01
2.973125000000000000e+02,-6.195672766739235282e-02
2.973333333333333144e+02,5.855431880962262969e-01
2.973541666666666288e+02,4.065579422546216626e-01
2.973750000000000000e+02,-3.201940826131227658e-01
2.973958333333333144e+02,-2.147833114513370001e-01
2.974166666666666288e+02,4.334945371842585660e-01
2.974375000000000000e+02,2.580454165250515297e-01
2.974583333333333144e+02,-4.675922154147091891e-01
2.974791666666666288e+02,-3.696056625428716380e-01
2.975000000000000000e+02,2.795645834313717493e-01
2.975208333333333144e+02,1.397765844193707419e-01
2.975416666666666288e+02,-2.277227257814982142e-01
2.975625000000000000e+02,8.833795400885813276e-02
2.975833333333333144e+02,4.106626970506579433e-01
2.976041666666666288e+02,3.188895289412299605e-02
2.976250000000000000e+02,-2.176236204068278668e-01
2.976458333333333144e+02,1.944584400947195757e-01
2.976666666666666288e+02,4.150982356238172577e-02
2.976875000000000000e+02,-3.000260195050112877e-01
2.977083333333333144e+02,2.099046011938750234e-02
2.977291666666666288e+02,3.419443040272092671e-01
2.977500000000000000e+02,-1.715473328412375764e-02
2.977708333333333144e+02,-3.235060954334009753e-01
2.977916666666666288e+02,2.529651130017272764e-02
2.978125000000000000e+02,2.116583136574073376e-01
2.978333333333333144e+02,-2.536064252157951837e-01
2.978541666666666288e+02,-1.605901598988664358e-01
2.978750000000000000e+02,4.561989454957431356e-01
2.978958333333333144e+02,2.854798218562198397e-01
2.979166666666666288e+02,-4.146668227410458263e-01
2.979375000000000000e+02,-3.212574268334109640e-01
2.979583333333333144e+02,2.920558233939227200e-01
2.979791666666666288e+02,1.366598087445301257e-01
2.980000000000000000e+02,-5.498522164916963550e-01
2.980208333333333144e+02,-4.563603049818513169e-01
2.980416666666666288e+02,1.603401672084804885e-01
2.980625000000000000e+02,-1.092803308643847116e-02
2.980833333333333144e+02,-3.355816597301940485e-01
2.981041666666666288e+02,1.178954906356469157e-02
2.981250000000000000e+02,3.159650648480241131e-01
2.981458333333333144e+02,-6.734961167601340171e-02
2.981666666666666288e+02,-1.468604307177296120e-01
2.981875000000000000e+02,3.649153326300388356e-01
2.982083333333333144e+02,1.961121025908752480e-01
2.982291666666666288e+02,-5.031817129248620235e-01
2.982500000000000000e+02,-4.195041469595988115e-01
2.982708333333333144e+02,2.036711687420492412e-01
2.982916666666666288e+02,2.233731529410948879e-01
2.983125000000000000e+02,-2.606485267031791730e-01
2.983333333333333144e+02,-1.207179682644107244e-01
2.983541666666666288e+02,5.018879975134926674e-01
2.983750000000000000e+02,3.435246649607172076e-01
2.983958333333333144e+02,-3.561239308754231003e-01
2.984166666666666288e+02,-2.852264940296147522e-01
2.984375000000000000e+02,3.368874511283241890e-01
2.984583333333333144e+02,1.979057746649147687e-01
2.984791666666666288e+02,-2.020293427308093581e-01
2.985000000000000000e+02,6.516124136342968387e-02
2.985208333333333144e+02,6.141555053470781900e-01
2.985416666666666288e+02,3.993137529274543573e-01
2.985625000000000000e+02,-2.817669499024840207e-01
2.985833333333333144e+02,-2.047362237479550817e-01
2.986041666666666288e+02,4.142565912303053932e-01
2.986250000000000000e+02,3.118646579045227796e-01
2.986458333333333144e+02,-2.728647891410015403e-01
2.986666666666666288e+02,-5.625876861214676450e-02
2.986875000000000000e+02,4.516706004828226484e-01
2.987083333333333144e+02,1.506378577106320948e-01
2.987291666666666288e+02,-4.007520200771029217e-01
2.987500000000000000e+02,-3.932520452517462850e-02
2.987708333333333144e+02,1.799122011287465073e-01
2.987916666666666288e+02,-4.731060730055046681e-01
2.988125000000000000e+02,-2.534251364507386084e-01
2.988333333333333144e+02,7.933844148764301885e-01
2.988541666666666288e+02,6.398698417864348009e-01
2.988750000000000000e+02,-4.174253602931652929e-01
2.988958333333333144e+02,-2.255245462718923899e-01
2.989166666666666288e+02,2.747499636341547147e-01
2.989375000000000000e+02,-3.528012449456874866e-01
2.989583333333333144e+02,-9.566210092740856652e-01
2.989791666666666288e+02,-4.173642257719164528e-01
2.990000000000000000e+02,6.583288404259823867e-01
2.990208333333333144e+02,4.185437104657081520e-01
2.990416666666666288e+02,-6.125269807126714205e-01
2.990625000000000000e+02,-3.848452856025156854e-01
2.990833333333333144e+02,5.159611481672103928e-01
2.991041666666666288e+02,2.243632536510048736e-01
2.991250000000000000e+02,-7.129575061936161973e-01
2.991458333333333144e+02,-5.280253571903548160e-01
2.991666666666666288e+02,3.903934377826882574e-01
2.991875000000000000e+02,2.014950788570154250e-01
2.992083333333333144e+02,-6.378189922394849054e-01
2.992291666666666288e+02,-4.713604767119307093e-01
2.992500000000000000e+02,3.327944714454363351e-01
2.992708333333333144e+02,1.647264114186454687e-01
2.992916666666666288e+02,-5.929275917358016734e-01
2.993125000000000000e+02,-4.528506050220482138e-01
2.993333333333333144e+02,2.921857073507206914e-01
2.993541666666666288e+02,1.603141769073029299e-01
2.993750000000000000e+02,-5.284014198952833308e-01
2.993958333333333144e+02,-3.990121000304133192e-01
2.994166666666666288e+02,3.002986924466133356e-01
2.994375000000000000e+02,2.731765387978768445e-01
2.994583333333333144e+02,-1.153641692171268884e-01
2.994791666666666288e+02,1.430187597983823000e-01
2.995000000000000000e+02,7.289940243016799215e-01
2.995208333333333144e+02,5.317867458006838577e-01
2.995416666666666288e+02,-1.728350296175372725e-01
2.995625000000000000e+02,-7.648550418940211482e-02
2.995833333333333144e+02,5.437462870741246457e-01
2.996041666666666288e+02,3.974717172943398880e-01
2.996250000000000000e+02,-2.934516369530406621e-01
2.996458333333333144e+02,-1.972734795513192974e-01
2.996666666666666288e+02,4.486982084967966466e-01
2.996875000000000000e+02,2.761857326584509775e-01
2.997083333333333144e+02,-3.126776520665202064e-01
2.997291666666666288e+02,-1.160969010967378146e-01
2.997500000000000000e+02,5.360927144983294035e-01
2.997708333333333144e+02,3.559025291205017982e-01
2.997916666666666288e+02,-3.642104995230497355e-01
2.998125000000000000e+02,-2.480501114205038715e-01
2.998333333333333144e+02,4.161743740998714025e-01
2.998541666666666288e+02,2.337987422350669420e-01
2.998750000000000000e+02,-4.712051376584462381e-01
2.998958333333333144e+02,-2.823280346672226715e-01
2.999166666666666288e+02,4.316290800287629348e-01
2.999375000000000000e+02,3.091424451682249219e-01
2.999583333333333144e+02,-3.365899520778115050e-01
2.999791666666666288e+02,-2.302337696454095917e-01
